time_ms,equity,cash,positions,gross,initial_risk,short_initial_risk,short_gross
1609473600000,100000.0,100000.0,0,0.0,0.0,0.0,0.0
1609488000000,100000.0,100000.0,0,0.0,0.0,0.0,0.0
1609502400000,100000.0,100000.0,0,0.0,0.0,0.0,0.0
1609516800000,100000.0,100000.0,0,0.0,0.0,0.0,0.0
1609531200000,100000.0,100000.0,0,0.0,0.0,0.0,0.0
1609545600000,100000.0,100000.0,0,0.0,0.0,0.0,0.0
1609560000000,100000.0,100000.0,0,0.0,0.0,0.0,0.0
1609574400000,100000.0,100000.0,0,0.0,0.0,0.0,0.0
1609588800000,100000.0,100000.0,0,0.0,0.0,0.0,0.0
1609603200000,100000.0,100000.0,0,0.0,0.0,0.0,0.0
1609617600000,100000.0,100000.0,0,0.0,0.0,0.0,0.0
1609632000000,100000.0,100000.0,0,0.0,0.0,0.0,0.0
1609646400000,100000.0,100000.0,0,0.0,0.0,0.0,0.0
1609660800000,100000.0,100000.0,0,0.0,0.0,0.0,0.0
1609675200000,100000.0,100000.0,0,0.0,0.0,0.0,0.0
1609689600000,100000.0,100000.0,0,0.0,0.0,0.0,0.0
1609704000000,100000.0,100000.0,0,0.0,0.0,0.0,0.0
1609718400000,100000.0,100000.0,0,0.0,0.0,0.0,0.0
1609732800000,100000.0,100000.0,0,0.0,0.0,0.0,0.0
1609747200000,100000.0,100000.0,0,0.0,0.0,0.0,0.0
1609761600000,100000.0,100000.0,0,0.0,0.0,0.0,0.0
1609776000000,100000.0,100000.0,0,0.0,0.0,0.0,0.0
1609790400000,100000.0,100000.0,0,0.0,0.0,0.0,0.0
1609804800000,100000.0,100000.0,0,0.0,0.0,0.0,0.0
1609819200000,100000.0,100000.0,0,0.0,0.0,0.0,0.0
1609833600000,100000.0,100000.0,0,0.0,0.0,0.0,0.0
1609848000000,100000.0,100000.0,0,0.0,0.0,0.0,0.0
1609862400000,100000.0,100000.0,0,0.0,0.0,0.0,0.0
1609876800000,100000.0,100000.0,0,0.0,0.0,0.0,0.0
1609891200000,100000.0,100000.0,0,0.0,0.0,0.0,0.0
1609905600000,100000.0,100000.0,0,0.0,0.0,0.0,0.0
1609920000000,100000.0,100000.0,0,0.0,0.0,0.0,0.0
1609934400000,100000.0,100000.0,0,0.0,0.0,0.0,0.0
1609948800000,100000.0,100000.0,0,0.0,0.0,0.0,0.0
1609963200000,100000.0,100000.0,0,0.0,0.0,0.0,0.0
1609977600000,100000.0,100000.0,0,0.0,0.0,0.0,0.0
1609992000000,100000.0,100000.0,0,0.0,0.0,0.0,0.0
1610006400000,100000.0,100000.0,0,0.0,0.0,0.0,0.0
1610020800000,100000.0,100000.0,0,0.0,0.0,0.0,0.0
1610035200000,100000.0,100000.0,0,0.0,0.0,0.0,0.0
1610049600000,100000.0,100000.0,0,0.0,0.0,0.0,0.0
1610064000000,100000.0,100000.0,0,0.0,0.0,0.0,0.0
1610078400000,100000.0,100000.0,0,0.0,0.0,0.0,0.0
1610092800000,100000.0,100000.0,0,0.0,0.0,0.0,0.0
1610107200000,100000.0,100000.0,0,0.0,0.0,0.0,0.0
1610121600000,100000.0,100000.0,0,0.0,0.0,0.0,0.0
1610136000000,100000.0,100000.0,0,0.0,0.0,0.0,0.0
1610150400000,100000.0,100000.0,0,0.0,0.0,0.0,0.0
1610164800000,100000.0,100000.0,0,0.0,0.0,0.0,0.0
1610179200000,100000.0,100000.0,0,0.0,0.0,0.0,0.0
1610193600000,100000.0,100000.0,0,0.0,0.0,0.0,0.0
1610208000000,100000.0,100000.0,0,0.0,0.0,0.0,0.0
1610222400000,100000.0,100000.0,0,0.0,0.0,0.0,0.0
1610236800000,100000.0,100000.0,0,0.0,0.0,0.0,0.0
1610251200000,100000.0,100000.0,0,0.0,0.0,0.0,0.0
1610265600000,100000.0,100000.0,0,0.0,0.0,0.0,0.0
1610280000000,100000.0,100000.0,0,0.0,0.0,0.0,0.0
1610294400000,100000.0,100000.0,0,0.0,0.0,0.0,0.0
1610308800000,100000.0,100000.0,0,0.0,0.0,0.0,0.0
1610323200000,100000.0,100000.0,0,0.0,0.0,0.0,0.0
1610337600000,100000.0,100000.0,0,0.0,0.0,0.0,0.0
1610352000000,100000.0,100000.0,0,0.0,0.0,0.0,0.0
1610366400000,100000.0,100000.0,0,0.0,0.0,0.0,0.0
1610380800000,100000.0,100000.0,0,0.0,0.0,0.0,0.0
1610395200000,100000.0,100000.0,0,0.0,0.0,0.0,0.0
1610409600000,100000.0,100000.0,0,0.0,0.0,0.0,0.0
1610424000000,100000.0,100000.0,0,0.0,0.0,0.0,0.0
1610438400000,100000.0,100000.0,0,0.0,0.0,0.0,0.0
1610452800000,100000.0,100000.0,0,0.0,0.0,0.0,0.0
1610467200000,100000.0,100000.0,0,0.0,0.0,0.0,0.0
1610481600000,100000.0,100000.0,0,0.0,0.0,0.0,0.0
1610496000000,100000.0,100000.0,0,0.0,0.0,0.0,0.0
1610510400000,100000.0,100000.0,0,0.0,0.0,0.0,0.0
1610524800000,100000.0,100000.0,0,0.0,0.0,0.0,0.0
1610539200000,100000.0,100000.0,0,0.0,0.0,0.0,0.0
1610553600000,100000.0,100000.0,0,0.0,0.0,0.0,0.0
1610568000000,100000.0,100000.0,0,0.0,0.0,0.0,0.0
1610582400000,100000.0,100000.0,0,0.0,0.0,0.0,0.0
1610596800000,100000.0,100000.0,0,0.0,0.0,0.0,0.0
1610611200000,100000.0,100000.0,0,0.0,0.0,0.0,0.0
1610625600000,100000.0,100000.0,0,0.0,0.0,0.0,0.0
1610640000000,100000.0,100000.0,0,0.0,0.0,0.0,0.0
1610654400000,100000.0,100000.0,0,0.0,0.0,0.0,0.0
1610668800000,100000.0,100000.0,0,0.0,0.0,0.0,0.0
1610683200000,100000.0,100000.0,0,0.0,0.0,0.0,0.0
1610697600000,100000.0,100000.0,0,0.0,0.0,0.0,0.0
1610712000000,100000.0,100000.0,0,0.0,0.0,0.0,0.0
1610726400000,100000.0,100000.0,0,0.0,0.0,0.0,0.0
1610740800000,99915.52681153547,99991.04291865745,1,17989.67879221978,1000.0,1000.0,17989.67879221978
1610755200000,99575.48199248951,99991.04291865745,1,18329.723611265737,1000.0,1000.0,18329.723611265737
1610769600000,99613.8721556262,99996.73646457818,1,18297.02699404978,1000.0,1000.0,18297.02699404978
1610784000000,99483.08568676238,99996.73646457818,1,18427.81346291361,1000.0,1000.0,18427.81346291361
1610798400000,98998.55368246588,98998.55368246588,0,0.0,0.0,0.0,0.0
1610812800000,98998.55368246588,98998.55368246588,0,0.0,0.0,0.0,0.0
1610827200000,98998.55368246588,98998.55368246588,0,0.0,0.0,0.0,0.0
1610841600000,98998.55368246588,98998.55368246588,0,0.0,0.0,0.0,0.0
1610856000000,98998.55368246588,98998.55368246588,0,0.0,0.0,0.0,0.0
1610870400000,98998.55368246588,98998.55368246588,0,0.0,0.0,0.0,0.0
1610884800000,98998.55368246588,98998.55368246588,0,0.0,0.0,0.0,0.0
1610899200000,98998.55368246588,98998.55368246588,0,0.0,0.0,0.0,0.0
1610913600000,98998.55368246588,98998.55368246588,0,0.0,0.0,0.0,0.0
1610928000000,98998.55368246588,98998.55368246588,0,0.0,0.0,0.0,0.0
1610942400000,98998.55368246588,98998.55368246588,0,0.0,0.0,0.0,0.0
1610956800000,98998.55368246588,98998.55368246588,0,0.0,0.0,0.0,0.0
1610971200000,98998.55368246588,98998.55368246588,0,0.0,0.0,0.0,0.0
1610985600000,98998.55368246588,98998.55368246588,0,0.0,0.0,0.0,0.0
1611000000000,98998.55368246588,98998.55368246588,0,0.0,0.0,0.0,0.0
1611014400000,98998.55368246588,98998.55368246588,0,0.0,0.0,0.0,0.0
1611028800000,98998.55368246588,98998.55368246588,0,0.0,0.0,0.0,0.0
1611043200000,98998.55368246588,98998.55368246588,0,0.0,0.0,0.0,0.0
1611057600000,98998.55368246588,98998.55368246588,0,0.0,0.0,0.0,0.0
1611072000000,98998.55368246588,98998.55368246588,0,0.0,0.0,0.0,0.0
1611086400000,98998.55368246588,98998.55368246588,0,0.0,0.0,0.0,0.0
1611100800000,98998.55368246588,98998.55368246588,0,0.0,0.0,0.0,0.0
1611115200000,98998.55368246588,98998.55368246588,0,0.0,0.0,0.0,0.0
1611129600000,98998.55368246588,98998.55368246588,0,0.0,0.0,0.0,0.0
1611144000000,98998.55368246588,98998.55368246588,0,0.0,0.0,0.0,0.0
1611158400000,98998.55368246588,98998.55368246588,0,0.0,0.0,0.0,0.0
1611172800000,98998.55368246588,98998.55368246588,0,0.0,0.0,0.0,0.0
1611187200000,98998.55368246588,98998.55368246588,0,0.0,0.0,0.0,0.0
1611201600000,98998.55368246588,98998.55368246588,0,0.0,0.0,0.0,0.0
1611216000000,98998.55368246588,98998.55368246588,0,0.0,0.0,0.0,0.0
1611230400000,98998.55368246588,98998.55368246588,0,0.0,0.0,0.0,0.0
1611244800000,98998.55368246588,98998.55368246588,0,0.0,0.0,0.0,0.0
1611259200000,98998.55368246588,98998.55368246588,0,0.0,0.0,0.0,0.0
1611273600000,98998.55368246588,98998.55368246588,0,0.0,0.0,0.0,0.0
1611288000000,98998.55368246588,98998.55368246588,0,0.0,0.0,0.0,0.0
1611302400000,98998.55368246588,98998.55368246588,0,0.0,0.0,0.0,0.0
1611316800000,98998.55368246588,98998.55368246588,0,0.0,0.0,0.0,0.0
1611331200000,98998.55368246588,98998.55368246588,0,0.0,0.0,0.0,0.0
1611345600000,98998.55368246588,98998.55368246588,0,0.0,0.0,0.0,0.0
1611360000000,98998.55368246588,98998.55368246588,0,0.0,0.0,0.0,0.0
1611374400000,98998.55368246588,98998.55368246588,0,0.0,0.0,0.0,0.0
1611388800000,98998.55368246588,98998.55368246588,0,0.0,0.0,0.0,0.0
1611403200000,98998.55368246588,98998.55368246588,0,0.0,0.0,0.0,0.0
1611417600000,98998.55368246588,98998.55368246588,0,0.0,0.0,0.0,0.0
1611432000000,98998.55368246588,98998.55368246588,0,0.0,0.0,0.0,0.0
1611446400000,98998.55368246588,98998.55368246588,0,0.0,0.0,0.0,0.0
1611460800000,98998.55368246588,98998.55368246588,0,0.0,0.0,0.0,0.0
1611475200000,98998.55368246588,98998.55368246588,0,0.0,0.0,0.0,0.0
1611489600000,98998.55368246588,98998.55368246588,0,0.0,0.0,0.0,0.0
1611504000000,98998.55368246588,98998.55368246588,0,0.0,0.0,0.0,0.0
1611518400000,98998.55368246588,98998.55368246588,0,0.0,0.0,0.0,0.0
1611532800000,98998.55368246588,98998.55368246588,0,0.0,0.0,0.0,0.0
1611547200000,98998.55368246588,98998.55368246588,0,0.0,0.0,0.0,0.0
1611561600000,98998.55368246588,98998.55368246588,0,0.0,0.0,0.0,0.0
1611576000000,98998.55368246588,98998.55368246588,0,0.0,0.0,0.0,0.0
1611590400000,98998.55368246588,98998.55368246588,0,0.0,0.0,0.0,0.0
1611604800000,98998.55368246588,98998.55368246588,0,0.0,0.0,0.0,0.0
1611619200000,98998.55368246588,98998.55368246588,0,0.0,0.0,0.0,0.0
1611633600000,98998.55368246588,98998.55368246588,0,0.0,0.0,0.0,0.0
1611648000000,98470.95114798236,98969.34590507213,1,58913.94954457338,1979.9710736493175,1979.9710736493175,58913.94954457338
1611662400000,98607.71644568237,98995.49545071699,1,58803.33379251823,1979.9710736493175,1979.9710736493175,58803.33379251823
1611676800000,99249.28780760225,98995.49545071699,1,58161.76243059836,1979.9710736493175,1979.9710736493175,58161.76243059836
1611691200000,98359.91225549979,99013.16906546678,1,59068.81159745059,1979.9710736493175,1979.9710736493175,59068.81159745059
1611705600000,98005.9418489233,99013.16906546678,1,59422.782004027074,1979.9710736493175,1979.9710736493175,59422.782004027074
1611720000000,98863.45663291203,99030.00413383634,1,58582.10228840792,1979.9710736493175,1979.9710736493175,58582.10228840792
1611734400000,99106.81128743335,99030.00413383634,1,58338.747633886596,1979.9710736493175,1979.9710736493175,58338.747633886596
1611748800000,101645.09868432584,99046.2523838714,1,55816.70848702916,1979.9710736493175,1979.9710736493175,55816.70848702916
1611763200000,102273.3996949267,101007.16127031602,1,27941.53896913112,989.9855368246588,989.9855368246588,27941.53896913112
1611777600000,102198.762822385,101009.95542421294,1,28018.969995569732,989.9855368246588,989.9855368246588,28018.969995569732
1611792000000,102486.3637777284,101009.95542421294,1,27731.369040226335,989.9855368246588,989.9855368246588,27731.369040226335
1611806400000,101892.41809931365,101013.334806896,1,28328.694101324152,989.9855368246588,989.9855368246588,28328.694101324152
1611820800000,101354.77826072746,101354.77826072746,0,0.0,0.0,0.0,0.0
1611835200000,101354.77826072746,101354.77826072746,0,0.0,0.0,0.0,0.0
1611849600000,101354.77826072746,101354.77826072746,0,0.0,0.0,0.0,0.0
1611864000000,101354.77826072746,101354.77826072746,0,0.0,0.0,0.0,0.0
1611878400000,101354.77826072746,101354.77826072746,0,0.0,0.0,0.0,0.0
1611892800000,101354.77826072746,101354.77826072746,0,0.0,0.0,0.0,0.0
1611907200000,101354.77826072746,101354.77826072746,0,0.0,0.0,0.0,0.0
1611921600000,101354.77826072746,101354.77826072746,0,0.0,0.0,0.0,0.0
1611936000000,101354.77826072746,101354.77826072746,0,0.0,0.0,0.0,0.0
1611950400000,101354.77826072746,101354.77826072746,0,0.0,0.0,0.0,0.0
1611964800000,101354.77826072746,101354.77826072746,0,0.0,0.0,0.0,0.0
1611979200000,101354.77826072746,101354.77826072746,0,0.0,0.0,0.0,0.0
1611993600000,101354.77826072746,101354.77826072746,0,0.0,0.0,0.0,0.0
1612008000000,101354.77826072746,101354.77826072746,0,0.0,0.0,0.0,0.0
1612022400000,101354.77826072746,101354.77826072746,0,0.0,0.0,0.0,0.0
1612036800000,101354.77826072746,101354.77826072746,0,0.0,0.0,0.0,0.0
1612051200000,101354.77826072746,101354.77826072746,0,0.0,0.0,0.0,0.0
1612065600000,101354.77826072746,101354.77826072746,0,0.0,0.0,0.0,0.0
1612080000000,101354.77826072746,101354.77826072746,0,0.0,0.0,0.0,0.0
1612094400000,101354.77826072746,101354.77826072746,0,0.0,0.0,0.0,0.0
1612108800000,101354.77826072746,101354.77826072746,0,0.0,0.0,0.0,0.0
1612123200000,101354.77826072746,101354.77826072746,0,0.0,0.0,0.0,0.0
1612137600000,101354.77826072746,101354.77826072746,0,0.0,0.0,0.0,0.0
1612152000000,101354.77826072746,101354.77826072746,0,0.0,0.0,0.0,0.0
1612166400000,101354.77826072746,101354.77826072746,0,0.0,0.0,0.0,0.0
1612180800000,101354.77826072746,101354.77826072746,0,0.0,0.0,0.0,0.0
1612195200000,101354.77826072746,101354.77826072746,0,0.0,0.0,0.0,0.0
1612209600000,101354.77826072746,101354.77826072746,0,0.0,0.0,0.0,0.0
1612224000000,101354.77826072746,101354.77826072746,0,0.0,0.0,0.0,0.0
1612238400000,101354.77826072746,101354.77826072746,0,0.0,0.0,0.0,0.0
1612252800000,101354.77826072746,101354.77826072746,0,0.0,0.0,0.0,0.0
1612267200000,101354.77826072746,101354.77826072746,0,0.0,0.0,0.0,0.0
1612281600000,101354.77826072746,101354.77826072746,0,0.0,0.0,0.0,0.0
1612296000000,103865.73428935104,101335.23709167939,1,41612.83529381268,2027.0955652145492,0.0,0.0
1612310400000,103730.8719263336,101335.23709167939,1,41477.97293079524,2027.0955652145492,0.0,0.0
1612324800000,104381.88393028581,101272.27187965692,1,42191.95014676991,2027.0955652145492,0.0,0.0
1612339200000,104580.75804370097,101272.27187965692,1,42390.82426018508,2027.0955652145492,0.0,0.0
1612353600000,104295.18616477512,101206.36425530106,1,42171.16000561509,2027.0955652145492,0.0,0.0
1612368000000,105937.06020702799,101206.36425530106,1,43813.03404786796,2027.0955652145492,0.0,0.0
1612382400000,106258.52843192237,101108.99413458405,2,91821.36044644882,4144.398088359964,0.0,0.0
1612396800000,108573.33974820409,101108.99413458405,2,94136.17176273055,4144.398088359964,0.0,0.0
1612411200000,107911.67518279325,101028.3008516675,2,93555.20048023625,4144.398088359964,0.0,0.0
1612425600000,108746.07964773635,101028.3008516675,2,94389.60494517935,4144.398088359964,0.0,0.0
1612440000000,106643.47545680264,100930.32791564036,2,92384.97369027277,4144.398088359964,0.0,0.0
1612454400000,104773.74567253944,100930.32791564036,2,90515.2439060096,4144.398088359964,0.0,0.0
1612468800000,107899.1734626612,100838.30743658781,2,93732.6921751839,4144.398088359964,0.0,0.0
1612483200000,105516.44825945461,100838.30743658781,2,91349.96697197731,4144.398088359964,0.0,0.0
1612497600000,107346.5669468487,100761.63734631875,2,93256.75574964046,4144.398088359964,0.0,0.0
1612512000000,108311.82170524349,100761.63734631875,2,94222.01050803525,4144.398088359964,0.0,0.0
1612526400000,108217.21624170129,100644.8165124263,2,94244.22587838549,4144.398088359964,0.0,0.0
1612540800000,110733.54395164296,100644.8165124263,2,96760.55358832717,4144.398088359964,0.0,0.0
1612555200000,109243.26165865597,100522.03541981327,2,95393.05238795321,4144.398088359964,0.0,0.0
1612569600000,110411.20441900704,100522.03541981327,2,96560.99514830428,4144.398088359964,0.0,0.0
1612584000000,110746.33732502424,100449.67801115253,2,96968.48546298221,4144.398088359964,0.0,0.0
1612598400000,110427.53341852801,100449.67801115253,2,96649.68155648599,4144.398088359964,0.0,0.0
1612612800000,111676.54509251849,100365.1678858067,2,97983.20335582229,4144.398088359964,0.0,0.0
1612627200000,112305.5186244954,100365.1678858067,2,98612.1768877992,4144.398088359964,0.0,0.0
1612641600000,112313.10145030779,100245.13378062312,2,98739.79381879518,4144.398088359964,0.0,0.0
1612656000000,110134.1564916172,100245.13378062312,2,96560.8488601046,4144.398088359964,0.0,0.0
1612670400000,108132.8173135673,100087.79784136226,2,94716.84562131554,4144.398088359964,0.0,0.0
1612684800000,108298.10956430274,105514.97470528493,1,50372.622911987295,2117.302523145415,0.0,0.0
1612699200000,108355.07196860772,105482.1711211733,1,50462.3889004039,2117.302523145415,0.0,0.0
1612713600000,106858.72711083395,105482.1711211733,1,48966.04404263012,2117.302523145415,0.0,0.0
1612728000000,106772.45088617477,106772.45088617477,0,0.0,0.0,0.0,0.0
1612742400000,106772.45088617477,106772.45088617477,0,0.0,0.0,0.0,0.0
1612756800000,106772.45088617477,106772.45088617477,0,0.0,0.0,0.0,0.0
1612771200000,106772.45088617477,106772.45088617477,0,0.0,0.0,0.0,0.0
1612785600000,106772.45088617477,106772.45088617477,0,0.0,0.0,0.0,0.0
1612800000000,106772.45088617477,106772.45088617477,0,0.0,0.0,0.0,0.0
1612814400000,106772.45088617477,106772.45088617477,0,0.0,0.0,0.0,0.0
1612828800000,106772.45088617477,106772.45088617477,0,0.0,0.0,0.0,0.0
1612843200000,106772.45088617477,106772.45088617477,0,0.0,0.0,0.0,0.0
1612857600000,106772.45088617477,106772.45088617477,0,0.0,0.0,0.0,0.0
1612872000000,106772.45088617477,106772.45088617477,0,0.0,0.0,0.0,0.0
1612886400000,106772.45088617477,106772.45088617477,0,0.0,0.0,0.0,0.0
1612900800000,106772.45088617477,106772.45088617477,0,0.0,0.0,0.0,0.0
1612915200000,106772.45088617477,106772.45088617477,0,0.0,0.0,0.0,0.0
1612929600000,106772.45088617477,106772.45088617477,0,0.0,0.0,0.0,0.0
1612944000000,106772.45088617477,106772.45088617477,0,0.0,0.0,0.0,0.0
1612958400000,106772.45088617477,106772.45088617477,0,0.0,0.0,0.0,0.0
1612972800000,106772.45088617477,106772.45088617477,0,0.0,0.0,0.0,0.0
1612987200000,106772.45088617477,106772.45088617477,0,0.0,0.0,0.0,0.0
1613001600000,106772.45088617477,106772.45088617477,0,0.0,0.0,0.0,0.0
1613016000000,106772.45088617477,106772.45088617477,0,0.0,0.0,0.0,0.0
1613030400000,106772.45088617477,106772.45088617477,0,0.0,0.0,0.0,0.0
1613044800000,106772.45088617477,106772.45088617477,0,0.0,0.0,0.0,0.0
1613059200000,106772.45088617477,106772.45088617477,0,0.0,0.0,0.0,0.0
1613073600000,106772.45088617477,106772.45088617477,0,0.0,0.0,0.0,0.0
1613088000000,106772.45088617477,106772.45088617477,0,0.0,0.0,0.0,0.0
1613102400000,106772.45088617477,106772.45088617477,0,0.0,0.0,0.0,0.0
1613116800000,106772.45088617477,106772.45088617477,0,0.0,0.0,0.0,0.0
1613131200000,106772.45088617477,106772.45088617477,0,0.0,0.0,0.0,0.0
1613145600000,106772.45088617477,106772.45088617477,0,0.0,0.0,0.0,0.0
1613160000000,106772.45088617477,106772.45088617477,0,0.0,0.0,0.0,0.0
1613174400000,106772.45088617477,106772.45088617477,0,0.0,0.0,0.0,0.0
1613188800000,106772.45088617477,106772.45088617477,0,0.0,0.0,0.0,0.0
1613203200000,106772.45088617477,106772.45088617477,0,0.0,0.0,0.0,0.0
1613217600000,106772.45088617477,106772.45088617477,0,0.0,0.0,0.0,0.0
1613232000000,106772.45088617477,106772.45088617477,0,0.0,0.0,0.0,0.0
1613246400000,106772.45088617477,106772.45088617477,0,0.0,0.0,0.0,0.0
1613260800000,106772.45088617477,106772.45088617477,0,0.0,0.0,0.0,0.0
1613275200000,106772.45088617477,106772.45088617477,0,0.0,0.0,0.0,0.0
1613289600000,106772.45088617477,106772.45088617477,0,0.0,0.0,0.0,0.0
1613304000000,106772.45088617477,106772.45088617477,0,0.0,0.0,0.0,0.0
1613318400000,106772.45088617477,106772.45088617477,0,0.0,0.0,0.0,0.0
1613332800000,106772.45088617477,106772.45088617477,0,0.0,0.0,0.0,0.0
1613347200000,106772.45088617477,106772.45088617477,0,0.0,0.0,0.0,0.0
1613361600000,106772.45088617477,106772.45088617477,0,0.0,0.0,0.0,0.0
1613376000000,106772.45088617477,106772.45088617477,0,0.0,0.0,0.0,0.0
1613390400000,106772.45088617477,106772.45088617477,0,0.0,0.0,0.0,0.0
1613404800000,106772.45088617477,106772.45088617477,0,0.0,0.0,0.0,0.0
1613419200000,106772.45088617477,106772.45088617477,0,0.0,0.0,0.0,0.0
1613433600000,106772.45088617477,106772.45088617477,0,0.0,0.0,0.0,0.0
1613448000000,106772.45088617477,106772.45088617477,0,0.0,0.0,0.0,0.0
1613462400000,106772.45088617477,106772.45088617477,0,0.0,0.0,0.0,0.0
1613476800000,106772.45088617477,106772.45088617477,0,0.0,0.0,0.0,0.0
1613491200000,106772.45088617477,106772.45088617477,0,0.0,0.0,0.0,0.0
1613505600000,106772.45088617477,106772.45088617477,0,0.0,0.0,0.0,0.0
1613520000000,106772.45088617477,106772.45088617477,0,0.0,0.0,0.0,0.0
1613534400000,106772.45088617477,106772.45088617477,0,0.0,0.0,0.0,0.0
1613548800000,106772.45088617477,106772.45088617477,0,0.0,0.0,0.0,0.0
1613563200000,106772.45088617477,106772.45088617477,0,0.0,0.0,0.0,0.0
1613577600000,106772.45088617477,106772.45088617477,0,0.0,0.0,0.0,0.0
1613592000000,106772.45088617477,106772.45088617477,0,0.0,0.0,0.0,0.0
1613606400000,106772.45088617477,106772.45088617477,0,0.0,0.0,0.0,0.0
1613620800000,106772.45088617477,106772.45088617477,0,0.0,0.0,0.0,0.0
1613635200000,106772.45088617477,106772.45088617477,0,0.0,0.0,0.0,0.0
1613649600000,106772.45088617477,106772.45088617477,0,0.0,0.0,0.0,0.0
1613664000000,106772.45088617477,106772.45088617477,0,0.0,0.0,0.0,0.0
1613678400000,107118.52479358758,106746.51450338172,1,52244.775876311316,2135.4490177234957,0.0,0.0
1613692800000,107556.81306303838,106746.51450338172,1,52683.06414576212,2135.4490177234957,0.0,0.0
1613707200000,106768.38725275679,106703.31444412917,1,51937.83839473308,2135.4490177234957,0.0,0.0
1613721600000,106991.1950974745,106703.31444412917,1,52160.64623945079,2135.4490177234957,0.0,0.0
1613736000000,107397.82752751122,106630.4079440609,1,52640.185169555785,2135.4490177234957,0.0,0.0
1613750400000,107227.12578046197,106630.4079440609,1,52469.48342250653,2135.4490177234957,0.0,0.0
1613764800000,107861.41239064655,106541.72244909569,1,53192.455527656326,2135.4490177234957,0.0,0.0
1613779200000,107822.06143146986,106541.72244909569,1,53153.104568479626,2135.4490177234957,0.0,0.0
1613793600000,109517.02970743338,106437.4020399454,1,54952.39325359344,2135.4490177234957,0.0,0.0
1613808000000,108558.4946190741,106437.4020399454,1,53993.85816523416,2135.4490177234957,0.0,0.0
1613822400000,108904.1203689969,106334.96962710455,1,54441.916327997795,2135.4490177234957,0.0,0.0
1613836800000,108228.09802893377,106334.96962710455,1,53765.89398793468,2135.4490177234957,0.0,0.0
1613851200000,108523.36702026239,106235.10071111406,1,54161.03189525379,2135.4490177234957,0.0,0.0
1613865600000,104064.84054552436,104064.84054552436,0,0.0,0.0,0.0,0.0
1613880000000,104064.84054552436,104064.84054552436,0,0.0,0.0,0.0,0.0
1613894400000,104064.84054552436,104064.84054552436,0,0.0,0.0,0.0,0.0
1613908800000,104064.84054552436,104064.84054552436,0,0.0,0.0,0.0,0.0
1613923200000,104064.84054552436,104064.84054552436,0,0.0,0.0,0.0,0.0
1613937600000,104064.84054552436,104064.84054552436,0,0.0,0.0,0.0,0.0
1613952000000,104064.84054552436,104064.84054552436,0,0.0,0.0,0.0,0.0
1613966400000,104064.84054552436,104064.84054552436,0,0.0,0.0,0.0,0.0
1613980800000,104064.84054552436,104064.84054552436,0,0.0,0.0,0.0,0.0
1613995200000,104064.84054552436,104064.84054552436,0,0.0,0.0,0.0,0.0
1614009600000,104064.84054552436,104064.84054552436,0,0.0,0.0,0.0,0.0
1614024000000,104064.84054552436,104064.84054552436,0,0.0,0.0,0.0,0.0
1614038400000,104064.84054552436,104064.84054552436,0,0.0,0.0,0.0,0.0
1614052800000,104064.84054552436,104064.84054552436,0,0.0,0.0,0.0,0.0
1614067200000,104064.84054552436,104064.84054552436,0,0.0,0.0,0.0,0.0
1614081600000,104064.84054552436,104064.84054552436,0,0.0,0.0,0.0,0.0
1614096000000,104064.84054552436,104064.84054552436,0,0.0,0.0,0.0,0.0
1614110400000,104064.84054552436,104064.84054552436,0,0.0,0.0,0.0,0.0
1614124800000,104064.84054552436,104064.84054552436,0,0.0,0.0,0.0,0.0
1614139200000,104064.84054552436,104064.84054552436,0,0.0,0.0,0.0,0.0
1614153600000,104064.84054552436,104064.84054552436,0,0.0,0.0,0.0,0.0
1614168000000,104064.84054552436,104064.84054552436,0,0.0,0.0,0.0,0.0
1614182400000,104064.84054552436,104064.84054552436,0,0.0,0.0,0.0,0.0
1614196800000,104064.84054552436,104064.84054552436,0,0.0,0.0,0.0,0.0
1614211200000,104064.84054552436,104064.84054552436,0,0.0,0.0,0.0,0.0
1614225600000,104064.84054552436,104064.84054552436,0,0.0,0.0,0.0,0.0
1614240000000,104064.84054552436,104064.84054552436,0,0.0,0.0,0.0,0.0
1614254400000,104064.84054552436,104064.84054552436,0,0.0,0.0,0.0,0.0
1614268800000,104064.84054552436,104064.84054552436,0,0.0,0.0,0.0,0.0
1614283200000,104064.84054552436,104064.84054552436,0,0.0,0.0,0.0,0.0
1614297600000,104064.84054552436,104064.84054552436,0,0.0,0.0,0.0,0.0
1614312000000,104064.84054552436,104064.84054552436,0,0.0,0.0,0.0,0.0
1614326400000,104064.84054552436,104064.84054552436,0,0.0,0.0,0.0,0.0
1614340800000,104064.84054552436,104064.84054552436,0,0.0,0.0,0.0,0.0
1614355200000,104064.84054552436,104064.84054552436,0,0.0,0.0,0.0,0.0
1614369600000,104064.84054552436,104064.84054552436,0,0.0,0.0,0.0,0.0
1614384000000,104064.84054552436,104064.84054552436,0,0.0,0.0,0.0,0.0
1614398400000,104064.84054552436,104064.84054552436,0,0.0,0.0,0.0,0.0
1614412800000,104064.84054552436,104064.84054552436,0,0.0,0.0,0.0,0.0
1614427200000,104064.84054552436,104064.84054552436,0,0.0,0.0,0.0,0.0
1614441600000,104064.84054552436,104064.84054552436,0,0.0,0.0,0.0,0.0
1614456000000,104064.84054552436,104064.84054552436,0,0.0,0.0,0.0,0.0
1614470400000,104064.84054552436,104064.84054552436,0,0.0,0.0,0.0,0.0
1614484800000,104064.84054552436,104064.84054552436,0,0.0,0.0,0.0,0.0
1614499200000,104064.84054552436,104064.84054552436,0,0.0,0.0,0.0,0.0
1614513600000,104064.84054552436,104064.84054552436,0,0.0,0.0,0.0,0.0
1614528000000,104064.84054552436,104064.84054552436,0,0.0,0.0,0.0,0.0
1614542400000,104064.84054552436,104064.84054552436,0,0.0,0.0,0.0,0.0
1614556800000,104064.84054552436,104064.84054552436,0,0.0,0.0,0.0,0.0
1614571200000,104064.84054552436,104064.84054552436,0,0.0,0.0,0.0,0.0
1614585600000,104064.84054552436,104064.84054552436,0,0.0,0.0,0.0,0.0
1614600000000,104064.84054552436,104064.84054552436,0,0.0,0.0,0.0,0.0
1614614400000,104064.84054552436,104064.84054552436,0,0.0,0.0,0.0,0.0
1614628800000,104064.84054552436,104064.84054552436,0,0.0,0.0,0.0,0.0
1614643200000,104064.84054552436,104064.84054552436,0,0.0,0.0,0.0,0.0
1614657600000,104064.84054552436,104064.84054552436,0,0.0,0.0,0.0,0.0
1614672000000,104064.84054552436,104064.84054552436,0,0.0,0.0,0.0,0.0
1614686400000,104064.84054552436,104064.84054552436,0,0.0,0.0,0.0,0.0
1614700800000,104064.84054552436,104064.84054552436,0,0.0,0.0,0.0,0.0
1614715200000,104064.84054552436,104064.84054552436,0,0.0,0.0,0.0,0.0
1614729600000,104064.84054552436,104064.84054552436,0,0.0,0.0,0.0,0.0
1614744000000,104064.84054552436,104064.84054552436,0,0.0,0.0,0.0,0.0
1614758400000,104064.84054552436,104064.84054552436,0,0.0,0.0,0.0,0.0
1614772800000,104064.84054552436,104064.84054552436,0,0.0,0.0,0.0,0.0
1614787200000,104064.84054552436,104064.84054552436,0,0.0,0.0,0.0,0.0
1614801600000,104064.84054552436,104064.84054552436,0,0.0,0.0,0.0,0.0
1614816000000,104064.84054552436,104064.84054552436,0,0.0,0.0,0.0,0.0
1614830400000,104064.84054552436,104064.84054552436,0,0.0,0.0,0.0,0.0
1614844800000,104064.84054552436,104064.84054552436,0,0.0,0.0,0.0,0.0
1614859200000,104064.84054552436,104064.84054552436,0,0.0,0.0,0.0,0.0
1614873600000,104064.84054552436,104064.84054552436,0,0.0,0.0,0.0,0.0
1614888000000,104064.84054552436,104064.84054552436,0,0.0,0.0,0.0,0.0
1614902400000,104064.84054552436,104064.84054552436,0,0.0,0.0,0.0,0.0
1614916800000,104064.84054552436,104064.84054552436,0,0.0,0.0,0.0,0.0
1614931200000,104064.84054552436,104064.84054552436,0,0.0,0.0,0.0,0.0
1614945600000,104064.84054552436,104064.84054552436,0,0.0,0.0,0.0,0.0
1614960000000,104064.84054552436,104064.84054552436,0,0.0,0.0,0.0,0.0
1614974400000,104064.84054552436,104064.84054552436,0,0.0,0.0,0.0,0.0
1614988800000,104064.84054552436,104064.84054552436,0,0.0,0.0,0.0,0.0
1615003200000,104064.84054552436,104064.84054552436,0,0.0,0.0,0.0,0.0
1615017600000,104064.84054552436,104064.84054552436,0,0.0,0.0,0.0,0.0
1615032000000,104064.84054552436,104064.84054552436,0,0.0,0.0,0.0,0.0
1615046400000,104064.84054552436,104064.84054552436,0,0.0,0.0,0.0,0.0
1615060800000,104064.84054552436,104064.84054552436,0,0.0,0.0,0.0,0.0
1615075200000,104064.84054552436,104064.84054552436,0,0.0,0.0,0.0,0.0
1615089600000,104064.84054552436,104064.84054552436,0,0.0,0.0,0.0,0.0
1615104000000,104064.84054552436,104064.84054552436,0,0.0,0.0,0.0,0.0
1615118400000,104064.84054552436,104064.84054552436,0,0.0,0.0,0.0,0.0
1615132800000,104064.84054552436,104064.84054552436,0,0.0,0.0,0.0,0.0
1615147200000,104064.84054552436,104064.84054552436,0,0.0,0.0,0.0,0.0
1615161600000,104064.84054552436,104064.84054552436,0,0.0,0.0,0.0,0.0
1615176000000,104064.84054552436,104064.84054552436,0,0.0,0.0,0.0,0.0
1615190400000,104064.84054552436,104064.84054552436,0,0.0,0.0,0.0,0.0
1615204800000,104064.84054552436,104064.84054552436,0,0.0,0.0,0.0,0.0
1615219200000,104064.84054552436,104064.84054552436,0,0.0,0.0,0.0,0.0
1615233600000,104064.84054552436,104064.84054552436,0,0.0,0.0,0.0,0.0
1615248000000,104064.84054552436,104064.84054552436,0,0.0,0.0,0.0,0.0
1615262400000,104064.84054552436,104064.84054552436,0,0.0,0.0,0.0,0.0
1615276800000,104064.84054552436,104064.84054552436,0,0.0,0.0,0.0,0.0
1615291200000,104064.84054552436,104064.84054552436,0,0.0,0.0,0.0,0.0
1615305600000,103848.5160222514,104036.92118313423,1,55650.31961938984,2081.2968109104872,0.0,0.0
1615320000000,103832.69979691519,104005.17919549474,1,55666.24538169311,2081.2968109104872,0.0,0.0
1615334400000,104629.17297581129,104005.17919549474,1,56462.71856058922,2081.2968109104872,0.0,0.0
1615348800000,103216.51884541975,103991.43209949341,1,55063.811526199,2081.2968109104872,0.0,0.0
1615363200000,103868.0974031796,103991.43209949341,1,55715.39008395887,2081.2968109104872,0.0,0.0
1615377600000,104595.51947611733,103964.35961683023,1,56469.88463955977,2081.2968109104872,0.0,0.0
1615392000000,106085.0460514637,103964.35961683023,1,57959.41121490613,2081.2968109104872,0.0,0.0
1615406400000,106522.48887449753,103931.3704321503,1,58429.84322261991,2081.2968109104872,0.0,0.0
1615420800000,105614.54564079698,103931.3704321503,1,57521.899988919344,2081.2968109104872,0.0,0.0
1615435200000,105698.40053749773,103876.18077792176,1,57660.94453984864,2081.2968109104872,0.0,0.0
1615449600000,104693.1754684753,103876.18077792176,1,56655.719470826196,2081.2968109104872,0.0,0.0
1615464000000,105848.8695788729,103819.94391154526,1,57867.6504476003,2081.2968109104872,0.0,0.0
1615478400000,105998.24685486016,103819.94391154526,1,58017.02772358757,2081.2968109104872,0.0,0.0
1615492800000,106437.42302223953,103770.38732434201,1,58505.76047817018,2081.2968109104872,0.0,0.0
1615507200000,107403.45570527094,103770.38732434201,1,59471.793161201604,2081.2968109104872,0.0,0.0
1615521600000,106656.04666710788,103709.70867177281,1,58785.06277560773,2081.2968109104872,0.0,0.0
1615536000000,106185.3781890694,103709.70867177281,1,58314.39429756925,2081.2968109104872,0.0,0.0
1615550400000,105984.56400465763,103670.53737627783,1,58152.751408652475,2081.2968109104872,0.0,0.0
1615564800000,106450.20491796642,103670.53737627783,1,58618.392321961255,2081.2968109104872,0.0,0.0
1615579200000,106410.06750424605,103640.52706124612,1,58608.2652232726,2081.2968109104872,0.0,0.0
1615593600000,106704.53474642041,103640.52706124612,1,58902.73246544696,2081.2968109104872,0.0,0.0
1615608000000,106126.94934775942,103612.34447743346,1,58353.32965059862,2081.2968109104872,0.0,0.0
1615622400000,106778.06524618833,103612.34447743346,1,59004.44554902753,2081.2968109104872,0.0,0.0
1615636800000,109329.07453273294,103576.6151632972,1,61591.1841497084,2081.2968109104872,0.0,0.0
1615651200000,109159.28883959138,103576.6151632972,1,61421.39845656684,2081.2968109104872,0.0,0.0
1615665600000,110218.11362879956,103541.53851171682,1,62515.29989735542,2081.2968109104872,0.0,0.0
1615680000000,110693.78910893083,103541.53851171682,1,62990.97537748667,2081.2968109104872,0.0,0.0
1615694400000,110811.88305672554,103490.01126746542,1,63160.596569532776,2081.2968109104872,0.0,0.0
1615708800000,109956.76523730141,103490.01126746542,1,62305.47875010866,2081.2968109104872,0.0,0.0
1615723200000,109715.99886198853,103437.310769526,1,62117.4128727352,2081.2968109104872,0.0,0.0
1615737600000,109041.729434375,103437.310769526,1,61443.14344512167,2081.2968109104872,0.0,0.0
1615752000000,109235.49671200904,103366.62197358688,1,61707.599518694835,2081.2968109104872,0.0,0.0
1615766400000,108225.84039472791,103366.62197358688,1,60697.943201413706,2081.2968109104872,0.0,0.0
1615780800000,109667.7488135099,103316.83445882626,1,62189.63913495631,2081.2968109104872,0.0,0.0
1615795200000,106935.6015257695,103316.83445882626,1,59457.491847215904,2081.2968109104872,0.0,0.0
1615809600000,106833.23460116844,106833.23460116844,0,0.0,0.0,0.0,0.0
1615824000000,106833.23460116844,106833.23460116844,0,0.0,0.0,0.0,0.0
1615838400000,106833.23460116844,106833.23460116844,0,0.0,0.0,0.0,0.0
1615852800000,106833.23460116844,106833.23460116844,0,0.0,0.0,0.0,0.0
1615867200000,106833.23460116844,106833.23460116844,0,0.0,0.0,0.0,0.0
1615881600000,106833.23460116844,106833.23460116844,0,0.0,0.0,0.0,0.0
1615896000000,106833.23460116844,106833.23460116844,0,0.0,0.0,0.0,0.0
1615910400000,106833.23460116844,106833.23460116844,0,0.0,0.0,0.0,0.0
1615924800000,106833.23460116844,106833.23460116844,0,0.0,0.0,0.0,0.0
1615939200000,106833.23460116844,106833.23460116844,0,0.0,0.0,0.0,0.0
1615953600000,106833.23460116844,106833.23460116844,0,0.0,0.0,0.0,0.0
1615968000000,106833.23460116844,106833.23460116844,0,0.0,0.0,0.0,0.0
1615982400000,106833.23460116844,106833.23460116844,0,0.0,0.0,0.0,0.0
1615996800000,106833.23460116844,106833.23460116844,0,0.0,0.0,0.0,0.0
1616011200000,106833.23460116844,106833.23460116844,0,0.0,0.0,0.0,0.0
1616025600000,106833.23460116844,106833.23460116844,0,0.0,0.0,0.0,0.0
1616040000000,106833.23460116844,106833.23460116844,0,0.0,0.0,0.0,0.0
1616054400000,106833.23460116844,106833.23460116844,0,0.0,0.0,0.0,0.0
1616068800000,106833.23460116844,106833.23460116844,0,0.0,0.0,0.0,0.0
1616083200000,106833.23460116844,106833.23460116844,0,0.0,0.0,0.0,0.0
1616097600000,106833.23460116844,106833.23460116844,0,0.0,0.0,0.0,0.0
1616112000000,106833.23460116844,106833.23460116844,0,0.0,0.0,0.0,0.0
1616126400000,106833.23460116844,106833.23460116844,0,0.0,0.0,0.0,0.0
1616140800000,106833.23460116844,106833.23460116844,0,0.0,0.0,0.0,0.0
1616155200000,106833.23460116844,106833.23460116844,0,0.0,0.0,0.0,0.0
1616169600000,106833.23460116844,106833.23460116844,0,0.0,0.0,0.0,0.0
1616184000000,106833.23460116844,106833.23460116844,0,0.0,0.0,0.0,0.0
1616198400000,106833.23460116844,106833.23460116844,0,0.0,0.0,0.0,0.0
1616212800000,106833.23460116844,106833.23460116844,0,0.0,0.0,0.0,0.0
1616227200000,106833.23460116844,106833.23460116844,0,0.0,0.0,0.0,0.0
1616241600000,106833.23460116844,106833.23460116844,0,0.0,0.0,0.0,0.0
1616256000000,106833.23460116844,106833.23460116844,0,0.0,0.0,0.0,0.0
1616270400000,106833.23460116844,106833.23460116844,0,0.0,0.0,0.0,0.0
1616284800000,106833.23460116844,106833.23460116844,0,0.0,0.0,0.0,0.0
1616299200000,106833.23460116844,106833.23460116844,0,0.0,0.0,0.0,0.0
1616313600000,106833.23460116844,106833.23460116844,0,0.0,0.0,0.0,0.0
1616328000000,106833.23460116844,106833.23460116844,0,0.0,0.0,0.0,0.0
1616342400000,106389.68041525349,106791.55669557556,2,83757.68746605619,2136.3613795772053,2136.3613795772053,83757.68746605619
1616356800000,105783.91335463943,106823.55419672393,2,84395.45202781861,2136.3613795772053,2136.3613795772053,84395.45202781861
1616371200000,106341.82407343184,106823.55419672393,2,83837.54130902622,2136.3613795772053,2136.3613795772053,83837.54130902622
1616385600000,106782.22579199921,106872.26336367067,2,83445.84875740558,2136.3613795772053,2136.3613795772053,83445.84875740558
1616400000000,106614.19512564593,106872.26336367067,2,83613.87942375886,2136.3613795772053,2136.3613795772053,83613.87942375886
1616414400000,106110.86043184448,106930.46900975294,2,84175.41976364257,2136.3613795772053,2136.3613795772053,84175.41976364257
1616428800000,105332.71788496544,105833.66868959193,1,43828.8238828176,1068.3323460116844,1068.3323460116844,43828.8238828176
1616443200000,106200.28142053542,105859.22696862069,1,42986.81862627638,1068.3323460116844,1068.3323460116844,42986.81862627638
1616457600000,107893.37367119662,106913.14033213678,1,20683.70320003572,534.1661730058422,534.1661730058422,20683.70320003572
1616472000000,106672.23946010988,106877.92248647661,3,102236.31301531743,2691.7517461876523,2691.7517461876523,102236.31301531743
1616486400000,107932.66577901639,106877.92248647661,3,100975.88669641092,2691.7517461876523,2691.7517461876523,100975.88669641092
1616500800000,108191.37789137189,106902.27765248276,3,100741.52975006156,2691.7517461876523,2691.7517461876523,100741.52975006156
1616515200000,107192.14049513222,106902.27765248276,3,101740.76714630124,2691.7517461876523,2691.7517461876523,101740.76714630124
1616529600000,106602.74002193837,105826.22887567563,2,56344.62141215638,1612.8017673720444,1612.8017673720444,56344.62141215638
1616544000000,107393.42031289743,105826.22887567563,2,55553.94112119732,1612.8017673720444,1612.8017673720444,55553.94112119732
1616558400000,106716.46397548605,106238.70620278982,1,34979.43824662734,1078.6355943662022,1078.6355943662022,34979.43824662734
1616572800000,106075.62922797259,106238.70620278982,1,35620.2729941408,1078.6355943662022,1078.6355943662022,35620.2729941408
1616587200000,105965.23343443213,106259.59704109289,1,35751.55962598433,1078.6355943662022,1078.6355943662022,35751.55962598433
1616601600000,105479.26340256845,105479.26340256845,0,0.0,0.0,0.0,0.0
1616616000000,105479.26340256845,105479.26340256845,0,0.0,0.0,0.0,0.0
1616630400000,105479.26340256845,105479.26340256845,0,0.0,0.0,0.0,0.0
1616644800000,106756.137948921,105450.36583939119,1,56489.35424500229,2109.585268051369,2109.585268051369,56489.35424500229
1616659200000,106268.20672920502,105419.87059083153,2,117937.28733547727,4244.708027029788,4244.708027029788,117937.28733547727
1616673600000,105484.63106507574,105425.53113152353,2,118726.52354029854,4244.708027029788,4244.708027029788,118726.52354029854
1616688000000,109563.07428499259,107540.79896642889,2,86268.09959562773,3177.1466475405787,3177.1466475405787,86268.09959562773
1616702400000,107351.87413478323,107534.13735719309,2,88472.63813660128,3177.1466475405787,3177.1466475405787,88472.63813660128
1616716800000,108570.2631494356,107534.13735719309,2,87254.2491219489,3177.1466475405787,3177.1466475405787,87254.2491219489
1616731200000,107213.30302490277,107518.55294777275,1,58100.37627740209,2109.585268051369,2109.585268051369,58100.37627740209
1616745600000,107190.14915303014,107518.55294777275,1,58123.5301492747,2109.585268051369,2109.585268051369,58123.5301492747
1616760000000,106458.6202604679,106458.6202604679,0,0.0,0.0,0.0,0.0
1616774400000,106458.6202604679,106458.6202604679,0,0.0,0.0,0.0,0.0
1616788800000,106458.6202604679,106458.6202604679,0,0.0,0.0,0.0,0.0
1616803200000,106458.6202604679,106458.6202604679,0,0.0,0.0,0.0,0.0
1616817600000,106458.6202604679,106458.6202604679,0,0.0,0.0,0.0,0.0
1616832000000,106458.6202604679,106458.6202604679,0,0.0,0.0,0.0,0.0
1616846400000,106458.6202604679,106458.6202604679,0,0.0,0.0,0.0,0.0
1616860800000,106458.6202604679,106458.6202604679,0,0.0,0.0,0.0,0.0
1616875200000,106458.6202604679,106458.6202604679,0,0.0,0.0,0.0,0.0
1616889600000,106458.6202604679,106458.6202604679,0,0.0,0.0,0.0,0.0
1616904000000,106458.6202604679,106458.6202604679,0,0.0,0.0,0.0,0.0
1616918400000,106458.6202604679,106458.6202604679,0,0.0,0.0,0.0,0.0
1616932800000,106458.6202604679,106458.6202604679,0,0.0,0.0,0.0,0.0
1616947200000,106458.6202604679,106458.6202604679,0,0.0,0.0,0.0,0.0
1616961600000,106458.6202604679,106458.6202604679,0,0.0,0.0,0.0,0.0
1616976000000,106458.6202604679,106458.6202604679,0,0.0,0.0,0.0,0.0
1616990400000,106458.6202604679,106458.6202604679,0,0.0,0.0,0.0,0.0
1617004800000,106458.6202604679,106458.6202604679,0,0.0,0.0,0.0,0.0
1617019200000,106458.6202604679,106458.6202604679,0,0.0,0.0,0.0,0.0
1617033600000,106458.6202604679,106458.6202604679,0,0.0,0.0,0.0,0.0
1617048000000,106458.6202604679,106458.6202604679,0,0.0,0.0,0.0,0.0
1617062400000,106458.6202604679,106458.6202604679,0,0.0,0.0,0.0,0.0
1617076800000,106458.6202604679,106458.6202604679,0,0.0,0.0,0.0,0.0
1617091200000,106458.6202604679,106458.6202604679,0,0.0,0.0,0.0,0.0
1617105600000,106458.6202604679,106458.6202604679,0,0.0,0.0,0.0,0.0
1617120000000,106458.6202604679,106458.6202604679,0,0.0,0.0,0.0,0.0
1617134400000,106458.6202604679,106458.6202604679,0,0.0,0.0,0.0,0.0
1617148800000,106458.6202604679,106458.6202604679,0,0.0,0.0,0.0,0.0
1617163200000,106458.6202604679,106458.6202604679,0,0.0,0.0,0.0,0.0
1617177600000,106458.6202604679,106458.6202604679,0,0.0,0.0,0.0,0.0
1617192000000,106458.6202604679,106458.6202604679,0,0.0,0.0,0.0,0.0
1617206400000,106458.6202604679,106458.6202604679,0,0.0,0.0,0.0,0.0
1617220800000,106458.6202604679,106458.6202604679,0,0.0,0.0,0.0,0.0
1617235200000,106458.6202604679,106458.6202604679,0,0.0,0.0,0.0,0.0
1617249600000,106458.6202604679,106458.6202604679,0,0.0,0.0,0.0,0.0
1617264000000,106458.6202604679,106458.6202604679,0,0.0,0.0,0.0,0.0
1617278400000,106458.6202604679,106458.6202604679,0,0.0,0.0,0.0,0.0
1617292800000,106458.6202604679,106458.6202604679,0,0.0,0.0,0.0,0.0
1617307200000,106458.6202604679,106458.6202604679,0,0.0,0.0,0.0,0.0
1617321600000,106458.6202604679,106458.6202604679,0,0.0,0.0,0.0,0.0
1617336000000,106458.6202604679,106458.6202604679,0,0.0,0.0,0.0,0.0
1617350400000,106458.6202604679,106458.6202604679,0,0.0,0.0,0.0,0.0
1617364800000,106458.6202604679,106458.6202604679,0,0.0,0.0,0.0,0.0
1617379200000,106458.6202604679,106458.6202604679,0,0.0,0.0,0.0,0.0
1617393600000,106458.6202604679,106458.6202604679,0,0.0,0.0,0.0,0.0
1617408000000,106458.6202604679,106458.6202604679,0,0.0,0.0,0.0,0.0
1617422400000,106458.6202604679,106458.6202604679,0,0.0,0.0,0.0,0.0
1617436800000,106458.6202604679,106458.6202604679,0,0.0,0.0,0.0,0.0
1617451200000,106458.6202604679,106458.6202604679,0,0.0,0.0,0.0,0.0
1617465600000,106458.6202604679,106458.6202604679,0,0.0,0.0,0.0,0.0
1617480000000,106458.6202604679,106458.6202604679,0,0.0,0.0,0.0,0.0
1617494400000,106458.6202604679,106458.6202604679,0,0.0,0.0,0.0,0.0
1617508800000,106458.6202604679,106458.6202604679,0,0.0,0.0,0.0,0.0
1617523200000,106458.6202604679,106458.6202604679,0,0.0,0.0,0.0,0.0
1617537600000,106458.6202604679,106458.6202604679,0,0.0,0.0,0.0,0.0
1617552000000,106458.6202604679,106458.6202604679,0,0.0,0.0,0.0,0.0
1617566400000,106458.6202604679,106458.6202604679,0,0.0,0.0,0.0,0.0
1617580800000,106458.6202604679,106458.6202604679,0,0.0,0.0,0.0,0.0
1617595200000,106458.6202604679,106458.6202604679,0,0.0,0.0,0.0,0.0
1617609600000,106458.6202604679,106458.6202604679,0,0.0,0.0,0.0,0.0
1617624000000,106458.6202604679,106458.6202604679,0,0.0,0.0,0.0,0.0
1617638400000,106458.6202604679,106458.6202604679,0,0.0,0.0,0.0,0.0
1617652800000,106458.6202604679,106458.6202604679,0,0.0,0.0,0.0,0.0
1617667200000,106458.6202604679,106458.6202604679,0,0.0,0.0,0.0,0.0
1617681600000,106458.6202604679,106458.6202604679,0,0.0,0.0,0.0,0.0
1617696000000,106458.6202604679,106458.6202604679,0,0.0,0.0,0.0,0.0
1617710400000,106458.6202604679,106458.6202604679,0,0.0,0.0,0.0,0.0
1617724800000,106458.6202604679,106458.6202604679,0,0.0,0.0,0.0,0.0
1617739200000,106458.6202604679,106458.6202604679,0,0.0,0.0,0.0,0.0
1617753600000,106458.6202604679,106458.6202604679,0,0.0,0.0,0.0,0.0
1617768000000,106458.6202604679,106458.6202604679,0,0.0,0.0,0.0,0.0
1617782400000,106458.6202604679,106458.6202604679,0,0.0,0.0,0.0,0.0
1617796800000,106458.6202604679,106458.6202604679,0,0.0,0.0,0.0,0.0
1617811200000,106458.6202604679,106458.6202604679,0,0.0,0.0,0.0,0.0
1617825600000,106458.6202604679,106458.6202604679,0,0.0,0.0,0.0,0.0
1617840000000,106458.6202604679,106458.6202604679,0,0.0,0.0,0.0,0.0
1617854400000,106458.6202604679,106458.6202604679,0,0.0,0.0,0.0,0.0
1617868800000,106458.6202604679,106458.6202604679,0,0.0,0.0,0.0,0.0
1617883200000,106458.6202604679,106458.6202604679,0,0.0,0.0,0.0,0.0
1617897600000,106458.6202604679,106458.6202604679,0,0.0,0.0,0.0,0.0
1617912000000,106458.6202604679,106458.6202604679,0,0.0,0.0,0.0,0.0
1617926400000,106458.6202604679,106458.6202604679,0,0.0,0.0,0.0,0.0
1617940800000,106458.6202604679,106458.6202604679,0,0.0,0.0,0.0,0.0
1617955200000,106458.6202604679,106458.6202604679,0,0.0,0.0,0.0,0.0
1617969600000,106458.6202604679,106458.6202604679,0,0.0,0.0,0.0,0.0
1617984000000,106458.6202604679,106458.6202604679,0,0.0,0.0,0.0,0.0
1617998400000,106458.6202604679,106458.6202604679,0,0.0,0.0,0.0,0.0
1618012800000,106458.6202604679,106458.6202604679,0,0.0,0.0,0.0,0.0
1618027200000,106458.6202604679,106458.6202604679,0,0.0,0.0,0.0,0.0
1618041600000,106458.6202604679,106458.6202604679,0,0.0,0.0,0.0,0.0
1618056000000,106458.6202604679,106458.6202604679,0,0.0,0.0,0.0,0.0
1618070400000,106458.6202604679,106458.6202604679,0,0.0,0.0,0.0,0.0
1618084800000,106458.6202604679,106458.6202604679,0,0.0,0.0,0.0,0.0
1618099200000,106458.6202604679,106458.6202604679,0,0.0,0.0,0.0,0.0
1618113600000,106458.6202604679,106458.6202604679,0,0.0,0.0,0.0,0.0
1618128000000,106458.6202604679,106458.6202604679,0,0.0,0.0,0.0,0.0
1618142400000,106458.6202604679,106458.6202604679,0,0.0,0.0,0.0,0.0
1618156800000,106458.6202604679,106458.6202604679,0,0.0,0.0,0.0,0.0
1618171200000,106458.6202604679,106458.6202604679,0,0.0,0.0,0.0,0.0
1618185600000,106458.6202604679,106458.6202604679,0,0.0,0.0,0.0,0.0
1618200000000,106458.6202604679,106458.6202604679,0,0.0,0.0,0.0,0.0
1618214400000,106458.6202604679,106458.6202604679,0,0.0,0.0,0.0,0.0
1618228800000,106458.6202604679,106458.6202604679,0,0.0,0.0,0.0,0.0
1618243200000,106458.6202604679,106458.6202604679,0,0.0,0.0,0.0,0.0
1618257600000,106458.6202604679,106458.6202604679,0,0.0,0.0,0.0,0.0
1618272000000,106458.6202604679,106458.6202604679,0,0.0,0.0,0.0,0.0
1618286400000,106458.6202604679,106458.6202604679,0,0.0,0.0,0.0,0.0
1618300800000,106458.6202604679,106458.6202604679,0,0.0,0.0,0.0,0.0
1618315200000,106458.6202604679,106458.6202604679,0,0.0,0.0,0.0,0.0
1618329600000,106458.6202604679,106458.6202604679,0,0.0,0.0,0.0,0.0
1618344000000,106458.6202604679,106458.6202604679,0,0.0,0.0,0.0,0.0
1618358400000,106458.6202604679,106458.6202604679,0,0.0,0.0,0.0,0.0
1618372800000,106677.77501533093,106417.16438623056,1,83172.35910377321,2129.172405209358,0.0,0.0
1618387200000,107360.88954612795,106417.16438623056,1,83855.47363457023,2129.172405209358,0.0,0.0
1618401600000,107583.34366791758,106326.14229296485,1,84168.94984962557,2129.172405209358,0.0,0.0
1618416000000,103414.89670634689,104099.07796539259,1,82227.56721562715,2129.172405209358,0.0,0.0
1618430400000,101827.18543197545,101827.18543197545,0,0.0,0.0,0.0,0.0
1618444800000,101827.18543197545,101827.18543197545,0,0.0,0.0,0.0,0.0
1618459200000,101827.18543197545,101827.18543197545,0,0.0,0.0,0.0,0.0
1618473600000,101827.18543197545,101827.18543197545,0,0.0,0.0,0.0,0.0
1618488000000,101827.18543197545,101827.18543197545,0,0.0,0.0,0.0,0.0
1618502400000,101827.18543197545,101827.18543197545,0,0.0,0.0,0.0,0.0
1618516800000,101827.18543197545,101827.18543197545,0,0.0,0.0,0.0,0.0
1618531200000,101827.18543197545,101827.18543197545,0,0.0,0.0,0.0,0.0
1618545600000,101827.18543197545,101827.18543197545,0,0.0,0.0,0.0,0.0
1618560000000,101827.18543197545,101827.18543197545,0,0.0,0.0,0.0,0.0
1618574400000,101827.18543197545,101827.18543197545,0,0.0,0.0,0.0,0.0
1618588800000,101827.18543197545,101827.18543197545,0,0.0,0.0,0.0,0.0
1618603200000,101827.18543197545,101827.18543197545,0,0.0,0.0,0.0,0.0
1618617600000,101827.18543197545,101827.18543197545,0,0.0,0.0,0.0,0.0
1618632000000,101827.18543197545,101827.18543197545,0,0.0,0.0,0.0,0.0
1618646400000,101827.18543197545,101827.18543197545,0,0.0,0.0,0.0,0.0
1618660800000,101827.18543197545,101827.18543197545,0,0.0,0.0,0.0,0.0
1618675200000,101827.18543197545,101827.18543197545,0,0.0,0.0,0.0,0.0
1618689600000,101827.18543197545,101827.18543197545,0,0.0,0.0,0.0,0.0
1618704000000,101827.18543197545,101827.18543197545,0,0.0,0.0,0.0,0.0
1618718400000,101827.18543197545,101827.18543197545,0,0.0,0.0,0.0,0.0
1618732800000,101827.18543197545,101827.18543197545,0,0.0,0.0,0.0,0.0
1618747200000,101827.18543197545,101827.18543197545,0,0.0,0.0,0.0,0.0
1618761600000,101827.18543197545,101827.18543197545,0,0.0,0.0,0.0,0.0
1618776000000,101827.18543197545,101827.18543197545,0,0.0,0.0,0.0,0.0
1618790400000,101827.18543197545,101827.18543197545,0,0.0,0.0,0.0,0.0
1618804800000,101827.18543197545,101827.18543197545,0,0.0,0.0,0.0,0.0
1618819200000,101827.18543197545,101827.18543197545,0,0.0,0.0,0.0,0.0
1618833600000,101827.18543197545,101827.18543197545,0,0.0,0.0,0.0,0.0
1618848000000,101827.18543197545,101827.18543197545,0,0.0,0.0,0.0,0.0
1618862400000,101827.18543197545,101827.18543197545,0,0.0,0.0,0.0,0.0
1618876800000,101827.18543197545,101827.18543197545,0,0.0,0.0,0.0,0.0
1618891200000,101827.18543197545,101827.18543197545,0,0.0,0.0,0.0,0.0
1618905600000,101827.18543197545,101827.18543197545,0,0.0,0.0,0.0,0.0
1618920000000,101827.18543197545,101827.18543197545,0,0.0,0.0,0.0,0.0
1618934400000,101827.18543197545,101827.18543197545,0,0.0,0.0,0.0,0.0
1618948800000,101827.18543197545,101827.18543197545,0,0.0,0.0,0.0,0.0
1618963200000,101827.18543197545,101827.18543197545,0,0.0,0.0,0.0,0.0
1618977600000,101827.18543197545,101827.18543197545,0,0.0,0.0,0.0,0.0
1618992000000,101827.18543197545,101827.18543197545,0,0.0,0.0,0.0,0.0
1619006400000,101827.18543197545,101827.18543197545,0,0.0,0.0,0.0,0.0
1619020800000,101827.18543197545,101827.18543197545,0,0.0,0.0,0.0,0.0
1619035200000,101827.18543197545,101827.18543197545,0,0.0,0.0,0.0,0.0
1619049600000,101827.18543197545,101827.18543197545,0,0.0,0.0,0.0,0.0
1619064000000,101827.18543197545,101827.18543197545,0,0.0,0.0,0.0,0.0
1619078400000,101827.18543197545,101827.18543197545,0,0.0,0.0,0.0,0.0
1619092800000,101827.18543197545,101827.18543197545,0,0.0,0.0,0.0,0.0
1619107200000,101827.18543197545,101827.18543197545,0,0.0,0.0,0.0,0.0
1619121600000,101827.18543197545,101827.18543197545,0,0.0,0.0,0.0,0.0
1619136000000,101827.18543197545,101827.18543197545,0,0.0,0.0,0.0,0.0
1619150400000,101827.18543197545,101827.18543197545,0,0.0,0.0,0.0,0.0
1619164800000,101827.18543197545,101827.18543197545,0,0.0,0.0,0.0,0.0
1619179200000,101827.18543197545,101827.18543197545,0,0.0,0.0,0.0,0.0
1619193600000,101827.18543197545,101827.18543197545,0,0.0,0.0,0.0,0.0
1619208000000,101827.18543197545,101827.18543197545,0,0.0,0.0,0.0,0.0
1619222400000,101827.18543197545,101827.18543197545,0,0.0,0.0,0.0,0.0
1619236800000,101827.18543197545,101827.18543197545,0,0.0,0.0,0.0,0.0
1619251200000,101827.18543197545,101827.18543197545,0,0.0,0.0,0.0,0.0
1619265600000,101827.18543197545,101827.18543197545,0,0.0,0.0,0.0,0.0
1619280000000,101827.18543197545,101827.18543197545,0,0.0,0.0,0.0,0.0
1619294400000,101827.18543197545,101827.18543197545,0,0.0,0.0,0.0,0.0
1619308800000,101827.18543197545,101827.18543197545,0,0.0,0.0,0.0,0.0
1619323200000,101827.18543197545,101827.18543197545,0,0.0,0.0,0.0,0.0
1619337600000,101827.18543197545,101827.18543197545,0,0.0,0.0,0.0,0.0
1619352000000,101827.18543197545,101827.18543197545,0,0.0,0.0,0.0,0.0
1619366400000,101827.18543197545,101827.18543197545,0,0.0,0.0,0.0,0.0
1619380800000,101827.18543197545,101827.18543197545,0,0.0,0.0,0.0,0.0
1619395200000,101827.18543197545,101827.18543197545,0,0.0,0.0,0.0,0.0
1619409600000,101827.18543197545,101827.18543197545,0,0.0,0.0,0.0,0.0
1619424000000,101827.18543197545,101827.18543197545,0,0.0,0.0,0.0,0.0
1619438400000,101827.18543197545,101827.18543197545,0,0.0,0.0,0.0,0.0
1619452800000,101827.18543197545,101827.18543197545,0,0.0,0.0,0.0,0.0
1619467200000,101827.18543197545,101827.18543197545,0,0.0,0.0,0.0,0.0
1619481600000,101827.18543197545,101827.18543197545,0,0.0,0.0,0.0,0.0
1619496000000,101827.18543197545,101827.18543197545,0,0.0,0.0,0.0,0.0
1619510400000,101827.18543197545,101827.18543197545,0,0.0,0.0,0.0,0.0
1619524800000,101827.18543197545,101827.18543197545,0,0.0,0.0,0.0,0.0
1619539200000,101827.18543197545,101827.18543197545,0,0.0,0.0,0.0,0.0
1619553600000,101827.18543197545,101827.18543197545,0,0.0,0.0,0.0,0.0
1619568000000,101827.18543197545,101827.18543197545,0,0.0,0.0,0.0,0.0
1619582400000,101827.18543197545,101827.18543197545,0,0.0,0.0,0.0,0.0
1619596800000,101827.18543197545,101827.18543197545,0,0.0,0.0,0.0,0.0
1619611200000,101827.18543197545,101827.18543197545,0,0.0,0.0,0.0,0.0
1619625600000,101827.18543197545,101827.18543197545,0,0.0,0.0,0.0,0.0
1619640000000,101827.18543197545,101827.18543197545,0,0.0,0.0,0.0,0.0
1619654400000,101827.18543197545,101827.18543197545,0,0.0,0.0,0.0,0.0
1619668800000,101827.18543197545,101827.18543197545,0,0.0,0.0,0.0,0.0
1619683200000,101827.18543197545,101827.18543197545,0,0.0,0.0,0.0,0.0
1619697600000,101827.18543197545,101827.18543197545,0,0.0,0.0,0.0,0.0
1619712000000,101827.18543197545,101827.18543197545,0,0.0,0.0,0.0,0.0
1619726400000,101827.18543197545,101827.18543197545,0,0.0,0.0,0.0,0.0
1619740800000,101827.18543197545,101827.18543197545,0,0.0,0.0,0.0,0.0
1619755200000,101827.18543197545,101827.18543197545,0,0.0,0.0,0.0,0.0
1619769600000,101827.18543197545,101827.18543197545,0,0.0,0.0,0.0,0.0
1619784000000,101827.18543197545,101827.18543197545,0,0.0,0.0,0.0,0.0
1619798400000,101827.18543197545,101827.18543197545,0,0.0,0.0,0.0,0.0
1619812800000,101827.18543197545,101827.18543197545,0,0.0,0.0,0.0,0.0
1619827200000,101827.18543197545,101827.18543197545,0,0.0,0.0,0.0,0.0
1619841600000,101827.18543197545,101827.18543197545,0,0.0,0.0,0.0,0.0
1619856000000,101827.18543197545,101827.18543197545,0,0.0,0.0,0.0,0.0
1619870400000,101827.18543197545,101827.18543197545,0,0.0,0.0,0.0,0.0
1619884800000,101827.18543197545,101827.18543197545,0,0.0,0.0,0.0,0.0
1619899200000,101827.18543197545,101827.18543197545,0,0.0,0.0,0.0,0.0
1619913600000,101827.18543197545,101827.18543197545,0,0.0,0.0,0.0,0.0
1619928000000,101827.18543197545,101827.18543197545,0,0.0,0.0,0.0,0.0
1619942400000,101827.18543197545,101827.18543197545,0,0.0,0.0,0.0,0.0
1619956800000,101827.18543197545,101827.18543197545,0,0.0,0.0,0.0,0.0
1619971200000,101644.01392542149,101798.17211789044,1,57872.469977552064,2036.5437086395093,0.0,0.0
1619985600000,102319.21510553123,101792.38598294945,1,58553.4572926028,2036.5437086395093,0.0,0.0
1620000000000,102031.34050264808,101792.38598294945,1,58265.582689719646,2036.5437086395093,0.0,0.0
1620014400000,104066.69886547311,101786.55940434376,1,60306.76763115037,2036.5437086395093,0.0,0.0
1620028800000,105930.77576932756,101786.55940434376,1,62170.84453500483,2036.5437086395093,0.0,0.0
1620043200000,106061.78656751467,101780.34602625942,1,62308.06871127628,2036.5437086395093,0.0,0.0
1620057600000,106230.99681077315,101780.34602625942,1,62477.27895453476,2036.5437086395093,0.0,0.0
1620072000000,108961.4567321472,101741.83925981914,1,65246.24564234908,2036.5437086395093,0.0,0.0
1620086400000,111505.13883704679,101741.83925981914,1,67789.92774724866,2036.5437086395093,0.0,0.0
1620100800000,107642.37757834696,101720.36771243047,1,63948.63803593752,2036.5437086395093,0.0,0.0
1620115200000,109244.8400454249,101720.36771243047,1,65551.10050301545,2036.5437086395093,0.0,0.0
1620129600000,112436.20515127847,101674.03203770936,1,68788.80128359012,2036.5437086395093,0.0,0.0
1620144000000,107501.07092695453,101674.03203770936,1,63853.66705926619,2036.5437086395093,0.0,0.0
1620158400000,111038.77199079728,101628.30637471654,1,67437.09378610176,2036.5437086395093,0.0,0.0
1620172800000,107646.2744415941,101628.30637471654,1,64044.59623689857,2036.5437086395093,0.0,0.0
1620187200000,108774.35533035139,101603.70418279358,1,65197.27931757883,2036.5437086395093,0.0,0.0
1620201600000,109593.5540459633,101603.70418279358,1,66016.47803319075,2036.5437086395093,0.0,0.0
1620216000000,109845.17551544182,101552.05035046926,1,66319.75333499357,2036.5437086395093,0.0,0.0
1620230400000,108907.11499534728,101552.05035046926,1,65381.69281489903,2036.5437086395093,0.0,0.0
1620244800000,112249.4136124341,101494.54595860894,1,68781.49582384617,2036.5437086395093,0.0,0.0
1620259200000,113136.13846946305,101494.54595860894,1,69668.22068087512,2036.5437086395093,0.0,0.0
1620273600000,112012.72667601041,101447.01119609612,1,68592.3436499353,2036.5437086395093,0.0,0.0
1620288000000,111357.20974763451,101447.01119609612,1,67936.82672155941,2036.5437086395093,0.0,0.0
1620302400000,113099.59695519105,101401.73265982274,1,69724.49246538932,2036.5437086395093,0.0,0.0
1620316800000,113590.24742718325,101401.73265982274,1,70215.14293738152,2036.5437086395093,0.0,0.0
1620331200000,112072.2271835704,101323.87521005742,1,68774.980143534,2036.5437086395093,0.0,0.0
1620345600000,112267.89503779345,101323.87521005742,1,68970.64799775704,2036.5437086395093,0.0,0.0
1620360000000,110972.67376668751,101305.92472499475,1,67693.37721171377,2036.5437086395093,0.0,0.0
1620374400000,111156.100039718,101305.92472499475,1,67876.80348474426,2036.5437086395093,0.0,0.0
1620388800000,111289.97661586483,101272.56550646255,1,68044.03927942329,2036.5437086395093,0.0,0.0
1620403200000,113614.88981816186,101272.56550646255,1,70368.95248172032,2036.5437086395093,0.0,0.0
1620417600000,112640.80343740799,101245.81955412662,1,69421.6120533024,2036.5437086395093,0.0,0.0
1620432000000,111949.35154488619,101245.81955412662,1,68730.1601607806,2036.5437086395093,0.0,0.0
1620446400000,113040.37423748476,101213.38100502072,1,69853.62140248506,2036.5437086395093,0.0,0.0
1620460800000,112918.55076013299,101213.38100502072,1,69731.79792513327,2036.5437086395093,0.0,0.0
1620475200000,113107.39665076692,101164.50328668943,1,69969.5215340985,2036.5437086395093,0.0,0.0
1620489600000,114934.15647646986,101164.50328668943,1,71796.28135980145,2036.5437086395093,0.0,0.0
1620504000000,118476.19630924753,101142.86087842598,1,75359.96360084256,2036.5437086395093,0.0,0.0
1620518400000,120405.43001622369,101142.86087842598,1,77289.19730781871,2036.5437086395093,0.0,0.0
1620532800000,119560.7846930682,101097.27489537207,1,76490.13796771714,2036.5437086395093,0.0,0.0
1620547200000,120856.8127406162,101097.27489537207,1,77786.16601526513,2036.5437086395093,0.0,0.0
1620561600000,119188.88083761852,101064.976195587,1,76150.53281205252,2036.5437086395093,0.0,0.0
1620576000000,119616.54639992639,101064.976195587,1,76578.1983743604,2036.5437086395093,0.0,0.0
1620590400000,119392.44455729683,101023.51084655614,1,76395.5618807617,2036.5437086395093,0.0,0.0
1620604800000,120553.42032201076,101023.51084655614,1,77556.53764547563,2036.5437086395093,0.0,0.0
1620619200000,123110.3003512142,100970.16985373269,1,80166.75866750252,2036.5437086395093,0.0,0.0
1620633600000,124083.30861116492,100970.16985373269,1,81139.76692745325,2036.5437086395093,0.0,0.0
1620648000000,123327.53215989529,100916.30987245591,1,80437.85045746039,2036.5437086395093,0.0,0.0
1620662400000,125036.61485026327,100916.30987245591,1,82146.93314782839,2036.5437086395093,0.0,0.0
1620676800000,121765.32886220081,100854.09516056615,1,78937.86187165567,2036.5437086395093,0.0,0.0
1620691200000,120824.70155895299,100854.09516056615,1,77997.23456840786,2036.5437086395093,0.0,0.0
1620705600000,119048.36308365749,100821.98456035276,1,76253.00669332573,2036.5437086395093,0.0,0.0
1620720000000,120101.96887575011,100781.16789476066,2,160774.37820459605,4417.514919209818,2380.971210570309,82530.14011889957
1620734400000,121123.0036798387,100789.34787915286,2,160259.8742063517,4417.514919209818,2380.971210570309,81766.46070992919
1620748800000,120888.62035657292,100789.34787915286,2,162415.001107702,4417.514919209818,2380.971210570309,82961.21582223724
1620763200000,120686.02223205804,98347.26220748431,1,80365.38819459474,2036.5437086395093,0.0,0.0
1620777600000,122771.82971138423,98347.26220748431,1,82451.19567392093,2036.5437086395093,0.0,0.0
1620792000000,125972.06318276153,98339.01673726275,1,85659.67461551979,2036.5437086395093,0.0,0.0
1620806400000,125443.30585318604,98339.01673726275,1,85130.9172859443,2036.5437086395093,0.0,0.0
1620820800000,124771.07747180124,98298.6119013005,1,84499.09374052176,2036.5437086395093,0.0,0.0
1620835200000,123129.71836770822,98298.6119013005,1,82857.73463642875,2036.5437086395093,0.0,0.0
1620849600000,120896.02102815777,98253.59081206533,1,80669.05838611345,2036.5437086395093,0.0,0.0
1620864000000,115828.40130415306,98253.59081206533,1,75601.43866210873,2036.5437086395093,0.0,0.0
1620878400000,115762.26131499838,115762.26131499838,0,0.0,0.0,0.0,0.0
1620892800000,115762.26131499838,115762.26131499838,0,0.0,0.0,0.0,0.0
1620907200000,115762.26131499838,115762.26131499838,0,0.0,0.0,0.0,0.0
1620921600000,115762.26131499838,115762.26131499838,0,0.0,0.0,0.0,0.0
1620936000000,115762.26131499838,115762.26131499838,0,0.0,0.0,0.0,0.0
1620950400000,115762.26131499838,115762.26131499838,0,0.0,0.0,0.0,0.0
1620964800000,115762.26131499838,115762.26131499838,0,0.0,0.0,0.0,0.0
1620979200000,115762.26131499838,115762.26131499838,0,0.0,0.0,0.0,0.0
1620993600000,115762.26131499838,115762.26131499838,0,0.0,0.0,0.0,0.0
1621008000000,115762.26131499838,115762.26131499838,0,0.0,0.0,0.0,0.0
1621022400000,115762.26131499838,115762.26131499838,0,0.0,0.0,0.0,0.0
1621036800000,115762.26131499838,115762.26131499838,0,0.0,0.0,0.0,0.0
1621051200000,115762.26131499838,115762.26131499838,0,0.0,0.0,0.0,0.0
1621065600000,115762.26131499838,115762.26131499838,0,0.0,0.0,0.0,0.0
1621080000000,115762.26131499838,115762.26131499838,0,0.0,0.0,0.0,0.0
1621094400000,115762.26131499838,115762.26131499838,0,0.0,0.0,0.0,0.0
1621108800000,115762.26131499838,115762.26131499838,0,0.0,0.0,0.0,0.0
1621123200000,115762.26131499838,115762.26131499838,0,0.0,0.0,0.0,0.0
1621137600000,115762.26131499838,115762.26131499838,0,0.0,0.0,0.0,0.0
1621152000000,115762.26131499838,115762.26131499838,0,0.0,0.0,0.0,0.0
1621166400000,115762.26131499838,115762.26131499838,0,0.0,0.0,0.0,0.0
1621180800000,115762.26131499838,115762.26131499838,0,0.0,0.0,0.0,0.0
1621195200000,115762.26131499838,115762.26131499838,0,0.0,0.0,0.0,0.0
1621209600000,115762.26131499838,115762.26131499838,0,0.0,0.0,0.0,0.0
1621224000000,115762.26131499838,115762.26131499838,0,0.0,0.0,0.0,0.0
1621238400000,115762.26131499838,115762.26131499838,0,0.0,0.0,0.0,0.0
1621252800000,115762.26131499838,115762.26131499838,0,0.0,0.0,0.0,0.0
1621267200000,115762.26131499838,115762.26131499838,0,0.0,0.0,0.0,0.0
1621281600000,115762.26131499838,115762.26131499838,0,0.0,0.0,0.0,0.0
1621296000000,115762.26131499838,115762.26131499838,0,0.0,0.0,0.0,0.0
1621310400000,115762.26131499838,115762.26131499838,0,0.0,0.0,0.0,0.0
1621324800000,115762.26131499838,115762.26131499838,0,0.0,0.0,0.0,0.0
1621339200000,115762.26131499838,115762.26131499838,0,0.0,0.0,0.0,0.0
1621353600000,115762.26131499838,115762.26131499838,0,0.0,0.0,0.0,0.0
1621368000000,115762.26131499838,115762.26131499838,0,0.0,0.0,0.0,0.0
1621382400000,115762.26131499838,115762.26131499838,0,0.0,0.0,0.0,0.0
1621396800000,115762.26131499838,115762.26131499838,0,0.0,0.0,0.0,0.0
1621411200000,115762.26131499838,115762.26131499838,0,0.0,0.0,0.0,0.0
1621425600000,115762.26131499838,115762.26131499838,0,0.0,0.0,0.0,0.0
1621440000000,115762.26131499838,115762.26131499838,0,0.0,0.0,0.0,0.0
1621454400000,115762.26131499838,115762.26131499838,0,0.0,0.0,0.0,0.0
1621468800000,115762.26131499838,115762.26131499838,0,0.0,0.0,0.0,0.0
1621483200000,115762.26131499838,115762.26131499838,0,0.0,0.0,0.0,0.0
1621497600000,115762.26131499838,115762.26131499838,0,0.0,0.0,0.0,0.0
1621512000000,115762.26131499838,115762.26131499838,0,0.0,0.0,0.0,0.0
1621526400000,115762.26131499838,115762.26131499838,0,0.0,0.0,0.0,0.0
1621540800000,115762.26131499838,115762.26131499838,0,0.0,0.0,0.0,0.0
1621555200000,115762.26131499838,115762.26131499838,0,0.0,0.0,0.0,0.0
1621569600000,115762.26131499838,115762.26131499838,0,0.0,0.0,0.0,0.0
1621584000000,115762.26131499838,115762.26131499838,0,0.0,0.0,0.0,0.0
1621598400000,115762.26131499838,115762.26131499838,0,0.0,0.0,0.0,0.0
1621612800000,115762.26131499838,115762.26131499838,0,0.0,0.0,0.0,0.0
1621627200000,115762.26131499838,115762.26131499838,0,0.0,0.0,0.0,0.0
1621641600000,115762.26131499838,115762.26131499838,0,0.0,0.0,0.0,0.0
1621656000000,115762.26131499838,115762.26131499838,0,0.0,0.0,0.0,0.0
1621670400000,115762.26131499838,115762.26131499838,0,0.0,0.0,0.0,0.0
1621684800000,115762.26131499838,115762.26131499838,0,0.0,0.0,0.0,0.0
1621699200000,115762.26131499838,115762.26131499838,0,0.0,0.0,0.0,0.0
1621713600000,115762.26131499838,115762.26131499838,0,0.0,0.0,0.0,0.0
1621728000000,115762.26131499838,115762.26131499838,0,0.0,0.0,0.0,0.0
1621742400000,115762.26131499838,115762.26131499838,0,0.0,0.0,0.0,0.0
1621756800000,115762.26131499838,115762.26131499838,0,0.0,0.0,0.0,0.0
1621771200000,115762.26131499838,115762.26131499838,0,0.0,0.0,0.0,0.0
1621785600000,115762.26131499838,115762.26131499838,0,0.0,0.0,0.0,0.0
1621800000000,115762.26131499838,115762.26131499838,0,0.0,0.0,0.0,0.0
1621814400000,115762.26131499838,115762.26131499838,0,0.0,0.0,0.0,0.0
1621828800000,115762.26131499838,115762.26131499838,0,0.0,0.0,0.0,0.0
1621843200000,115762.26131499838,115762.26131499838,0,0.0,0.0,0.0,0.0
1621857600000,115762.26131499838,115762.26131499838,0,0.0,0.0,0.0,0.0
1621872000000,115762.26131499838,115762.26131499838,0,0.0,0.0,0.0,0.0
1621886400000,115762.26131499838,115762.26131499838,0,0.0,0.0,0.0,0.0
1621900800000,115762.26131499838,115762.26131499838,0,0.0,0.0,0.0,0.0
1621915200000,115762.26131499838,115762.26131499838,0,0.0,0.0,0.0,0.0
1621929600000,115762.26131499838,115762.26131499838,0,0.0,0.0,0.0,0.0
1621944000000,115762.26131499838,115762.26131499838,0,0.0,0.0,0.0,0.0
1621958400000,115762.26131499838,115762.26131499838,0,0.0,0.0,0.0,0.0
1621972800000,115762.26131499838,115762.26131499838,0,0.0,0.0,0.0,0.0
1621987200000,115762.26131499838,115762.26131499838,0,0.0,0.0,0.0,0.0
1622001600000,115762.26131499838,115762.26131499838,0,0.0,0.0,0.0,0.0
1622016000000,115762.26131499838,115762.26131499838,0,0.0,0.0,0.0,0.0
1622030400000,115762.26131499838,115762.26131499838,0,0.0,0.0,0.0,0.0
1622044800000,115762.26131499838,115762.26131499838,0,0.0,0.0,0.0,0.0
1622059200000,115762.26131499838,115762.26131499838,0,0.0,0.0,0.0,0.0
1622073600000,115762.26131499838,115762.26131499838,0,0.0,0.0,0.0,0.0
1622088000000,115762.26131499838,115762.26131499838,0,0.0,0.0,0.0,0.0
1622102400000,115762.26131499838,115762.26131499838,0,0.0,0.0,0.0,0.0
1622116800000,115762.26131499838,115762.26131499838,0,0.0,0.0,0.0,0.0
1622131200000,115762.26131499838,115762.26131499838,0,0.0,0.0,0.0,0.0
1622145600000,115762.26131499838,115762.26131499838,0,0.0,0.0,0.0,0.0
1622160000000,115762.26131499838,115762.26131499838,0,0.0,0.0,0.0,0.0
1622174400000,115762.26131499838,115762.26131499838,0,0.0,0.0,0.0,0.0
1622188800000,115762.26131499838,115762.26131499838,0,0.0,0.0,0.0,0.0
1622203200000,115762.26131499838,115762.26131499838,0,0.0,0.0,0.0,0.0
1622217600000,115762.26131499838,115762.26131499838,0,0.0,0.0,0.0,0.0
1622232000000,115762.26131499838,115762.26131499838,0,0.0,0.0,0.0,0.0
1622246400000,115762.26131499838,115762.26131499838,0,0.0,0.0,0.0,0.0
1622260800000,115762.26131499838,115762.26131499838,0,0.0,0.0,0.0,0.0
1622275200000,115762.26131499838,115762.26131499838,0,0.0,0.0,0.0,0.0
1622289600000,115762.26131499838,115762.26131499838,0,0.0,0.0,0.0,0.0
1622304000000,115762.26131499838,115762.26131499838,0,0.0,0.0,0.0,0.0
1622318400000,115762.26131499838,115762.26131499838,0,0.0,0.0,0.0,0.0
1622332800000,115762.26131499838,115762.26131499838,0,0.0,0.0,0.0,0.0
1622347200000,115762.26131499838,115762.26131499838,0,0.0,0.0,0.0,0.0
1622361600000,115762.26131499838,115762.26131499838,0,0.0,0.0,0.0,0.0
1622376000000,115762.26131499838,115762.26131499838,0,0.0,0.0,0.0,0.0
1622390400000,115762.26131499838,115762.26131499838,0,0.0,0.0,0.0,0.0
1622404800000,115762.26131499838,115762.26131499838,0,0.0,0.0,0.0,0.0
1622419200000,115762.26131499838,115762.26131499838,0,0.0,0.0,0.0,0.0
1622433600000,115762.26131499838,115762.26131499838,0,0.0,0.0,0.0,0.0
1622448000000,115762.26131499838,115762.26131499838,0,0.0,0.0,0.0,0.0
1622462400000,115762.26131499838,115762.26131499838,0,0.0,0.0,0.0,0.0
1622476800000,115762.26131499838,115762.26131499838,0,0.0,0.0,0.0,0.0
1622491200000,115762.26131499838,115762.26131499838,0,0.0,0.0,0.0,0.0
1622505600000,115762.26131499838,115762.26131499838,0,0.0,0.0,0.0,0.0
1622520000000,115762.26131499838,115762.26131499838,0,0.0,0.0,0.0,0.0
1622534400000,115762.26131499838,115762.26131499838,0,0.0,0.0,0.0,0.0
1622548800000,115762.26131499838,115762.26131499838,0,0.0,0.0,0.0,0.0
1622563200000,115762.26131499838,115762.26131499838,0,0.0,0.0,0.0,0.0
1622577600000,115762.26131499838,115762.26131499838,0,0.0,0.0,0.0,0.0
1622592000000,115762.26131499838,115762.26131499838,0,0.0,0.0,0.0,0.0
1622606400000,115762.26131499838,115762.26131499838,0,0.0,0.0,0.0,0.0
1622620800000,115762.26131499838,115762.26131499838,0,0.0,0.0,0.0,0.0
1622635200000,115762.26131499838,115762.26131499838,0,0.0,0.0,0.0,0.0
1622649600000,115762.26131499838,115762.26131499838,0,0.0,0.0,0.0,0.0
1622664000000,115762.26131499838,115762.26131499838,0,0.0,0.0,0.0,0.0
1622678400000,115762.26131499838,115762.26131499838,0,0.0,0.0,0.0,0.0
1622692800000,115762.26131499838,115762.26131499838,0,0.0,0.0,0.0,0.0
1622707200000,115762.26131499838,115762.26131499838,0,0.0,0.0,0.0,0.0
1622721600000,115762.26131499838,115762.26131499838,0,0.0,0.0,0.0,0.0
1622736000000,115762.26131499838,115762.26131499838,0,0.0,0.0,0.0,0.0
1622750400000,115762.26131499838,115762.26131499838,0,0.0,0.0,0.0,0.0
1622764800000,115762.26131499838,115762.26131499838,0,0.0,0.0,0.0,0.0
1622779200000,115762.26131499838,115762.26131499838,0,0.0,0.0,0.0,0.0
1622793600000,115762.26131499838,115762.26131499838,0,0.0,0.0,0.0,0.0
1622808000000,115633.44170261997,115695.87602383018,3,132833.0166576382,6942.226170416883,6942.226170416883,132833.0166576382
1622822400000,112766.63451780133,115695.87602383018,3,135699.8238424568,6942.226170416883,6942.226170416883,135699.8238424568
1622836800000,112212.45585673045,115709.45014602761,3,136267.57662572514,6942.226170416883,6942.226170416883,136267.57662572514
1622851200000,111173.40566880217,113360.9021062269,2,89704.67166371709,4626.980944116915,4626.980944116915,89704.67166371709
1622865600000,109390.3092788609,111021.42641891207,1,39932.66029239978,2314.6116423904577,2314.6116423904577,39932.66029239978
1622880000000,108678.37940654982,108678.37940654982,0,0.0,0.0,0.0,0.0
1622894400000,108678.37940654982,108678.37940654982,0,0.0,0.0,0.0,0.0
1622908800000,108678.37940654982,108678.37940654982,0,0.0,0.0,0.0,0.0
1622923200000,108678.37940654982,108678.37940654982,0,0.0,0.0,0.0,0.0
1622937600000,108678.37940654982,108678.37940654982,0,0.0,0.0,0.0,0.0
1622952000000,108678.37940654982,108678.37940654982,0,0.0,0.0,0.0,0.0
1622966400000,108678.37940654982,108678.37940654982,0,0.0,0.0,0.0,0.0
1622980800000,108678.37940654982,108678.37940654982,0,0.0,0.0,0.0,0.0
1622995200000,108678.37940654982,108678.37940654982,0,0.0,0.0,0.0,0.0
1623009600000,108678.37940654982,108678.37940654982,0,0.0,0.0,0.0,0.0
1623024000000,108678.37940654982,108678.37940654982,0,0.0,0.0,0.0,0.0
1623038400000,108678.37940654982,108678.37940654982,0,0.0,0.0,0.0,0.0
1623052800000,108678.37940654982,108678.37940654982,0,0.0,0.0,0.0,0.0
1623067200000,108678.37940654982,108678.37940654982,0,0.0,0.0,0.0,0.0
1623081600000,108678.37940654982,108678.37940654982,0,0.0,0.0,0.0,0.0
1623096000000,108678.37940654982,108678.37940654982,0,0.0,0.0,0.0,0.0
1623110400000,108678.37940654982,108678.37940654982,0,0.0,0.0,0.0,0.0
1623124800000,112625.14194931553,108596.0062450474,3,160717.18730056824,6516.019903019337,6516.019903019337,160717.18730056824
1623139200000,110606.62785294115,108593.15821330609,4,168428.9168478289,6758.3220263026915,6758.3220263026915,168428.9168478289
1623153600000,109691.13517014214,108597.08035284783,4,169348.33167016966,6758.3220263026915,6758.3220263026915,169348.33167016966
1623168000000,120480.14724300902,115059.99267103344,4,82649.07041307019,3500.312074793023,3500.312074793023,82649.07041307019
1623182400000,112569.14377418478,111256.7741552935,3,60128.857474946664,2415.3973253453205,2415.3973253453205,60128.857474946664
1623196800000,111679.17442059753,111333.78776723047,1,21659.843266126434,1086.3114079964678,1086.3114079964678,21659.843266126434
1623211200000,112372.60415336107,111333.78776723047,1,20966.413533362895,1086.3114079964678,1086.3114079964678,20966.413533362895
1623225600000,111336.69239791566,111336.69239791566,0,0.0,0.0,0.0,0.0
1623240000000,111336.69239791566,111336.69239791566,0,0.0,0.0,0.0,0.0
1623254400000,111336.69239791566,111336.69239791566,0,0.0,0.0,0.0,0.0
1623268800000,111336.69239791566,111336.69239791566,0,0.0,0.0,0.0,0.0
1623283200000,111336.69239791566,111336.69239791566,0,0.0,0.0,0.0,0.0
1623297600000,111336.69239791566,111336.69239791566,0,0.0,0.0,0.0,0.0
1623312000000,111336.69239791566,111336.69239791566,0,0.0,0.0,0.0,0.0
1623326400000,111336.69239791566,111336.69239791566,0,0.0,0.0,0.0,0.0
1623340800000,111336.69239791566,111336.69239791566,0,0.0,0.0,0.0,0.0
1623355200000,111336.69239791566,111336.69239791566,0,0.0,0.0,0.0,0.0
1623369600000,111336.69239791566,111336.69239791566,0,0.0,0.0,0.0,0.0
1623384000000,111336.69239791566,111336.69239791566,0,0.0,0.0,0.0,0.0
1623398400000,111336.69239791566,111336.69239791566,0,0.0,0.0,0.0,0.0
1623412800000,111336.69239791566,111336.69239791566,0,0.0,0.0,0.0,0.0
1623427200000,111336.69239791566,111336.69239791566,0,0.0,0.0,0.0,0.0
1623441600000,111336.69239791566,111336.69239791566,0,0.0,0.0,0.0,0.0
1623456000000,111336.69239791566,111336.69239791566,0,0.0,0.0,0.0,0.0
1623470400000,116119.29372400565,111259.35160677323,3,149821.64016760566,6675.488832580108,6675.488832580108,149821.64016760566
1623484800000,115341.83944222011,111256.93187815938,4,155436.1319484742,6967.053089186244,6967.053089186244,155436.1319484742
1623499200000,111418.66792654453,111272.4774439195,4,159374.8490299099,6967.053089186244,6967.053089186244,159374.8490299099
1623513600000,107301.02505820717,107523.37415401556,1,42702.93236719084,2222.843495064554,2222.843495064554,42702.93236719084
1623528000000,106042.27966906765,106042.27966906765,0,0.0,0.0,0.0,0.0
1623542400000,106042.27966906765,106042.27966906765,0,0.0,0.0,0.0,0.0
1623556800000,106042.27966906765,106042.27966906765,0,0.0,0.0,0.0,0.0
1623571200000,106042.27966906765,106042.27966906765,0,0.0,0.0,0.0,0.0
1623585600000,106042.27966906765,106042.27966906765,0,0.0,0.0,0.0,0.0
1623600000000,106042.27966906765,106042.27966906765,0,0.0,0.0,0.0,0.0
1623614400000,106042.27966906765,106042.27966906765,0,0.0,0.0,0.0,0.0
1623628800000,106042.27966906765,106042.27966906765,0,0.0,0.0,0.0,0.0
1623643200000,106042.27966906765,106042.27966906765,0,0.0,0.0,0.0,0.0
1623657600000,106042.27966906765,106042.27966906765,0,0.0,0.0,0.0,0.0
1623672000000,106042.27966906765,106042.27966906765,0,0.0,0.0,0.0,0.0
1623686400000,106042.27966906765,106042.27966906765,0,0.0,0.0,0.0,0.0
1623700800000,106042.27966906765,106042.27966906765,0,0.0,0.0,0.0,0.0
1623715200000,106042.27966906765,106042.27966906765,0,0.0,0.0,0.0,0.0
1623729600000,106042.27966906765,106042.27966906765,0,0.0,0.0,0.0,0.0
1623744000000,106042.27966906765,106042.27966906765,0,0.0,0.0,0.0,0.0
1623758400000,106042.27966906765,106042.27966906765,0,0.0,0.0,0.0,0.0
1623772800000,106042.27966906765,106042.27966906765,0,0.0,0.0,0.0,0.0
1623787200000,106042.27966906765,106042.27966906765,0,0.0,0.0,0.0,0.0
1623801600000,106042.27966906765,106042.27966906765,0,0.0,0.0,0.0,0.0
1623816000000,106042.27966906765,106042.27966906765,0,0.0,0.0,0.0,0.0
1623830400000,106042.27966906765,106042.27966906765,0,0.0,0.0,0.0,0.0
1623844800000,106042.27966906765,106042.27966906765,0,0.0,0.0,0.0,0.0
1623859200000,106042.27966906765,106042.27966906765,0,0.0,0.0,0.0,0.0
1623873600000,106042.27966906765,106042.27966906765,0,0.0,0.0,0.0,0.0
1623888000000,106042.27966906765,106042.27966906765,0,0.0,0.0,0.0,0.0
1623902400000,106042.27966906765,106042.27966906765,0,0.0,0.0,0.0,0.0
1623916800000,106042.27966906765,106042.27966906765,0,0.0,0.0,0.0,0.0
1623931200000,106042.27966906765,106042.27966906765,0,0.0,0.0,0.0,0.0
1623945600000,106042.27966906765,106042.27966906765,0,0.0,0.0,0.0,0.0
1623960000000,106042.27966906765,106042.27966906765,0,0.0,0.0,0.0,0.0
1623974400000,104448.14606686479,105965.88809030114,2,154300.8995564435,4240.595403422556,4240.595403422556,154300.8995564435
1623988800000,105144.86564424504,105969.54838253644,2,153607.84027129854,4240.595403422556,4240.595403422556,153607.84027129854
1624003200000,105227.02247819935,105969.54838253644,2,153525.6834373442,4240.595403422556,4240.595403422556,153525.6834373442
1624017600000,105405.45290147154,105977.34063447858,2,153355.04526601417,4240.595403422556,4240.595403422556,153355.04526601417
1624032000000,111946.86464126868,105977.34063447858,2,146813.63352621702,4240.595403422556,4240.595403422556,146813.63352621702
1624046400000,115129.18858792141,110154.76921630844,4,126078.4572032718,4595.628307042182,4595.628307042182,126078.4572032718
1624060800000,109837.96641653811,110117.69885452747,5,205473.33257483528,6898.311014916517,6898.311014916517,205473.33257483528
1624075200000,109958.06916021979,105462.4726480665,3,77244.20346031008,2356.2958815935754,2356.2958815935754,77244.20346031008
1624089600000,108346.82920359183,105462.4726480665,3,78855.44341693804,2356.2958815935754,2356.2958815935754,78855.44341693804
1624104000000,108244.67497239633,105463.13508804917,3,78958.2600881162,2356.2958815935754,2356.2958815935754,78958.2600881162
1624118400000,108056.62785712193,105463.13508804917,3,79146.3072033906,2356.2958815935754,2356.2958815935754,79146.3072033906
1624132800000,108648.02158455389,105470.10227828317,3,78561.88066619265,2356.2958815935754,2356.2958815935754,78561.88066619265
1624147200000,110114.87007640768,105470.10227828317,3,77095.03217433886,2356.2958815935754,2356.2958815935754,77095.03217433886
1624161600000,109765.21033617282,105477.81328676299,3,77452.40292305354,2356.2958815935754,2356.2958815935754,77452.40292305354
1624176000000,109457.02640201649,105477.81328676299,3,77760.58685720987,2356.2958815935754,2356.2958815935754,77760.58685720987
1624190400000,113407.66892475987,105718.55620665586,3,71376.57665137947,2238.2967916524267,2238.2967916524267,71376.57665137947
1624204800000,110107.21833553257,105680.78152953021,4,150188.6068147902,4506.503285971345,4506.503285971345,150188.6068147902
1624219200000,107527.31997608698,107527.31997608698,0,0.0,0.0,0.0,0.0
1624233600000,107527.31997608698,107527.31997608698,0,0.0,0.0,0.0,0.0
1624248000000,107527.31997608698,107527.31997608698,0,0.0,0.0,0.0,0.0
1624262400000,107527.31997608698,107527.31997608698,0,0.0,0.0,0.0,0.0
1624276800000,107527.31997608698,107527.31997608698,0,0.0,0.0,0.0,0.0
1624291200000,107527.31997608698,107527.31997608698,0,0.0,0.0,0.0,0.0
1624305600000,107527.31997608698,107527.31997608698,0,0.0,0.0,0.0,0.0
1624320000000,107527.31997608698,107527.31997608698,0,0.0,0.0,0.0,0.0
1624334400000,107527.31997608698,107527.31997608698,0,0.0,0.0,0.0,0.0
1624348800000,107527.31997608698,107527.31997608698,0,0.0,0.0,0.0,0.0
1624363200000,107527.31997608698,107527.31997608698,0,0.0,0.0,0.0,0.0
1624377600000,107527.31997608698,107527.31997608698,0,0.0,0.0,0.0,0.0
1624392000000,107527.31997608698,107527.31997608698,0,0.0,0.0,0.0,0.0
1624406400000,107527.31997608698,107527.31997608698,0,0.0,0.0,0.0,0.0
1624420800000,107527.31997608698,107527.31997608698,0,0.0,0.0,0.0,0.0
1624435200000,107527.31997608698,107527.31997608698,0,0.0,0.0,0.0,0.0
1624449600000,107527.31997608698,107527.31997608698,0,0.0,0.0,0.0,0.0
1624464000000,107527.31997608698,107527.31997608698,0,0.0,0.0,0.0,0.0
1624478400000,107527.31997608698,107527.31997608698,0,0.0,0.0,0.0,0.0
1624492800000,107527.31997608698,107527.31997608698,0,0.0,0.0,0.0,0.0
1624507200000,107527.31997608698,107527.31997608698,0,0.0,0.0,0.0,0.0
1624521600000,107527.31997608698,107527.31997608698,0,0.0,0.0,0.0,0.0
1624536000000,107527.31997608698,107527.31997608698,0,0.0,0.0,0.0,0.0
1624550400000,107527.31997608698,107527.31997608698,0,0.0,0.0,0.0,0.0
1624564800000,107527.31997608698,107527.31997608698,0,0.0,0.0,0.0,0.0
1624579200000,107527.31997608698,107527.31997608698,0,0.0,0.0,0.0,0.0
1624593600000,107527.31997608698,107527.31997608698,0,0.0,0.0,0.0,0.0
1624608000000,107527.31997608698,107527.31997608698,0,0.0,0.0,0.0,0.0
1624622400000,107527.31997608698,107527.31997608698,0,0.0,0.0,0.0,0.0
1624636800000,107527.31997608698,107527.31997608698,0,0.0,0.0,0.0,0.0
1624651200000,107527.31997608698,107527.31997608698,0,0.0,0.0,0.0,0.0
1624665600000,107527.31997608698,107527.31997608698,0,0.0,0.0,0.0,0.0
1624680000000,107527.31997608698,107527.31997608698,0,0.0,0.0,0.0,0.0
1624694400000,107527.31997608698,107527.31997608698,0,0.0,0.0,0.0,0.0
1624708800000,107527.31997608698,107527.31997608698,0,0.0,0.0,0.0,0.0
1624723200000,107527.31997608698,107527.31997608698,0,0.0,0.0,0.0,0.0
1624737600000,107527.31997608698,107527.31997608698,0,0.0,0.0,0.0,0.0
1624752000000,107527.31997608698,107527.31997608698,0,0.0,0.0,0.0,0.0
1624766400000,107527.31997608698,107527.31997608698,0,0.0,0.0,0.0,0.0
1624780800000,107527.31997608698,107527.31997608698,0,0.0,0.0,0.0,0.0
1624795200000,107527.31997608698,107527.31997608698,0,0.0,0.0,0.0,0.0
1624809600000,107527.31997608698,107527.31997608698,0,0.0,0.0,0.0,0.0
1624824000000,107527.31997608698,107527.31997608698,0,0.0,0.0,0.0,0.0
1624838400000,107527.31997608698,107527.31997608698,0,0.0,0.0,0.0,0.0
1624852800000,107527.31997608698,107527.31997608698,0,0.0,0.0,0.0,0.0
1624867200000,107527.31997608698,107527.31997608698,0,0.0,0.0,0.0,0.0
1624881600000,107527.31997608698,107527.31997608698,0,0.0,0.0,0.0,0.0
1624896000000,107527.31997608698,107527.31997608698,0,0.0,0.0,0.0,0.0
1624910400000,107527.31997608698,107527.31997608698,0,0.0,0.0,0.0,0.0
1624924800000,107527.31997608698,107527.31997608698,0,0.0,0.0,0.0,0.0
1624939200000,107527.31997608698,107527.31997608698,0,0.0,0.0,0.0,0.0
1624953600000,107527.31997608698,107527.31997608698,0,0.0,0.0,0.0,0.0
1624968000000,107527.31997608698,107527.31997608698,0,0.0,0.0,0.0,0.0
1624982400000,107527.31997608698,107527.31997608698,0,0.0,0.0,0.0,0.0
1624996800000,107527.31997608698,107527.31997608698,0,0.0,0.0,0.0,0.0
1625011200000,107527.31997608698,107527.31997608698,0,0.0,0.0,0.0,0.0
1625025600000,107527.31997608698,107527.31997608698,0,0.0,0.0,0.0,0.0
1625040000000,107527.31997608698,107527.31997608698,0,0.0,0.0,0.0,0.0
1625054400000,107527.31997608698,107527.31997608698,0,0.0,0.0,0.0,0.0
1625068800000,107527.31997608698,107527.31997608698,0,0.0,0.0,0.0,0.0
1625083200000,107527.31997608698,107527.31997608698,0,0.0,0.0,0.0,0.0
1625097600000,107527.31997608698,107527.31997608698,0,0.0,0.0,0.0,0.0
1625112000000,107527.31997608698,107527.31997608698,0,0.0,0.0,0.0,0.0
1625126400000,107527.31997608698,107527.31997608698,0,0.0,0.0,0.0,0.0
1625140800000,107527.31997608698,107527.31997608698,0,0.0,0.0,0.0,0.0
1625155200000,107527.31997608698,107527.31997608698,0,0.0,0.0,0.0,0.0
1625169600000,107527.31997608698,107527.31997608698,0,0.0,0.0,0.0,0.0
1625184000000,107527.31997608698,107527.31997608698,0,0.0,0.0,0.0,0.0
1625198400000,107527.31997608698,107527.31997608698,0,0.0,0.0,0.0,0.0
1625212800000,107527.31997608698,107527.31997608698,0,0.0,0.0,0.0,0.0
1625227200000,107527.31997608698,107527.31997608698,0,0.0,0.0,0.0,0.0
1625241600000,107527.31997608698,107527.31997608698,0,0.0,0.0,0.0,0.0
1625256000000,107527.31997608698,107527.31997608698,0,0.0,0.0,0.0,0.0
1625270400000,107527.31997608698,107527.31997608698,0,0.0,0.0,0.0,0.0
1625284800000,107527.31997608698,107527.31997608698,0,0.0,0.0,0.0,0.0
1625299200000,107527.31997608698,107527.31997608698,0,0.0,0.0,0.0,0.0
1625313600000,107527.31997608698,107527.31997608698,0,0.0,0.0,0.0,0.0
1625328000000,107527.31997608698,107527.31997608698,0,0.0,0.0,0.0,0.0
1625342400000,107527.31997608698,107527.31997608698,0,0.0,0.0,0.0,0.0
1625356800000,107527.31997608698,107527.31997608698,0,0.0,0.0,0.0,0.0
1625371200000,107527.31997608698,107527.31997608698,0,0.0,0.0,0.0,0.0
1625385600000,107527.31997608698,107527.31997608698,0,0.0,0.0,0.0,0.0
1625400000000,107527.31997608698,107527.31997608698,0,0.0,0.0,0.0,0.0
1625414400000,107527.31997608698,107527.31997608698,0,0.0,0.0,0.0,0.0
1625428800000,107527.31997608698,107527.31997608698,0,0.0,0.0,0.0,0.0
1625443200000,107527.31997608698,107527.31997608698,0,0.0,0.0,0.0,0.0
1625457600000,107527.31997608698,107527.31997608698,0,0.0,0.0,0.0,0.0
1625472000000,107527.31997608698,107527.31997608698,0,0.0,0.0,0.0,0.0
1625486400000,107527.31997608698,107527.31997608698,0,0.0,0.0,0.0,0.0
1625500800000,106463.6456361283,107494.23362641783,1,67203.28732857089,2150.5463995217397,2150.5463995217397,67203.28732857089
1625515200000,105273.97435063159,105273.97435063159,0,0.0,0.0,0.0,0.0
1625529600000,105273.97435063159,105273.97435063159,0,0.0,0.0,0.0,0.0
1625544000000,105273.97435063159,105273.97435063159,0,0.0,0.0,0.0,0.0
1625558400000,105273.97435063159,105273.97435063159,0,0.0,0.0,0.0,0.0
1625572800000,105273.97435063159,105273.97435063159,0,0.0,0.0,0.0,0.0
1625587200000,105273.97435063159,105273.97435063159,0,0.0,0.0,0.0,0.0
1625601600000,105273.97435063159,105273.97435063159,0,0.0,0.0,0.0,0.0
1625616000000,105273.97435063159,105273.97435063159,0,0.0,0.0,0.0,0.0
1625630400000,105273.97435063159,105273.97435063159,0,0.0,0.0,0.0,0.0
1625644800000,105273.97435063159,105273.97435063159,0,0.0,0.0,0.0,0.0
1625659200000,105273.97435063159,105273.97435063159,0,0.0,0.0,0.0,0.0
1625673600000,105273.97435063159,105273.97435063159,0,0.0,0.0,0.0,0.0
1625688000000,105273.97435063159,105273.97435063159,0,0.0,0.0,0.0,0.0
1625702400000,105273.97435063159,105273.97435063159,0,0.0,0.0,0.0,0.0
1625716800000,105273.97435063159,105273.97435063159,0,0.0,0.0,0.0,0.0
1625731200000,105273.97435063159,105273.97435063159,0,0.0,0.0,0.0,0.0
1625745600000,105273.97435063159,105273.97435063159,0,0.0,0.0,0.0,0.0
1625760000000,103859.7086166844,105158.73801600236,3,231771.6986577849,6309.452449724551,6309.452449724551,231771.6986577849
1625774400000,104322.73690847323,105141.79287194464,3,231291.7252219383,6309.452449724551,6309.452449724551,231291.7252219383
1625788800000,106963.6170878747,105141.79287194464,3,228650.84504253685,6309.452449724551,6309.452449724551,228650.84504253685
1625803200000,109037.78715867898,107224.50832157089,3,196585.1040737963,5259.575385894786,5259.575385894786,196585.1040737963
1625817600000,106201.58347688556,107297.26485389775,2,140263.51510360886,3388.2595636013857,3388.2595636013857,140263.51510360886
1625832000000,106912.04353278084,107279.20110528405,2,139534.9912990999,3388.2595636013857,3388.2595636013857,139534.9912990999
1625846400000,103791.1380207702,103791.1380207702,0,0.0,0.0,0.0,0.0
1625860800000,103791.1380207702,103791.1380207702,0,0.0,0.0,0.0,0.0
1625875200000,103791.1380207702,103791.1380207702,0,0.0,0.0,0.0,0.0
1625889600000,103791.1380207702,103791.1380207702,0,0.0,0.0,0.0,0.0
1625904000000,103791.1380207702,103791.1380207702,0,0.0,0.0,0.0,0.0
1625918400000,103791.1380207702,103791.1380207702,0,0.0,0.0,0.0,0.0
1625932800000,103791.1380207702,103791.1380207702,0,0.0,0.0,0.0,0.0
1625947200000,103791.1380207702,103791.1380207702,0,0.0,0.0,0.0,0.0
1625961600000,103791.1380207702,103791.1380207702,0,0.0,0.0,0.0,0.0
1625976000000,103791.1380207702,103791.1380207702,0,0.0,0.0,0.0,0.0
1625990400000,103791.1380207702,103791.1380207702,0,0.0,0.0,0.0,0.0
1626004800000,103791.1380207702,103791.1380207702,0,0.0,0.0,0.0,0.0
1626019200000,103791.1380207702,103791.1380207702,0,0.0,0.0,0.0,0.0
1626033600000,103791.1380207702,103791.1380207702,0,0.0,0.0,0.0,0.0
1626048000000,103791.1380207702,103791.1380207702,0,0.0,0.0,0.0,0.0
1626062400000,103791.1380207702,103791.1380207702,0,0.0,0.0,0.0,0.0
1626076800000,103791.1380207702,103791.1380207702,0,0.0,0.0,0.0,0.0
1626091200000,103791.1380207702,103791.1380207702,0,0.0,0.0,0.0,0.0
1626105600000,103791.1380207702,103791.1380207702,0,0.0,0.0,0.0,0.0
1626120000000,103791.1380207702,103791.1380207702,0,0.0,0.0,0.0,0.0
1626134400000,101293.92531707659,103672.94778824653,3,238759.4875185053,6221.6440264976845,6221.6440264976845,238759.4875185053
1626148800000,101703.61811011047,103681.52015772492,3,238358.36709494982,6221.6440264976845,6221.6440264976845,238358.36709494982
1626163200000,101834.45823264321,103681.52015772492,3,238227.52697241705,6221.6440264976845,6221.6440264976845,238227.52697241705
1626177600000,105149.88998112755,103696.59736101684,3,234927.17242722464,6221.6440264976845,6221.6440264976845,234927.17242722464
1626192000000,105398.24164616878,103696.59736101684,3,234678.8207621834,6221.6440264976845,6221.6440264976845,234678.8207621834
1626206400000,113412.83462266816,103720.06355838214,3,226687.6939830493,6221.6440264976845,6221.6440264976845,226687.6939830493
1626220800000,111205.10569901123,103704.469417875,4,260068.1097804653,6805.469183162228,6805.469183162228,260068.1097804653
1626235200000,118234.35113669156,109873.72995324104,4,141017.8923544833,3694.6471699133863,3694.6471699133863,141017.8923544833
1626249600000,116941.35170530344,109812.46508434099,6,264779.3647170715,7090.318531954665,7090.318531954665,264779.3647170715
1626264000000,110737.340949147,106337.05463504665,4,144978.2272238335,3694.6471699133863,3694.6471699133863,144978.2272238335
1626278400000,108957.28020102016,108957.28020102016,0,0.0,0.0,0.0,0.0
1626292800000,108957.28020102016,108957.28020102016,0,0.0,0.0,0.0,0.0
1626307200000,108957.28020102016,108957.28020102016,0,0.0,0.0,0.0,0.0
1626321600000,108957.28020102016,108957.28020102016,0,0.0,0.0,0.0,0.0
1626336000000,108957.28020102016,108957.28020102016,0,0.0,0.0,0.0,0.0
1626350400000,108957.28020102016,108957.28020102016,0,0.0,0.0,0.0,0.0
1626364800000,108957.28020102016,108957.28020102016,0,0.0,0.0,0.0,0.0
1626379200000,108957.28020102016,108957.28020102016,0,0.0,0.0,0.0,0.0
1626393600000,108957.28020102016,108957.28020102016,0,0.0,0.0,0.0,0.0
1626408000000,108957.28020102016,108957.28020102016,0,0.0,0.0,0.0,0.0
1626422400000,108957.28020102016,108957.28020102016,0,0.0,0.0,0.0,0.0
1626436800000,108957.28020102016,108957.28020102016,0,0.0,0.0,0.0,0.0
1626451200000,108957.28020102016,108957.28020102016,0,0.0,0.0,0.0,0.0
1626465600000,108957.28020102016,108957.28020102016,0,0.0,0.0,0.0,0.0
1626480000000,108957.28020102016,108957.28020102016,0,0.0,0.0,0.0,0.0
1626494400000,108957.28020102016,108957.28020102016,0,0.0,0.0,0.0,0.0
1626508800000,108957.28020102016,108957.28020102016,0,0.0,0.0,0.0,0.0
1626523200000,108957.28020102016,108957.28020102016,0,0.0,0.0,0.0,0.0
1626537600000,108957.28020102016,108957.28020102016,0,0.0,0.0,0.0,0.0
1626552000000,108957.28020102016,108957.28020102016,0,0.0,0.0,0.0,0.0
1626566400000,108957.28020102016,108957.28020102016,0,0.0,0.0,0.0,0.0
1626580800000,108957.28020102016,108957.28020102016,0,0.0,0.0,0.0,0.0
1626595200000,108957.28020102016,108957.28020102016,0,0.0,0.0,0.0,0.0
1626609600000,108957.28020102016,108957.28020102016,0,0.0,0.0,0.0,0.0
1626624000000,108957.28020102016,108957.28020102016,0,0.0,0.0,0.0,0.0
1626638400000,108957.28020102016,108957.28020102016,0,0.0,0.0,0.0,0.0
1626652800000,108957.28020102016,108957.28020102016,0,0.0,0.0,0.0,0.0
1626667200000,108957.28020102016,108957.28020102016,0,0.0,0.0,0.0,0.0
1626681600000,108957.28020102016,108957.28020102016,0,0.0,0.0,0.0,0.0
1626696000000,108957.28020102016,108957.28020102016,0,0.0,0.0,0.0,0.0
1626710400000,108957.28020102016,108957.28020102016,0,0.0,0.0,0.0,0.0
1626724800000,108643.96767268519,108899.72337059684,1,115369.41654454754,2179.145604020403,2179.145604020403,115369.41654454754
1626739200000,109517.92367592311,108818.31097559386,3,277238.83815224806,6515.349835249248,6515.349835249248,277238.83815224806
1626753600000,123062.59434843955,115219.93301606078,3,131126.5640939099,3257.674917624624,3257.674917624624,131126.5640939099
1626768000000,121358.93404025664,115219.93301606078,3,132830.2244020928,3257.674917624624,3257.674917624624,132830.2244020928
1626782400000,122495.8351387927,115171.67012323946,3,131645.06041073543,3257.674917624624,3257.674917624624,131645.06041073543
1626796800000,120042.11577221147,115171.67012323946,3,134098.77977731664,3257.674917624624,3257.674917624624,134098.77977731664
1626811200000,120484.87823346045,115142.83994923523,3,133627.18714206346,3257.674917624624,3257.674917624624,133627.18714206346
1626825600000,121358.55563433628,115142.83994923523,3,132753.50974118762,3257.674917624624,3257.674917624624,132753.50974118762
1626840000000,120191.07932177118,115120.0672848233,3,133898.2133893408,3257.674917624624,3257.674917624624,133898.2133893408
1626854400000,118208.96348588061,118208.96348588061,0,0.0,0.0,0.0,0.0
1626868800000,118208.96348588061,118208.96348588061,0,0.0,0.0,0.0,0.0
1626883200000,118208.96348588061,118208.96348588061,0,0.0,0.0,0.0,0.0
1626897600000,118208.96348588061,118208.96348588061,0,0.0,0.0,0.0,0.0
1626912000000,118208.96348588061,118208.96348588061,0,0.0,0.0,0.0,0.0
1626926400000,118208.96348588061,118208.96348588061,0,0.0,0.0,0.0,0.0
1626940800000,118208.96348588061,118208.96348588061,0,0.0,0.0,0.0,0.0
1626955200000,118208.96348588061,118208.96348588061,0,0.0,0.0,0.0,0.0
1626969600000,118208.96348588061,118208.96348588061,0,0.0,0.0,0.0,0.0
1626984000000,118208.96348588061,118208.96348588061,0,0.0,0.0,0.0,0.0
1626998400000,118208.96348588061,118208.96348588061,0,0.0,0.0,0.0,0.0
1627012800000,118208.96348588061,118208.96348588061,0,0.0,0.0,0.0,0.0
1627027200000,118208.96348588061,118208.96348588061,0,0.0,0.0,0.0,0.0
1627041600000,118208.96348588061,118208.96348588061,0,0.0,0.0,0.0,0.0
1627056000000,118208.96348588061,118208.96348588061,0,0.0,0.0,0.0,0.0
1627070400000,118208.96348588061,118208.96348588061,0,0.0,0.0,0.0,0.0
1627084800000,118208.96348588061,118208.96348588061,0,0.0,0.0,0.0,0.0
1627099200000,118208.96348588061,118208.96348588061,0,0.0,0.0,0.0,0.0
1627113600000,118208.96348588061,118208.96348588061,0,0.0,0.0,0.0,0.0
1627128000000,118208.96348588061,118208.96348588061,0,0.0,0.0,0.0,0.0
1627142400000,118208.96348588061,118208.96348588061,0,0.0,0.0,0.0,0.0
1627156800000,118208.96348588061,118208.96348588061,0,0.0,0.0,0.0,0.0
1627171200000,118208.96348588061,118208.96348588061,0,0.0,0.0,0.0,0.0
1627185600000,118208.96348588061,118208.96348588061,0,0.0,0.0,0.0,0.0
1627200000000,118208.96348588061,118208.96348588061,0,0.0,0.0,0.0,0.0
1627214400000,118208.96348588061,118208.96348588061,0,0.0,0.0,0.0,0.0
1627228800000,118208.96348588061,118208.96348588061,0,0.0,0.0,0.0,0.0
1627243200000,118208.96348588061,118208.96348588061,0,0.0,0.0,0.0,0.0
1627257600000,118208.96348588061,118208.96348588061,0,0.0,0.0,0.0,0.0
1627272000000,118208.96348588061,118208.96348588061,0,0.0,0.0,0.0,0.0
1627286400000,118208.96348588061,118208.96348588061,0,0.0,0.0,0.0,0.0
1627300800000,118208.96348588061,118208.96348588061,0,0.0,0.0,0.0,0.0
1627315200000,118208.96348588061,118208.96348588061,0,0.0,0.0,0.0,0.0
1627329600000,118208.96348588061,118208.96348588061,0,0.0,0.0,0.0,0.0
1627344000000,118208.96348588061,118208.96348588061,0,0.0,0.0,0.0,0.0
1627358400000,118208.96348588061,118208.96348588061,0,0.0,0.0,0.0,0.0
1627372800000,118208.96348588061,118208.96348588061,0,0.0,0.0,0.0,0.0
1627387200000,118208.96348588061,118208.96348588061,0,0.0,0.0,0.0,0.0
1627401600000,118208.96348588061,118208.96348588061,0,0.0,0.0,0.0,0.0
1627416000000,118208.96348588061,118208.96348588061,0,0.0,0.0,0.0,0.0
1627430400000,118208.96348588061,118208.96348588061,0,0.0,0.0,0.0,0.0
1627444800000,118208.96348588061,118208.96348588061,0,0.0,0.0,0.0,0.0
1627459200000,118208.96348588061,118208.96348588061,0,0.0,0.0,0.0,0.0
1627473600000,118208.96348588061,118208.96348588061,0,0.0,0.0,0.0,0.0
1627488000000,118208.96348588061,118208.96348588061,0,0.0,0.0,0.0,0.0
1627502400000,118208.96348588061,118208.96348588061,0,0.0,0.0,0.0,0.0
1627516800000,118208.96348588061,118208.96348588061,0,0.0,0.0,0.0,0.0
1627531200000,118208.96348588061,118208.96348588061,0,0.0,0.0,0.0,0.0
1627545600000,118208.96348588061,118208.96348588061,0,0.0,0.0,0.0,0.0
1627560000000,118208.96348588061,118208.96348588061,0,0.0,0.0,0.0,0.0
1627574400000,118208.96348588061,118208.96348588061,0,0.0,0.0,0.0,0.0
1627588800000,118208.96348588061,118208.96348588061,0,0.0,0.0,0.0,0.0
1627603200000,118208.96348588061,118208.96348588061,0,0.0,0.0,0.0,0.0
1627617600000,118208.96348588061,118208.96348588061,0,0.0,0.0,0.0,0.0
1627632000000,118208.96348588061,118208.96348588061,0,0.0,0.0,0.0,0.0
1627646400000,118208.96348588061,118208.96348588061,0,0.0,0.0,0.0,0.0
1627660800000,118208.96348588061,118208.96348588061,0,0.0,0.0,0.0,0.0
1627675200000,118208.96348588061,118208.96348588061,0,0.0,0.0,0.0,0.0
1627689600000,118208.96348588061,118208.96348588061,0,0.0,0.0,0.0,0.0
1627704000000,118208.96348588061,118208.96348588061,0,0.0,0.0,0.0,0.0
1627718400000,118208.96348588061,118208.96348588061,0,0.0,0.0,0.0,0.0
1627732800000,118208.96348588061,118208.96348588061,0,0.0,0.0,0.0,0.0
1627747200000,118208.96348588061,118208.96348588061,0,0.0,0.0,0.0,0.0
1627761600000,118208.96348588061,118208.96348588061,0,0.0,0.0,0.0,0.0
1627776000000,118208.96348588061,118208.96348588061,0,0.0,0.0,0.0,0.0
1627790400000,118208.96348588061,118208.96348588061,0,0.0,0.0,0.0,0.0
1627804800000,118208.96348588061,118208.96348588061,0,0.0,0.0,0.0,0.0
1627819200000,118208.96348588061,118208.96348588061,0,0.0,0.0,0.0,0.0
1627833600000,118208.96348588061,118208.96348588061,0,0.0,0.0,0.0,0.0
1627848000000,118208.96348588061,118208.96348588061,0,0.0,0.0,0.0,0.0
1627862400000,118208.96348588061,118208.96348588061,0,0.0,0.0,0.0,0.0
1627876800000,118208.96348588061,118208.96348588061,0,0.0,0.0,0.0,0.0
1627891200000,118208.96348588061,118208.96348588061,0,0.0,0.0,0.0,0.0
1627905600000,118208.96348588061,118208.96348588061,0,0.0,0.0,0.0,0.0
1627920000000,118208.96348588061,118208.96348588061,0,0.0,0.0,0.0,0.0
1627934400000,118208.96348588061,118208.96348588061,0,0.0,0.0,0.0,0.0
1627948800000,118208.96348588061,118208.96348588061,0,0.0,0.0,0.0,0.0
1627963200000,118208.96348588061,118208.96348588061,0,0.0,0.0,0.0,0.0
1627977600000,118208.96348588061,118208.96348588061,0,0.0,0.0,0.0,0.0
1627992000000,118408.57963114585,118187.65214042828,1,42401.76341394697,1182.0896348588062,1182.0896348588062,42401.76341394697
1628006400000,118695.93290568532,118187.65214042828,1,42114.410139407504,1182.0896348588062,1182.0896348588062,42114.410139407504
1628020800000,119034.67502452133,118191.86358144223,1,41779.879461585435,1182.0896348588062,1182.0896348588062,41779.879461585435
1628035200000,118717.29976607475,118191.86358144223,1,42097.25472003202,1182.0896348588062,1182.0896348588062,42097.25472003202
1628049600000,118884.48536016325,118196.07269146356,1,41934.278235964855,1182.0896348588062,1182.0896348588062,41934.278235964855
1628064000000,118845.8856665684,118196.07269146356,1,41972.877929559705,1182.0896348588062,1182.0896348588062,41972.877929559705
1628078400000,118644.2168247664,118200.26888216745,1,42178.7429620656,1182.0896348588062,1182.0896348588062,42178.7429620656
1628092800000,117880.80066255707,118200.26888216745,1,42942.15912427493,1182.0896348588062,1182.0896348588062,42942.15912427493
1628107200000,117300.36028031391,117300.36028031391,0,0.0,0.0,0.0,0.0
1628121600000,117300.36028031391,117300.36028031391,0,0.0,0.0,0.0,0.0
1628136000000,117300.36028031391,117300.36028031391,0,0.0,0.0,0.0,0.0
1628150400000,117300.36028031391,117300.36028031391,0,0.0,0.0,0.0,0.0
1628164800000,117300.36028031391,117300.36028031391,0,0.0,0.0,0.0,0.0
1628179200000,117100.49464521675,117278.26908940772,1,44004.60736816963,2346.007205606278,0.0,0.0
1628193600000,117377.57394090045,117273.7821604741,1,44286.173592786945,2346.007205606278,0.0,0.0
1628208000000,117901.16730327389,117273.7821604741,1,44809.7669551604,2346.007205606278,0.0,0.0
1628222400000,116152.17561313242,117269.30290881263,1,43065.2545166804,2346.007205606278,0.0,0.0
1628236800000,117455.7673254032,117269.30290881263,1,44368.846228951166,2346.007205606278,0.0,0.0
1628251200000,117403.40440034073,117264.86614964248,1,44320.92006305886,2346.007205606278,0.0,0.0
1628265600000,120634.82613562958,117264.86614964248,1,47552.34179834771,2346.007205606278,0.0,0.0
1628280000000,120886.47589856121,117260.11092505026,1,47808.74678587155,2346.007205606278,0.0,0.0
1628294400000,120459.93302211967,117260.11092505026,1,47382.20390943001,2346.007205606278,0.0,0.0
1628308800000,121129.5793616957,117251.60201725013,1,48060.359156806175,2346.007205606278,0.0,0.0
1628323200000,120381.9311737757,117251.60201725013,1,47312.71096888617,2346.007205606278,0.0,0.0
1628337600000,121073.83410088309,117244.98107647714,1,48011.234836766555,2346.007205606278,0.0,0.0
1628352000000,119273.00841747962,117244.98107647714,1,46210.40915336309,2346.007205606278,0.0,0.0
1628366400000,119308.71982805282,117218.38847139034,1,46272.71316902309,2346.007205606278,0.0,0.0
1628380800000,120349.91578206321,117218.38847139034,1,47313.909123033474,2346.007205606278,0.0,0.0
1628395200000,119465.3819353424,117203.71453561493,1,46444.04921208809,2346.007205606278,0.0,0.0
1628409600000,119512.10994708742,117203.71453561493,1,46490.777223833094,2346.007205606278,0.0,0.0
1628424000000,118852.2217813727,117193.22591774099,1,45841.37767599232,2346.007205606278,0.0,0.0
1628438400000,118817.74277001884,118817.74277001884,0,0.0,0.0,0.0,0.0
1628452800000,118817.74277001884,118817.74277001884,0,0.0,0.0,0.0,0.0
1628467200000,118817.74277001884,118817.74277001884,0,0.0,0.0,0.0,0.0
1628481600000,118817.74277001884,118817.74277001884,0,0.0,0.0,0.0,0.0
1628496000000,118817.74277001884,118817.74277001884,0,0.0,0.0,0.0,0.0
1628510400000,118817.74277001884,118817.74277001884,0,0.0,0.0,0.0,0.0
1628524800000,118817.74277001884,118817.74277001884,0,0.0,0.0,0.0,0.0
1628539200000,118817.74277001884,118817.74277001884,0,0.0,0.0,0.0,0.0
1628553600000,118817.74277001884,118817.74277001884,0,0.0,0.0,0.0,0.0
1628568000000,118817.74277001884,118817.74277001884,0,0.0,0.0,0.0,0.0
1628582400000,118817.74277001884,118817.74277001884,0,0.0,0.0,0.0,0.0
1628596800000,118817.74277001884,118817.74277001884,0,0.0,0.0,0.0,0.0
1628611200000,118817.74277001884,118817.74277001884,0,0.0,0.0,0.0,0.0
1628625600000,118817.74277001884,118817.74277001884,0,0.0,0.0,0.0,0.0
1628640000000,118817.74277001884,118817.74277001884,0,0.0,0.0,0.0,0.0
1628654400000,118817.74277001884,118817.74277001884,0,0.0,0.0,0.0,0.0
1628668800000,118817.74277001884,118817.74277001884,0,0.0,0.0,0.0,0.0
1628683200000,118817.74277001884,118817.74277001884,0,0.0,0.0,0.0,0.0
1628697600000,118856.28875088287,118793.74377543584,1,48060.53414145778,2376.354855400377,0.0,0.0
1628712000000,119740.43236258169,118773.84975739807,1,48964.571771194365,2376.354855400377,0.0,0.0
1628726400000,117724.94697359289,118773.84975739807,1,46949.08638220556,2376.354855400377,0.0,0.0
1628740800000,119270.49638027686,118760.44150582058,1,48508.04404046704,2376.354855400377,0.0,0.0
1628755200000,116352.15606856621,116352.15606856621,0,0.0,0.0,0.0,0.0
1628769600000,116352.15606856621,116352.15606856621,0,0.0,0.0,0.0,0.0
1628784000000,116352.15606856621,116352.15606856621,0,0.0,0.0,0.0,0.0
1628798400000,116352.15606856621,116352.15606856621,0,0.0,0.0,0.0,0.0
1628812800000,116352.15606856621,116352.15606856621,0,0.0,0.0,0.0,0.0
1628827200000,116352.15606856621,116352.15606856621,0,0.0,0.0,0.0,0.0
1628841600000,116352.15606856621,116352.15606856621,0,0.0,0.0,0.0,0.0
1628856000000,116352.15606856621,116352.15606856621,0,0.0,0.0,0.0,0.0
1628870400000,116352.15606856621,116352.15606856621,0,0.0,0.0,0.0,0.0
1628884800000,116352.15606856621,116352.15606856621,0,0.0,0.0,0.0,0.0
1628899200000,116352.15606856621,116352.15606856621,0,0.0,0.0,0.0,0.0
1628913600000,116352.15606856621,116352.15606856621,0,0.0,0.0,0.0,0.0
1628928000000,116352.15606856621,116352.15606856621,0,0.0,0.0,0.0,0.0
1628942400000,113926.56085509562,113926.56085509562,0,0.0,0.0,0.0,0.0
1628956800000,113926.56085509562,113926.56085509562,0,0.0,0.0,0.0,0.0
1628971200000,113926.56085509562,113926.56085509562,0,0.0,0.0,0.0,0.0
1628985600000,113926.56085509562,113926.56085509562,0,0.0,0.0,0.0,0.0
1629000000000,113926.56085509562,113926.56085509562,0,0.0,0.0,0.0,0.0
1629014400000,113926.56085509562,113926.56085509562,0,0.0,0.0,0.0,0.0
1629028800000,113926.56085509562,113926.56085509562,0,0.0,0.0,0.0,0.0
1629043200000,113926.56085509562,113926.56085509562,0,0.0,0.0,0.0,0.0
1629057600000,113926.56085509562,113926.56085509562,0,0.0,0.0,0.0,0.0
1629072000000,113926.56085509562,113926.56085509562,0,0.0,0.0,0.0,0.0
1629086400000,113926.56085509562,113926.56085509562,0,0.0,0.0,0.0,0.0
1629100800000,113926.56085509562,113926.56085509562,0,0.0,0.0,0.0,0.0
1629115200000,113926.56085509562,113926.56085509562,0,0.0,0.0,0.0,0.0
1629129600000,113926.56085509562,113926.56085509562,0,0.0,0.0,0.0,0.0
1629144000000,113926.56085509562,113926.56085509562,0,0.0,0.0,0.0,0.0
1629158400000,113926.56085509562,113926.56085509562,0,0.0,0.0,0.0,0.0
1629172800000,113926.56085509562,113926.56085509562,0,0.0,0.0,0.0,0.0
1629187200000,113926.56085509562,113926.56085509562,0,0.0,0.0,0.0,0.0
1629201600000,113926.56085509562,113926.56085509562,0,0.0,0.0,0.0,0.0
1629216000000,113926.56085509562,113926.56085509562,0,0.0,0.0,0.0,0.0
1629230400000,113926.56085509562,113926.56085509562,0,0.0,0.0,0.0,0.0
1629244800000,113926.56085509562,113926.56085509562,0,0.0,0.0,0.0,0.0
1629259200000,113926.56085509562,113926.56085509562,0,0.0,0.0,0.0,0.0
1629273600000,113926.56085509562,113926.56085509562,0,0.0,0.0,0.0,0.0
1629288000000,113926.56085509562,113926.56085509562,0,0.0,0.0,0.0,0.0
1629302400000,113926.56085509562,113926.56085509562,0,0.0,0.0,0.0,0.0
1629316800000,113926.56085509562,113926.56085509562,0,0.0,0.0,0.0,0.0
1629331200000,113926.56085509562,113926.56085509562,0,0.0,0.0,0.0,0.0
1629345600000,113926.56085509562,113926.56085509562,0,0.0,0.0,0.0,0.0
1629360000000,113926.56085509562,113926.56085509562,0,0.0,0.0,0.0,0.0
1629374400000,113926.56085509562,113926.56085509562,0,0.0,0.0,0.0,0.0
1629388800000,113926.56085509562,113926.56085509562,0,0.0,0.0,0.0,0.0
1629403200000,113926.56085509562,113926.56085509562,0,0.0,0.0,0.0,0.0
1629417600000,113926.56085509562,113926.56085509562,0,0.0,0.0,0.0,0.0
1629432000000,113926.56085509562,113926.56085509562,0,0.0,0.0,0.0,0.0
1629446400000,113926.56085509562,113926.56085509562,0,0.0,0.0,0.0,0.0
1629460800000,113926.56085509562,113926.56085509562,0,0.0,0.0,0.0,0.0
1629475200000,113926.56085509562,113926.56085509562,0,0.0,0.0,0.0,0.0
1629489600000,113926.56085509562,113926.56085509562,0,0.0,0.0,0.0,0.0
1629504000000,113926.56085509562,113926.56085509562,0,0.0,0.0,0.0,0.0
1629518400000,113926.56085509562,113926.56085509562,0,0.0,0.0,0.0,0.0
1629532800000,113926.56085509562,113926.56085509562,0,0.0,0.0,0.0,0.0
1629547200000,113926.56085509562,113926.56085509562,0,0.0,0.0,0.0,0.0
1629561600000,113926.56085509562,113926.56085509562,0,0.0,0.0,0.0,0.0
1629576000000,113926.56085509562,113926.56085509562,0,0.0,0.0,0.0,0.0
1629590400000,113926.56085509562,113926.56085509562,0,0.0,0.0,0.0,0.0
1629604800000,113926.56085509562,113926.56085509562,0,0.0,0.0,0.0,0.0
1629619200000,113926.56085509562,113926.56085509562,0,0.0,0.0,0.0,0.0
1629633600000,113926.56085509562,113926.56085509562,0,0.0,0.0,0.0,0.0
1629648000000,113926.56085509562,113926.56085509562,0,0.0,0.0,0.0,0.0
1629662400000,113926.56085509562,113926.56085509562,0,0.0,0.0,0.0,0.0
1629676800000,113926.56085509562,113926.56085509562,0,0.0,0.0,0.0,0.0
1629691200000,113926.56085509562,113926.56085509562,0,0.0,0.0,0.0,0.0
1629705600000,113926.56085509562,113926.56085509562,0,0.0,0.0,0.0,0.0
1629720000000,113926.56085509562,113926.56085509562,0,0.0,0.0,0.0,0.0
1629734400000,113926.56085509562,113926.56085509562,0,0.0,0.0,0.0,0.0
1629748800000,113926.56085509562,113926.56085509562,0,0.0,0.0,0.0,0.0
1629763200000,113926.56085509562,113926.56085509562,0,0.0,0.0,0.0,0.0
1629777600000,113926.56085509562,113926.56085509562,0,0.0,0.0,0.0,0.0
1629792000000,113926.56085509562,113926.56085509562,0,0.0,0.0,0.0,0.0
1629806400000,113926.56085509562,113926.56085509562,0,0.0,0.0,0.0,0.0
1629820800000,113926.56085509562,113926.56085509562,0,0.0,0.0,0.0,0.0
1629835200000,113926.56085509562,113926.56085509562,0,0.0,0.0,0.0,0.0
1629849600000,113926.56085509562,113926.56085509562,0,0.0,0.0,0.0,0.0
1629864000000,113926.56085509562,113926.56085509562,0,0.0,0.0,0.0,0.0
1629878400000,113926.56085509562,113926.56085509562,0,0.0,0.0,0.0,0.0
1629892800000,113926.56085509562,113926.56085509562,0,0.0,0.0,0.0,0.0
1629907200000,113926.56085509562,113926.56085509562,0,0.0,0.0,0.0,0.0
1629921600000,113926.56085509562,113926.56085509562,0,0.0,0.0,0.0,0.0
1629936000000,113926.56085509562,113926.56085509562,0,0.0,0.0,0.0,0.0
1629950400000,113926.56085509562,113926.56085509562,0,0.0,0.0,0.0,0.0
1629964800000,113926.56085509562,113926.56085509562,0,0.0,0.0,0.0,0.0
1629979200000,113926.56085509562,113926.56085509562,0,0.0,0.0,0.0,0.0
1629993600000,113926.56085509562,113926.56085509562,0,0.0,0.0,0.0,0.0
1630008000000,113926.56085509562,113926.56085509562,0,0.0,0.0,0.0,0.0
1630022400000,113926.56085509562,113926.56085509562,0,0.0,0.0,0.0,0.0
1630036800000,113926.56085509562,113926.56085509562,0,0.0,0.0,0.0,0.0
1630051200000,113926.56085509562,113926.56085509562,0,0.0,0.0,0.0,0.0
1630065600000,113926.56085509562,113926.56085509562,0,0.0,0.0,0.0,0.0
1630080000000,113926.56085509562,113926.56085509562,0,0.0,0.0,0.0,0.0
1630094400000,113926.56085509562,113926.56085509562,0,0.0,0.0,0.0,0.0
1630108800000,113926.56085509562,113926.56085509562,0,0.0,0.0,0.0,0.0
1630123200000,113926.56085509562,113926.56085509562,0,0.0,0.0,0.0,0.0
1630137600000,113926.56085509562,113926.56085509562,0,0.0,0.0,0.0,0.0
1630152000000,113926.56085509562,113926.56085509562,0,0.0,0.0,0.0,0.0
1630166400000,113926.56085509562,113926.56085509562,0,0.0,0.0,0.0,0.0
1630180800000,113926.56085509562,113926.56085509562,0,0.0,0.0,0.0,0.0
1630195200000,113926.56085509562,113926.56085509562,0,0.0,0.0,0.0,0.0
1630209600000,113926.56085509562,113926.56085509562,0,0.0,0.0,0.0,0.0
1630224000000,113926.56085509562,113926.56085509562,0,0.0,0.0,0.0,0.0
1630238400000,113926.56085509562,113926.56085509562,0,0.0,0.0,0.0,0.0
1630252800000,113926.56085509562,113926.56085509562,0,0.0,0.0,0.0,0.0
1630267200000,113926.56085509562,113926.56085509562,0,0.0,0.0,0.0,0.0
1630281600000,113926.56085509562,113926.56085509562,0,0.0,0.0,0.0,0.0
1630296000000,113926.56085509562,113926.56085509562,0,0.0,0.0,0.0,0.0
1630310400000,113926.56085509562,113926.56085509562,0,0.0,0.0,0.0,0.0
1630324800000,113926.56085509562,113926.56085509562,0,0.0,0.0,0.0,0.0
1630339200000,113926.56085509562,113926.56085509562,0,0.0,0.0,0.0,0.0
1630353600000,113926.56085509562,113926.56085509562,0,0.0,0.0,0.0,0.0
1630368000000,113926.56085509562,113926.56085509562,0,0.0,0.0,0.0,0.0
1630382400000,113926.56085509562,113926.56085509562,0,0.0,0.0,0.0,0.0
1630396800000,113926.56085509562,113926.56085509562,0,0.0,0.0,0.0,0.0
1630411200000,113926.56085509562,113926.56085509562,0,0.0,0.0,0.0,0.0
1630425600000,113926.56085509562,113926.56085509562,0,0.0,0.0,0.0,0.0
1630440000000,113926.56085509562,113926.56085509562,0,0.0,0.0,0.0,0.0
1630454400000,114148.84632620448,113895.17342499371,1,63028.53310503236,2278.5312171019127,0.0,0.0
1630468800000,114391.68190760862,113888.8705716832,1,63277.67153974701,2278.5312171019127,0.0,0.0
1630483200000,115756.98257749397,113888.8705716832,1,64642.972209632346,2278.5312171019127,0.0,0.0
1630497600000,116018.76488896475,113882.40648589485,1,64911.218606891474,2278.5312171019127,0.0,0.0
1630512000000,116898.8335484656,113882.40648589485,1,65791.28726639232,2278.5312171019127,0.0,0.0
1630526400000,119379.04482685584,113875.82667736571,1,68278.07835331172,2278.5312171019127,0.0,0.0
1630540800000,121496.17033070307,113875.82667736571,1,70395.20385715895,2278.5312171019127,0.0,0.0
1630555200000,120354.71925329484,113857.70332108234,1,69271.87613603407,2278.5312171019127,0.0,0.0
1630569600000,119735.73150509893,113857.70332108234,1,68652.88838783817,2278.5312171019127,0.0,0.0
1630584000000,120173.52164815586,113802.91223739152,1,69145.46961458593,2278.5312171019127,0.0,0.0
1630598400000,120104.80647515935,113802.91223739152,1,69076.75444158941,2278.5312171019127,0.0,0.0
1630612800000,120586.80167841208,113782.95596303334,1,69578.70591920034,2278.5312171019127,0.0,0.0
1630627200000,120622.629108183,113782.95596303334,1,69614.53334897124,2278.5312171019127,0.0,0.0
1630641600000,120988.0924426179,113763.87155126045,1,69999.08109517902,2278.5312171019127,0.0,0.0
1630656000000,120822.3676136263,113763.87155126045,1,69833.35626618743,2278.5312171019127,0.0,0.0
1630670400000,123697.64823044943,113737.49781745794,1,72735.01061681307,2278.5312171019127,0.0,0.0
1630684800000,123931.35331080122,113737.49781745794,1,72968.71569716487,2278.5312171019127,0.0,0.0
1630699200000,123463.32203634793,113689.84171898334,1,72548.34052118617,2278.5312171019127,0.0,0.0
1630713600000,123356.02347744428,113689.84171898334,1,72441.04196228251,2278.5312171019127,0.0,0.0
1630728000000,122945.36904715262,113634.15443903733,1,72086.07481193687,2278.5312171019127,0.0,0.0
1630742400000,122895.94556710968,113634.15443903733,1,72036.65133189393,2278.5312171019127,0.0,0.0
1630756800000,122312.06765974258,113582.7272571887,1,71504.20060637547,2278.5312171019127,0.0,0.0
1630771200000,122866.933495169,113582.7272571887,1,72059.06644180187,2278.5312171019127,0.0,0.0
1630785600000,121763.49043266944,113528.20110013598,1,71010.14953635505,2278.5312171019127,0.0,0.0
1630800000000,122219.1418471918,113528.20110013598,1,71465.8009508774,2278.5312171019127,0.0,0.0
1630814400000,121403.45186650718,113477.93200368529,1,70700.38006664348,2278.5312171019127,0.0,0.0
1630828800000,121353.23426323387,121353.23426323387,0,0.0,0.0,0.0,0.0
1630843200000,121353.23426323387,121353.23426323387,0,0.0,0.0,0.0,0.0
1630857600000,121353.23426323387,121353.23426323387,0,0.0,0.0,0.0,0.0
1630872000000,121353.23426323387,121353.23426323387,0,0.0,0.0,0.0,0.0
1630886400000,121353.23426323387,121353.23426323387,0,0.0,0.0,0.0,0.0
1630900800000,121353.23426323387,121353.23426323387,0,0.0,0.0,0.0,0.0
1630915200000,121353.23426323387,121353.23426323387,0,0.0,0.0,0.0,0.0
1630929600000,121353.23426323387,121353.23426323387,0,0.0,0.0,0.0,0.0
1630944000000,121353.23426323387,121353.23426323387,0,0.0,0.0,0.0,0.0
1630958400000,121353.23426323387,121353.23426323387,0,0.0,0.0,0.0,0.0
1630972800000,123290.96337026138,121296.96286203928,1,114536.80289742153,2427.0646852646773,0.0,0.0
1630987200000,123272.83539334891,121285.50917305339,1,114530.12860949496,2427.0646852646773,0.0,0.0
1631001600000,122617.62467826375,121285.50917305339,1,113874.9178944098,2427.0646852646773,0.0,0.0
1631016000000,118769.98808549723,118769.98808549723,0,0.0,0.0,0.0,0.0
1631030400000,118769.98808549723,118769.98808549723,0,0.0,0.0,0.0,0.0
1631044800000,118769.98808549723,118769.98808549723,0,0.0,0.0,0.0,0.0
1631059200000,118769.98808549723,118769.98808549723,0,0.0,0.0,0.0,0.0
1631073600000,118769.98808549723,118769.98808549723,0,0.0,0.0,0.0,0.0
1631088000000,118769.98808549723,118769.98808549723,0,0.0,0.0,0.0,0.0
1631102400000,118769.98808549723,118769.98808549723,0,0.0,0.0,0.0,0.0
1631116800000,118769.98808549723,118769.98808549723,0,0.0,0.0,0.0,0.0
1631131200000,118769.98808549723,118769.98808549723,0,0.0,0.0,0.0,0.0
1631145600000,118769.98808549723,118769.98808549723,0,0.0,0.0,0.0,0.0
1631160000000,118769.98808549723,118769.98808549723,0,0.0,0.0,0.0,0.0
1631174400000,118769.98808549723,118769.98808549723,0,0.0,0.0,0.0,0.0
1631188800000,118769.98808549723,118769.98808549723,0,0.0,0.0,0.0,0.0
1631203200000,118769.98808549723,118769.98808549723,0,0.0,0.0,0.0,0.0
1631217600000,118769.98808549723,118769.98808549723,0,0.0,0.0,0.0,0.0
1631232000000,118769.98808549723,118769.98808549723,0,0.0,0.0,0.0,0.0
1631246400000,118769.98808549723,118769.98808549723,0,0.0,0.0,0.0,0.0
1631260800000,118769.98808549723,118769.98808549723,0,0.0,0.0,0.0,0.0
1631275200000,118769.98808549723,118769.98808549723,0,0.0,0.0,0.0,0.0
1631289600000,118769.98808549723,118769.98808549723,0,0.0,0.0,0.0,0.0
1631304000000,118769.98808549723,118769.98808549723,0,0.0,0.0,0.0,0.0
1631318400000,118769.98808549723,118769.98808549723,0,0.0,0.0,0.0,0.0
1631332800000,118769.98808549723,118769.98808549723,0,0.0,0.0,0.0,0.0
1631347200000,118769.98808549723,118769.98808549723,0,0.0,0.0,0.0,0.0
1631361600000,118769.98808549723,118769.98808549723,0,0.0,0.0,0.0,0.0
1631376000000,118769.98808549723,118769.98808549723,0,0.0,0.0,0.0,0.0
1631390400000,118769.98808549723,118769.98808549723,0,0.0,0.0,0.0,0.0
1631404800000,118769.98808549723,118769.98808549723,0,0.0,0.0,0.0,0.0
1631419200000,118769.98808549723,118769.98808549723,0,0.0,0.0,0.0,0.0
1631433600000,118769.98808549723,118769.98808549723,0,0.0,0.0,0.0,0.0
1631448000000,118769.98808549723,118769.98808549723,0,0.0,0.0,0.0,0.0
1631462400000,118769.98808549723,118769.98808549723,0,0.0,0.0,0.0,0.0
1631476800000,118769.98808549723,118769.98808549723,0,0.0,0.0,0.0,0.0
1631491200000,118769.98808549723,118769.98808549723,0,0.0,0.0,0.0,0.0
1631505600000,118769.98808549723,118769.98808549723,0,0.0,0.0,0.0,0.0
1631520000000,118769.98808549723,118769.98808549723,0,0.0,0.0,0.0,0.0
1631534400000,118769.98808549723,118769.98808549723,0,0.0,0.0,0.0,0.0
1631548800000,118769.98808549723,118769.98808549723,0,0.0,0.0,0.0,0.0
1631563200000,118769.98808549723,118769.98808549723,0,0.0,0.0,0.0,0.0
1631577600000,118769.98808549723,118769.98808549723,0,0.0,0.0,0.0,0.0
1631592000000,118769.98808549723,118769.98808549723,0,0.0,0.0,0.0,0.0
1631606400000,118769.98808549723,118769.98808549723,0,0.0,0.0,0.0,0.0
1631620800000,118769.98808549723,118769.98808549723,0,0.0,0.0,0.0,0.0
1631635200000,118769.98808549723,118769.98808549723,0,0.0,0.0,0.0,0.0
1631649600000,118769.98808549723,118769.98808549723,0,0.0,0.0,0.0,0.0
1631664000000,118769.98808549723,118769.98808549723,0,0.0,0.0,0.0,0.0
1631678400000,118769.98808549723,118769.98808549723,0,0.0,0.0,0.0,0.0
1631692800000,118769.98808549723,118769.98808549723,0,0.0,0.0,0.0,0.0
1631707200000,118769.98808549723,118769.98808549723,0,0.0,0.0,0.0,0.0
1631721600000,118769.98808549723,118769.98808549723,0,0.0,0.0,0.0,0.0
1631736000000,118769.98808549723,118769.98808549723,0,0.0,0.0,0.0,0.0
1631750400000,118769.98808549723,118769.98808549723,0,0.0,0.0,0.0,0.0
1631764800000,118769.98808549723,118769.98808549723,0,0.0,0.0,0.0,0.0
1631779200000,118769.98808549723,118769.98808549723,0,0.0,0.0,0.0,0.0
1631793600000,118769.98808549723,118769.98808549723,0,0.0,0.0,0.0,0.0
1631808000000,118769.98808549723,118769.98808549723,0,0.0,0.0,0.0,0.0
1631822400000,118769.98808549723,118769.98808549723,0,0.0,0.0,0.0,0.0
1631836800000,118769.98808549723,118769.98808549723,0,0.0,0.0,0.0,0.0
1631851200000,118769.98808549723,118769.98808549723,0,0.0,0.0,0.0,0.0
1631865600000,118769.98808549723,118769.98808549723,0,0.0,0.0,0.0,0.0
1631880000000,118769.98808549723,118769.98808549723,0,0.0,0.0,0.0,0.0
1631894400000,118769.98808549723,118769.98808549723,0,0.0,0.0,0.0,0.0
1631908800000,118769.98808549723,118769.98808549723,0,0.0,0.0,0.0,0.0
1631923200000,118769.98808549723,118769.98808549723,0,0.0,0.0,0.0,0.0
1631937600000,118769.98808549723,118769.98808549723,0,0.0,0.0,0.0,0.0
1631952000000,118769.98808549723,118769.98808549723,0,0.0,0.0,0.0,0.0
1631966400000,118769.98808549723,118769.98808549723,0,0.0,0.0,0.0,0.0
1631980800000,118769.98808549723,118769.98808549723,0,0.0,0.0,0.0,0.0
1631995200000,118769.98808549723,118769.98808549723,0,0.0,0.0,0.0,0.0
1632009600000,118769.98808549723,118769.98808549723,0,0.0,0.0,0.0,0.0
1632024000000,118769.98808549723,118769.98808549723,0,0.0,0.0,0.0,0.0
1632038400000,118769.98808549723,118769.98808549723,0,0.0,0.0,0.0,0.0
1632052800000,118769.98808549723,118769.98808549723,0,0.0,0.0,0.0,0.0
1632067200000,117498.53340865413,118722.9928619152,1,95214.90661730069,2375.3997617099444,2375.3997617099444,95214.90661730069
1632081600000,118353.2166767622,118732.514155506,1,94369.74464278341,2375.3997617099444,2375.3997617099444,94369.74464278341
1632096000000,119748.87262532685,118680.07176061488,2,197806.43608154054,4742.544205384953,4742.544205384953,197806.43608154054
1632110400000,128431.74354225492,123376.09623971404,2,94381.97117058537,2371.2721026924764,2371.2721026924764,94381.97117058537
1632124800000,132546.44494334533,123329.36472377183,3,183683.57013797897,4940.1929157982095,4940.1929157982095,183683.57013797897
1632139200000,142908.89611853828,125837.08190823413,4,226421.63851180155,6307.109053519211,6307.109053519211,226421.63851180155
1632153600000,141489.07413337074,128456.24630360337,4,181798.46573895516,4981.420781382277,4981.420781382277,181798.46573895516
1632168000000,141442.1089931176,134322.55347315327,2,93984.99852452528,2509.2604939744388,2509.2604939744388,93984.99852452528
1632182400000,142540.9418334823,134322.55347315327,2,92886.1656841606,2509.2604939744388,2509.2604939744388,92886.1656841606
1632196800000,143031.24893830443,134327.205507644,2,92400.51061382916,2509.2604939744388,2509.2604939744388,92400.51061382916
1632211200000,141833.41687670076,135985.4107135512,1,46594.38872795687,1183.5722218375045,1183.5722218375045,46594.38872795687
1632225600000,141392.54642377453,141392.54642377453,0,0.0,0.0,0.0,0.0
1632240000000,141392.54642377453,141392.54642377453,0,0.0,0.0,0.0,0.0
1632254400000,141392.54642377453,141392.54642377453,0,0.0,0.0,0.0,0.0
1632268800000,141392.54642377453,141392.54642377453,0,0.0,0.0,0.0,0.0
1632283200000,141392.54642377453,141392.54642377453,0,0.0,0.0,0.0,0.0
1632297600000,141392.54642377453,141392.54642377453,0,0.0,0.0,0.0,0.0
1632312000000,141392.54642377453,141392.54642377453,0,0.0,0.0,0.0,0.0
1632326400000,141392.54642377453,141392.54642377453,0,0.0,0.0,0.0,0.0
1632340800000,141392.54642377453,141392.54642377453,0,0.0,0.0,0.0,0.0
1632355200000,141392.54642377453,141392.54642377453,0,0.0,0.0,0.0,0.0
1632369600000,141392.54642377453,141392.54642377453,0,0.0,0.0,0.0,0.0
1632384000000,141392.54642377453,141392.54642377453,0,0.0,0.0,0.0,0.0
1632398400000,141392.54642377453,141392.54642377453,0,0.0,0.0,0.0,0.0
1632412800000,141392.54642377453,141392.54642377453,0,0.0,0.0,0.0,0.0
1632427200000,141392.54642377453,141392.54642377453,0,0.0,0.0,0.0,0.0
1632441600000,141392.54642377453,141392.54642377453,0,0.0,0.0,0.0,0.0
1632456000000,141392.54642377453,141392.54642377453,0,0.0,0.0,0.0,0.0
1632470400000,141392.54642377453,141392.54642377453,0,0.0,0.0,0.0,0.0
1632484800000,141392.54642377453,141392.54642377453,0,0.0,0.0,0.0,0.0
1632499200000,141392.54642377453,141392.54642377453,0,0.0,0.0,0.0,0.0
1632513600000,141392.54642377453,141392.54642377453,0,0.0,0.0,0.0,0.0
1632528000000,141392.54642377453,141392.54642377453,0,0.0,0.0,0.0,0.0
1632542400000,141392.54642377453,141392.54642377453,0,0.0,0.0,0.0,0.0
1632556800000,141392.54642377453,141392.54642377453,0,0.0,0.0,0.0,0.0
1632571200000,141392.54642377453,141392.54642377453,0,0.0,0.0,0.0,0.0
1632585600000,141392.54642377453,141392.54642377453,0,0.0,0.0,0.0,0.0
1632600000000,141392.54642377453,141392.54642377453,0,0.0,0.0,0.0,0.0
1632614400000,141392.54642377453,141392.54642377453,0,0.0,0.0,0.0,0.0
1632628800000,141392.54642377453,141392.54642377453,0,0.0,0.0,0.0,0.0
1632643200000,141392.54642377453,141392.54642377453,0,0.0,0.0,0.0,0.0
1632657600000,141392.54642377453,141392.54642377453,0,0.0,0.0,0.0,0.0
1632672000000,141392.54642377453,141392.54642377453,0,0.0,0.0,0.0,0.0
1632686400000,141392.54642377453,141392.54642377453,0,0.0,0.0,0.0,0.0
1632700800000,141392.54642377453,141392.54642377453,0,0.0,0.0,0.0,0.0
1632715200000,141392.54642377453,141392.54642377453,0,0.0,0.0,0.0,0.0
1632729600000,141392.54642377453,141392.54642377453,0,0.0,0.0,0.0,0.0
1632744000000,141392.54642377453,141392.54642377453,0,0.0,0.0,0.0,0.0
1632758400000,141392.54642377453,141392.54642377453,0,0.0,0.0,0.0,0.0
1632772800000,141392.54642377453,141392.54642377453,0,0.0,0.0,0.0,0.0
1632787200000,141392.54642377453,141392.54642377453,0,0.0,0.0,0.0,0.0
1632801600000,141392.54642377453,141392.54642377453,0,0.0,0.0,0.0,0.0
1632816000000,141392.54642377453,141392.54642377453,0,0.0,0.0,0.0,0.0
1632830400000,141392.54642377453,141392.54642377453,0,0.0,0.0,0.0,0.0
1632844800000,141392.54642377453,141392.54642377453,0,0.0,0.0,0.0,0.0
1632859200000,141392.54642377453,141392.54642377453,0,0.0,0.0,0.0,0.0
1632873600000,141392.54642377453,141392.54642377453,0,0.0,0.0,0.0,0.0
1632888000000,138948.878437686,141345.60198169376,1,96285.60770557758,2827.8509284754905,2827.8509284754905,96285.60770557758
1632902400000,138450.03966698173,138450.03966698173,0,0.0,0.0,0.0,0.0
1632916800000,138450.03966698173,138450.03966698173,0,0.0,0.0,0.0,0.0
1632931200000,138450.03966698173,138450.03966698173,0,0.0,0.0,0.0,0.0
1632945600000,138450.03966698173,138450.03966698173,0,0.0,0.0,0.0,0.0
1632960000000,138450.03966698173,138450.03966698173,0,0.0,0.0,0.0,0.0
1632974400000,138450.03966698173,138450.03966698173,0,0.0,0.0,0.0,0.0
1632988800000,138450.03966698173,138450.03966698173,0,0.0,0.0,0.0,0.0
1633003200000,138450.03966698173,138450.03966698173,0,0.0,0.0,0.0,0.0
1633017600000,138450.03966698173,138450.03966698173,0,0.0,0.0,0.0,0.0
1633032000000,138450.03966698173,138450.03966698173,0,0.0,0.0,0.0,0.0
1633046400000,138450.03966698173,138450.03966698173,0,0.0,0.0,0.0,0.0
1633060800000,138450.03966698173,138450.03966698173,0,0.0,0.0,0.0,0.0
1633075200000,138450.03966698173,138450.03966698173,0,0.0,0.0,0.0,0.0
1633089600000,138450.03966698173,138450.03966698173,0,0.0,0.0,0.0,0.0
1633104000000,138450.03966698173,138450.03966698173,0,0.0,0.0,0.0,0.0
1633118400000,138450.03966698173,138450.03966698173,0,0.0,0.0,0.0,0.0
1633132800000,138450.03966698173,138450.03966698173,0,0.0,0.0,0.0,0.0
1633147200000,138450.03966698173,138450.03966698173,0,0.0,0.0,0.0,0.0
1633161600000,138450.03966698173,138450.03966698173,0,0.0,0.0,0.0,0.0
1633176000000,138597.59510682803,138426.7348742776,1,46780.445640775346,2769.0007933396346,0.0,0.0
1633190400000,141909.62032441763,138426.7348742776,1,50092.470858364955,2769.0007933396346,0.0,0.0
1633204800000,143196.73442007886,138421.72411579223,1,51384.59571251157,2769.0007933396346,0.0,0.0
1633219200000,141454.01188590343,138421.72411579223,1,49641.87317833613,2769.0007933396346,0.0,0.0
1633233600000,141958.43131986095,138416.75947963237,1,50151.25724845353,2769.0007933396346,0.0,0.0
1633248000000,142265.0023441728,138416.75947963237,1,50457.82827276537,2769.0007933396346,0.0,0.0
1633262400000,142037.15533394067,138411.71288783586,1,50235.027854329725,2769.0007933396346,0.0,0.0
1633276800000,142542.1304248014,138411.71288783586,1,50740.00294519048,2769.0007933396346,0.0,0.0
1633291200000,143421.2037020457,138406.63885814816,1,51624.150252122454,2769.0007933396346,0.0,0.0
1633305600000,142660.50781429966,138406.63885814816,1,50863.454364376455,2769.0007933396346,0.0,0.0
1633320000000,140956.78923118056,138401.55301663806,1,49164.82162276744,2769.0007933396346,0.0,0.0
1633334400000,141673.6892583106,138401.55301663806,1,49881.72164989747,2769.0007933396346,0.0,0.0
1633348800000,140565.86681500004,138396.56325138896,1,48778.88897183603,2769.0007933396346,0.0,0.0
1633363200000,140719.00536118075,138396.56325138896,1,48932.02751801673,2769.0007933396346,0.0,0.0
1633377600000,141550.93565902626,138391.66928632377,1,49768.85178092742,2769.0007933396346,0.0,0.0
1633392000000,140940.43899795655,138391.66928632377,1,49158.355119857704,2769.0007933396346,0.0,0.0
1633406400000,140901.11846421036,140901.11846421036,0,0.0,0.0,0.0,0.0
1633420800000,140901.11846421036,140901.11846421036,0,0.0,0.0,0.0,0.0
1633435200000,140901.11846421036,140901.11846421036,0,0.0,0.0,0.0,0.0
1633449600000,140901.11846421036,140901.11846421036,0,0.0,0.0,0.0,0.0
1633464000000,140901.11846421036,140901.11846421036,0,0.0,0.0,0.0,0.0
1633478400000,140901.11846421036,140901.11846421036,0,0.0,0.0,0.0,0.0
1633492800000,140901.11846421036,140901.11846421036,0,0.0,0.0,0.0,0.0
1633507200000,140901.11846421036,140901.11846421036,0,0.0,0.0,0.0,0.0
1633521600000,140901.11846421036,140901.11846421036,0,0.0,0.0,0.0,0.0
1633536000000,139440.43317222485,139440.43317222485,0,0.0,0.0,0.0,0.0
1633550400000,139440.43317222485,139440.43317222485,0,0.0,0.0,0.0,0.0
1633564800000,139440.43317222485,139440.43317222485,0,0.0,0.0,0.0,0.0
1633579200000,139440.43317222485,139440.43317222485,0,0.0,0.0,0.0,0.0
1633593600000,139440.43317222485,139440.43317222485,0,0.0,0.0,0.0,0.0
1633608000000,139440.43317222485,139440.43317222485,0,0.0,0.0,0.0,0.0
1633622400000,139440.43317222485,139440.43317222485,0,0.0,0.0,0.0,0.0
1633636800000,139440.43317222485,139440.43317222485,0,0.0,0.0,0.0,0.0
1633651200000,139440.43317222485,139440.43317222485,0,0.0,0.0,0.0,0.0
1633665600000,139440.43317222485,139440.43317222485,0,0.0,0.0,0.0,0.0
1633680000000,139440.43317222485,139440.43317222485,0,0.0,0.0,0.0,0.0
1633694400000,139440.43317222485,139440.43317222485,0,0.0,0.0,0.0,0.0
1633708800000,139440.43317222485,139440.43317222485,0,0.0,0.0,0.0,0.0
1633723200000,139440.43317222485,139440.43317222485,0,0.0,0.0,0.0,0.0
1633737600000,139440.43317222485,139440.43317222485,0,0.0,0.0,0.0,0.0
1633752000000,139440.43317222485,139440.43317222485,0,0.0,0.0,0.0,0.0
1633766400000,139440.43317222485,139440.43317222485,0,0.0,0.0,0.0,0.0
1633780800000,139440.43317222485,139440.43317222485,0,0.0,0.0,0.0,0.0
1633795200000,139440.43317222485,139440.43317222485,0,0.0,0.0,0.0,0.0
1633809600000,139440.43317222485,139440.43317222485,0,0.0,0.0,0.0,0.0
1633824000000,139440.43317222485,139440.43317222485,0,0.0,0.0,0.0,0.0
1633838400000,139440.43317222485,139440.43317222485,0,0.0,0.0,0.0,0.0
1633852800000,139440.43317222485,139440.43317222485,0,0.0,0.0,0.0,0.0
1633867200000,139440.43317222485,139440.43317222485,0,0.0,0.0,0.0,0.0
1633881600000,139440.43317222485,139440.43317222485,0,0.0,0.0,0.0,0.0
1633896000000,139440.43317222485,139440.43317222485,0,0.0,0.0,0.0,0.0
1633910400000,139440.43317222485,139440.43317222485,0,0.0,0.0,0.0,0.0
1633924800000,135623.50990778278,137937.44136299612,2,108419.91145425316,2788.5224435682962,2788.5224435682962,108419.91145425316
1633939200000,135072.68187826776,135072.68187826776,0,0.0,0.0,0.0,0.0
1633953600000,135072.68187826776,135072.68187826776,0,0.0,0.0,0.0,0.0
1633968000000,135072.68187826776,135072.68187826776,0,0.0,0.0,0.0,0.0
1633982400000,135015.57580845084,135029.86879634034,1,85611.87086694952,2701.453637565355,0.0,0.0
1633996800000,133740.27508395573,134957.63299215134,4,231280.91630123885,6750.95858217848,4049.5049446131247,145671.85936628006
1634011200000,136467.6646572893,134963.6394544756,4,226306.15431827694,6750.95858217848,4049.5049446131247,141823.78681929444
1634025600000,136994.58915011986,134963.6394544756,4,227542.1507733827,6750.95858217848,4049.5049446131247,142178.32280043204
1634040000000,138170.8498492814,136304.19566984382,4,205311.0369599585,6076.231175687278,3374.7775381219226,120059.33449929507
1634054400000,133697.25085916618,134850.7125675442,4,205627.93195905793,6076.231175687278,3374.7775381219226,121727.83994275259
1634068800000,132311.24426452979,130717.76163224339,2,83368.45316875863,2024.6217800374143,2024.6217800374143,83368.45316875863
1634083200000,132290.25469520566,130717.76163224339,2,83389.44273808277,2024.6217800374143,2024.6217800374143,83389.44273808277
1634097600000,131483.0753263715,130842.9824218098,1,62150.684591426936,1349.894373546212,1349.894373546212,62150.684591426936
1634112000000,132849.56874315362,130842.9824218098,1,60784.19117464482,1349.894373546212,1349.894373546212,60784.19117464482
1634126400000,131736.81316815875,130849.0615420054,1,61903.02586983529,1349.894373546212,1349.894373546212,61903.02586983529
1634140800000,131981.55825773167,130849.0615420054,1,61658.28078026238,1349.894373546212,1349.894373546212,61658.28078026238
1634155200000,130301.97469220753,130301.97469220753,0,0.0,0.0,0.0,0.0
1634169600000,130301.97469220753,130301.97469220753,0,0.0,0.0,0.0,0.0
1634184000000,130301.97469220753,130301.97469220753,0,0.0,0.0,0.0,0.0
1634198400000,130301.97469220753,130301.97469220753,0,0.0,0.0,0.0,0.0
1634212800000,130301.97469220753,130301.97469220753,0,0.0,0.0,0.0,0.0
1634227200000,130301.97469220753,130301.97469220753,0,0.0,0.0,0.0,0.0
1634241600000,130301.97469220753,130301.97469220753,0,0.0,0.0,0.0,0.0
1634256000000,130301.97469220753,130301.97469220753,0,0.0,0.0,0.0,0.0
1634270400000,130301.97469220753,130301.97469220753,0,0.0,0.0,0.0,0.0
1634284800000,130301.97469220753,130301.97469220753,0,0.0,0.0,0.0,0.0
1634299200000,130301.97469220753,130301.97469220753,0,0.0,0.0,0.0,0.0
1634313600000,130301.97469220753,130301.97469220753,0,0.0,0.0,0.0,0.0
1634328000000,130301.97469220753,130301.97469220753,0,0.0,0.0,0.0,0.0
1634342400000,130301.97469220753,130301.97469220753,0,0.0,0.0,0.0,0.0
1634356800000,130301.97469220753,130301.97469220753,0,0.0,0.0,0.0,0.0
1634371200000,130301.97469220753,130301.97469220753,0,0.0,0.0,0.0,0.0
1634385600000,130301.97469220753,130301.97469220753,0,0.0,0.0,0.0,0.0
1634400000000,130301.97469220753,130301.97469220753,0,0.0,0.0,0.0,0.0
1634414400000,130301.97469220753,130301.97469220753,0,0.0,0.0,0.0,0.0
1634428800000,130301.97469220753,130301.97469220753,0,0.0,0.0,0.0,0.0
1634443200000,130301.97469220753,130301.97469220753,0,0.0,0.0,0.0,0.0
1634457600000,130301.97469220753,130301.97469220753,0,0.0,0.0,0.0,0.0
1634472000000,130301.97469220753,130301.97469220753,0,0.0,0.0,0.0,0.0
1634486400000,130301.97469220753,130301.97469220753,0,0.0,0.0,0.0,0.0
1634500800000,130301.97469220753,130301.97469220753,0,0.0,0.0,0.0,0.0
1634515200000,130301.97469220753,130301.97469220753,0,0.0,0.0,0.0,0.0
1634529600000,130301.97469220753,130301.97469220753,0,0.0,0.0,0.0,0.0
1634544000000,130301.97469220753,130301.97469220753,0,0.0,0.0,0.0,0.0
1634558400000,130301.97469220753,130301.97469220753,0,0.0,0.0,0.0,0.0
1634572800000,130301.97469220753,130301.97469220753,0,0.0,0.0,0.0,0.0
1634587200000,130301.97469220753,130301.97469220753,0,0.0,0.0,0.0,0.0
1634601600000,130301.97469220753,130301.97469220753,0,0.0,0.0,0.0,0.0
1634616000000,130301.97469220753,130301.97469220753,0,0.0,0.0,0.0,0.0
1634630400000,130301.97469220753,130301.97469220753,0,0.0,0.0,0.0,0.0
1634644800000,130301.97469220753,130301.97469220753,0,0.0,0.0,0.0,0.0
1634659200000,130301.97469220753,130301.97469220753,0,0.0,0.0,0.0,0.0
1634673600000,130301.97469220753,130301.97469220753,0,0.0,0.0,0.0,0.0
1634688000000,130301.97469220753,130301.97469220753,0,0.0,0.0,0.0,0.0
1634702400000,130301.97469220753,130301.97469220753,0,0.0,0.0,0.0,0.0
1634716800000,130301.97469220753,130301.97469220753,0,0.0,0.0,0.0,0.0
1634731200000,130301.97469220753,130301.97469220753,0,0.0,0.0,0.0,0.0
1634745600000,130301.97469220753,130301.97469220753,0,0.0,0.0,0.0,0.0
1634760000000,130301.97469220753,130301.97469220753,0,0.0,0.0,0.0,0.0
1634774400000,130301.97469220753,130301.97469220753,0,0.0,0.0,0.0,0.0
1634788800000,130301.97469220753,130301.97469220753,0,0.0,0.0,0.0,0.0
1634803200000,130301.97469220753,130301.97469220753,0,0.0,0.0,0.0,0.0
1634817600000,130301.97469220753,130301.97469220753,0,0.0,0.0,0.0,0.0
1634832000000,130301.97469220753,130301.97469220753,0,0.0,0.0,0.0,0.0
1634846400000,130301.97469220753,130301.97469220753,0,0.0,0.0,0.0,0.0
1634860800000,130301.97469220753,130301.97469220753,0,0.0,0.0,0.0,0.0
1634875200000,130301.97469220753,130301.97469220753,0,0.0,0.0,0.0,0.0
1634889600000,130301.97469220753,130301.97469220753,0,0.0,0.0,0.0,0.0
1634904000000,130301.97469220753,130301.97469220753,0,0.0,0.0,0.0,0.0
1634918400000,130301.97469220753,130301.97469220753,0,0.0,0.0,0.0,0.0
1634932800000,130301.97469220753,130301.97469220753,0,0.0,0.0,0.0,0.0
1634947200000,130301.97469220753,130301.97469220753,0,0.0,0.0,0.0,0.0
1634961600000,130301.97469220753,130301.97469220753,0,0.0,0.0,0.0,0.0
1634976000000,130301.97469220753,130301.97469220753,0,0.0,0.0,0.0,0.0
1634990400000,130301.97469220753,130301.97469220753,0,0.0,0.0,0.0,0.0
1635004800000,130301.97469220753,130301.97469220753,0,0.0,0.0,0.0,0.0
1635019200000,130301.97469220753,130301.97469220753,0,0.0,0.0,0.0,0.0
1635033600000,130301.97469220753,130301.97469220753,0,0.0,0.0,0.0,0.0
1635048000000,130301.97469220753,130301.97469220753,0,0.0,0.0,0.0,0.0
1635062400000,130301.97469220753,130301.97469220753,0,0.0,0.0,0.0,0.0
1635076800000,130301.97469220753,130301.97469220753,0,0.0,0.0,0.0,0.0
1635091200000,130301.97469220753,130301.97469220753,0,0.0,0.0,0.0,0.0
1635105600000,130301.97469220753,130301.97469220753,0,0.0,0.0,0.0,0.0
1635120000000,130301.97469220753,130301.97469220753,0,0.0,0.0,0.0,0.0
1635134400000,130301.97469220753,130301.97469220753,0,0.0,0.0,0.0,0.0
1635148800000,130301.97469220753,130301.97469220753,0,0.0,0.0,0.0,0.0
1635163200000,130301.97469220753,130301.97469220753,0,0.0,0.0,0.0,0.0
1635177600000,130301.97469220753,130301.97469220753,0,0.0,0.0,0.0,0.0
1635192000000,130301.97469220753,130301.97469220753,0,0.0,0.0,0.0,0.0
1635206400000,130301.97469220753,130301.97469220753,0,0.0,0.0,0.0,0.0
1635220800000,130301.97469220753,130301.97469220753,0,0.0,0.0,0.0,0.0
1635235200000,130301.97469220753,130301.97469220753,0,0.0,0.0,0.0,0.0
1635249600000,130301.97469220753,130301.97469220753,0,0.0,0.0,0.0,0.0
1635264000000,130301.97469220753,130301.97469220753,0,0.0,0.0,0.0,0.0
1635278400000,130301.97469220753,130301.97469220753,0,0.0,0.0,0.0,0.0
1635292800000,130301.97469220753,130301.97469220753,0,0.0,0.0,0.0,0.0
1635307200000,130301.97469220753,130301.97469220753,0,0.0,0.0,0.0,0.0
1635321600000,130301.97469220753,130301.97469220753,0,0.0,0.0,0.0,0.0
1635336000000,130301.97469220753,130301.97469220753,0,0.0,0.0,0.0,0.0
1635350400000,130521.85882552336,130279.60380234943,1,44499.52469301728,1303.0197469220752,1303.0197469220752,44499.52469301728
1635364800000,131053.61441427775,130284.05484685965,1,43972.220148773114,1303.0197469220752,1303.0197469220752,43972.220148773114
1635379200000,131737.0735231264,130284.05484685965,1,43288.76103992445,1303.0197469220752,1303.0197469220752,43288.76103992445
1635393600000,131261.61897742946,130288.37954313595,1,43768.54028189768,1303.0197469220752,1303.0197469220752,43768.54028189768
1635408000000,131066.99154908184,130288.37954313595,1,43963.16771024532,1303.0197469220752,1303.0197469220752,43963.16771024532
1635422400000,129281.97608131019,129281.97608131019,0,0.0,0.0,0.0,0.0
1635436800000,129281.97608131019,129281.97608131019,0,0.0,0.0,0.0,0.0
1635451200000,129281.97608131019,129281.97608131019,0,0.0,0.0,0.0,0.0
1635465600000,129281.97608131019,129281.97608131019,0,0.0,0.0,0.0,0.0
1635480000000,129281.97608131019,129281.97608131019,0,0.0,0.0,0.0,0.0
1635494400000,129281.97608131019,129281.97608131019,0,0.0,0.0,0.0,0.0
1635508800000,129281.97608131019,129281.97608131019,0,0.0,0.0,0.0,0.0
1635523200000,129281.97608131019,129281.97608131019,0,0.0,0.0,0.0,0.0
1635537600000,129281.97608131019,129281.97608131019,0,0.0,0.0,0.0,0.0
1635552000000,129281.97608131019,129281.97608131019,0,0.0,0.0,0.0,0.0
1635566400000,129281.97608131019,129281.97608131019,0,0.0,0.0,0.0,0.0
1635580800000,129281.97608131019,129281.97608131019,0,0.0,0.0,0.0,0.0
1635595200000,129281.97608131019,129281.97608131019,0,0.0,0.0,0.0,0.0
1635609600000,129281.97608131019,129281.97608131019,0,0.0,0.0,0.0,0.0
1635624000000,129281.97608131019,129281.97608131019,0,0.0,0.0,0.0,0.0
1635638400000,129281.97608131019,129281.97608131019,0,0.0,0.0,0.0,0.0
1635652800000,129281.97608131019,129281.97608131019,0,0.0,0.0,0.0,0.0
1635667200000,129281.97608131019,129281.97608131019,0,0.0,0.0,0.0,0.0
1635681600000,129281.97608131019,129281.97608131019,0,0.0,0.0,0.0,0.0
1635696000000,129281.97608131019,129281.97608131019,0,0.0,0.0,0.0,0.0
1635710400000,129281.97608131019,129281.97608131019,0,0.0,0.0,0.0,0.0
1635724800000,129281.97608131019,129281.97608131019,0,0.0,0.0,0.0,0.0
1635739200000,129281.97608131019,129281.97608131019,0,0.0,0.0,0.0,0.0
1635753600000,129281.97608131019,129281.97608131019,0,0.0,0.0,0.0,0.0
1635768000000,129281.97608131019,129281.97608131019,0,0.0,0.0,0.0,0.0
1635782400000,129281.97608131019,129281.97608131019,0,0.0,0.0,0.0,0.0
1635796800000,129281.97608131019,129281.97608131019,0,0.0,0.0,0.0,0.0
1635811200000,129281.97608131019,129281.97608131019,0,0.0,0.0,0.0,0.0
1635825600000,129281.97608131019,129281.97608131019,0,0.0,0.0,0.0,0.0
1635840000000,129281.97608131019,129281.97608131019,0,0.0,0.0,0.0,0.0
1635854400000,129281.97608131019,129281.97608131019,0,0.0,0.0,0.0,0.0
1635868800000,129281.97608131019,129281.97608131019,0,0.0,0.0,0.0,0.0
1635883200000,129281.97608131019,129281.97608131019,0,0.0,0.0,0.0,0.0
1635897600000,129281.97608131019,129281.97608131019,0,0.0,0.0,0.0,0.0
1635912000000,129281.97608131019,129281.97608131019,0,0.0,0.0,0.0,0.0
1635926400000,129281.97608131019,129281.97608131019,0,0.0,0.0,0.0,0.0
1635940800000,129281.97608131019,129281.97608131019,0,0.0,0.0,0.0,0.0
1635955200000,129281.97608131019,129281.97608131019,0,0.0,0.0,0.0,0.0
1635969600000,129281.97608131019,129281.97608131019,0,0.0,0.0,0.0,0.0
1635984000000,129281.97608131019,129281.97608131019,0,0.0,0.0,0.0,0.0
1635998400000,129281.97608131019,129281.97608131019,0,0.0,0.0,0.0,0.0
1636012800000,129281.97608131019,129281.97608131019,0,0.0,0.0,0.0,0.0
1636027200000,129281.97608131019,129281.97608131019,0,0.0,0.0,0.0,0.0
1636041600000,129281.97608131019,129281.97608131019,0,0.0,0.0,0.0,0.0
1636056000000,129281.97608131019,129281.97608131019,0,0.0,0.0,0.0,0.0
1636070400000,129281.97608131019,129281.97608131019,0,0.0,0.0,0.0,0.0
1636084800000,129281.97608131019,129281.97608131019,0,0.0,0.0,0.0,0.0
1636099200000,129281.97608131019,129281.97608131019,0,0.0,0.0,0.0,0.0
1636113600000,129281.97608131019,129281.97608131019,0,0.0,0.0,0.0,0.0
1636128000000,129281.97608131019,129281.97608131019,0,0.0,0.0,0.0,0.0
1636142400000,129281.97608131019,129281.97608131019,0,0.0,0.0,0.0,0.0
1636156800000,129281.97608131019,129281.97608131019,0,0.0,0.0,0.0,0.0
1636171200000,129281.97608131019,129281.97608131019,0,0.0,0.0,0.0,0.0
1636185600000,129281.97608131019,129281.97608131019,0,0.0,0.0,0.0,0.0
1636200000000,129281.97608131019,129281.97608131019,0,0.0,0.0,0.0,0.0
1636214400000,129281.97608131019,129281.97608131019,0,0.0,0.0,0.0,0.0
1636228800000,129281.97608131019,129281.97608131019,0,0.0,0.0,0.0,0.0
1636243200000,129281.97608131019,129281.97608131019,0,0.0,0.0,0.0,0.0
1636257600000,129281.97608131019,129281.97608131019,0,0.0,0.0,0.0,0.0
1636272000000,129281.97608131019,129281.97608131019,0,0.0,0.0,0.0,0.0
1636286400000,129281.97608131019,129281.97608131019,0,0.0,0.0,0.0,0.0
1636300800000,129281.97608131019,129281.97608131019,0,0.0,0.0,0.0,0.0
1636315200000,129281.97608131019,129281.97608131019,0,0.0,0.0,0.0,0.0
1636329600000,129281.97608131019,129281.97608131019,0,0.0,0.0,0.0,0.0
1636344000000,129281.97608131019,129281.97608131019,0,0.0,0.0,0.0,0.0
1636358400000,129281.97608131019,129281.97608131019,0,0.0,0.0,0.0,0.0
1636372800000,129281.97608131019,129281.97608131019,0,0.0,0.0,0.0,0.0
1636387200000,129962.45983329444,129227.48485845412,1,109717.42068699372,2585.639521626204,0.0,0.0
1636401600000,128640.46728307357,129147.82136720566,2,217332.0606089008,5184.379414950694,0.0,0.0
1636416000000,132855.14816726962,129147.82136720566,2,221546.74149309687,5184.379414950694,0.0,0.0
1636430400000,134495.1937466336,129093.90363470577,2,223240.7048049607,5184.379414950694,0.0,0.0
1636444800000,132601.0695749114,129093.90363470577,2,221346.58063323854,5184.379414950694,0.0,0.0
1636459200000,131989.133573493,129039.23798588302,2,220789.31028064288,5184.379414950694,0.0,0.0
1636473600000,131038.95501414496,129039.23798588302,2,219839.13172129483,5184.379414950694,0.0,0.0
1636488000000,130053.57986576934,128953.91235464292,2,218939.0822041593,5184.379414950694,0.0,0.0
1636502400000,129857.75024066471,128953.91235464292,2,218743.25257905468,5184.379414950694,0.0,0.0
1636516800000,128171.75886643809,128889.63673264488,2,217121.53682682608,5184.379414950694,0.0,0.0
1636531200000,127975.94241402068,127898.26605949436,1,108934.64533540583,2598.7398933244904,0.0,0.0
1636545600000,128073.46283066958,127823.95955921817,1,109106.47225233092,2598.7398933244904,0.0,0.0
1636560000000,131004.95452193113,127823.95955921817,1,112037.96394359246,2598.7398933244904,0.0,0.0
1636574400000,128223.22578703286,127759.50398178291,1,109320.69078612945,2598.7398933244904,0.0,0.0
1636588800000,125086.39395392005,125086.39395392005,0,0.0,0.0,0.0,0.0
1636603200000,125086.39395392005,125086.39395392005,0,0.0,0.0,0.0,0.0
1636617600000,125086.39395392005,125086.39395392005,0,0.0,0.0,0.0,0.0
1636632000000,125086.39395392005,125086.39395392005,0,0.0,0.0,0.0,0.0
1636646400000,125086.39395392005,125086.39395392005,0,0.0,0.0,0.0,0.0
1636660800000,125086.39395392005,125086.39395392005,0,0.0,0.0,0.0,0.0
1636675200000,125086.39395392005,125086.39395392005,0,0.0,0.0,0.0,0.0
1636689600000,125086.39395392005,125086.39395392005,0,0.0,0.0,0.0,0.0
1636704000000,125086.39395392005,125086.39395392005,0,0.0,0.0,0.0,0.0
1636718400000,125086.39395392005,125086.39395392005,0,0.0,0.0,0.0,0.0
1636732800000,125086.39395392005,125086.39395392005,0,0.0,0.0,0.0,0.0
1636747200000,125086.39395392005,125086.39395392005,0,0.0,0.0,0.0,0.0
1636761600000,125086.39395392005,125086.39395392005,0,0.0,0.0,0.0,0.0
1636776000000,125086.39395392005,125086.39395392005,0,0.0,0.0,0.0,0.0
1636790400000,125086.39395392005,125086.39395392005,0,0.0,0.0,0.0,0.0
1636804800000,125086.39395392005,125086.39395392005,0,0.0,0.0,0.0,0.0
1636819200000,125086.39395392005,125086.39395392005,0,0.0,0.0,0.0,0.0
1636833600000,125086.39395392005,125086.39395392005,0,0.0,0.0,0.0,0.0
1636848000000,125086.39395392005,125086.39395392005,0,0.0,0.0,0.0,0.0
1636862400000,125086.39395392005,125086.39395392005,0,0.0,0.0,0.0,0.0
1636876800000,125086.39395392005,125086.39395392005,0,0.0,0.0,0.0,0.0
1636891200000,125086.39395392005,125086.39395392005,0,0.0,0.0,0.0,0.0
1636905600000,125086.39395392005,125086.39395392005,0,0.0,0.0,0.0,0.0
1636920000000,125086.39395392005,125086.39395392005,0,0.0,0.0,0.0,0.0
1636934400000,125086.39395392005,125086.39395392005,0,0.0,0.0,0.0,0.0
1636948800000,125086.39395392005,125086.39395392005,0,0.0,0.0,0.0,0.0
1636963200000,125086.39395392005,125086.39395392005,0,0.0,0.0,0.0,0.0
1636977600000,125086.39395392005,125086.39395392005,0,0.0,0.0,0.0,0.0
1636992000000,122618.2514213559,125032.17860264824,1,106016.77536232215,2501.727879078401,0.0,0.0
1637006400000,122500.59754259865,122500.59754259865,0,0.0,0.0,0.0,0.0
1637020800000,122500.59754259865,122500.59754259865,0,0.0,0.0,0.0,0.0
1637035200000,122500.59754259865,122500.59754259865,0,0.0,0.0,0.0,0.0
1637049600000,121498.20268499728,122447.31775207962,1,107508.69610514982,2450.011950851974,2450.011950851974,107508.69610514982
1637064000000,125701.27053393303,124872.49153483869,1,52451.0115199394,1225.005975425987,1225.005975425987,52451.0115199394
1637078400000,125667.3128201716,125667.3128201716,0,0.0,0.0,0.0,0.0
1637092800000,125667.3128201716,125667.3128201716,0,0.0,0.0,0.0,0.0
1637107200000,125667.3128201716,125667.3128201716,0,0.0,0.0,0.0,0.0
1637121600000,125667.3128201716,125667.3128201716,0,0.0,0.0,0.0,0.0
1637136000000,125667.3128201716,125667.3128201716,0,0.0,0.0,0.0,0.0
1637150400000,125667.3128201716,125667.3128201716,0,0.0,0.0,0.0,0.0
1637164800000,125667.3128201716,125667.3128201716,0,0.0,0.0,0.0,0.0
1637179200000,125667.3128201716,125667.3128201716,0,0.0,0.0,0.0,0.0
1637193600000,125667.3128201716,125667.3128201716,0,0.0,0.0,0.0,0.0
1637208000000,125667.3128201716,125667.3128201716,0,0.0,0.0,0.0,0.0
1637222400000,125667.3128201716,125667.3128201716,0,0.0,0.0,0.0,0.0
1637236800000,125667.3128201716,125667.3128201716,0,0.0,0.0,0.0,0.0
1637251200000,125667.3128201716,125667.3128201716,0,0.0,0.0,0.0,0.0
1637265600000,125667.3128201716,125667.3128201716,0,0.0,0.0,0.0,0.0
1637280000000,125667.3128201716,125667.3128201716,0,0.0,0.0,0.0,0.0
1637294400000,125667.3128201716,125667.3128201716,0,0.0,0.0,0.0,0.0
1637308800000,125667.3128201716,125667.3128201716,0,0.0,0.0,0.0,0.0
1637323200000,125667.3128201716,125667.3128201716,0,0.0,0.0,0.0,0.0
1637337600000,125667.3128201716,125667.3128201716,0,0.0,0.0,0.0,0.0
1637352000000,125667.3128201716,125667.3128201716,0,0.0,0.0,0.0,0.0
1637366400000,125667.3128201716,125667.3128201716,0,0.0,0.0,0.0,0.0
1637380800000,125667.3128201716,125667.3128201716,0,0.0,0.0,0.0,0.0
1637395200000,125667.3128201716,125667.3128201716,0,0.0,0.0,0.0,0.0
1637409600000,125667.3128201716,125667.3128201716,0,0.0,0.0,0.0,0.0
1637424000000,125667.3128201716,125667.3128201716,0,0.0,0.0,0.0,0.0
1637438400000,125667.3128201716,125667.3128201716,0,0.0,0.0,0.0,0.0
1637452800000,125667.3128201716,125667.3128201716,0,0.0,0.0,0.0,0.0
1637467200000,125667.3128201716,125667.3128201716,0,0.0,0.0,0.0,0.0
1637481600000,125667.3128201716,125667.3128201716,0,0.0,0.0,0.0,0.0
1637496000000,125667.3128201716,125667.3128201716,0,0.0,0.0,0.0,0.0
1637510400000,125667.3128201716,125667.3128201716,0,0.0,0.0,0.0,0.0
1637524800000,125667.3128201716,125667.3128201716,0,0.0,0.0,0.0,0.0
1637539200000,125667.3128201716,125667.3128201716,0,0.0,0.0,0.0,0.0
1637553600000,125667.3128201716,125667.3128201716,0,0.0,0.0,0.0,0.0
1637568000000,125667.3128201716,125667.3128201716,0,0.0,0.0,0.0,0.0
1637582400000,125667.3128201716,125667.3128201716,0,0.0,0.0,0.0,0.0
1637596800000,125667.3128201716,125667.3128201716,0,0.0,0.0,0.0,0.0
1637611200000,125667.3128201716,125667.3128201716,0,0.0,0.0,0.0,0.0
1637625600000,125667.3128201716,125667.3128201716,0,0.0,0.0,0.0,0.0
1637640000000,125667.3128201716,125667.3128201716,0,0.0,0.0,0.0,0.0
1637654400000,125667.3128201716,125667.3128201716,0,0.0,0.0,0.0,0.0
1637668800000,125667.3128201716,125667.3128201716,0,0.0,0.0,0.0,0.0
1637683200000,125667.3128201716,125667.3128201716,0,0.0,0.0,0.0,0.0
1637697600000,125667.3128201716,125667.3128201716,0,0.0,0.0,0.0,0.0
1637712000000,125667.3128201716,125667.3128201716,0,0.0,0.0,0.0,0.0
1637726400000,125667.3128201716,125667.3128201716,0,0.0,0.0,0.0,0.0
1637740800000,125667.3128201716,125667.3128201716,0,0.0,0.0,0.0,0.0
1637755200000,125667.3128201716,125667.3128201716,0,0.0,0.0,0.0,0.0
1637769600000,125667.3128201716,125667.3128201716,0,0.0,0.0,0.0,0.0
1637784000000,125667.3128201716,125667.3128201716,0,0.0,0.0,0.0,0.0
1637798400000,125667.3128201716,125667.3128201716,0,0.0,0.0,0.0,0.0
1637812800000,125667.3128201716,125667.3128201716,0,0.0,0.0,0.0,0.0
1637827200000,125667.3128201716,125667.3128201716,0,0.0,0.0,0.0,0.0
1637841600000,125667.3128201716,125667.3128201716,0,0.0,0.0,0.0,0.0
1637856000000,125667.3128201716,125667.3128201716,0,0.0,0.0,0.0,0.0
1637870400000,125667.3128201716,125667.3128201716,0,0.0,0.0,0.0,0.0
1637884800000,125667.3128201716,125667.3128201716,0,0.0,0.0,0.0,0.0
1637899200000,125667.3128201716,125667.3128201716,0,0.0,0.0,0.0,0.0
1637913600000,125667.3128201716,125667.3128201716,0,0.0,0.0,0.0,0.0
1637928000000,125667.3128201716,125667.3128201716,0,0.0,0.0,0.0,0.0
1637942400000,124611.43032990918,125629.24659269128,1,77150.27122340509,2513.346256403432,2513.346256403432,77150.27122340509
1637956800000,123983.35961089493,125636.96257789528,1,77786.05792762333,2513.346256403432,2513.346256403432,77786.05792762333
1637971200000,125214.1774613687,125636.96257789528,1,76555.24007714956,2513.346256403432,2513.346256403432,76555.24007714956
1637985600000,124031.77311521271,125644.62052425033,1,77745.30236966061,2513.346256403432,2513.346256403432,77745.30236966061
1638000000000,124586.04870350553,125644.62052425033,1,77191.0267813678,2513.346256403432,2513.346256403432,77191.0267813678
1638014400000,123083.93249165747,123083.93249165747,0,0.0,0.0,0.0,0.0
1638028800000,123083.93249165747,123083.93249165747,0,0.0,0.0,0.0,0.0
1638043200000,123083.93249165747,123083.93249165747,0,0.0,0.0,0.0,0.0
1638057600000,123083.93249165747,123083.93249165747,0,0.0,0.0,0.0,0.0
1638072000000,123083.93249165747,123083.93249165747,0,0.0,0.0,0.0,0.0
1638086400000,123083.93249165747,123083.93249165747,0,0.0,0.0,0.0,0.0
1638100800000,123083.93249165747,123083.93249165747,0,0.0,0.0,0.0,0.0
1638115200000,123083.93249165747,123083.93249165747,0,0.0,0.0,0.0,0.0
1638129600000,123083.93249165747,123083.93249165747,0,0.0,0.0,0.0,0.0
1638144000000,123083.93249165747,123083.93249165747,0,0.0,0.0,0.0,0.0
1638158400000,123083.93249165747,123083.93249165747,0,0.0,0.0,0.0,0.0
1638172800000,123083.93249165747,123083.93249165747,0,0.0,0.0,0.0,0.0
1638187200000,123083.93249165747,123083.93249165747,0,0.0,0.0,0.0,0.0
1638201600000,123083.93249165747,123083.93249165747,0,0.0,0.0,0.0,0.0
1638216000000,123083.93249165747,123083.93249165747,0,0.0,0.0,0.0,0.0
1638230400000,123083.93249165747,123083.93249165747,0,0.0,0.0,0.0,0.0
1638244800000,123083.93249165747,123083.93249165747,0,0.0,0.0,0.0,0.0
1638259200000,123083.93249165747,123083.93249165747,0,0.0,0.0,0.0,0.0
1638273600000,123083.93249165747,123083.93249165747,0,0.0,0.0,0.0,0.0
1638288000000,123083.93249165747,123083.93249165747,0,0.0,0.0,0.0,0.0
1638302400000,123083.93249165747,123083.93249165747,0,0.0,0.0,0.0,0.0
1638316800000,123083.93249165747,123083.93249165747,0,0.0,0.0,0.0,0.0
1638331200000,123083.93249165747,123083.93249165747,0,0.0,0.0,0.0,0.0
1638345600000,123083.93249165747,123083.93249165747,0,0.0,0.0,0.0,0.0
1638360000000,123083.93249165747,123083.93249165747,0,0.0,0.0,0.0,0.0
1638374400000,123083.93249165747,123083.93249165747,0,0.0,0.0,0.0,0.0
1638388800000,123083.93249165747,123083.93249165747,0,0.0,0.0,0.0,0.0
1638403200000,123083.93249165747,123083.93249165747,0,0.0,0.0,0.0,0.0
1638417600000,123083.93249165747,123083.93249165747,0,0.0,0.0,0.0,0.0
1638432000000,123083.93249165747,123083.93249165747,0,0.0,0.0,0.0,0.0
1638446400000,123083.93249165747,123083.93249165747,0,0.0,0.0,0.0,0.0
1638460800000,123083.93249165747,123083.93249165747,0,0.0,0.0,0.0,0.0
1638475200000,123083.93249165747,123083.93249165747,0,0.0,0.0,0.0,0.0
1638489600000,123083.93249165747,123083.93249165747,0,0.0,0.0,0.0,0.0
1638504000000,123083.93249165747,123083.93249165747,0,0.0,0.0,0.0,0.0
1638518400000,122104.43007559647,123025.24302737149,1,118299.74152373214,2461.6786498331494,2461.6786498331494,118299.74152373214
1638532800000,121441.14434711063,123037.07300152385,1,118974.85722637034,2461.6786498331494,2461.6786498331494,118974.85722637034
1638547200000,120491.49394257474,120491.49394257474,0,0.0,0.0,0.0,0.0
1638561600000,120491.49394257474,120491.49394257474,0,0.0,0.0,0.0,0.0
1638576000000,120491.49394257474,120491.49394257474,0,0.0,0.0,0.0,0.0
1638590400000,120491.49394257474,120491.49394257474,0,0.0,0.0,0.0,0.0
1638604800000,120491.49394257474,120491.49394257474,0,0.0,0.0,0.0,0.0
1638619200000,120491.49394257474,120491.49394257474,0,0.0,0.0,0.0,0.0
1638633600000,120491.49394257474,120491.49394257474,0,0.0,0.0,0.0,0.0
1638648000000,120491.49394257474,120491.49394257474,0,0.0,0.0,0.0,0.0
1638662400000,120491.49394257474,120491.49394257474,0,0.0,0.0,0.0,0.0
1638676800000,120491.49394257474,120491.49394257474,0,0.0,0.0,0.0,0.0
1638691200000,120491.49394257474,120491.49394257474,0,0.0,0.0,0.0,0.0
1638705600000,120491.49394257474,120491.49394257474,0,0.0,0.0,0.0,0.0
1638720000000,120491.49394257474,120491.49394257474,0,0.0,0.0,0.0,0.0
1638734400000,120491.49394257474,120491.49394257474,0,0.0,0.0,0.0,0.0
1638748800000,120491.49394257474,120491.49394257474,0,0.0,0.0,0.0,0.0
1638763200000,120491.49394257474,120491.49394257474,0,0.0,0.0,0.0,0.0
1638777600000,120491.49394257474,120491.49394257474,0,0.0,0.0,0.0,0.0
1638792000000,120491.49394257474,120491.49394257474,0,0.0,0.0,0.0,0.0
1638806400000,120491.49394257474,120491.49394257474,0,0.0,0.0,0.0,0.0
1638820800000,120491.49394257474,120491.49394257474,0,0.0,0.0,0.0,0.0
1638835200000,120491.49394257474,120491.49394257474,0,0.0,0.0,0.0,0.0
1638849600000,120491.49394257474,120491.49394257474,0,0.0,0.0,0.0,0.0
1638864000000,120491.49394257474,120491.49394257474,0,0.0,0.0,0.0,0.0
1638878400000,120491.49394257474,120491.49394257474,0,0.0,0.0,0.0,0.0
1638892800000,120491.49394257474,120491.49394257474,0,0.0,0.0,0.0,0.0
1638907200000,120491.49394257474,120491.49394257474,0,0.0,0.0,0.0,0.0
1638921600000,120491.49394257474,120491.49394257474,0,0.0,0.0,0.0,0.0
1638936000000,120491.49394257474,120491.49394257474,0,0.0,0.0,0.0,0.0
1638950400000,120491.49394257474,120491.49394257474,0,0.0,0.0,0.0,0.0
1638964800000,120491.49394257474,120491.49394257474,0,0.0,0.0,0.0,0.0
1638979200000,120491.49394257474,120491.49394257474,0,0.0,0.0,0.0,0.0
1638993600000,120491.49394257474,120491.49394257474,0,0.0,0.0,0.0,0.0
1639008000000,120491.49394257474,120491.49394257474,0,0.0,0.0,0.0,0.0
1639022400000,120491.49394257474,120491.49394257474,0,0.0,0.0,0.0,0.0
1639036800000,120491.49394257474,120491.49394257474,0,0.0,0.0,0.0,0.0
1639051200000,120491.49394257474,120491.49394257474,0,0.0,0.0,0.0,0.0
1639065600000,120491.49394257474,120491.49394257474,0,0.0,0.0,0.0,0.0
1639080000000,120491.49394257474,120491.49394257474,0,0.0,0.0,0.0,0.0
1639094400000,120491.49394257474,120491.49394257474,0,0.0,0.0,0.0,0.0
1639108800000,120491.49394257474,120491.49394257474,0,0.0,0.0,0.0,0.0
1639123200000,120491.49394257474,120491.49394257474,0,0.0,0.0,0.0,0.0
1639137600000,120491.49394257474,120491.49394257474,0,0.0,0.0,0.0,0.0
1639152000000,120491.49394257474,120491.49394257474,0,0.0,0.0,0.0,0.0
1639166400000,120491.49394257474,120491.49394257474,0,0.0,0.0,0.0,0.0
1639180800000,120491.49394257474,120491.49394257474,0,0.0,0.0,0.0,0.0
1639195200000,120491.49394257474,120491.49394257474,0,0.0,0.0,0.0,0.0
1639209600000,120491.49394257474,120491.49394257474,0,0.0,0.0,0.0,0.0
1639224000000,120491.49394257474,120491.49394257474,0,0.0,0.0,0.0,0.0
1639238400000,120491.49394257474,120491.49394257474,0,0.0,0.0,0.0,0.0
1639252800000,120491.49394257474,120491.49394257474,0,0.0,0.0,0.0,0.0
1639267200000,120491.49394257474,120491.49394257474,0,0.0,0.0,0.0,0.0
1639281600000,120491.49394257474,120491.49394257474,0,0.0,0.0,0.0,0.0
1639296000000,120491.49394257474,120491.49394257474,0,0.0,0.0,0.0,0.0
1639310400000,120491.49394257474,120491.49394257474,0,0.0,0.0,0.0,0.0
1639324800000,120491.49394257474,120491.49394257474,0,0.0,0.0,0.0,0.0
1639339200000,120491.49394257474,120491.49394257474,0,0.0,0.0,0.0,0.0
1639353600000,120491.49394257474,120491.49394257474,0,0.0,0.0,0.0,0.0
1639368000000,120491.49394257474,120491.49394257474,0,0.0,0.0,0.0,0.0
1639382400000,120491.49394257474,120491.49394257474,0,0.0,0.0,0.0,0.0
1639396800000,120491.49394257474,120491.49394257474,0,0.0,0.0,0.0,0.0
1639411200000,120491.49394257474,120491.49394257474,0,0.0,0.0,0.0,0.0
1639425600000,122464.99811843442,120412.05892315583,2,156817.09964257752,4818.470980883655,4818.470980883655,156817.09964257752
1639440000000,120765.00797371475,120383.18827283723,3,216229.51977416914,7267.580415167739,7267.580415167739,216229.51977416914
1639454400000,120361.66886374407,120331.47396004669,3,216581.14457134932,7267.580415167739,7267.580415167739,216581.14457134932
1639468800000,118242.06882423288,120331.47396004669,3,218700.74461086048,7267.580415167739,7267.580415167739,218700.74461086048
1639483200000,116772.90438011553,118331.35158006348,2,144207.52494610043,4858.939313135579,4858.939313135579,144207.52494610043
1639497600000,117193.47088528247,115840.10283968835,1,83554.40906336778,2409.829878851495,2409.829878851495,83554.40906336778
1639512000000,117994.05402663838,115840.10283968835,1,82753.82592201188,2409.829878851495,2409.829878851495,82753.82592201188
1639526400000,115547.11039297796,115840.10283968835,1,85200.7695556723,2409.829878851495,2409.829878851495,85200.7695556723
1639540800000,115464.79236836273,115840.10283968835,1,85283.08758028752,2409.829878851495,2409.829878851495,85283.08758028752
1639555200000,114854.67053886165,115840.10283968835,1,85893.2094097886,2409.829878851495,2409.829878851495,85893.2094097886
1639569600000,115695.60565306817,115840.10283968835,1,85052.2742955821,2409.829878851495,2409.829878851495,85052.2742955821
1639584000000,119614.5892563185,115840.10283968835,1,81133.29069233176,2409.829878851495,2409.829878851495,81133.29069233176
1639598400000,114914.29333681343,114914.29333681343,0,0.0,0.0,0.0,0.0
1639612800000,114914.29333681343,114914.29333681343,0,0.0,0.0,0.0,0.0
1639627200000,114914.29333681343,114914.29333681343,0,0.0,0.0,0.0,0.0
1639641600000,114914.29333681343,114914.29333681343,0,0.0,0.0,0.0,0.0
1639656000000,114914.29333681343,114914.29333681343,0,0.0,0.0,0.0,0.0
1639670400000,114914.29333681343,114914.29333681343,0,0.0,0.0,0.0,0.0
1639684800000,114914.29333681343,114914.29333681343,0,0.0,0.0,0.0,0.0
1639699200000,114914.29333681343,114914.29333681343,0,0.0,0.0,0.0,0.0
1639713600000,114914.29333681343,114914.29333681343,0,0.0,0.0,0.0,0.0
1639728000000,114914.29333681343,114914.29333681343,0,0.0,0.0,0.0,0.0
1639742400000,114914.29333681343,114914.29333681343,0,0.0,0.0,0.0,0.0
1639756800000,114914.29333681343,114914.29333681343,0,0.0,0.0,0.0,0.0
1639771200000,114914.29333681343,114914.29333681343,0,0.0,0.0,0.0,0.0
1639785600000,114914.29333681343,114914.29333681343,0,0.0,0.0,0.0,0.0
1639800000000,114914.29333681343,114914.29333681343,0,0.0,0.0,0.0,0.0
1639814400000,114914.29333681343,114914.29333681343,0,0.0,0.0,0.0,0.0
1639828800000,114914.29333681343,114914.29333681343,0,0.0,0.0,0.0,0.0
1639843200000,114914.29333681343,114914.29333681343,0,0.0,0.0,0.0,0.0
1639857600000,114914.29333681343,114914.29333681343,0,0.0,0.0,0.0,0.0
1639872000000,114914.29333681343,114914.29333681343,0,0.0,0.0,0.0,0.0
1639886400000,114914.29333681343,114914.29333681343,0,0.0,0.0,0.0,0.0
1639900800000,114914.29333681343,114914.29333681343,0,0.0,0.0,0.0,0.0
1639915200000,114914.29333681343,114914.29333681343,0,0.0,0.0,0.0,0.0
1639929600000,114914.29333681343,114914.29333681343,0,0.0,0.0,0.0,0.0
1639944000000,114914.29333681343,114914.29333681343,0,0.0,0.0,0.0,0.0
1639958400000,114914.29333681343,114914.29333681343,0,0.0,0.0,0.0,0.0
1639972800000,114914.29333681343,114914.29333681343,0,0.0,0.0,0.0,0.0
1639987200000,114914.29333681343,114914.29333681343,0,0.0,0.0,0.0,0.0
1640001600000,114914.29333681343,114914.29333681343,0,0.0,0.0,0.0,0.0
1640016000000,116304.91781488678,114821.76932303995,2,183564.87905510014,4595.041818801283,4595.041818801283,183564.87905510014
1640030400000,110120.50692627442,112412.0338486037,2,187339.55446927625,4595.041818801283,4595.041818801283,187339.55446927625
1640044800000,107684.22291693946,107684.22291693946,0,0.0,0.0,0.0,0.0
1640059200000,107684.22291693946,107684.22291693946,0,0.0,0.0,0.0,0.0
1640073600000,107684.22291693946,107684.22291693946,0,0.0,0.0,0.0,0.0
1640088000000,107684.22291693946,107684.22291693946,0,0.0,0.0,0.0,0.0
1640102400000,107684.22291693946,107684.22291693946,0,0.0,0.0,0.0,0.0
1640116800000,107684.22291693946,107684.22291693946,0,0.0,0.0,0.0,0.0
1640131200000,107684.22291693946,107684.22291693946,0,0.0,0.0,0.0,0.0
1640145600000,107684.22291693946,107684.22291693946,0,0.0,0.0,0.0,0.0
1640160000000,107684.22291693946,107684.22291693946,0,0.0,0.0,0.0,0.0
1640174400000,107684.22291693946,107684.22291693946,0,0.0,0.0,0.0,0.0
1640188800000,107684.22291693946,107684.22291693946,0,0.0,0.0,0.0,0.0
1640203200000,107684.22291693946,107684.22291693946,0,0.0,0.0,0.0,0.0
1640217600000,107684.22291693946,107684.22291693946,0,0.0,0.0,0.0,0.0
1640232000000,107684.22291693946,107684.22291693946,0,0.0,0.0,0.0,0.0
1640246400000,107684.22291693946,107684.22291693946,0,0.0,0.0,0.0,0.0
1640260800000,107684.22291693946,107684.22291693946,0,0.0,0.0,0.0,0.0
1640275200000,107684.22291693946,107684.22291693946,0,0.0,0.0,0.0,0.0
1640289600000,107684.22291693946,107684.22291693946,0,0.0,0.0,0.0,0.0
1640304000000,107684.22291693946,107684.22291693946,0,0.0,0.0,0.0,0.0
1640318400000,107684.22291693946,107684.22291693946,0,0.0,0.0,0.0,0.0
1640332800000,107684.22291693946,107684.22291693946,0,0.0,0.0,0.0,0.0
1640347200000,107684.22291693946,107684.22291693946,0,0.0,0.0,0.0,0.0
1640361600000,107684.22291693946,107684.22291693946,0,0.0,0.0,0.0,0.0
1640376000000,107684.22291693946,107684.22291693946,0,0.0,0.0,0.0,0.0
1640390400000,107684.22291693946,107684.22291693946,0,0.0,0.0,0.0,0.0
1640404800000,107684.22291693946,107684.22291693946,0,0.0,0.0,0.0,0.0
1640419200000,107684.22291693946,107684.22291693946,0,0.0,0.0,0.0,0.0
1640433600000,107684.22291693946,107684.22291693946,0,0.0,0.0,0.0,0.0
1640448000000,107684.22291693946,107684.22291693946,0,0.0,0.0,0.0,0.0
1640462400000,107684.22291693946,107684.22291693946,0,0.0,0.0,0.0,0.0
1640476800000,107684.22291693946,107684.22291693946,0,0.0,0.0,0.0,0.0
1640491200000,107684.22291693946,107684.22291693946,0,0.0,0.0,0.0,0.0
1640505600000,107684.22291693946,107684.22291693946,0,0.0,0.0,0.0,0.0
1640520000000,107684.22291693946,107684.22291693946,0,0.0,0.0,0.0,0.0
1640534400000,107684.22291693946,107684.22291693946,0,0.0,0.0,0.0,0.0
1640548800000,107684.22291693946,107684.22291693946,0,0.0,0.0,0.0,0.0
1640563200000,107684.22291693946,107684.22291693946,0,0.0,0.0,0.0,0.0
1640577600000,107684.22291693946,107684.22291693946,0,0.0,0.0,0.0,0.0
1640592000000,107684.22291693946,107684.22291693946,0,0.0,0.0,0.0,0.0
1640606400000,107684.22291693946,107684.22291693946,0,0.0,0.0,0.0,0.0
1640620800000,107684.22291693946,107684.22291693946,0,0.0,0.0,0.0,0.0
1640635200000,107684.22291693946,107684.22291693946,0,0.0,0.0,0.0,0.0
1640649600000,107684.22291693946,107684.22291693946,0,0.0,0.0,0.0,0.0
1640664000000,107684.22291693946,107684.22291693946,0,0.0,0.0,0.0,0.0
1640678400000,109058.90623389432,107571.8642953863,2,223230.20116778533,4305.414506743897,4305.414506743897,223230.20116778533
1640692800000,108737.96406576935,107518.82956343841,3,352834.1897764291,6486.832349659239,6486.832349659239,352834.1897764291
1640707200000,111776.72784621739,107518.82956343841,3,349795.4259959811,6486.832349659239,6486.832349659239,349795.4259959811
1640721600000,120003.7133176159,113913.32101792218,3,170936.2698396863,3243.4161748296196,3243.4161748296196,170936.2698396863
1640736000000,122452.0059739691,113848.46524254825,5,298134.6721558094,7196.930706094856,7196.930706094856,298134.6721558094
1640750400000,119285.52333085095,113875.7074966568,5,301328.39705303614,7196.930706094856,7196.930706094856,301328.39705303614
1640764800000,123088.89638207134,113875.7074966568,5,297525.0240018157,7196.930706094856,7196.930706094856,297525.0240018157
1640779200000,123257.43317837955,113905.45897051827,5,297386.238679369,7196.930706094856,7196.930706094856,297386.238679369
1640793600000,124103.58698860173,115440.80564064128,5,270605.5067426626,6420.185323300793,6420.185323300793,270605.5067426626
1640808000000,127886.25728874299,115465.76696996164,5,266847.79777184164,6420.185323300793,6420.185323300793,266847.79777184164
1640822400000,133314.09934703924,115465.76696996164,5,261419.95571354538,6420.185323300793,6420.185323300793,261419.95571354538
1640836800000,133168.3679250393,117866.94684967668,5,226581.0164379425,5220.1734404622375,5220.1734404622375,226581.0164379425
1640851200000,129380.22167345176,117866.94684967668,5,230369.16268953006,5220.1734404622375,5220.1734404622375,230369.16268953006
1640865600000,127282.18056715395,123321.71280095122,3,125563.34819395572,3067.466187090289,3067.466187090289,125563.34819395572
1640880000000,127625.62524042951,123640.4257768132,2,98068.6916999349,2290.7208042962266,2290.7208042962266,98068.6916999349
1640894400000,126783.56015932711,125568.39693974081,1,36170.687357731564,1200.0118828385553,1200.0118828385553,36170.687357731564
1640908800000,127150.97546276003,125568.39693974081,1,35803.27205429865,1200.0118828385553,1200.0118828385553,35803.27205429865
1640923200000,127335.14975266976,125571.97726694624,1,35622.67809159434,1200.0118828385553,1200.0118828385553,35622.67809159434
1640937600000,127140.02524124213,125571.97726694624,1,35817.80260302199,1200.0118828385553,1200.0118828385553,35817.80260302199
1640952000000,126182.70910704913,126182.70910704913,0,0.0,0.0,0.0,0.0
1640966400000,126182.70910704913,126182.70910704913,0,0.0,0.0,0.0,0.0
1640980800000,126182.70910704913,126182.70910704913,0,0.0,0.0,0.0,0.0
1640995200000,126182.70910704913,126182.70910704913,0,0.0,0.0,0.0,0.0
1641009600000,126182.70910704913,126182.70910704913,0,0.0,0.0,0.0,0.0
1641024000000,126182.70910704913,126182.70910704913,0,0.0,0.0,0.0,0.0
1641038400000,126182.70910704913,126182.70910704913,0,0.0,0.0,0.0,0.0
1641052800000,126182.70910704913,126182.70910704913,0,0.0,0.0,0.0,0.0
1641067200000,126182.70910704913,126182.70910704913,0,0.0,0.0,0.0,0.0
1641081600000,126182.70910704913,126182.70910704913,0,0.0,0.0,0.0,0.0
1641096000000,126182.70910704913,126182.70910704913,0,0.0,0.0,0.0,0.0
1641110400000,126182.70910704913,126182.70910704913,0,0.0,0.0,0.0,0.0
1641124800000,126182.70910704913,126182.70910704913,0,0.0,0.0,0.0,0.0
1641139200000,126182.70910704913,126182.70910704913,0,0.0,0.0,0.0,0.0
1641153600000,126182.70910704913,126182.70910704913,0,0.0,0.0,0.0,0.0
1641168000000,126182.70910704913,126182.70910704913,0,0.0,0.0,0.0,0.0
1641182400000,126182.70910704913,126182.70910704913,0,0.0,0.0,0.0,0.0
1641196800000,126182.70910704913,126182.70910704913,0,0.0,0.0,0.0,0.0
1641211200000,126182.70910704913,126182.70910704913,0,0.0,0.0,0.0,0.0
1641225600000,126182.70910704913,126182.70910704913,0,0.0,0.0,0.0,0.0
1641240000000,126182.70910704913,126182.70910704913,0,0.0,0.0,0.0,0.0
1641254400000,126182.70910704913,126182.70910704913,0,0.0,0.0,0.0,0.0
1641268800000,126182.70910704913,126182.70910704913,0,0.0,0.0,0.0,0.0
1641283200000,126182.70910704913,126182.70910704913,0,0.0,0.0,0.0,0.0
1641297600000,126182.70910704913,126182.70910704913,0,0.0,0.0,0.0,0.0
1641312000000,126182.70910704913,126182.70910704913,0,0.0,0.0,0.0,0.0
1641326400000,126182.70910704913,126182.70910704913,0,0.0,0.0,0.0,0.0
1641340800000,126774.2275594914,126111.93479125116,1,140886.33882769043,2523.654182140983,2523.654182140983,140886.33882769043
1641355200000,123011.87945985369,126059.3845459187,2,277876.46936678916,5059.421146526598,5059.421146526598,277876.46936678916
1641369600000,123089.45280779222,126059.3845459187,2,277798.8960188506,5059.421146526598,5059.421146526598,277798.8960188506
1641384000000,120831.79068457536,120831.79068457536,0,0.0,0.0,0.0,0.0
1641398400000,120831.79068457536,120831.79068457536,0,0.0,0.0,0.0,0.0
1641412800000,120831.79068457536,120831.79068457536,0,0.0,0.0,0.0,0.0
1641427200000,131106.3230262484,125416.34056975474,3,204981.0284706175,4823.964786658502,4823.964786658502,204981.0284706175
1641441600000,136842.6124481281,127284.2903596197,4,245331.85411933836,6655.467781917428,6655.467781917428,245331.85411933836
1641456000000,132534.35124537238,127258.03175465358,5,302131.0666493769,8209.311889302246,8209.311889302246,302131.0666493769
1641470400000,137665.1095888648,127267.84966776567,5,297010.1262189966,8209.311889302246,8209.311889302246,297010.1262189966
1641484800000,134501.5339295379,129646.28263985805,5,257658.60862035345,7005.223406745856,7005.223406745856,257658.60862035345
1641499200000,130531.40532757001,128076.08056050687,4,207541.32521072117,5451.379299361038,5451.379299361038,207541.32521072117
1641513600000,131496.5708381673,128044.6506027932,3,161651.20351234783,4247.290816804647,4247.290816804647,161651.20351234783
1641528000000,138822.4613626202,128045.01513806327,3,154325.67752316495,4247.290816804647,4247.290816804647,154325.67752316495
1641542400000,140295.11038850422,131049.52290491306,3,103589.67732487938,2727.8043618252004,2727.8043618252004,103589.67732487938
1641556800000,139025.7287601344,131126.8429217086,2,97497.92337858197,2519.4351704662186,2519.4351704662186,97497.92337858197
1641571200000,141685.69824019412,131126.8429217086,2,94837.95389852225,2519.4351704662186,2519.4351704662186,94837.95389852225
1641585600000,140178.71674400344,131128.09836699415,2,96346.1908399985,2519.4351704662186,2519.4351704662186,96346.1908399985
1641600000000,139759.19851367554,131128.09836699415,2,96765.70907032638,2519.4351704662186,2519.4351704662186,96765.70907032638
1641614400000,139278.25234314144,131137.77470026092,2,97256.33157412725,2519.4351704662186,2519.4351704662186,97256.33157412725
1641628800000,138913.60195576027,131137.77470026092,2,97620.98196150846,2519.4351704662186,2519.4351704662186,97620.98196150846
1641643200000,138684.14144610765,137942.36910068276,1,44087.631002363734,1311.1172636204649,1311.1172636204649,44087.631002363734
1641657600000,139581.64267258171,137942.36910068276,1,43190.129775889654,1311.1172636204649,1311.1172636204649,43190.129775889654
1641672000000,141189.3385279741,137941.33634258385,1,41581.40116239837,1311.1172636204649,1311.1172636204649,41581.40116239837
1641686400000,139139.49864445988,139139.49864445988,0,0.0,0.0,0.0,0.0
1641700800000,139139.49864445988,139139.49864445988,0,0.0,0.0,0.0,0.0
1641715200000,139139.49864445988,139139.49864445988,0,0.0,0.0,0.0,0.0
1641729600000,139139.49864445988,139139.49864445988,0,0.0,0.0,0.0,0.0
1641744000000,139139.49864445988,139139.49864445988,0,0.0,0.0,0.0,0.0
1641758400000,139139.49864445988,139139.49864445988,0,0.0,0.0,0.0,0.0
1641772800000,139139.49864445988,139139.49864445988,0,0.0,0.0,0.0,0.0
1641787200000,139139.49864445988,139139.49864445988,0,0.0,0.0,0.0,0.0
1641801600000,139139.49864445988,139139.49864445988,0,0.0,0.0,0.0,0.0
1641816000000,139139.49864445988,139139.49864445988,0,0.0,0.0,0.0,0.0
1641830400000,139139.49864445988,139139.49864445988,0,0.0,0.0,0.0,0.0
1641844800000,139139.49864445988,139139.49864445988,0,0.0,0.0,0.0,0.0
1641859200000,139139.49864445988,139139.49864445988,0,0.0,0.0,0.0,0.0
1641873600000,139139.49864445988,139139.49864445988,0,0.0,0.0,0.0,0.0
1641888000000,139139.49864445988,139139.49864445988,0,0.0,0.0,0.0,0.0
1641902400000,139139.49864445988,139139.49864445988,0,0.0,0.0,0.0,0.0
1641916800000,139139.49864445988,139139.49864445988,0,0.0,0.0,0.0,0.0
1641931200000,139139.49864445988,139139.49864445988,0,0.0,0.0,0.0,0.0
1641945600000,139139.49864445988,139139.49864445988,0,0.0,0.0,0.0,0.0
1641960000000,139139.49864445988,139139.49864445988,0,0.0,0.0,0.0,0.0
1641974400000,139139.49864445988,139139.49864445988,0,0.0,0.0,0.0,0.0
1641988800000,139139.49864445988,139139.49864445988,0,0.0,0.0,0.0,0.0
1642003200000,139139.49864445988,139139.49864445988,0,0.0,0.0,0.0,0.0
1642017600000,139139.49864445988,139139.49864445988,0,0.0,0.0,0.0,0.0
1642032000000,139139.49864445988,139139.49864445988,0,0.0,0.0,0.0,0.0
1642046400000,139139.49864445988,139139.49864445988,0,0.0,0.0,0.0,0.0
1642060800000,139139.49864445988,139139.49864445988,0,0.0,0.0,0.0,0.0
1642075200000,139139.49864445988,139139.49864445988,0,0.0,0.0,0.0,0.0
1642089600000,139139.49864445988,139139.49864445988,0,0.0,0.0,0.0,0.0
1642104000000,139139.49864445988,139139.49864445988,0,0.0,0.0,0.0,0.0
1642118400000,139139.49864445988,139139.49864445988,0,0.0,0.0,0.0,0.0
1642132800000,139139.49864445988,139139.49864445988,0,0.0,0.0,0.0,0.0
1642147200000,139139.49864445988,139139.49864445988,0,0.0,0.0,0.0,0.0
1642161600000,139139.49864445988,139139.49864445988,0,0.0,0.0,0.0,0.0
1642176000000,139139.49864445988,139139.49864445988,0,0.0,0.0,0.0,0.0
1642190400000,139139.49864445988,139139.49864445988,0,0.0,0.0,0.0,0.0
1642204800000,139139.49864445988,139139.49864445988,0,0.0,0.0,0.0,0.0
1642219200000,139139.49864445988,139139.49864445988,0,0.0,0.0,0.0,0.0
1642233600000,139139.49864445988,139139.49864445988,0,0.0,0.0,0.0,0.0
1642248000000,139139.49864445988,139139.49864445988,0,0.0,0.0,0.0,0.0
1642262400000,139139.49864445988,139139.49864445988,0,0.0,0.0,0.0,0.0
1642276800000,139139.49864445988,139139.49864445988,0,0.0,0.0,0.0,0.0
1642291200000,139139.49864445988,139139.49864445988,0,0.0,0.0,0.0,0.0
1642305600000,139139.49864445988,139139.49864445988,0,0.0,0.0,0.0,0.0
1642320000000,139139.49864445988,139139.49864445988,0,0.0,0.0,0.0,0.0
1642334400000,139139.49864445988,139139.49864445988,0,0.0,0.0,0.0,0.0
1642348800000,139139.49864445988,139139.49864445988,0,0.0,0.0,0.0,0.0
1642363200000,139139.49864445988,139139.49864445988,0,0.0,0.0,0.0,0.0
1642377600000,139139.49864445988,139139.49864445988,0,0.0,0.0,0.0,0.0
1642392000000,139139.49864445988,139139.49864445988,0,0.0,0.0,0.0,0.0
1642406400000,139139.49864445988,139139.49864445988,0,0.0,0.0,0.0,0.0
1642420800000,139139.49864445988,139139.49864445988,0,0.0,0.0,0.0,0.0
1642435200000,139139.49864445988,139139.49864445988,0,0.0,0.0,0.0,0.0
1642449600000,138011.18193199378,139059.25331692796,1,161538.7264487526,2782.789972889198,2782.789972889198,161538.7264487526
1642464000000,138417.05631415726,139005.05265178924,2,269479.981678883,5543.436931042828,5543.436931042828,269479.981678883
1642478400000,139834.14540303563,139032.0042308169,2,268089.8441690323,5543.436931042828,5543.436931042828,268089.8441690323
1642492800000,138996.3095660818,138938.39680901903,3,456048.9161799386,8340.274873084925,8340.274873084925,456048.9161799386
1642507200000,143909.77131745228,138983.99989733196,3,451181.05751688103,8340.274873084925,8340.274873084925,451181.05751688103
1642521600000,146679.04216370833,138983.99989733196,3,448411.786670625,8340.274873084925,8340.274873084925,448411.786670625
1642536000000,144894.99752504026,139028.84471975156,3,450240.6761317127,8340.274873084925,8340.274873084925,450240.6761317127
1642550400000,137424.82558792603,135763.6520848308,1,158829.4815607232,2782.789972889198,2782.789972889198,158829.4815607232
1642564800000,139472.64387463953,135779.53670552227,1,156797.54789470116,2782.789972889198,2782.789972889198,156797.54789470116
1642579200000,141688.105208752,138508.0951558664,1,77065.31747902361,1391.394986444599,1391.394986444599,77065.31747902361
1642593600000,140684.05208839517,138509.42588067672,1,78070.70132419077,1391.394986444599,1391.394986444599,78070.70132419077
1642608000000,140641.7201370197,138509.42588067672,1,78113.03327556622,1391.394986444599,1391.394986444599,78113.03327556622
1642622400000,140416.5254944936,138517.05697071564,1,78345.85900813124,1391.394986444599,1391.394986444599,78345.85900813124
1642636800000,140670.51720274636,138517.05697071564,1,78091.86729987849,1391.394986444599,1391.394986444599,78091.86729987849
1642651200000,140128.00998869576,138524.86512454602,1,78642.18266775947,1391.394986444599,1391.394986444599,78642.18266775947
1642665600000,139884.60126828687,138524.86512454602,1,78885.59138816835,1391.394986444599,1391.394986444599,78885.59138816835
1642680000000,140231.14543842935,138532.75368368483,1,78546.93577716468,1391.394986444599,1391.394986444599,78546.93577716468
1642694400000,139590.64471192783,139590.64471192783,0,0.0,0.0,0.0,0.0
1642708800000,139590.64471192783,139590.64471192783,0,0.0,0.0,0.0,0.0
1642723200000,139590.64471192783,139590.64471192783,0,0.0,0.0,0.0,0.0
1642737600000,139590.64471192783,139590.64471192783,0,0.0,0.0,0.0,0.0
1642752000000,137829.00950413148,139553.75301193428,1,75508.1434948845,2791.8128942385565,2791.8128942385565,75508.1434948845
1642766400000,138729.7890769778,139546.16542759398,1,74599.77633769791,2791.8128942385565,2791.8128942385565,74599.77633769791
1642780800000,140110.62576749973,139546.16542759398,1,73218.93964717594,2791.8128942385565,2791.8128942385565,73218.93964717594
1642795200000,141945.55470568428,139553.4873215587,1,71391.33260295611,2791.8128942385565,2791.8128942385565,71391.33260295611
1642809600000,146581.5935336793,142321.42688483905,1,32631.53334470062,1395.9064471192783,1395.9064471192783,32631.53334470062
1642824000000,146376.79318724977,142324.6910504746,1,32839.597856765664,1395.9064471192783,1395.9064471192783,32839.597856765664
1642838400000,150097.2436547692,142324.6910504746,1,29119.147389246227,1395.9064471192783,1395.9064471192783,29119.147389246227
1642852800000,150158.47903418695,142327.60906071495,1,29060.830020068846,1395.9064471192783,1395.9064471192783,29060.830020068846
1642867200000,149278.2407730675,149278.2407730675,0,0.0,0.0,0.0,0.0
1642881600000,149278.2407730675,149278.2407730675,0,0.0,0.0,0.0,0.0
1642896000000,149278.2407730675,149278.2407730675,0,0.0,0.0,0.0,0.0
1642910400000,149278.2407730675,149278.2407730675,0,0.0,0.0,0.0,0.0
1642924800000,149278.2407730675,149278.2407730675,0,0.0,0.0,0.0,0.0
1642939200000,149278.2407730675,149278.2407730675,0,0.0,0.0,0.0,0.0
1642953600000,149278.2407730675,149278.2407730675,0,0.0,0.0,0.0,0.0
1642968000000,149278.2407730675,149278.2407730675,0,0.0,0.0,0.0,0.0
1642982400000,149278.2407730675,149278.2407730675,0,0.0,0.0,0.0,0.0
1642996800000,149278.2407730675,149278.2407730675,0,0.0,0.0,0.0,0.0
1643011200000,149278.2407730675,149278.2407730675,0,0.0,0.0,0.0,0.0
1643025600000,149278.2407730675,149278.2407730675,0,0.0,0.0,0.0,0.0
1643040000000,149278.2407730675,149278.2407730675,0,0.0,0.0,0.0,0.0
1643054400000,149278.2407730675,149278.2407730675,0,0.0,0.0,0.0,0.0
1643068800000,149278.2407730675,149278.2407730675,0,0.0,0.0,0.0,0.0
1643083200000,149278.2407730675,149278.2407730675,0,0.0,0.0,0.0,0.0
1643097600000,149278.2407730675,149278.2407730675,0,0.0,0.0,0.0,0.0
1643112000000,149278.2407730675,149278.2407730675,0,0.0,0.0,0.0,0.0
1643126400000,149278.2407730675,149278.2407730675,0,0.0,0.0,0.0,0.0
1643140800000,149278.2407730675,149278.2407730675,0,0.0,0.0,0.0,0.0
1643155200000,149278.2407730675,149278.2407730675,0,0.0,0.0,0.0,0.0
1643169600000,149278.2407730675,149278.2407730675,0,0.0,0.0,0.0,0.0
1643184000000,149278.2407730675,149278.2407730675,0,0.0,0.0,0.0,0.0
1643198400000,149278.2407730675,149278.2407730675,0,0.0,0.0,0.0,0.0
1643212800000,149278.2407730675,149278.2407730675,0,0.0,0.0,0.0,0.0
1643227200000,149278.2407730675,149278.2407730675,0,0.0,0.0,0.0,0.0
1643241600000,149278.2407730675,149278.2407730675,0,0.0,0.0,0.0,0.0
1643256000000,149278.2407730675,149278.2407730675,0,0.0,0.0,0.0,0.0
1643270400000,149278.2407730675,149278.2407730675,0,0.0,0.0,0.0,0.0
1643284800000,149278.2407730675,149278.2407730675,0,0.0,0.0,0.0,0.0
1643299200000,149278.2407730675,149278.2407730675,0,0.0,0.0,0.0,0.0
1643313600000,149278.2407730675,149278.2407730675,0,0.0,0.0,0.0,0.0
1643328000000,149278.2407730675,149278.2407730675,0,0.0,0.0,0.0,0.0
1643342400000,149278.2407730675,149278.2407730675,0,0.0,0.0,0.0,0.0
1643356800000,149278.2407730675,149278.2407730675,0,0.0,0.0,0.0,0.0
1643371200000,149278.2407730675,149278.2407730675,0,0.0,0.0,0.0,0.0
1643385600000,149278.2407730675,149278.2407730675,0,0.0,0.0,0.0,0.0
1643400000000,149278.2407730675,149278.2407730675,0,0.0,0.0,0.0,0.0
1643414400000,149278.2407730675,149278.2407730675,0,0.0,0.0,0.0,0.0
1643428800000,149278.2407730675,149278.2407730675,0,0.0,0.0,0.0,0.0
1643443200000,149278.2407730675,149278.2407730675,0,0.0,0.0,0.0,0.0
1643457600000,149278.2407730675,149278.2407730675,0,0.0,0.0,0.0,0.0
1643472000000,149278.2407730675,149278.2407730675,0,0.0,0.0,0.0,0.0
1643486400000,149278.2407730675,149278.2407730675,0,0.0,0.0,0.0,0.0
1643500800000,149278.2407730675,149278.2407730675,0,0.0,0.0,0.0,0.0
1643515200000,149278.2407730675,149278.2407730675,0,0.0,0.0,0.0,0.0
1643529600000,149278.2407730675,149278.2407730675,0,0.0,0.0,0.0,0.0
1643544000000,149278.2407730675,149278.2407730675,0,0.0,0.0,0.0,0.0
1643558400000,149278.2407730675,149278.2407730675,0,0.0,0.0,0.0,0.0
1643572800000,149278.2407730675,149278.2407730675,0,0.0,0.0,0.0,0.0
1643587200000,149278.2407730675,149278.2407730675,0,0.0,0.0,0.0,0.0
1643601600000,149278.2407730675,149278.2407730675,0,0.0,0.0,0.0,0.0
1643616000000,149688.38749210964,149219.79673559143,1,116419.48419562199,2985.56481546135,2985.56481546135,116419.48419562199
1643630400000,148703.1141546799,149201.50490623462,1,117386.46570369492,2985.56481546135,2985.56481546135,117386.46570369492
1643644800000,147278.0887743619,149201.50490623462,1,118811.4910840129,2985.56481546135,2985.56481546135,118811.4910840129
1643659200000,146115.5273037158,146115.5273037158,0,0.0,0.0,0.0,0.0
1643673600000,146115.5273037158,146115.5273037158,0,0.0,0.0,0.0,0.0
1643688000000,146115.5273037158,146115.5273037158,0,0.0,0.0,0.0,0.0
1643702400000,146115.5273037158,146115.5273037158,0,0.0,0.0,0.0,0.0
1643716800000,146115.5273037158,146115.5273037158,0,0.0,0.0,0.0,0.0
1643731200000,146115.5273037158,146115.5273037158,0,0.0,0.0,0.0,0.0
1643745600000,146115.5273037158,146115.5273037158,0,0.0,0.0,0.0,0.0
1643760000000,146115.5273037158,146115.5273037158,0,0.0,0.0,0.0,0.0
1643774400000,146115.5273037158,146115.5273037158,0,0.0,0.0,0.0,0.0
1643788800000,146115.5273037158,146115.5273037158,0,0.0,0.0,0.0,0.0
1643803200000,146115.5273037158,146115.5273037158,0,0.0,0.0,0.0,0.0
1643817600000,146115.5273037158,146115.5273037158,0,0.0,0.0,0.0,0.0
1643832000000,146115.5273037158,146115.5273037158,0,0.0,0.0,0.0,0.0
1643846400000,146115.5273037158,146115.5273037158,0,0.0,0.0,0.0,0.0
1643860800000,146115.5273037158,146115.5273037158,0,0.0,0.0,0.0,0.0
1643875200000,146115.5273037158,146115.5273037158,0,0.0,0.0,0.0,0.0
1643889600000,146115.5273037158,146115.5273037158,0,0.0,0.0,0.0,0.0
1643904000000,146115.5273037158,146115.5273037158,0,0.0,0.0,0.0,0.0
1643918400000,146115.5273037158,146115.5273037158,0,0.0,0.0,0.0,0.0
1643932800000,146115.5273037158,146115.5273037158,0,0.0,0.0,0.0,0.0
1643947200000,146115.5273037158,146115.5273037158,0,0.0,0.0,0.0,0.0
1643961600000,146115.5273037158,146115.5273037158,0,0.0,0.0,0.0,0.0
1643976000000,146115.5273037158,146115.5273037158,0,0.0,0.0,0.0,0.0
1643990400000,146115.5273037158,146115.5273037158,0,0.0,0.0,0.0,0.0
1644004800000,146115.5273037158,146115.5273037158,0,0.0,0.0,0.0,0.0
1644019200000,146115.5273037158,146115.5273037158,0,0.0,0.0,0.0,0.0
1644033600000,146115.5273037158,146115.5273037158,0,0.0,0.0,0.0,0.0
1644048000000,146115.5273037158,146115.5273037158,0,0.0,0.0,0.0,0.0
1644062400000,146115.5273037158,146115.5273037158,0,0.0,0.0,0.0,0.0
1644076800000,146115.5273037158,146115.5273037158,0,0.0,0.0,0.0,0.0
1644091200000,146115.5273037158,146115.5273037158,0,0.0,0.0,0.0,0.0
1644105600000,146115.5273037158,146115.5273037158,0,0.0,0.0,0.0,0.0
1644120000000,146115.5273037158,146115.5273037158,0,0.0,0.0,0.0,0.0
1644134400000,146115.5273037158,146115.5273037158,0,0.0,0.0,0.0,0.0
1644148800000,146115.5273037158,146115.5273037158,0,0.0,0.0,0.0,0.0
1644163200000,146115.5273037158,146115.5273037158,0,0.0,0.0,0.0,0.0
1644177600000,146115.5273037158,146115.5273037158,0,0.0,0.0,0.0,0.0
1644192000000,146115.5273037158,146115.5273037158,0,0.0,0.0,0.0,0.0
1644206400000,146115.5273037158,146115.5273037158,0,0.0,0.0,0.0,0.0
1644220800000,146115.5273037158,146115.5273037158,0,0.0,0.0,0.0,0.0
1644235200000,146115.5273037158,146115.5273037158,0,0.0,0.0,0.0,0.0
1644249600000,146115.5273037158,146115.5273037158,0,0.0,0.0,0.0,0.0
1644264000000,146115.5273037158,146115.5273037158,0,0.0,0.0,0.0,0.0
1644278400000,146115.5273037158,146115.5273037158,0,0.0,0.0,0.0,0.0
1644292800000,146115.5273037158,146115.5273037158,0,0.0,0.0,0.0,0.0
1644307200000,146115.5273037158,146115.5273037158,0,0.0,0.0,0.0,0.0
1644321600000,146115.5273037158,146115.5273037158,0,0.0,0.0,0.0,0.0
1644336000000,146115.5273037158,146115.5273037158,0,0.0,0.0,0.0,0.0
1644350400000,146115.5273037158,146115.5273037158,0,0.0,0.0,0.0,0.0
1644364800000,146115.5273037158,146115.5273037158,0,0.0,0.0,0.0,0.0
1644379200000,146115.5273037158,146115.5273037158,0,0.0,0.0,0.0,0.0
1644393600000,146115.5273037158,146115.5273037158,0,0.0,0.0,0.0,0.0
1644408000000,146115.5273037158,146115.5273037158,0,0.0,0.0,0.0,0.0
1644422400000,146115.5273037158,146115.5273037158,0,0.0,0.0,0.0,0.0
1644436800000,146115.5273037158,146115.5273037158,0,0.0,0.0,0.0,0.0
1644451200000,146115.5273037158,146115.5273037158,0,0.0,0.0,0.0,0.0
1644465600000,146115.5273037158,146115.5273037158,0,0.0,0.0,0.0,0.0
1644480000000,146115.5273037158,146115.5273037158,0,0.0,0.0,0.0,0.0
1644494400000,146115.5273037158,146115.5273037158,0,0.0,0.0,0.0,0.0
1644508800000,146115.5273037158,146115.5273037158,0,0.0,0.0,0.0,0.0
1644523200000,146115.5273037158,146115.5273037158,0,0.0,0.0,0.0,0.0
1644537600000,146115.5273037158,146115.5273037158,0,0.0,0.0,0.0,0.0
1644552000000,146563.28907137827,146093.3844892324,1,43815.72438462685,1461.1552730371577,1461.1552730371577,43815.72438462685
1644566400000,146094.65815207688,146093.3844892324,1,44284.35530392823,1461.1552730371577,1461.1552730371577,44284.35530392823
1644580800000,145869.91911439665,146096.62806094205,1,44512.337913318086,1461.1552730371577,1461.1552730371577,44512.337913318086
1644595200000,145571.0085820855,146096.62806094205,1,44811.248445629244,1461.1552730371577,1461.1552730371577,44811.248445629244
1644609600000,147849.00653635673,146097.333061419,1,42533.95549183497,1461.1552730371577,1461.1552730371577,42533.95549183497
1644624000000,149182.32101371573,147544.009104843,1,20504.502574513615,730.5776365185789,730.5776365185789,20504.502574513615
1644638400000,149266.69898249785,147546.06002023435,1,20422.17552112283,730.5776365185789,730.5776365185789,20422.17552112283
1644652800000,149560.54323460034,147546.06002023435,1,20128.331269020346,730.5776365185789,730.5776365185789,20128.331269020346
1644667200000,149292.7770480198,147548.07325476516,1,20398.11069013168,730.5776365185789,730.5776365185789,20398.11069013168
1644681600000,149619.55212147863,147548.07325476516,1,20071.33561667288,730.5776365185789,730.5776365185789,20071.33561667288
1644696000000,149166.86060631275,147550.08038832684,1,20526.034265400434,730.5776365185789,730.5776365185789,20526.034265400434
1644710400000,149492.36910971938,147550.08038832684,1,20200.525761993802,730.5776365185789,730.5776365185789,20200.525761993802
1644724800000,149501.0419858447,147551.15384413916,1,20192.926341680806,730.5776365185789,730.5776365185789,20192.926341680806
1644739200000,149224.92971447253,147551.15384413916,1,20469.038613052973,730.5776365185789,730.5776365185789,20469.038613052973
1644753600000,149159.61107835147,147551.69685073072,1,20534.9002557656,730.5776365185789,730.5776365185789,20534.9002557656
1644768000000,149362.262286698,147551.69685073072,1,20332.249047419056,730.5776365185789,730.5776365185789,20332.249047419056
1644782400000,149884.2237662215,147551.83146876184,1,19810.42218592671,730.5776365185789,730.5776365185789,19810.42218592671
1644796800000,149934.8865683081,147551.83146876184,1,19759.75938384007,730.5776365185789,730.5776365185789,19759.75938384007
1644811200000,150260.0321154592,147552.73508255847,1,19435.517450485604,730.5776365185789,730.5776365185789,19435.517450485604
1644825600000,149886.39395007028,147552.73508255847,1,19809.15561587454,730.5776365185789,730.5776365185789,19809.15561587454
1644840000000,150018.81082320394,147554.69524031904,1,19678.698900501455,730.5776365185789,730.5776365185789,19678.698900501455
1644854400000,149693.30231979728,147554.69524031904,1,20004.20740390809,730.5776365185789,730.5776365185789,20004.20740390809
1644868800000,150292.8657095943,147556.43756549375,1,19406.386339285786,730.5776365185789,730.5776365185789,19406.386339285786
1644883200000,149565.8544996511,147556.43756549375,1,20133.397549229012,730.5776365185789,730.5776365185789,20133.397549229012
1644897600000,149220.6516754716,149220.6516754716,0,0.0,0.0,0.0,0.0
1644912000000,149220.6516754716,149220.6516754716,0,0.0,0.0,0.0,0.0
1644926400000,149220.6516754716,149220.6516754716,0,0.0,0.0,0.0,0.0
1644940800000,149220.6516754716,149220.6516754716,0,0.0,0.0,0.0,0.0
1644955200000,149220.6516754716,149220.6516754716,0,0.0,0.0,0.0,0.0
1644969600000,149220.6516754716,149220.6516754716,0,0.0,0.0,0.0,0.0
1644984000000,149220.6516754716,149220.6516754716,0,0.0,0.0,0.0,0.0
1644998400000,149220.6516754716,149220.6516754716,0,0.0,0.0,0.0,0.0
1645012800000,149220.6516754716,149220.6516754716,0,0.0,0.0,0.0,0.0
1645027200000,149220.6516754716,149220.6516754716,0,0.0,0.0,0.0,0.0
1645041600000,149220.6516754716,149220.6516754716,0,0.0,0.0,0.0,0.0
1645056000000,149220.6516754716,149220.6516754716,0,0.0,0.0,0.0,0.0
1645070400000,149220.6516754716,149220.6516754716,0,0.0,0.0,0.0,0.0
1645084800000,149220.6516754716,149220.6516754716,0,0.0,0.0,0.0,0.0
1645099200000,149220.6516754716,149220.6516754716,0,0.0,0.0,0.0,0.0
1645113600000,149220.6516754716,149220.6516754716,0,0.0,0.0,0.0,0.0
1645128000000,149220.6516754716,149220.6516754716,0,0.0,0.0,0.0,0.0
1645142400000,149220.6516754716,149220.6516754716,0,0.0,0.0,0.0,0.0
1645156800000,149061.4653128893,149192.32430115188,1,56785.6076276776,1492.206516754716,1492.206516754716,56785.6076276776
1645171200000,148878.55466196462,149192.32430115188,1,56968.518278602314,1492.206516754716,1492.206516754716,56968.518278602314
1645185600000,149007.3992787715,149198.02115297975,1,56845.3705136233,1492.206516754716,1492.206516754716,56845.3705136233
1645200000000,149815.10373731036,149198.02115297975,1,56037.666055084446,1492.206516754716,1492.206516754716,56037.666055084446
1645214400000,149212.42575219256,149200.2160134942,1,56642.53890071668,1492.206516754716,1492.206516754716,56642.53890071668
1645228800000,149735.8037533534,149200.2160134942,1,56119.160899555856,1492.206516754716,1492.206516754716,56119.160899555856
1645243200000,149349.5260815055,149201.49160202144,1,56506.714159931,1492.206516754716,1492.206516754716,56506.714159931
1645257600000,148943.86285569225,149201.49160202144,1,56912.377385744236,1492.206516754716,1492.206516754716,56912.377385744236
1645272000000,149981.11326690268,149202.85199017308,1,55876.487362685446,1492.206516754716,1492.206516754716,55876.487362685446
1645286400000,149555.52907910754,149202.85199017308,1,56302.07155048057,1492.206516754716,1492.206516754716,56302.07155048057
1645300800000,150064.30867507675,149206.36355041954,1,55796.80351475784,1492.206516754716,1492.206516754716,55796.80351475784
1645315200000,149421.40490202451,149206.36355041954,1,56439.70728781006,1492.206516754716,1492.206516754716,56439.70728781006
1645329600000,150100.7426657444,149212.01059984244,1,55766.01657351309,1492.206516754716,1492.206516754716,55766.01657351309
1645344000000,151290.56739502697,149212.01059984244,1,54576.19184423052,1492.206516754716,1492.206516754716,54576.19184423052
1645358400000,151274.62901626236,149214.1821865159,1,54594.30180966861,1492.206516754716,1492.206516754716,54594.30180966861
1645372800000,151472.02763953753,149214.1821865159,1,54396.90318639342,1492.206516754716,1492.206516754716,54396.90318639342
1645387200000,151359.7553781175,149219.62470044347,1,54514.61796174101,1492.206516754716,1492.206516754716,54514.61796174101
1645401600000,151089.91689308995,149219.62470044347,1,54784.45644676856,1492.206516754716,1492.206516754716,54784.45644676856
1645416000000,149669.28051776582,149669.28051776582,0,0.0,0.0,0.0,0.0
1645430400000,149669.28051776582,149669.28051776582,0,0.0,0.0,0.0,0.0
1645444800000,149669.28051776582,149669.28051776582,0,0.0,0.0,0.0,0.0
1645459200000,149669.28051776582,149669.28051776582,0,0.0,0.0,0.0,0.0
1645473600000,149669.28051776582,149669.28051776582,0,0.0,0.0,0.0,0.0
1645488000000,149669.28051776582,149669.28051776582,0,0.0,0.0,0.0,0.0
1645502400000,149669.28051776582,149669.28051776582,0,0.0,0.0,0.0,0.0
1645516800000,149669.28051776582,149669.28051776582,0,0.0,0.0,0.0,0.0
1645531200000,149669.28051776582,149669.28051776582,0,0.0,0.0,0.0,0.0
1645545600000,149669.28051776582,149669.28051776582,0,0.0,0.0,0.0,0.0
1645560000000,149669.28051776582,149669.28051776582,0,0.0,0.0,0.0,0.0
1645574400000,149669.28051776582,149669.28051776582,0,0.0,0.0,0.0,0.0
1645588800000,149669.28051776582,149669.28051776582,0,0.0,0.0,0.0,0.0
1645603200000,149669.28051776582,149669.28051776582,0,0.0,0.0,0.0,0.0
1645617600000,149669.28051776582,149669.28051776582,0,0.0,0.0,0.0,0.0
1645632000000,149669.28051776582,149669.28051776582,0,0.0,0.0,0.0,0.0
1645646400000,149669.28051776582,149669.28051776582,0,0.0,0.0,0.0,0.0
1645660800000,149669.28051776582,149669.28051776582,0,0.0,0.0,0.0,0.0
1645675200000,149669.28051776582,149669.28051776582,0,0.0,0.0,0.0,0.0
1645689600000,149669.28051776582,149669.28051776582,0,0.0,0.0,0.0,0.0
1645704000000,149669.28051776582,149669.28051776582,0,0.0,0.0,0.0,0.0
1645718400000,149669.28051776582,149669.28051776582,0,0.0,0.0,0.0,0.0
1645732800000,149669.28051776582,149669.28051776582,0,0.0,0.0,0.0,0.0
1645747200000,149669.28051776582,149669.28051776582,0,0.0,0.0,0.0,0.0
1645761600000,149669.28051776582,149669.28051776582,0,0.0,0.0,0.0,0.0
1645776000000,149669.28051776582,149669.28051776582,0,0.0,0.0,0.0,0.0
1645790400000,149669.28051776582,149669.28051776582,0,0.0,0.0,0.0,0.0
1645804800000,149669.28051776582,149669.28051776582,0,0.0,0.0,0.0,0.0
1645819200000,149669.28051776582,149669.28051776582,0,0.0,0.0,0.0,0.0
1645833600000,149669.28051776582,149669.28051776582,0,0.0,0.0,0.0,0.0
1645848000000,149669.28051776582,149669.28051776582,0,0.0,0.0,0.0,0.0
1645862400000,149669.28051776582,149669.28051776582,0,0.0,0.0,0.0,0.0
1645876800000,149669.28051776582,149669.28051776582,0,0.0,0.0,0.0,0.0
1645891200000,149669.28051776582,149669.28051776582,0,0.0,0.0,0.0,0.0
1645905600000,149669.28051776582,149669.28051776582,0,0.0,0.0,0.0,0.0
1645920000000,149669.28051776582,149669.28051776582,0,0.0,0.0,0.0,0.0
1645934400000,149669.28051776582,149669.28051776582,0,0.0,0.0,0.0,0.0
1645948800000,149669.28051776582,149669.28051776582,0,0.0,0.0,0.0,0.0
1645963200000,149669.28051776582,149669.28051776582,0,0.0,0.0,0.0,0.0
1645977600000,149669.28051776582,149669.28051776582,0,0.0,0.0,0.0,0.0
1645992000000,149669.28051776582,149669.28051776582,0,0.0,0.0,0.0,0.0
1646006400000,149669.28051776582,149669.28051776582,0,0.0,0.0,0.0,0.0
1646020800000,149669.28051776582,149669.28051776582,0,0.0,0.0,0.0,0.0
1646035200000,149669.28051776582,149669.28051776582,0,0.0,0.0,0.0,0.0
1646049600000,149669.28051776582,149669.28051776582,0,0.0,0.0,0.0,0.0
1646064000000,149669.28051776582,149669.28051776582,0,0.0,0.0,0.0,0.0
1646078400000,149669.28051776582,149669.28051776582,0,0.0,0.0,0.0,0.0
1646092800000,149669.28051776582,149669.28051776582,0,0.0,0.0,0.0,0.0
1646107200000,149669.28051776582,149669.28051776582,0,0.0,0.0,0.0,0.0
1646121600000,149669.28051776582,149669.28051776582,0,0.0,0.0,0.0,0.0
1646136000000,149669.28051776582,149669.28051776582,0,0.0,0.0,0.0,0.0
1646150400000,149669.28051776582,149669.28051776582,0,0.0,0.0,0.0,0.0
1646164800000,149669.28051776582,149669.28051776582,0,0.0,0.0,0.0,0.0
1646179200000,149669.28051776582,149669.28051776582,0,0.0,0.0,0.0,0.0
1646193600000,149669.28051776582,149669.28051776582,0,0.0,0.0,0.0,0.0
1646208000000,149669.28051776582,149669.28051776582,0,0.0,0.0,0.0,0.0
1646222400000,149669.28051776582,149669.28051776582,0,0.0,0.0,0.0,0.0
1646236800000,149669.28051776582,149669.28051776582,0,0.0,0.0,0.0,0.0
1646251200000,149669.28051776582,149669.28051776582,0,0.0,0.0,0.0,0.0
1646265600000,149669.28051776582,149669.28051776582,0,0.0,0.0,0.0,0.0
1646280000000,149669.28051776582,149669.28051776582,0,0.0,0.0,0.0,0.0
1646294400000,149669.28051776582,149669.28051776582,0,0.0,0.0,0.0,0.0
1646308800000,149669.28051776582,149669.28051776582,0,0.0,0.0,0.0,0.0
1646323200000,149669.28051776582,149669.28051776582,0,0.0,0.0,0.0,0.0
1646337600000,149669.28051776582,149669.28051776582,0,0.0,0.0,0.0,0.0
1646352000000,149669.28051776582,149669.28051776582,0,0.0,0.0,0.0,0.0
1646366400000,149669.28051776582,149669.28051776582,0,0.0,0.0,0.0,0.0
1646380800000,149669.28051776582,149669.28051776582,0,0.0,0.0,0.0,0.0
1646395200000,149669.28051776582,149669.28051776582,0,0.0,0.0,0.0,0.0
1646409600000,149669.28051776582,149669.28051776582,0,0.0,0.0,0.0,0.0
1646424000000,149669.28051776582,149669.28051776582,0,0.0,0.0,0.0,0.0
1646438400000,149669.28051776582,149669.28051776582,0,0.0,0.0,0.0,0.0
1646452800000,149669.28051776582,149669.28051776582,0,0.0,0.0,0.0,0.0
1646467200000,149669.28051776582,149669.28051776582,0,0.0,0.0,0.0,0.0
1646481600000,149669.28051776582,149669.28051776582,0,0.0,0.0,0.0,0.0
1646496000000,149669.28051776582,149669.28051776582,0,0.0,0.0,0.0,0.0
1646510400000,149669.28051776582,149669.28051776582,0,0.0,0.0,0.0,0.0
1646524800000,149669.28051776582,149669.28051776582,0,0.0,0.0,0.0,0.0
1646539200000,149669.28051776582,149669.28051776582,0,0.0,0.0,0.0,0.0
1646553600000,149669.28051776582,149669.28051776582,0,0.0,0.0,0.0,0.0
1646568000000,149669.28051776582,149669.28051776582,0,0.0,0.0,0.0,0.0
1646582400000,149669.28051776582,149669.28051776582,0,0.0,0.0,0.0,0.0
1646596800000,149669.28051776582,149669.28051776582,0,0.0,0.0,0.0,0.0
1646611200000,149669.28051776582,149669.28051776582,0,0.0,0.0,0.0,0.0
1646625600000,149669.28051776582,149669.28051776582,0,0.0,0.0,0.0,0.0
1646640000000,149669.28051776582,149669.28051776582,0,0.0,0.0,0.0,0.0
1646654400000,149669.28051776582,149669.28051776582,0,0.0,0.0,0.0,0.0
1646668800000,149669.28051776582,149669.28051776582,0,0.0,0.0,0.0,0.0
1646683200000,149669.28051776582,149669.28051776582,0,0.0,0.0,0.0,0.0
1646697600000,149669.28051776582,149669.28051776582,0,0.0,0.0,0.0,0.0
1646712000000,149669.28051776582,149669.28051776582,0,0.0,0.0,0.0,0.0
1646726400000,149669.28051776582,149669.28051776582,0,0.0,0.0,0.0,0.0
1646740800000,149669.28051776582,149669.28051776582,0,0.0,0.0,0.0,0.0
1646755200000,149669.28051776582,149669.28051776582,0,0.0,0.0,0.0,0.0
1646769600000,149669.28051776582,149669.28051776582,0,0.0,0.0,0.0,0.0
1646784000000,149669.28051776582,149669.28051776582,0,0.0,0.0,0.0,0.0
1646798400000,149669.28051776582,149669.28051776582,0,0.0,0.0,0.0,0.0
1646812800000,149669.28051776582,149669.28051776582,0,0.0,0.0,0.0,0.0
1646827200000,149669.28051776582,149669.28051776582,0,0.0,0.0,0.0,0.0
1646841600000,149669.28051776582,149669.28051776582,0,0.0,0.0,0.0,0.0
1646856000000,149669.28051776582,149669.28051776582,0,0.0,0.0,0.0,0.0
1646870400000,149669.28051776582,149669.28051776582,0,0.0,0.0,0.0,0.0
1646884800000,149669.28051776582,149669.28051776582,0,0.0,0.0,0.0,0.0
1646899200000,149669.28051776582,149669.28051776582,0,0.0,0.0,0.0,0.0
1646913600000,149669.28051776582,149669.28051776582,0,0.0,0.0,0.0,0.0
1646928000000,149669.28051776582,149669.28051776582,0,0.0,0.0,0.0,0.0
1646942400000,149669.28051776582,149669.28051776582,0,0.0,0.0,0.0,0.0
1646956800000,149669.28051776582,149669.28051776582,0,0.0,0.0,0.0,0.0
1646971200000,149669.28051776582,149669.28051776582,0,0.0,0.0,0.0,0.0
1646985600000,149669.28051776582,149669.28051776582,0,0.0,0.0,0.0,0.0
1647000000000,149669.28051776582,149669.28051776582,0,0.0,0.0,0.0,0.0
1647014400000,149669.28051776582,149669.28051776582,0,0.0,0.0,0.0,0.0
1647028800000,149669.28051776582,149669.28051776582,0,0.0,0.0,0.0,0.0
1647043200000,149669.28051776582,149669.28051776582,0,0.0,0.0,0.0,0.0
1647057600000,149669.28051776582,149669.28051776582,0,0.0,0.0,0.0,0.0
1647072000000,149669.28051776582,149669.28051776582,0,0.0,0.0,0.0,0.0
1647086400000,149669.28051776582,149669.28051776582,0,0.0,0.0,0.0,0.0
1647100800000,149669.28051776582,149669.28051776582,0,0.0,0.0,0.0,0.0
1647115200000,149669.28051776582,149669.28051776582,0,0.0,0.0,0.0,0.0
1647129600000,149669.28051776582,149669.28051776582,0,0.0,0.0,0.0,0.0
1647144000000,149669.28051776582,149669.28051776582,0,0.0,0.0,0.0,0.0
1647158400000,149669.28051776582,149669.28051776582,0,0.0,0.0,0.0,0.0
1647172800000,149669.28051776582,149669.28051776582,0,0.0,0.0,0.0,0.0
1647187200000,149669.28051776582,149669.28051776582,0,0.0,0.0,0.0,0.0
1647201600000,149669.28051776582,149669.28051776582,0,0.0,0.0,0.0,0.0
1647216000000,149669.28051776582,149669.28051776582,0,0.0,0.0,0.0,0.0
1647230400000,145733.48359086626,149470.1960110433,3,401905.7258652275,8968.360789947732,8968.360789947732,401905.7258652275
1647244800000,140216.79834539365,140216.79834539365,0,0.0,0.0,0.0,0.0
1647259200000,140216.79834539365,140216.79834539365,0,0.0,0.0,0.0,0.0
1647273600000,140216.79834539365,140216.79834539365,0,0.0,0.0,0.0,0.0
1647288000000,140216.79834539365,140216.79834539365,0,0.0,0.0,0.0,0.0
1647302400000,140216.79834539365,140216.79834539365,0,0.0,0.0,0.0,0.0
1647316800000,140216.79834539365,140216.79834539365,0,0.0,0.0,0.0,0.0
1647331200000,140216.79834539365,140216.79834539365,0,0.0,0.0,0.0,0.0
1647345600000,140216.79834539365,140216.79834539365,0,0.0,0.0,0.0,0.0
1647360000000,140216.79834539365,140216.79834539365,0,0.0,0.0,0.0,0.0
1647374400000,140216.79834539365,140216.79834539365,0,0.0,0.0,0.0,0.0
1647388800000,140216.79834539365,140216.79834539365,0,0.0,0.0,0.0,0.0
1647403200000,140216.79834539365,140216.79834539365,0,0.0,0.0,0.0,0.0
1647417600000,140216.79834539365,140216.79834539365,0,0.0,0.0,0.0,0.0
1647432000000,140216.79834539365,140216.79834539365,0,0.0,0.0,0.0,0.0
1647446400000,140216.79834539365,140216.79834539365,0,0.0,0.0,0.0,0.0
1647460800000,140216.79834539365,140216.79834539365,0,0.0,0.0,0.0,0.0
1647475200000,140216.79834539365,140216.79834539365,0,0.0,0.0,0.0,0.0
1647489600000,140216.79834539365,140216.79834539365,0,0.0,0.0,0.0,0.0
1647504000000,140216.79834539365,140216.79834539365,0,0.0,0.0,0.0,0.0
1647518400000,140216.79834539365,140216.79834539365,0,0.0,0.0,0.0,0.0
1647532800000,140216.79834539365,140216.79834539365,0,0.0,0.0,0.0,0.0
1647547200000,140216.79834539365,140216.79834539365,0,0.0,0.0,0.0,0.0
1647561600000,140216.79834539365,140216.79834539365,0,0.0,0.0,0.0,0.0
1647576000000,140216.79834539365,140216.79834539365,0,0.0,0.0,0.0,0.0
1647590400000,140216.79834539365,140216.79834539365,0,0.0,0.0,0.0,0.0
1647604800000,140216.79834539365,140216.79834539365,0,0.0,0.0,0.0,0.0
1647619200000,140216.79834539365,140216.79834539365,0,0.0,0.0,0.0,0.0
1647633600000,140216.79834539365,140216.79834539365,0,0.0,0.0,0.0,0.0
1647648000000,140216.79834539365,140216.79834539365,0,0.0,0.0,0.0,0.0
1647662400000,140216.79834539365,140216.79834539365,0,0.0,0.0,0.0,0.0
1647676800000,140216.79834539365,140216.79834539365,0,0.0,0.0,0.0,0.0
1647691200000,140216.79834539365,140216.79834539365,0,0.0,0.0,0.0,0.0
1647705600000,140216.79834539365,140216.79834539365,0,0.0,0.0,0.0,0.0
1647720000000,140216.79834539365,140216.79834539365,0,0.0,0.0,0.0,0.0
1647734400000,140216.79834539365,140216.79834539365,0,0.0,0.0,0.0,0.0
1647748800000,140216.79834539365,140216.79834539365,0,0.0,0.0,0.0,0.0
1647763200000,140216.79834539365,140216.79834539365,0,0.0,0.0,0.0,0.0
1647777600000,140216.79834539365,140216.79834539365,0,0.0,0.0,0.0,0.0
1647792000000,140216.79834539365,140216.79834539365,0,0.0,0.0,0.0,0.0
1647806400000,140216.79834539365,140216.79834539365,0,0.0,0.0,0.0,0.0
1647820800000,140216.79834539365,140216.79834539365,0,0.0,0.0,0.0,0.0
1647835200000,140216.79834539365,140216.79834539365,0,0.0,0.0,0.0,0.0
1647849600000,140216.79834539365,140216.79834539365,0,0.0,0.0,0.0,0.0
1647864000000,140216.79834539365,140216.79834539365,0,0.0,0.0,0.0,0.0
1647878400000,140216.79834539365,140216.79834539365,0,0.0,0.0,0.0,0.0
1647892800000,140216.79834539365,140216.79834539365,0,0.0,0.0,0.0,0.0
1647907200000,140216.79834539365,140216.79834539365,0,0.0,0.0,0.0,0.0
1647921600000,140216.79834539365,140216.79834539365,0,0.0,0.0,0.0,0.0
1647936000000,140216.79834539365,140216.79834539365,0,0.0,0.0,0.0,0.0
1647950400000,140216.79834539365,140216.79834539365,0,0.0,0.0,0.0,0.0
1647964800000,140216.79834539365,140216.79834539365,0,0.0,0.0,0.0,0.0
1647979200000,140216.79834539365,140216.79834539365,0,0.0,0.0,0.0,0.0
1647993600000,140216.79834539365,140216.79834539365,0,0.0,0.0,0.0,0.0
1648008000000,140216.79834539365,140216.79834539365,0,0.0,0.0,0.0,0.0
1648022400000,140216.79834539365,140216.79834539365,0,0.0,0.0,0.0,0.0
1648036800000,140216.79834539365,140216.79834539365,0,0.0,0.0,0.0,0.0
1648051200000,140216.79834539365,140216.79834539365,0,0.0,0.0,0.0,0.0
1648065600000,140216.79834539365,140216.79834539365,0,0.0,0.0,0.0,0.0
1648080000000,140216.79834539365,140216.79834539365,0,0.0,0.0,0.0,0.0
1648094400000,140216.79834539365,140216.79834539365,0,0.0,0.0,0.0,0.0
1648108800000,140216.79834539365,140216.79834539365,0,0.0,0.0,0.0,0.0
1648123200000,140216.79834539365,140216.79834539365,0,0.0,0.0,0.0,0.0
1648137600000,140216.79834539365,140216.79834539365,0,0.0,0.0,0.0,0.0
1648152000000,140216.79834539365,140216.79834539365,0,0.0,0.0,0.0,0.0
1648166400000,140216.79834539365,140216.79834539365,0,0.0,0.0,0.0,0.0
1648180800000,140216.79834539365,140216.79834539365,0,0.0,0.0,0.0,0.0
1648195200000,140216.79834539365,140216.79834539365,0,0.0,0.0,0.0,0.0
1648209600000,140216.79834539365,140216.79834539365,0,0.0,0.0,0.0,0.0
1648224000000,140216.79834539365,140216.79834539365,0,0.0,0.0,0.0,0.0
1648238400000,140216.79834539365,140216.79834539365,0,0.0,0.0,0.0,0.0
1648252800000,140216.79834539365,140216.79834539365,0,0.0,0.0,0.0,0.0
1648267200000,140216.79834539365,140216.79834539365,0,0.0,0.0,0.0,0.0
1648281600000,140216.79834539365,140216.79834539365,0,0.0,0.0,0.0,0.0
1648296000000,140216.79834539365,140216.79834539365,0,0.0,0.0,0.0,0.0
1648310400000,140216.79834539365,140216.79834539365,0,0.0,0.0,0.0,0.0
1648324800000,140216.79834539365,140216.79834539365,0,0.0,0.0,0.0,0.0
1648339200000,140216.79834539365,140216.79834539365,0,0.0,0.0,0.0,0.0
1648353600000,140216.79834539365,140216.79834539365,0,0.0,0.0,0.0,0.0
1648368000000,140216.79834539365,140216.79834539365,0,0.0,0.0,0.0,0.0
1648382400000,140216.79834539365,140216.79834539365,0,0.0,0.0,0.0,0.0
1648396800000,140216.79834539365,140216.79834539365,0,0.0,0.0,0.0,0.0
1648411200000,140216.79834539365,140216.79834539365,0,0.0,0.0,0.0,0.0
1648425600000,140216.79834539365,140216.79834539365,0,0.0,0.0,0.0,0.0
1648440000000,140216.79834539365,140216.79834539365,0,0.0,0.0,0.0,0.0
1648454400000,140216.79834539365,140216.79834539365,0,0.0,0.0,0.0,0.0
1648468800000,140216.79834539365,140216.79834539365,0,0.0,0.0,0.0,0.0
1648483200000,140862.19518043599,140089.33328799772,2,255702.97668425544,5606.814715129688,0.0,0.0
1648497600000,144178.15306752434,140063.7619017649,2,259044.50595757665,5606.814715129688,0.0,0.0
1648512000000,139192.4514146526,140063.7619017649,2,254058.80430470488,5606.814715129688,0.0,0.0
1648526400000,141081.5303501351,140038.3605339982,2,255973.28460795406,5606.814715129688,0.0,0.0
1648540800000,141671.5471422656,140038.3605339982,2,256563.3014000846,5606.814715129688,0.0,0.0
1648555200000,146006.24922065297,140012.70352946117,2,260923.660483009,5606.814715129688,0.0,0.0
1648569600000,142458.90321647847,140012.70352946117,2,257376.3144788345,5606.814715129688,0.0,0.0
1648584000000,144248.00953291293,139989.6561796797,2,259188.4681450504,5606.814715129688,0.0,0.0
1648598400000,142339.31874172232,139989.6561796797,2,257279.7773538598,5606.814715129688,0.0,0.0
1648612800000,141703.9257783732,139963.9266562049,2,256670.11391398552,5606.814715129688,0.0,0.0
1648627200000,142492.8059454174,139963.9266562049,2,257458.99408102973,5606.814715129688,0.0,0.0
1648641600000,142297.8771621634,139938.17845842644,2,257289.81349555415,5606.814715129688,0.0,0.0
1648656000000,140890.60182293004,139938.17845842644,2,255882.5381563208,5606.814715129688,0.0,0.0
1648670400000,141079.510894563,139912.58769240117,2,256097.037993979,5606.814715129688,0.0,0.0
1648684800000,140658.7233891574,139263.59852483653,1,123659.1826789018,2802.478748221815,0.0,0.0
1648699200000,141073.0329763959,139251.23260656864,1,124085.85818440815,2802.478748221815,0.0,0.0
1648713600000,141235.59342155885,139251.23260656864,1,124248.4186295711,2802.478748221815,0.0,0.0
1648728000000,141488.74130612443,139238.80421330623,1,124513.99490739912,2802.478748221815,0.0,0.0
1648742400000,139332.7149075812,139238.80421330623,1,122357.96850885586,2802.478748221815,0.0,0.0
1648756800000,139234.47509885888,139234.47509885888,0,0.0,0.0,0.0,0.0
1648771200000,139234.47509885888,139234.47509885888,0,0.0,0.0,0.0,0.0
1648785600000,139234.47509885888,139234.47509885888,0,0.0,0.0,0.0,0.0
1648800000000,139234.47509885888,139234.47509885888,0,0.0,0.0,0.0,0.0
1648814400000,139234.47509885888,139234.47509885888,0,0.0,0.0,0.0,0.0
1648828800000,139234.47509885888,139234.47509885888,0,0.0,0.0,0.0,0.0
1648843200000,139234.47509885888,139234.47509885888,0,0.0,0.0,0.0,0.0
1648857600000,139234.47509885888,139234.47509885888,0,0.0,0.0,0.0,0.0
1648872000000,139234.47509885888,139234.47509885888,0,0.0,0.0,0.0,0.0
1648886400000,139234.47509885888,139234.47509885888,0,0.0,0.0,0.0,0.0
1648900800000,139234.47509885888,139234.47509885888,0,0.0,0.0,0.0,0.0
1648915200000,139234.47509885888,139234.47509885888,0,0.0,0.0,0.0,0.0
1648929600000,139234.47509885888,139234.47509885888,0,0.0,0.0,0.0,0.0
1648944000000,139234.47509885888,139234.47509885888,0,0.0,0.0,0.0,0.0
1648958400000,139234.47509885888,139234.47509885888,0,0.0,0.0,0.0,0.0
1648972800000,139234.47509885888,139234.47509885888,0,0.0,0.0,0.0,0.0
1648987200000,139234.47509885888,139234.47509885888,0,0.0,0.0,0.0,0.0
1649001600000,139234.47509885888,139234.47509885888,0,0.0,0.0,0.0,0.0
1649016000000,139234.47509885888,139234.47509885888,0,0.0,0.0,0.0,0.0
1649030400000,139234.47509885888,139234.47509885888,0,0.0,0.0,0.0,0.0
1649044800000,139234.47509885888,139234.47509885888,0,0.0,0.0,0.0,0.0
1649059200000,139234.47509885888,139234.47509885888,0,0.0,0.0,0.0,0.0
1649073600000,139234.47509885888,139234.47509885888,0,0.0,0.0,0.0,0.0
1649088000000,139234.47509885888,139234.47509885888,0,0.0,0.0,0.0,0.0
1649102400000,139234.47509885888,139234.47509885888,0,0.0,0.0,0.0,0.0
1649116800000,139234.47509885888,139234.47509885888,0,0.0,0.0,0.0,0.0
1649131200000,139234.47509885888,139234.47509885888,0,0.0,0.0,0.0,0.0
1649145600000,139234.47509885888,139234.47509885888,0,0.0,0.0,0.0,0.0
1649160000000,139234.47509885888,139234.47509885888,0,0.0,0.0,0.0,0.0
1649174400000,139234.47509885888,139234.47509885888,0,0.0,0.0,0.0,0.0
1649188800000,139234.47509885888,139234.47509885888,0,0.0,0.0,0.0,0.0
1649203200000,139234.47509885888,139234.47509885888,0,0.0,0.0,0.0,0.0
1649217600000,139234.47509885888,139234.47509885888,0,0.0,0.0,0.0,0.0
1649232000000,139234.47509885888,139234.47509885888,0,0.0,0.0,0.0,0.0
1649246400000,139234.47509885888,139234.47509885888,0,0.0,0.0,0.0,0.0
1649260800000,139234.47509885888,139234.47509885888,0,0.0,0.0,0.0,0.0
1649275200000,139234.47509885888,139234.47509885888,0,0.0,0.0,0.0,0.0
1649289600000,139234.47509885888,139234.47509885888,0,0.0,0.0,0.0,0.0
1649304000000,139234.47509885888,139234.47509885888,0,0.0,0.0,0.0,0.0
1649318400000,139234.47509885888,139234.47509885888,0,0.0,0.0,0.0,0.0
1649332800000,139234.47509885888,139234.47509885888,0,0.0,0.0,0.0,0.0
1649347200000,139234.47509885888,139234.47509885888,0,0.0,0.0,0.0,0.0
1649361600000,139234.47509885888,139234.47509885888,0,0.0,0.0,0.0,0.0
1649376000000,139234.47509885888,139234.47509885888,0,0.0,0.0,0.0,0.0
1649390400000,139234.47509885888,139234.47509885888,0,0.0,0.0,0.0,0.0
1649404800000,139234.47509885888,139234.47509885888,0,0.0,0.0,0.0,0.0
1649419200000,139234.47509885888,139234.47509885888,0,0.0,0.0,0.0,0.0
1649433600000,139234.47509885888,139234.47509885888,0,0.0,0.0,0.0,0.0
1649448000000,139234.47509885888,139234.47509885888,0,0.0,0.0,0.0,0.0
1649462400000,139234.47509885888,139234.47509885888,0,0.0,0.0,0.0,0.0
1649476800000,139234.47509885888,139234.47509885888,0,0.0,0.0,0.0,0.0
1649491200000,139234.47509885888,139234.47509885888,0,0.0,0.0,0.0,0.0
1649505600000,139234.47509885888,139234.47509885888,0,0.0,0.0,0.0,0.0
1649520000000,139234.47509885888,139234.47509885888,0,0.0,0.0,0.0,0.0
1649534400000,139234.47509885888,139234.47509885888,0,0.0,0.0,0.0,0.0
1649548800000,139234.47509885888,139234.47509885888,0,0.0,0.0,0.0,0.0
1649563200000,139234.47509885888,139234.47509885888,0,0.0,0.0,0.0,0.0
1649577600000,139234.47509885888,139234.47509885888,0,0.0,0.0,0.0,0.0
1649592000000,139234.47509885888,139234.47509885888,0,0.0,0.0,0.0,0.0
1649606400000,139234.47509885888,139234.47509885888,0,0.0,0.0,0.0,0.0
1649620800000,139234.47509885888,139234.47509885888,0,0.0,0.0,0.0,0.0
1649635200000,139234.47509885888,139234.47509885888,0,0.0,0.0,0.0,0.0
1649649600000,139234.47509885888,139234.47509885888,0,0.0,0.0,0.0,0.0
1649664000000,139234.47509885888,139234.47509885888,0,0.0,0.0,0.0,0.0
1649678400000,139234.47509885888,139234.47509885888,0,0.0,0.0,0.0,0.0
1649692800000,139234.47509885888,139234.47509885888,0,0.0,0.0,0.0,0.0
1649707200000,139234.47509885888,139234.47509885888,0,0.0,0.0,0.0,0.0
1649721600000,139234.47509885888,139234.47509885888,0,0.0,0.0,0.0,0.0
1649736000000,139234.47509885888,139234.47509885888,0,0.0,0.0,0.0,0.0
1649750400000,139234.47509885888,139234.47509885888,0,0.0,0.0,0.0,0.0
1649764800000,139234.47509885888,139234.47509885888,0,0.0,0.0,0.0,0.0
1649779200000,139234.47509885888,139234.47509885888,0,0.0,0.0,0.0,0.0
1649793600000,139234.47509885888,139234.47509885888,0,0.0,0.0,0.0,0.0
1649808000000,139234.47509885888,139234.47509885888,0,0.0,0.0,0.0,0.0
1649822400000,139234.47509885888,139234.47509885888,0,0.0,0.0,0.0,0.0
1649836800000,139234.47509885888,139234.47509885888,0,0.0,0.0,0.0,0.0
1649851200000,139234.47509885888,139234.47509885888,0,0.0,0.0,0.0,0.0
1649865600000,139234.47509885888,139234.47509885888,0,0.0,0.0,0.0,0.0
1649880000000,139234.47509885888,139234.47509885888,0,0.0,0.0,0.0,0.0
1649894400000,139234.47509885888,139234.47509885888,0,0.0,0.0,0.0,0.0
1649908800000,139234.47509885888,139234.47509885888,0,0.0,0.0,0.0,0.0
1649923200000,139234.47509885888,139234.47509885888,0,0.0,0.0,0.0,0.0
1649937600000,139234.47509885888,139234.47509885888,0,0.0,0.0,0.0,0.0
1649952000000,139234.47509885888,139234.47509885888,0,0.0,0.0,0.0,0.0
1649966400000,139234.47509885888,139234.47509885888,0,0.0,0.0,0.0,0.0
1649980800000,139234.47509885888,139234.47509885888,0,0.0,0.0,0.0,0.0
1649995200000,139234.47509885888,139234.47509885888,0,0.0,0.0,0.0,0.0
1650009600000,139234.47509885888,139234.47509885888,0,0.0,0.0,0.0,0.0
1650024000000,139234.47509885888,139234.47509885888,0,0.0,0.0,0.0,0.0
1650038400000,139234.47509885888,139234.47509885888,0,0.0,0.0,0.0,0.0
1650052800000,139234.47509885888,139234.47509885888,0,0.0,0.0,0.0,0.0
1650067200000,139234.47509885888,139234.47509885888,0,0.0,0.0,0.0,0.0
1650081600000,139234.47509885888,139234.47509885888,0,0.0,0.0,0.0,0.0
1650096000000,139234.47509885888,139234.47509885888,0,0.0,0.0,0.0,0.0
1650110400000,139234.47509885888,139234.47509885888,0,0.0,0.0,0.0,0.0
1650124800000,139234.47509885888,139234.47509885888,0,0.0,0.0,0.0,0.0
1650139200000,139234.47509885888,139234.47509885888,0,0.0,0.0,0.0,0.0
1650153600000,139234.47509885888,139234.47509885888,0,0.0,0.0,0.0,0.0
1650168000000,139234.47509885888,139234.47509885888,0,0.0,0.0,0.0,0.0
1650182400000,139234.47509885888,139234.47509885888,0,0.0,0.0,0.0,0.0
1650196800000,139234.47509885888,139234.47509885888,0,0.0,0.0,0.0,0.0
1650211200000,139234.47509885888,139234.47509885888,0,0.0,0.0,0.0,0.0
1650225600000,139234.47509885888,139234.47509885888,0,0.0,0.0,0.0,0.0
1650240000000,139234.47509885888,139234.47509885888,0,0.0,0.0,0.0,0.0
1650254400000,139234.47509885888,139234.47509885888,0,0.0,0.0,0.0,0.0
1650268800000,139234.47509885888,139234.47509885888,0,0.0,0.0,0.0,0.0
1650283200000,139234.47509885888,139234.47509885888,0,0.0,0.0,0.0,0.0
1650297600000,139234.47509885888,139234.47509885888,0,0.0,0.0,0.0,0.0
1650312000000,139234.47509885888,139234.47509885888,0,0.0,0.0,0.0,0.0
1650326400000,139234.47509885888,139234.47509885888,0,0.0,0.0,0.0,0.0
1650340800000,139234.47509885888,139234.47509885888,0,0.0,0.0,0.0,0.0
1650355200000,139234.47509885888,139234.47509885888,0,0.0,0.0,0.0,0.0
1650369600000,139234.47509885888,139234.47509885888,0,0.0,0.0,0.0,0.0
1650384000000,139234.47509885888,139234.47509885888,0,0.0,0.0,0.0,0.0
1650398400000,139234.47509885888,139234.47509885888,0,0.0,0.0,0.0,0.0
1650412800000,139234.47509885888,139234.47509885888,0,0.0,0.0,0.0,0.0
1650427200000,139234.47509885888,139234.47509885888,0,0.0,0.0,0.0,0.0
1650441600000,139234.47509885888,139234.47509885888,0,0.0,0.0,0.0,0.0
1650456000000,139234.47509885888,139234.47509885888,0,0.0,0.0,0.0,0.0
1650470400000,139234.47509885888,139234.47509885888,0,0.0,0.0,0.0,0.0
1650484800000,139234.47509885888,139234.47509885888,0,0.0,0.0,0.0,0.0
1650499200000,139234.47509885888,139234.47509885888,0,0.0,0.0,0.0,0.0
1650513600000,139234.47509885888,139234.47509885888,0,0.0,0.0,0.0,0.0
1650528000000,139234.47509885888,139234.47509885888,0,0.0,0.0,0.0,0.0
1650542400000,139234.47509885888,139234.47509885888,0,0.0,0.0,0.0,0.0
1650556800000,139234.47509885888,139234.47509885888,0,0.0,0.0,0.0,0.0
1650571200000,139234.47509885888,139234.47509885888,0,0.0,0.0,0.0,0.0
1650585600000,139234.47509885888,139234.47509885888,0,0.0,0.0,0.0,0.0
1650600000000,139234.47509885888,139234.47509885888,0,0.0,0.0,0.0,0.0
1650614400000,139234.47509885888,139234.47509885888,0,0.0,0.0,0.0,0.0
1650628800000,139234.47509885888,139234.47509885888,0,0.0,0.0,0.0,0.0
1650643200000,139234.47509885888,139234.47509885888,0,0.0,0.0,0.0,0.0
1650657600000,138448.1978157609,139181.94326173738,1,105797.41968896004,2784.6895019771778,2784.6895019771778,105797.41968896004
1650672000000,138790.3074994762,139181.94326173738,1,105455.31000524474,2784.6895019771778,2784.6895019771778,105455.31000524474
1650686400000,139085.94443357285,139192.48879273792,1,105170.21860214866,2784.6895019771778,2784.6895019771778,105170.21860214866
1650700800000,138815.10760063157,139192.48879273792,1,105441.05543508993,2784.6895019771778,2784.6895019771778,105441.05543508993
1650715200000,138968.20083446047,139203.0363250188,1,105298.5097335419,2784.6895019771778,2784.6895019771778,105298.5097335419
1650729600000,138668.8548612096,139203.0363250188,1,105597.85570679279,2784.6895019771778,2784.6895019771778,105597.85570679279
1650744000000,139420.6494439161,139213.59325967546,1,104856.61805874296,2784.6895019771778,2784.6895019771778,104856.61805874296
1650758400000,140532.50591599086,139213.59325967546,1,103744.76158666819,2784.6895019771778,2784.6895019771778,103744.76158666819
1650772800000,139986.95215611215,139223.96773583413,1,104300.68982270556,2784.6895019771778,2784.6895019771778,104300.68982270556
1650787200000,140143.752427815,139223.96773583413,1,104143.88955100272,2784.6895019771778,2784.6895019771778,104143.88955100272
1650801600000,140671.8061558221,139210.34779795865,1,103602.21588512015,2784.6895019771778,2784.6895019771778,103602.21588512015
1650816000000,141142.20697093065,139210.34779795865,1,103131.81507001158,2784.6895019771778,2784.6895019771778,103131.81507001158
1650830400000,141029.2223542059,139211.39974247236,1,103245.85163125003,2784.6895019771778,2784.6895019771778,103245.85163125003
1650844800000,142440.42479953158,139211.39974247236,1,101834.64918592435,2784.6895019771778,2784.6895019771778,101834.64918592435
1650859200000,144334.32485939795,141971.4473977411,1,50168.95965983494,1392.3447509885889,1392.3447509885889,50168.95965983494
1650873600000,146194.54626459998,141971.4473977411,1,48308.73825463293,1392.3447509885889,1392.3447509885889,48308.73825463293
1650888000000,138974.1992231289,135763.17483726118,1,49320.812735624066,1392.3447509885889,1392.3447509885889,49320.812735624066
1650902400000,138888.6718022001,135763.17483726118,1,49406.340156552884,1392.3447509885889,1392.3447509885889,49406.340156552884
1650916800000,138031.66741108854,138031.66741108854,0,0.0,0.0,0.0,0.0
1650931200000,138031.66741108854,138031.66741108854,0,0.0,0.0,0.0,0.0
1650945600000,138031.66741108854,138031.66741108854,0,0.0,0.0,0.0,0.0
1650960000000,138031.66741108854,138031.66741108854,0,0.0,0.0,0.0,0.0
1650974400000,138031.66741108854,138031.66741108854,0,0.0,0.0,0.0,0.0
1650988800000,138031.66741108854,138031.66741108854,0,0.0,0.0,0.0,0.0
1651003200000,138031.66741108854,138031.66741108854,0,0.0,0.0,0.0,0.0
1651017600000,139038.64056905973,137972.9710679141,1,116327.01684770812,2760.6333482217706,2760.6333482217706,116327.01684770812
1651032000000,135753.99152417853,137913.0655244026,2,243591.0183077003,5541.76299805891,5541.76299805891,243591.0183077003
1651046400000,132290.34822206473,132290.34822206473,0,0.0,0.0,0.0,0.0
1651060800000,132290.34822206473,132290.34822206473,0,0.0,0.0,0.0,0.0
1651075200000,132290.34822206473,132290.34822206473,0,0.0,0.0,0.0,0.0
1651089600000,132290.34822206473,132290.34822206473,0,0.0,0.0,0.0,0.0
1651104000000,132290.34822206473,132290.34822206473,0,0.0,0.0,0.0,0.0
1651118400000,132290.34822206473,132290.34822206473,0,0.0,0.0,0.0,0.0
1651132800000,132290.34822206473,132290.34822206473,0,0.0,0.0,0.0,0.0
1651147200000,132290.34822206473,132290.34822206473,0,0.0,0.0,0.0,0.0
1651161600000,132290.34822206473,132290.34822206473,0,0.0,0.0,0.0,0.0
1651176000000,132290.34822206473,132290.34822206473,0,0.0,0.0,0.0,0.0
1651190400000,132290.34822206473,132290.34822206473,0,0.0,0.0,0.0,0.0
1651204800000,132290.34822206473,132290.34822206473,0,0.0,0.0,0.0,0.0
1651219200000,132290.34822206473,132290.34822206473,0,0.0,0.0,0.0,0.0
1651233600000,132290.34822206473,132290.34822206473,0,0.0,0.0,0.0,0.0
1651248000000,132290.34822206473,132290.34822206473,0,0.0,0.0,0.0,0.0
1651262400000,132290.34822206473,132290.34822206473,0,0.0,0.0,0.0,0.0
1651276800000,131083.25783736643,132240.97373225368,1,99906.69551698762,2645.8069644412944,2645.8069644412944,99906.69551698762
1651291200000,130949.10092472265,132245.0739030377,1,100044.95260041542,2645.8069644412944,2645.8069644412944,100044.95260041542
1651305600000,131044.81736709573,132245.0739030377,1,99949.23615804233,2645.8069644412944,2645.8069644412944,99949.23615804233
1651320000000,131203.7047702611,132255.06906251158,1,99800.34391435084,2645.8069644412944,2645.8069644412944,99800.34391435084
1651334400000,132947.87105350423,132255.06906251158,1,98056.17763110771,2645.8069644412944,2645.8069644412944,98056.17763110771
1651348800000,133660.23458148033,132254.87685282127,1,97343.62189344132,2645.8069644412944,2645.8069644412944,97343.62189344132
1651363200000,139308.90676341386,134867.96906640165,1,44933.55211403797,1322.9034822206472,1322.9034822206472,44933.55211403797
1651377600000,137796.94672232616,137796.94672232616,0,0.0,0.0,0.0,0.0
1651392000000,137796.94672232616,137796.94672232616,0,0.0,0.0,0.0,0.0
1651406400000,137796.94672232616,137796.94672232616,0,0.0,0.0,0.0,0.0
1651420800000,137796.94672232616,137796.94672232616,0,0.0,0.0,0.0,0.0
1651435200000,137796.94672232616,137796.94672232616,0,0.0,0.0,0.0,0.0
1651449600000,137796.94672232616,137796.94672232616,0,0.0,0.0,0.0,0.0
1651464000000,137796.94672232616,137796.94672232616,0,0.0,0.0,0.0,0.0
1651478400000,137796.94672232616,137796.94672232616,0,0.0,0.0,0.0,0.0
1651492800000,137796.94672232616,137796.94672232616,0,0.0,0.0,0.0,0.0
1651507200000,137796.94672232616,137796.94672232616,0,0.0,0.0,0.0,0.0
1651521600000,137796.94672232616,137796.94672232616,0,0.0,0.0,0.0,0.0
1651536000000,137796.94672232616,137796.94672232616,0,0.0,0.0,0.0,0.0
1651550400000,137796.94672232616,137796.94672232616,0,0.0,0.0,0.0,0.0
1651564800000,137796.94672232616,137796.94672232616,0,0.0,0.0,0.0,0.0
1651579200000,137796.94672232616,137796.94672232616,0,0.0,0.0,0.0,0.0
1651593600000,137796.94672232616,137796.94672232616,0,0.0,0.0,0.0,0.0
1651608000000,137796.94672232616,137796.94672232616,0,0.0,0.0,0.0,0.0
1651622400000,137796.94672232616,137796.94672232616,0,0.0,0.0,0.0,0.0
1651636800000,137796.94672232616,137796.94672232616,0,0.0,0.0,0.0,0.0
1651651200000,137796.94672232616,137796.94672232616,0,0.0,0.0,0.0,0.0
1651665600000,137796.94672232616,137796.94672232616,0,0.0,0.0,0.0,0.0
1651680000000,137796.94672232616,137796.94672232616,0,0.0,0.0,0.0,0.0
1651694400000,137796.94672232616,137796.94672232616,0,0.0,0.0,0.0,0.0
1651708800000,137796.94672232616,137796.94672232616,0,0.0,0.0,0.0,0.0
1651723200000,137796.94672232616,137796.94672232616,0,0.0,0.0,0.0,0.0
1651737600000,137796.94672232616,137796.94672232616,0,0.0,0.0,0.0,0.0
1651752000000,137796.94672232616,137796.94672232616,0,0.0,0.0,0.0,0.0
1651766400000,137796.94672232616,137796.94672232616,0,0.0,0.0,0.0,0.0
1651780800000,137796.94672232616,137796.94672232616,0,0.0,0.0,0.0,0.0
1651795200000,137796.94672232616,137796.94672232616,0,0.0,0.0,0.0,0.0
1651809600000,137796.94672232616,137796.94672232616,0,0.0,0.0,0.0,0.0
1651824000000,137796.94672232616,137796.94672232616,0,0.0,0.0,0.0,0.0
1651838400000,137796.94672232616,137796.94672232616,0,0.0,0.0,0.0,0.0
1651852800000,137796.94672232616,137796.94672232616,0,0.0,0.0,0.0,0.0
1651867200000,137796.94672232616,137796.94672232616,0,0.0,0.0,0.0,0.0
1651881600000,137796.94672232616,137796.94672232616,0,0.0,0.0,0.0,0.0
1651896000000,137796.94672232616,137796.94672232616,0,0.0,0.0,0.0,0.0
1651910400000,137796.94672232616,137796.94672232616,0,0.0,0.0,0.0,0.0
1651924800000,137796.94672232616,137796.94672232616,0,0.0,0.0,0.0,0.0
1651939200000,137796.94672232616,137796.94672232616,0,0.0,0.0,0.0,0.0
1651953600000,137796.94672232616,137796.94672232616,0,0.0,0.0,0.0,0.0
1651968000000,137796.94672232616,137796.94672232616,0,0.0,0.0,0.0,0.0
1651982400000,137796.94672232616,137796.94672232616,0,0.0,0.0,0.0,0.0
1651996800000,137796.94672232616,137796.94672232616,0,0.0,0.0,0.0,0.0
1652011200000,137796.94672232616,137796.94672232616,0,0.0,0.0,0.0,0.0
1652025600000,137796.94672232616,137796.94672232616,0,0.0,0.0,0.0,0.0
1652040000000,137796.94672232616,137796.94672232616,0,0.0,0.0,0.0,0.0
1652054400000,137796.94672232616,137796.94672232616,0,0.0,0.0,0.0,0.0
1652068800000,137796.94672232616,137796.94672232616,0,0.0,0.0,0.0,0.0
1652083200000,137796.94672232616,137796.94672232616,0,0.0,0.0,0.0,0.0
1652097600000,137796.94672232616,137796.94672232616,0,0.0,0.0,0.0,0.0
1652112000000,137796.94672232616,137796.94672232616,0,0.0,0.0,0.0,0.0
1652126400000,137796.94672232616,137796.94672232616,0,0.0,0.0,0.0,0.0
1652140800000,137796.94672232616,137796.94672232616,0,0.0,0.0,0.0,0.0
1652155200000,137796.94672232616,137796.94672232616,0,0.0,0.0,0.0,0.0
1652169600000,137796.94672232616,137796.94672232616,0,0.0,0.0,0.0,0.0
1652184000000,137796.94672232616,137796.94672232616,0,0.0,0.0,0.0,0.0
1652198400000,137796.94672232616,137796.94672232616,0,0.0,0.0,0.0,0.0
1652212800000,137796.94672232616,137796.94672232616,0,0.0,0.0,0.0,0.0
1652227200000,137796.94672232616,137796.94672232616,0,0.0,0.0,0.0,0.0
1652241600000,137796.94672232616,137796.94672232616,0,0.0,0.0,0.0,0.0
1652256000000,137796.94672232616,137796.94672232616,0,0.0,0.0,0.0,0.0
1652270400000,137796.94672232616,137796.94672232616,0,0.0,0.0,0.0,0.0
1652284800000,137796.94672232616,137796.94672232616,0,0.0,0.0,0.0,0.0
1652299200000,137796.94672232616,137796.94672232616,0,0.0,0.0,0.0,0.0
1652313600000,137796.94672232616,137796.94672232616,0,0.0,0.0,0.0,0.0
1652328000000,137796.94672232616,137796.94672232616,0,0.0,0.0,0.0,0.0
1652342400000,137796.94672232616,137796.94672232616,0,0.0,0.0,0.0,0.0
1652356800000,137796.94672232616,137796.94672232616,0,0.0,0.0,0.0,0.0
1652371200000,137796.94672232616,137796.94672232616,0,0.0,0.0,0.0,0.0
1652385600000,137796.94672232616,137796.94672232616,0,0.0,0.0,0.0,0.0
1652400000000,137796.94672232616,137796.94672232616,0,0.0,0.0,0.0,0.0
1652414400000,137796.94672232616,137796.94672232616,0,0.0,0.0,0.0,0.0
1652428800000,137796.94672232616,137796.94672232616,0,0.0,0.0,0.0,0.0
1652443200000,137796.94672232616,137796.94672232616,0,0.0,0.0,0.0,0.0
1652457600000,137796.94672232616,137796.94672232616,0,0.0,0.0,0.0,0.0
1652472000000,137796.94672232616,137796.94672232616,0,0.0,0.0,0.0,0.0
1652486400000,137796.94672232616,137796.94672232616,0,0.0,0.0,0.0,0.0
1652500800000,137796.94672232616,137796.94672232616,0,0.0,0.0,0.0,0.0
1652515200000,137796.94672232616,137796.94672232616,0,0.0,0.0,0.0,0.0
1652529600000,137796.94672232616,137796.94672232616,0,0.0,0.0,0.0,0.0
1652544000000,137796.94672232616,137796.94672232616,0,0.0,0.0,0.0,0.0
1652558400000,137796.94672232616,137796.94672232616,0,0.0,0.0,0.0,0.0
1652572800000,137796.94672232616,137796.94672232616,0,0.0,0.0,0.0,0.0
1652587200000,137796.94672232616,137796.94672232616,0,0.0,0.0,0.0,0.0
1652601600000,137796.94672232616,137796.94672232616,0,0.0,0.0,0.0,0.0
1652616000000,137796.94672232616,137796.94672232616,0,0.0,0.0,0.0,0.0
1652630400000,137796.94672232616,137796.94672232616,0,0.0,0.0,0.0,0.0
1652644800000,137796.94672232616,137796.94672232616,0,0.0,0.0,0.0,0.0
1652659200000,137796.94672232616,137796.94672232616,0,0.0,0.0,0.0,0.0
1652673600000,137796.94672232616,137796.94672232616,0,0.0,0.0,0.0,0.0
1652688000000,137796.94672232616,137796.94672232616,0,0.0,0.0,0.0,0.0
1652702400000,137796.94672232616,137796.94672232616,0,0.0,0.0,0.0,0.0
1652716800000,137796.94672232616,137796.94672232616,0,0.0,0.0,0.0,0.0
1652731200000,137796.94672232616,137796.94672232616,0,0.0,0.0,0.0,0.0
1652745600000,137796.94672232616,137796.94672232616,0,0.0,0.0,0.0,0.0
1652760000000,137796.94672232616,137796.94672232616,0,0.0,0.0,0.0,0.0
1652774400000,137796.94672232616,137796.94672232616,0,0.0,0.0,0.0,0.0
1652788800000,137796.94672232616,137796.94672232616,0,0.0,0.0,0.0,0.0
1652803200000,137796.94672232616,137796.94672232616,0,0.0,0.0,0.0,0.0
1652817600000,137796.94672232616,137796.94672232616,0,0.0,0.0,0.0,0.0
1652832000000,137796.94672232616,137796.94672232616,0,0.0,0.0,0.0,0.0
1652846400000,137796.94672232616,137796.94672232616,0,0.0,0.0,0.0,0.0
1652860800000,137796.94672232616,137796.94672232616,0,0.0,0.0,0.0,0.0
1652875200000,137796.94672232616,137796.94672232616,0,0.0,0.0,0.0,0.0
1652889600000,137796.94672232616,137796.94672232616,0,0.0,0.0,0.0,0.0
1652904000000,137796.94672232616,137796.94672232616,0,0.0,0.0,0.0,0.0
1652918400000,137796.94672232616,137796.94672232616,0,0.0,0.0,0.0,0.0
1652932800000,137796.94672232616,137796.94672232616,0,0.0,0.0,0.0,0.0
1652947200000,137796.94672232616,137796.94672232616,0,0.0,0.0,0.0,0.0
1652961600000,137796.94672232616,137796.94672232616,0,0.0,0.0,0.0,0.0
1652976000000,137796.94672232616,137796.94672232616,0,0.0,0.0,0.0,0.0
1652990400000,137796.94672232616,137796.94672232616,0,0.0,0.0,0.0,0.0
1653004800000,137796.94672232616,137796.94672232616,0,0.0,0.0,0.0,0.0
1653019200000,137796.94672232616,137796.94672232616,0,0.0,0.0,0.0,0.0
1653033600000,137796.94672232616,137796.94672232616,0,0.0,0.0,0.0,0.0
1653048000000,137796.94672232616,137796.94672232616,0,0.0,0.0,0.0,0.0
1653062400000,137796.94672232616,137796.94672232616,0,0.0,0.0,0.0,0.0
1653076800000,137796.94672232616,137796.94672232616,0,0.0,0.0,0.0,0.0
1653091200000,137796.94672232616,137796.94672232616,0,0.0,0.0,0.0,0.0
1653105600000,137796.94672232616,137796.94672232616,0,0.0,0.0,0.0,0.0
1653120000000,137796.94672232616,137796.94672232616,0,0.0,0.0,0.0,0.0
1653134400000,137796.94672232616,137796.94672232616,0,0.0,0.0,0.0,0.0
1653148800000,137796.94672232616,137796.94672232616,0,0.0,0.0,0.0,0.0
1653163200000,137796.94672232616,137796.94672232616,0,0.0,0.0,0.0,0.0
1653177600000,137796.94672232616,137796.94672232616,0,0.0,0.0,0.0,0.0
1653192000000,137796.94672232616,137796.94672232616,0,0.0,0.0,0.0,0.0
1653206400000,137796.94672232616,137796.94672232616,0,0.0,0.0,0.0,0.0
1653220800000,137796.94672232616,137796.94672232616,0,0.0,0.0,0.0,0.0
1653235200000,137796.94672232616,137796.94672232616,0,0.0,0.0,0.0,0.0
1653249600000,137796.94672232616,137796.94672232616,0,0.0,0.0,0.0,0.0
1653264000000,137796.94672232616,137796.94672232616,0,0.0,0.0,0.0,0.0
1653278400000,137796.94672232616,137796.94672232616,0,0.0,0.0,0.0,0.0
1653292800000,137796.94672232616,137796.94672232616,0,0.0,0.0,0.0,0.0
1653307200000,137796.94672232616,137796.94672232616,0,0.0,0.0,0.0,0.0
1653321600000,137796.94672232616,137796.94672232616,0,0.0,0.0,0.0,0.0
1653336000000,137796.94672232616,137796.94672232616,0,0.0,0.0,0.0,0.0
1653350400000,137796.94672232616,137796.94672232616,0,0.0,0.0,0.0,0.0
1653364800000,137796.94672232616,137796.94672232616,0,0.0,0.0,0.0,0.0
1653379200000,137796.94672232616,137796.94672232616,0,0.0,0.0,0.0,0.0
1653393600000,137796.94672232616,137796.94672232616,0,0.0,0.0,0.0,0.0
1653408000000,137796.94672232616,137796.94672232616,0,0.0,0.0,0.0,0.0
1653422400000,137796.94672232616,137796.94672232616,0,0.0,0.0,0.0,0.0
1653436800000,137796.94672232616,137796.94672232616,0,0.0,0.0,0.0,0.0
1653451200000,137796.94672232616,137796.94672232616,0,0.0,0.0,0.0,0.0
1653465600000,137796.94672232616,137796.94672232616,0,0.0,0.0,0.0,0.0
1653480000000,137796.94672232616,137796.94672232616,0,0.0,0.0,0.0,0.0
1653494400000,134908.7143792871,134908.7143792871,0,0.0,0.0,0.0,0.0
1653508800000,134908.7143792871,134908.7143792871,0,0.0,0.0,0.0,0.0
1653523200000,134908.7143792871,134908.7143792871,0,0.0,0.0,0.0,0.0
1653537600000,134908.7143792871,134908.7143792871,0,0.0,0.0,0.0,0.0
1653552000000,134908.7143792871,134908.7143792871,0,0.0,0.0,0.0,0.0
1653566400000,134908.7143792871,134908.7143792871,0,0.0,0.0,0.0,0.0
1653580800000,132127.70296889122,132127.70296889122,0,0.0,0.0,0.0,0.0
1653595200000,132127.70296889122,132127.70296889122,0,0.0,0.0,0.0,0.0
1653609600000,132127.70296889122,132127.70296889122,0,0.0,0.0,0.0,0.0
1653624000000,132127.70296889122,132127.70296889122,0,0.0,0.0,0.0,0.0
1653638400000,132127.70296889122,132127.70296889122,0,0.0,0.0,0.0,0.0
1653652800000,132127.70296889122,132127.70296889122,0,0.0,0.0,0.0,0.0
1653667200000,132127.70296889122,132127.70296889122,0,0.0,0.0,0.0,0.0
1653681600000,132127.70296889122,132127.70296889122,0,0.0,0.0,0.0,0.0
1653696000000,132127.70296889122,132127.70296889122,0,0.0,0.0,0.0,0.0
1653710400000,132127.70296889122,132127.70296889122,0,0.0,0.0,0.0,0.0
1653724800000,132127.70296889122,132127.70296889122,0,0.0,0.0,0.0,0.0
1653739200000,132127.70296889122,132127.70296889122,0,0.0,0.0,0.0,0.0
1653753600000,132127.70296889122,132127.70296889122,0,0.0,0.0,0.0,0.0
1653768000000,132127.70296889122,132127.70296889122,0,0.0,0.0,0.0,0.0
1653782400000,132127.70296889122,132127.70296889122,0,0.0,0.0,0.0,0.0
1653796800000,132127.70296889122,132127.70296889122,0,0.0,0.0,0.0,0.0
1653811200000,132127.70296889122,132127.70296889122,0,0.0,0.0,0.0,0.0
1653825600000,132127.70296889122,132127.70296889122,0,0.0,0.0,0.0,0.0
1653840000000,132127.70296889122,132127.70296889122,0,0.0,0.0,0.0,0.0
1653854400000,132127.70296889122,132127.70296889122,0,0.0,0.0,0.0,0.0
1653868800000,132127.70296889122,132127.70296889122,0,0.0,0.0,0.0,0.0
1653883200000,132127.70296889122,132127.70296889122,0,0.0,0.0,0.0,0.0
1653897600000,132127.70296889122,132127.70296889122,0,0.0,0.0,0.0,0.0
1653912000000,132127.70296889122,132127.70296889122,0,0.0,0.0,0.0,0.0
1653926400000,132127.70296889122,132127.70296889122,0,0.0,0.0,0.0,0.0
1653940800000,132127.70296889122,132127.70296889122,0,0.0,0.0,0.0,0.0
1653955200000,132127.70296889122,132127.70296889122,0,0.0,0.0,0.0,0.0
1653969600000,132127.70296889122,132127.70296889122,0,0.0,0.0,0.0,0.0
1653984000000,132127.70296889122,132127.70296889122,0,0.0,0.0,0.0,0.0
1653998400000,132127.70296889122,132127.70296889122,0,0.0,0.0,0.0,0.0
1654012800000,132127.70296889122,132127.70296889122,0,0.0,0.0,0.0,0.0
1654027200000,132127.70296889122,132127.70296889122,0,0.0,0.0,0.0,0.0
1654041600000,132127.70296889122,132127.70296889122,0,0.0,0.0,0.0,0.0
1654056000000,132127.70296889122,132127.70296889122,0,0.0,0.0,0.0,0.0
1654070400000,132127.70296889122,132127.70296889122,0,0.0,0.0,0.0,0.0
1654084800000,132127.70296889122,132127.70296889122,0,0.0,0.0,0.0,0.0
1654099200000,132127.70296889122,132127.70296889122,0,0.0,0.0,0.0,0.0
1654113600000,132127.70296889122,132127.70296889122,0,0.0,0.0,0.0,0.0
1654128000000,132127.70296889122,132127.70296889122,0,0.0,0.0,0.0,0.0
1654142400000,132127.70296889122,132127.70296889122,0,0.0,0.0,0.0,0.0
1654156800000,132127.70296889122,132127.70296889122,0,0.0,0.0,0.0,0.0
1654171200000,132127.70296889122,132127.70296889122,0,0.0,0.0,0.0,0.0
1654185600000,132127.70296889122,132127.70296889122,0,0.0,0.0,0.0,0.0
1654200000000,132127.70296889122,132127.70296889122,0,0.0,0.0,0.0,0.0
1654214400000,132127.70296889122,132127.70296889122,0,0.0,0.0,0.0,0.0
1654228800000,132127.70296889122,132127.70296889122,0,0.0,0.0,0.0,0.0
1654243200000,132127.70296889122,132127.70296889122,0,0.0,0.0,0.0,0.0
1654257600000,132127.70296889122,132127.70296889122,0,0.0,0.0,0.0,0.0
1654272000000,132127.70296889122,132127.70296889122,0,0.0,0.0,0.0,0.0
1654286400000,132127.70296889122,132127.70296889122,0,0.0,0.0,0.0,0.0
1654300800000,132127.70296889122,132127.70296889122,0,0.0,0.0,0.0,0.0
1654315200000,132127.70296889122,132127.70296889122,0,0.0,0.0,0.0,0.0
1654329600000,132127.70296889122,132127.70296889122,0,0.0,0.0,0.0,0.0
1654344000000,132127.70296889122,132127.70296889122,0,0.0,0.0,0.0,0.0
1654358400000,132127.70296889122,132127.70296889122,0,0.0,0.0,0.0,0.0
1654372800000,132127.70296889122,132127.70296889122,0,0.0,0.0,0.0,0.0
1654387200000,132127.70296889122,132127.70296889122,0,0.0,0.0,0.0,0.0
1654401600000,132127.70296889122,132127.70296889122,0,0.0,0.0,0.0,0.0
1654416000000,132127.70296889122,132127.70296889122,0,0.0,0.0,0.0,0.0
1654430400000,132127.70296889122,132127.70296889122,0,0.0,0.0,0.0,0.0
1654444800000,132127.70296889122,132127.70296889122,0,0.0,0.0,0.0,0.0
1654459200000,132127.70296889122,132127.70296889122,0,0.0,0.0,0.0,0.0
1654473600000,132127.70296889122,132127.70296889122,0,0.0,0.0,0.0,0.0
1654488000000,132127.70296889122,132127.70296889122,0,0.0,0.0,0.0,0.0
1654502400000,132127.70296889122,132127.70296889122,0,0.0,0.0,0.0,0.0
1654516800000,132127.70296889122,132127.70296889122,0,0.0,0.0,0.0,0.0
1654531200000,132127.70296889122,132127.70296889122,0,0.0,0.0,0.0,0.0
1654545600000,132127.70296889122,132127.70296889122,0,0.0,0.0,0.0,0.0
1654560000000,132127.70296889122,132127.70296889122,0,0.0,0.0,0.0,0.0
1654574400000,132127.70296889122,132127.70296889122,0,0.0,0.0,0.0,0.0
1654588800000,132064.21392588704,132028.01231930137,2,199345.09757312678,5283.523966770321,5283.523966770321,199345.09757312678
1654603200000,135635.0992928521,131990.42143769085,2,195736.62132455118,5283.523966770321,5283.523966770321,195736.62132455118
1654617600000,132006.16515979677,131990.42143769085,2,199365.5554576065,5283.523966770321,5283.523966770321,199365.5554576065
1654632000000,127821.41057340187,127821.41057340187,0,0.0,0.0,0.0,0.0
1654646400000,127821.41057340187,127821.41057340187,0,0.0,0.0,0.0,0.0
1654660800000,127821.41057340187,127821.41057340187,0,0.0,0.0,0.0,0.0
1654675200000,127821.41057340187,127821.41057340187,0,0.0,0.0,0.0,0.0
1654689600000,127821.41057340187,127821.41057340187,0,0.0,0.0,0.0,0.0
1654704000000,127821.41057340187,127821.41057340187,0,0.0,0.0,0.0,0.0
1654718400000,127821.41057340187,127821.41057340187,0,0.0,0.0,0.0,0.0
1654732800000,127821.41057340187,127821.41057340187,0,0.0,0.0,0.0,0.0
1654747200000,127821.41057340187,127821.41057340187,0,0.0,0.0,0.0,0.0
1654761600000,127821.41057340187,127821.41057340187,0,0.0,0.0,0.0,0.0
1654776000000,127821.41057340187,127821.41057340187,0,0.0,0.0,0.0,0.0
1654790400000,127821.41057340187,127821.41057340187,0,0.0,0.0,0.0,0.0
1654804800000,127821.41057340187,127821.41057340187,0,0.0,0.0,0.0,0.0
1654819200000,127821.41057340187,127821.41057340187,0,0.0,0.0,0.0,0.0
1654833600000,127821.41057340187,127821.41057340187,0,0.0,0.0,0.0,0.0
1654848000000,127821.41057340187,127821.41057340187,0,0.0,0.0,0.0,0.0
1654862400000,127821.41057340187,127821.41057340187,0,0.0,0.0,0.0,0.0
1654876800000,127821.41057340187,127821.41057340187,0,0.0,0.0,0.0,0.0
1654891200000,130569.22667267149,127757.75818186736,1,124493.31457819676,2556.4282114680373,2556.4282114680373,124493.31457819676
1654905600000,131190.6609297158,127684.37914566383,3,270556.573692029,7777.976537377912,7777.976537377912,270556.573692029
1654920000000,128490.91468895994,127642.61871111709,3,273214.55949823814,7777.976537377912,7777.976537377912,273214.55949823814
1654934400000,126372.69725864826,127642.61871111709,3,275332.7769285498,7777.976537377912,7777.976537377912,275332.7769285498
1654948800000,139529.30259949662,130148.31205257859,3,201029.47339466252,6499.762431643894,6499.762431643894,201029.47339466252
1654963200000,147376.51427053567,135322.14332122536,3,124977.05678873017,3888.988268688956,3888.988268688956,124977.05678873017
1654977600000,145354.79234695813,135277.8968038917,3,126954.53219497406,3888.988268688956,3888.988268688956,126954.53219497406
1654992000000,147231.35802745906,135277.8968038917,3,125077.96651447313,3888.988268688956,3888.988268688956,125077.96651447313
1655006400000,153740.20927205333,135251.29640677045,3,118542.51487275762,3888.988268688956,3888.988268688956,118542.51487275762
1655020800000,152781.0775745902,135251.29640677045,3,119501.64657022074,3888.988268688956,3888.988268688956,119501.64657022074
1655035200000,153709.34176670274,135207.76387633273,3,118529.84984767047,3888.988268688956,3888.988268688956,118529.84984767047
1655049600000,150898.81641545653,135207.76387633273,3,121340.37519891669,3888.988268688956,3888.988268688956,121340.37519891669
1655064000000,151173.30060982212,142155.8431949834,2,64361.57878870133,2610.7741629549373,2610.7741629549373,64361.57878870133
1655078400000,154681.27856142394,142155.8431949834,2,60853.6008370995,2610.7741629549373,2610.7741629549373,60853.6008370995
1655092800000,157123.50283182858,142140.97337048835,2,58396.50674219981,2610.7741629549373,2610.7741629549373,58396.50674219981
1655107200000,159315.46573919823,142140.97337048835,2,56204.54383483016,2610.7741629549373,2610.7741629549373,56204.54383483016
1655121600000,161661.89495918347,142121.77158485338,2,53838.912829209956,2610.7741629549373,2610.7741629549373,53838.912829209956
1655136000000,159911.04638103573,142121.77158485338,2,55589.7614073577,2610.7741629549373,2610.7741629549373,55589.7614073577
1655150400000,159920.58089917552,142117.92020489703,2,55576.37550926156,2610.7741629549373,2610.7741629549373,55576.37550926156
1655164800000,159881.16032516255,149220.5941295324,1,32934.83488971364,1305.692266726715,1305.692266726715,32934.83488971364
1655179200000,158918.5344017663,149223.89051605205,1,33900.75719962955,1305.692266726715,1305.692266726715,33900.75719962955
1655193600000,158116.3183241669,158116.3183241669,0,0.0,0.0,0.0,0.0
1655208000000,158116.3183241669,158116.3183241669,0,0.0,0.0,0.0,0.0
1655222400000,158116.3183241669,158116.3183241669,0,0.0,0.0,0.0,0.0
1655236800000,158116.3183241669,158116.3183241669,0,0.0,0.0,0.0,0.0
1655251200000,158116.3183241669,158116.3183241669,0,0.0,0.0,0.0,0.0
1655265600000,158116.3183241669,158116.3183241669,0,0.0,0.0,0.0,0.0
1655280000000,158116.3183241669,158116.3183241669,0,0.0,0.0,0.0,0.0
1655294400000,158116.3183241669,158116.3183241669,0,0.0,0.0,0.0,0.0
1655308800000,158116.3183241669,158116.3183241669,0,0.0,0.0,0.0,0.0
1655323200000,158116.3183241669,158116.3183241669,0,0.0,0.0,0.0,0.0
1655337600000,158116.3183241669,158116.3183241669,0,0.0,0.0,0.0,0.0
1655352000000,158116.3183241669,158116.3183241669,0,0.0,0.0,0.0,0.0
1655366400000,158116.3183241669,158116.3183241669,0,0.0,0.0,0.0,0.0
1655380800000,158116.3183241669,158116.3183241669,0,0.0,0.0,0.0,0.0
1655395200000,158116.3183241669,158116.3183241669,0,0.0,0.0,0.0,0.0
1655409600000,158116.3183241669,158116.3183241669,0,0.0,0.0,0.0,0.0
1655424000000,158116.3183241669,158116.3183241669,0,0.0,0.0,0.0,0.0
1655438400000,158116.3183241669,158116.3183241669,0,0.0,0.0,0.0,0.0
1655452800000,158116.3183241669,158116.3183241669,0,0.0,0.0,0.0,0.0
1655467200000,158116.3183241669,158116.3183241669,0,0.0,0.0,0.0,0.0
1655481600000,158116.3183241669,158116.3183241669,0,0.0,0.0,0.0,0.0
1655496000000,158116.3183241669,158116.3183241669,0,0.0,0.0,0.0,0.0
1655510400000,158116.3183241669,158116.3183241669,0,0.0,0.0,0.0,0.0
1655524800000,158116.3183241669,158116.3183241669,0,0.0,0.0,0.0,0.0
1655539200000,158116.3183241669,158116.3183241669,0,0.0,0.0,0.0,0.0
1655553600000,158116.3183241669,158116.3183241669,0,0.0,0.0,0.0,0.0
1655568000000,158116.3183241669,158116.3183241669,0,0.0,0.0,0.0,0.0
1655582400000,158116.3183241669,158116.3183241669,0,0.0,0.0,0.0,0.0
1655596800000,158116.3183241669,158116.3183241669,0,0.0,0.0,0.0,0.0
1655611200000,158116.3183241669,158116.3183241669,0,0.0,0.0,0.0,0.0
1655625600000,158116.3183241669,158116.3183241669,0,0.0,0.0,0.0,0.0
1655640000000,158116.3183241669,158116.3183241669,0,0.0,0.0,0.0,0.0
1655654400000,158116.3183241669,158116.3183241669,0,0.0,0.0,0.0,0.0
1655668800000,158116.3183241669,158116.3183241669,0,0.0,0.0,0.0,0.0
1655683200000,158116.3183241669,158116.3183241669,0,0.0,0.0,0.0,0.0
1655697600000,158116.3183241669,158116.3183241669,0,0.0,0.0,0.0,0.0
1655712000000,158116.3183241669,158116.3183241669,0,0.0,0.0,0.0,0.0
1655726400000,158116.3183241669,158116.3183241669,0,0.0,0.0,0.0,0.0
1655740800000,158116.3183241669,158116.3183241669,0,0.0,0.0,0.0,0.0
1655755200000,158116.3183241669,158116.3183241669,0,0.0,0.0,0.0,0.0
1655769600000,158116.3183241669,158116.3183241669,0,0.0,0.0,0.0,0.0
1655784000000,158116.3183241669,158116.3183241669,0,0.0,0.0,0.0,0.0
1655798400000,158116.3183241669,158116.3183241669,0,0.0,0.0,0.0,0.0
1655812800000,158116.3183241669,158116.3183241669,0,0.0,0.0,0.0,0.0
1655827200000,158116.3183241669,158116.3183241669,0,0.0,0.0,0.0,0.0
1655841600000,158116.3183241669,158116.3183241669,0,0.0,0.0,0.0,0.0
1655856000000,158116.3183241669,158116.3183241669,0,0.0,0.0,0.0,0.0
1655870400000,158116.3183241669,158116.3183241669,0,0.0,0.0,0.0,0.0
1655884800000,158116.3183241669,158116.3183241669,0,0.0,0.0,0.0,0.0
1655899200000,158116.3183241669,158116.3183241669,0,0.0,0.0,0.0,0.0
1655913600000,158116.3183241669,158116.3183241669,0,0.0,0.0,0.0,0.0
1655928000000,158116.3183241669,158116.3183241669,0,0.0,0.0,0.0,0.0
1655942400000,158116.3183241669,158116.3183241669,0,0.0,0.0,0.0,0.0
1655956800000,158116.3183241669,158116.3183241669,0,0.0,0.0,0.0,0.0
1655971200000,158116.3183241669,158116.3183241669,0,0.0,0.0,0.0,0.0
1655985600000,158116.3183241669,158116.3183241669,0,0.0,0.0,0.0,0.0
1656000000000,158116.3183241669,158116.3183241669,0,0.0,0.0,0.0,0.0
1656014400000,158116.3183241669,158116.3183241669,0,0.0,0.0,0.0,0.0
1656028800000,158116.3183241669,158116.3183241669,0,0.0,0.0,0.0,0.0
1656043200000,158116.3183241669,158116.3183241669,0,0.0,0.0,0.0,0.0
1656057600000,158116.3183241669,158116.3183241669,0,0.0,0.0,0.0,0.0
1656072000000,158116.3183241669,158116.3183241669,0,0.0,0.0,0.0,0.0
1656086400000,158116.3183241669,158116.3183241669,0,0.0,0.0,0.0,0.0
1656100800000,158116.3183241669,158116.3183241669,0,0.0,0.0,0.0,0.0
1656115200000,158116.3183241669,158116.3183241669,0,0.0,0.0,0.0,0.0
1656129600000,158116.3183241669,158116.3183241669,0,0.0,0.0,0.0,0.0
1656144000000,158116.3183241669,158116.3183241669,0,0.0,0.0,0.0,0.0
1656158400000,158116.3183241669,158116.3183241669,0,0.0,0.0,0.0,0.0
1656172800000,158116.3183241669,158116.3183241669,0,0.0,0.0,0.0,0.0
1656187200000,158116.3183241669,158116.3183241669,0,0.0,0.0,0.0,0.0
1656201600000,158116.3183241669,158116.3183241669,0,0.0,0.0,0.0,0.0
1656216000000,158116.3183241669,158116.3183241669,0,0.0,0.0,0.0,0.0
1656230400000,158116.3183241669,158116.3183241669,0,0.0,0.0,0.0,0.0
1656244800000,158116.3183241669,158116.3183241669,0,0.0,0.0,0.0,0.0
1656259200000,158116.3183241669,158116.3183241669,0,0.0,0.0,0.0,0.0
1656273600000,158116.3183241669,158116.3183241669,0,0.0,0.0,0.0,0.0
1656288000000,158116.3183241669,158116.3183241669,0,0.0,0.0,0.0,0.0
1656302400000,158116.3183241669,158116.3183241669,0,0.0,0.0,0.0,0.0
1656316800000,158116.3183241669,158116.3183241669,0,0.0,0.0,0.0,0.0
1656331200000,158116.3183241669,158116.3183241669,0,0.0,0.0,0.0,0.0
1656345600000,158116.3183241669,158116.3183241669,0,0.0,0.0,0.0,0.0
1656360000000,158788.03787715986,158080.8601569615,1,70209.15669058157,3162.326366483338,3162.326366483338,70209.15669058157
1656374400000,158443.50590137416,158080.8601569615,1,70553.68866636728,3162.326366483338,3162.326366483338,70553.68866636728
1656388800000,159211.44744244072,158008.1107198336,2,212561.74709456955,6331.169983262327,6331.169983262327,212561.74709456955
1656403200000,155464.69178713087,157972.77740844563,3,286939.7922144222,9515.183599626274,9515.183599626274,286939.7922144222
1656417600000,150625.2499416934,151436.1662398008,1,71727.25070888735,3162.326366483338,3162.326366483338,71727.25070888735
1656432000000,148522.0166291166,148522.0166291166,0,0.0,0.0,0.0,0.0
1656446400000,148522.0166291166,148522.0166291166,0,0.0,0.0,0.0,0.0
1656460800000,150136.50384138504,148380.2351253305,3,281806.7388561676,8902.020672111228,8902.020672111228,281806.7388561676
1656475200000,149860.0194993504,148386.2587030255,3,282089.2467758972,8902.020672111228,8902.020672111228,282089.2467758972
1656489600000,152439.4204504567,148386.2587030255,3,279509.8458247909,8902.020672111228,8902.020672111228,279509.8458247909
1656504000000,153929.89684249382,148398.27470769113,3,278031.3854374194,8902.020672111228,8902.020672111228,278031.3854374194
1656518400000,154910.2587768963,148392.13230702063,4,289329.6824433329,9235.793810549629,9235.793810549629,289329.6824433329
1656532800000,153882.65133426114,148400.36197379776,4,290365.5195527452,9235.793810549629,9235.793810549629,290365.5195527452
1656547200000,156812.7342979161,148400.36197379776,4,287435.43658909027,9235.793810549629,9235.793810549629,287435.43658909027
1656561600000,159986.56563243037,151336.8842475589,4,243726.90447243588,7751.515066624372,7751.515066624372,243726.90447243588
1656576000000,167615.40744869236,157205.67442185569,4,143656.5721002609,4784.783474494015,4784.783474494015,143656.5721002609
1656590400000,170541.73239067802,157529.61752086176,4,134911.78958678804,4617.896905274814,4617.896905274814,134911.78958678804
1656604800000,168362.56935262645,157476.07452981954,5,244123.3917182549,8028.910212161306,8028.910212161306,244123.3917182549
1656619200000,169301.0963786851,157432.467318474,5,243141.2574808507,8028.910212161306,8028.910212161306,243141.2574808507
1656633600000,160964.13394703832,160964.13394703832,0,0.0,0.0,0.0,0.0
1656648000000,160964.13394703832,160964.13394703832,0,0.0,0.0,0.0,0.0
1656662400000,160964.13394703832,160964.13394703832,0,0.0,0.0,0.0,0.0
1656676800000,160964.13394703832,160964.13394703832,0,0.0,0.0,0.0,0.0
1656691200000,160964.13394703832,160964.13394703832,0,0.0,0.0,0.0,0.0
1656705600000,160964.13394703832,160964.13394703832,0,0.0,0.0,0.0,0.0
1656720000000,160964.13394703832,160964.13394703832,0,0.0,0.0,0.0,0.0
1656734400000,160964.13394703832,160964.13394703832,0,0.0,0.0,0.0,0.0
1656748800000,160964.13394703832,160964.13394703832,0,0.0,0.0,0.0,0.0
1656763200000,160964.13394703832,160964.13394703832,0,0.0,0.0,0.0,0.0
1656777600000,160964.13394703832,160964.13394703832,0,0.0,0.0,0.0,0.0
1656792000000,160964.13394703832,160964.13394703832,0,0.0,0.0,0.0,0.0
1656806400000,160964.13394703832,160964.13394703832,0,0.0,0.0,0.0,0.0
1656820800000,160964.13394703832,160964.13394703832,0,0.0,0.0,0.0,0.0
1656835200000,160964.13394703832,160964.13394703832,0,0.0,0.0,0.0,0.0
1656849600000,160964.13394703832,160964.13394703832,0,0.0,0.0,0.0,0.0
1656864000000,160964.13394703832,160964.13394703832,0,0.0,0.0,0.0,0.0
1656878400000,160964.13394703832,160964.13394703832,0,0.0,0.0,0.0,0.0
1656892800000,160964.13394703832,160964.13394703832,0,0.0,0.0,0.0,0.0
1656907200000,160964.13394703832,160964.13394703832,0,0.0,0.0,0.0,0.0
1656921600000,160964.13394703832,160964.13394703832,0,0.0,0.0,0.0,0.0
1656936000000,160964.13394703832,160964.13394703832,0,0.0,0.0,0.0,0.0
1656950400000,160964.13394703832,160964.13394703832,0,0.0,0.0,0.0,0.0
1656964800000,160964.13394703832,160964.13394703832,0,0.0,0.0,0.0,0.0
1656979200000,160964.13394703832,160964.13394703832,0,0.0,0.0,0.0,0.0
1656993600000,160964.13394703832,160964.13394703832,0,0.0,0.0,0.0,0.0
1657008000000,160964.13394703832,160964.13394703832,0,0.0,0.0,0.0,0.0
1657022400000,160964.13394703832,160964.13394703832,0,0.0,0.0,0.0,0.0
1657036800000,160964.13394703832,160964.13394703832,0,0.0,0.0,0.0,0.0
1657051200000,157613.45523914762,157613.45523914762,0,0.0,0.0,0.0,0.0
1657065600000,157613.45523914762,157613.45523914762,0,0.0,0.0,0.0,0.0
1657080000000,157613.45523914762,157613.45523914762,0,0.0,0.0,0.0,0.0
1657094400000,157613.45523914762,157613.45523914762,0,0.0,0.0,0.0,0.0
1657108800000,157613.45523914762,157613.45523914762,0,0.0,0.0,0.0,0.0
1657123200000,157613.45523914762,157613.45523914762,0,0.0,0.0,0.0,0.0
1657137600000,157613.45523914762,157613.45523914762,0,0.0,0.0,0.0,0.0
1657152000000,157613.45523914762,157613.45523914762,0,0.0,0.0,0.0,0.0
1657166400000,157613.45523914762,157613.45523914762,0,0.0,0.0,0.0,0.0
1657180800000,157613.45523914762,157613.45523914762,0,0.0,0.0,0.0,0.0
1657195200000,157613.45523914762,157613.45523914762,0,0.0,0.0,0.0,0.0
1657209600000,157613.45523914762,157613.45523914762,0,0.0,0.0,0.0,0.0
1657224000000,157613.45523914762,157613.45523914762,0,0.0,0.0,0.0,0.0
1657238400000,157613.45523914762,157613.45523914762,0,0.0,0.0,0.0,0.0
1657252800000,157613.45523914762,157613.45523914762,0,0.0,0.0,0.0,0.0
1657267200000,157613.45523914762,157613.45523914762,0,0.0,0.0,0.0,0.0
1657281600000,157613.45523914762,157613.45523914762,0,0.0,0.0,0.0,0.0
1657296000000,157613.45523914762,157613.45523914762,0,0.0,0.0,0.0,0.0
1657310400000,157613.45523914762,157613.45523914762,0,0.0,0.0,0.0,0.0
1657324800000,157613.45523914762,157613.45523914762,0,0.0,0.0,0.0,0.0
1657339200000,157613.45523914762,157613.45523914762,0,0.0,0.0,0.0,0.0
1657353600000,157613.45523914762,157613.45523914762,0,0.0,0.0,0.0,0.0
1657368000000,157613.45523914762,157613.45523914762,0,0.0,0.0,0.0,0.0
1657382400000,157613.45523914762,157613.45523914762,0,0.0,0.0,0.0,0.0
1657396800000,157613.45523914762,157613.45523914762,0,0.0,0.0,0.0,0.0
1657411200000,157613.45523914762,157613.45523914762,0,0.0,0.0,0.0,0.0
1657425600000,157613.45523914762,157613.45523914762,0,0.0,0.0,0.0,0.0
1657440000000,157613.45523914762,157613.45523914762,0,0.0,0.0,0.0,0.0
1657454400000,157613.45523914762,157613.45523914762,0,0.0,0.0,0.0,0.0
1657468800000,157613.45523914762,157613.45523914762,0,0.0,0.0,0.0,0.0
1657483200000,155437.89373438476,157463.72297741123,2,301490.3527157855,6302.0736496924,6302.0736496924,301490.3527157855
1657497600000,155454.8665344442,157463.72297741123,2,301473.379915726,6302.0736496924,6302.0736496924,301473.379915726
1657512000000,157714.1025230328,157451.07052620352,2,299201.49147592974,6302.0736496924,6302.0736496924,299201.49147592974
1657526400000,157667.36468125987,157379.93593660943,3,441446.27391627734,9456.757063238982,9456.757063238982,441446.27391627734
1657540800000,155323.40827699372,154117.95241231754,2,317093.6534228945,6306.952518329534,6306.952518329534,317093.6534228945
1657555200000,157234.95053527202,154066.76657064797,3,417502.6086620958,9319.404496619623,9319.404496619623,417502.6086620958
1657569600000,156298.42041984695,154037.62102528117,3,418409.99323215405,9319.404496619623,9319.404496619623,418409.99323215405
1657584000000,170757.7410880012,157144.71170651074,3,335923.173651145,7742.0627898463335,7742.0627898463335,335923.173651145
1657598400000,169382.38551370215,160146.38584087975,4,324402.03580243845,8667.771259658291,8667.771259658291,324402.03580243845
1657612800000,171625.79688875267,160146.38584087975,4,322158.6244273879,8667.771259658291,8667.771259658291,322158.6244273879
1657627200000,168934.94890472133,160125.0640046683,4,324828.1505752078,8667.771259658291,8667.771259658291,324828.1505752078
1657641600000,165734.26245565808,157570.98047224066,3,253357.95599951706,6165.928237454857,6165.928237454857,253357.95599951706
1657656000000,171988.08692895563,160522.19126022427,3,198869.50064462854,4659.702248309812,4659.702248309812,198869.50064462854
1657670400000,174553.72822024825,160522.19126022427,3,196303.85935333592,4659.702248309812,4659.702248309812,196303.85935333592
1657684800000,172546.10262485768,160496.8347988731,3,198286.12848737533,4659.702248309812,4659.702248309812,198286.12848737533
1657699200000,169278.73257467168,160496.8347988731,3,201553.49853756133,4659.702248309812,4659.702248309812,201553.49853756133
1657713600000,168469.4305461685,160466.51589378528,3,202332.4816609767,4659.702248309812,4659.702248309812,202332.4816609767
1657728000000,166425.1579070384,166425.1579070384,0,0.0,0.0,0.0,0.0
1657742400000,166425.1579070384,166425.1579070384,0,0.0,0.0,0.0,0.0
1657756800000,166425.1579070384,166425.1579070384,0,0.0,0.0,0.0,0.0
1657771200000,166425.1579070384,166425.1579070384,0,0.0,0.0,0.0,0.0
1657785600000,166425.1579070384,166425.1579070384,0,0.0,0.0,0.0,0.0
1657800000000,166425.1579070384,166425.1579070384,0,0.0,0.0,0.0,0.0
1657814400000,166425.1579070384,166425.1579070384,0,0.0,0.0,0.0,0.0
1657828800000,166425.1579070384,166425.1579070384,0,0.0,0.0,0.0,0.0
1657843200000,166425.1579070384,166425.1579070384,0,0.0,0.0,0.0,0.0
1657857600000,166425.1579070384,166425.1579070384,0,0.0,0.0,0.0,0.0
1657872000000,166425.1579070384,166425.1579070384,0,0.0,0.0,0.0,0.0
1657886400000,166425.1579070384,166425.1579070384,0,0.0,0.0,0.0,0.0
1657900800000,166425.1579070384,166425.1579070384,0,0.0,0.0,0.0,0.0
1657915200000,166425.1579070384,166425.1579070384,0,0.0,0.0,0.0,0.0
1657929600000,166425.1579070384,166425.1579070384,0,0.0,0.0,0.0,0.0
1657944000000,166425.1579070384,166425.1579070384,0,0.0,0.0,0.0,0.0
1657958400000,166425.1579070384,166425.1579070384,0,0.0,0.0,0.0,0.0
1657972800000,166425.1579070384,166425.1579070384,0,0.0,0.0,0.0,0.0
1657987200000,166425.1579070384,166425.1579070384,0,0.0,0.0,0.0,0.0
1658001600000,166425.1579070384,166425.1579070384,0,0.0,0.0,0.0,0.0
1658016000000,166425.1579070384,166425.1579070384,0,0.0,0.0,0.0,0.0
1658030400000,166425.1579070384,166425.1579070384,0,0.0,0.0,0.0,0.0
1658044800000,166425.1579070384,166425.1579070384,0,0.0,0.0,0.0,0.0
1658059200000,166425.1579070384,166425.1579070384,0,0.0,0.0,0.0,0.0
1658073600000,166425.1579070384,166425.1579070384,0,0.0,0.0,0.0,0.0
1658088000000,166425.1579070384,166425.1579070384,0,0.0,0.0,0.0,0.0
1658102400000,166425.1579070384,166425.1579070384,0,0.0,0.0,0.0,0.0
1658116800000,166425.1579070384,166425.1579070384,0,0.0,0.0,0.0,0.0
1658131200000,166425.1579070384,166425.1579070384,0,0.0,0.0,0.0,0.0
1658145600000,166425.1579070384,166425.1579070384,0,0.0,0.0,0.0,0.0
1658160000000,166425.1579070384,166425.1579070384,0,0.0,0.0,0.0,0.0
1658174400000,166425.1579070384,166425.1579070384,0,0.0,0.0,0.0,0.0
1658188800000,166425.1579070384,166425.1579070384,0,0.0,0.0,0.0,0.0
1658203200000,166425.1579070384,166425.1579070384,0,0.0,0.0,0.0,0.0
1658217600000,166425.1579070384,166425.1579070384,0,0.0,0.0,0.0,0.0
1658232000000,166425.1579070384,166425.1579070384,0,0.0,0.0,0.0,0.0
1658246400000,166425.1579070384,166425.1579070384,0,0.0,0.0,0.0,0.0
1658260800000,166425.1579070384,166425.1579070384,0,0.0,0.0,0.0,0.0
1658275200000,166425.1579070384,166425.1579070384,0,0.0,0.0,0.0,0.0
1658289600000,166425.1579070384,166425.1579070384,0,0.0,0.0,0.0,0.0
1658304000000,166425.1579070384,166425.1579070384,0,0.0,0.0,0.0,0.0
1658318400000,166425.1579070384,166425.1579070384,0,0.0,0.0,0.0,0.0
1658332800000,166425.1579070384,166425.1579070384,0,0.0,0.0,0.0,0.0
1658347200000,166425.1579070384,166425.1579070384,0,0.0,0.0,0.0,0.0
1658361600000,166425.1579070384,166425.1579070384,0,0.0,0.0,0.0,0.0
1658376000000,166425.1579070384,166425.1579070384,0,0.0,0.0,0.0,0.0
1658390400000,166425.1579070384,166425.1579070384,0,0.0,0.0,0.0,0.0
1658404800000,166425.1579070384,166425.1579070384,0,0.0,0.0,0.0,0.0
1658419200000,166425.1579070384,166425.1579070384,0,0.0,0.0,0.0,0.0
1658433600000,166425.1579070384,166425.1579070384,0,0.0,0.0,0.0,0.0
1658448000000,166425.1579070384,166425.1579070384,0,0.0,0.0,0.0,0.0
1658462400000,166425.1579070384,166425.1579070384,0,0.0,0.0,0.0,0.0
1658476800000,166425.1579070384,166425.1579070384,0,0.0,0.0,0.0,0.0
1658491200000,166425.1579070384,166425.1579070384,0,0.0,0.0,0.0,0.0
1658505600000,166425.1579070384,166425.1579070384,0,0.0,0.0,0.0,0.0
1658520000000,166425.1579070384,166425.1579070384,0,0.0,0.0,0.0,0.0
1658534400000,166425.1579070384,166425.1579070384,0,0.0,0.0,0.0,0.0
1658548800000,166425.1579070384,166425.1579070384,0,0.0,0.0,0.0,0.0
1658563200000,166425.1579070384,166425.1579070384,0,0.0,0.0,0.0,0.0
1658577600000,166425.1579070384,166425.1579070384,0,0.0,0.0,0.0,0.0
1658592000000,166425.1579070384,166425.1579070384,0,0.0,0.0,0.0,0.0
1658606400000,166425.1579070384,166425.1579070384,0,0.0,0.0,0.0,0.0
1658620800000,166425.1579070384,166425.1579070384,0,0.0,0.0,0.0,0.0
1658635200000,166425.1579070384,166425.1579070384,0,0.0,0.0,0.0,0.0
1658649600000,166425.1579070384,166425.1579070384,0,0.0,0.0,0.0,0.0
1658664000000,166425.1579070384,166425.1579070384,0,0.0,0.0,0.0,0.0
1658678400000,166425.1579070384,166425.1579070384,0,0.0,0.0,0.0,0.0
1658692800000,166425.1579070384,166425.1579070384,0,0.0,0.0,0.0,0.0
1658707200000,166425.1579070384,166425.1579070384,0,0.0,0.0,0.0,0.0
1658721600000,166425.1579070384,166425.1579070384,0,0.0,0.0,0.0,0.0
1658736000000,166425.1579070384,166425.1579070384,0,0.0,0.0,0.0,0.0
1658750400000,166425.1579070384,166425.1579070384,0,0.0,0.0,0.0,0.0
1658764800000,166425.1579070384,166425.1579070384,0,0.0,0.0,0.0,0.0
1658779200000,166425.1579070384,166425.1579070384,0,0.0,0.0,0.0,0.0
1658793600000,166425.1579070384,166425.1579070384,0,0.0,0.0,0.0,0.0
1658808000000,166425.1579070384,166425.1579070384,0,0.0,0.0,0.0,0.0
1658822400000,166425.1579070384,166425.1579070384,0,0.0,0.0,0.0,0.0
1658836800000,166425.1579070384,166425.1579070384,0,0.0,0.0,0.0,0.0
1658851200000,166425.1579070384,166425.1579070384,0,0.0,0.0,0.0,0.0
1658865600000,166425.1579070384,166425.1579070384,0,0.0,0.0,0.0,0.0
1658880000000,166425.1579070384,166425.1579070384,0,0.0,0.0,0.0,0.0
1658894400000,166425.1579070384,166425.1579070384,0,0.0,0.0,0.0,0.0
1658908800000,166425.1579070384,166425.1579070384,0,0.0,0.0,0.0,0.0
1658923200000,166425.1579070384,166425.1579070384,0,0.0,0.0,0.0,0.0
1658937600000,166425.1579070384,166425.1579070384,0,0.0,0.0,0.0,0.0
1658952000000,166425.1579070384,166425.1579070384,0,0.0,0.0,0.0,0.0
1658966400000,166425.1579070384,166425.1579070384,0,0.0,0.0,0.0,0.0
1658980800000,166425.1579070384,166425.1579070384,0,0.0,0.0,0.0,0.0
1658995200000,166425.1579070384,166425.1579070384,0,0.0,0.0,0.0,0.0
1659009600000,166425.1579070384,166425.1579070384,0,0.0,0.0,0.0,0.0
1659024000000,166425.1579070384,166425.1579070384,0,0.0,0.0,0.0,0.0
1659038400000,166425.1579070384,166425.1579070384,0,0.0,0.0,0.0,0.0
1659052800000,166425.1579070384,166425.1579070384,0,0.0,0.0,0.0,0.0
1659067200000,166425.1579070384,166425.1579070384,0,0.0,0.0,0.0,0.0
1659081600000,166425.1579070384,166425.1579070384,0,0.0,0.0,0.0,0.0
1659096000000,166425.1579070384,166425.1579070384,0,0.0,0.0,0.0,0.0
1659110400000,166425.1579070384,166425.1579070384,0,0.0,0.0,0.0,0.0
1659124800000,166425.1579070384,166425.1579070384,0,0.0,0.0,0.0,0.0
1659139200000,166425.1579070384,166425.1579070384,0,0.0,0.0,0.0,0.0
1659153600000,166425.1579070384,166425.1579070384,0,0.0,0.0,0.0,0.0
1659168000000,166425.1579070384,166425.1579070384,0,0.0,0.0,0.0,0.0
1659182400000,166425.1579070384,166425.1579070384,0,0.0,0.0,0.0,0.0
1659196800000,166425.1579070384,166425.1579070384,0,0.0,0.0,0.0,0.0
1659211200000,166425.1579070384,166425.1579070384,0,0.0,0.0,0.0,0.0
1659225600000,166425.1579070384,166425.1579070384,0,0.0,0.0,0.0,0.0
1659240000000,166425.1579070384,166425.1579070384,0,0.0,0.0,0.0,0.0
1659254400000,166425.1579070384,166425.1579070384,0,0.0,0.0,0.0,0.0
1659268800000,166425.1579070384,166425.1579070384,0,0.0,0.0,0.0,0.0
1659283200000,166425.1579070384,166425.1579070384,0,0.0,0.0,0.0,0.0
1659297600000,166425.1579070384,166425.1579070384,0,0.0,0.0,0.0,0.0
1659312000000,166425.1579070384,166425.1579070384,0,0.0,0.0,0.0,0.0
1659326400000,166425.1579070384,166425.1579070384,0,0.0,0.0,0.0,0.0
1659340800000,166425.1579070384,166425.1579070384,0,0.0,0.0,0.0,0.0
1659355200000,166425.1579070384,166425.1579070384,0,0.0,0.0,0.0,0.0
1659369600000,166425.1579070384,166425.1579070384,0,0.0,0.0,0.0,0.0
1659384000000,166425.1579070384,166425.1579070384,0,0.0,0.0,0.0,0.0
1659398400000,166425.1579070384,166425.1579070384,0,0.0,0.0,0.0,0.0
1659412800000,166425.1579070384,166425.1579070384,0,0.0,0.0,0.0,0.0
1659427200000,166425.1579070384,166425.1579070384,0,0.0,0.0,0.0,0.0
1659441600000,166425.1579070384,166425.1579070384,0,0.0,0.0,0.0,0.0
1659456000000,166425.1579070384,166425.1579070384,0,0.0,0.0,0.0,0.0
1659470400000,166425.1579070384,166425.1579070384,0,0.0,0.0,0.0,0.0
1659484800000,166425.1579070384,166425.1579070384,0,0.0,0.0,0.0,0.0
1659499200000,166425.1579070384,166425.1579070384,0,0.0,0.0,0.0,0.0
1659513600000,166425.1579070384,166425.1579070384,0,0.0,0.0,0.0,0.0
1659528000000,166425.1579070384,166425.1579070384,0,0.0,0.0,0.0,0.0
1659542400000,166425.1579070384,166425.1579070384,0,0.0,0.0,0.0,0.0
1659556800000,166425.1579070384,166425.1579070384,0,0.0,0.0,0.0,0.0
1659571200000,166425.1579070384,166425.1579070384,0,0.0,0.0,0.0,0.0
1659585600000,166425.1579070384,166425.1579070384,0,0.0,0.0,0.0,0.0
1659600000000,166425.1579070384,166425.1579070384,0,0.0,0.0,0.0,0.0
1659614400000,166425.1579070384,166425.1579070384,0,0.0,0.0,0.0,0.0
1659628800000,166425.1579070384,166425.1579070384,0,0.0,0.0,0.0,0.0
1659643200000,166425.1579070384,166425.1579070384,0,0.0,0.0,0.0,0.0
1659657600000,166425.1579070384,166425.1579070384,0,0.0,0.0,0.0,0.0
1659672000000,166425.1579070384,166425.1579070384,0,0.0,0.0,0.0,0.0
1659686400000,166425.1579070384,166425.1579070384,0,0.0,0.0,0.0,0.0
1659700800000,166425.1579070384,166425.1579070384,0,0.0,0.0,0.0,0.0
1659715200000,166425.1579070384,166425.1579070384,0,0.0,0.0,0.0,0.0
1659729600000,166425.1579070384,166425.1579070384,0,0.0,0.0,0.0,0.0
1659744000000,166425.1579070384,166425.1579070384,0,0.0,0.0,0.0,0.0
1659758400000,166425.1579070384,166425.1579070384,0,0.0,0.0,0.0,0.0
1659772800000,166425.1579070384,166425.1579070384,0,0.0,0.0,0.0,0.0
1659787200000,166425.1579070384,166425.1579070384,0,0.0,0.0,0.0,0.0
1659801600000,166425.1579070384,166425.1579070384,0,0.0,0.0,0.0,0.0
1659816000000,166425.1579070384,166425.1579070384,0,0.0,0.0,0.0,0.0
1659830400000,166425.1579070384,166425.1579070384,0,0.0,0.0,0.0,0.0
1659844800000,166425.1579070384,166425.1579070384,0,0.0,0.0,0.0,0.0
1659859200000,166425.1579070384,166425.1579070384,0,0.0,0.0,0.0,0.0
1659873600000,166425.1579070384,166425.1579070384,0,0.0,0.0,0.0,0.0
1659888000000,166425.1579070384,166425.1579070384,0,0.0,0.0,0.0,0.0
1659902400000,166425.1579070384,166425.1579070384,0,0.0,0.0,0.0,0.0
1659916800000,166425.1579070384,166425.1579070384,0,0.0,0.0,0.0,0.0
1659931200000,166425.1579070384,166425.1579070384,0,0.0,0.0,0.0,0.0
1659945600000,166425.1579070384,166425.1579070384,0,0.0,0.0,0.0,0.0
1659960000000,166425.1579070384,166425.1579070384,0,0.0,0.0,0.0,0.0
1659974400000,166425.1579070384,166425.1579070384,0,0.0,0.0,0.0,0.0
1659988800000,166425.1579070384,166425.1579070384,0,0.0,0.0,0.0,0.0
1660003200000,166425.1579070384,166425.1579070384,0,0.0,0.0,0.0,0.0
1660017600000,166425.1579070384,166425.1579070384,0,0.0,0.0,0.0,0.0
1660032000000,166425.1579070384,166425.1579070384,0,0.0,0.0,0.0,0.0
1660046400000,166425.1579070384,166425.1579070384,0,0.0,0.0,0.0,0.0
1660060800000,166425.1579070384,166425.1579070384,0,0.0,0.0,0.0,0.0
1660075200000,166425.1579070384,166425.1579070384,0,0.0,0.0,0.0,0.0
1660089600000,166425.1579070384,166425.1579070384,0,0.0,0.0,0.0,0.0
1660104000000,166425.1579070384,166425.1579070384,0,0.0,0.0,0.0,0.0
1660118400000,166425.1579070384,166425.1579070384,0,0.0,0.0,0.0,0.0
1660132800000,166425.1579070384,166425.1579070384,0,0.0,0.0,0.0,0.0
1660147200000,166425.1579070384,166425.1579070384,0,0.0,0.0,0.0,0.0
1660161600000,166425.1579070384,166425.1579070384,0,0.0,0.0,0.0,0.0
1660176000000,166425.1579070384,166425.1579070384,0,0.0,0.0,0.0,0.0
1660190400000,166425.1579070384,166425.1579070384,0,0.0,0.0,0.0,0.0
1660204800000,166425.1579070384,166425.1579070384,0,0.0,0.0,0.0,0.0
1660219200000,166425.1579070384,166425.1579070384,0,0.0,0.0,0.0,0.0
1660233600000,166425.1579070384,166425.1579070384,0,0.0,0.0,0.0,0.0
1660248000000,166425.1579070384,166425.1579070384,0,0.0,0.0,0.0,0.0
1660262400000,166425.1579070384,166425.1579070384,0,0.0,0.0,0.0,0.0
1660276800000,166425.1579070384,166425.1579070384,0,0.0,0.0,0.0,0.0
1660291200000,166425.1579070384,166425.1579070384,0,0.0,0.0,0.0,0.0
1660305600000,166425.1579070384,166425.1579070384,0,0.0,0.0,0.0,0.0
1660320000000,166425.1579070384,166425.1579070384,0,0.0,0.0,0.0,0.0
1660334400000,166425.1579070384,166425.1579070384,0,0.0,0.0,0.0,0.0
1660348800000,166425.1579070384,166425.1579070384,0,0.0,0.0,0.0,0.0
1660363200000,166425.1579070384,166425.1579070384,0,0.0,0.0,0.0,0.0
1660377600000,166425.1579070384,166425.1579070384,0,0.0,0.0,0.0,0.0
1660392000000,166425.1579070384,166425.1579070384,0,0.0,0.0,0.0,0.0
1660406400000,166425.1579070384,166425.1579070384,0,0.0,0.0,0.0,0.0
1660420800000,166425.1579070384,166425.1579070384,0,0.0,0.0,0.0,0.0
1660435200000,166425.1579070384,166425.1579070384,0,0.0,0.0,0.0,0.0
1660449600000,166425.1579070384,166425.1579070384,0,0.0,0.0,0.0,0.0
1660464000000,166425.1579070384,166425.1579070384,0,0.0,0.0,0.0,0.0
1660478400000,166425.1579070384,166425.1579070384,0,0.0,0.0,0.0,0.0
1660492800000,166425.1579070384,166425.1579070384,0,0.0,0.0,0.0,0.0
1660507200000,166425.1579070384,166425.1579070384,0,0.0,0.0,0.0,0.0
1660521600000,166425.1579070384,166425.1579070384,0,0.0,0.0,0.0,0.0
1660536000000,166425.1579070384,166425.1579070384,0,0.0,0.0,0.0,0.0
1660550400000,166425.1579070384,166425.1579070384,0,0.0,0.0,0.0,0.0
1660564800000,166425.1579070384,166425.1579070384,0,0.0,0.0,0.0,0.0
1660579200000,166425.1579070384,166425.1579070384,0,0.0,0.0,0.0,0.0
1660593600000,166425.1579070384,166425.1579070384,0,0.0,0.0,0.0,0.0
1660608000000,166425.1579070384,166425.1579070384,0,0.0,0.0,0.0,0.0
1660622400000,166425.1579070384,166425.1579070384,0,0.0,0.0,0.0,0.0
1660636800000,166425.1579070384,166425.1579070384,0,0.0,0.0,0.0,0.0
1660651200000,166425.1579070384,166425.1579070384,0,0.0,0.0,0.0,0.0
1660665600000,166425.1579070384,166425.1579070384,0,0.0,0.0,0.0,0.0
1660680000000,166425.1579070384,166425.1579070384,0,0.0,0.0,0.0,0.0
1660694400000,166425.1579070384,166425.1579070384,0,0.0,0.0,0.0,0.0
1660708800000,166425.1579070384,166425.1579070384,0,0.0,0.0,0.0,0.0
1660723200000,166425.1579070384,166425.1579070384,0,0.0,0.0,0.0,0.0
1660737600000,166425.1579070384,166425.1579070384,0,0.0,0.0,0.0,0.0
1660752000000,166425.1579070384,166425.1579070384,0,0.0,0.0,0.0,0.0
1660766400000,166425.1579070384,166425.1579070384,0,0.0,0.0,0.0,0.0
1660780800000,166425.1579070384,166425.1579070384,0,0.0,0.0,0.0,0.0
1660795200000,166425.1579070384,166425.1579070384,0,0.0,0.0,0.0,0.0
1660809600000,166425.1579070384,166425.1579070384,0,0.0,0.0,0.0,0.0
1660824000000,166425.1579070384,166425.1579070384,0,0.0,0.0,0.0,0.0
1660838400000,166425.1579070384,166425.1579070384,0,0.0,0.0,0.0,0.0
1660852800000,166425.1579070384,166425.1579070384,0,0.0,0.0,0.0,0.0
1660867200000,166425.1579070384,166425.1579070384,0,0.0,0.0,0.0,0.0
1660881600000,166425.1579070384,166425.1579070384,0,0.0,0.0,0.0,0.0
1660896000000,166425.1579070384,166425.1579070384,0,0.0,0.0,0.0,0.0
1660910400000,166425.1579070384,166425.1579070384,0,0.0,0.0,0.0,0.0
1660924800000,166425.1579070384,166425.1579070384,0,0.0,0.0,0.0,0.0
1660939200000,166425.1579070384,166425.1579070384,0,0.0,0.0,0.0,0.0
1660953600000,166425.1579070384,166425.1579070384,0,0.0,0.0,0.0,0.0
1660968000000,166425.1579070384,166425.1579070384,0,0.0,0.0,0.0,0.0
1660982400000,166425.1579070384,166425.1579070384,0,0.0,0.0,0.0,0.0
1660996800000,166425.1579070384,166425.1579070384,0,0.0,0.0,0.0,0.0
1661011200000,166425.1579070384,166425.1579070384,0,0.0,0.0,0.0,0.0
1661025600000,166425.1579070384,166425.1579070384,0,0.0,0.0,0.0,0.0
1661040000000,166425.1579070384,166425.1579070384,0,0.0,0.0,0.0,0.0
1661054400000,166425.1579070384,166425.1579070384,0,0.0,0.0,0.0,0.0
1661068800000,166425.1579070384,166425.1579070384,0,0.0,0.0,0.0,0.0
1661083200000,166425.1579070384,166425.1579070384,0,0.0,0.0,0.0,0.0
1661097600000,166425.1579070384,166425.1579070384,0,0.0,0.0,0.0,0.0
1661112000000,166425.1579070384,166425.1579070384,0,0.0,0.0,0.0,0.0
1661126400000,166425.1579070384,166425.1579070384,0,0.0,0.0,0.0,0.0
1661140800000,166425.1579070384,166425.1579070384,0,0.0,0.0,0.0,0.0
1661155200000,166425.1579070384,166425.1579070384,0,0.0,0.0,0.0,0.0
1661169600000,166425.1579070384,166425.1579070384,0,0.0,0.0,0.0,0.0
1661184000000,166425.1579070384,166425.1579070384,0,0.0,0.0,0.0,0.0
1661198400000,166425.1579070384,166425.1579070384,0,0.0,0.0,0.0,0.0
1661212800000,166425.1579070384,166425.1579070384,0,0.0,0.0,0.0,0.0
1661227200000,166425.1579070384,166425.1579070384,0,0.0,0.0,0.0,0.0
1661241600000,166425.1579070384,166425.1579070384,0,0.0,0.0,0.0,0.0
1661256000000,166425.1579070384,166425.1579070384,0,0.0,0.0,0.0,0.0
1661270400000,166425.1579070384,166425.1579070384,0,0.0,0.0,0.0,0.0
1661284800000,166425.1579070384,166425.1579070384,0,0.0,0.0,0.0,0.0
1661299200000,166425.1579070384,166425.1579070384,0,0.0,0.0,0.0,0.0
1661313600000,166425.1579070384,166425.1579070384,0,0.0,0.0,0.0,0.0
1661328000000,166425.1579070384,166425.1579070384,0,0.0,0.0,0.0,0.0
1661342400000,166425.1579070384,166425.1579070384,0,0.0,0.0,0.0,0.0
1661356800000,166425.1579070384,166425.1579070384,0,0.0,0.0,0.0,0.0
1661371200000,166425.1579070384,166425.1579070384,0,0.0,0.0,0.0,0.0
1661385600000,166425.1579070384,166425.1579070384,0,0.0,0.0,0.0,0.0
1661400000000,166425.1579070384,166425.1579070384,0,0.0,0.0,0.0,0.0
1661414400000,166425.1579070384,166425.1579070384,0,0.0,0.0,0.0,0.0
1661428800000,166425.1579070384,166425.1579070384,0,0.0,0.0,0.0,0.0
1661443200000,166425.1579070384,166425.1579070384,0,0.0,0.0,0.0,0.0
1661457600000,166425.1579070384,166425.1579070384,0,0.0,0.0,0.0,0.0
1661472000000,166425.1579070384,166425.1579070384,0,0.0,0.0,0.0,0.0
1661486400000,166425.1579070384,166425.1579070384,0,0.0,0.0,0.0,0.0
1661500800000,166425.1579070384,166425.1579070384,0,0.0,0.0,0.0,0.0
1661515200000,166425.1579070384,166425.1579070384,0,0.0,0.0,0.0,0.0
1661529600000,162946.4905137205,162946.4905137205,0,0.0,0.0,0.0,0.0
1661544000000,166348.73499292467,162754.3974607154,3,380591.76847798174,9765.018076597822,9765.018076597822,380591.76847798174
1661558400000,178087.39473253433,165969.94339693693,3,320102.7621515035,8140.191988553595,8140.191988553595,320102.7621515035
1661572800000,177587.38925445222,165868.52442862449,4,397667.3460253723,10682.905379432106,10682.905379432106,397667.3460253723
1661587200000,177413.54178488348,172290.34871174736,4,264135.85729605844,7425.222429177422,7425.222429177422,264135.85729605844
1661601600000,178348.6622648747,172225.499452966,4,263135.8875572859,7425.222429177422,7425.222429177422,263135.8875572859
1661616000000,182361.74987508156,172225.499452966,4,259122.79994707904,7425.222429177422,7425.222429177422,259122.79994707904
1661630400000,182222.7913259118,172201.24127181937,4,259237.50031510217,7425.222429177422,7425.222429177422,259237.50031510217
1661644800000,181865.65540006832,172201.24127181937,4,259594.6362409456,7425.222429177422,7425.222429177422,259594.6362409456
1661659200000,183220.74650144394,172154.17736212164,4,258192.4812298723,7425.222429177422,7425.222429177422,258192.4812298723
1661673600000,181030.9450543921,172154.17736212164,4,260382.28267692414,7425.222429177422,7425.222429177422,260382.28267692414
1661688000000,181471.960421461,172120.99699087234,4,259908.08693860593,7425.222429177422,7425.222429177422,259908.08693860593
1661702400000,180877.28721523593,172120.99699087234,4,260502.76014483097,7425.222429177422,7425.222429177422,260502.76014483097
1661716800000,182639.82106849353,172088.26043785273,4,258707.48973855376,7425.222429177422,7425.222429177422,258707.48973855376
1661731200000,192422.54409181204,172088.26043785273,4,248924.76671523525,7425.222429177422,7425.222429177422,248924.76671523525
1661745600000,190165.942162534,172014.73187704,4,251107.84008370058,7425.222429177422,7425.222429177422,251107.84008370058
1661760000000,190616.9373391236,172014.73187704,4,250656.844907111,7425.222429177422,7425.222429177422,250656.844907111
1661774400000,190512.8944189318,171970.85929500198,4,250717.01524526477,7425.222429177422,7425.222429177422,250717.01524526477
1661788800000,183605.7721481893,183605.7721481893,0,0.0,0.0,0.0,0.0
1661803200000,183605.7721481893,183605.7721481893,0,0.0,0.0,0.0,0.0
1661817600000,183605.7721481893,183605.7721481893,0,0.0,0.0,0.0,0.0
1661832000000,183605.7721481893,183605.7721481893,0,0.0,0.0,0.0,0.0
1661846400000,183605.7721481893,183605.7721481893,0,0.0,0.0,0.0,0.0
1661860800000,183605.7721481893,183605.7721481893,0,0.0,0.0,0.0,0.0
1661875200000,183605.7721481893,183605.7721481893,0,0.0,0.0,0.0,0.0
1661889600000,183605.7721481893,183605.7721481893,0,0.0,0.0,0.0,0.0
1661904000000,183605.7721481893,183605.7721481893,0,0.0,0.0,0.0,0.0
1661918400000,183605.7721481893,183605.7721481893,0,0.0,0.0,0.0,0.0
1661932800000,183605.7721481893,183605.7721481893,0,0.0,0.0,0.0,0.0
1661947200000,183605.7721481893,183605.7721481893,0,0.0,0.0,0.0,0.0
1661961600000,183605.7721481893,183605.7721481893,0,0.0,0.0,0.0,0.0
1661976000000,183605.7721481893,183605.7721481893,0,0.0,0.0,0.0,0.0
1661990400000,183605.7721481893,183605.7721481893,0,0.0,0.0,0.0,0.0
1662004800000,183605.7721481893,183605.7721481893,0,0.0,0.0,0.0,0.0
1662019200000,183605.7721481893,183605.7721481893,0,0.0,0.0,0.0,0.0
1662033600000,183605.7721481893,183605.7721481893,0,0.0,0.0,0.0,0.0
1662048000000,183605.7721481893,183605.7721481893,0,0.0,0.0,0.0,0.0
1662062400000,183605.7721481893,183605.7721481893,0,0.0,0.0,0.0,0.0
1662076800000,183605.7721481893,183605.7721481893,0,0.0,0.0,0.0,0.0
1662091200000,183605.7721481893,183605.7721481893,0,0.0,0.0,0.0,0.0
1662105600000,183605.7721481893,183605.7721481893,0,0.0,0.0,0.0,0.0
1662120000000,183605.7721481893,183605.7721481893,0,0.0,0.0,0.0,0.0
1662134400000,183605.7721481893,183605.7721481893,0,0.0,0.0,0.0,0.0
1662148800000,183605.7721481893,183605.7721481893,0,0.0,0.0,0.0,0.0
1662163200000,183605.7721481893,183605.7721481893,0,0.0,0.0,0.0,0.0
1662177600000,183605.7721481893,183605.7721481893,0,0.0,0.0,0.0,0.0
1662192000000,183605.7721481893,183605.7721481893,0,0.0,0.0,0.0,0.0
1662206400000,183605.7721481893,183605.7721481893,0,0.0,0.0,0.0,0.0
1662220800000,183605.7721481893,183605.7721481893,0,0.0,0.0,0.0,0.0
1662235200000,183605.7721481893,183605.7721481893,0,0.0,0.0,0.0,0.0
1662249600000,183605.7721481893,183605.7721481893,0,0.0,0.0,0.0,0.0
1662264000000,183605.7721481893,183605.7721481893,0,0.0,0.0,0.0,0.0
1662278400000,183605.7721481893,183605.7721481893,0,0.0,0.0,0.0,0.0
1662292800000,183605.7721481893,183605.7721481893,0,0.0,0.0,0.0,0.0
1662307200000,183605.7721481893,183605.7721481893,0,0.0,0.0,0.0,0.0
1662321600000,183605.7721481893,183605.7721481893,0,0.0,0.0,0.0,0.0
1662336000000,183605.7721481893,183605.7721481893,0,0.0,0.0,0.0,0.0
1662350400000,183605.7721481893,183605.7721481893,0,0.0,0.0,0.0,0.0
1662364800000,183605.7721481893,183605.7721481893,0,0.0,0.0,0.0,0.0
1662379200000,183605.7721481893,183605.7721481893,0,0.0,0.0,0.0,0.0
1662393600000,179609.55687593608,179609.55687593608,0,0.0,0.0,0.0,0.0
1662408000000,179609.55687593608,179609.55687593608,0,0.0,0.0,0.0,0.0
1662422400000,179609.55687593608,179609.55687593608,0,0.0,0.0,0.0,0.0
1662436800000,179609.55687593608,179609.55687593608,0,0.0,0.0,0.0,0.0
1662451200000,179609.55687593608,179609.55687593608,0,0.0,0.0,0.0,0.0
1662465600000,179609.55687593608,179609.55687593608,0,0.0,0.0,0.0,0.0
1662480000000,179609.55687593608,179609.55687593608,0,0.0,0.0,0.0,0.0
1662494400000,179609.55687593608,179609.55687593608,0,0.0,0.0,0.0,0.0
1662508800000,183036.76222191798,179316.60369665068,3,582186.2000454997,10760.493618842953,10760.493618842953,582186.2000454997
1662523200000,184909.42526254116,179144.3352172513,3,580141.2685254773,10760.493618842953,10760.493618842953,580141.2685254773
1662537600000,182186.45897676612,179144.3352172513,3,582864.2348112522,10760.493618842953,10760.493618842953,582864.2348112522
1662552000000,181435.7262058134,179056.57319316495,3,583527.2055581186,10760.493618842953,10760.493618842953,583527.2055581186
1662566400000,176802.78369167363,178256.65123537797,2,384284.21841448435,7181.510037231485,7181.510037231485,384284.21841448435
1662580800000,172766.45699153122,172766.45699153122,0,0.0,0.0,0.0,0.0
1662595200000,172766.45699153122,172766.45699153122,0,0.0,0.0,0.0,0.0
1662609600000,172766.45699153122,172766.45699153122,0,0.0,0.0,0.0,0.0
1662624000000,172766.45699153122,172766.45699153122,0,0.0,0.0,0.0,0.0
1662638400000,172766.45699153122,172766.45699153122,0,0.0,0.0,0.0,0.0
1662652800000,172766.45699153122,172766.45699153122,0,0.0,0.0,0.0,0.0
1662667200000,172766.45699153122,172766.45699153122,0,0.0,0.0,0.0,0.0
1662681600000,172766.45699153122,172766.45699153122,0,0.0,0.0,0.0,0.0
1662696000000,172766.45699153122,172766.45699153122,0,0.0,0.0,0.0,0.0
1662710400000,172766.45699153122,172766.45699153122,0,0.0,0.0,0.0,0.0
1662724800000,172766.45699153122,172766.45699153122,0,0.0,0.0,0.0,0.0
1662739200000,172766.45699153122,172766.45699153122,0,0.0,0.0,0.0,0.0
1662753600000,172766.45699153122,172766.45699153122,0,0.0,0.0,0.0,0.0
1662768000000,172766.45699153122,172766.45699153122,0,0.0,0.0,0.0,0.0
1662782400000,172766.45699153122,172766.45699153122,0,0.0,0.0,0.0,0.0
1662796800000,172766.45699153122,172766.45699153122,0,0.0,0.0,0.0,0.0
1662811200000,172766.45699153122,172766.45699153122,0,0.0,0.0,0.0,0.0
1662825600000,172766.45699153122,172766.45699153122,0,0.0,0.0,0.0,0.0
1662840000000,172766.45699153122,172766.45699153122,0,0.0,0.0,0.0,0.0
1662854400000,172766.45699153122,172766.45699153122,0,0.0,0.0,0.0,0.0
1662868800000,172766.45699153122,172766.45699153122,0,0.0,0.0,0.0,0.0
1662883200000,172766.45699153122,172766.45699153122,0,0.0,0.0,0.0,0.0
1662897600000,172766.45699153122,172766.45699153122,0,0.0,0.0,0.0,0.0
1662912000000,172766.45699153122,172766.45699153122,0,0.0,0.0,0.0,0.0
1662926400000,172766.45699153122,172766.45699153122,0,0.0,0.0,0.0,0.0
1662940800000,172766.45699153122,172766.45699153122,0,0.0,0.0,0.0,0.0
1662955200000,172766.45699153122,172766.45699153122,0,0.0,0.0,0.0,0.0
1662969600000,172766.45699153122,172766.45699153122,0,0.0,0.0,0.0,0.0
1662984000000,172766.45699153122,172766.45699153122,0,0.0,0.0,0.0,0.0
1662998400000,172766.45699153122,172766.45699153122,0,0.0,0.0,0.0,0.0
1663012800000,172766.45699153122,172766.45699153122,0,0.0,0.0,0.0,0.0
1663027200000,172766.45699153122,172766.45699153122,0,0.0,0.0,0.0,0.0
1663041600000,172766.45699153122,172766.45699153122,0,0.0,0.0,0.0,0.0
1663056000000,172766.45699153122,172766.45699153122,0,0.0,0.0,0.0,0.0
1663070400000,172766.45699153122,172766.45699153122,0,0.0,0.0,0.0,0.0
1663084800000,172766.45699153122,172766.45699153122,0,0.0,0.0,0.0,0.0
1663099200000,174334.7169260327,172555.11787242364,3,420898.63916152506,10354.146663429456,10354.146663429456,420898.63916152506
1663113600000,178967.937927156,172555.11787242364,3,416265.41816040175,10354.146663429456,10354.146663429456,416265.41816040175
1663128000000,173258.40903732434,172390.91761982287,3,421810.74679763266,10354.146663429456,10354.146663429456,421810.74679763266
1663142400000,174018.50863670374,172390.91761982287,3,421050.64719825325,10354.146663429456,10354.146663429456,421050.64719825325
1663156800000,173442.47842587793,172177.53757673287,3,421413.29736598907,10354.146663429456,10354.146663429456,421413.29736598907
1663171200000,172898.6524025871,172177.53757673287,3,421957.12338927994,10354.146663429456,10354.146663429456,421957.12338927994
1663185600000,173620.35846125608,171997.66245749465,3,421055.5422113727,10354.146663429456,10354.146663429456,421055.5422113727
1663200000000,169357.979068482,171997.66245749465,3,425317.9216041467,10354.146663429456,10354.146663429456,425317.9216041467
1663214400000,175949.26258192267,171662.0420300081,3,418391.01766321954,10354.146663429456,10354.146663429456,418391.01766321954
1663228800000,172195.83273800754,171524.06325278213,2,227082.24687689857,5171.908589416296,5171.908589416296,227082.24687689857
1663243200000,173381.86337384486,171523.03919959598,2,225895.1921878751,5171.908589416296,5171.908589416296,225895.1921878751
1663257600000,179194.54786212574,171523.03919959598,2,220082.50769959425,5171.908589416296,5171.908589416296,220082.50769959425
1663272000000,177078.95867835855,171510.95339284994,2,222186.01107661537,5171.908589416296,5171.908589416296,222186.01107661537
1663286400000,179186.4485165181,171510.95339284994,2,220078.52123845578,5171.908589416296,5171.908589416296,220078.52123845578
1663300800000,176453.42437965018,171496.02701599765,2,222796.61899847144,5171.908589416296,5171.908589416296,222796.61899847144
1663315200000,176321.8617716535,171496.02701599765,2,222928.18160646813,5171.908589416296,5171.908589416296,222928.18160646813
1663329600000,174267.7400330715,171497.04058994417,2,224983.31691899666,5171.908589416296,5171.908589416296,224983.31691899666
1663344000000,175452.8826002668,171497.04058994417,2,223798.17435180134,5171.908589416296,5171.908589416296,223798.17435180134
1663358400000,176111.63748855935,171505.12781872536,2,223147.50669228996,5171.908589416296,5171.908589416296,223147.50669228996
1663372800000,173711.9323208795,171505.12781872536,2,225547.21185996983,5171.908589416296,5171.908589416296,225547.21185996983
1663387200000,172650.31211117454,172650.31211117454,0,0.0,0.0,0.0,0.0
1663401600000,172650.31211117454,172650.31211117454,0,0.0,0.0,0.0,0.0
1663416000000,172650.31211117454,172650.31211117454,0,0.0,0.0,0.0,0.0
1663430400000,172650.31211117454,172650.31211117454,0,0.0,0.0,0.0,0.0
1663444800000,172650.31211117454,172650.31211117454,0,0.0,0.0,0.0,0.0
1663459200000,172650.31211117454,172650.31211117454,0,0.0,0.0,0.0,0.0
1663473600000,172650.31211117454,172650.31211117454,0,0.0,0.0,0.0,0.0
1663488000000,172650.31211117454,172650.31211117454,0,0.0,0.0,0.0,0.0
1663502400000,172650.31211117454,172650.31211117454,0,0.0,0.0,0.0,0.0
1663516800000,172650.31211117454,172650.31211117454,0,0.0,0.0,0.0,0.0
1663531200000,172650.31211117454,172650.31211117454,0,0.0,0.0,0.0,0.0
1663545600000,172650.31211117454,172650.31211117454,0,0.0,0.0,0.0,0.0
1663560000000,172954.98806382483,172597.70279114752,1,104861.35478139516,3453.006242223491,3453.006242223491,104861.35478139516
1663574400000,175447.52664179532,172507.94522784164,2,281794.1852518886,6912.106003499988,6912.106003499988,281794.1852518886
1663588800000,172475.14262990537,172456.27770556507,2,284714.901741502,6912.106003499988,6912.106003499988,284714.901741502
1663603200000,166726.93902169698,166726.93902169698,0,0.0,0.0,0.0,0.0
1663617600000,166726.93902169698,166726.93902169698,0,0.0,0.0,0.0,0.0
1663632000000,166726.93902169698,166726.93902169698,0,0.0,0.0,0.0,0.0
1663646400000,166726.93902169698,166726.93902169698,0,0.0,0.0,0.0,0.0
1663660800000,166726.93902169698,166726.93902169698,0,0.0,0.0,0.0,0.0
1663675200000,166726.93902169698,166726.93902169698,0,0.0,0.0,0.0,0.0
1663689600000,166726.93902169698,166726.93902169698,0,0.0,0.0,0.0,0.0
1663704000000,166726.93902169698,166726.93902169698,0,0.0,0.0,0.0,0.0
1663718400000,166726.93902169698,166726.93902169698,0,0.0,0.0,0.0,0.0
1663732800000,166726.93902169698,166726.93902169698,0,0.0,0.0,0.0,0.0
1663747200000,166726.93902169698,166726.93902169698,0,0.0,0.0,0.0,0.0
1663761600000,166726.93902169698,166726.93902169698,0,0.0,0.0,0.0,0.0
1663776000000,166726.93902169698,166726.93902169698,0,0.0,0.0,0.0,0.0
1663790400000,166726.93902169698,166726.93902169698,0,0.0,0.0,0.0,0.0
1663804800000,166726.93902169698,166726.93902169698,0,0.0,0.0,0.0,0.0
1663819200000,166726.93902169698,166726.93902169698,0,0.0,0.0,0.0,0.0
1663833600000,166726.93902169698,166726.93902169698,0,0.0,0.0,0.0,0.0
1663848000000,166726.93902169698,166726.93902169698,0,0.0,0.0,0.0,0.0
1663862400000,166726.93902169698,166726.93902169698,0,0.0,0.0,0.0,0.0
1663876800000,166726.93902169698,166726.93902169698,0,0.0,0.0,0.0,0.0
1663891200000,166726.93902169698,166726.93902169698,0,0.0,0.0,0.0,0.0
1663905600000,166726.93902169698,166726.93902169698,0,0.0,0.0,0.0,0.0
1663920000000,166726.93902169698,166726.93902169698,0,0.0,0.0,0.0,0.0
1663934400000,166726.93902169698,166726.93902169698,0,0.0,0.0,0.0,0.0
1663948800000,166726.93902169698,166726.93902169698,0,0.0,0.0,0.0,0.0
1663963200000,166726.93902169698,166726.93902169698,0,0.0,0.0,0.0,0.0
1663977600000,166726.93902169698,166726.93902169698,0,0.0,0.0,0.0,0.0
1663992000000,166726.93902169698,166726.93902169698,0,0.0,0.0,0.0,0.0
1664006400000,166726.93902169698,166726.93902169698,0,0.0,0.0,0.0,0.0
1664020800000,166726.93902169698,166726.93902169698,0,0.0,0.0,0.0,0.0
1664035200000,166726.93902169698,166726.93902169698,0,0.0,0.0,0.0,0.0
1664049600000,166726.93902169698,166726.93902169698,0,0.0,0.0,0.0,0.0
1664064000000,166726.93902169698,166726.93902169698,0,0.0,0.0,0.0,0.0
1664078400000,166726.93902169698,166726.93902169698,0,0.0,0.0,0.0,0.0
1664092800000,166726.93902169698,166726.93902169698,0,0.0,0.0,0.0,0.0
1664107200000,166726.93902169698,166726.93902169698,0,0.0,0.0,0.0,0.0
1664121600000,166726.93902169698,166726.93902169698,0,0.0,0.0,0.0,0.0
1664136000000,166726.93902169698,166726.93902169698,0,0.0,0.0,0.0,0.0
1664150400000,166726.93902169698,166726.93902169698,0,0.0,0.0,0.0,0.0
1664164800000,166726.93902169698,166726.93902169698,0,0.0,0.0,0.0,0.0
1664179200000,166726.93902169698,166726.93902169698,0,0.0,0.0,0.0,0.0
1664193600000,166726.93902169698,166726.93902169698,0,0.0,0.0,0.0,0.0
1664208000000,166726.93902169698,166726.93902169698,0,0.0,0.0,0.0,0.0
1664222400000,166726.93902169698,166726.93902169698,0,0.0,0.0,0.0,0.0
1664236800000,166726.93902169698,166726.93902169698,0,0.0,0.0,0.0,0.0
1664251200000,166726.93902169698,166726.93902169698,0,0.0,0.0,0.0,0.0
1664265600000,166726.93902169698,166726.93902169698,0,0.0,0.0,0.0,0.0
1664280000000,166726.93902169698,166726.93902169698,0,0.0,0.0,0.0,0.0
1664294400000,166726.93902169698,166726.93902169698,0,0.0,0.0,0.0,0.0
1664308800000,166726.93902169698,166726.93902169698,0,0.0,0.0,0.0,0.0
1664323200000,166726.93902169698,166726.93902169698,0,0.0,0.0,0.0,0.0
1664337600000,166726.93902169698,166726.93902169698,0,0.0,0.0,0.0,0.0
1664352000000,166726.93902169698,166726.93902169698,0,0.0,0.0,0.0,0.0
1664366400000,166726.93902169698,166726.93902169698,0,0.0,0.0,0.0,0.0
1664380800000,166726.93902169698,166726.93902169698,0,0.0,0.0,0.0,0.0
1664395200000,166726.93902169698,166726.93902169698,0,0.0,0.0,0.0,0.0
1664409600000,166726.93902169698,166726.93902169698,0,0.0,0.0,0.0,0.0
1664424000000,166726.93902169698,166726.93902169698,0,0.0,0.0,0.0,0.0
1664438400000,166726.93902169698,166726.93902169698,0,0.0,0.0,0.0,0.0
1664452800000,166726.93902169698,166726.93902169698,0,0.0,0.0,0.0,0.0
1664467200000,166726.93902169698,166726.93902169698,0,0.0,0.0,0.0,0.0
1664481600000,166726.93902169698,166726.93902169698,0,0.0,0.0,0.0,0.0
1664496000000,166726.93902169698,166726.93902169698,0,0.0,0.0,0.0,0.0
1664510400000,166726.93902169698,166726.93902169698,0,0.0,0.0,0.0,0.0
1664524800000,166726.93902169698,166726.93902169698,0,0.0,0.0,0.0,0.0
1664539200000,166726.93902169698,166726.93902169698,0,0.0,0.0,0.0,0.0
1664553600000,166726.93902169698,166726.93902169698,0,0.0,0.0,0.0,0.0
1664568000000,166726.93902169698,166726.93902169698,0,0.0,0.0,0.0,0.0
1664582400000,166726.93902169698,166726.93902169698,0,0.0,0.0,0.0,0.0
1664596800000,166726.93902169698,166726.93902169698,0,0.0,0.0,0.0,0.0
1664611200000,166726.93902169698,166726.93902169698,0,0.0,0.0,0.0,0.0
1664625600000,166726.93902169698,166726.93902169698,0,0.0,0.0,0.0,0.0
1664640000000,166726.93902169698,166726.93902169698,0,0.0,0.0,0.0,0.0
1664654400000,166726.93902169698,166726.93902169698,0,0.0,0.0,0.0,0.0
1664668800000,166726.93902169698,166726.93902169698,0,0.0,0.0,0.0,0.0
1664683200000,166726.93902169698,166726.93902169698,0,0.0,0.0,0.0,0.0
1664697600000,166726.93902169698,166726.93902169698,0,0.0,0.0,0.0,0.0
1664712000000,166726.93902169698,166726.93902169698,0,0.0,0.0,0.0,0.0
1664726400000,166755.84828850266,166442.9812746793,3,567602.6270215032,9987.575175495745,9987.575175495745,567602.6270215032
1664740800000,162055.01992586968,166417.5008701245,3,572277.9749795813,9987.575175495745,9987.575175495745,572277.9749795813
1664755200000,173871.00139020363,166417.5008701245,3,560461.9935152475,9987.575175495745,9987.575175495745,560461.9935152475
1664769600000,168155.27682076342,166398.7988420762,4,590515.2340143551,10428.947764936993,10428.947764936993,590515.2340143551
1664784000000,167435.58542858457,166398.7988420762,4,591234.925406534,10428.947764936993,10428.947764936993,591234.925406534
1664798400000,164919.745267164,166440.40064925724,4,593792.3673751355,10428.947764936993,10428.947764936993,593792.3673751355
1664812800000,160796.81495213465,161089.15290826367,1,212119.4931006513,3332.157474832896,3332.157474832896,212119.4931006513
1664827200000,159565.84575989182,161108.0039676155,1,213369.313352246,3332.157474832896,3332.157474832896,213369.313352246
1664841600000,158573.77294214486,158573.77294214486,0,0.0,0.0,0.0,0.0
1664856000000,158573.77294214486,158573.77294214486,0,0.0,0.0,0.0,0.0
1664870400000,158573.77294214486,158573.77294214486,0,0.0,0.0,0.0,0.0
1664884800000,158573.77294214486,158573.77294214486,0,0.0,0.0,0.0,0.0
1664899200000,158573.77294214486,158573.77294214486,0,0.0,0.0,0.0,0.0
1664913600000,158573.77294214486,158573.77294214486,0,0.0,0.0,0.0,0.0
1664928000000,158573.77294214486,158573.77294214486,0,0.0,0.0,0.0,0.0
1664942400000,158428.22645603897,158517.2223343825,1,113012.21964634955,3171.4754588428973,0.0,0.0
1664956800000,158627.36693118673,158517.2223343825,1,113211.36012149732,3171.4754588428973,0.0,0.0
1664971200000,156630.52803442336,158511.78818909667,1,111219.95537001979,3171.4754588428973,0.0,0.0
1664985600000,157128.37922229274,158511.78818909667,1,111717.80655788915,3171.4754588428973,0.0,0.0
1665000000000,157750.18247854649,158502.97994071586,1,112348.41806252372,3171.4754588428973,0.0,0.0
1665014400000,158314.41382479845,158502.97994071586,1,112912.6494087757,3171.4754588428973,0.0,0.0
1665028800000,159274.25122068144,158500.30504005137,1,113875.16170532316,3171.4754588428973,0.0,0.0
1665043200000,158344.92900332526,158500.30504005137,1,112945.83948796698,3171.4754588428973,0.0,0.0
1665057600000,158599.15366244162,158489.0090656374,1,113211.36012149732,3171.4754588428973,0.0,0.0
1665072000000,157636.64136589415,158489.0090656374,1,112248.84782494984,3171.4754588428973,0.0,0.0
1665086400000,157005.31817583815,158488.29738021595,1,111618.2363203153,3171.4754588428973,0.0,0.0
1665100800000,156927.1965722376,156927.1965722376,0,0.0,0.0,0.0,0.0
1665115200000,156927.1965722376,156927.1965722376,0,0.0,0.0,0.0,0.0
1665129600000,156927.1965722376,156927.1965722376,0,0.0,0.0,0.0,0.0
1665144000000,156927.1965722376,156927.1965722376,0,0.0,0.0,0.0,0.0
1665158400000,156927.1965722376,156927.1965722376,0,0.0,0.0,0.0,0.0
1665172800000,156687.84759768823,156600.90472138138,3,652496.7588361002,9397.05844799713,9397.05844799713,652496.7588361002
1665187200000,155542.57482422178,156600.90472138138,3,653642.0316095666,9397.05844799713,9397.05844799713,653642.0316095666
1665201600000,153213.6502028555,156550.97702211887,3,655921.0285316705,9397.05844799713,9397.05844799713,655921.0285316705
1665216000000,151680.097578732,153273.01764316432,2,453348.34346362506,6261.893875406939,6261.893875406939,453348.34346362506
1665230400000,152284.04608986044,153318.357893961,2,452789.7352032934,6261.893875406939,6261.893875406939,452789.7352032934
1665244800000,153214.6628601395,153318.357893961,2,451859.11843301426,6261.893875406939,6261.893875406939,451859.11843301426
1665259200000,154655.85381052684,153349.08807477547,2,450448.6576634414,6261.893875406939,6261.893875406939,450448.6576634414
1665273600000,155759.74445588043,153349.08807477547,2,449344.7670180878,6261.893875406939,6261.893875406939,449344.7670180878
1665288000000,157075.14793917624,153321.88865191504,2,448002.1641119316,6261.893875406939,6261.893875406939,448002.1641119316
1665302400000,155018.82772830085,153321.88865191504,2,450058.484322807,6261.893875406939,6261.893875406939,450058.484322807
1665316800000,153222.00492597994,153366.9060725982,2,451900.32454581105,6261.893875406939,6261.893875406939,451900.32454581105
1665331200000,152370.15241673883,153366.9060725982,2,452752.17705505213,6261.893875406939,6261.893875406939,452752.17705505213
1665345600000,152810.49947498084,151833.6565433665,1,240392.13712200907,3138.543931444752,3138.543931444752,240392.13712200907
1665360000000,152411.83921441363,151833.6565433665,1,240790.79738257627,3138.543931444752,3138.543931444752,240790.79738257627
1665374400000,150447.86616921192,150447.86616921192,0,0.0,0.0,0.0,0.0
1665388800000,150447.86616921192,150447.86616921192,0,0.0,0.0,0.0,0.0
1665403200000,150447.86616921192,150447.86616921192,0,0.0,0.0,0.0,0.0
1665417600000,150447.86616921192,150447.86616921192,0,0.0,0.0,0.0,0.0
1665432000000,151462.57230337654,150308.13304620664,1,278311.80675338226,3008.9573233842384,3008.9573233842384,278311.80675338226
1665446400000,158236.5162630613,153221.369781197,1,134717.97652341178,1504.4786616921192,1504.4786616921192,134717.97652341178
1665460800000,165312.25319602728,156185.52448406996,2,242750.76797032138,3087.0544690544375,3087.0544690544375,242750.76797032138
1665475200000,161107.9071352468,163601.75337643368,2,467738.5002919927,6606.302150499683,6606.302150499683,467738.5002919927
1665489600000,157939.67750394586,163516.2636594846,3,658504.5010717125,9667.090226074251,9667.090226074251,658504.5010717125
1665504000000,153385.29067031032,153385.29067031032,0,0.0,0.0,0.0,0.0
1665518400000,153385.29067031032,153385.29067031032,0,0.0,0.0,0.0,0.0
1665532800000,153385.29067031032,153385.29067031032,0,0.0,0.0,0.0,0.0
1665547200000,153385.29067031032,153385.29067031032,0,0.0,0.0,0.0,0.0
1665561600000,153385.29067031032,153385.29067031032,0,0.0,0.0,0.0,0.0
1665576000000,153385.29067031032,153385.29067031032,0,0.0,0.0,0.0,0.0
1665590400000,153385.29067031032,153385.29067031032,0,0.0,0.0,0.0,0.0
1665604800000,153385.29067031032,153385.29067031032,0,0.0,0.0,0.0,0.0
1665619200000,153385.29067031032,153385.29067031032,0,0.0,0.0,0.0,0.0
1665633600000,153385.29067031032,153385.29067031032,0,0.0,0.0,0.0,0.0
1665648000000,153385.29067031032,153385.29067031032,0,0.0,0.0,0.0,0.0
1665662400000,153385.29067031032,153385.29067031032,0,0.0,0.0,0.0,0.0
1665676800000,153385.29067031032,153385.29067031032,0,0.0,0.0,0.0,0.0
1665691200000,153385.29067031032,153385.29067031032,0,0.0,0.0,0.0,0.0
1665705600000,153385.29067031032,153385.29067031032,0,0.0,0.0,0.0,0.0
1665720000000,153385.29067031032,153385.29067031032,0,0.0,0.0,0.0,0.0
1665734400000,153385.29067031032,153385.29067031032,0,0.0,0.0,0.0,0.0
1665748800000,153385.29067031032,153385.29067031032,0,0.0,0.0,0.0,0.0
1665763200000,153385.29067031032,153385.29067031032,0,0.0,0.0,0.0,0.0
1665777600000,153385.29067031032,153385.29067031032,0,0.0,0.0,0.0,0.0
1665792000000,153385.29067031032,153385.29067031032,0,0.0,0.0,0.0,0.0
1665806400000,153385.29067031032,153385.29067031032,0,0.0,0.0,0.0,0.0
1665820800000,153385.29067031032,153385.29067031032,0,0.0,0.0,0.0,0.0
1665835200000,153385.29067031032,153385.29067031032,0,0.0,0.0,0.0,0.0
1665849600000,153385.29067031032,153385.29067031032,0,0.0,0.0,0.0,0.0
1665864000000,153385.29067031032,153385.29067031032,0,0.0,0.0,0.0,0.0
1665878400000,153385.29067031032,153385.29067031032,0,0.0,0.0,0.0,0.0
1665892800000,153385.29067031032,153385.29067031032,0,0.0,0.0,0.0,0.0
1665907200000,153385.29067031032,153385.29067031032,0,0.0,0.0,0.0,0.0
1665921600000,153385.29067031032,153385.29067031032,0,0.0,0.0,0.0,0.0
1665936000000,153385.29067031032,153385.29067031032,0,0.0,0.0,0.0,0.0
1665950400000,153385.29067031032,153385.29067031032,0,0.0,0.0,0.0,0.0
1665964800000,153385.29067031032,153385.29067031032,0,0.0,0.0,0.0,0.0
1665979200000,153385.29067031032,153385.29067031032,0,0.0,0.0,0.0,0.0
1665993600000,153385.29067031032,153385.29067031032,0,0.0,0.0,0.0,0.0
1666008000000,153385.29067031032,153385.29067031032,0,0.0,0.0,0.0,0.0
1666022400000,153385.29067031032,153385.29067031032,0,0.0,0.0,0.0,0.0
1666036800000,153385.29067031032,153385.29067031032,0,0.0,0.0,0.0,0.0
1666051200000,153385.29067031032,153385.29067031032,0,0.0,0.0,0.0,0.0
1666065600000,153385.29067031032,153385.29067031032,0,0.0,0.0,0.0,0.0
1666080000000,153385.29067031032,153385.29067031032,0,0.0,0.0,0.0,0.0
1666094400000,153385.29067031032,153385.29067031032,0,0.0,0.0,0.0,0.0
1666108800000,153385.29067031032,153385.29067031032,0,0.0,0.0,0.0,0.0
1666123200000,153385.29067031032,153385.29067031032,0,0.0,0.0,0.0,0.0
1666137600000,153385.29067031032,153385.29067031032,0,0.0,0.0,0.0,0.0
1666152000000,153385.29067031032,153385.29067031032,0,0.0,0.0,0.0,0.0
1666166400000,153385.29067031032,153385.29067031032,0,0.0,0.0,0.0,0.0
1666180800000,153385.29067031032,153385.29067031032,0,0.0,0.0,0.0,0.0
1666195200000,153385.29067031032,153385.29067031032,0,0.0,0.0,0.0,0.0
1666209600000,153385.29067031032,153385.29067031032,0,0.0,0.0,0.0,0.0
1666224000000,153385.29067031032,153385.29067031032,0,0.0,0.0,0.0,0.0
1666238400000,152713.0035315598,153287.60549621578,1,195944.9501537621,3067.705813406206,3067.705813406206,195944.9501537621
1666252800000,150080.97320120243,150080.97320120243,0,0.0,0.0,0.0,0.0
1666267200000,150080.97320120243,150080.97320120243,0,0.0,0.0,0.0,0.0
1666281600000,150080.97320120243,150080.97320120243,0,0.0,0.0,0.0,0.0
1666296000000,150080.97320120243,150080.97320120243,0,0.0,0.0,0.0,0.0
1666310400000,150003.38295956864,149928.06878119532,1,305733.52583582216,3001.6194640240487,3001.6194640240487,305733.52583582216
1666324800000,150638.27286453647,149926.01384067186,1,305096.5809903309,3001.6194640240487,3001.6194640240487,305096.5809903309
1666339200000,152196.51293297054,149926.01384067186,1,303538.3409218968,3001.6194640240487,3001.6194640240487,303538.3409218968
1666353600000,152875.90748932064,149900.21946094232,1,302833.1519858171,3001.6194640240487,3001.6194640240487,302833.1519858171
1666368000000,149362.61023364012,149362.61023364012,0,0.0,0.0,0.0,0.0
1666382400000,149362.61023364012,149362.61023364012,0,0.0,0.0,0.0,0.0
1666396800000,149362.61023364012,149362.61023364012,0,0.0,0.0,0.0,0.0
1666411200000,149362.61023364012,149362.61023364012,0,0.0,0.0,0.0,0.0
1666425600000,149362.61023364012,149362.61023364012,0,0.0,0.0,0.0,0.0
1666440000000,149362.61023364012,149362.61023364012,0,0.0,0.0,0.0,0.0
1666454400000,149362.61023364012,149362.61023364012,0,0.0,0.0,0.0,0.0
1666468800000,149362.61023364012,149362.61023364012,0,0.0,0.0,0.0,0.0
1666483200000,149362.61023364012,149362.61023364012,0,0.0,0.0,0.0,0.0
1666497600000,149362.61023364012,149362.61023364012,0,0.0,0.0,0.0,0.0
1666512000000,149362.61023364012,149362.61023364012,0,0.0,0.0,0.0,0.0
1666526400000,149362.61023364012,149362.61023364012,0,0.0,0.0,0.0,0.0
1666540800000,149362.61023364012,149362.61023364012,0,0.0,0.0,0.0,0.0
1666555200000,149362.61023364012,149362.61023364012,0,0.0,0.0,0.0,0.0
1666569600000,149362.61023364012,149362.61023364012,0,0.0,0.0,0.0,0.0
1666584000000,149362.61023364012,149362.61023364012,0,0.0,0.0,0.0,0.0
1666598400000,149362.61023364012,149362.61023364012,0,0.0,0.0,0.0,0.0
1666612800000,149362.61023364012,149362.61023364012,0,0.0,0.0,0.0,0.0
1666627200000,149362.61023364012,149362.61023364012,0,0.0,0.0,0.0,0.0
1666641600000,149362.61023364012,149362.61023364012,0,0.0,0.0,0.0,0.0
1666656000000,149362.61023364012,149362.61023364012,0,0.0,0.0,0.0,0.0
1666670400000,149362.61023364012,149362.61023364012,0,0.0,0.0,0.0,0.0
1666684800000,149362.61023364012,149362.61023364012,0,0.0,0.0,0.0,0.0
1666699200000,149362.61023364012,149362.61023364012,0,0.0,0.0,0.0,0.0
1666713600000,149362.61023364012,149362.61023364012,0,0.0,0.0,0.0,0.0
1666728000000,149362.61023364012,149362.61023364012,0,0.0,0.0,0.0,0.0
1666742400000,149362.61023364012,149362.61023364012,0,0.0,0.0,0.0,0.0
1666756800000,149362.61023364012,149362.61023364012,0,0.0,0.0,0.0,0.0
1666771200000,150053.45595774395,149276.2122266914,1,173573.25762850532,2987.252204672803,0.0,0.0
1666785600000,152281.82263776456,149266.37788327827,1,175811.45865193903,2987.252204672803,0.0,0.0
1666800000000,154328.81197956242,149266.37788327827,1,177858.44799373692,2987.252204672803,0.0,0.0
1666814400000,153623.9275158676,149255.48938909208,1,177164.4520242283,2987.252204672803,0.0,0.0
1666828800000,153657.21883543814,149255.48938909208,1,177197.7433437988,2987.252204672803,0.0,0.0
1666843200000,153537.68849628663,149255.466350963,1,177078.2360427764,2987.252204672803,0.0,0.0
1666857600000,153190.26369974297,149255.466350963,1,176730.8112462327,2987.252204672803,0.0,0.0
1666872000000,152421.756754255,149259.48874422695,1,175958.28190748082,2987.252204672803,0.0,0.0
1666886400000,151917.26521922476,149259.48874422695,1,175453.79037245057,2987.252204672803,0.0,0.0
1666900800000,152478.24246827824,149257.0744313177,1,176017.1819344133,2987.252204672803,0.0,0.0
1666915200000,149622.87159742173,149257.0744313177,1,173161.8110635568,2987.252204672803,0.0,0.0
1666929600000,149614.7545519993,149259.20086884007,1,173151.567580612,2987.252204672803,0.0,0.0
1666944000000,147784.58559919923,149259.20086884007,1,171321.3986278119,2987.252204672803,0.0,0.0
1666958400000,147658.611291801,147658.611291801,0,0.0,0.0,0.0,0.0
1666972800000,147658.611291801,147658.611291801,0,0.0,0.0,0.0,0.0
1666987200000,147658.611291801,147658.611291801,0,0.0,0.0,0.0,0.0
1667001600000,147658.611291801,147658.611291801,0,0.0,0.0,0.0,0.0
1667016000000,147658.611291801,147658.611291801,0,0.0,0.0,0.0,0.0
1667030400000,147658.611291801,147658.611291801,0,0.0,0.0,0.0,0.0
1667044800000,147658.611291801,147658.611291801,0,0.0,0.0,0.0,0.0
1667059200000,147658.611291801,147658.611291801,0,0.0,0.0,0.0,0.0
1667073600000,147658.611291801,147658.611291801,0,0.0,0.0,0.0,0.0
1667088000000,147658.611291801,147658.611291801,0,0.0,0.0,0.0,0.0
1667102400000,147658.611291801,147658.611291801,0,0.0,0.0,0.0,0.0
1667116800000,147658.611291801,147658.611291801,0,0.0,0.0,0.0,0.0
1667131200000,147658.611291801,147658.611291801,0,0.0,0.0,0.0,0.0
1667145600000,147658.611291801,147658.611291801,0,0.0,0.0,0.0,0.0
1667160000000,147658.611291801,147658.611291801,0,0.0,0.0,0.0,0.0
1667174400000,147658.611291801,147658.611291801,0,0.0,0.0,0.0,0.0
1667188800000,147658.611291801,147658.611291801,0,0.0,0.0,0.0,0.0
1667203200000,147658.611291801,147658.611291801,0,0.0,0.0,0.0,0.0
1667217600000,147658.611291801,147658.611291801,0,0.0,0.0,0.0,0.0
1667232000000,147658.611291801,147658.611291801,0,0.0,0.0,0.0,0.0
1667246400000,147658.611291801,147658.611291801,0,0.0,0.0,0.0,0.0
1667260800000,147658.611291801,147658.611291801,0,0.0,0.0,0.0,0.0
1667275200000,147658.611291801,147658.611291801,0,0.0,0.0,0.0,0.0
1667289600000,147658.611291801,147658.611291801,0,0.0,0.0,0.0,0.0
1667304000000,147658.611291801,147658.611291801,0,0.0,0.0,0.0,0.0
1667318400000,147658.611291801,147658.611291801,0,0.0,0.0,0.0,0.0
1667332800000,147658.611291801,147658.611291801,0,0.0,0.0,0.0,0.0
1667347200000,147658.611291801,147658.611291801,0,0.0,0.0,0.0,0.0
1667361600000,147658.611291801,147658.611291801,0,0.0,0.0,0.0,0.0
1667376000000,147658.611291801,147658.611291801,0,0.0,0.0,0.0,0.0
1667390400000,147658.611291801,147658.611291801,0,0.0,0.0,0.0,0.0
1667404800000,147658.611291801,147658.611291801,0,0.0,0.0,0.0,0.0
1667419200000,147658.611291801,147658.611291801,0,0.0,0.0,0.0,0.0
1667433600000,147658.611291801,147658.611291801,0,0.0,0.0,0.0,0.0
1667448000000,147658.611291801,147658.611291801,0,0.0,0.0,0.0,0.0
1667462400000,147658.611291801,147658.611291801,0,0.0,0.0,0.0,0.0
1667476800000,147658.611291801,147658.611291801,0,0.0,0.0,0.0,0.0
1667491200000,147658.611291801,147658.611291801,0,0.0,0.0,0.0,0.0
1667505600000,147658.611291801,147658.611291801,0,0.0,0.0,0.0,0.0
1667520000000,147658.611291801,147658.611291801,0,0.0,0.0,0.0,0.0
1667534400000,147658.611291801,147658.611291801,0,0.0,0.0,0.0,0.0
1667548800000,147658.611291801,147658.611291801,0,0.0,0.0,0.0,0.0
1667563200000,147658.611291801,147658.611291801,0,0.0,0.0,0.0,0.0
1667577600000,147658.611291801,147658.611291801,0,0.0,0.0,0.0,0.0
1667592000000,147658.611291801,147658.611291801,0,0.0,0.0,0.0,0.0
1667606400000,147658.611291801,147658.611291801,0,0.0,0.0,0.0,0.0
1667620800000,147658.611291801,147658.611291801,0,0.0,0.0,0.0,0.0
1667635200000,147658.611291801,147658.611291801,0,0.0,0.0,0.0,0.0
1667649600000,147658.611291801,147658.611291801,0,0.0,0.0,0.0,0.0
1667664000000,147658.611291801,147658.611291801,0,0.0,0.0,0.0,0.0
1667678400000,147658.611291801,147658.611291801,0,0.0,0.0,0.0,0.0
1667692800000,147658.611291801,147658.611291801,0,0.0,0.0,0.0,0.0
1667707200000,147658.611291801,147658.611291801,0,0.0,0.0,0.0,0.0
1667721600000,147658.611291801,147658.611291801,0,0.0,0.0,0.0,0.0
1667736000000,147658.611291801,147658.611291801,0,0.0,0.0,0.0,0.0
1667750400000,147658.611291801,147658.611291801,0,0.0,0.0,0.0,0.0
1667764800000,147658.611291801,147658.611291801,0,0.0,0.0,0.0,0.0
1667779200000,147658.611291801,147658.611291801,0,0.0,0.0,0.0,0.0
1667793600000,147658.611291801,147658.611291801,0,0.0,0.0,0.0,0.0
1667808000000,147658.611291801,147658.611291801,0,0.0,0.0,0.0,0.0
1667822400000,147658.611291801,147658.611291801,0,0.0,0.0,0.0,0.0
1667836800000,147658.611291801,147658.611291801,0,0.0,0.0,0.0,0.0
1667851200000,147658.611291801,147658.611291801,0,0.0,0.0,0.0,0.0
1667865600000,147658.611291801,147658.611291801,0,0.0,0.0,0.0,0.0
1667880000000,147658.611291801,147658.611291801,0,0.0,0.0,0.0,0.0
1667894400000,147658.611291801,147658.611291801,0,0.0,0.0,0.0,0.0
1667908800000,147658.611291801,147658.611291801,0,0.0,0.0,0.0,0.0
1667923200000,147658.611291801,147658.611291801,0,0.0,0.0,0.0,0.0
1667937600000,147658.611291801,147658.611291801,0,0.0,0.0,0.0,0.0
1667952000000,147658.611291801,147658.611291801,0,0.0,0.0,0.0,0.0
1667966400000,147658.611291801,147658.611291801,0,0.0,0.0,0.0,0.0
1667980800000,147658.611291801,147658.611291801,0,0.0,0.0,0.0,0.0
1667995200000,147658.611291801,147658.611291801,0,0.0,0.0,0.0,0.0
1668009600000,147658.611291801,147658.611291801,0,0.0,0.0,0.0,0.0
1668024000000,147658.611291801,147658.611291801,0,0.0,0.0,0.0,0.0
1668038400000,147658.611291801,147658.611291801,0,0.0,0.0,0.0,0.0
1668052800000,147658.611291801,147658.611291801,0,0.0,0.0,0.0,0.0
1668067200000,147658.611291801,147658.611291801,0,0.0,0.0,0.0,0.0
1668081600000,147658.611291801,147658.611291801,0,0.0,0.0,0.0,0.0
1668096000000,147658.611291801,147658.611291801,0,0.0,0.0,0.0,0.0
1668110400000,147658.611291801,147658.611291801,0,0.0,0.0,0.0,0.0
1668124800000,147658.611291801,147658.611291801,0,0.0,0.0,0.0,0.0
1668139200000,147658.611291801,147658.611291801,0,0.0,0.0,0.0,0.0
1668153600000,147658.611291801,147658.611291801,0,0.0,0.0,0.0,0.0
1668168000000,147658.611291801,147658.611291801,0,0.0,0.0,0.0,0.0
1668182400000,147658.611291801,147658.611291801,0,0.0,0.0,0.0,0.0
1668196800000,147658.611291801,147658.611291801,0,0.0,0.0,0.0,0.0
1668211200000,147658.611291801,147658.611291801,0,0.0,0.0,0.0,0.0
1668225600000,147658.611291801,147658.611291801,0,0.0,0.0,0.0,0.0
1668240000000,147658.611291801,147658.611291801,0,0.0,0.0,0.0,0.0
1668254400000,147658.611291801,147658.611291801,0,0.0,0.0,0.0,0.0
1668268800000,147658.611291801,147658.611291801,0,0.0,0.0,0.0,0.0
1668283200000,147658.611291801,147658.611291801,0,0.0,0.0,0.0,0.0
1668297600000,147658.611291801,147658.611291801,0,0.0,0.0,0.0,0.0
1668312000000,147658.611291801,147658.611291801,0,0.0,0.0,0.0,0.0
1668326400000,147658.611291801,147658.611291801,0,0.0,0.0,0.0,0.0
1668340800000,147658.611291801,147658.611291801,0,0.0,0.0,0.0,0.0
1668355200000,147658.611291801,147658.611291801,0,0.0,0.0,0.0,0.0
1668369600000,147658.611291801,147658.611291801,0,0.0,0.0,0.0,0.0
1668384000000,147658.611291801,147658.611291801,0,0.0,0.0,0.0,0.0
1668398400000,147658.611291801,147658.611291801,0,0.0,0.0,0.0,0.0
1668412800000,147658.611291801,147658.611291801,0,0.0,0.0,0.0,0.0
1668427200000,147658.611291801,147658.611291801,0,0.0,0.0,0.0,0.0
1668441600000,147658.611291801,147658.611291801,0,0.0,0.0,0.0,0.0
1668456000000,147658.611291801,147658.611291801,0,0.0,0.0,0.0,0.0
1668470400000,147658.611291801,147658.611291801,0,0.0,0.0,0.0,0.0
1668484800000,147658.611291801,147658.611291801,0,0.0,0.0,0.0,0.0
1668499200000,147658.611291801,147658.611291801,0,0.0,0.0,0.0,0.0
1668513600000,147658.611291801,147658.611291801,0,0.0,0.0,0.0,0.0
1668528000000,147658.611291801,147658.611291801,0,0.0,0.0,0.0,0.0
1668542400000,147658.611291801,147658.611291801,0,0.0,0.0,0.0,0.0
1668556800000,147658.611291801,147658.611291801,0,0.0,0.0,0.0,0.0
1668571200000,147658.611291801,147658.611291801,0,0.0,0.0,0.0,0.0
1668585600000,147658.611291801,147658.611291801,0,0.0,0.0,0.0,0.0
1668600000000,147658.611291801,147658.611291801,0,0.0,0.0,0.0,0.0
1668614400000,147658.611291801,147658.611291801,0,0.0,0.0,0.0,0.0
1668628800000,147658.611291801,147658.611291801,0,0.0,0.0,0.0,0.0
1668643200000,147658.611291801,147658.611291801,0,0.0,0.0,0.0,0.0
1668657600000,147658.611291801,147658.611291801,0,0.0,0.0,0.0,0.0
1668672000000,147658.611291801,147658.611291801,0,0.0,0.0,0.0,0.0
1668686400000,147658.611291801,147658.611291801,0,0.0,0.0,0.0,0.0
1668700800000,147658.611291801,147658.611291801,0,0.0,0.0,0.0,0.0
1668715200000,147658.611291801,147658.611291801,0,0.0,0.0,0.0,0.0
1668729600000,147658.611291801,147658.611291801,0,0.0,0.0,0.0,0.0
1668744000000,147658.611291801,147658.611291801,0,0.0,0.0,0.0,0.0
1668758400000,147658.611291801,147658.611291801,0,0.0,0.0,0.0,0.0
1668772800000,147658.611291801,147658.611291801,0,0.0,0.0,0.0,0.0
1668787200000,147658.611291801,147658.611291801,0,0.0,0.0,0.0,0.0
1668801600000,147658.611291801,147658.611291801,0,0.0,0.0,0.0,0.0
1668816000000,147658.611291801,147658.611291801,0,0.0,0.0,0.0,0.0
1668830400000,147658.611291801,147658.611291801,0,0.0,0.0,0.0,0.0
1668844800000,147658.611291801,147658.611291801,0,0.0,0.0,0.0,0.0
1668859200000,147658.611291801,147658.611291801,0,0.0,0.0,0.0,0.0
1668873600000,147658.611291801,147658.611291801,0,0.0,0.0,0.0,0.0
1668888000000,147658.611291801,147658.611291801,0,0.0,0.0,0.0,0.0
1668902400000,147658.611291801,147658.611291801,0,0.0,0.0,0.0,0.0
1668916800000,147658.611291801,147658.611291801,0,0.0,0.0,0.0,0.0
1668931200000,147658.611291801,147658.611291801,0,0.0,0.0,0.0,0.0
1668945600000,147658.611291801,147658.611291801,0,0.0,0.0,0.0,0.0
1668960000000,145294.14255876673,147529.6705123897,2,260117.08677618328,5904.330383179971,5904.330383179971,260117.08677618328
1668974400000,143782.24883666565,144395.59420926162,2,263461.9815898875,5764.2534840062535,5764.2534840062535,263461.9815898875
1668988800000,151538.6445521407,144395.59420926162,2,255705.5858744125,5764.2534840062535,5764.2534840062535,255705.5858744125
1669003200000,158657.4633395733,149942.67917360712,3,362671.8869060675,5912.715378407234,5912.715378407234,362671.8869060675
1669017600000,159077.39946833387,149864.73784073378,5,518056.6751910914,9512.947989658493,9512.947989658493,518056.6751910914
1669032000000,158292.51073230096,149865.98394763292,5,518842.8100340234,9512.947989658493,9512.947989658493,518842.8100340234
1669046400000,154938.8743428697,149865.98394763292,5,522196.44642345473,9512.947989658493,9512.947989658493,522196.44642345473
1669060800000,169797.87861115317,153255.4708753492,5,379291.77221126994,7783.9595735758485,7783.9595735758485,379291.77221126994
1669075200000,163598.4801541349,154259.1898286143,4,329481.01685300836,6308.380494903872,6308.380494903872,329481.01685300836
1669089600000,162812.42690554025,154242.98440240428,4,330250.864675393,6308.380494903872,6308.380494903872,330250.864675393
1669104000000,165851.92121545665,154242.98440240428,4,327211.3703654766,6308.380494903872,6308.380494903872,327211.3703654766
1669118400000,167471.49639961804,154248.75286044888,4,325597.5636393598,6308.380494903872,6308.380494903872,325597.5636393598
1669132800000,158065.85398258307,158065.85398258307,0,0.0,0.0,0.0,0.0
1669147200000,158065.85398258307,158065.85398258307,0,0.0,0.0,0.0,0.0
1669161600000,158065.85398258307,158065.85398258307,0,0.0,0.0,0.0,0.0
1669176000000,158065.85398258307,158065.85398258307,0,0.0,0.0,0.0,0.0
1669190400000,158065.85398258307,158065.85398258307,0,0.0,0.0,0.0,0.0
1669204800000,158065.85398258307,158065.85398258307,0,0.0,0.0,0.0,0.0
1669219200000,158065.85398258307,158065.85398258307,0,0.0,0.0,0.0,0.0
1669233600000,158065.85398258307,158065.85398258307,0,0.0,0.0,0.0,0.0
1669248000000,158065.85398258307,158065.85398258307,0,0.0,0.0,0.0,0.0
1669262400000,158065.85398258307,158065.85398258307,0,0.0,0.0,0.0,0.0
1669276800000,158065.85398258307,158065.85398258307,0,0.0,0.0,0.0,0.0
1669291200000,158065.85398258307,158065.85398258307,0,0.0,0.0,0.0,0.0
1669305600000,158065.85398258307,158065.85398258307,0,0.0,0.0,0.0,0.0
1669320000000,158065.85398258307,158065.85398258307,0,0.0,0.0,0.0,0.0
1669334400000,158065.85398258307,158065.85398258307,0,0.0,0.0,0.0,0.0
1669348800000,158065.85398258307,158065.85398258307,0,0.0,0.0,0.0,0.0
1669363200000,158065.85398258307,158065.85398258307,0,0.0,0.0,0.0,0.0
1669377600000,158065.85398258307,158065.85398258307,0,0.0,0.0,0.0,0.0
1669392000000,158065.85398258307,158065.85398258307,0,0.0,0.0,0.0,0.0
1669406400000,158065.85398258307,158065.85398258307,0,0.0,0.0,0.0,0.0
1669420800000,158065.85398258307,158065.85398258307,0,0.0,0.0,0.0,0.0
1669435200000,158065.85398258307,158065.85398258307,0,0.0,0.0,0.0,0.0
1669449600000,158065.85398258307,158065.85398258307,0,0.0,0.0,0.0,0.0
1669464000000,158065.85398258307,158065.85398258307,0,0.0,0.0,0.0,0.0
1669478400000,158065.85398258307,158065.85398258307,0,0.0,0.0,0.0,0.0
1669492800000,158065.85398258307,158065.85398258307,0,0.0,0.0,0.0,0.0
1669507200000,158065.85398258307,158065.85398258307,0,0.0,0.0,0.0,0.0
1669521600000,158065.85398258307,158065.85398258307,0,0.0,0.0,0.0,0.0
1669536000000,158065.85398258307,158065.85398258307,0,0.0,0.0,0.0,0.0
1669550400000,158065.85398258307,158065.85398258307,0,0.0,0.0,0.0,0.0
1669564800000,158065.85398258307,158065.85398258307,0,0.0,0.0,0.0,0.0
1669579200000,158065.85398258307,158065.85398258307,0,0.0,0.0,0.0,0.0
1669593600000,158065.85398258307,158065.85398258307,0,0.0,0.0,0.0,0.0
1669608000000,158065.85398258307,158065.85398258307,0,0.0,0.0,0.0,0.0
1669622400000,154516.049422928,157792.62989778578,3,549724.7500694294,9464.509106659065,9464.509106659065,549724.7500694294
1669636800000,154781.6080156042,157326.3136983989,3,548992.8752773663,9464.509106659065,9464.509106659065,548992.8752773663
1669651200000,157891.1958061389,157326.3136983989,3,545883.2874868315,9464.509106659065,9464.509106659065,545883.2874868315
1669665600000,150611.90095635637,150492.69885832482,1,171146.84681637536,3157.2342306114047,3157.2342306114047,171146.84681637536
1669680000000,151165.8262761122,150492.69885832482,1,170592.92149661956,3157.2342306114047,3157.2342306114047,170592.92149661956
1669694400000,148671.6614761723,150499.23649137226,1,173093.6239296069,3157.2342306114047,3157.2342306114047,173093.6239296069
1669708800000,147356.1337585563,147356.1337585563,0,0.0,0.0,0.0,0.0
1669723200000,147356.1337585563,147356.1337585563,0,0.0,0.0,0.0,0.0
1669737600000,147356.1337585563,147356.1337585563,0,0.0,0.0,0.0,0.0
1669752000000,147356.1337585563,147356.1337585563,0,0.0,0.0,0.0,0.0
1669766400000,147356.1337585563,147356.1337585563,0,0.0,0.0,0.0,0.0
1669780800000,147356.1337585563,147356.1337585563,0,0.0,0.0,0.0,0.0
1669795200000,147356.1337585563,147356.1337585563,0,0.0,0.0,0.0,0.0
1669809600000,147356.1337585563,147356.1337585563,0,0.0,0.0,0.0,0.0
1669824000000,147356.1337585563,147356.1337585563,0,0.0,0.0,0.0,0.0
1669838400000,147356.1337585563,147356.1337585563,0,0.0,0.0,0.0,0.0
1669852800000,147356.1337585563,147356.1337585563,0,0.0,0.0,0.0,0.0
1669867200000,147356.1337585563,147356.1337585563,0,0.0,0.0,0.0,0.0
1669881600000,147356.1337585563,147356.1337585563,0,0.0,0.0,0.0,0.0
1669896000000,147356.1337585563,147356.1337585563,0,0.0,0.0,0.0,0.0
1669910400000,147356.1337585563,147356.1337585563,0,0.0,0.0,0.0,0.0
1669924800000,147356.1337585563,147356.1337585563,0,0.0,0.0,0.0,0.0
1669939200000,147356.1337585563,147356.1337585563,0,0.0,0.0,0.0,0.0
1669953600000,147356.1337585563,147356.1337585563,0,0.0,0.0,0.0,0.0
1669968000000,147356.1337585563,147356.1337585563,0,0.0,0.0,0.0,0.0
1669982400000,147356.1337585563,147356.1337585563,0,0.0,0.0,0.0,0.0
1669996800000,147356.1337585563,147356.1337585563,0,0.0,0.0,0.0,0.0
1670011200000,147356.1337585563,147356.1337585563,0,0.0,0.0,0.0,0.0
1670025600000,147356.1337585563,147356.1337585563,0,0.0,0.0,0.0,0.0
1670040000000,147356.1337585563,147356.1337585563,0,0.0,0.0,0.0,0.0
1670054400000,147356.1337585563,147356.1337585563,0,0.0,0.0,0.0,0.0
1670068800000,147356.1337585563,147356.1337585563,0,0.0,0.0,0.0,0.0
1670083200000,147356.1337585563,147356.1337585563,0,0.0,0.0,0.0,0.0
1670097600000,147356.1337585563,147356.1337585563,0,0.0,0.0,0.0,0.0
1670112000000,147356.1337585563,147356.1337585563,0,0.0,0.0,0.0,0.0
1670126400000,144190.2139653902,144190.2139653902,0,0.0,0.0,0.0,0.0
1670140800000,144190.2139653902,144190.2139653902,0,0.0,0.0,0.0,0.0
1670155200000,144190.2139653902,144190.2139653902,0,0.0,0.0,0.0,0.0
1670169600000,144190.2139653902,144190.2139653902,0,0.0,0.0,0.0,0.0
1670184000000,144190.2139653902,144190.2139653902,0,0.0,0.0,0.0,0.0
1670198400000,144190.2139653902,144190.2139653902,0,0.0,0.0,0.0,0.0
1670212800000,144190.2139653902,144190.2139653902,0,0.0,0.0,0.0,0.0
1670227200000,144190.2139653902,144190.2139653902,0,0.0,0.0,0.0,0.0
1670241600000,144190.2139653902,144190.2139653902,0,0.0,0.0,0.0,0.0
1670256000000,144190.2139653902,144190.2139653902,0,0.0,0.0,0.0,0.0
1670270400000,144190.2139653902,144190.2139653902,0,0.0,0.0,0.0,0.0
1670284800000,142867.86673811052,144086.6689380047,1,208308.85697085844,2883.804279307804,2883.804279307804,208308.85697085844
1670299200000,142109.4344075186,144086.6689380047,1,209067.28930145036,2883.804279307804,2883.804279307804,209067.28930145036
1670313600000,142164.83087209464,144004.65600454633,2,372955.7468201816,5725.848504157111,5725.848504157111,372955.7468201816
1670328000000,141699.48671070224,144011.62025667293,2,373428.05523370067,5725.848504157111,5725.848504157111,373428.05523370067
1670342400000,139559.46933531546,141052.75180723338,1,208583.33724288217,2883.804279307804,2883.804279307804,208583.33724288217
1670356800000,139761.7179568066,141052.75180723338,1,208381.088621391,2883.804279307804,2883.804279307804,208381.088621391
1670371200000,138021.94482920453,138021.94482920453,0,0.0,0.0,0.0,0.0
1670385600000,138021.94482920453,138021.94482920453,0,0.0,0.0,0.0,0.0
1670400000000,138021.94482920453,138021.94482920453,0,0.0,0.0,0.0,0.0
1670414400000,135182.84635865694,137775.40465329317,3,495672.91011741955,8266.30275456686,8266.30275456686,495672.91011741955
1670428800000,133096.96257154635,137775.40465329317,3,497758.7939045302,8266.30275456686,8266.30275456686,497758.7939045302
1670443200000,133669.7808528307,137749.47225990146,3,497160.0432298541,8266.30275456686,8266.30275456686,497160.0432298541
1670457600000,131975.72515266231,137749.47225990146,3,498854.09893002245,8266.30275456686,8266.30275456686,498854.09893002245
1670472000000,130767.99068356806,131933.7430052646,1,207439.08717814425,2760.438896584091,2760.438896584091,207439.08717814425
1670486400000,129789.53886612035,131933.7430052646,1,208417.53899559195,2760.438896584091,2760.438896584091,208417.53899559195
1670500800000,129026.95956367602,129026.95956367602,0,0.0,0.0,0.0,0.0
1670515200000,129026.95956367602,129026.95956367602,0,0.0,0.0,0.0,0.0
1670529600000,129026.95956367602,129026.95956367602,0,0.0,0.0,0.0,0.0
1670544000000,129026.95956367602,129026.95956367602,0,0.0,0.0,0.0,0.0
1670558400000,129026.95956367602,129026.95956367602,0,0.0,0.0,0.0,0.0
1670572800000,129026.95956367602,129026.95956367602,0,0.0,0.0,0.0,0.0
1670587200000,129026.95956367602,129026.95956367602,0,0.0,0.0,0.0,0.0
1670601600000,129026.95956367602,129026.95956367602,0,0.0,0.0,0.0,0.0
1670616000000,129026.95956367602,129026.95956367602,0,0.0,0.0,0.0,0.0
1670630400000,129026.95956367602,129026.95956367602,0,0.0,0.0,0.0,0.0
1670644800000,129026.95956367602,129026.95956367602,0,0.0,0.0,0.0,0.0
1670659200000,129026.95956367602,129026.95956367602,0,0.0,0.0,0.0,0.0
1670673600000,129026.95956367602,129026.95956367602,0,0.0,0.0,0.0,0.0
1670688000000,129026.95956367602,129026.95956367602,0,0.0,0.0,0.0,0.0
1670702400000,129026.95956367602,129026.95956367602,0,0.0,0.0,0.0,0.0
1670716800000,129026.95956367602,129026.95956367602,0,0.0,0.0,0.0,0.0
1670731200000,129026.95956367602,129026.95956367602,0,0.0,0.0,0.0,0.0
1670745600000,129026.95956367602,129026.95956367602,0,0.0,0.0,0.0,0.0
1670760000000,129026.95956367602,129026.95956367602,0,0.0,0.0,0.0,0.0
1670774400000,129026.95956367602,129026.95956367602,0,0.0,0.0,0.0,0.0
1670788800000,129026.95956367602,129026.95956367602,0,0.0,0.0,0.0,0.0
1670803200000,129026.95956367602,129026.95956367602,0,0.0,0.0,0.0,0.0
1670817600000,138637.80217399364,134991.2392884288,4,203715.6230512168,2577.824239609002,2577.824239609002,203715.6230512168
1670832000000,138490.21674230535,134884.80108027742,6,416633.18657750176,5349.975164570958,5349.975164570958,416633.18657750176
1670846400000,134864.57310358575,134084.90063050212,3,249028.11684116884,2675.6500156261923,2675.6500156261923,249028.11684116884
1670860800000,136730.75956327005,135379.09951622275,2,116240.09863013405,1289.8568806303479,1289.8568806303479,116240.09863013405
1670875200000,136597.39897063992,135528.99192053912,2,160394.4264676964,2011.709247514776,2011.709247514776,160394.4264676964
1670889600000,135414.96126919004,135495.15687692602,1,102907.18749522495,1366.9871647028083,1366.9871647028083,102907.18749522495
1670904000000,138458.40266521726,136827.10648083262,1,49782.199759359835,683.4935823514041,683.4935823514041,49782.199759359835
1670918400000,139063.98019719284,136827.10648083262,1,49176.62222738424,683.4935823514041,683.4935823514041,49176.62222738424
1670932800000,138743.09227137177,138743.09227137177,0,0.0,0.0,0.0,0.0
1670947200000,138743.09227137177,138743.09227137177,0,0.0,0.0,0.0,0.0
1670961600000,138743.09227137177,138743.09227137177,0,0.0,0.0,0.0,0.0
1670976000000,138743.09227137177,138743.09227137177,0,0.0,0.0,0.0,0.0
1670990400000,138743.09227137177,138743.09227137177,0,0.0,0.0,0.0,0.0
1671004800000,138743.09227137177,138743.09227137177,0,0.0,0.0,0.0,0.0
1671019200000,139045.22391909893,138675.17730626836,1,136199.97681964975,2774.8618454274356,0.0,0.0
1671033600000,140205.02779103717,138675.17730626836,1,137359.78069158798,2774.8618454274356,0.0,0.0
1671048000000,137030.05674893412,138661.44159652793,1,134198.54535922536,2774.8618454274356,0.0,0.0
1671062400000,137056.74250173976,138661.44159652793,1,134225.231112031,2774.8618454274356,0.0,0.0
1671076800000,135780.03003553045,135780.03003553045,0,0.0,0.0,0.0,0.0
1671091200000,135780.03003553045,135780.03003553045,0,0.0,0.0,0.0,0.0
1671105600000,135780.03003553045,135780.03003553045,0,0.0,0.0,0.0,0.0
1671120000000,135780.03003553045,135780.03003553045,0,0.0,0.0,0.0,0.0
1671134400000,135780.03003553045,135780.03003553045,0,0.0,0.0,0.0,0.0
1671148800000,135780.03003553045,135780.03003553045,0,0.0,0.0,0.0,0.0
1671163200000,134755.96358934516,135755.07430456253,1,50910.57265108909,1357.8003003553044,1357.8003003553044,50910.57265108909
1671177600000,134767.73890394007,135755.07430456253,1,50898.79733649418,1357.8003003553044,1357.8003003553044,50898.79733649418
1671192000000,136845.2866469781,135760.16667889658,1,48826.3419677902,1357.8003003553044,1357.8003003553044,48826.3419677902
1671206400000,137640.12038213445,135760.16667889658,1,48031.50823263384,1357.8003003553044,1357.8003003553044,48031.50823263384
1671220800000,138163.77725789743,137103.10343168068,1,23895.057141719102,678.9001501776522,678.9001501776522,23895.057141719102
1671235200000,139788.77067199486,137103.10343168068,1,22270.063727621655,678.9001501776522,678.9001501776522,22270.063727621655
1671249600000,139424.2343867064,137097.71424153692,1,22629.21082276638,678.9001501776522,678.9001501776522,22629.21082276638
1671264000000,139115.13237859003,137097.71424153692,1,22938.312830882744,678.9001501776522,678.9001501776522,22938.312830882744
1671278400000,139335.92709646618,137097.72181075852,1,22717.525682228203,678.9001501776522,678.9001501776522,22717.525682228203
1671292800000,139200.51097862472,137097.72181075852,1,22852.941800069657,678.9001501776522,678.9001501776522,22852.941800069657
1671307200000,139246.69980635226,137099.75320875514,1,22808.784370338744,678.9001501776522,678.9001501776522,22808.784370338744
1671321600000,138923.93928628846,138923.93928628846,0,0.0,0.0,0.0,0.0
1671336000000,138923.93928628846,138923.93928628846,0,0.0,0.0,0.0,0.0
1671350400000,138923.93928628846,138923.93928628846,0,0.0,0.0,0.0,0.0
1671364800000,138923.93928628846,138923.93928628846,0,0.0,0.0,0.0,0.0
1671379200000,138923.93928628846,138923.93928628846,0,0.0,0.0,0.0,0.0
1671393600000,138923.93928628846,138923.93928628846,0,0.0,0.0,0.0,0.0
1671408000000,138923.93928628846,138923.93928628846,0,0.0,0.0,0.0,0.0
1671422400000,138923.93928628846,138923.93928628846,0,0.0,0.0,0.0,0.0
1671436800000,138923.93928628846,138923.93928628846,0,0.0,0.0,0.0,0.0
1671451200000,138923.93928628846,138923.93928628846,0,0.0,0.0,0.0,0.0
1671465600000,138923.93928628846,138923.93928628846,0,0.0,0.0,0.0,0.0
1671480000000,138923.93928628846,138923.93928628846,0,0.0,0.0,0.0,0.0
1671494400000,138923.93928628846,138923.93928628846,0,0.0,0.0,0.0,0.0
1671508800000,138923.93928628846,138923.93928628846,0,0.0,0.0,0.0,0.0
1671523200000,138923.93928628846,138923.93928628846,0,0.0,0.0,0.0,0.0
1671537600000,138923.93928628846,138923.93928628846,0,0.0,0.0,0.0,0.0
1671552000000,138923.93928628846,138923.93928628846,0,0.0,0.0,0.0,0.0
1671566400000,138923.93928628846,138923.93928628846,0,0.0,0.0,0.0,0.0
1671580800000,138923.93928628846,138923.93928628846,0,0.0,0.0,0.0,0.0
1671595200000,138923.93928628846,138923.93928628846,0,0.0,0.0,0.0,0.0
1671609600000,138923.93928628846,138923.93928628846,0,0.0,0.0,0.0,0.0
1671624000000,138923.93928628846,138923.93928628846,0,0.0,0.0,0.0,0.0
1671638400000,138923.93928628846,138923.93928628846,0,0.0,0.0,0.0,0.0
1671652800000,138923.93928628846,138923.93928628846,0,0.0,0.0,0.0,0.0
1671667200000,138923.93928628846,138923.93928628846,0,0.0,0.0,0.0,0.0
1671681600000,138923.93928628846,138923.93928628846,0,0.0,0.0,0.0,0.0
1671696000000,138923.93928628846,138923.93928628846,0,0.0,0.0,0.0,0.0
1671710400000,138923.93928628846,138923.93928628846,0,0.0,0.0,0.0,0.0
1671724800000,138923.93928628846,138923.93928628846,0,0.0,0.0,0.0,0.0
1671739200000,138923.93928628846,138923.93928628846,0,0.0,0.0,0.0,0.0
1671753600000,138923.93928628846,138923.93928628846,0,0.0,0.0,0.0,0.0
1671768000000,138923.93928628846,138923.93928628846,0,0.0,0.0,0.0,0.0
1671782400000,138923.93928628846,138923.93928628846,0,0.0,0.0,0.0,0.0
1671796800000,138923.93928628846,138923.93928628846,0,0.0,0.0,0.0,0.0
1671811200000,138923.93928628846,138923.93928628846,0,0.0,0.0,0.0,0.0
1671825600000,138923.93928628846,138923.93928628846,0,0.0,0.0,0.0,0.0
1671840000000,138923.93928628846,138923.93928628846,0,0.0,0.0,0.0,0.0
1671854400000,138923.93928628846,138923.93928628846,0,0.0,0.0,0.0,0.0
1671868800000,138923.93928628846,138923.93928628846,0,0.0,0.0,0.0,0.0
1671883200000,138923.93928628846,138923.93928628846,0,0.0,0.0,0.0,0.0
1671897600000,138923.93928628846,138923.93928628846,0,0.0,0.0,0.0,0.0
1671912000000,138923.93928628846,138923.93928628846,0,0.0,0.0,0.0,0.0
1671926400000,138923.93928628846,138923.93928628846,0,0.0,0.0,0.0,0.0
1671940800000,138923.93928628846,138923.93928628846,0,0.0,0.0,0.0,0.0
1671955200000,138923.93928628846,138923.93928628846,0,0.0,0.0,0.0,0.0
1671969600000,138923.93928628846,138923.93928628846,0,0.0,0.0,0.0,0.0
1671984000000,138923.93928628846,138923.93928628846,0,0.0,0.0,0.0,0.0
1671998400000,138923.93928628846,138923.93928628846,0,0.0,0.0,0.0,0.0
1672012800000,138923.93928628846,138923.93928628846,0,0.0,0.0,0.0,0.0
1672027200000,138923.93928628846,138923.93928628846,0,0.0,0.0,0.0,0.0
1672041600000,138923.93928628846,138923.93928628846,0,0.0,0.0,0.0,0.0
1672056000000,138923.93928628846,138923.93928628846,0,0.0,0.0,0.0,0.0
1672070400000,138923.93928628846,138923.93928628846,0,0.0,0.0,0.0,0.0
1672084800000,138923.93928628846,138923.93928628846,0,0.0,0.0,0.0,0.0
1672099200000,138923.93928628846,138923.93928628846,0,0.0,0.0,0.0,0.0
1672113600000,138923.93928628846,138923.93928628846,0,0.0,0.0,0.0,0.0
1672128000000,138923.93928628846,138923.93928628846,0,0.0,0.0,0.0,0.0
1672142400000,138923.93928628846,138923.93928628846,0,0.0,0.0,0.0,0.0
1672156800000,138923.93928628846,138923.93928628846,0,0.0,0.0,0.0,0.0
1672171200000,138923.93928628846,138923.93928628846,0,0.0,0.0,0.0,0.0
1672185600000,137994.3979298984,138848.48517956745,1,151762.30069169172,2778.4787857257693,2778.4787857257693,151762.30069169172
1672200000000,141964.29402122655,138863.66333756162,1,147807.58275835775,2778.4787857257693,2778.4787857257693,147807.58275835775
1672214400000,148714.7357787765,144126.67076779951,3,408062.31236176006,5646.589980902681,5646.589980902681,408062.31236176006
1672228800000,148847.11759414594,144143.2370440313,3,407946.49682262243,5646.589980902681,5646.589980902681,407946.49682262243
1672243200000,147796.93062845306,145309.26446732122,1,222961.2480380911,2839.285880424531,2839.285880424531,222961.2480380911
1672257600000,148254.7219467092,145213.8507279302,2,428165.0069311279,5796.1531001418125,5796.1531001418125,428165.0069311279
1672272000000,151483.87051302122,147976.20599998417,2,314973.7565372584,4376.510159929547,4376.510159929547,314973.7565372584
1672286400000,153792.5592757123,150894.61890749275,2,212704.99870673392,2898.0765500709063,2898.0765500709063,212704.99870673392
1672300800000,153196.00259087107,150894.61890749275,2,213301.55539157515,2898.0765500709063,2898.0765500709063,213301.55539157515
1672315200000,153596.59385261757,152403.69829542696,1,101685.58641815138,1478.4336098586407,1478.4336098586407,101685.58641815138
1672329600000,153861.18622642884,152403.69829542696,1,101420.99404434013,1478.4336098586407,1478.4336098586407,101420.99404434013
1672344000000,154809.15370519497,152411.9066534152,1,100481.23492356224,1478.4336098586407,1478.4336098586407,100481.23492356224
1672358400000,155228.85195330935,152411.9066534152,1,100061.53667544785,1478.4336098586407,1478.4336098586407,100061.53667544785
1672372800000,155127.47605206873,155127.47605206873,0,0.0,0.0,0.0,0.0
1672387200000,155127.47605206873,155127.47605206873,0,0.0,0.0,0.0,0.0
1672401600000,155127.47605206873,155127.47605206873,0,0.0,0.0,0.0,0.0
1672416000000,155127.47605206873,155127.47605206873,0,0.0,0.0,0.0,0.0
1672430400000,155127.47605206873,155127.47605206873,0,0.0,0.0,0.0,0.0
1672444800000,155127.47605206873,155127.47605206873,0,0.0,0.0,0.0,0.0
1672459200000,155127.47605206873,155127.47605206873,0,0.0,0.0,0.0,0.0
1672473600000,155127.47605206873,155127.47605206873,0,0.0,0.0,0.0,0.0
1672488000000,155127.47605206873,155127.47605206873,0,0.0,0.0,0.0,0.0
1672502400000,155127.47605206873,155127.47605206873,0,0.0,0.0,0.0,0.0
1672516800000,155127.47605206873,155127.47605206873,0,0.0,0.0,0.0,0.0
1672531200000,155127.47605206873,155127.47605206873,0,0.0,0.0,0.0,0.0
1672545600000,155127.47605206873,155127.47605206873,0,0.0,0.0,0.0,0.0
1672560000000,155127.47605206873,155127.47605206873,0,0.0,0.0,0.0,0.0
1672574400000,155127.47605206873,155127.47605206873,0,0.0,0.0,0.0,0.0
1672588800000,155127.47605206873,155127.47605206873,0,0.0,0.0,0.0,0.0
1672603200000,155127.47605206873,155127.47605206873,0,0.0,0.0,0.0,0.0
1672617600000,155127.47605206873,155127.47605206873,0,0.0,0.0,0.0,0.0
1672632000000,155127.47605206873,155127.47605206873,0,0.0,0.0,0.0,0.0
1672646400000,151845.5552354664,151845.5552354664,0,0.0,0.0,0.0,0.0
1672660800000,151845.5552354664,151845.5552354664,0,0.0,0.0,0.0,0.0
1672675200000,151845.5552354664,151845.5552354664,0,0.0,0.0,0.0,0.0
1672689600000,151845.5552354664,151845.5552354664,0,0.0,0.0,0.0,0.0
1672704000000,151845.5552354664,151845.5552354664,0,0.0,0.0,0.0,0.0
1672718400000,151845.5552354664,151845.5552354664,0,0.0,0.0,0.0,0.0
1672732800000,151845.5552354664,151845.5552354664,0,0.0,0.0,0.0,0.0
1672747200000,151845.5552354664,151845.5552354664,0,0.0,0.0,0.0,0.0
1672761600000,151845.5552354664,151845.5552354664,0,0.0,0.0,0.0,0.0
1672776000000,151845.5552354664,151845.5552354664,0,0.0,0.0,0.0,0.0
1672790400000,151845.5552354664,151845.5552354664,0,0.0,0.0,0.0,0.0
1672804800000,151845.5552354664,151845.5552354664,0,0.0,0.0,0.0,0.0
1672819200000,151845.5552354664,151845.5552354664,0,0.0,0.0,0.0,0.0
1672833600000,151845.5552354664,151845.5552354664,0,0.0,0.0,0.0,0.0
1672848000000,151845.5552354664,151845.5552354664,0,0.0,0.0,0.0,0.0
1672862400000,151845.5552354664,151845.5552354664,0,0.0,0.0,0.0,0.0
1672876800000,151845.5552354664,151845.5552354664,0,0.0,0.0,0.0,0.0
1672891200000,151845.5552354664,151845.5552354664,0,0.0,0.0,0.0,0.0
1672905600000,151845.5552354664,151845.5552354664,0,0.0,0.0,0.0,0.0
1672920000000,151845.5552354664,151845.5552354664,0,0.0,0.0,0.0,0.0
1672934400000,151845.5552354664,151845.5552354664,0,0.0,0.0,0.0,0.0
1672948800000,151845.5552354664,151845.5552354664,0,0.0,0.0,0.0,0.0
1672963200000,151845.5552354664,151845.5552354664,0,0.0,0.0,0.0,0.0
1672977600000,151845.5552354664,151845.5552354664,0,0.0,0.0,0.0,0.0
1672992000000,151845.5552354664,151845.5552354664,0,0.0,0.0,0.0,0.0
1673006400000,151845.5552354664,151845.5552354664,0,0.0,0.0,0.0,0.0
1673020800000,151845.5552354664,151845.5552354664,0,0.0,0.0,0.0,0.0
1673035200000,151845.5552354664,151845.5552354664,0,0.0,0.0,0.0,0.0
1673049600000,151845.5552354664,151845.5552354664,0,0.0,0.0,0.0,0.0
1673064000000,151845.5552354664,151845.5552354664,0,0.0,0.0,0.0,0.0
1673078400000,151845.5552354664,151845.5552354664,0,0.0,0.0,0.0,0.0
1673092800000,151845.5552354664,151845.5552354664,0,0.0,0.0,0.0,0.0
1673107200000,151845.5552354664,151845.5552354664,0,0.0,0.0,0.0,0.0
1673121600000,151845.5552354664,151845.5552354664,0,0.0,0.0,0.0,0.0
1673136000000,151845.5552354664,151845.5552354664,0,0.0,0.0,0.0,0.0
1673150400000,151845.5552354664,151845.5552354664,0,0.0,0.0,0.0,0.0
1673164800000,151845.5552354664,151845.5552354664,0,0.0,0.0,0.0,0.0
1673179200000,151845.5552354664,151845.5552354664,0,0.0,0.0,0.0,0.0
1673193600000,151845.5552354664,151845.5552354664,0,0.0,0.0,0.0,0.0
1673208000000,151845.5552354664,151845.5552354664,0,0.0,0.0,0.0,0.0
1673222400000,151845.5552354664,151845.5552354664,0,0.0,0.0,0.0,0.0
1673236800000,151845.5552354664,151845.5552354664,0,0.0,0.0,0.0,0.0
1673251200000,151845.5552354664,151845.5552354664,0,0.0,0.0,0.0,0.0
1673265600000,151845.5552354664,151845.5552354664,0,0.0,0.0,0.0,0.0
1673280000000,151845.5552354664,151845.5552354664,0,0.0,0.0,0.0,0.0
1673294400000,151845.5552354664,151845.5552354664,0,0.0,0.0,0.0,0.0
1673308800000,151845.5552354664,151845.5552354664,0,0.0,0.0,0.0,0.0
1673323200000,151845.5552354664,151845.5552354664,0,0.0,0.0,0.0,0.0
1673337600000,151845.5552354664,151845.5552354664,0,0.0,0.0,0.0,0.0
1673352000000,151845.5552354664,151845.5552354664,0,0.0,0.0,0.0,0.0
1673366400000,151845.5552354664,151845.5552354664,0,0.0,0.0,0.0,0.0
1673380800000,151845.5552354664,151845.5552354664,0,0.0,0.0,0.0,0.0
1673395200000,151845.5552354664,151845.5552354664,0,0.0,0.0,0.0,0.0
1673409600000,151845.5552354664,151845.5552354664,0,0.0,0.0,0.0,0.0
1673424000000,151845.5552354664,151845.5552354664,0,0.0,0.0,0.0,0.0
1673438400000,151845.5552354664,151845.5552354664,0,0.0,0.0,0.0,0.0
1673452800000,151845.5552354664,151845.5552354664,0,0.0,0.0,0.0,0.0
1673467200000,151845.5552354664,151845.5552354664,0,0.0,0.0,0.0,0.0
1673481600000,151845.5552354664,151845.5552354664,0,0.0,0.0,0.0,0.0
1673496000000,151845.5552354664,151845.5552354664,0,0.0,0.0,0.0,0.0
1673510400000,151845.5552354664,151845.5552354664,0,0.0,0.0,0.0,0.0
1673524800000,151845.5552354664,151845.5552354664,0,0.0,0.0,0.0,0.0
1673539200000,151845.5552354664,151845.5552354664,0,0.0,0.0,0.0,0.0
1673553600000,151845.5552354664,151845.5552354664,0,0.0,0.0,0.0,0.0
1673568000000,151845.5552354664,151845.5552354664,0,0.0,0.0,0.0,0.0
1673582400000,151845.5552354664,151845.5552354664,0,0.0,0.0,0.0,0.0
1673596800000,151845.5552354664,151845.5552354664,0,0.0,0.0,0.0,0.0
1673611200000,151845.5552354664,151845.5552354664,0,0.0,0.0,0.0,0.0
1673625600000,151845.5552354664,151845.5552354664,0,0.0,0.0,0.0,0.0
1673640000000,151845.5552354664,151845.5552354664,0,0.0,0.0,0.0,0.0
1673654400000,151845.5552354664,151845.5552354664,0,0.0,0.0,0.0,0.0
1673668800000,151845.5552354664,151845.5552354664,0,0.0,0.0,0.0,0.0
1673683200000,151845.5552354664,151845.5552354664,0,0.0,0.0,0.0,0.0
1673697600000,151845.5552354664,151845.5552354664,0,0.0,0.0,0.0,0.0
1673712000000,151845.5552354664,151845.5552354664,0,0.0,0.0,0.0,0.0
1673726400000,151845.5552354664,151845.5552354664,0,0.0,0.0,0.0,0.0
1673740800000,151845.5552354664,151845.5552354664,0,0.0,0.0,0.0,0.0
1673755200000,151845.5552354664,151845.5552354664,0,0.0,0.0,0.0,0.0
1673769600000,151845.5552354664,151845.5552354664,0,0.0,0.0,0.0,0.0
1673784000000,151845.5552354664,151845.5552354664,0,0.0,0.0,0.0,0.0
1673798400000,151845.5552354664,151845.5552354664,0,0.0,0.0,0.0,0.0
1673812800000,151845.5552354664,151845.5552354664,0,0.0,0.0,0.0,0.0
1673827200000,151845.5552354664,151845.5552354664,0,0.0,0.0,0.0,0.0
1673841600000,151845.5552354664,151845.5552354664,0,0.0,0.0,0.0,0.0
1673856000000,151845.5552354664,151845.5552354664,0,0.0,0.0,0.0,0.0
1673870400000,151845.5552354664,151845.5552354664,0,0.0,0.0,0.0,0.0
1673884800000,151845.5552354664,151845.5552354664,0,0.0,0.0,0.0,0.0
1673899200000,151845.5552354664,151845.5552354664,0,0.0,0.0,0.0,0.0
1673913600000,151845.5552354664,151845.5552354664,0,0.0,0.0,0.0,0.0
1673928000000,151845.5552354664,151845.5552354664,0,0.0,0.0,0.0,0.0
1673942400000,151845.5552354664,151845.5552354664,0,0.0,0.0,0.0,0.0
1673956800000,151845.5552354664,151845.5552354664,0,0.0,0.0,0.0,0.0
1673971200000,151845.5552354664,151845.5552354664,0,0.0,0.0,0.0,0.0
1673985600000,151845.5552354664,151845.5552354664,0,0.0,0.0,0.0,0.0
1674000000000,151845.5552354664,151845.5552354664,0,0.0,0.0,0.0,0.0
1674014400000,151845.5552354664,151845.5552354664,0,0.0,0.0,0.0,0.0
1674028800000,151845.5552354664,151845.5552354664,0,0.0,0.0,0.0,0.0
1674043200000,151845.5552354664,151845.5552354664,0,0.0,0.0,0.0,0.0
1674057600000,151845.5552354664,151845.5552354664,0,0.0,0.0,0.0,0.0
1674072000000,151845.5552354664,151845.5552354664,0,0.0,0.0,0.0,0.0
1674086400000,151845.5552354664,151845.5552354664,0,0.0,0.0,0.0,0.0
1674100800000,151845.5552354664,151845.5552354664,0,0.0,0.0,0.0,0.0
1674115200000,151845.5552354664,151845.5552354664,0,0.0,0.0,0.0,0.0
1674129600000,151845.5552354664,151845.5552354664,0,0.0,0.0,0.0,0.0
1674144000000,151845.5552354664,151845.5552354664,0,0.0,0.0,0.0,0.0
1674158400000,151845.5552354664,151845.5552354664,0,0.0,0.0,0.0,0.0
1674172800000,151845.5552354664,151845.5552354664,0,0.0,0.0,0.0,0.0
1674187200000,151845.5552354664,151845.5552354664,0,0.0,0.0,0.0,0.0
1674201600000,151845.5552354664,151845.5552354664,0,0.0,0.0,0.0,0.0
1674216000000,151845.5552354664,151845.5552354664,0,0.0,0.0,0.0,0.0
1674230400000,151845.5552354664,151845.5552354664,0,0.0,0.0,0.0,0.0
1674244800000,151845.5552354664,151845.5552354664,0,0.0,0.0,0.0,0.0
1674259200000,151845.5552354664,151845.5552354664,0,0.0,0.0,0.0,0.0
1674273600000,151845.5552354664,151845.5552354664,0,0.0,0.0,0.0,0.0
1674288000000,151845.5552354664,151845.5552354664,0,0.0,0.0,0.0,0.0
1674302400000,151845.5552354664,151845.5552354664,0,0.0,0.0,0.0,0.0
1674316800000,151845.5552354664,151845.5552354664,0,0.0,0.0,0.0,0.0
1674331200000,151845.5552354664,151845.5552354664,0,0.0,0.0,0.0,0.0
1674345600000,151845.5552354664,151845.5552354664,0,0.0,0.0,0.0,0.0
1674360000000,151845.5552354664,151845.5552354664,0,0.0,0.0,0.0,0.0
1674374400000,151845.5552354664,151845.5552354664,0,0.0,0.0,0.0,0.0
1674388800000,151845.5552354664,151845.5552354664,0,0.0,0.0,0.0,0.0
1674403200000,151845.5552354664,151845.5552354664,0,0.0,0.0,0.0,0.0
1674417600000,151845.5552354664,151845.5552354664,0,0.0,0.0,0.0,0.0
1674432000000,151845.5552354664,151845.5552354664,0,0.0,0.0,0.0,0.0
1674446400000,151845.5552354664,151845.5552354664,0,0.0,0.0,0.0,0.0
1674460800000,151845.5552354664,151845.5552354664,0,0.0,0.0,0.0,0.0
1674475200000,151845.5552354664,151845.5552354664,0,0.0,0.0,0.0,0.0
1674489600000,151845.5552354664,151845.5552354664,0,0.0,0.0,0.0,0.0
1674504000000,151845.5552354664,151845.5552354664,0,0.0,0.0,0.0,0.0
1674518400000,151845.5552354664,151845.5552354664,0,0.0,0.0,0.0,0.0
1674532800000,151845.5552354664,151845.5552354664,0,0.0,0.0,0.0,0.0
1674547200000,151845.5552354664,151845.5552354664,0,0.0,0.0,0.0,0.0
1674561600000,151845.5552354664,151845.5552354664,0,0.0,0.0,0.0,0.0
1674576000000,151845.5552354664,151845.5552354664,0,0.0,0.0,0.0,0.0
1674590400000,151845.5552354664,151845.5552354664,0,0.0,0.0,0.0,0.0
1674604800000,151845.5552354664,151845.5552354664,0,0.0,0.0,0.0,0.0
1674619200000,151845.5552354664,151845.5552354664,0,0.0,0.0,0.0,0.0
1674633600000,151845.5552354664,151845.5552354664,0,0.0,0.0,0.0,0.0
1674648000000,151845.5552354664,151845.5552354664,0,0.0,0.0,0.0,0.0
1674662400000,151845.5552354664,151845.5552354664,0,0.0,0.0,0.0,0.0
1674676800000,151845.5552354664,151845.5552354664,0,0.0,0.0,0.0,0.0
1674691200000,151845.5552354664,151845.5552354664,0,0.0,0.0,0.0,0.0
1674705600000,151845.5552354664,151845.5552354664,0,0.0,0.0,0.0,0.0
1674720000000,151845.5552354664,151845.5552354664,0,0.0,0.0,0.0,0.0
1674734400000,151845.5552354664,151845.5552354664,0,0.0,0.0,0.0,0.0
1674748800000,151845.5552354664,151845.5552354664,0,0.0,0.0,0.0,0.0
1674763200000,151845.5552354664,151845.5552354664,0,0.0,0.0,0.0,0.0
1674777600000,151845.5552354664,151845.5552354664,0,0.0,0.0,0.0,0.0
1674792000000,151845.5552354664,151845.5552354664,0,0.0,0.0,0.0,0.0
1674806400000,151845.5552354664,151845.5552354664,0,0.0,0.0,0.0,0.0
1674820800000,151845.5552354664,151845.5552354664,0,0.0,0.0,0.0,0.0
1674835200000,151845.5552354664,151845.5552354664,0,0.0,0.0,0.0,0.0
1674849600000,151845.5552354664,151845.5552354664,0,0.0,0.0,0.0,0.0
1674864000000,151845.5552354664,151845.5552354664,0,0.0,0.0,0.0,0.0
1674878400000,151845.5552354664,151845.5552354664,0,0.0,0.0,0.0,0.0
1674892800000,151845.5552354664,151845.5552354664,0,0.0,0.0,0.0,0.0
1674907200000,151845.5552354664,151845.5552354664,0,0.0,0.0,0.0,0.0
1674921600000,151845.5552354664,151845.5552354664,0,0.0,0.0,0.0,0.0
1674936000000,151845.5552354664,151845.5552354664,0,0.0,0.0,0.0,0.0
1674950400000,151845.5552354664,151845.5552354664,0,0.0,0.0,0.0,0.0
1674964800000,151845.5552354664,151845.5552354664,0,0.0,0.0,0.0,0.0
1674979200000,151845.5552354664,151845.5552354664,0,0.0,0.0,0.0,0.0
1674993600000,151845.5552354664,151845.5552354664,0,0.0,0.0,0.0,0.0
1675008000000,151845.5552354664,151845.5552354664,0,0.0,0.0,0.0,0.0
1675022400000,151845.5552354664,151845.5552354664,0,0.0,0.0,0.0,0.0
1675036800000,151845.5552354664,151845.5552354664,0,0.0,0.0,0.0,0.0
1675051200000,151845.5552354664,151845.5552354664,0,0.0,0.0,0.0,0.0
1675065600000,151845.5552354664,151845.5552354664,0,0.0,0.0,0.0,0.0
1675080000000,151845.5552354664,151845.5552354664,0,0.0,0.0,0.0,0.0
1675094400000,151845.5552354664,151845.5552354664,0,0.0,0.0,0.0,0.0
1675108800000,151845.5552354664,151845.5552354664,0,0.0,0.0,0.0,0.0
1675123200000,151845.5552354664,151845.5552354664,0,0.0,0.0,0.0,0.0
1675137600000,151845.5552354664,151845.5552354664,0,0.0,0.0,0.0,0.0
1675152000000,151845.5552354664,151845.5552354664,0,0.0,0.0,0.0,0.0
1675166400000,151845.5552354664,151845.5552354664,0,0.0,0.0,0.0,0.0
1675180800000,151845.5552354664,151845.5552354664,0,0.0,0.0,0.0,0.0
1675195200000,151845.5552354664,151845.5552354664,0,0.0,0.0,0.0,0.0
1675209600000,151845.5552354664,151845.5552354664,0,0.0,0.0,0.0,0.0
1675224000000,151845.5552354664,151845.5552354664,0,0.0,0.0,0.0,0.0
1675238400000,151845.5552354664,151845.5552354664,0,0.0,0.0,0.0,0.0
1675252800000,151845.5552354664,151845.5552354664,0,0.0,0.0,0.0,0.0
1675267200000,151845.5552354664,151845.5552354664,0,0.0,0.0,0.0,0.0
1675281600000,151845.5552354664,151845.5552354664,0,0.0,0.0,0.0,0.0
1675296000000,151845.5552354664,151845.5552354664,0,0.0,0.0,0.0,0.0
1675310400000,151845.5552354664,151845.5552354664,0,0.0,0.0,0.0,0.0
1675324800000,151845.5552354664,151845.5552354664,0,0.0,0.0,0.0,0.0
1675339200000,151845.5552354664,151845.5552354664,0,0.0,0.0,0.0,0.0
1675353600000,151845.5552354664,151845.5552354664,0,0.0,0.0,0.0,0.0
1675368000000,151845.5552354664,151845.5552354664,0,0.0,0.0,0.0,0.0
1675382400000,151845.5552354664,151845.5552354664,0,0.0,0.0,0.0,0.0
1675396800000,151845.5552354664,151845.5552354664,0,0.0,0.0,0.0,0.0
1675411200000,151845.5552354664,151845.5552354664,0,0.0,0.0,0.0,0.0
1675425600000,151845.5552354664,151845.5552354664,0,0.0,0.0,0.0,0.0
1675440000000,151845.5552354664,151845.5552354664,0,0.0,0.0,0.0,0.0
1675454400000,151845.5552354664,151845.5552354664,0,0.0,0.0,0.0,0.0
1675468800000,151845.5552354664,151845.5552354664,0,0.0,0.0,0.0,0.0
1675483200000,151845.5552354664,151845.5552354664,0,0.0,0.0,0.0,0.0
1675497600000,151845.5552354664,151845.5552354664,0,0.0,0.0,0.0,0.0
1675512000000,151845.5552354664,151845.5552354664,0,0.0,0.0,0.0,0.0
1675526400000,151845.5552354664,151845.5552354664,0,0.0,0.0,0.0,0.0
1675540800000,151845.5552354664,151845.5552354664,0,0.0,0.0,0.0,0.0
1675555200000,151845.5552354664,151845.5552354664,0,0.0,0.0,0.0,0.0
1675569600000,151845.5552354664,151845.5552354664,0,0.0,0.0,0.0,0.0
1675584000000,151845.5552354664,151845.5552354664,0,0.0,0.0,0.0,0.0
1675598400000,151845.5552354664,151845.5552354664,0,0.0,0.0,0.0,0.0
1675612800000,151845.5552354664,151845.5552354664,0,0.0,0.0,0.0,0.0
1675627200000,151845.5552354664,151845.5552354664,0,0.0,0.0,0.0,0.0
1675641600000,151845.5552354664,151845.5552354664,0,0.0,0.0,0.0,0.0
1675656000000,151845.5552354664,151845.5552354664,0,0.0,0.0,0.0,0.0
1675670400000,151845.5552354664,151845.5552354664,0,0.0,0.0,0.0,0.0
1675684800000,151845.5552354664,151845.5552354664,0,0.0,0.0,0.0,0.0
1675699200000,151845.5552354664,151845.5552354664,0,0.0,0.0,0.0,0.0
1675713600000,151845.5552354664,151845.5552354664,0,0.0,0.0,0.0,0.0
1675728000000,151845.5552354664,151845.5552354664,0,0.0,0.0,0.0,0.0
1675742400000,151845.5552354664,151845.5552354664,0,0.0,0.0,0.0,0.0
1675756800000,151845.5552354664,151845.5552354664,0,0.0,0.0,0.0,0.0
1675771200000,151845.5552354664,151845.5552354664,0,0.0,0.0,0.0,0.0
1675785600000,151845.5552354664,151845.5552354664,0,0.0,0.0,0.0,0.0
1675800000000,151845.5552354664,151845.5552354664,0,0.0,0.0,0.0,0.0
1675814400000,151845.5552354664,151845.5552354664,0,0.0,0.0,0.0,0.0
1675828800000,151845.5552354664,151845.5552354664,0,0.0,0.0,0.0,0.0
1675843200000,151845.5552354664,151845.5552354664,0,0.0,0.0,0.0,0.0
1675857600000,151845.5552354664,151845.5552354664,0,0.0,0.0,0.0,0.0
1675872000000,151845.5552354664,151845.5552354664,0,0.0,0.0,0.0,0.0
1675886400000,151845.5552354664,151845.5552354664,0,0.0,0.0,0.0,0.0
1675900800000,151845.5552354664,151845.5552354664,0,0.0,0.0,0.0,0.0
1675915200000,151845.5552354664,151845.5552354664,0,0.0,0.0,0.0,0.0
1675929600000,151845.5552354664,151845.5552354664,0,0.0,0.0,0.0,0.0
1675944000000,151845.5552354664,151845.5552354664,0,0.0,0.0,0.0,0.0
1675958400000,151845.5552354664,151845.5552354664,0,0.0,0.0,0.0,0.0
1675972800000,151845.5552354664,151845.5552354664,0,0.0,0.0,0.0,0.0
1675987200000,151845.5552354664,151845.5552354664,0,0.0,0.0,0.0,0.0
1676001600000,151845.5552354664,151845.5552354664,0,0.0,0.0,0.0,0.0
1676016000000,151845.5552354664,151845.5552354664,0,0.0,0.0,0.0,0.0
1676030400000,151845.5552354664,151845.5552354664,0,0.0,0.0,0.0,0.0
1676044800000,151845.5552354664,151845.5552354664,0,0.0,0.0,0.0,0.0
1676059200000,151845.5552354664,151845.5552354664,0,0.0,0.0,0.0,0.0
1676073600000,151845.5552354664,151845.5552354664,0,0.0,0.0,0.0,0.0
1676088000000,151845.5552354664,151845.5552354664,0,0.0,0.0,0.0,0.0
1676102400000,151845.5552354664,151845.5552354664,0,0.0,0.0,0.0,0.0
1676116800000,151845.5552354664,151845.5552354664,0,0.0,0.0,0.0,0.0
1676131200000,151845.5552354664,151845.5552354664,0,0.0,0.0,0.0,0.0
1676145600000,151845.5552354664,151845.5552354664,0,0.0,0.0,0.0,0.0
1676160000000,151845.5552354664,151845.5552354664,0,0.0,0.0,0.0,0.0
1676174400000,151845.5552354664,151845.5552354664,0,0.0,0.0,0.0,0.0
1676188800000,151845.5552354664,151845.5552354664,0,0.0,0.0,0.0,0.0
1676203200000,151845.5552354664,151845.5552354664,0,0.0,0.0,0.0,0.0
1676217600000,151845.5552354664,151845.5552354664,0,0.0,0.0,0.0,0.0
1676232000000,151845.5552354664,151845.5552354664,0,0.0,0.0,0.0,0.0
1676246400000,151845.5552354664,151845.5552354664,0,0.0,0.0,0.0,0.0
1676260800000,151845.5552354664,151845.5552354664,0,0.0,0.0,0.0,0.0
1676275200000,151845.5552354664,151845.5552354664,0,0.0,0.0,0.0,0.0
1676289600000,151845.5552354664,151845.5552354664,0,0.0,0.0,0.0,0.0
1676304000000,151845.5552354664,151845.5552354664,0,0.0,0.0,0.0,0.0
1676318400000,151845.5552354664,151845.5552354664,0,0.0,0.0,0.0,0.0
1676332800000,151845.5552354664,151845.5552354664,0,0.0,0.0,0.0,0.0
1676347200000,151845.5552354664,151845.5552354664,0,0.0,0.0,0.0,0.0
1676361600000,151845.5552354664,151845.5552354664,0,0.0,0.0,0.0,0.0
1676376000000,151845.5552354664,151845.5552354664,0,0.0,0.0,0.0,0.0
1676390400000,151845.5552354664,151845.5552354664,0,0.0,0.0,0.0,0.0
1676404800000,151845.5552354664,151845.5552354664,0,0.0,0.0,0.0,0.0
1676419200000,151845.5552354664,151845.5552354664,0,0.0,0.0,0.0,0.0
1676433600000,151845.5552354664,151845.5552354664,0,0.0,0.0,0.0,0.0
1676448000000,151845.5552354664,151845.5552354664,0,0.0,0.0,0.0,0.0
1676462400000,151845.5552354664,151845.5552354664,0,0.0,0.0,0.0,0.0
1676476800000,151845.5552354664,151845.5552354664,0,0.0,0.0,0.0,0.0
1676491200000,151845.5552354664,151845.5552354664,0,0.0,0.0,0.0,0.0
1676505600000,151845.5552354664,151845.5552354664,0,0.0,0.0,0.0,0.0
1676520000000,151845.5552354664,151845.5552354664,0,0.0,0.0,0.0,0.0
1676534400000,151845.5552354664,151845.5552354664,0,0.0,0.0,0.0,0.0
1676548800000,151845.5552354664,151845.5552354664,0,0.0,0.0,0.0,0.0
1676563200000,151845.5552354664,151845.5552354664,0,0.0,0.0,0.0,0.0
1676577600000,151845.5552354664,151845.5552354664,0,0.0,0.0,0.0,0.0
1676592000000,151845.5552354664,151845.5552354664,0,0.0,0.0,0.0,0.0
1676606400000,151845.5552354664,151845.5552354664,0,0.0,0.0,0.0,0.0
1676620800000,151845.5552354664,151845.5552354664,0,0.0,0.0,0.0,0.0
1676635200000,151845.5552354664,151845.5552354664,0,0.0,0.0,0.0,0.0
1676649600000,151845.5552354664,151845.5552354664,0,0.0,0.0,0.0,0.0
1676664000000,151845.5552354664,151845.5552354664,0,0.0,0.0,0.0,0.0
1676678400000,151845.5552354664,151845.5552354664,0,0.0,0.0,0.0,0.0
1676692800000,151845.5552354664,151845.5552354664,0,0.0,0.0,0.0,0.0
1676707200000,151845.5552354664,151845.5552354664,0,0.0,0.0,0.0,0.0
1676721600000,151845.5552354664,151845.5552354664,0,0.0,0.0,0.0,0.0
1676736000000,151845.5552354664,151845.5552354664,0,0.0,0.0,0.0,0.0
1676750400000,151845.5552354664,151845.5552354664,0,0.0,0.0,0.0,0.0
1676764800000,151845.5552354664,151845.5552354664,0,0.0,0.0,0.0,0.0
1676779200000,151845.5552354664,151845.5552354664,0,0.0,0.0,0.0,0.0
1676793600000,151845.5552354664,151845.5552354664,0,0.0,0.0,0.0,0.0
1676808000000,151845.5552354664,151845.5552354664,0,0.0,0.0,0.0,0.0
1676822400000,151845.5552354664,151845.5552354664,0,0.0,0.0,0.0,0.0
1676836800000,151845.5552354664,151845.5552354664,0,0.0,0.0,0.0,0.0
1676851200000,151845.5552354664,151845.5552354664,0,0.0,0.0,0.0,0.0
1676865600000,155276.22610291748,151812.9985255271,1,68576.64745599932,3036.911104709328,0.0,0.0
1676880000000,156135.4644085775,151812.9985255271,1,69435.88576165933,3036.911104709328,0.0,0.0
1676894400000,155839.21964518892,151799.67369205097,1,69152.96583174689,3036.911104709328,0.0,0.0
1676908800000,156271.4584269996,151799.67369205097,1,69585.20461355757,3036.911104709328,0.0,0.0
1676923200000,155704.5980477434,151790.79428567764,1,69027.2236406747,3036.911104709328,0.0,0.0
1676937600000,155550.03993788382,151790.79428567764,1,68872.66553081512,3036.911104709328,0.0,0.0
1676952000000,155165.92726386737,151783.9081848778,1,68495.43895759853,3036.911104709328,0.0,0.0
1676966400000,154893.48584987762,151783.9081848778,1,68222.99754360877,3036.911104709328,0.0,0.0
1676980800000,152349.3894039362,151772.992963245,1,65689.81631930014,3036.911104709328,0.0,0.0
1676995200000,152320.5734851488,151772.992963245,1,65661.00040051277,3036.911104709328,0.0,0.0
1677009600000,152840.5528102236,151766.42686320495,1,66187.54582562757,3036.911104709328,0.0,0.0
1677024000000,152099.19780869377,151766.42686320495,1,65446.19082409776,3036.911104709328,0.0,0.0
1677038400000,152046.84740065358,152046.84740065358,0,0.0,0.0,0.0,0.0
1677052800000,152046.84740065358,152046.84740065358,0,0.0,0.0,0.0,0.0
1677067200000,152046.84740065358,152046.84740065358,0,0.0,0.0,0.0,0.0
1677081600000,152046.84740065358,152046.84740065358,0,0.0,0.0,0.0,0.0
1677096000000,152046.84740065358,152046.84740065358,0,0.0,0.0,0.0,0.0
1677110400000,152046.84740065358,152046.84740065358,0,0.0,0.0,0.0,0.0
1677124800000,152046.84740065358,152046.84740065358,0,0.0,0.0,0.0,0.0
1677139200000,152046.84740065358,152046.84740065358,0,0.0,0.0,0.0,0.0
1677153600000,152046.84740065358,152046.84740065358,0,0.0,0.0,0.0,0.0
1677168000000,152046.84740065358,152046.84740065358,0,0.0,0.0,0.0,0.0
1677182400000,152046.84740065358,152046.84740065358,0,0.0,0.0,0.0,0.0
1677196800000,152046.84740065358,152046.84740065358,0,0.0,0.0,0.0,0.0
1677211200000,152046.84740065358,152046.84740065358,0,0.0,0.0,0.0,0.0
1677225600000,152046.84740065358,152046.84740065358,0,0.0,0.0,0.0,0.0
1677240000000,152046.84740065358,152046.84740065358,0,0.0,0.0,0.0,0.0
1677254400000,152046.84740065358,152046.84740065358,0,0.0,0.0,0.0,0.0
1677268800000,152046.84740065358,152046.84740065358,0,0.0,0.0,0.0,0.0
1677283200000,152046.84740065358,152046.84740065358,0,0.0,0.0,0.0,0.0
1677297600000,152046.84740065358,152046.84740065358,0,0.0,0.0,0.0,0.0
1677312000000,152046.84740065358,152046.84740065358,0,0.0,0.0,0.0,0.0
1677326400000,152046.84740065358,152046.84740065358,0,0.0,0.0,0.0,0.0
1677340800000,152046.84740065358,152046.84740065358,0,0.0,0.0,0.0,0.0
1677355200000,152046.84740065358,152046.84740065358,0,0.0,0.0,0.0,0.0
1677369600000,152046.84740065358,152046.84740065358,0,0.0,0.0,0.0,0.0
1677384000000,152046.84740065358,152046.84740065358,0,0.0,0.0,0.0,0.0
1677398400000,152046.84740065358,152046.84740065358,0,0.0,0.0,0.0,0.0
1677412800000,152046.84740065358,152046.84740065358,0,0.0,0.0,0.0,0.0
1677427200000,152046.84740065358,152046.84740065358,0,0.0,0.0,0.0,0.0
1677441600000,152046.84740065358,152046.84740065358,0,0.0,0.0,0.0,0.0
1677456000000,152046.84740065358,152046.84740065358,0,0.0,0.0,0.0,0.0
1677470400000,152046.84740065358,152046.84740065358,0,0.0,0.0,0.0,0.0
1677484800000,152046.84740065358,152046.84740065358,0,0.0,0.0,0.0,0.0
1677499200000,152046.84740065358,152046.84740065358,0,0.0,0.0,0.0,0.0
1677513600000,152046.84740065358,152046.84740065358,0,0.0,0.0,0.0,0.0
1677528000000,152046.84740065358,152046.84740065358,0,0.0,0.0,0.0,0.0
1677542400000,152046.84740065358,152046.84740065358,0,0.0,0.0,0.0,0.0
1677556800000,152046.84740065358,152046.84740065358,0,0.0,0.0,0.0,0.0
1677571200000,152046.84740065358,152046.84740065358,0,0.0,0.0,0.0,0.0
1677585600000,152046.84740065358,152046.84740065358,0,0.0,0.0,0.0,0.0
1677600000000,152046.84740065358,152046.84740065358,0,0.0,0.0,0.0,0.0
1677614400000,152046.84740065358,152046.84740065358,0,0.0,0.0,0.0,0.0
1677628800000,154299.23812316172,151903.23658625933,2,284825.62725161214,6079.641916102637,6079.641916102637,284825.62725161214
1677643200000,148302.6050093333,151883.70079452774,2,290802.72457370895,6079.641916102637,6079.641916102637,290802.72457370895
1677657600000,145598.7186588048,145598.7186588048,0,0.0,0.0,0.0,0.0
1677672000000,145598.7186588048,145598.7186588048,0,0.0,0.0,0.0,0.0
1677686400000,145598.7186588048,145598.7186588048,0,0.0,0.0,0.0,0.0
1677700800000,145598.7186588048,145598.7186588048,0,0.0,0.0,0.0,0.0
1677715200000,145598.7186588048,145598.7186588048,0,0.0,0.0,0.0,0.0
1677729600000,145598.7186588048,145598.7186588048,0,0.0,0.0,0.0,0.0
1677744000000,145598.7186588048,145598.7186588048,0,0.0,0.0,0.0,0.0
1677758400000,145598.7186588048,145598.7186588048,0,0.0,0.0,0.0,0.0
1677772800000,145598.7186588048,145598.7186588048,0,0.0,0.0,0.0,0.0
1677787200000,145598.7186588048,145598.7186588048,0,0.0,0.0,0.0,0.0
1677801600000,145598.7186588048,145598.7186588048,0,0.0,0.0,0.0,0.0
1677816000000,145598.7186588048,145598.7186588048,0,0.0,0.0,0.0,0.0
1677830400000,143185.50355539285,145363.68183055942,3,472251.83476588514,8722.696244485513,8722.696244485513,472251.83476588514
1677844800000,142697.109873313,145355.11592764052,3,472731.6625450461,8722.696244485513,8722.696244485513,472731.6625450461
1677859200000,141700.46022179717,142365.48999835842,2,362735.7111961013,5810.721871309416,5810.721871309416,362735.7111961013
1677873600000,139560.35265996066,139366.0809217534,1,206710.35112761238,2910.4622451054356,2910.4622451054356,206710.35112761238
1677888000000,138931.92348497172,139366.0809217534,1,207338.7803026013,2910.4622451054356,2910.4622451054356,207338.7803026013
1677902400000,139167.89385340645,139359.24910894243,1,207095.97812135558,2910.4622451054356,2910.4622451054356,207095.97812135558
1677916800000,139260.72998152982,139359.24910894243,1,207003.14199323225,2910.4622451054356,2910.4622451054356,207003.14199323225
1677931200000,138420.56617752297,139340.3279767961,1,207824.38466509277,2910.4622451054356,2910.4622451054356,207824.38466509277
1677945600000,139213.24388688398,139340.3279767961,1,207031.70695573176,2910.4622451054356,2910.4622451054356,207031.70695573176
1677960000000,140315.9205222789,139300.40611221112,1,205889.10845575185,2910.4622451054356,2910.4622451054356,205889.10845575185
1677974400000,139501.81909104323,139300.40611221112,1,206703.2098869875,2910.4622451054356,2910.4622451054356,206703.2098869875
1677988800000,137676.23862936386,137676.23862936386,0,0.0,0.0,0.0,0.0
1678003200000,137676.23862936386,137676.23862936386,0,0.0,0.0,0.0,0.0
1678017600000,137676.23862936386,137676.23862936386,0,0.0,0.0,0.0,0.0
1678032000000,137676.23862936386,137676.23862936386,0,0.0,0.0,0.0,0.0
1678046400000,137676.23862936386,137676.23862936386,0,0.0,0.0,0.0,0.0
1678060800000,137676.23862936386,137676.23862936386,0,0.0,0.0,0.0,0.0
1678075200000,137676.23862936386,137676.23862936386,0,0.0,0.0,0.0,0.0
1678089600000,137676.23862936386,137676.23862936386,0,0.0,0.0,0.0,0.0
1678104000000,137676.23862936386,137676.23862936386,0,0.0,0.0,0.0,0.0
1678118400000,137676.23862936386,137676.23862936386,0,0.0,0.0,0.0,0.0
1678132800000,137676.23862936386,137676.23862936386,0,0.0,0.0,0.0,0.0
1678147200000,137676.23862936386,137676.23862936386,0,0.0,0.0,0.0,0.0
1678161600000,137676.23862936386,137676.23862936386,0,0.0,0.0,0.0,0.0
1678176000000,137676.23862936386,137676.23862936386,0,0.0,0.0,0.0,0.0
1678190400000,137676.23862936386,137676.23862936386,0,0.0,0.0,0.0,0.0
1678204800000,136629.62146949265,137513.37716182784,2,326606.6907643891,5504.779370069421,5504.779370069421,326606.6907643891
1678219200000,137086.89906955734,134642.5101999759,1,161132.44889477635,2751.2545974821437,2751.2545974821437,161132.44889477635
1678233600000,130064.86332366809,134402.72537024718,3,647484.3592683588,8214.307991620315,8214.307991620315,647484.3592683588
1678248000000,128400.14789549646,128725.66355014138,1,259976.21248308994,2741.737981391147,2741.737981391147,259976.21248308994
1678262400000,132750.89309427948,128642.93162033541,2,421006.5949664456,5309.740939301077,5309.740939301077,421006.5949664456
1678276800000,128867.91192659903,128478.09593597222,3,645216.2974589905,7961.778191305255,7961.778191305255,645216.2974589905
1678291200000,130602.17467245192,130989.97612869582,3,563261.9850998889,6677.77671235029,6677.77671235029,563261.9850998889
1678305600000,135022.0876075336,130985.84648358678,4,617216.996998644,7836.745884685028,7836.745884685028,617216.996998644
1678320000000,143223.59937465168,133638.61322931392,4,481842.90356303053,6465.876893989454,6465.876893989454,481842.90356303053
1678334400000,138859.71308574715,133604.09270645288,5,569624.8228171348,8594.89970923758,8594.89970923758,569624.8228171348
1678348800000,140969.02920505192,133604.09270645288,5,567515.50669783,8594.89970923758,8594.89970923758,567515.50669783
1678363200000,140439.76120307873,133604.5091077422,5,568045.1911010925,8594.89970923758,8594.89970923758,568045.1911010925
1678377600000,140378.49140446485,131415.57063092414,4,482464.9689348276,6465.876893989454,6465.876893989454,482464.9689348276
1678392000000,154689.90420202687,135140.53768331092,4,332443.2174455656,4560.373681819996,4560.373681819996,332443.2174455656
1678406400000,163720.49737673963,135140.53768331092,4,323412.62427085283,4560.373681819996,4560.373681819996,323412.62427085283
1678420800000,166956.44371469563,135086.6529826283,4,320122.79323221423,4560.373681819996,4560.373681819996,320122.79323221423
1678435200000,168524.0476593514,135086.6529826283,4,318555.18928755843,4560.373681819996,4560.373681819996,318555.18928755843
1678449600000,173141.58644570294,135063.0781855515,4,313914.0757041301,4560.373681819996,4560.373681819996,313914.0757041301
1678464000000,164408.05331191389,164408.05331191389,0,0.0,0.0,0.0,0.0
1678478400000,164408.05331191389,164408.05331191389,0,0.0,0.0,0.0,0.0
1678492800000,164408.05331191389,164408.05331191389,0,0.0,0.0,0.0,0.0
1678507200000,164408.05331191389,164408.05331191389,0,0.0,0.0,0.0,0.0
1678521600000,164408.05331191389,164408.05331191389,0,0.0,0.0,0.0,0.0
1678536000000,164408.05331191389,164408.05331191389,0,0.0,0.0,0.0,0.0
1678550400000,164408.05331191389,164408.05331191389,0,0.0,0.0,0.0,0.0
1678564800000,164408.05331191389,164408.05331191389,0,0.0,0.0,0.0,0.0
1678579200000,164408.05331191389,164408.05331191389,0,0.0,0.0,0.0,0.0
1678593600000,164408.05331191389,164408.05331191389,0,0.0,0.0,0.0,0.0
1678608000000,164408.05331191389,164408.05331191389,0,0.0,0.0,0.0,0.0
1678622400000,164408.05331191389,164408.05331191389,0,0.0,0.0,0.0,0.0
1678636800000,164408.05331191389,164408.05331191389,0,0.0,0.0,0.0,0.0
1678651200000,164408.05331191389,164408.05331191389,0,0.0,0.0,0.0,0.0
1678665600000,164408.05331191389,164408.05331191389,0,0.0,0.0,0.0,0.0
1678680000000,164408.05331191389,164408.05331191389,0,0.0,0.0,0.0,0.0
1678694400000,164408.05331191389,164408.05331191389,0,0.0,0.0,0.0,0.0
1678708800000,164408.05331191389,164408.05331191389,0,0.0,0.0,0.0,0.0
1678723200000,164408.05331191389,164408.05331191389,0,0.0,0.0,0.0,0.0
1678737600000,164408.05331191389,164408.05331191389,0,0.0,0.0,0.0,0.0
1678752000000,164408.05331191389,164408.05331191389,0,0.0,0.0,0.0,0.0
1678766400000,164408.05331191389,164408.05331191389,0,0.0,0.0,0.0,0.0
1678780800000,164408.05331191389,164408.05331191389,0,0.0,0.0,0.0,0.0
1678795200000,164408.05331191389,164408.05331191389,0,0.0,0.0,0.0,0.0
1678809600000,164408.05331191389,164408.05331191389,0,0.0,0.0,0.0,0.0
1678824000000,164408.05331191389,164408.05331191389,0,0.0,0.0,0.0,0.0
1678838400000,164408.05331191389,164408.05331191389,0,0.0,0.0,0.0,0.0
1678852800000,164408.05331191389,164408.05331191389,0,0.0,0.0,0.0,0.0
1678867200000,164408.05331191389,164408.05331191389,0,0.0,0.0,0.0,0.0
1678881600000,164408.05331191389,164408.05331191389,0,0.0,0.0,0.0,0.0
1678896000000,164408.05331191389,164408.05331191389,0,0.0,0.0,0.0,0.0
1678910400000,164408.05331191389,164408.05331191389,0,0.0,0.0,0.0,0.0
1678924800000,164408.05331191389,164408.05331191389,0,0.0,0.0,0.0,0.0
1678939200000,164408.05331191389,164408.05331191389,0,0.0,0.0,0.0,0.0
1678953600000,164408.05331191389,164408.05331191389,0,0.0,0.0,0.0,0.0
1678968000000,164408.05331191389,164408.05331191389,0,0.0,0.0,0.0,0.0
1678982400000,164408.05331191389,164408.05331191389,0,0.0,0.0,0.0,0.0
1678996800000,164408.05331191389,164408.05331191389,0,0.0,0.0,0.0,0.0
1679011200000,164408.05331191389,164408.05331191389,0,0.0,0.0,0.0,0.0
1679025600000,164408.05331191389,164408.05331191389,0,0.0,0.0,0.0,0.0
1679040000000,164408.05331191389,164408.05331191389,0,0.0,0.0,0.0,0.0
1679054400000,164408.05331191389,164408.05331191389,0,0.0,0.0,0.0,0.0
1679068800000,164408.05331191389,164408.05331191389,0,0.0,0.0,0.0,0.0
1679083200000,164408.05331191389,164408.05331191389,0,0.0,0.0,0.0,0.0
1679097600000,164408.05331191389,164408.05331191389,0,0.0,0.0,0.0,0.0
1679112000000,164408.05331191389,164408.05331191389,0,0.0,0.0,0.0,0.0
1679126400000,164408.05331191389,164408.05331191389,0,0.0,0.0,0.0,0.0
1679140800000,164408.05331191389,164408.05331191389,0,0.0,0.0,0.0,0.0
1679155200000,164408.05331191389,164408.05331191389,0,0.0,0.0,0.0,0.0
1679169600000,164408.05331191389,164408.05331191389,0,0.0,0.0,0.0,0.0
1679184000000,164408.05331191389,164408.05331191389,0,0.0,0.0,0.0,0.0
1679198400000,164408.05331191389,164408.05331191389,0,0.0,0.0,0.0,0.0
1679212800000,164408.05331191389,164408.05331191389,0,0.0,0.0,0.0,0.0
1679227200000,164408.05331191389,164408.05331191389,0,0.0,0.0,0.0,0.0
1679241600000,164408.05331191389,164408.05331191389,0,0.0,0.0,0.0,0.0
1679256000000,164408.05331191389,164408.05331191389,0,0.0,0.0,0.0,0.0
1679270400000,164408.05331191389,164408.05331191389,0,0.0,0.0,0.0,0.0
1679284800000,164408.05331191389,164408.05331191389,0,0.0,0.0,0.0,0.0
1679299200000,164408.05331191389,164408.05331191389,0,0.0,0.0,0.0,0.0
1679313600000,164408.05331191389,164408.05331191389,0,0.0,0.0,0.0,0.0
1679328000000,164408.05331191389,164408.05331191389,0,0.0,0.0,0.0,0.0
1679342400000,164408.05331191389,164408.05331191389,0,0.0,0.0,0.0,0.0
1679356800000,164408.05331191389,164408.05331191389,0,0.0,0.0,0.0,0.0
1679371200000,164408.05331191389,164408.05331191389,0,0.0,0.0,0.0,0.0
1679385600000,164408.05331191389,164408.05331191389,0,0.0,0.0,0.0,0.0
1679400000000,164408.05331191389,164408.05331191389,0,0.0,0.0,0.0,0.0
1679414400000,164408.05331191389,164408.05331191389,0,0.0,0.0,0.0,0.0
1679428800000,164408.05331191389,164408.05331191389,0,0.0,0.0,0.0,0.0
1679443200000,164408.05331191389,164408.05331191389,0,0.0,0.0,0.0,0.0
1679457600000,164408.05331191389,164408.05331191389,0,0.0,0.0,0.0,0.0
1679472000000,164408.05331191389,164408.05331191389,0,0.0,0.0,0.0,0.0
1679486400000,164408.05331191389,164408.05331191389,0,0.0,0.0,0.0,0.0
1679500800000,164408.05331191389,164408.05331191389,0,0.0,0.0,0.0,0.0
1679515200000,164408.05331191389,164408.05331191389,0,0.0,0.0,0.0,0.0
1679529600000,164408.05331191389,164408.05331191389,0,0.0,0.0,0.0,0.0
1679544000000,164408.05331191389,164408.05331191389,0,0.0,0.0,0.0,0.0
1679558400000,164408.05331191389,164408.05331191389,0,0.0,0.0,0.0,0.0
1679572800000,164408.05331191389,164408.05331191389,0,0.0,0.0,0.0,0.0
1679587200000,164408.05331191389,164408.05331191389,0,0.0,0.0,0.0,0.0
1679601600000,164408.05331191389,164408.05331191389,0,0.0,0.0,0.0,0.0
1679616000000,164408.05331191389,164408.05331191389,0,0.0,0.0,0.0,0.0
1679630400000,164408.05331191389,164408.05331191389,0,0.0,0.0,0.0,0.0
1679644800000,164408.05331191389,164408.05331191389,0,0.0,0.0,0.0,0.0
1679659200000,164408.05331191389,164408.05331191389,0,0.0,0.0,0.0,0.0
1679673600000,164408.05331191389,164408.05331191389,0,0.0,0.0,0.0,0.0
1679688000000,164408.05331191389,164408.05331191389,0,0.0,0.0,0.0,0.0
1679702400000,164408.05331191389,164408.05331191389,0,0.0,0.0,0.0,0.0
1679716800000,164408.05331191389,164408.05331191389,0,0.0,0.0,0.0,0.0
1679731200000,164408.05331191389,164408.05331191389,0,0.0,0.0,0.0,0.0
1679745600000,164408.05331191389,164408.05331191389,0,0.0,0.0,0.0,0.0
1679760000000,164408.05331191389,164408.05331191389,0,0.0,0.0,0.0,0.0
1679774400000,164408.05331191389,164408.05331191389,0,0.0,0.0,0.0,0.0
1679788800000,164408.05331191389,164408.05331191389,0,0.0,0.0,0.0,0.0
1679803200000,164408.05331191389,164408.05331191389,0,0.0,0.0,0.0,0.0
1679817600000,164408.05331191389,164408.05331191389,0,0.0,0.0,0.0,0.0
1679832000000,164408.05331191389,164408.05331191389,0,0.0,0.0,0.0,0.0
1679846400000,164408.05331191389,164408.05331191389,0,0.0,0.0,0.0,0.0
1679860800000,164408.05331191389,164408.05331191389,0,0.0,0.0,0.0,0.0
1679875200000,164408.05331191389,164408.05331191389,0,0.0,0.0,0.0,0.0
1679889600000,164408.05331191389,164408.05331191389,0,0.0,0.0,0.0,0.0
1679904000000,164408.05331191389,164408.05331191389,0,0.0,0.0,0.0,0.0
1679918400000,164408.05331191389,164408.05331191389,0,0.0,0.0,0.0,0.0
1679932800000,164408.05331191389,164408.05331191389,0,0.0,0.0,0.0,0.0
1679947200000,164408.05331191389,164408.05331191389,0,0.0,0.0,0.0,0.0
1679961600000,162210.61603857292,164339.68062095394,2,138874.44650227268,3287.7066954510583,3287.7066954510583,138874.44650227268
1679976000000,160940.24861289668,160940.24861289668,0,0.0,0.0,0.0,0.0
1679990400000,160478.63186925877,160905.888754945,1,69146.97278910472,1609.402486128967,1609.402486128967,69146.97278910472
1680004800000,160541.1466694562,160907.88986833752,1,69086.45910229978,1609.402486128967,1609.402486128967,69086.45910229978
1680019200000,160470.5473681838,160907.88986833752,1,69157.05840357221,1609.402486128967,1609.402486128967,69157.05840357221
1680033600000,159254.8209290477,159254.8209290477,0,0.0,0.0,0.0,0.0
1680048000000,159254.8209290477,159254.8209290477,0,0.0,0.0,0.0,0.0
1680062400000,159254.8209290477,159254.8209290477,0,0.0,0.0,0.0,0.0
1680076800000,159254.8209290477,159254.8209290477,0,0.0,0.0,0.0,0.0
1680091200000,159254.8209290477,159254.8209290477,0,0.0,0.0,0.0,0.0
1680105600000,159254.8209290477,159254.8209290477,0,0.0,0.0,0.0,0.0
1680120000000,159254.8209290477,159254.8209290477,0,0.0,0.0,0.0,0.0
1680134400000,159254.8209290477,159254.8209290477,0,0.0,0.0,0.0,0.0
1680148800000,159254.8209290477,159254.8209290477,0,0.0,0.0,0.0,0.0
1680163200000,159254.8209290477,159254.8209290477,0,0.0,0.0,0.0,0.0
1680177600000,159254.8209290477,159254.8209290477,0,0.0,0.0,0.0,0.0
1680192000000,159254.8209290477,159254.8209290477,0,0.0,0.0,0.0,0.0
1680206400000,159254.8209290477,159254.8209290477,0,0.0,0.0,0.0,0.0
1680220800000,159254.8209290477,159254.8209290477,0,0.0,0.0,0.0,0.0
1680235200000,159254.8209290477,159254.8209290477,0,0.0,0.0,0.0,0.0
1680249600000,159254.8209290477,159254.8209290477,0,0.0,0.0,0.0,0.0
1680264000000,159254.8209290477,159254.8209290477,0,0.0,0.0,0.0,0.0
1680278400000,159254.8209290477,159254.8209290477,0,0.0,0.0,0.0,0.0
1680292800000,159254.8209290477,159254.8209290477,0,0.0,0.0,0.0,0.0
1680307200000,159254.8209290477,159254.8209290477,0,0.0,0.0,0.0,0.0
1680321600000,159254.8209290477,159254.8209290477,0,0.0,0.0,0.0,0.0
1680336000000,159254.8209290477,159254.8209290477,0,0.0,0.0,0.0,0.0
1680350400000,159254.8209290477,159254.8209290477,0,0.0,0.0,0.0,0.0
1680364800000,159254.8209290477,159254.8209290477,0,0.0,0.0,0.0,0.0
1680379200000,159254.8209290477,159254.8209290477,0,0.0,0.0,0.0,0.0
1680393600000,159254.8209290477,159254.8209290477,0,0.0,0.0,0.0,0.0
1680408000000,159254.8209290477,159254.8209290477,0,0.0,0.0,0.0,0.0
1680422400000,159254.8209290477,159254.8209290477,0,0.0,0.0,0.0,0.0
1680436800000,159254.8209290477,159254.8209290477,0,0.0,0.0,0.0,0.0
1680451200000,159254.8209290477,159254.8209290477,0,0.0,0.0,0.0,0.0
1680465600000,159254.8209290477,159254.8209290477,0,0.0,0.0,0.0,0.0
1680480000000,159254.8209290477,159254.8209290477,0,0.0,0.0,0.0,0.0
1680494400000,159254.8209290477,159254.8209290477,0,0.0,0.0,0.0,0.0
1680508800000,158361.23631327253,159217.85781103614,1,74782.8575208852,1592.5482092904772,1592.5482092904772,74782.8575208852
1680523200000,157574.20377634204,157574.20377634204,0,0.0,0.0,0.0,0.0
1680537600000,157574.20377634204,157574.20377634204,0,0.0,0.0,0.0,0.0
1680552000000,157574.20377634204,157574.20377634204,0,0.0,0.0,0.0,0.0
1680566400000,157574.20377634204,157574.20377634204,0,0.0,0.0,0.0,0.0
1680580800000,157574.20377634204,157574.20377634204,0,0.0,0.0,0.0,0.0
1680595200000,157574.20377634204,157574.20377634204,0,0.0,0.0,0.0,0.0
1680609600000,157574.20377634204,157574.20377634204,0,0.0,0.0,0.0,0.0
1680624000000,157574.20377634204,157574.20377634204,0,0.0,0.0,0.0,0.0
1680638400000,157574.20377634204,157574.20377634204,0,0.0,0.0,0.0,0.0
1680652800000,157574.20377634204,157574.20377634204,0,0.0,0.0,0.0,0.0
1680667200000,160470.26849309984,157508.6436184951,1,134081.94056849397,3151.484075526841,0.0,0.0
1680681600000,160318.7721931234,157508.6436184951,1,133930.44426851752,3151.484075526841,0.0,0.0
1680696000000,160611.17723568602,157495.25057406822,1,134236.242355507,3151.484075526841,0.0,0.0
1680710400000,159396.40134883794,157495.25057406822,1,133021.46646865894,3151.484075526841,0.0,0.0
1680724800000,160217.03022382062,157481.94842742136,1,133855.39749028845,3151.484075526841,0.0,0.0
1680739200000,160146.8930479056,157481.94842742136,1,133785.26031437344,3151.484075526841,0.0,0.0
1680753600000,159475.28810809358,157475.24391528367,1,133120.3598866991,3151.484075526841,0.0,0.0
1680768000000,158097.09260136352,157475.24391528367,1,131742.16437996904,3151.484075526841,0.0,0.0
1680782400000,157345.40333396898,157467.0087125883,1,130998.71031526988,3151.484075526841,0.0,0.0
1680796800000,157740.2756343705,157467.0087125883,1,131393.58261567145,3151.484075526841,0.0,0.0
1680811200000,157523.96798524176,157466.7235652778,1,131177.56011385316,3151.484075526841,0.0,0.0
1680825600000,157596.2092764342,157466.7235652778,1,131249.80140504564,3151.484075526841,0.0,0.0
1680840000000,157914.69689248936,157463.98291564215,1,131571.02967073643,3151.484075526841,0.0,0.0
1680854400000,156098.14403629047,157463.98291564215,1,129754.47681453751,3151.484075526841,0.0,0.0
1680868800000,155998.12454720642,155998.12454720642,0,0.0,0.0,0.0,0.0
1680883200000,155099.65467043556,155950.1803424747,1,96738.93513548182,1559.9812454720643,1559.9812454720643,96738.93513548182
1680897600000,155329.15036736173,155938.8193219324,1,96498.07841801335,1559.9812454720643,1559.9812454720643,96498.07841801335
1680912000000,155119.37193601823,155938.8193219324,1,96707.85684935686,1559.9812454720643,1559.9812454720643,96707.85684935686
1680926400000,155277.24495256177,155933.53133631987,1,96544.6958472008,1559.9812454720643,1559.9812454720643,96544.6958472008
1680940800000,154974.23166284338,155933.53133631987,1,96847.7091369192,1559.9812454720643,1559.9812454720643,96847.7091369192
1680955200000,155334.10205569994,155936.00143873933,1,96490.3088464821,1559.9812454720643,1559.9812454720643,96490.3088464821
1680969600000,155116.55405282517,155936.00143873933,1,96707.85684935686,1559.9812454720643,1559.9812454720643,96707.85684935686
1680984000000,156084.1112210006,155932.36216550964,1,95736.66040795173,1559.9812454720643,1559.9812454720643,95736.66040795173
1680998400000,155711.17178750105,155932.36216550964,1,96109.5998414513,1559.9812454720643,1559.9812454720643,96109.5998414513
1681012800000,155145.64917708584,155918.47913381254,1,96661.23942016941,1559.9812454720643,1559.9812454720643,96661.23942016941
1681027200000,155518.5886105854,155918.47913381254,1,96288.29998666985,1559.9812454720643,1559.9812454720643,96288.29998666985
1681041600000,155321.77918020784,155915.90899171602,1,96482.53927495088,1559.9812454720643,1559.9812454720643,96482.53927495088
1681056000000,155329.5487517391,155915.90899171602,1,96474.76970341963,1559.9812454720643,1559.9812454720643,96474.76970341963
1681070400000,154780.2005467906,155918.20036548565,1,97026.40928213774,1559.9812454720643,1559.9812454720643,97026.40928213774
1681084800000,154289.9955016783,154289.9955016783,0,0.0,0.0,0.0,0.0
1681099200000,154289.9955016783,154289.9955016783,0,0.0,0.0,0.0,0.0
1681113600000,154289.9955016783,154289.9955016783,0,0.0,0.0,0.0,0.0
1681128000000,154258.63950044426,154173.22926589183,1,233617.88180749674,3085.799910033566,0.0,0.0
1681142400000,155360.08485986717,154173.22926589183,1,234719.32716691965,3085.799910033566,0.0,0.0
1681156800000,161432.45768722604,154158.75412498545,1,240806.1751351849,3085.799910033566,0.0,0.0
1681171200000,165215.68305220042,154158.75412498545,1,244589.40050015927,3085.799910033566,0.0,0.0
1681185600000,169176.73535148203,154134.29161921874,1,248574.9153052076,3085.799910033566,0.0,0.0
1681200000000,169090.0398771646,154134.29161921874,1,248488.2198308902,3085.799910033566,0.0,0.0
1681214400000,168649.878449642,154109.44279723565,1,248072.90722535067,3085.799910033566,0.0,0.0
1681228800000,169759.58052090468,154109.44279723565,1,249182.60929661337,3085.799910033566,0.0,0.0
1681243200000,169259.90032844633,154084.52353556303,1,248707.8483658276,3085.799910033566,0.0,0.0
1681257600000,169781.72451671865,154084.52353556303,1,249229.67255409993,3085.799910033566,0.0,0.0
1681272000000,167526.05180046317,154060.64002959256,1,246997.88334381496,3085.799910033566,0.0,0.0
1681286400000,168059.4353853112,154060.64002959256,1,247531.26692866295,3085.799910033566,0.0,0.0
1681300800000,168239.78829569236,154040.35484226776,1,247731.9050263689,3085.799910033566,0.0,0.0
1681315200000,167779.88944621815,154040.35484226776,1,247272.00617689473,3085.799910033566,0.0,0.0
1681329600000,166466.88077766955,154036.03500031985,1,245963.317350294,3085.799910033566,0.0,0.0
1681344000000,167172.82963996835,154036.03500031985,1,246669.26621259283,3085.799910033566,0.0,0.0
1681358400000,168661.58775679307,154019.59454875777,1,248174.46478097962,3085.799910033566,0.0,0.0
1681372800000,168635.16627890585,154019.59454875777,1,248148.0433030924,3085.799910033566,0.0,0.0
1681387200000,169409.3937320171,154008.60870590858,1,248933.25659905284,3085.799910033566,0.0,0.0
1681401600000,171665.95307782135,154008.60870590858,1,251189.81594485708,3085.799910033566,0.0,0.0
1681416000000,170820.11211430954,153983.48489926814,1,250369.0987879857,3085.799910033566,0.0,0.0
1681430400000,171147.07790316374,153983.48489926814,1,250696.0645768399,3085.799910033566,0.0,0.0
1681444800000,173805.19673093286,153983.7681858211,1,253353.90011805607,3085.799910033566,0.0,0.0
1681459200000,174261.79289567118,153983.7681858211,1,253810.4962827944,3085.799910033566,0.0,0.0
1681473600000,174650.07311563636,153958.38714261472,1,254224.15754596595,3085.799910033566,0.0,0.0
1681488000000,169999.06733630403,153958.38714261472,1,249573.15176663361,3085.799910033566,0.0,0.0
1681502400000,170688.22234826337,153949.85000411503,1,250270.8439170927,3085.799910033566,0.0,0.0
1681516800000,171859.84975832418,153949.85000411503,1,251442.47132715347,3085.799910033566,0.0,0.0
1681531200000,171162.28195213797,153962.3594161475,1,250732.3941089348,3085.799910033566,0.0,0.0
1681545600000,171570.9891882057,153962.3594161475,1,251141.10134500253,3085.799910033566,0.0,0.0
1681560000000,171173.2459243316,153941.12221216608,1,250764.59528510986,3085.799910033566,0.0,0.0
1681574400000,170751.3279493203,153941.12221216608,1,250342.67731009852,3085.799910033566,0.0,0.0
1681588800000,170717.21138113266,153916.0880270022,1,250333.59492707477,3085.799910033566,0.0,0.0
1681603200000,170400.1536464862,153916.0880270022,1,250016.5371924283,3085.799910033566,0.0,0.0
1681617600000,170207.30508940623,170207.30508940623,0,0.0,0.0,0.0,0.0
1681632000000,170207.30508940623,170207.30508940623,0,0.0,0.0,0.0,0.0
1681646400000,170207.30508940623,170207.30508940623,0,0.0,0.0,0.0,0.0
1681660800000,170207.30508940623,170207.30508940623,0,0.0,0.0,0.0,0.0
1681675200000,170207.30508940623,170207.30508940623,0,0.0,0.0,0.0,0.0
1681689600000,170207.30508940623,170207.30508940623,0,0.0,0.0,0.0,0.0
1681704000000,170207.30508940623,170207.30508940623,0,0.0,0.0,0.0,0.0
1681718400000,170207.30508940623,170207.30508940623,0,0.0,0.0,0.0,0.0
1681732800000,170207.30508940623,170207.30508940623,0,0.0,0.0,0.0,0.0
1681747200000,170207.30508940623,170207.30508940623,0,0.0,0.0,0.0,0.0
1681761600000,170207.30508940623,170207.30508940623,0,0.0,0.0,0.0,0.0
1681776000000,170207.30508940623,170207.30508940623,0,0.0,0.0,0.0,0.0
1681790400000,170207.30508940623,170207.30508940623,0,0.0,0.0,0.0,0.0
1681804800000,170207.30508940623,170207.30508940623,0,0.0,0.0,0.0,0.0
1681819200000,170207.30508940623,170207.30508940623,0,0.0,0.0,0.0,0.0
1681833600000,170207.30508940623,170207.30508940623,0,0.0,0.0,0.0,0.0
1681848000000,170207.30508940623,170207.30508940623,0,0.0,0.0,0.0,0.0
1681862400000,170207.30508940623,170207.30508940623,0,0.0,0.0,0.0,0.0
1681876800000,170207.30508940623,170207.30508940623,0,0.0,0.0,0.0,0.0
1681891200000,170207.30508940623,170207.30508940623,0,0.0,0.0,0.0,0.0
1681905600000,170207.30508940623,170207.30508940623,0,0.0,0.0,0.0,0.0
1681920000000,170207.30508940623,170207.30508940623,0,0.0,0.0,0.0,0.0
1681934400000,170207.30508940623,170207.30508940623,0,0.0,0.0,0.0,0.0
1681948800000,170207.30508940623,170207.30508940623,0,0.0,0.0,0.0,0.0
1681963200000,170207.30508940623,170207.30508940623,0,0.0,0.0,0.0,0.0
1681977600000,170207.30508940623,170207.30508940623,0,0.0,0.0,0.0,0.0
1681992000000,170207.30508940623,170207.30508940623,0,0.0,0.0,0.0,0.0
1682006400000,170207.30508940623,170207.30508940623,0,0.0,0.0,0.0,0.0
1682020800000,170207.30508940623,170207.30508940623,0,0.0,0.0,0.0,0.0
1682035200000,170207.30508940623,170207.30508940623,0,0.0,0.0,0.0,0.0
1682049600000,170207.30508940623,170207.30508940623,0,0.0,0.0,0.0,0.0
1682064000000,170207.30508940623,170207.30508940623,0,0.0,0.0,0.0,0.0
1682078400000,170207.30508940623,170207.30508940623,0,0.0,0.0,0.0,0.0
1682092800000,170207.30508940623,170207.30508940623,0,0.0,0.0,0.0,0.0
1682107200000,170207.30508940623,170207.30508940623,0,0.0,0.0,0.0,0.0
1682121600000,170207.30508940623,170207.30508940623,0,0.0,0.0,0.0,0.0
1682136000000,170207.30508940623,170207.30508940623,0,0.0,0.0,0.0,0.0
1682150400000,170207.30508940623,170207.30508940623,0,0.0,0.0,0.0,0.0
1682164800000,170207.30508940623,170207.30508940623,0,0.0,0.0,0.0,0.0
1682179200000,170207.30508940623,170207.30508940623,0,0.0,0.0,0.0,0.0
1682193600000,170207.30508940623,170207.30508940623,0,0.0,0.0,0.0,0.0
1682208000000,170207.30508940623,170207.30508940623,0,0.0,0.0,0.0,0.0
1682222400000,170207.30508940623,170207.30508940623,0,0.0,0.0,0.0,0.0
1682236800000,170207.30508940623,170207.30508940623,0,0.0,0.0,0.0,0.0
1682251200000,170207.30508940623,170207.30508940623,0,0.0,0.0,0.0,0.0
1682265600000,170207.30508940623,170207.30508940623,0,0.0,0.0,0.0,0.0
1682280000000,170207.30508940623,170207.30508940623,0,0.0,0.0,0.0,0.0
1682294400000,170207.30508940623,170207.30508940623,0,0.0,0.0,0.0,0.0
1682308800000,170207.30508940623,170207.30508940623,0,0.0,0.0,0.0,0.0
1682323200000,170207.30508940623,170207.30508940623,0,0.0,0.0,0.0,0.0
1682337600000,170207.30508940623,170207.30508940623,0,0.0,0.0,0.0,0.0
1682352000000,170207.30508940623,170207.30508940623,0,0.0,0.0,0.0,0.0
1682366400000,170207.30508940623,170207.30508940623,0,0.0,0.0,0.0,0.0
1682380800000,170207.30508940623,170207.30508940623,0,0.0,0.0,0.0,0.0
1682395200000,170207.30508940623,170207.30508940623,0,0.0,0.0,0.0,0.0
1682409600000,170207.30508940623,170207.30508940623,0,0.0,0.0,0.0,0.0
1682424000000,170207.30508940623,170207.30508940623,0,0.0,0.0,0.0,0.0
1682438400000,170207.30508940623,170207.30508940623,0,0.0,0.0,0.0,0.0
1682452800000,170207.30508940623,170207.30508940623,0,0.0,0.0,0.0,0.0
1682467200000,170207.30508940623,170207.30508940623,0,0.0,0.0,0.0,0.0
1682481600000,170207.30508940623,170207.30508940623,0,0.0,0.0,0.0,0.0
1682496000000,170207.30508940623,170207.30508940623,0,0.0,0.0,0.0,0.0
1682510400000,170207.30508940623,170207.30508940623,0,0.0,0.0,0.0,0.0
1682524800000,170207.30508940623,170207.30508940623,0,0.0,0.0,0.0,0.0
1682539200000,170207.30508940623,170207.30508940623,0,0.0,0.0,0.0,0.0
1682553600000,170207.30508940623,170207.30508940623,0,0.0,0.0,0.0,0.0
1682568000000,170207.30508940623,170207.30508940623,0,0.0,0.0,0.0,0.0
1682582400000,170207.30508940623,170207.30508940623,0,0.0,0.0,0.0,0.0
1682596800000,170207.30508940623,170207.30508940623,0,0.0,0.0,0.0,0.0
1682611200000,170207.30508940623,170207.30508940623,0,0.0,0.0,0.0,0.0
1682625600000,170207.30508940623,170207.30508940623,0,0.0,0.0,0.0,0.0
1682640000000,170207.30508940623,170207.30508940623,0,0.0,0.0,0.0,0.0
1682654400000,170207.30508940623,170207.30508940623,0,0.0,0.0,0.0,0.0
1682668800000,170207.30508940623,170207.30508940623,0,0.0,0.0,0.0,0.0
1682683200000,170207.30508940623,170207.30508940623,0,0.0,0.0,0.0,0.0
1682697600000,170207.30508940623,170207.30508940623,0,0.0,0.0,0.0,0.0
1682712000000,170207.30508940623,170207.30508940623,0,0.0,0.0,0.0,0.0
1682726400000,170207.30508940623,170207.30508940623,0,0.0,0.0,0.0,0.0
1682740800000,170207.30508940623,170207.30508940623,0,0.0,0.0,0.0,0.0
1682755200000,170207.30508940623,170207.30508940623,0,0.0,0.0,0.0,0.0
1682769600000,170207.30508940623,170207.30508940623,0,0.0,0.0,0.0,0.0
1682784000000,170207.30508940623,170207.30508940623,0,0.0,0.0,0.0,0.0
1682798400000,170207.30508940623,170207.30508940623,0,0.0,0.0,0.0,0.0
1682812800000,170207.30508940623,170207.30508940623,0,0.0,0.0,0.0,0.0
1682827200000,170207.30508940623,170207.30508940623,0,0.0,0.0,0.0,0.0
1682841600000,170207.30508940623,170207.30508940623,0,0.0,0.0,0.0,0.0
1682856000000,170207.30508940623,170207.30508940623,0,0.0,0.0,0.0,0.0
1682870400000,170207.30508940623,170207.30508940623,0,0.0,0.0,0.0,0.0
1682884800000,170207.30508940623,170207.30508940623,0,0.0,0.0,0.0,0.0
1682899200000,170207.30508940623,170207.30508940623,0,0.0,0.0,0.0,0.0
1682913600000,170207.30508940623,170207.30508940623,0,0.0,0.0,0.0,0.0
1682928000000,170207.30508940623,170207.30508940623,0,0.0,0.0,0.0,0.0
1682942400000,170207.30508940623,170207.30508940623,0,0.0,0.0,0.0,0.0
1682956800000,170207.30508940623,170207.30508940623,0,0.0,0.0,0.0,0.0
1682971200000,170207.30508940623,170207.30508940623,0,0.0,0.0,0.0,0.0
1682985600000,168809.84323180682,170113.33146186284,1,189250.7433168636,3404.146101788125,3404.146101788125,189250.7433168636
1683000000000,167759.3084488526,170132.25653619453,1,190320.20317414956,3404.146101788125,3404.146101788125,190320.20317414956
1683014400000,166929.93141667166,170132.25653619453,1,191149.5802063305,3404.146101788125,3404.146101788125,191149.5802063305
1683028800000,166609.38758595992,166609.38758595992,0,0.0,0.0,0.0,0.0
1683043200000,166609.38758595992,166609.38758595992,0,0.0,0.0,0.0,0.0
1683057600000,166609.38758595992,166609.38758595992,0,0.0,0.0,0.0,0.0
1683072000000,166609.38758595992,166609.38758595992,0,0.0,0.0,0.0,0.0
1683086400000,166609.38758595992,166609.38758595992,0,0.0,0.0,0.0,0.0
1683100800000,166609.38758595992,166609.38758595992,0,0.0,0.0,0.0,0.0
1683115200000,166609.38758595992,166609.38758595992,0,0.0,0.0,0.0,0.0
1683129600000,166609.38758595992,166609.38758595992,0,0.0,0.0,0.0,0.0
1683144000000,166609.38758595992,166609.38758595992,0,0.0,0.0,0.0,0.0
1683158400000,166609.38758595992,166609.38758595992,0,0.0,0.0,0.0,0.0
1683172800000,166609.38758595992,166609.38758595992,0,0.0,0.0,0.0,0.0
1683187200000,166609.38758595992,166609.38758595992,0,0.0,0.0,0.0,0.0
1683201600000,166609.38758595992,166609.38758595992,0,0.0,0.0,0.0,0.0
1683216000000,166609.38758595992,166609.38758595992,0,0.0,0.0,0.0,0.0
1683230400000,166609.38758595992,166609.38758595992,0,0.0,0.0,0.0,0.0
1683244800000,166609.38758595992,166609.38758595992,0,0.0,0.0,0.0,0.0
1683259200000,166609.38758595992,166609.38758595992,0,0.0,0.0,0.0,0.0
1683273600000,166609.38758595992,166609.38758595992,0,0.0,0.0,0.0,0.0
1683288000000,166609.38758595992,166609.38758595992,0,0.0,0.0,0.0,0.0
1683302400000,166609.38758595992,166609.38758595992,0,0.0,0.0,0.0,0.0
1683316800000,166609.38758595992,166609.38758595992,0,0.0,0.0,0.0,0.0
1683331200000,166609.38758595992,166609.38758595992,0,0.0,0.0,0.0,0.0
1683345600000,166609.38758595992,166609.38758595992,0,0.0,0.0,0.0,0.0
1683360000000,166609.38758595992,166609.38758595992,0,0.0,0.0,0.0,0.0
1683374400000,166609.38758595992,166609.38758595992,0,0.0,0.0,0.0,0.0
1683388800000,166609.38758595992,166609.38758595992,0,0.0,0.0,0.0,0.0
1683403200000,163075.14784152564,163075.14784152564,0,0.0,0.0,0.0,0.0
1683417600000,164043.51421468414,162994.2547466749,1,160736.9302334284,3261.502956830513,3261.502956830513,160736.9302334284
1683432000000,164297.18223234382,162996.83166928118,1,160485.83913837498,3261.502956830513,3261.502956830513,160485.83913837498
1683446400000,163254.18845289116,162996.83166928118,1,161528.83291782765,3261.502956830513,3261.502956830513,161528.83291782765
1683460800000,163547.17021432018,163000.0929364178,1,161239.11242353526,3261.502956830513,3261.502956830513,161239.11242353526
1683475200000,162890.4704272574,163000.0929364178,1,161895.81221059803,3261.502956830513,3261.502956830513,161895.81221059803
1683489600000,162256.4770570799,163003.4846536836,1,162533.19729804134,3261.502956830513,3261.502956830513,162533.19729804134
1683504000000,163763.02362740043,163003.4846536836,1,161026.65072772081,3261.502956830513,3261.502956830513,161026.65072772081
1683518400000,173816.6295762763,169278.60044048395,2,207224.93211440183,3268.508194177683,3268.508194177683,207224.93211440183
1683532800000,174982.85770072043,172314.29630895198,1,78224.53345895038,1630.7514784152565,1630.7514784152565,78224.53345895038
1683547200000,173996.85833040587,172217.55125584532,2,284387.6377097585,5130.526469866868,5130.526469866868,284387.6377097585
1683561600000,175872.8126377187,172217.55125584532,2,282511.68340244563,5130.526469866868,5130.526469866868,282511.68340244563
1683576000000,186015.62205835019,175662.35068926163,2,173176.7484484304,3380.638974141062,3380.638974141062,173176.7484484304
1683590400000,184187.2037589281,178302.74488051393,1,75008.63597230463,1630.7514784152565,1630.7514784152565,75008.63597230463
1683604800000,183786.9933026956,178298.48576648106,1,75404.58731450426,1630.7514784152565,1630.7514784152565,75404.58731450426
1683619200000,183217.20966392054,178298.48576648106,1,75974.37095327933,1630.7514784152565,1630.7514784152565,75974.37095327933
1683633600000,183164.59145110528,183164.59145110528,0,0.0,0.0,0.0,0.0
1683648000000,183164.59145110528,183164.59145110528,0,0.0,0.0,0.0,0.0
1683662400000,183164.59145110528,183164.59145110528,0,0.0,0.0,0.0,0.0
1683676800000,183164.59145110528,183164.59145110528,0,0.0,0.0,0.0,0.0
1683691200000,183164.59145110528,183164.59145110528,0,0.0,0.0,0.0,0.0
1683705600000,183164.59145110528,183164.59145110528,0,0.0,0.0,0.0,0.0
1683720000000,183164.59145110528,183164.59145110528,0,0.0,0.0,0.0,0.0
1683734400000,183164.59145110528,183164.59145110528,0,0.0,0.0,0.0,0.0
1683748800000,183164.59145110528,183164.59145110528,0,0.0,0.0,0.0,0.0
1683763200000,183164.59145110528,183164.59145110528,0,0.0,0.0,0.0,0.0
1683777600000,183164.59145110528,183164.59145110528,0,0.0,0.0,0.0,0.0
1683792000000,183164.59145110528,183164.59145110528,0,0.0,0.0,0.0,0.0
1683806400000,183164.59145110528,183164.59145110528,0,0.0,0.0,0.0,0.0
1683820800000,183164.59145110528,183164.59145110528,0,0.0,0.0,0.0,0.0
1683835200000,183164.59145110528,183164.59145110528,0,0.0,0.0,0.0,0.0
1683849600000,183164.59145110528,183164.59145110528,0,0.0,0.0,0.0,0.0
1683864000000,183164.59145110528,183164.59145110528,0,0.0,0.0,0.0,0.0
1683878400000,183164.59145110528,183164.59145110528,0,0.0,0.0,0.0,0.0
1683892800000,183164.59145110528,183164.59145110528,0,0.0,0.0,0.0,0.0
1683907200000,183164.59145110528,183164.59145110528,0,0.0,0.0,0.0,0.0
1683921600000,183164.59145110528,183164.59145110528,0,0.0,0.0,0.0,0.0
1683936000000,183164.59145110528,183164.59145110528,0,0.0,0.0,0.0,0.0
1683950400000,183164.59145110528,183164.59145110528,0,0.0,0.0,0.0,0.0
1683964800000,183164.59145110528,183164.59145110528,0,0.0,0.0,0.0,0.0
1683979200000,183164.59145110528,183164.59145110528,0,0.0,0.0,0.0,0.0
1683993600000,183164.59145110528,183164.59145110528,0,0.0,0.0,0.0,0.0
1684008000000,183164.59145110528,183164.59145110528,0,0.0,0.0,0.0,0.0
1684022400000,183164.59145110528,183164.59145110528,0,0.0,0.0,0.0,0.0
1684036800000,183164.59145110528,183164.59145110528,0,0.0,0.0,0.0,0.0
1684051200000,183164.59145110528,183164.59145110528,0,0.0,0.0,0.0,0.0
1684065600000,183164.59145110528,183164.59145110528,0,0.0,0.0,0.0,0.0
1684080000000,183164.59145110528,183164.59145110528,0,0.0,0.0,0.0,0.0
1684094400000,183164.59145110528,183164.59145110528,0,0.0,0.0,0.0,0.0
1684108800000,183164.59145110528,183164.59145110528,0,0.0,0.0,0.0,0.0
1684123200000,183164.59145110528,183164.59145110528,0,0.0,0.0,0.0,0.0
1684137600000,183164.59145110528,183164.59145110528,0,0.0,0.0,0.0,0.0
1684152000000,183164.59145110528,183164.59145110528,0,0.0,0.0,0.0,0.0
1684166400000,183164.59145110528,183164.59145110528,0,0.0,0.0,0.0,0.0
1684180800000,183164.59145110528,183164.59145110528,0,0.0,0.0,0.0,0.0
1684195200000,183164.59145110528,183164.59145110528,0,0.0,0.0,0.0,0.0
1684209600000,183164.59145110528,183164.59145110528,0,0.0,0.0,0.0,0.0
1684224000000,183164.59145110528,183164.59145110528,0,0.0,0.0,0.0,0.0
1684238400000,183164.59145110528,183164.59145110528,0,0.0,0.0,0.0,0.0
1684252800000,183164.59145110528,183164.59145110528,0,0.0,0.0,0.0,0.0
1684267200000,183164.59145110528,183164.59145110528,0,0.0,0.0,0.0,0.0
1684281600000,181238.9397112388,183062.03790144235,1,206930.1975160516,3663.291829022106,3663.291829022106,206930.1975160516
1684296000000,179258.89936189898,179258.89936189898,0,0.0,0.0,0.0,0.0
1684310400000,179258.89936189898,179258.89936189898,0,0.0,0.0,0.0,0.0
1684324800000,179258.89936189898,179258.89936189898,0,0.0,0.0,0.0,0.0
1684339200000,177856.72536408462,179042.06898866512,1,434846.0900923108,3585.17798723798,3585.17798723798,434846.0900923108
1684353600000,175142.85200730094,175142.85200730094,0,0.0,0.0,0.0,0.0
1684368000000,175142.85200730094,175142.85200730094,0,0.0,0.0,0.0,0.0
1684382400000,175142.85200730094,175142.85200730094,0,0.0,0.0,0.0,0.0
1684396800000,175142.85200730094,175142.85200730094,0,0.0,0.0,0.0,0.0
1684411200000,175142.85200730094,175142.85200730094,0,0.0,0.0,0.0,0.0
1684425600000,175142.85200730094,175142.85200730094,0,0.0,0.0,0.0,0.0
1684440000000,175142.85200730094,175142.85200730094,0,0.0,0.0,0.0,0.0
1684454400000,173754.43161741458,175036.98331408994,1,213019.93811867767,3502.857040146019,3502.857040146019,213019.93811867767
1684468800000,174736.78007497697,175040.22986517765,1,212040.836212203,3502.857040146019,3502.857040146019,212040.836212203
1684483200000,173757.6781685023,175040.22986517765,1,213019.93811867767,3502.857040146019,3502.857040146019,213019.93811867767
1684497600000,174487.7665939411,175052.31022586836,1,212301.93005392957,3502.857040146019,3502.857040146019,212301.93005392957
1684512000000,174324.582942862,175052.31022586836,1,212465.11370500867,3502.857040146019,3502.857040146019,212465.11370500867
1684526400000,174984.56782454625,175059.56050323616,1,211812.37910069223,3502.857040146019,3502.857040146019,211812.37910069223
1684540800000,174397.10668066144,175059.56050323616,1,212399.84024457703,3502.857040146019,3502.857040146019,212399.84024457703
1684555200000,174735.26217395323,175071.34869436975,1,212073.47294241883,3502.857040146019,3502.857040146019,212073.47294241883
1684569600000,175257.4498574064,175071.34869436975,1,211551.28525896565,3502.857040146019,3502.857040146019,211551.28525896565
1684584000000,174971.59745532708,175079.2268642328,1,211845.01583090803,3502.857040146019,3502.857040146019,211845.01583090803
1684598400000,174775.7770740321,175079.2268642328,1,212040.836212203,3502.857040146019,3502.857040146019,212040.836212203
1684612800000,174749.48036481903,175085.56688523554,1,212073.47294241883,3502.857040146019,3502.857040146019,212073.47294241883
1684627200000,174716.84363460322,175085.56688523554,1,212106.10967263463,3502.857040146019,3502.857040146019,212106.10967263463
1684641600000,174515.6993899555,175080.24302188275,1,212301.93005392957,3502.857040146019,3502.857040146019,212301.93005392957
1684656000000,174613.60958060296,175080.24302188275,1,212204.0198632821,3502.857040146019,3502.857040146019,212204.0198632821
1684670400000,176091.33131265125,175089.311894219,1,210735.36700357005,3502.857040146019,3502.857040146019,210735.36700357005
1684684800000,177462.0739817158,175089.311894219,1,209364.6243345055,3502.857040146019,3502.857040146019,209364.6243345055
1684699200000,177316.22166088002,175106.6432244623,1,209527.8079855846,3502.857040146019,3502.857040146019,209527.8079855846
1684713600000,177153.03800980092,175106.6432244623,1,209690.9916366637,3502.857040146019,3502.857040146019,209690.9916366637
1684728000000,178525.10305603396,174955.4526401848,2,532510.6700217348,7045.484683392326,7045.484683392326,532510.6700217348
1684742400000,175064.84398641426,174831.19952732133,3,784352.9017054569,10615.086362010705,10615.086362010705,784352.9017054569
1684756800000,169845.69005715701,169845.69005715701,0,0.0,0.0,0.0,0.0
1684771200000,169845.69005715701,169845.69005715701,0,0.0,0.0,0.0,0.0
1684785600000,169845.69005715701,169845.69005715701,0,0.0,0.0,0.0,0.0
1684800000000,169845.69005715701,169845.69005715701,0,0.0,0.0,0.0,0.0
1684814400000,169845.69005715701,169845.69005715701,0,0.0,0.0,0.0,0.0
1684828800000,169845.69005715701,169845.69005715701,0,0.0,0.0,0.0,0.0
1684843200000,169845.69005715701,169845.69005715701,0,0.0,0.0,0.0,0.0
1684857600000,169845.69005715701,169845.69005715701,0,0.0,0.0,0.0,0.0
1684872000000,169845.69005715701,169845.69005715701,0,0.0,0.0,0.0,0.0
1684886400000,169845.69005715701,169845.69005715701,0,0.0,0.0,0.0,0.0
1684900800000,169845.69005715701,169845.69005715701,0,0.0,0.0,0.0,0.0
1684915200000,169845.69005715701,169845.69005715701,0,0.0,0.0,0.0,0.0
1684929600000,168846.86021486926,169561.60986296242,2,568875.1380372788,6790.069091025009,6790.069091025009,568875.1380372788
1684944000000,174351.08671963573,169472.07892258101,3,742343.2613549245,10130.811612892154,10130.811612892154,742343.2613549245
1684958400000,174687.96316144557,169493.65388716778,3,742027.9598777014,10130.811612892154,10130.811612892154,742027.9598777014
1684972800000,170541.08134474617,168254.337405177,2,476485.7781756639,6733.897811749015,6733.897811749015,476485.7781756639
1684987200000,178257.2293606127,174780.23502412296,2,235909.2667211268,3366.9489058745075,3366.9489058745075,235909.2667211268
1685001600000,179181.78852566352,174780.23502412296,2,234984.707556076,3366.9489058745075,3366.9489058745075,234984.707556076
1685016000000,177648.25814306177,174759.4846772388,2,236497.4875917936,3366.9489058745075,3366.9489058745075,236497.4875917936
1685030400000,177366.08447253727,175506.7250883623,1,87671.5809972218,1670.3712609335732,1670.3712609335732,87671.5809972218
1685044800000,176139.16144820253,176139.16144820253,0,0.0,0.0,0.0,0.0
1685059200000,176139.16144820253,176139.16144820253,0,0.0,0.0,0.0,0.0
1685073600000,176139.16144820253,176139.16144820253,0,0.0,0.0,0.0,0.0
1685088000000,176139.16144820253,176139.16144820253,0,0.0,0.0,0.0,0.0
1685102400000,176139.16144820253,176139.16144820253,0,0.0,0.0,0.0,0.0
1685116800000,176139.16144820253,176139.16144820253,0,0.0,0.0,0.0,0.0
1685131200000,176139.16144820253,176139.16144820253,0,0.0,0.0,0.0,0.0
1685145600000,176139.16144820253,176139.16144820253,0,0.0,0.0,0.0,0.0
1685160000000,176139.16144820253,176139.16144820253,0,0.0,0.0,0.0,0.0
1685174400000,176139.16144820253,176139.16144820253,0,0.0,0.0,0.0,0.0
1685188800000,176139.16144820253,176139.16144820253,0,0.0,0.0,0.0,0.0
1685203200000,176139.16144820253,176139.16144820253,0,0.0,0.0,0.0,0.0
1685217600000,176139.16144820253,176139.16144820253,0,0.0,0.0,0.0,0.0
1685232000000,176139.16144820253,176139.16144820253,0,0.0,0.0,0.0,0.0
1685246400000,176139.16144820253,176139.16144820253,0,0.0,0.0,0.0,0.0
1685260800000,176139.16144820253,176139.16144820253,0,0.0,0.0,0.0,0.0
1685275200000,176139.16144820253,176139.16144820253,0,0.0,0.0,0.0,0.0
1685289600000,176139.16144820253,176139.16144820253,0,0.0,0.0,0.0,0.0
1685304000000,176139.16144820253,176139.16144820253,0,0.0,0.0,0.0,0.0
1685318400000,176139.16144820253,176139.16144820253,0,0.0,0.0,0.0,0.0
1685332800000,176139.16144820253,176139.16144820253,0,0.0,0.0,0.0,0.0
1685347200000,176139.16144820253,176139.16144820253,0,0.0,0.0,0.0,0.0
1685361600000,176139.16144820253,176139.16144820253,0,0.0,0.0,0.0,0.0
1685376000000,176139.16144820253,176139.16144820253,0,0.0,0.0,0.0,0.0
1685390400000,176139.16144820253,176139.16144820253,0,0.0,0.0,0.0,0.0
1685404800000,176139.16144820253,176139.16144820253,0,0.0,0.0,0.0,0.0
1685419200000,176139.16144820253,176139.16144820253,0,0.0,0.0,0.0,0.0
1685433600000,176139.16144820253,176139.16144820253,0,0.0,0.0,0.0,0.0
1685448000000,176139.16144820253,176139.16144820253,0,0.0,0.0,0.0,0.0
1685462400000,176139.16144820253,176139.16144820253,0,0.0,0.0,0.0,0.0
1685476800000,176139.16144820253,176139.16144820253,0,0.0,0.0,0.0,0.0
1685491200000,176139.16144820253,176139.16144820253,0,0.0,0.0,0.0,0.0
1685505600000,176139.16144820253,176139.16144820253,0,0.0,0.0,0.0,0.0
1685520000000,176139.16144820253,176139.16144820253,0,0.0,0.0,0.0,0.0
1685534400000,176139.16144820253,176139.16144820253,0,0.0,0.0,0.0,0.0
1685548800000,176725.48094531352,175990.02109986328,1,297545.2368330278,3522.7832289640505,3522.7832289640505,297545.2368330278
1685563200000,175117.1038432027,176013.74867236402,1,299177.3415076393,3522.7832289640505,3522.7832289640505,299177.3415076393
1685577600000,174614.9177894761,176013.74867236402,1,299679.5275613659,3522.7832289640505,3522.7832289640505,299679.5275613659
1685592000000,176025.89738998044,176043.71662512014,1,298298.51591361774,3522.7832289640505,3522.7832289640505,298298.51591361774
1685606400000,176175.60427700458,175926.9301708842,2,531604.931044248,7043.30117676366,7043.30117676366,531604.931044248
1685620800000,174764.06275824003,175980.097975489,2,533069.6403676175,7043.30117676366,7043.30117676366,533069.6403676175
1685635200000,174667.69295570275,175980.097975489,2,533166.0101701547,7043.30117676366,7043.30117676366,533166.0101701547
1685649600000,172292.61545356503,172787.62266589684,1,234067.91568422224,3520.5179477996094,3520.5179477996094,234067.91568422224
1685664000000,173189.1820252693,172787.62266589684,1,233171.349112518,3520.5179477996094,3520.5179477996094,233171.349112518
1685678400000,169098.23288163586,169098.23288163586,0,0.0,0.0,0.0,0.0
1685692800000,169098.23288163586,169098.23288163586,0,0.0,0.0,0.0,0.0
1685707200000,169098.23288163586,169098.23288163586,0,0.0,0.0,0.0,0.0
1685721600000,169098.23288163586,169098.23288163586,0,0.0,0.0,0.0,0.0
1685736000000,169098.23288163586,169098.23288163586,0,0.0,0.0,0.0,0.0
1685750400000,169098.23288163586,169098.23288163586,0,0.0,0.0,0.0,0.0
1685764800000,169098.23288163586,169098.23288163586,0,0.0,0.0,0.0,0.0
1685779200000,169098.23288163586,169098.23288163586,0,0.0,0.0,0.0,0.0
1685793600000,169098.23288163586,169098.23288163586,0,0.0,0.0,0.0,0.0
1685808000000,169098.23288163586,169098.23288163586,0,0.0,0.0,0.0,0.0
1685822400000,169098.23288163586,169098.23288163586,0,0.0,0.0,0.0,0.0
1685836800000,169098.23288163586,169098.23288163586,0,0.0,0.0,0.0,0.0
1685851200000,169098.23288163586,169098.23288163586,0,0.0,0.0,0.0,0.0
1685865600000,169098.23288163586,169098.23288163586,0,0.0,0.0,0.0,0.0
1685880000000,169098.23288163586,169098.23288163586,0,0.0,0.0,0.0,0.0
1685894400000,169098.23288163586,169098.23288163586,0,0.0,0.0,0.0,0.0
1685908800000,169098.23288163586,169098.23288163586,0,0.0,0.0,0.0,0.0
1685923200000,169098.23288163586,169098.23288163586,0,0.0,0.0,0.0,0.0
1685937600000,169098.23288163586,169098.23288163586,0,0.0,0.0,0.0,0.0
1685952000000,169096.79067327717,168847.37499929365,1,501466.3490104602,3381.9646576327173,3381.9646576327173,501466.3490104602
1685966400000,169379.94502054455,168847.37499929365,1,501183.1946631928,3381.9646576327173,3381.9646576327173,501183.1946631928
1685980800000,201047.94282524072,174832.34188541895,2,397500.5466221651,3224.9766070040223,3224.9766070040223,397500.5466221651
1685995200000,202422.4445559504,193653.23576254875,2,437189.92988516274,5549.3727210236475,5549.3727210236475,437189.92988516274
1686009600000,202365.84008492922,193542.56295670135,3,658481.4732451455,9596.936291413804,9596.936291413804,658481.4732451455
1686024000000,201679.20390432735,193483.94872640466,3,659109.4951954507,9596.936291413804,9596.936291413804,659109.4951954507
1686038400000,200557.8940546504,193483.94872640466,3,660230.8050451276,9596.936291413804,9596.936291413804,660230.8050451276
1686052800000,198505.04415364284,192011.3515537845,2,387710.1843147156,5581.55784857782,5581.55784857782,387710.1843147156
1686067200000,194490.41906613403,194490.41906613403,0,0.0,0.0,0.0,0.0
1686081600000,194490.41906613403,194490.41906613403,0,0.0,0.0,0.0,0.0
1686096000000,194490.41906613403,194490.41906613403,0,0.0,0.0,0.0,0.0
1686110400000,194490.41906613403,194490.41906613403,0,0.0,0.0,0.0,0.0
1686124800000,194490.41906613403,194490.41906613403,0,0.0,0.0,0.0,0.0
1686139200000,194490.41906613403,194490.41906613403,0,0.0,0.0,0.0,0.0
1686153600000,194490.41906613403,194490.41906613403,0,0.0,0.0,0.0,0.0
1686168000000,194490.41906613403,194490.41906613403,0,0.0,0.0,0.0,0.0
1686182400000,194490.41906613403,194490.41906613403,0,0.0,0.0,0.0,0.0
1686196800000,194490.41906613403,194490.41906613403,0,0.0,0.0,0.0,0.0
1686211200000,194490.41906613403,194490.41906613403,0,0.0,0.0,0.0,0.0
1686225600000,194490.41906613403,194490.41906613403,0,0.0,0.0,0.0,0.0
1686240000000,194490.41906613403,194490.41906613403,0,0.0,0.0,0.0,0.0
1686254400000,194490.41906613403,194490.41906613403,0,0.0,0.0,0.0,0.0
1686268800000,194490.41906613403,194490.41906613403,0,0.0,0.0,0.0,0.0
1686283200000,194490.41906613403,194490.41906613403,0,0.0,0.0,0.0,0.0
1686297600000,194490.41906613403,194490.41906613403,0,0.0,0.0,0.0,0.0
1686312000000,194490.41906613403,194490.41906613403,0,0.0,0.0,0.0,0.0
1686326400000,194490.41906613403,194490.41906613403,0,0.0,0.0,0.0,0.0
1686340800000,194490.41906613403,194490.41906613403,0,0.0,0.0,0.0,0.0
1686355200000,194490.41906613403,194490.41906613403,0,0.0,0.0,0.0,0.0
1686369600000,194490.41906613403,194490.41906613403,0,0.0,0.0,0.0,0.0
1686384000000,194490.41906613403,194490.41906613403,0,0.0,0.0,0.0,0.0
1686398400000,194490.41906613403,194490.41906613403,0,0.0,0.0,0.0,0.0
1686412800000,194490.41906613403,194490.41906613403,0,0.0,0.0,0.0,0.0
1686427200000,194490.41906613403,194490.41906613403,0,0.0,0.0,0.0,0.0
1686441600000,194490.41906613403,194490.41906613403,0,0.0,0.0,0.0,0.0
1686456000000,194490.41906613403,194490.41906613403,0,0.0,0.0,0.0,0.0
1686470400000,194490.41906613403,194490.41906613403,0,0.0,0.0,0.0,0.0
1686484800000,194490.41906613403,194490.41906613403,0,0.0,0.0,0.0,0.0
1686499200000,194490.41906613403,194490.41906613403,0,0.0,0.0,0.0,0.0
1686513600000,194490.41906613403,194490.41906613403,0,0.0,0.0,0.0,0.0
1686528000000,194490.41906613403,194490.41906613403,0,0.0,0.0,0.0,0.0
1686542400000,194490.41906613403,194490.41906613403,0,0.0,0.0,0.0,0.0
1686556800000,194490.41906613403,194490.41906613403,0,0.0,0.0,0.0,0.0
1686571200000,194490.41906613403,194490.41906613403,0,0.0,0.0,0.0,0.0
1686585600000,194490.41906613403,194490.41906613403,0,0.0,0.0,0.0,0.0
1686600000000,194490.41906613403,194490.41906613403,0,0.0,0.0,0.0,0.0
1686614400000,194490.41906613403,194490.41906613403,0,0.0,0.0,0.0,0.0
1686628800000,194490.41906613403,194490.41906613403,0,0.0,0.0,0.0,0.0
1686643200000,194490.41906613403,194490.41906613403,0,0.0,0.0,0.0,0.0
1686657600000,194490.41906613403,194490.41906613403,0,0.0,0.0,0.0,0.0
1686672000000,194490.41906613403,194490.41906613403,0,0.0,0.0,0.0,0.0
1686686400000,194490.41906613403,194490.41906613403,0,0.0,0.0,0.0,0.0
1686700800000,194490.41906613403,194490.41906613403,0,0.0,0.0,0.0,0.0
1686715200000,194490.41906613403,194490.41906613403,0,0.0,0.0,0.0,0.0
1686729600000,194490.41906613403,194490.41906613403,0,0.0,0.0,0.0,0.0
1686744000000,194490.41906613403,194490.41906613403,0,0.0,0.0,0.0,0.0
1686758400000,194490.41906613403,194490.41906613403,0,0.0,0.0,0.0,0.0
1686772800000,194490.41906613403,194490.41906613403,0,0.0,0.0,0.0,0.0
1686787200000,194490.41906613403,194490.41906613403,0,0.0,0.0,0.0,0.0
1686801600000,194999.830230003,194343.4595657768,1,293262.6300502338,3889.8083813226804,3889.8083813226804,293262.6300502338
1686816000000,195938.55905362277,194343.4595657768,1,292323.901226614,3889.8083813226804,3889.8083813226804,292323.901226614
1686830400000,195577.4255919619,194361.56318497978,1,292703.1383074779,3889.8083813226804,3889.8083813226804,292703.1383074779
1686844800000,196263.32969500573,194361.56318497978,1,292017.23420443403,3889.8083813226804,3889.8083813226804,292017.23420443403
1686859200000,191023.94484112432,191023.94484112432,0,0.0,0.0,0.0,0.0
1686873600000,191023.94484112432,191023.94484112432,0,0.0,0.0,0.0,0.0
1686888000000,191023.94484112432,191023.94484112432,0,0.0,0.0,0.0,0.0
1686902400000,191023.94484112432,191023.94484112432,0,0.0,0.0,0.0,0.0
1686916800000,191023.94484112432,191023.94484112432,0,0.0,0.0,0.0,0.0
1686931200000,191023.94484112432,191023.94484112432,0,0.0,0.0,0.0,0.0
1686945600000,191023.94484112432,191023.94484112432,0,0.0,0.0,0.0,0.0
1686960000000,191023.94484112432,191023.94484112432,0,0.0,0.0,0.0,0.0
1686974400000,191023.94484112432,191023.94484112432,0,0.0,0.0,0.0,0.0
1686988800000,191023.94484112432,191023.94484112432,0,0.0,0.0,0.0,0.0
1687003200000,191023.94484112432,191023.94484112432,0,0.0,0.0,0.0,0.0
1687017600000,191023.94484112432,191023.94484112432,0,0.0,0.0,0.0,0.0
1687032000000,191023.94484112432,191023.94484112432,0,0.0,0.0,0.0,0.0
1687046400000,191023.94484112432,191023.94484112432,0,0.0,0.0,0.0,0.0
1687060800000,191023.94484112432,191023.94484112432,0,0.0,0.0,0.0,0.0
1687075200000,191023.94484112432,191023.94484112432,0,0.0,0.0,0.0,0.0
1687089600000,191023.94484112432,191023.94484112432,0,0.0,0.0,0.0,0.0
1687104000000,191023.94484112432,191023.94484112432,0,0.0,0.0,0.0,0.0
1687118400000,191023.94484112432,191023.94484112432,0,0.0,0.0,0.0,0.0
1687132800000,191023.94484112432,191023.94484112432,0,0.0,0.0,0.0,0.0
1687147200000,191023.94484112432,191023.94484112432,0,0.0,0.0,0.0,0.0
1687161600000,191023.94484112432,191023.94484112432,0,0.0,0.0,0.0,0.0
1687176000000,191023.94484112432,191023.94484112432,0,0.0,0.0,0.0,0.0
1687190400000,191023.94484112432,191023.94484112432,0,0.0,0.0,0.0,0.0
1687204800000,191023.94484112432,191023.94484112432,0,0.0,0.0,0.0,0.0
1687219200000,191023.94484112432,191023.94484112432,0,0.0,0.0,0.0,0.0
1687233600000,191023.94484112432,191023.94484112432,0,0.0,0.0,0.0,0.0
1687248000000,191023.94484112432,191023.94484112432,0,0.0,0.0,0.0,0.0
1687262400000,191023.94484112432,191023.94484112432,0,0.0,0.0,0.0,0.0
1687276800000,191023.94484112432,191023.94484112432,0,0.0,0.0,0.0,0.0
1687291200000,191023.94484112432,191023.94484112432,0,0.0,0.0,0.0,0.0
1687305600000,191023.94484112432,191023.94484112432,0,0.0,0.0,0.0,0.0
1687320000000,191023.94484112432,191023.94484112432,0,0.0,0.0,0.0,0.0
1687334400000,191023.94484112432,191023.94484112432,0,0.0,0.0,0.0,0.0
1687348800000,191023.94484112432,191023.94484112432,0,0.0,0.0,0.0,0.0
1687363200000,191023.94484112432,191023.94484112432,0,0.0,0.0,0.0,0.0
1687377600000,191023.94484112432,191023.94484112432,0,0.0,0.0,0.0,0.0
1687392000000,191023.94484112432,191023.94484112432,0,0.0,0.0,0.0,0.0
1687406400000,191023.94484112432,191023.94484112432,0,0.0,0.0,0.0,0.0
1687420800000,191023.94484112432,191023.94484112432,0,0.0,0.0,0.0,0.0
1687435200000,191023.94484112432,191023.94484112432,0,0.0,0.0,0.0,0.0
1687449600000,191023.94484112432,191023.94484112432,0,0.0,0.0,0.0,0.0
1687464000000,191023.94484112432,191023.94484112432,0,0.0,0.0,0.0,0.0
1687478400000,191023.94484112432,191023.94484112432,0,0.0,0.0,0.0,0.0
1687492800000,191023.94484112432,191023.94484112432,0,0.0,0.0,0.0,0.0
1687507200000,191023.94484112432,191023.94484112432,0,0.0,0.0,0.0,0.0
1687521600000,191023.94484112432,191023.94484112432,0,0.0,0.0,0.0,0.0
1687536000000,191023.94484112432,191023.94484112432,0,0.0,0.0,0.0,0.0
1687550400000,191023.94484112432,191023.94484112432,0,0.0,0.0,0.0,0.0
1687564800000,191023.94484112432,191023.94484112432,0,0.0,0.0,0.0,0.0
1687579200000,191023.94484112432,191023.94484112432,0,0.0,0.0,0.0,0.0
1687593600000,191023.94484112432,191023.94484112432,0,0.0,0.0,0.0,0.0
1687608000000,191023.94484112432,191023.94484112432,0,0.0,0.0,0.0,0.0
1687622400000,191023.94484112432,191023.94484112432,0,0.0,0.0,0.0,0.0
1687636800000,191023.94484112432,191023.94484112432,0,0.0,0.0,0.0,0.0
1687651200000,191023.94484112432,191023.94484112432,0,0.0,0.0,0.0,0.0
1687665600000,191023.94484112432,191023.94484112432,0,0.0,0.0,0.0,0.0
1687680000000,191023.94484112432,191023.94484112432,0,0.0,0.0,0.0,0.0
1687694400000,191023.94484112432,191023.94484112432,0,0.0,0.0,0.0,0.0
1687708800000,191023.94484112432,191023.94484112432,0,0.0,0.0,0.0,0.0
1687723200000,191023.94484112432,191023.94484112432,0,0.0,0.0,0.0,0.0
1687737600000,191023.94484112432,191023.94484112432,0,0.0,0.0,0.0,0.0
1687752000000,191023.94484112432,191023.94484112432,0,0.0,0.0,0.0,0.0
1687766400000,191023.94484112432,191023.94484112432,0,0.0,0.0,0.0,0.0
1687780800000,191023.94484112432,191023.94484112432,0,0.0,0.0,0.0,0.0
1687795200000,191023.94484112432,191023.94484112432,0,0.0,0.0,0.0,0.0
1687809600000,191023.94484112432,191023.94484112432,0,0.0,0.0,0.0,0.0
1687824000000,191023.94484112432,191023.94484112432,0,0.0,0.0,0.0,0.0
1687838400000,191023.94484112432,191023.94484112432,0,0.0,0.0,0.0,0.0
1687852800000,191023.94484112432,191023.94484112432,0,0.0,0.0,0.0,0.0
1687867200000,191023.94484112432,191023.94484112432,0,0.0,0.0,0.0,0.0
1687881600000,191023.94484112432,191023.94484112432,0,0.0,0.0,0.0,0.0
1687896000000,191023.94484112432,191023.94484112432,0,0.0,0.0,0.0,0.0
1687910400000,191023.94484112432,191023.94484112432,0,0.0,0.0,0.0,0.0
1687924800000,191023.94484112432,191023.94484112432,0,0.0,0.0,0.0,0.0
1687939200000,191023.94484112432,191023.94484112432,0,0.0,0.0,0.0,0.0
1687953600000,191023.94484112432,191023.94484112432,0,0.0,0.0,0.0,0.0
1687968000000,190112.0341265103,190967.45950010754,1,113826.1074071704,1910.239448411243,1910.239448411243,113826.1074071704
1687982400000,194077.43166803074,192839.49091991075,1,55247.400268666584,955.1197242056215,955.1197242056215,55247.400268666584
1687996800000,193419.98127403326,193419.98127403326,0,0.0,0.0,0.0,0.0
1688011200000,193419.98127403326,193419.98127403326,0,0.0,0.0,0.0,0.0
1688025600000,193419.98127403326,193419.98127403326,0,0.0,0.0,0.0,0.0
1688040000000,193419.98127403326,193419.98127403326,0,0.0,0.0,0.0,0.0
1688054400000,193419.98127403326,193419.98127403326,0,0.0,0.0,0.0,0.0
1688068800000,193419.98127403326,193419.98127403326,0,0.0,0.0,0.0,0.0
1688083200000,193419.98127403326,193419.98127403326,0,0.0,0.0,0.0,0.0
1688097600000,193419.98127403326,193419.98127403326,0,0.0,0.0,0.0,0.0
1688112000000,193419.98127403326,193419.98127403326,0,0.0,0.0,0.0,0.0
1688126400000,193419.98127403326,193419.98127403326,0,0.0,0.0,0.0,0.0
1688140800000,193419.98127403326,193419.98127403326,0,0.0,0.0,0.0,0.0
1688155200000,193419.98127403326,193419.98127403326,0,0.0,0.0,0.0,0.0
1688169600000,193419.98127403326,193419.98127403326,0,0.0,0.0,0.0,0.0
1688184000000,193419.98127403326,193419.98127403326,0,0.0,0.0,0.0,0.0
1688198400000,193419.98127403326,193419.98127403326,0,0.0,0.0,0.0,0.0
1688212800000,193419.98127403326,193419.98127403326,0,0.0,0.0,0.0,0.0
1688227200000,193419.98127403326,193419.98127403326,0,0.0,0.0,0.0,0.0
1688241600000,193419.98127403326,193419.98127403326,0,0.0,0.0,0.0,0.0
1688256000000,193419.98127403326,193419.98127403326,0,0.0,0.0,0.0,0.0
1688270400000,193419.98127403326,193419.98127403326,0,0.0,0.0,0.0,0.0
1688284800000,193419.98127403326,193419.98127403326,0,0.0,0.0,0.0,0.0
1688299200000,193419.98127403326,193419.98127403326,0,0.0,0.0,0.0,0.0
1688313600000,193419.98127403326,193419.98127403326,0,0.0,0.0,0.0,0.0
1688328000000,193419.98127403326,193419.98127403326,0,0.0,0.0,0.0,0.0
1688342400000,193419.98127403326,193419.98127403326,0,0.0,0.0,0.0,0.0
1688356800000,193419.98127403326,193419.98127403326,0,0.0,0.0,0.0,0.0
1688371200000,193419.98127403326,193419.98127403326,0,0.0,0.0,0.0,0.0
1688385600000,193419.98127403326,193419.98127403326,0,0.0,0.0,0.0,0.0
1688400000000,193419.98127403326,193419.98127403326,0,0.0,0.0,0.0,0.0
1688414400000,193419.98127403326,193419.98127403326,0,0.0,0.0,0.0,0.0
1688428800000,193419.98127403326,193419.98127403326,0,0.0,0.0,0.0,0.0
1688443200000,193419.98127403326,193419.98127403326,0,0.0,0.0,0.0,0.0
1688457600000,191066.226994414,193301.29509970327,1,235137.28055468595,3868.3996254806652,0.0,0.0
1688472000000,192216.02780775994,193277.77973070898,1,236310.59673702618,3868.3996254806652,0.0,0.0
1688486400000,191476.42772395015,193277.77973070898,1,235570.9966532164,3868.3996254806652,0.0,0.0
1688500800000,189222.3935155432,189222.3935155432,0,0.0,0.0,0.0,0.0
1688515200000,189222.3935155432,189222.3935155432,0,0.0,0.0,0.0,0.0
1688529600000,189222.3935155432,189222.3935155432,0,0.0,0.0,0.0,0.0
1688544000000,189222.3935155432,189222.3935155432,0,0.0,0.0,0.0,0.0
1688558400000,189222.3935155432,189222.3935155432,0,0.0,0.0,0.0,0.0
1688572800000,189306.6516529182,189161.08811802085,1,122465.23150980506,1892.2239351554317,1892.2239351554317,122465.23150980506
1688587200000,188483.2094597024,189076.57181274463,3,292236.7679502221,5677.672128380832,5677.672128380832,292236.7679502221
1688601600000,187477.00805033633,189076.57181274463,3,293242.96935958817,5677.672128380832,5677.672128380832,293242.96935958817
1688616000000,186874.72191124118,189077.46109183968,3,293846.1447777784,5677.672128380832,5677.672128380832,293846.1447777784
1688630400000,183191.6344769432,183191.6344769432,0,0.0,0.0,0.0,0.0
1688644800000,183191.6344769432,183191.6344769432,0,0.0,0.0,0.0,0.0
1688659200000,183191.6344769432,183191.6344769432,0,0.0,0.0,0.0,0.0
1688673600000,183191.6344769432,183191.6344769432,0,0.0,0.0,0.0,0.0
1688688000000,183191.6344769432,183191.6344769432,0,0.0,0.0,0.0,0.0
1688702400000,183191.6344769432,183191.6344769432,0,0.0,0.0,0.0,0.0
1688716800000,183191.6344769432,183191.6344769432,0,0.0,0.0,0.0,0.0
1688731200000,183191.6344769432,183191.6344769432,0,0.0,0.0,0.0,0.0
1688745600000,183191.6344769432,183191.6344769432,0,0.0,0.0,0.0,0.0
1688760000000,183191.6344769432,183191.6344769432,0,0.0,0.0,0.0,0.0
1688774400000,183191.6344769432,183191.6344769432,0,0.0,0.0,0.0,0.0
1688788800000,183191.6344769432,183191.6344769432,0,0.0,0.0,0.0,0.0
1688803200000,183191.6344769432,183191.6344769432,0,0.0,0.0,0.0,0.0
1688817600000,183191.6344769432,183191.6344769432,0,0.0,0.0,0.0,0.0
1688832000000,183191.6344769432,183191.6344769432,0,0.0,0.0,0.0,0.0
1688846400000,183191.6344769432,183191.6344769432,0,0.0,0.0,0.0,0.0
1688860800000,183191.6344769432,183191.6344769432,0,0.0,0.0,0.0,0.0
1688875200000,183191.6344769432,183191.6344769432,0,0.0,0.0,0.0,0.0
1688889600000,183191.6344769432,183191.6344769432,0,0.0,0.0,0.0,0.0
1688904000000,183191.6344769432,183191.6344769432,0,0.0,0.0,0.0,0.0
1688918400000,183191.6344769432,183191.6344769432,0,0.0,0.0,0.0,0.0
1688932800000,183191.6344769432,183191.6344769432,0,0.0,0.0,0.0,0.0
1688947200000,183191.6344769432,183191.6344769432,0,0.0,0.0,0.0,0.0
1688961600000,183191.6344769432,183191.6344769432,0,0.0,0.0,0.0,0.0
1688976000000,183191.6344769432,183191.6344769432,0,0.0,0.0,0.0,0.0
1688990400000,182757.25348404475,183134.52957620224,1,114587.07757409553,1831.916344769432,1831.916344769432,114587.07757409553
1689004800000,182580.03870276714,183134.52957620224,1,114764.29235537314,1831.916344769432,1831.916344769432,114764.29235537314
1689019200000,181232.8519871752,181232.8519871752,0,0.0,0.0,0.0,0.0
1689033600000,181232.8519871752,181232.8519871752,0,0.0,0.0,0.0,0.0
1689048000000,181232.8519871752,181232.8519871752,0,0.0,0.0,0.0,0.0
1689062400000,181232.8519871752,181232.8519871752,0,0.0,0.0,0.0,0.0
1689076800000,181232.8519871752,181232.8519871752,0,0.0,0.0,0.0,0.0
1689091200000,181232.8519871752,181232.8519871752,0,0.0,0.0,0.0,0.0
1689105600000,181232.8519871752,181232.8519871752,0,0.0,0.0,0.0,0.0
1689120000000,181232.8519871752,181232.8519871752,0,0.0,0.0,0.0,0.0
1689134400000,181232.8519871752,181232.8519871752,0,0.0,0.0,0.0,0.0
1689148800000,181232.8519871752,181232.8519871752,0,0.0,0.0,0.0,0.0
1689163200000,181232.8519871752,181232.8519871752,0,0.0,0.0,0.0,0.0
1689177600000,181232.8519871752,181232.8519871752,0,0.0,0.0,0.0,0.0
1689192000000,181232.8519871752,181232.8519871752,0,0.0,0.0,0.0,0.0
1689206400000,181232.8519871752,181232.8519871752,0,0.0,0.0,0.0,0.0
1689220800000,181232.8519871752,181232.8519871752,0,0.0,0.0,0.0,0.0
1689235200000,181232.8519871752,181232.8519871752,0,0.0,0.0,0.0,0.0
1689249600000,181232.8519871752,181232.8519871752,0,0.0,0.0,0.0,0.0
1689264000000,181232.8519871752,181232.8519871752,0,0.0,0.0,0.0,0.0
1689278400000,181232.8519871752,181232.8519871752,0,0.0,0.0,0.0,0.0
1689292800000,181232.8519871752,181232.8519871752,0,0.0,0.0,0.0,0.0
1689307200000,181232.8519871752,181232.8519871752,0,0.0,0.0,0.0,0.0
1689321600000,181232.8519871752,181232.8519871752,0,0.0,0.0,0.0,0.0
1689336000000,181232.8519871752,181232.8519871752,0,0.0,0.0,0.0,0.0
1689350400000,181232.8519871752,181232.8519871752,0,0.0,0.0,0.0,0.0
1689364800000,181232.8519871752,181232.8519871752,0,0.0,0.0,0.0,0.0
1689379200000,181232.8519871752,181232.8519871752,0,0.0,0.0,0.0,0.0
1689393600000,181232.8519871752,181232.8519871752,0,0.0,0.0,0.0,0.0
1689408000000,181232.8519871752,181232.8519871752,0,0.0,0.0,0.0,0.0
1689422400000,181232.8519871752,181232.8519871752,0,0.0,0.0,0.0,0.0
1689436800000,181232.8519871752,181232.8519871752,0,0.0,0.0,0.0,0.0
1689451200000,181232.8519871752,181232.8519871752,0,0.0,0.0,0.0,0.0
1689465600000,181232.8519871752,181232.8519871752,0,0.0,0.0,0.0,0.0
1689480000000,181232.8519871752,181232.8519871752,0,0.0,0.0,0.0,0.0
1689494400000,181232.8519871752,181232.8519871752,0,0.0,0.0,0.0,0.0
1689508800000,181232.8519871752,181232.8519871752,0,0.0,0.0,0.0,0.0
1689523200000,181232.8519871752,181232.8519871752,0,0.0,0.0,0.0,0.0
1689537600000,181232.8519871752,181232.8519871752,0,0.0,0.0,0.0,0.0
1689552000000,181232.8519871752,181232.8519871752,0,0.0,0.0,0.0,0.0
1689566400000,181232.8519871752,181232.8519871752,0,0.0,0.0,0.0,0.0
1689580800000,181232.8519871752,181232.8519871752,0,0.0,0.0,0.0,0.0
1689595200000,181232.8519871752,181232.8519871752,0,0.0,0.0,0.0,0.0
1689609600000,181232.8519871752,181232.8519871752,0,0.0,0.0,0.0,0.0
1689624000000,181232.8519871752,181232.8519871752,0,0.0,0.0,0.0,0.0
1689638400000,181232.8519871752,181232.8519871752,0,0.0,0.0,0.0,0.0
1689652800000,181232.8519871752,181232.8519871752,0,0.0,0.0,0.0,0.0
1689667200000,181232.8519871752,181232.8519871752,0,0.0,0.0,0.0,0.0
1689681600000,181232.8519871752,181232.8519871752,0,0.0,0.0,0.0,0.0
1689696000000,181232.8519871752,181232.8519871752,0,0.0,0.0,0.0,0.0
1689710400000,181232.8519871752,181232.8519871752,0,0.0,0.0,0.0,0.0
1689724800000,181232.8519871752,181232.8519871752,0,0.0,0.0,0.0,0.0
1689739200000,181232.8519871752,181232.8519871752,0,0.0,0.0,0.0,0.0
1689753600000,181232.8519871752,181232.8519871752,0,0.0,0.0,0.0,0.0
1689768000000,181232.8519871752,181232.8519871752,0,0.0,0.0,0.0,0.0
1689782400000,181232.8519871752,181232.8519871752,0,0.0,0.0,0.0,0.0
1689796800000,181232.8519871752,181232.8519871752,0,0.0,0.0,0.0,0.0
1689811200000,181232.8519871752,181232.8519871752,0,0.0,0.0,0.0,0.0
1689825600000,181232.8519871752,181232.8519871752,0,0.0,0.0,0.0,0.0
1689840000000,181232.8519871752,181232.8519871752,0,0.0,0.0,0.0,0.0
1689854400000,181232.8519871752,181232.8519871752,0,0.0,0.0,0.0,0.0
1689868800000,181232.8519871752,181232.8519871752,0,0.0,0.0,0.0,0.0
1689883200000,181232.8519871752,181232.8519871752,0,0.0,0.0,0.0,0.0
1689897600000,181232.8519871752,181232.8519871752,0,0.0,0.0,0.0,0.0
1689912000000,181232.8519871752,181232.8519871752,0,0.0,0.0,0.0,0.0
1689926400000,181232.8519871752,181232.8519871752,0,0.0,0.0,0.0,0.0
1689940800000,181232.8519871752,181232.8519871752,0,0.0,0.0,0.0,0.0
1689955200000,181232.8519871752,181232.8519871752,0,0.0,0.0,0.0,0.0
1689969600000,181232.8519871752,181232.8519871752,0,0.0,0.0,0.0,0.0
1689984000000,181232.8519871752,181232.8519871752,0,0.0,0.0,0.0,0.0
1689998400000,181232.8519871752,181232.8519871752,0,0.0,0.0,0.0,0.0
1690012800000,181232.8519871752,181232.8519871752,0,0.0,0.0,0.0,0.0
1690027200000,181232.8519871752,181232.8519871752,0,0.0,0.0,0.0,0.0
1690041600000,181232.8519871752,181232.8519871752,0,0.0,0.0,0.0,0.0
1690056000000,181232.8519871752,181232.8519871752,0,0.0,0.0,0.0,0.0
1690070400000,181232.8519871752,181232.8519871752,0,0.0,0.0,0.0,0.0
1690084800000,181232.8519871752,181232.8519871752,0,0.0,0.0,0.0,0.0
1690099200000,181232.8519871752,181232.8519871752,0,0.0,0.0,0.0,0.0
1690113600000,181232.8519871752,181232.8519871752,0,0.0,0.0,0.0,0.0
1690128000000,181232.8519871752,181232.8519871752,0,0.0,0.0,0.0,0.0
1690142400000,181232.8519871752,181232.8519871752,0,0.0,0.0,0.0,0.0
1690156800000,181232.8519871752,181232.8519871752,0,0.0,0.0,0.0,0.0
1690171200000,181232.8519871752,181232.8519871752,0,0.0,0.0,0.0,0.0
1690185600000,181232.8519871752,181232.8519871752,0,0.0,0.0,0.0,0.0
1690200000000,181232.8519871752,181232.8519871752,0,0.0,0.0,0.0,0.0
1690214400000,183460.53974992104,181051.12225253627,1,361050.05178051343,3624.657039743504,3624.657039743504,361050.05178051343
1690228800000,182074.81411887816,181051.12225253627,1,362435.7774115563,3624.657039743504,3624.657039743504,362435.7774115563
1690243200000,180536.8109459624,181051.12225253627,1,363973.78058447206,3624.657039743504,3624.657039743504,363973.78058447206
1690257600000,181085.01009670465,181051.12225253627,1,363425.5814337298,3624.657039743504,3624.657039743504,363425.5814337298
1690272000000,183110.30140361347,181051.12225253627,1,361400.29012682097,3624.657039743504,3624.657039743504,361400.29012682097
1690286400000,181893.6289043645,181083.12559664462,1,362648.9659701783,3624.657039743504,3624.657039743504,362648.9659701783
1690300800000,183020.48271422356,181083.12559664462,1,361522.11216031923,3624.657039743504,3624.657039743504,361522.11216031923
1690315200000,183157.53250190913,181083.12559664462,1,361385.06237263366,3624.657039743504,3624.657039743504,361385.06237263366
1690329600000,182335.23377579573,181083.12559664462,1,362207.36109874706,3624.657039743504,3624.657039743504,362207.36109874706
1690344000000,181391.11301618413,181083.12559664462,1,363151.48185835866,3624.657039743504,3624.657039743504,363151.48185835866
1690358400000,182502.73907185587,181083.12559664462,1,362039.85580268694,3624.657039743504,3624.657039743504,362039.85580268694
1690372800000,183584.59380896998,181083.8097864615,1,360958.6852553897,3624.657039743504,3624.657039743504,360958.6852553897
1690387200000,181711.58004393397,181083.8097864615,1,362831.69902042573,3624.657039743504,3624.657039743504,362831.69902042573
1690401600000,179826.25987313912,179826.25987313912,0,0.0,0.0,0.0,0.0
1690416000000,179826.25987313912,179826.25987313912,0,0.0,0.0,0.0,0.0
1690430400000,179826.25987313912,179826.25987313912,0,0.0,0.0,0.0,0.0
1690444800000,179826.25987313912,179826.25987313912,0,0.0,0.0,0.0,0.0
1690459200000,179826.25987313912,179826.25987313912,0,0.0,0.0,0.0,0.0
1690473600000,179826.25987313912,179826.25987313912,0,0.0,0.0,0.0,0.0
1690488000000,179826.25987313912,179826.25987313912,0,0.0,0.0,0.0,0.0
1690502400000,179826.25987313912,179826.25987313912,0,0.0,0.0,0.0,0.0
1690516800000,179826.25987313912,179826.25987313912,0,0.0,0.0,0.0,0.0
1690531200000,179826.25987313912,179826.25987313912,0,0.0,0.0,0.0,0.0
1690545600000,179826.25987313912,179826.25987313912,0,0.0,0.0,0.0,0.0
1690560000000,179826.25987313912,179826.25987313912,0,0.0,0.0,0.0,0.0
1690574400000,179826.25987313912,179826.25987313912,0,0.0,0.0,0.0,0.0
1690588800000,179826.25987313912,179826.25987313912,0,0.0,0.0,0.0,0.0
1690603200000,179826.25987313912,179826.25987313912,0,0.0,0.0,0.0,0.0
1690617600000,179826.25987313912,179826.25987313912,0,0.0,0.0,0.0,0.0
1690632000000,179826.25987313912,179826.25987313912,0,0.0,0.0,0.0,0.0
1690646400000,179826.25987313912,179826.25987313912,0,0.0,0.0,0.0,0.0
1690660800000,179826.25987313912,179826.25987313912,0,0.0,0.0,0.0,0.0
1690675200000,179826.25987313912,179826.25987313912,0,0.0,0.0,0.0,0.0
1690689600000,179826.25987313912,179826.25987313912,0,0.0,0.0,0.0,0.0
1690704000000,179826.25987313912,179826.25987313912,0,0.0,0.0,0.0,0.0
1690718400000,179826.25987313912,179826.25987313912,0,0.0,0.0,0.0,0.0
1690732800000,179826.25987313912,179826.25987313912,0,0.0,0.0,0.0,0.0
1690747200000,179826.25987313912,179826.25987313912,0,0.0,0.0,0.0,0.0
1690761600000,179826.25987313912,179826.25987313912,0,0.0,0.0,0.0,0.0
1690776000000,179826.25987313912,179826.25987313912,0,0.0,0.0,0.0,0.0
1690790400000,179826.25987313912,179826.25987313912,0,0.0,0.0,0.0,0.0
1690804800000,179826.25987313912,179826.25987313912,0,0.0,0.0,0.0,0.0
1690819200000,179826.25987313912,179826.25987313912,0,0.0,0.0,0.0,0.0
1690833600000,181901.38958786457,179689.75070354604,1,270806.70030181826,3596.525197462783,3596.525197462783,270806.70030181826
1690848000000,181477.79080747694,179689.75070354604,1,271230.29908220586,3596.525197462783,3596.525197462783,271230.29908220586
1690862400000,186412.84028951975,183167.8470064029,1,133264.17630995155,1798.2625987313916,1798.2625987313916,133264.17630995155
1690876800000,182189.54717576323,182769.42264094736,3,933937.7759693449,7679.925867839309,7679.925867839309,933937.7759693449
1690891200000,182989.90831928904,184398.14674970508,2,798256.9693415083,5881.663269107918,5881.663269107918,798256.9693415083
1690905600000,180720.03985423504,184398.14674970508,2,800526.8378065624,5881.663269107918,5881.663269107918,800526.8378065624
1690920000000,178800.7381795986,178800.7381795986,0,0.0,0.0,0.0,0.0
1690934400000,178800.7381795986,178800.7381795986,0,0.0,0.0,0.0,0.0
1690948800000,178800.7381795986,178800.7381795986,0,0.0,0.0,0.0,0.0
1690963200000,178800.7381795986,178800.7381795986,0,0.0,0.0,0.0,0.0
1690977600000,178800.7381795986,178800.7381795986,0,0.0,0.0,0.0,0.0
1690992000000,178800.7381795986,178800.7381795986,0,0.0,0.0,0.0,0.0
1691006400000,178800.7381795986,178800.7381795986,0,0.0,0.0,0.0,0.0
1691020800000,178800.7381795986,178800.7381795986,0,0.0,0.0,0.0,0.0
1691035200000,178800.7381795986,178800.7381795986,0,0.0,0.0,0.0,0.0
1691049600000,178800.7381795986,178800.7381795986,0,0.0,0.0,0.0,0.0
1691064000000,178800.7381795986,178800.7381795986,0,0.0,0.0,0.0,0.0
1691078400000,178800.7381795986,178800.7381795986,0,0.0,0.0,0.0,0.0
1691092800000,178800.7381795986,178800.7381795986,0,0.0,0.0,0.0,0.0
1691107200000,178800.7381795986,178800.7381795986,0,0.0,0.0,0.0,0.0
1691121600000,178800.7381795986,178800.7381795986,0,0.0,0.0,0.0,0.0
1691136000000,178800.7381795986,178800.7381795986,0,0.0,0.0,0.0,0.0
1691150400000,178800.7381795986,178800.7381795986,0,0.0,0.0,0.0,0.0
1691164800000,178800.7381795986,178800.7381795986,0,0.0,0.0,0.0,0.0
1691179200000,178800.7381795986,178800.7381795986,0,0.0,0.0,0.0,0.0
1691193600000,178800.7381795986,178800.7381795986,0,0.0,0.0,0.0,0.0
1691208000000,178800.7381795986,178800.7381795986,0,0.0,0.0,0.0,0.0
1691222400000,178800.7381795986,178800.7381795986,0,0.0,0.0,0.0,0.0
1691236800000,178800.7381795986,178800.7381795986,0,0.0,0.0,0.0,0.0
1691251200000,178800.7381795986,178800.7381795986,0,0.0,0.0,0.0,0.0
1691265600000,178800.7381795986,178800.7381795986,0,0.0,0.0,0.0,0.0
1691280000000,178800.7381795986,178800.7381795986,0,0.0,0.0,0.0,0.0
1691294400000,178800.7381795986,178800.7381795986,0,0.0,0.0,0.0,0.0
1691308800000,178800.7381795986,178800.7381795986,0,0.0,0.0,0.0,0.0
1691323200000,178800.7381795986,178800.7381795986,0,0.0,0.0,0.0,0.0
1691337600000,178800.7381795986,178800.7381795986,0,0.0,0.0,0.0,0.0
1691352000000,178800.7381795986,178800.7381795986,0,0.0,0.0,0.0,0.0
1691366400000,178800.7381795986,178800.7381795986,0,0.0,0.0,0.0,0.0
1691380800000,178800.7381795986,178800.7381795986,0,0.0,0.0,0.0,0.0
1691395200000,178800.7381795986,178800.7381795986,0,0.0,0.0,0.0,0.0
1691409600000,178800.7381795986,178800.7381795986,0,0.0,0.0,0.0,0.0
1691424000000,178800.7381795986,178800.7381795986,0,0.0,0.0,0.0,0.0
1691438400000,172160.10895343797,172160.10895343797,0,0.0,0.0,0.0,0.0
1691452800000,170452.1887896246,172042.7382181516,1,236332.02000127567,3443.20217906876,3443.20217906876,236332.02000127567
1691467200000,170223.77572916754,172058.05016972747,1,236575.74501330862,3443.20217906876,3443.20217906876,236575.74501330862
1691481600000,168448.0949012652,168448.0949012652,0,0.0,0.0,0.0,0.0
1691496000000,168448.0949012652,168448.0949012652,0,0.0,0.0,0.0,0.0
1691510400000,168448.0949012652,168448.0949012652,0,0.0,0.0,0.0,0.0
1691524800000,168448.0949012652,168448.0949012652,0,0.0,0.0,0.0,0.0
1691539200000,168448.0949012652,168448.0949012652,0,0.0,0.0,0.0,0.0
1691553600000,168448.0949012652,168448.0949012652,0,0.0,0.0,0.0,0.0
1691568000000,169604.4146274855,168390.03564293476,1,117332.89564541791,3368.961898025304,0.0,0.0
1691582400000,170998.85978522076,168389.19651932357,1,118728.17992676437,3368.961898025304,0.0,0.0
1691596800000,169584.46202056817,168389.19651932357,1,117313.78216211179,3368.961898025304,0.0,0.0
1691611200000,168358.51513011998,168381.73418964024,1,116095.29760134692,3368.961898025304,0.0,0.0
1691625600000,168736.00642541575,168381.73418964024,1,116472.78889664271,3368.961898025304,0.0,0.0
1691640000000,168050.6088599855,168370.08691075057,1,115799.03861010213,3368.961898025304,0.0,0.0
1691654400000,168447.21363858742,168370.08691075057,1,116195.64338870403,3368.961898025304,0.0,0.0
1691668800000,168813.08431596137,168358.46629282873,1,116573.13468399982,3368.961898025304,0.0,0.0
1691683200000,169544.1750524203,168358.46629282873,1,117304.22542045874,3368.961898025304,0.0,0.0
1691697600000,169704.46616022702,168346.73605088043,1,117476.24677021378,3368.961898025304,0.0,0.0
1691712000000,169843.03891419637,168346.73605088043,1,117614.81952418313,3368.961898025304,0.0,0.0
1691726400000,170152.50947710357,168340.83413923671,1,117930.19199873402,3368.961898025304,0.0,0.0
1691740800000,169244.61902006305,168340.83413923671,1,117022.30154169352,3368.961898025304,0.0,0.0
1691755200000,169419.2728103019,168329.13146724092,1,117208.65800392815,3368.961898025304,0.0,0.0
1691769600000,169476.61326022024,168329.13146724092,1,117265.9984538465,3368.961898025304,0.0,0.0
1691784000000,169025.27521708436,168317.4035401457,1,116826.38833780585,3368.961898025304,0.0,0.0
1691798400000,169808.9280326351,168317.4035401457,1,117610.0411533566,3368.961898025304,0.0,0.0
1691812800000,169089.96862403056,168305.64301386743,1,116902.84227103031,3368.961898025304,0.0,0.0
1691827200000,169008.14832472507,169008.14832472507,0,0.0,0.0,0.0,0.0
1691841600000,169008.14832472507,169008.14832472507,0,0.0,0.0,0.0,0.0
1691856000000,169008.14832472507,169008.14832472507,0,0.0,0.0,0.0,0.0
1691870400000,169008.14832472507,169008.14832472507,0,0.0,0.0,0.0,0.0
1691884800000,169008.14832472507,169008.14832472507,0,0.0,0.0,0.0,0.0
1691899200000,169008.14832472507,169008.14832472507,0,0.0,0.0,0.0,0.0
1691913600000,169008.14832472507,169008.14832472507,0,0.0,0.0,0.0,0.0
1691928000000,169008.14832472507,169008.14832472507,0,0.0,0.0,0.0,0.0
1691942400000,169008.14832472507,169008.14832472507,0,0.0,0.0,0.0,0.0
1691956800000,169008.14832472507,169008.14832472507,0,0.0,0.0,0.0,0.0
1691971200000,169008.14832472507,169008.14832472507,0,0.0,0.0,0.0,0.0
1691985600000,165918.6437174232,168586.86128555518,2,845242.2959079084,5036.878443538134,5036.878443538134,845242.2959079084
1692000000000,164014.56392706637,164737.62945236318,1,176674.64050177948,1656.7154770436323,1656.7154770436323,176674.64050177948
1692014400000,164333.17371585497,164755.29691641335,1,176373.69817704105,1656.7154770436323,1656.7154770436323,176373.69817704105
1692028800000,162974.23787522322,162974.23787522322,0,0.0,0.0,0.0,0.0
1692043200000,162974.23787522322,162974.23787522322,0,0.0,0.0,0.0,0.0
1692057600000,162974.23787522322,162974.23787522322,0,0.0,0.0,0.0,0.0
1692072000000,162974.23787522322,162974.23787522322,0,0.0,0.0,0.0,0.0
1692086400000,162974.23787522322,162974.23787522322,0,0.0,0.0,0.0,0.0
1692100800000,162974.23787522322,162974.23787522322,0,0.0,0.0,0.0,0.0
1692115200000,161773.45425332303,162667.5357866259,1,614298.2587279595,3259.4847575044646,3259.4847575044646,614298.2587279595
1692129600000,165499.8582449551,165499.8582449551,0,0.0,0.0,0.0,0.0
1692144000000,164403.42793173552,165087.16678798,2,826066.6528064372,4737.365068479283,4737.365068479283,826066.6528064372
1692158400000,163969.49317716734,165162.8889118626,2,826576.309684888,4737.365068479283,4737.365068479283,826576.309684888
1692172800000,164775.29811497903,165162.8889118626,2,825770.5047470763,4737.365068479283,4737.365068479283,825770.5047470763
1692187200000,165737.19992281764,165244.1717452235,2,824889.8857725986,4737.365068479283,4737.365068479283,824889.8857725986
1692201600000,167500.97229078872,165244.1717452235,2,823126.1134046274,4737.365068479283,4737.365068479283,823126.1134046274
1692216000000,167397.36206360397,165326.48662626627,2,823312.0385128551,4737.365068479283,4737.365068479283,823312.0385128551
1692230400000,175550.98781087203,169778.24303500168,2,406918.7121992261,2368.6825342396414,2368.6825342396414,406918.7121992261
1692244800000,176943.1441887352,169818.9368385712,2,405567.24962493236,2368.6825342396414,2368.6825342396414,405567.24962493236
1692259200000,176923.6935880985,171495.97986073632,1,280550.66161095677,1654.9985824495511,1654.9985824495511,280550.66161095677
1692273600000,177667.51565124563,171524.0364222723,1,279834.8961093456,1654.9985824495511,1654.9985824495511,279834.8961093456
1692288000000,183737.79540532047,171524.0364222723,1,273764.6163552708,1654.9985824495511,1654.9985824495511,273764.6163552708
1692302400000,184074.02948535458,171551.41278585777,1,273455.7586388221,1654.9985824495511,1654.9985824495511,273455.7586388221
1692316800000,196621.49677866677,171551.41278585777,1,260908.29134550993,1654.9985824495511,1654.9985824495511,260908.29134550993
1692331200000,196464.92608934687,196464.92608934687,0,0.0,0.0,0.0,0.0
1692345600000,196464.92608934687,196464.92608934687,0,0.0,0.0,0.0,0.0
1692360000000,196464.92608934687,196464.92608934687,0,0.0,0.0,0.0,0.0
1692374400000,196464.92608934687,196464.92608934687,0,0.0,0.0,0.0,0.0
1692388800000,196464.92608934687,196464.92608934687,0,0.0,0.0,0.0,0.0
1692403200000,196464.92608934687,196464.92608934687,0,0.0,0.0,0.0,0.0
1692417600000,196464.92608934687,196464.92608934687,0,0.0,0.0,0.0,0.0
1692432000000,196464.92608934687,196464.92608934687,0,0.0,0.0,0.0,0.0
1692446400000,196464.92608934687,196464.92608934687,0,0.0,0.0,0.0,0.0
1692460800000,196464.92608934687,196464.92608934687,0,0.0,0.0,0.0,0.0
1692475200000,196464.92608934687,196464.92608934687,0,0.0,0.0,0.0,0.0
1692489600000,196464.92608934687,196464.92608934687,0,0.0,0.0,0.0,0.0
1692504000000,196464.92608934687,196464.92608934687,0,0.0,0.0,0.0,0.0
1692518400000,196464.92608934687,196464.92608934687,0,0.0,0.0,0.0,0.0
1692532800000,196464.92608934687,196464.92608934687,0,0.0,0.0,0.0,0.0
1692547200000,196464.92608934687,196464.92608934687,0,0.0,0.0,0.0,0.0
1692561600000,196464.92608934687,196464.92608934687,0,0.0,0.0,0.0,0.0
1692576000000,196464.92608934687,196464.92608934687,0,0.0,0.0,0.0,0.0
1692590400000,196464.92608934687,196464.92608934687,0,0.0,0.0,0.0,0.0
1692604800000,196464.92608934687,196464.92608934687,0,0.0,0.0,0.0,0.0
1692619200000,196464.92608934687,196464.92608934687,0,0.0,0.0,0.0,0.0
1692633600000,196464.92608934687,196464.92608934687,0,0.0,0.0,0.0,0.0
1692648000000,196464.92608934687,196464.92608934687,0,0.0,0.0,0.0,0.0
1692662400000,196464.92608934687,196464.92608934687,0,0.0,0.0,0.0,0.0
1692676800000,196464.92608934687,196464.92608934687,0,0.0,0.0,0.0,0.0
1692691200000,196464.92608934687,196464.92608934687,0,0.0,0.0,0.0,0.0
1692705600000,196464.92608934687,196464.92608934687,0,0.0,0.0,0.0,0.0
1692720000000,196464.92608934687,196464.92608934687,0,0.0,0.0,0.0,0.0
1692734400000,196464.92608934687,196464.92608934687,0,0.0,0.0,0.0,0.0
1692748800000,196464.92608934687,196464.92608934687,0,0.0,0.0,0.0,0.0
1692763200000,196464.92608934687,196464.92608934687,0,0.0,0.0,0.0,0.0
1692777600000,196464.92608934687,196464.92608934687,0,0.0,0.0,0.0,0.0
1692792000000,196464.92608934687,196464.92608934687,0,0.0,0.0,0.0,0.0
1692806400000,196464.92608934687,196464.92608934687,0,0.0,0.0,0.0,0.0
1692820800000,196464.92608934687,196464.92608934687,0,0.0,0.0,0.0,0.0
1692835200000,196464.92608934687,196464.92608934687,0,0.0,0.0,0.0,0.0
1692849600000,196464.92608934687,196464.92608934687,0,0.0,0.0,0.0,0.0
1692864000000,196464.92608934687,196464.92608934687,0,0.0,0.0,0.0,0.0
1692878400000,196464.92608934687,196464.92608934687,0,0.0,0.0,0.0,0.0
1692892800000,196464.92608934687,196464.92608934687,0,0.0,0.0,0.0,0.0
1692907200000,196464.92608934687,196464.92608934687,0,0.0,0.0,0.0,0.0
1692921600000,196464.92608934687,196464.92608934687,0,0.0,0.0,0.0,0.0
1692936000000,196464.92608934687,196464.92608934687,0,0.0,0.0,0.0,0.0
1692950400000,196464.92608934687,196464.92608934687,0,0.0,0.0,0.0,0.0
1692964800000,196464.92608934687,196464.92608934687,0,0.0,0.0,0.0,0.0
1692979200000,196464.92608934687,196464.92608934687,0,0.0,0.0,0.0,0.0
1692993600000,196464.92608934687,196464.92608934687,0,0.0,0.0,0.0,0.0
1693008000000,196464.92608934687,196464.92608934687,0,0.0,0.0,0.0,0.0
1693022400000,196464.92608934687,196464.92608934687,0,0.0,0.0,0.0,0.0
1693036800000,196464.92608934687,196464.92608934687,0,0.0,0.0,0.0,0.0
1693051200000,196464.92608934687,196464.92608934687,0,0.0,0.0,0.0,0.0
1693065600000,196464.92608934687,196464.92608934687,0,0.0,0.0,0.0,0.0
1693080000000,196464.92608934687,196464.92608934687,0,0.0,0.0,0.0,0.0
1693094400000,196464.92608934687,196464.92608934687,0,0.0,0.0,0.0,0.0
1693108800000,196464.92608934687,196464.92608934687,0,0.0,0.0,0.0,0.0
1693123200000,196464.92608934687,196464.92608934687,0,0.0,0.0,0.0,0.0
1693137600000,196464.92608934687,196464.92608934687,0,0.0,0.0,0.0,0.0
1693152000000,196464.92608934687,196464.92608934687,0,0.0,0.0,0.0,0.0
1693166400000,196464.92608934687,196464.92608934687,0,0.0,0.0,0.0,0.0
1693180800000,196464.92608934687,196464.92608934687,0,0.0,0.0,0.0,0.0
1693195200000,196464.92608934687,196464.92608934687,0,0.0,0.0,0.0,0.0
1693209600000,196464.92608934687,196464.92608934687,0,0.0,0.0,0.0,0.0
1693224000000,196464.92608934687,196464.92608934687,0,0.0,0.0,0.0,0.0
1693238400000,196464.92608934687,196464.92608934687,0,0.0,0.0,0.0,0.0
1693252800000,196464.92608934687,196464.92608934687,0,0.0,0.0,0.0,0.0
1693267200000,196464.92608934687,196464.92608934687,0,0.0,0.0,0.0,0.0
1693281600000,196464.92608934687,196464.92608934687,0,0.0,0.0,0.0,0.0
1693296000000,196464.92608934687,196464.92608934687,0,0.0,0.0,0.0,0.0
1693310400000,196459.37820556547,196328.4494952741,1,272822.2594352192,3929.2985217869377,3929.2985217869377,272822.2594352192
1693324800000,192205.3055445714,192205.3055445714,0,0.0,0.0,0.0,0.0
1693339200000,192205.3055445714,192205.3055445714,0,0.0,0.0,0.0,0.0
1693353600000,192205.3055445714,192205.3055445714,0,0.0,0.0,0.0,0.0
1693368000000,192205.3055445714,192205.3055445714,0,0.0,0.0,0.0,0.0
1693382400000,192205.3055445714,192205.3055445714,0,0.0,0.0,0.0,0.0
1693396800000,192205.3055445714,192205.3055445714,0,0.0,0.0,0.0,0.0
1693411200000,192205.3055445714,192205.3055445714,0,0.0,0.0,0.0,0.0
1693425600000,192205.3055445714,192205.3055445714,0,0.0,0.0,0.0,0.0
1693440000000,192205.3055445714,192205.3055445714,0,0.0,0.0,0.0,0.0
1693454400000,192205.3055445714,192205.3055445714,0,0.0,0.0,0.0,0.0
1693468800000,192205.3055445714,192205.3055445714,0,0.0,0.0,0.0,0.0
1693483200000,192205.3055445714,192205.3055445714,0,0.0,0.0,0.0,0.0
1693497600000,192205.3055445714,192205.3055445714,0,0.0,0.0,0.0,0.0
1693512000000,192205.3055445714,192205.3055445714,0,0.0,0.0,0.0,0.0
1693526400000,192205.3055445714,192205.3055445714,0,0.0,0.0,0.0,0.0
1693540800000,192205.3055445714,192205.3055445714,0,0.0,0.0,0.0,0.0
1693555200000,192205.3055445714,192205.3055445714,0,0.0,0.0,0.0,0.0
1693569600000,192205.3055445714,192205.3055445714,0,0.0,0.0,0.0,0.0
1693584000000,192205.3055445714,192205.3055445714,0,0.0,0.0,0.0,0.0
1693598400000,192205.3055445714,192205.3055445714,0,0.0,0.0,0.0,0.0
1693612800000,192205.3055445714,192205.3055445714,0,0.0,0.0,0.0,0.0
1693627200000,192205.3055445714,192205.3055445714,0,0.0,0.0,0.0,0.0
1693641600000,192205.3055445714,192205.3055445714,0,0.0,0.0,0.0,0.0
1693656000000,192205.3055445714,192205.3055445714,0,0.0,0.0,0.0,0.0
1693670400000,192205.3055445714,192205.3055445714,0,0.0,0.0,0.0,0.0
1693684800000,192205.3055445714,192205.3055445714,0,0.0,0.0,0.0,0.0
1693699200000,192205.3055445714,192205.3055445714,0,0.0,0.0,0.0,0.0
1693713600000,192205.3055445714,192205.3055445714,0,0.0,0.0,0.0,0.0
1693728000000,192205.3055445714,192205.3055445714,0,0.0,0.0,0.0,0.0
1693742400000,192205.3055445714,192205.3055445714,0,0.0,0.0,0.0,0.0
1693756800000,192205.3055445714,192205.3055445714,0,0.0,0.0,0.0,0.0
1693771200000,192205.3055445714,192205.3055445714,0,0.0,0.0,0.0,0.0
1693785600000,192205.3055445714,192205.3055445714,0,0.0,0.0,0.0,0.0
1693800000000,192205.3055445714,192205.3055445714,0,0.0,0.0,0.0,0.0
1693814400000,192205.3055445714,192205.3055445714,0,0.0,0.0,0.0,0.0
1693828800000,192205.3055445714,192205.3055445714,0,0.0,0.0,0.0,0.0
1693843200000,192205.3055445714,192205.3055445714,0,0.0,0.0,0.0,0.0
1693857600000,192205.3055445714,192205.3055445714,0,0.0,0.0,0.0,0.0
1693872000000,192205.3055445714,192205.3055445714,0,0.0,0.0,0.0,0.0
1693886400000,192205.3055445714,192205.3055445714,0,0.0,0.0,0.0,0.0
1693900800000,190146.6854756505,192065.99536734255,1,280539.6643494078,3844.106110891428,3844.106110891428,280539.6643494078
1693915200000,188013.16286003578,188013.16286003578,0,0.0,0.0,0.0,0.0
1693929600000,188013.16286003578,188013.16286003578,0,0.0,0.0,0.0,0.0
1693944000000,188013.16286003578,188013.16286003578,0,0.0,0.0,0.0,0.0
1693958400000,188013.16286003578,188013.16286003578,0,0.0,0.0,0.0,0.0
1693972800000,188013.16286003578,188013.16286003578,0,0.0,0.0,0.0,0.0
1693987200000,188013.16286003578,188013.16286003578,0,0.0,0.0,0.0,0.0
1694001600000,188013.16286003578,188013.16286003578,0,0.0,0.0,0.0,0.0
1694016000000,188013.16286003578,188013.16286003578,0,0.0,0.0,0.0,0.0
1694030400000,188013.16286003578,188013.16286003578,0,0.0,0.0,0.0,0.0
1694044800000,188013.16286003578,188013.16286003578,0,0.0,0.0,0.0,0.0
1694059200000,188013.16286003578,188013.16286003578,0,0.0,0.0,0.0,0.0
1694073600000,188013.16286003578,188013.16286003578,0,0.0,0.0,0.0,0.0
1694088000000,188013.16286003578,188013.16286003578,0,0.0,0.0,0.0,0.0
1694102400000,188013.16286003578,188013.16286003578,0,0.0,0.0,0.0,0.0
1694116800000,188013.16286003578,188013.16286003578,0,0.0,0.0,0.0,0.0
1694131200000,188013.16286003578,188013.16286003578,0,0.0,0.0,0.0,0.0
1694145600000,188013.16286003578,188013.16286003578,0,0.0,0.0,0.0,0.0
1694160000000,188013.16286003578,188013.16286003578,0,0.0,0.0,0.0,0.0
1694174400000,188013.16286003578,188013.16286003578,0,0.0,0.0,0.0,0.0
1694188800000,187328.07582488505,187862.81005686222,1,301240.3405790919,3760.263257200715,3760.263257200715,301240.3405790919
1694203200000,188118.62685198255,187822.84419382433,1,300409.82368895656,3760.263257200715,3760.263257200715,300409.82368895656
1694217600000,186932.1741517892,187822.84419382433,1,301596.2763891499,3760.263257200715,3760.263257200715,301596.2763891499
1694232000000,186415.83103532024,187781.08215743274,1,302070.8574692272,3760.263257200715,3760.263257200715,302070.8574692272
1694246400000,185585.31414518485,187781.08215743274,1,302901.37435936264,3760.263257200715,3760.263257200715,302901.37435936264
1694260800000,186419.15711374368,187784.4082358562,1,302070.8574692272,3760.263257200715,3760.263257200715,302070.8574692272
1694275200000,187131.02873385968,187784.4082358562,1,301358.9858491112,3760.263257200715,3760.263257200715,301358.9858491112
1694289600000,187958.41913166395,187781.28174352512,1,300528.4689589759,3760.263257200715,3760.263257200715,300528.4689589759
1694304000000,188314.35494172198,187781.28174352512,1,300172.5331489179,3760.263257200715,3760.263257200715,300172.5331489179
1694318400000,191081.80049193418,187701.24081327327,1,297325.04666845384,3760.263257200715,3760.263257200715,297325.04666845384
1694332800000,193761.02609272502,191358.87463327855,1,147950.65171411092,1880.1316286003575,1880.1316286003575,147950.65171411092
1694347200000,198915.99318488152,193365.20061792686,3,652726.4981075097,9726.711503826025,9726.711503826025,652726.4981075097
1694361600000,205526.64066753013,199096.43711237743,3,471205.38474790484,6799.908683340251,6799.908683340251,471205.38474790484
1694376000000,206174.07596810977,202567.78121710004,4,758501.3768292903,8973.419860327554,8973.419860327554,758501.3768292903
1694390400000,201095.41535273154,198240.2939641002,2,224443.03026334723,2925.3769720854893,2925.3769720854893,224443.03026334723
1694404800000,201010.6438069661,198238.56283252468,2,224526.07067753715,2925.3769720854893,2925.3769720854893,224526.07067753715
1694419200000,199480.03047866156,198238.56283252468,2,226056.68400584173,2925.3769720854893,2925.3769720854893,226056.68400584173
1694433600000,214330.67360747012,201967.9668523476,3,373278.880500482,4920.1130236719255,4920.1130236719255,373278.880500482
1694448000000,212642.08445722784,208008.66043289893,1,143863.5189414964,1936.5529314272378,1936.5529314272378,143863.5189414964
1694462400000,213862.43187471444,208009.42017318867,1,142643.93126429955,1936.5529314272378,1936.5529314272378,142643.93126429955
1694476800000,211973.26664925262,208009.42017318867,1,144533.09648976134,1936.5529314272378,1936.5529314272378,144533.09648976134
1694491200000,210318.12722758125,210318.12722758125,0,0.0,0.0,0.0,0.0
1694505600000,210318.12722758125,210318.12722758125,0,0.0,0.0,0.0,0.0
1694520000000,210318.12722758125,210318.12722758125,0,0.0,0.0,0.0,0.0
1694534400000,210318.12722758125,210318.12722758125,0,0.0,0.0,0.0,0.0
1694548800000,210318.12722758125,210318.12722758125,0,0.0,0.0,0.0,0.0
1694563200000,210318.12722758125,210318.12722758125,0,0.0,0.0,0.0,0.0
1694577600000,210318.12722758125,210318.12722758125,0,0.0,0.0,0.0,0.0
1694592000000,210318.12722758125,210318.12722758125,0,0.0,0.0,0.0,0.0
1694606400000,210318.12722758125,210318.12722758125,0,0.0,0.0,0.0,0.0
1694620800000,210318.12722758125,210318.12722758125,0,0.0,0.0,0.0,0.0
1694635200000,210318.12722758125,210318.12722758125,0,0.0,0.0,0.0,0.0
1694649600000,210318.12722758125,210318.12722758125,0,0.0,0.0,0.0,0.0
1694664000000,210318.12722758125,210318.12722758125,0,0.0,0.0,0.0,0.0
1694678400000,210318.12722758125,210318.12722758125,0,0.0,0.0,0.0,0.0
1694692800000,210318.12722758125,210318.12722758125,0,0.0,0.0,0.0,0.0
1694707200000,210318.12722758125,210318.12722758125,0,0.0,0.0,0.0,0.0
1694721600000,210318.12722758125,210318.12722758125,0,0.0,0.0,0.0,0.0
1694736000000,210318.12722758125,210318.12722758125,0,0.0,0.0,0.0,0.0
1694750400000,210318.12722758125,210318.12722758125,0,0.0,0.0,0.0,0.0
1694764800000,210318.12722758125,210318.12722758125,0,0.0,0.0,0.0,0.0
1694779200000,210318.12722758125,210318.12722758125,0,0.0,0.0,0.0,0.0
1694793600000,210318.12722758125,210318.12722758125,0,0.0,0.0,0.0,0.0
1694808000000,210318.12722758125,210318.12722758125,0,0.0,0.0,0.0,0.0
1694822400000,210318.12722758125,210318.12722758125,0,0.0,0.0,0.0,0.0
1694836800000,210318.12722758125,210318.12722758125,0,0.0,0.0,0.0,0.0
1694851200000,210318.12722758125,210318.12722758125,0,0.0,0.0,0.0,0.0
1694865600000,210318.12722758125,210318.12722758125,0,0.0,0.0,0.0,0.0
1694880000000,210318.12722758125,210318.12722758125,0,0.0,0.0,0.0,0.0
1694894400000,210318.12722758125,210318.12722758125,0,0.0,0.0,0.0,0.0
1694908800000,210318.12722758125,210318.12722758125,0,0.0,0.0,0.0,0.0
1694923200000,210318.12722758125,210318.12722758125,0,0.0,0.0,0.0,0.0
1694937600000,210318.12722758125,210318.12722758125,0,0.0,0.0,0.0,0.0
1694952000000,210318.12722758125,210318.12722758125,0,0.0,0.0,0.0,0.0
1694966400000,210318.12722758125,210318.12722758125,0,0.0,0.0,0.0,0.0
1694980800000,210318.12722758125,210318.12722758125,0,0.0,0.0,0.0,0.0
1694995200000,210318.12722758125,210318.12722758125,0,0.0,0.0,0.0,0.0
1695009600000,210318.12722758125,210318.12722758125,0,0.0,0.0,0.0,0.0
1695024000000,210318.12722758125,210318.12722758125,0,0.0,0.0,0.0,0.0
1695038400000,210318.12722758125,210318.12722758125,0,0.0,0.0,0.0,0.0
1695052800000,210318.12722758125,210318.12722758125,0,0.0,0.0,0.0,0.0
1695067200000,210318.12722758125,210318.12722758125,0,0.0,0.0,0.0,0.0
1695081600000,210318.12722758125,210318.12722758125,0,0.0,0.0,0.0,0.0
1695096000000,210318.12722758125,210318.12722758125,0,0.0,0.0,0.0,0.0
1695110400000,210318.12722758125,210318.12722758125,0,0.0,0.0,0.0,0.0
1695124800000,210318.12722758125,210318.12722758125,0,0.0,0.0,0.0,0.0
1695139200000,210318.12722758125,210318.12722758125,0,0.0,0.0,0.0,0.0
1695153600000,210318.12722758125,210318.12722758125,0,0.0,0.0,0.0,0.0
1695168000000,210318.12722758125,210318.12722758125,0,0.0,0.0,0.0,0.0
1695182400000,210318.12722758125,210318.12722758125,0,0.0,0.0,0.0,0.0
1695196800000,210318.12722758125,210318.12722758125,0,0.0,0.0,0.0,0.0
1695211200000,210318.12722758125,210318.12722758125,0,0.0,0.0,0.0,0.0
1695225600000,210318.12722758125,210318.12722758125,0,0.0,0.0,0.0,0.0
1695240000000,210318.12722758125,210318.12722758125,0,0.0,0.0,0.0,0.0
1695254400000,210318.12722758125,210318.12722758125,0,0.0,0.0,0.0,0.0
1695268800000,210318.12722758125,210318.12722758125,0,0.0,0.0,0.0,0.0
1695283200000,210318.12722758125,210318.12722758125,0,0.0,0.0,0.0,0.0
1695297600000,210318.12722758125,210318.12722758125,0,0.0,0.0,0.0,0.0
1695312000000,210318.12722758125,210318.12722758125,0,0.0,0.0,0.0,0.0
1695326400000,210318.12722758125,210318.12722758125,0,0.0,0.0,0.0,0.0
1695340800000,210318.12722758125,210318.12722758125,0,0.0,0.0,0.0,0.0
1695355200000,210318.12722758125,210318.12722758125,0,0.0,0.0,0.0,0.0
1695369600000,210318.12722758125,210318.12722758125,0,0.0,0.0,0.0,0.0
1695384000000,210318.12722758125,210318.12722758125,0,0.0,0.0,0.0,0.0
1695398400000,210318.12722758125,210318.12722758125,0,0.0,0.0,0.0,0.0
1695412800000,210318.12722758125,210318.12722758125,0,0.0,0.0,0.0,0.0
1695427200000,210318.12722758125,210318.12722758125,0,0.0,0.0,0.0,0.0
1695441600000,210318.12722758125,210318.12722758125,0,0.0,0.0,0.0,0.0
1695456000000,210318.12722758125,210318.12722758125,0,0.0,0.0,0.0,0.0
1695470400000,210318.12722758125,210318.12722758125,0,0.0,0.0,0.0,0.0
1695484800000,210318.12722758125,210318.12722758125,0,0.0,0.0,0.0,0.0
1695499200000,210318.12722758125,210318.12722758125,0,0.0,0.0,0.0,0.0
1695513600000,210318.12722758125,210318.12722758125,0,0.0,0.0,0.0,0.0
1695528000000,210318.12722758125,210318.12722758125,0,0.0,0.0,0.0,0.0
1695542400000,210318.12722758125,210318.12722758125,0,0.0,0.0,0.0,0.0
1695556800000,210318.12722758125,210318.12722758125,0,0.0,0.0,0.0,0.0
1695571200000,210318.12722758125,210318.12722758125,0,0.0,0.0,0.0,0.0
1695585600000,210318.12722758125,210318.12722758125,0,0.0,0.0,0.0,0.0
1695600000000,210318.12722758125,210318.12722758125,0,0.0,0.0,0.0,0.0
1695614400000,209973.24303648705,210152.64017434433,1,331153.5036117209,4206.362544551625,4206.362544551625,331153.5036117209
1695628800000,208044.83678146472,206905.3802168953,2,715918.9606954502,6706.4417268663565,6706.4417268663565,715918.9606954502
1695643200000,212382.77114965222,206947.95902779183,2,711623.6051381592,6706.4417268663565,6706.4417268663565,711623.6051381592
1695657600000,204128.75892996625,206772.93878387386,3,1069743.0849498827,9591.995405635975,9591.995405635975,1069743.0849498827
1695672000000,198261.0189005243,198261.0189005243,0,0.0,0.0,0.0,0.0
1695686400000,198261.0189005243,198261.0189005243,0,0.0,0.0,0.0,0.0
1695700800000,198261.0189005243,198261.0189005243,0,0.0,0.0,0.0,0.0
1695715200000,198261.0189005243,198261.0189005243,0,0.0,0.0,0.0,0.0
1695729600000,198261.0189005243,198261.0189005243,0,0.0,0.0,0.0,0.0
1695744000000,198261.0189005243,198261.0189005243,0,0.0,0.0,0.0,0.0
1695758400000,196959.42113096698,198113.34494683106,1,296501.83120233327,3965.220378010486,3965.220378010486,296501.83120233327
1695772800000,200228.5280695407,198113.34494683106,1,293232.72426375956,3965.220378010486,3965.220378010486,293232.72426375956
1695787200000,200158.03220770266,198135.37097948094,1,293325.24615824746,3965.220378010486,3965.220378010486,293325.24615824746
1695801600000,201437.91841478573,198135.37097948094,1,292045.3599511644,3965.220378010486,3965.220378010486,292045.3599511644
1695816000000,195377.20425557616,195377.20425557616,0,0.0,0.0,0.0,0.0
1695830400000,195377.20425557616,195377.20425557616,0,0.0,0.0,0.0,0.0
1695844800000,195377.20425557616,195377.20425557616,0,0.0,0.0,0.0,0.0
1695859200000,195377.20425557616,195377.20425557616,0,0.0,0.0,0.0,0.0
1695873600000,195377.20425557616,195377.20425557616,0,0.0,0.0,0.0,0.0
1695888000000,195377.20425557616,195377.20425557616,0,0.0,0.0,0.0,0.0
1695902400000,195377.20425557616,195377.20425557616,0,0.0,0.0,0.0,0.0
1695916800000,195377.20425557616,195377.20425557616,0,0.0,0.0,0.0,0.0
1695931200000,195377.20425557616,195377.20425557616,0,0.0,0.0,0.0,0.0
1695945600000,195377.20425557616,195377.20425557616,0,0.0,0.0,0.0,0.0
1695960000000,195377.20425557616,195377.20425557616,0,0.0,0.0,0.0,0.0
1695974400000,195377.20425557616,195377.20425557616,0,0.0,0.0,0.0,0.0
1695988800000,195377.20425557616,195377.20425557616,0,0.0,0.0,0.0,0.0
1696003200000,195377.20425557616,195377.20425557616,0,0.0,0.0,0.0,0.0
1696017600000,195377.20425557616,195377.20425557616,0,0.0,0.0,0.0,0.0
1696032000000,195377.20425557616,195377.20425557616,0,0.0,0.0,0.0,0.0
1696046400000,195377.20425557616,195377.20425557616,0,0.0,0.0,0.0,0.0
1696060800000,195377.20425557616,195377.20425557616,0,0.0,0.0,0.0,0.0
1696075200000,195377.20425557616,195377.20425557616,0,0.0,0.0,0.0,0.0
1696089600000,195377.20425557616,195377.20425557616,0,0.0,0.0,0.0,0.0
1696104000000,195377.20425557616,195377.20425557616,0,0.0,0.0,0.0,0.0
1696118400000,195377.20425557616,195377.20425557616,0,0.0,0.0,0.0,0.0
1696132800000,195377.20425557616,195377.20425557616,0,0.0,0.0,0.0,0.0
1696147200000,195377.20425557616,195377.20425557616,0,0.0,0.0,0.0,0.0
1696161600000,195377.20425557616,195377.20425557616,0,0.0,0.0,0.0,0.0
1696176000000,195377.20425557616,195377.20425557616,0,0.0,0.0,0.0,0.0
1696190400000,195377.20425557616,195377.20425557616,0,0.0,0.0,0.0,0.0
1696204800000,195377.20425557616,195377.20425557616,0,0.0,0.0,0.0,0.0
1696219200000,195377.20425557616,195377.20425557616,0,0.0,0.0,0.0,0.0
1696233600000,195377.20425557616,195377.20425557616,0,0.0,0.0,0.0,0.0
1696248000000,195377.20425557616,195377.20425557616,0,0.0,0.0,0.0,0.0
1696262400000,195377.20425557616,195377.20425557616,0,0.0,0.0,0.0,0.0
1696276800000,195377.20425557616,195377.20425557616,0,0.0,0.0,0.0,0.0
1696291200000,195377.20425557616,195377.20425557616,0,0.0,0.0,0.0,0.0
1696305600000,195377.20425557616,195377.20425557616,0,0.0,0.0,0.0,0.0
1696320000000,195377.20425557616,195377.20425557616,0,0.0,0.0,0.0,0.0
1696334400000,195377.20425557616,195377.20425557616,0,0.0,0.0,0.0,0.0
1696348800000,195377.20425557616,195377.20425557616,0,0.0,0.0,0.0,0.0
1696363200000,195377.20425557616,195377.20425557616,0,0.0,0.0,0.0,0.0
1696377600000,195377.20425557616,195377.20425557616,0,0.0,0.0,0.0,0.0
1696392000000,195377.20425557616,195377.20425557616,0,0.0,0.0,0.0,0.0
1696406400000,195377.20425557616,195377.20425557616,0,0.0,0.0,0.0,0.0
1696420800000,195377.20425557616,195377.20425557616,0,0.0,0.0,0.0,0.0
1696435200000,195377.20425557616,195377.20425557616,0,0.0,0.0,0.0,0.0
1696449600000,195377.20425557616,195377.20425557616,0,0.0,0.0,0.0,0.0
1696464000000,195377.20425557616,195377.20425557616,0,0.0,0.0,0.0,0.0
1696478400000,195377.20425557616,195377.20425557616,0,0.0,0.0,0.0,0.0
1696492800000,195377.20425557616,195377.20425557616,0,0.0,0.0,0.0,0.0
1696507200000,195377.20425557616,195377.20425557616,0,0.0,0.0,0.0,0.0
1696521600000,195377.20425557616,195377.20425557616,0,0.0,0.0,0.0,0.0
1696536000000,195377.20425557616,195377.20425557616,0,0.0,0.0,0.0,0.0
1696550400000,195377.20425557616,195377.20425557616,0,0.0,0.0,0.0,0.0
1696564800000,195377.20425557616,195377.20425557616,0,0.0,0.0,0.0,0.0
1696579200000,195377.20425557616,195377.20425557616,0,0.0,0.0,0.0,0.0
1696593600000,195377.20425557616,195377.20425557616,0,0.0,0.0,0.0,0.0
1696608000000,195377.20425557616,195377.20425557616,0,0.0,0.0,0.0,0.0
1696622400000,195377.20425557616,195377.20425557616,0,0.0,0.0,0.0,0.0
1696636800000,195377.20425557616,195377.20425557616,0,0.0,0.0,0.0,0.0
1696651200000,195377.20425557616,195377.20425557616,0,0.0,0.0,0.0,0.0
1696665600000,195377.20425557616,195377.20425557616,0,0.0,0.0,0.0,0.0
1696680000000,195377.20425557616,195377.20425557616,0,0.0,0.0,0.0,0.0
1696694400000,195377.20425557616,195377.20425557616,0,0.0,0.0,0.0,0.0
1696708800000,195377.20425557616,195377.20425557616,0,0.0,0.0,0.0,0.0
1696723200000,195377.20425557616,195377.20425557616,0,0.0,0.0,0.0,0.0
1696737600000,195377.20425557616,195377.20425557616,0,0.0,0.0,0.0,0.0
1696752000000,195377.20425557616,195377.20425557616,0,0.0,0.0,0.0,0.0
1696766400000,195377.20425557616,195377.20425557616,0,0.0,0.0,0.0,0.0
1696780800000,195377.20425557616,195377.20425557616,0,0.0,0.0,0.0,0.0
1696795200000,195377.20425557616,195377.20425557616,0,0.0,0.0,0.0,0.0
1696809600000,195377.20425557616,195377.20425557616,0,0.0,0.0,0.0,0.0
1696824000000,195377.20425557616,195377.20425557616,0,0.0,0.0,0.0,0.0
1696838400000,195377.20425557616,195377.20425557616,0,0.0,0.0,0.0,0.0
1696852800000,200479.5792305775,197116.71437223864,1,123470.7106373824,976.8860212778808,976.8860212778808,123470.7106373824
1696867200000,200762.35921686274,200184.0440249059,2,417608.4071168916,4008.287891884029,4008.287891884029,417608.4071168916
1696881600000,203933.62971659936,203890.62809507127,2,261549.364609899,3010.1063117574477,3010.1063117574477,261549.364609899
1696896000000,203639.51302041233,203457.3335456052,1,198624.91948404457,2039.6230747037303,2039.6230747037303,198624.91948404457
1696910400000,202780.66747631866,203457.3335456052,1,199483.7650281382,2039.6230747037303,2039.6230747037303,199483.7650281382
1696924800000,201277.09768080577,201277.09768080577,0,0.0,0.0,0.0,0.0
1696939200000,201277.09768080577,201277.09768080577,0,0.0,0.0,0.0,0.0
1696953600000,201277.09768080577,201277.09768080577,0,0.0,0.0,0.0,0.0
1696968000000,201277.09768080577,201277.09768080577,0,0.0,0.0,0.0,0.0
1696982400000,201277.09768080577,201277.09768080577,0,0.0,0.0,0.0,0.0
1696996800000,201277.09768080577,201277.09768080577,0,0.0,0.0,0.0,0.0
1697011200000,201277.09768080577,201277.09768080577,0,0.0,0.0,0.0,0.0
1697025600000,201277.09768080577,201277.09768080577,0,0.0,0.0,0.0,0.0
1697040000000,201277.09768080577,201277.09768080577,0,0.0,0.0,0.0,0.0
1697054400000,201277.09768080577,201277.09768080577,0,0.0,0.0,0.0,0.0
1697068800000,201277.09768080577,201277.09768080577,0,0.0,0.0,0.0,0.0
1697083200000,201277.09768080577,201277.09768080577,0,0.0,0.0,0.0,0.0
1697097600000,201277.09768080577,201277.09768080577,0,0.0,0.0,0.0,0.0
1697112000000,201277.09768080577,201277.09768080577,0,0.0,0.0,0.0,0.0
1697126400000,201277.09768080577,201277.09768080577,0,0.0,0.0,0.0,0.0
1697140800000,201277.09768080577,201277.09768080577,0,0.0,0.0,0.0,0.0
1697155200000,201277.09768080577,201277.09768080577,0,0.0,0.0,0.0,0.0
1697169600000,201277.09768080577,201277.09768080577,0,0.0,0.0,0.0,0.0
1697184000000,201277.09768080577,201277.09768080577,0,0.0,0.0,0.0,0.0
1697198400000,201277.09768080577,201277.09768080577,0,0.0,0.0,0.0,0.0
1697212800000,201277.09768080577,201277.09768080577,0,0.0,0.0,0.0,0.0
1697227200000,201277.09768080577,201277.09768080577,0,0.0,0.0,0.0,0.0
1697241600000,201277.09768080577,201277.09768080577,0,0.0,0.0,0.0,0.0
1697256000000,201277.09768080577,201277.09768080577,0,0.0,0.0,0.0,0.0
1697270400000,201277.09768080577,201277.09768080577,0,0.0,0.0,0.0,0.0
1697284800000,201277.09768080577,201277.09768080577,0,0.0,0.0,0.0,0.0
1697299200000,201277.09768080577,201277.09768080577,0,0.0,0.0,0.0,0.0
1697313600000,201277.09768080577,201277.09768080577,0,0.0,0.0,0.0,0.0
1697328000000,201277.09768080577,201277.09768080577,0,0.0,0.0,0.0,0.0
1697342400000,201277.09768080577,201277.09768080577,0,0.0,0.0,0.0,0.0
1697356800000,201277.09768080577,201277.09768080577,0,0.0,0.0,0.0,0.0
1697371200000,201277.09768080577,201277.09768080577,0,0.0,0.0,0.0,0.0
1697385600000,201277.09768080577,201277.09768080577,0,0.0,0.0,0.0,0.0
1697400000000,201277.09768080577,201277.09768080577,0,0.0,0.0,0.0,0.0
1697414400000,201277.09768080577,201277.09768080577,0,0.0,0.0,0.0,0.0
1697428800000,201277.09768080577,201277.09768080577,0,0.0,0.0,0.0,0.0
1697443200000,201277.09768080577,201277.09768080577,0,0.0,0.0,0.0,0.0
1697457600000,201277.09768080577,201277.09768080577,0,0.0,0.0,0.0,0.0
1697472000000,201277.09768080577,201277.09768080577,0,0.0,0.0,0.0,0.0
1697486400000,201277.09768080577,201277.09768080577,0,0.0,0.0,0.0,0.0
1697500800000,201277.09768080577,201277.09768080577,0,0.0,0.0,0.0,0.0
1697515200000,201277.09768080577,201277.09768080577,0,0.0,0.0,0.0,0.0
1697529600000,201277.09768080577,201277.09768080577,0,0.0,0.0,0.0,0.0
1697544000000,201277.09768080577,201277.09768080577,0,0.0,0.0,0.0,0.0
1697558400000,201277.09768080577,201277.09768080577,0,0.0,0.0,0.0,0.0
1697572800000,201277.09768080577,201277.09768080577,0,0.0,0.0,0.0,0.0
1697587200000,201277.09768080577,201277.09768080577,0,0.0,0.0,0.0,0.0
1697601600000,201277.09768080577,201277.09768080577,0,0.0,0.0,0.0,0.0
1697616000000,201277.09768080577,201277.09768080577,0,0.0,0.0,0.0,0.0
1697630400000,201277.09768080577,201277.09768080577,0,0.0,0.0,0.0,0.0
1697644800000,201277.09768080577,201277.09768080577,0,0.0,0.0,0.0,0.0
1697659200000,201277.09768080577,201277.09768080577,0,0.0,0.0,0.0,0.0
1697673600000,201277.09768080577,201277.09768080577,0,0.0,0.0,0.0,0.0
1697688000000,201277.09768080577,201277.09768080577,0,0.0,0.0,0.0,0.0
1697702400000,201277.09768080577,201277.09768080577,0,0.0,0.0,0.0,0.0
1697716800000,200283.57215061664,201193.0965095508,1,168911.86686884565,2012.7709768080579,2012.7709768080579,168911.86686884565
1697731200000,199061.2979517907,199061.2979517907,0,0.0,0.0,0.0,0.0
1697745600000,199061.2979517907,199061.2979517907,0,0.0,0.0,0.0,0.0
1697760000000,199061.2979517907,199061.2979517907,0,0.0,0.0,0.0,0.0
1697774400000,199061.2979517907,199061.2979517907,0,0.0,0.0,0.0,0.0
1697788800000,199061.2979517907,199061.2979517907,0,0.0,0.0,0.0,0.0
1697803200000,199061.2979517907,199061.2979517907,0,0.0,0.0,0.0,0.0
1697817600000,199061.2979517907,199061.2979517907,0,0.0,0.0,0.0,0.0
1697832000000,199061.2979517907,199061.2979517907,0,0.0,0.0,0.0,0.0
1697846400000,199061.2979517907,199061.2979517907,0,0.0,0.0,0.0,0.0
1697860800000,199061.2979517907,199061.2979517907,0,0.0,0.0,0.0,0.0
1697875200000,199061.2979517907,199061.2979517907,0,0.0,0.0,0.0,0.0
1697889600000,199061.2979517907,199061.2979517907,0,0.0,0.0,0.0,0.0
1697904000000,199061.2979517907,199061.2979517907,0,0.0,0.0,0.0,0.0
1697918400000,199061.2979517907,199061.2979517907,0,0.0,0.0,0.0,0.0
1697932800000,199061.2979517907,199061.2979517907,0,0.0,0.0,0.0,0.0
1697947200000,199061.2979517907,199061.2979517907,0,0.0,0.0,0.0,0.0
1697961600000,199061.2979517907,199061.2979517907,0,0.0,0.0,0.0,0.0
1697976000000,199061.2979517907,199061.2979517907,0,0.0,0.0,0.0,0.0
1697990400000,199061.2979517907,199061.2979517907,0,0.0,0.0,0.0,0.0
1698004800000,199061.2979517907,199061.2979517907,0,0.0,0.0,0.0,0.0
1698019200000,199061.2979517907,199061.2979517907,0,0.0,0.0,0.0,0.0
1698033600000,199061.2979517907,199061.2979517907,0,0.0,0.0,0.0,0.0
1698048000000,199061.2979517907,199061.2979517907,0,0.0,0.0,0.0,0.0
1698062400000,199061.2979517907,199061.2979517907,0,0.0,0.0,0.0,0.0
1698076800000,199061.2979517907,199061.2979517907,0,0.0,0.0,0.0,0.0
1698091200000,199061.2979517907,199061.2979517907,0,0.0,0.0,0.0,0.0
1698105600000,199061.2979517907,199061.2979517907,0,0.0,0.0,0.0,0.0
1698120000000,199061.2979517907,199061.2979517907,0,0.0,0.0,0.0,0.0
1698134400000,199061.2979517907,199061.2979517907,0,0.0,0.0,0.0,0.0
1698148800000,199061.2979517907,199061.2979517907,0,0.0,0.0,0.0,0.0
1698163200000,199061.2979517907,199061.2979517907,0,0.0,0.0,0.0,0.0
1698177600000,199061.2979517907,199061.2979517907,0,0.0,0.0,0.0,0.0
1698192000000,199061.2979517907,199061.2979517907,0,0.0,0.0,0.0,0.0
1698206400000,199061.2979517907,199061.2979517907,0,0.0,0.0,0.0,0.0
1698220800000,199061.2979517907,199061.2979517907,0,0.0,0.0,0.0,0.0
1698235200000,199061.2979517907,199061.2979517907,0,0.0,0.0,0.0,0.0
1698249600000,199061.2979517907,199061.2979517907,0,0.0,0.0,0.0,0.0
1698264000000,199061.2979517907,199061.2979517907,0,0.0,0.0,0.0,0.0
1698278400000,199061.2979517907,199061.2979517907,0,0.0,0.0,0.0,0.0
1698292800000,199061.2979517907,199061.2979517907,0,0.0,0.0,0.0,0.0
1698307200000,199061.2979517907,199061.2979517907,0,0.0,0.0,0.0,0.0
1698321600000,199061.2979517907,199061.2979517907,0,0.0,0.0,0.0,0.0
1698336000000,199061.2979517907,199061.2979517907,0,0.0,0.0,0.0,0.0
1698350400000,199061.2979517907,199061.2979517907,0,0.0,0.0,0.0,0.0
1698364800000,199061.2979517907,199061.2979517907,0,0.0,0.0,0.0,0.0
1698379200000,199061.2979517907,199061.2979517907,0,0.0,0.0,0.0,0.0
1698393600000,199061.2979517907,199061.2979517907,0,0.0,0.0,0.0,0.0
1698408000000,199061.2979517907,199061.2979517907,0,0.0,0.0,0.0,0.0
1698422400000,199061.2979517907,199061.2979517907,0,0.0,0.0,0.0,0.0
1698436800000,199061.2979517907,199061.2979517907,0,0.0,0.0,0.0,0.0
1698451200000,199061.2979517907,199061.2979517907,0,0.0,0.0,0.0,0.0
1698465600000,199061.2979517907,199061.2979517907,0,0.0,0.0,0.0,0.0
1698480000000,199061.2979517907,199061.2979517907,0,0.0,0.0,0.0,0.0
1698494400000,199061.2979517907,199061.2979517907,0,0.0,0.0,0.0,0.0
1698508800000,199061.2979517907,199061.2979517907,0,0.0,0.0,0.0,0.0
1698523200000,199061.2979517907,199061.2979517907,0,0.0,0.0,0.0,0.0
1698537600000,199061.2979517907,199061.2979517907,0,0.0,0.0,0.0,0.0
1698552000000,199061.2979517907,199061.2979517907,0,0.0,0.0,0.0,0.0
1698566400000,199061.2979517907,199061.2979517907,0,0.0,0.0,0.0,0.0
1698580800000,199061.2979517907,199061.2979517907,0,0.0,0.0,0.0,0.0
1698595200000,199061.2979517907,199061.2979517907,0,0.0,0.0,0.0,0.0
1698609600000,199061.2979517907,199061.2979517907,0,0.0,0.0,0.0,0.0
1698624000000,199061.2979517907,199061.2979517907,0,0.0,0.0,0.0,0.0
1698638400000,199061.2979517907,199061.2979517907,0,0.0,0.0,0.0,0.0
1698652800000,199061.2979517907,199061.2979517907,0,0.0,0.0,0.0,0.0
1698667200000,199061.2979517907,199061.2979517907,0,0.0,0.0,0.0,0.0
1698681600000,199061.2979517907,199061.2979517907,0,0.0,0.0,0.0,0.0
1698696000000,199061.2979517907,199061.2979517907,0,0.0,0.0,0.0,0.0
1698710400000,199061.2979517907,199061.2979517907,0,0.0,0.0,0.0,0.0
1698724800000,199061.2979517907,199061.2979517907,0,0.0,0.0,0.0,0.0
1698739200000,199061.2979517907,199061.2979517907,0,0.0,0.0,0.0,0.0
1698753600000,199061.2979517907,199061.2979517907,0,0.0,0.0,0.0,0.0
1698768000000,199061.2979517907,199061.2979517907,0,0.0,0.0,0.0,0.0
1698782400000,199061.2979517907,199061.2979517907,0,0.0,0.0,0.0,0.0
1698796800000,199061.2979517907,199061.2979517907,0,0.0,0.0,0.0,0.0
1698811200000,199061.2979517907,199061.2979517907,0,0.0,0.0,0.0,0.0
1698825600000,199061.2979517907,199061.2979517907,0,0.0,0.0,0.0,0.0
1698840000000,199061.2979517907,199061.2979517907,0,0.0,0.0,0.0,0.0
1698854400000,199061.2979517907,199061.2979517907,0,0.0,0.0,0.0,0.0
1698868800000,199061.2979517907,199061.2979517907,0,0.0,0.0,0.0,0.0
1698883200000,199061.2979517907,199061.2979517907,0,0.0,0.0,0.0,0.0
1698897600000,199061.2979517907,199061.2979517907,0,0.0,0.0,0.0,0.0
1698912000000,199061.2979517907,199061.2979517907,0,0.0,0.0,0.0,0.0
1698926400000,199061.2979517907,199061.2979517907,0,0.0,0.0,0.0,0.0
1698940800000,194851.68917173176,194851.68917173176,0,0.0,0.0,0.0,0.0
1698955200000,194851.68917173176,194851.68917173176,0,0.0,0.0,0.0,0.0
1698969600000,194851.68917173176,194851.68917173176,0,0.0,0.0,0.0,0.0
1698984000000,194851.68917173176,194851.68917173176,0,0.0,0.0,0.0,0.0
1698998400000,194851.68917173176,194851.68917173176,0,0.0,0.0,0.0,0.0
1699012800000,194851.68917173176,194851.68917173176,0,0.0,0.0,0.0,0.0
1699027200000,194851.68917173176,194851.68917173176,0,0.0,0.0,0.0,0.0
1699041600000,194851.68917173176,194851.68917173176,0,0.0,0.0,0.0,0.0
1699056000000,194851.68917173176,194851.68917173176,0,0.0,0.0,0.0,0.0
1699070400000,194851.68917173176,194851.68917173176,0,0.0,0.0,0.0,0.0
1699084800000,194851.68917173176,194851.68917173176,0,0.0,0.0,0.0,0.0
1699099200000,194851.68917173176,194851.68917173176,0,0.0,0.0,0.0,0.0
1699113600000,194851.68917173176,194851.68917173176,0,0.0,0.0,0.0,0.0
1699128000000,194851.68917173176,194851.68917173176,0,0.0,0.0,0.0,0.0
1699142400000,194851.68917173176,194851.68917173176,0,0.0,0.0,0.0,0.0
1699156800000,194851.68917173176,194851.68917173176,0,0.0,0.0,0.0,0.0
1699171200000,194851.68917173176,194851.68917173176,0,0.0,0.0,0.0,0.0
1699185600000,194851.68917173176,194851.68917173176,0,0.0,0.0,0.0,0.0
1699200000000,194851.68917173176,194851.68917173176,0,0.0,0.0,0.0,0.0
1699214400000,194851.68917173176,194851.68917173176,0,0.0,0.0,0.0,0.0
1699228800000,194851.68917173176,194851.68917173176,0,0.0,0.0,0.0,0.0
1699243200000,194851.68917173176,194851.68917173176,0,0.0,0.0,0.0,0.0
1699257600000,194851.68917173176,194851.68917173176,0,0.0,0.0,0.0,0.0
1699272000000,194851.68917173176,194851.68917173176,0,0.0,0.0,0.0,0.0
1699286400000,194851.68917173176,194851.68917173176,0,0.0,0.0,0.0,0.0
1699300800000,194851.68917173176,194851.68917173176,0,0.0,0.0,0.0,0.0
1699315200000,194851.68917173176,194851.68917173176,0,0.0,0.0,0.0,0.0
1699329600000,194851.68917173176,194851.68917173176,0,0.0,0.0,0.0,0.0
1699344000000,194851.68917173176,194851.68917173176,0,0.0,0.0,0.0,0.0
1699358400000,194851.68917173176,194851.68917173176,0,0.0,0.0,0.0,0.0
1699372800000,194851.68917173176,194851.68917173176,0,0.0,0.0,0.0,0.0
1699387200000,194851.68917173176,194851.68917173176,0,0.0,0.0,0.0,0.0
1699401600000,194851.68917173176,194851.68917173176,0,0.0,0.0,0.0,0.0
1699416000000,194851.68917173176,194851.68917173176,0,0.0,0.0,0.0,0.0
1699430400000,194851.68917173176,194851.68917173176,0,0.0,0.0,0.0,0.0
1699444800000,194851.68917173176,194851.68917173176,0,0.0,0.0,0.0,0.0
1699459200000,194851.68917173176,194851.68917173176,0,0.0,0.0,0.0,0.0
1699473600000,194851.68917173176,194851.68917173176,0,0.0,0.0,0.0,0.0
1699488000000,194851.68917173176,194851.68917173176,0,0.0,0.0,0.0,0.0
1699502400000,194851.68917173176,194851.68917173176,0,0.0,0.0,0.0,0.0
1699516800000,195207.37979104015,194758.48754822864,1,186852.1392490664,3897.0337834346356,0.0,0.0
1699531200000,196550.05932961527,194739.80161860277,1,188213.50471726738,3897.0337834346356,0.0,0.0
1699545600000,198209.46312600293,194739.80161860277,1,189872.90851365504,3897.0337834346356,0.0,0.0
1699560000000,190677.01454959423,190677.01454959423,0,0.0,0.0,0.0,0.0
1699574400000,190677.01454959423,190677.01454959423,0,0.0,0.0,0.0,0.0
1699588800000,190677.01454959423,190677.01454959423,0,0.0,0.0,0.0,0.0
1699603200000,190677.01454959423,190677.01454959423,0,0.0,0.0,0.0,0.0
1699617600000,190677.01454959423,190677.01454959423,0,0.0,0.0,0.0,0.0
1699632000000,190677.01454959423,190677.01454959423,0,0.0,0.0,0.0,0.0
1699646400000,190677.01454959423,190677.01454959423,0,0.0,0.0,0.0,0.0
1699660800000,190677.01454959423,190677.01454959423,0,0.0,0.0,0.0,0.0
1699675200000,190677.01454959423,190677.01454959423,0,0.0,0.0,0.0,0.0
1699689600000,190677.01454959423,190677.01454959423,0,0.0,0.0,0.0,0.0
1699704000000,190677.01454959423,190677.01454959423,0,0.0,0.0,0.0,0.0
1699718400000,190677.01454959423,190677.01454959423,0,0.0,0.0,0.0,0.0
1699732800000,190677.01454959423,190677.01454959423,0,0.0,0.0,0.0,0.0
1699747200000,190677.01454959423,190677.01454959423,0,0.0,0.0,0.0,0.0
1699761600000,190677.01454959423,190677.01454959423,0,0.0,0.0,0.0,0.0
1699776000000,190677.01454959423,190677.01454959423,0,0.0,0.0,0.0,0.0
1699790400000,190677.01454959423,190677.01454959423,0,0.0,0.0,0.0,0.0
1699804800000,190677.01454959423,190677.01454959423,0,0.0,0.0,0.0,0.0
1699819200000,190677.01454959423,190677.01454959423,0,0.0,0.0,0.0,0.0
1699833600000,190677.01454959423,190677.01454959423,0,0.0,0.0,0.0,0.0
1699848000000,190677.01454959423,190677.01454959423,0,0.0,0.0,0.0,0.0
1699862400000,190677.01454959423,190677.01454959423,0,0.0,0.0,0.0,0.0
1699876800000,190677.01454959423,190677.01454959423,0,0.0,0.0,0.0,0.0
1699891200000,190677.01454959423,190677.01454959423,0,0.0,0.0,0.0,0.0
1699905600000,190677.01454959423,190677.01454959423,0,0.0,0.0,0.0,0.0
1699920000000,190677.01454959423,190677.01454959423,0,0.0,0.0,0.0,0.0
1699934400000,190677.01454959423,190677.01454959423,0,0.0,0.0,0.0,0.0
1699948800000,190677.01454959423,190677.01454959423,0,0.0,0.0,0.0,0.0
1699963200000,190677.01454959423,190677.01454959423,0,0.0,0.0,0.0,0.0
1699977600000,190677.01454959423,190677.01454959423,0,0.0,0.0,0.0,0.0
1699992000000,190677.01454959423,190677.01454959423,0,0.0,0.0,0.0,0.0
1700006400000,190677.01454959423,190677.01454959423,0,0.0,0.0,0.0,0.0
1700020800000,190677.01454959423,190677.01454959423,0,0.0,0.0,0.0,0.0
1700035200000,190677.01454959423,190677.01454959423,0,0.0,0.0,0.0,0.0
1700049600000,190677.01454959423,190677.01454959423,0,0.0,0.0,0.0,0.0
1700064000000,190677.01454959423,190677.01454959423,0,0.0,0.0,0.0,0.0
1700078400000,190677.01454959423,190677.01454959423,0,0.0,0.0,0.0,0.0
1700092800000,190677.01454959423,190677.01454959423,0,0.0,0.0,0.0,0.0
1700107200000,190677.01454959423,190677.01454959423,0,0.0,0.0,0.0,0.0
1700121600000,190677.01454959423,190677.01454959423,0,0.0,0.0,0.0,0.0
1700136000000,190677.01454959423,190677.01454959423,0,0.0,0.0,0.0,0.0
1700150400000,190677.01454959423,190677.01454959423,0,0.0,0.0,0.0,0.0
1700164800000,190677.01454959423,190677.01454959423,0,0.0,0.0,0.0,0.0
1700179200000,190677.01454959423,190677.01454959423,0,0.0,0.0,0.0,0.0
1700193600000,190677.01454959423,190677.01454959423,0,0.0,0.0,0.0,0.0
1700208000000,190677.01454959423,190677.01454959423,0,0.0,0.0,0.0,0.0
1700222400000,190677.01454959423,190677.01454959423,0,0.0,0.0,0.0,0.0
1700236800000,190677.01454959423,190677.01454959423,0,0.0,0.0,0.0,0.0
1700251200000,190677.01454959423,190677.01454959423,0,0.0,0.0,0.0,0.0
1700265600000,190677.01454959423,190677.01454959423,0,0.0,0.0,0.0,0.0
1700280000000,190677.01454959423,190677.01454959423,0,0.0,0.0,0.0,0.0
1700294400000,190677.01454959423,190677.01454959423,0,0.0,0.0,0.0,0.0
1700308800000,190677.01454959423,190677.01454959423,0,0.0,0.0,0.0,0.0
1700323200000,190677.01454959423,190677.01454959423,0,0.0,0.0,0.0,0.0
1700337600000,190677.01454959423,190677.01454959423,0,0.0,0.0,0.0,0.0
1700352000000,190677.01454959423,190677.01454959423,0,0.0,0.0,0.0,0.0
1700366400000,190677.01454959423,190677.01454959423,0,0.0,0.0,0.0,0.0
1700380800000,190677.01454959423,190677.01454959423,0,0.0,0.0,0.0,0.0
1700395200000,190677.01454959423,190677.01454959423,0,0.0,0.0,0.0,0.0
1700409600000,190677.01454959423,190677.01454959423,0,0.0,0.0,0.0,0.0
1700424000000,190677.01454959423,190677.01454959423,0,0.0,0.0,0.0,0.0
1700438400000,190677.01454959423,190677.01454959423,0,0.0,0.0,0.0,0.0
1700452800000,190677.01454959423,190677.01454959423,0,0.0,0.0,0.0,0.0
1700467200000,190677.01454959423,190677.01454959423,0,0.0,0.0,0.0,0.0
1700481600000,190677.01454959423,190677.01454959423,0,0.0,0.0,0.0,0.0
1700496000000,190677.01454959423,190677.01454959423,0,0.0,0.0,0.0,0.0
1700510400000,190677.01454959423,190677.01454959423,0,0.0,0.0,0.0,0.0
1700524800000,190677.01454959423,190677.01454959423,0,0.0,0.0,0.0,0.0
1700539200000,190677.01454959423,190677.01454959423,0,0.0,0.0,0.0,0.0
1700553600000,190677.01454959423,190677.01454959423,0,0.0,0.0,0.0,0.0
1700568000000,190677.01454959423,190677.01454959423,0,0.0,0.0,0.0,0.0
1700582400000,190677.01454959423,190677.01454959423,0,0.0,0.0,0.0,0.0
1700596800000,190677.01454959423,190677.01454959423,0,0.0,0.0,0.0,0.0
1700611200000,190677.01454959423,190677.01454959423,0,0.0,0.0,0.0,0.0
1700625600000,189357.44512028928,190641.74527184825,1,71822.85564347943,1906.7701454959426,1906.7701454959426,71822.85564347943
1700640000000,189344.38404452213,190641.74527184825,1,71835.91671924657,1906.7701454959426,1906.7701454959426,71835.91671924657
1700654400000,189881.16321355195,190626.6939897166,1,71284.08626808508,1906.7701454959426,1906.7701454959426,71284.08626808508
1700668800000,189701.57342175383,190626.6939897166,1,71463.6760598832,1906.7701454959426,1906.7701454959426,71463.6760598832
1700683200000,188652.27867420486,188652.27867420486,0,0.0,0.0,0.0,0.0
1700697600000,188652.27867420486,188652.27867420486,0,0.0,0.0,0.0,0.0
1700712000000,188652.27867420486,188652.27867420486,0,0.0,0.0,0.0,0.0
1700726400000,188652.27867420486,188652.27867420486,0,0.0,0.0,0.0,0.0
1700740800000,188652.27867420486,188652.27867420486,0,0.0,0.0,0.0,0.0
1700755200000,188652.27867420486,188652.27867420486,0,0.0,0.0,0.0,0.0
1700769600000,188652.27867420486,188652.27867420486,0,0.0,0.0,0.0,0.0
1700784000000,188652.27867420486,188652.27867420486,0,0.0,0.0,0.0,0.0
1700798400000,188652.27867420486,188652.27867420486,0,0.0,0.0,0.0,0.0
1700812800000,188652.27867420486,188652.27867420486,0,0.0,0.0,0.0,0.0
1700827200000,188652.27867420486,188652.27867420486,0,0.0,0.0,0.0,0.0
1700841600000,188652.27867420486,188652.27867420486,0,0.0,0.0,0.0,0.0
1700856000000,188652.27867420486,188652.27867420486,0,0.0,0.0,0.0,0.0
1700870400000,188652.27867420486,188652.27867420486,0,0.0,0.0,0.0,0.0
1700884800000,188652.27867420486,188652.27867420486,0,0.0,0.0,0.0,0.0
1700899200000,188652.27867420486,188652.27867420486,0,0.0,0.0,0.0,0.0
1700913600000,188652.27867420486,188652.27867420486,0,0.0,0.0,0.0,0.0
1700928000000,188652.27867420486,188652.27867420486,0,0.0,0.0,0.0,0.0
1700942400000,188652.27867420486,188652.27867420486,0,0.0,0.0,0.0,0.0
1700956800000,188652.27867420486,188652.27867420486,0,0.0,0.0,0.0,0.0
1700971200000,188652.27867420486,188652.27867420486,0,0.0,0.0,0.0,0.0
1700985600000,188652.27867420486,188652.27867420486,0,0.0,0.0,0.0,0.0
1701000000000,188652.27867420486,188652.27867420486,0,0.0,0.0,0.0,0.0
1701014400000,188652.27867420486,188652.27867420486,0,0.0,0.0,0.0,0.0
1701028800000,188652.27867420486,188652.27867420486,0,0.0,0.0,0.0,0.0
1701043200000,188652.27867420486,188652.27867420486,0,0.0,0.0,0.0,0.0
1701057600000,188652.27867420486,188652.27867420486,0,0.0,0.0,0.0,0.0
1701072000000,188652.27867420486,188652.27867420486,0,0.0,0.0,0.0,0.0
1701086400000,188652.27867420486,188652.27867420486,0,0.0,0.0,0.0,0.0
1701100800000,186608.94263518092,186608.94263518092,0,0.0,0.0,0.0,0.0
1701115200000,186608.94263518092,186608.94263518092,0,0.0,0.0,0.0,0.0
1701129600000,185410.75599718487,186552.73742690164,1,113552.3979882704,1866.0894263518094,1866.0894263518094,113552.3979882704
1701144000000,185900.4390390557,186564.09085143448,1,113074.06837093241,1866.0894263518094,1866.0894263518094,113074.06837093241
1701158400000,184617.99644324262,184617.99644324262,0,0.0,0.0,0.0,0.0
1701172800000,184617.99644324262,184617.99644324262,0,0.0,0.0,0.0,0.0
1701187200000,184617.99644324262,184617.99644324262,0,0.0,0.0,0.0,0.0
1701201600000,184617.99644324262,184617.99644324262,0,0.0,0.0,0.0,0.0
1701216000000,184617.99644324262,184617.99644324262,0,0.0,0.0,0.0,0.0
1701230400000,184617.99644324262,184617.99644324262,0,0.0,0.0,0.0,0.0
1701244800000,184617.99644324262,184617.99644324262,0,0.0,0.0,0.0,0.0
1701259200000,184617.99644324262,184617.99644324262,0,0.0,0.0,0.0,0.0
1701273600000,184617.99644324262,184617.99644324262,0,0.0,0.0,0.0,0.0
1701288000000,184617.99644324262,184617.99644324262,0,0.0,0.0,0.0,0.0
1701302400000,184617.99644324262,184617.99644324262,0,0.0,0.0,0.0,0.0
1701316800000,184617.99644324262,184617.99644324262,0,0.0,0.0,0.0,0.0
1701331200000,184617.99644324262,184617.99644324262,0,0.0,0.0,0.0,0.0
1701345600000,184617.99644324262,184617.99644324262,0,0.0,0.0,0.0,0.0
1701360000000,184617.99644324262,184617.99644324262,0,0.0,0.0,0.0,0.0
1701374400000,184617.99644324262,184617.99644324262,0,0.0,0.0,0.0,0.0
1701388800000,184617.99644324262,184617.99644324262,0,0.0,0.0,0.0,0.0
1701403200000,184617.99644324262,184617.99644324262,0,0.0,0.0,0.0,0.0
1701417600000,184617.99644324262,184617.99644324262,0,0.0,0.0,0.0,0.0
1701432000000,184617.99644324262,184617.99644324262,0,0.0,0.0,0.0,0.0
1701446400000,184617.99644324262,184617.99644324262,0,0.0,0.0,0.0,0.0
1701460800000,184617.99644324262,184617.99644324262,0,0.0,0.0,0.0,0.0
1701475200000,184617.99644324262,184617.99644324262,0,0.0,0.0,0.0,0.0
1701489600000,184617.99644324262,184617.99644324262,0,0.0,0.0,0.0,0.0
1701504000000,184617.99644324262,184617.99644324262,0,0.0,0.0,0.0,0.0
1701518400000,184617.99644324262,184617.99644324262,0,0.0,0.0,0.0,0.0
1701532800000,184617.99644324262,184617.99644324262,0,0.0,0.0,0.0,0.0
1701547200000,184617.99644324262,184617.99644324262,0,0.0,0.0,0.0,0.0
1701561600000,184617.99644324262,184617.99644324262,0,0.0,0.0,0.0,0.0
1701576000000,184617.99644324262,184617.99644324262,0,0.0,0.0,0.0,0.0
1701590400000,184617.99644324262,184617.99644324262,0,0.0,0.0,0.0,0.0
1701604800000,184617.99644324262,184617.99644324262,0,0.0,0.0,0.0,0.0
1701619200000,184617.99644324262,184617.99644324262,0,0.0,0.0,0.0,0.0
1701633600000,184617.99644324262,184617.99644324262,0,0.0,0.0,0.0,0.0
1701648000000,184617.99644324262,184617.99644324262,0,0.0,0.0,0.0,0.0
1701662400000,184617.99644324262,184617.99644324262,0,0.0,0.0,0.0,0.0
1701676800000,184617.99644324262,184617.99644324262,0,0.0,0.0,0.0,0.0
1701691200000,184617.99644324262,184617.99644324262,0,0.0,0.0,0.0,0.0
1701705600000,184617.99644324262,184617.99644324262,0,0.0,0.0,0.0,0.0
1701720000000,184617.99644324262,184617.99644324262,0,0.0,0.0,0.0,0.0
1701734400000,184617.99644324262,184617.99644324262,0,0.0,0.0,0.0,0.0
1701748800000,184617.99644324262,184617.99644324262,0,0.0,0.0,0.0,0.0
1701763200000,184617.99644324262,184617.99644324262,0,0.0,0.0,0.0,0.0
1701777600000,184617.99644324262,184617.99644324262,0,0.0,0.0,0.0,0.0
1701792000000,184617.99644324262,184617.99644324262,0,0.0,0.0,0.0,0.0
1701806400000,184617.99644324262,184617.99644324262,0,0.0,0.0,0.0,0.0
1701820800000,184617.99644324262,184617.99644324262,0,0.0,0.0,0.0,0.0
1701835200000,184617.99644324262,184617.99644324262,0,0.0,0.0,0.0,0.0
1701849600000,184617.99644324262,184617.99644324262,0,0.0,0.0,0.0,0.0
1701864000000,184617.99644324262,184617.99644324262,0,0.0,0.0,0.0,0.0
1701878400000,184617.99644324262,184617.99644324262,0,0.0,0.0,0.0,0.0
1701892800000,184617.99644324262,184617.99644324262,0,0.0,0.0,0.0,0.0
1701907200000,184617.99644324262,184617.99644324262,0,0.0,0.0,0.0,0.0
1701921600000,184617.99644324262,184617.99644324262,0,0.0,0.0,0.0,0.0
1701936000000,184617.99644324262,184617.99644324262,0,0.0,0.0,0.0,0.0
1701950400000,184617.99644324262,184617.99644324262,0,0.0,0.0,0.0,0.0
1701964800000,184617.99644324262,184617.99644324262,0,0.0,0.0,0.0,0.0
1701979200000,184617.99644324262,184617.99644324262,0,0.0,0.0,0.0,0.0
1701993600000,184617.99644324262,184617.99644324262,0,0.0,0.0,0.0,0.0
1702008000000,184617.99644324262,184617.99644324262,0,0.0,0.0,0.0,0.0
1702022400000,184617.99644324262,184617.99644324262,0,0.0,0.0,0.0,0.0
1702036800000,184617.99644324262,184617.99644324262,0,0.0,0.0,0.0,0.0
1702051200000,184617.99644324262,184617.99644324262,0,0.0,0.0,0.0,0.0
1702065600000,184617.99644324262,184617.99644324262,0,0.0,0.0,0.0,0.0
1702080000000,184617.99644324262,184617.99644324262,0,0.0,0.0,0.0,0.0
1702094400000,184617.99644324262,184617.99644324262,0,0.0,0.0,0.0,0.0
1702108800000,184617.99644324262,184617.99644324262,0,0.0,0.0,0.0,0.0
1702123200000,184617.99644324262,184617.99644324262,0,0.0,0.0,0.0,0.0
1702137600000,184617.99644324262,184617.99644324262,0,0.0,0.0,0.0,0.0
1702152000000,184617.99644324262,184617.99644324262,0,0.0,0.0,0.0,0.0
1702166400000,184617.99644324262,184617.99644324262,0,0.0,0.0,0.0,0.0
1702180800000,184617.99644324262,184617.99644324262,0,0.0,0.0,0.0,0.0
1702195200000,184617.99644324262,184617.99644324262,0,0.0,0.0,0.0,0.0
1702209600000,184617.99644324262,184617.99644324262,0,0.0,0.0,0.0,0.0
1702224000000,184617.99644324262,184617.99644324262,0,0.0,0.0,0.0,0.0
1702238400000,184617.99644324262,184617.99644324262,0,0.0,0.0,0.0,0.0
1702252800000,184617.99644324262,184617.99644324262,0,0.0,0.0,0.0,0.0
1702267200000,184617.99644324262,184617.99644324262,0,0.0,0.0,0.0,0.0
1702281600000,184617.99644324262,184617.99644324262,0,0.0,0.0,0.0,0.0
1702296000000,184617.99644324262,184617.99644324262,0,0.0,0.0,0.0,0.0
1702310400000,184617.99644324262,184617.99644324262,0,0.0,0.0,0.0,0.0
1702324800000,184617.99644324262,184617.99644324262,0,0.0,0.0,0.0,0.0
1702339200000,184617.99644324262,184617.99644324262,0,0.0,0.0,0.0,0.0
1702353600000,184617.99644324262,184617.99644324262,0,0.0,0.0,0.0,0.0
1702368000000,184617.99644324262,184617.99644324262,0,0.0,0.0,0.0,0.0
1702382400000,184617.99644324262,184617.99644324262,0,0.0,0.0,0.0,0.0
1702396800000,184617.99644324262,184617.99644324262,0,0.0,0.0,0.0,0.0
1702411200000,184617.99644324262,184617.99644324262,0,0.0,0.0,0.0,0.0
1702425600000,184617.99644324262,184617.99644324262,0,0.0,0.0,0.0,0.0
1702440000000,184617.99644324262,184617.99644324262,0,0.0,0.0,0.0,0.0
1702454400000,184617.99644324262,184617.99644324262,0,0.0,0.0,0.0,0.0
1702468800000,184617.99644324262,184617.99644324262,0,0.0,0.0,0.0,0.0
1702483200000,184617.99644324262,184617.99644324262,0,0.0,0.0,0.0,0.0
1702497600000,184617.99644324262,184617.99644324262,0,0.0,0.0,0.0,0.0
1702512000000,184617.99644324262,184617.99644324262,0,0.0,0.0,0.0,0.0
1702526400000,184617.99644324262,184617.99644324262,0,0.0,0.0,0.0,0.0
1702540800000,184617.99644324262,184617.99644324262,0,0.0,0.0,0.0,0.0
1702555200000,184617.99644324262,184617.99644324262,0,0.0,0.0,0.0,0.0
1702569600000,184617.99644324262,184617.99644324262,0,0.0,0.0,0.0,0.0
1702584000000,184617.99644324262,184617.99644324262,0,0.0,0.0,0.0,0.0
1702598400000,184617.99644324262,184617.99644324262,0,0.0,0.0,0.0,0.0
1702612800000,184617.99644324262,184617.99644324262,0,0.0,0.0,0.0,0.0
1702627200000,184617.99644324262,184617.99644324262,0,0.0,0.0,0.0,0.0
1702641600000,184617.99644324262,184617.99644324262,0,0.0,0.0,0.0,0.0
1702656000000,184617.99644324262,184617.99644324262,0,0.0,0.0,0.0,0.0
1702670400000,184617.99644324262,184617.99644324262,0,0.0,0.0,0.0,0.0
1702684800000,184617.99644324262,184617.99644324262,0,0.0,0.0,0.0,0.0
1702699200000,184617.99644324262,184617.99644324262,0,0.0,0.0,0.0,0.0
1702713600000,184617.99644324262,184617.99644324262,0,0.0,0.0,0.0,0.0
1702728000000,184617.99644324262,184617.99644324262,0,0.0,0.0,0.0,0.0
1702742400000,184617.99644324262,184617.99644324262,0,0.0,0.0,0.0,0.0
1702756800000,184617.99644324262,184617.99644324262,0,0.0,0.0,0.0,0.0
1702771200000,184617.99644324262,184617.99644324262,0,0.0,0.0,0.0,0.0
1702785600000,184617.99644324262,184617.99644324262,0,0.0,0.0,0.0,0.0
1702800000000,184617.99644324262,184617.99644324262,0,0.0,0.0,0.0,0.0
1702814400000,184617.99644324262,184617.99644324262,0,0.0,0.0,0.0,0.0
1702828800000,184617.99644324262,184617.99644324262,0,0.0,0.0,0.0,0.0
1702843200000,184617.99644324262,184617.99644324262,0,0.0,0.0,0.0,0.0
1702857600000,184617.99644324262,184617.99644324262,0,0.0,0.0,0.0,0.0
1702872000000,184617.99644324262,184617.99644324262,0,0.0,0.0,0.0,0.0
1702886400000,184617.99644324262,184617.99644324262,0,0.0,0.0,0.0,0.0
1702900800000,184617.99644324262,184617.99644324262,0,0.0,0.0,0.0,0.0
1702915200000,184617.99644324262,184617.99644324262,0,0.0,0.0,0.0,0.0
1702929600000,184617.99644324262,184617.99644324262,0,0.0,0.0,0.0,0.0
1702944000000,184617.99644324262,184617.99644324262,0,0.0,0.0,0.0,0.0
1702958400000,184617.99644324262,184617.99644324262,0,0.0,0.0,0.0,0.0
1702972800000,184617.99644324262,184617.99644324262,0,0.0,0.0,0.0,0.0
1702987200000,184617.99644324262,184617.99644324262,0,0.0,0.0,0.0,0.0
1703001600000,184617.99644324262,184617.99644324262,0,0.0,0.0,0.0,0.0
1703016000000,184617.99644324262,184617.99644324262,0,0.0,0.0,0.0,0.0
1703030400000,184617.99644324262,184617.99644324262,0,0.0,0.0,0.0,0.0
1703044800000,184617.99644324262,184617.99644324262,0,0.0,0.0,0.0,0.0
1703059200000,184617.99644324262,184617.99644324262,0,0.0,0.0,0.0,0.0
1703073600000,184617.99644324262,184617.99644324262,0,0.0,0.0,0.0,0.0
1703088000000,184617.99644324262,184617.99644324262,0,0.0,0.0,0.0,0.0
1703102400000,184617.99644324262,184617.99644324262,0,0.0,0.0,0.0,0.0
1703116800000,184617.99644324262,184617.99644324262,0,0.0,0.0,0.0,0.0
1703131200000,184617.99644324262,184617.99644324262,0,0.0,0.0,0.0,0.0
1703145600000,184617.99644324262,184617.99644324262,0,0.0,0.0,0.0,0.0
1703160000000,184617.99644324262,184617.99644324262,0,0.0,0.0,0.0,0.0
1703174400000,184617.99644324262,184617.99644324262,0,0.0,0.0,0.0,0.0
1703188800000,184617.99644324262,184617.99644324262,0,0.0,0.0,0.0,0.0
1703203200000,184617.99644324262,184617.99644324262,0,0.0,0.0,0.0,0.0
1703217600000,184617.99644324262,184617.99644324262,0,0.0,0.0,0.0,0.0
1703232000000,184617.99644324262,184617.99644324262,0,0.0,0.0,0.0,0.0
1703246400000,184617.99644324262,184617.99644324262,0,0.0,0.0,0.0,0.0
1703260800000,184617.99644324262,184617.99644324262,0,0.0,0.0,0.0,0.0
1703275200000,184617.99644324262,184617.99644324262,0,0.0,0.0,0.0,0.0
1703289600000,184617.99644324262,184617.99644324262,0,0.0,0.0,0.0,0.0
1703304000000,184617.99644324262,184617.99644324262,0,0.0,0.0,0.0,0.0
1703318400000,184617.99644324262,184617.99644324262,0,0.0,0.0,0.0,0.0
1703332800000,184617.99644324262,184617.99644324262,0,0.0,0.0,0.0,0.0
1703347200000,184617.99644324262,184617.99644324262,0,0.0,0.0,0.0,0.0
1703361600000,184617.99644324262,184617.99644324262,0,0.0,0.0,0.0,0.0
1703376000000,184617.99644324262,184617.99644324262,0,0.0,0.0,0.0,0.0
1703390400000,184617.99644324262,184617.99644324262,0,0.0,0.0,0.0,0.0
1703404800000,184617.99644324262,184617.99644324262,0,0.0,0.0,0.0,0.0
1703419200000,184617.99644324262,184617.99644324262,0,0.0,0.0,0.0,0.0
1703433600000,184617.99644324262,184617.99644324262,0,0.0,0.0,0.0,0.0
1703448000000,184617.99644324262,184617.99644324262,0,0.0,0.0,0.0,0.0
1703462400000,184617.99644324262,184617.99644324262,0,0.0,0.0,0.0,0.0
1703476800000,184617.99644324262,184617.99644324262,0,0.0,0.0,0.0,0.0
1703491200000,184617.99644324262,184617.99644324262,0,0.0,0.0,0.0,0.0
1703505600000,184617.99644324262,184617.99644324262,0,0.0,0.0,0.0,0.0
1703520000000,184617.99644324262,184617.99644324262,0,0.0,0.0,0.0,0.0
1703534400000,184617.99644324262,184617.99644324262,0,0.0,0.0,0.0,0.0
1703548800000,184617.99644324262,184617.99644324262,0,0.0,0.0,0.0,0.0
1703563200000,184617.99644324262,184617.99644324262,0,0.0,0.0,0.0,0.0
1703577600000,184617.99644324262,184617.99644324262,0,0.0,0.0,0.0,0.0
1703592000000,184617.99644324262,184617.99644324262,0,0.0,0.0,0.0,0.0
1703606400000,184617.99644324262,184617.99644324262,0,0.0,0.0,0.0,0.0
1703620800000,184617.99644324262,184617.99644324262,0,0.0,0.0,0.0,0.0
1703635200000,184617.99644324262,184617.99644324262,0,0.0,0.0,0.0,0.0
1703649600000,184617.99644324262,184617.99644324262,0,0.0,0.0,0.0,0.0
1703664000000,184617.99644324262,184617.99644324262,0,0.0,0.0,0.0,0.0
1703678400000,184617.99644324262,184617.99644324262,0,0.0,0.0,0.0,0.0
1703692800000,184617.99644324262,184617.99644324262,0,0.0,0.0,0.0,0.0
1703707200000,184617.99644324262,184617.99644324262,0,0.0,0.0,0.0,0.0
1703721600000,184617.99644324262,184617.99644324262,0,0.0,0.0,0.0,0.0
1703736000000,184617.99644324262,184617.99644324262,0,0.0,0.0,0.0,0.0
1703750400000,184617.99644324262,184617.99644324262,0,0.0,0.0,0.0,0.0
1703764800000,184617.99644324262,184617.99644324262,0,0.0,0.0,0.0,0.0
1703779200000,184617.99644324262,184617.99644324262,0,0.0,0.0,0.0,0.0
1703793600000,184617.99644324262,184617.99644324262,0,0.0,0.0,0.0,0.0
1703808000000,184617.99644324262,184617.99644324262,0,0.0,0.0,0.0,0.0
1703822400000,184617.99644324262,184617.99644324262,0,0.0,0.0,0.0,0.0
1703836800000,184617.99644324262,184617.99644324262,0,0.0,0.0,0.0,0.0
1703851200000,184617.99644324262,184617.99644324262,0,0.0,0.0,0.0,0.0
1703865600000,184617.99644324262,184617.99644324262,0,0.0,0.0,0.0,0.0
1703880000000,184617.99644324262,184617.99644324262,0,0.0,0.0,0.0,0.0
1703894400000,184617.99644324262,184617.99644324262,0,0.0,0.0,0.0,0.0
1703908800000,184617.99644324262,184617.99644324262,0,0.0,0.0,0.0,0.0
1703923200000,184617.99644324262,184617.99644324262,0,0.0,0.0,0.0,0.0
1703937600000,184617.99644324262,184617.99644324262,0,0.0,0.0,0.0,0.0
1703952000000,184617.99644324262,184617.99644324262,0,0.0,0.0,0.0,0.0
1703966400000,184617.99644324262,184617.99644324262,0,0.0,0.0,0.0,0.0
1703980800000,184617.99644324262,184617.99644324262,0,0.0,0.0,0.0,0.0
1703995200000,184617.99644324262,184617.99644324262,0,0.0,0.0,0.0,0.0
1704009600000,184617.99644324262,184617.99644324262,0,0.0,0.0,0.0,0.0
1704024000000,184617.99644324262,184617.99644324262,0,0.0,0.0,0.0,0.0
1704038400000,184617.99644324262,184617.99644324262,0,0.0,0.0,0.0,0.0
1704052800000,184617.99644324262,184617.99644324262,0,0.0,0.0,0.0,0.0
1704067200000,184617.99644324262,184617.99644324262,0,0.0,0.0,0.0,0.0
1704081600000,184617.99644324262,184617.99644324262,0,0.0,0.0,0.0,0.0
1704096000000,184617.99644324262,184617.99644324262,0,0.0,0.0,0.0,0.0
1704110400000,184617.99644324262,184617.99644324262,0,0.0,0.0,0.0,0.0
1704124800000,184617.99644324262,184617.99644324262,0,0.0,0.0,0.0,0.0
1704139200000,184617.99644324262,184617.99644324262,0,0.0,0.0,0.0,0.0
1704153600000,184617.99644324262,184617.99644324262,0,0.0,0.0,0.0,0.0
1704168000000,184617.99644324262,184617.99644324262,0,0.0,0.0,0.0,0.0
1704182400000,184617.99644324262,184617.99644324262,0,0.0,0.0,0.0,0.0
1704196800000,184617.99644324262,184617.99644324262,0,0.0,0.0,0.0,0.0
1704211200000,184617.99644324262,184617.99644324262,0,0.0,0.0,0.0,0.0
1704225600000,184617.99644324262,184617.99644324262,0,0.0,0.0,0.0,0.0
1704240000000,184617.99644324262,184617.99644324262,0,0.0,0.0,0.0,0.0
1704254400000,184617.99644324262,184617.99644324262,0,0.0,0.0,0.0,0.0
1704268800000,184617.99644324262,184617.99644324262,0,0.0,0.0,0.0,0.0
1704283200000,184617.99644324262,184617.99644324262,0,0.0,0.0,0.0,0.0
1704297600000,184617.99644324262,184617.99644324262,0,0.0,0.0,0.0,0.0
1704312000000,184617.99644324262,184617.99644324262,0,0.0,0.0,0.0,0.0
1704326400000,184617.99644324262,184617.99644324262,0,0.0,0.0,0.0,0.0
1704340800000,184617.99644324262,184617.99644324262,0,0.0,0.0,0.0,0.0
1704355200000,184617.99644324262,184617.99644324262,0,0.0,0.0,0.0,0.0
1704369600000,184617.99644324262,184617.99644324262,0,0.0,0.0,0.0,0.0
1704384000000,184617.99644324262,184617.99644324262,0,0.0,0.0,0.0,0.0
1704398400000,184617.99644324262,184617.99644324262,0,0.0,0.0,0.0,0.0
1704412800000,184617.99644324262,184617.99644324262,0,0.0,0.0,0.0,0.0
1704427200000,184617.99644324262,184617.99644324262,0,0.0,0.0,0.0,0.0
1704441600000,184617.99644324262,184617.99644324262,0,0.0,0.0,0.0,0.0
1704456000000,184617.99644324262,184617.99644324262,0,0.0,0.0,0.0,0.0
1704470400000,184617.99644324262,184617.99644324262,0,0.0,0.0,0.0,0.0
1704484800000,184617.99644324262,184617.99644324262,0,0.0,0.0,0.0,0.0
1704499200000,184617.99644324262,184617.99644324262,0,0.0,0.0,0.0,0.0
1704513600000,184617.99644324262,184617.99644324262,0,0.0,0.0,0.0,0.0
1704528000000,184617.99644324262,184617.99644324262,0,0.0,0.0,0.0,0.0
1704542400000,184617.99644324262,184617.99644324262,0,0.0,0.0,0.0,0.0
1704556800000,184617.99644324262,184617.99644324262,0,0.0,0.0,0.0,0.0
1704571200000,184617.99644324262,184617.99644324262,0,0.0,0.0,0.0,0.0
1704585600000,184617.99644324262,184617.99644324262,0,0.0,0.0,0.0,0.0
1704600000000,184617.99644324262,184617.99644324262,0,0.0,0.0,0.0,0.0
1704614400000,184617.99644324262,184617.99644324262,0,0.0,0.0,0.0,0.0
1704628800000,184617.99644324262,184617.99644324262,0,0.0,0.0,0.0,0.0
1704643200000,184617.99644324262,184617.99644324262,0,0.0,0.0,0.0,0.0
1704657600000,184617.99644324262,184617.99644324262,0,0.0,0.0,0.0,0.0
1704672000000,184617.99644324262,184617.99644324262,0,0.0,0.0,0.0,0.0
1704686400000,184617.99644324262,184617.99644324262,0,0.0,0.0,0.0,0.0
1704700800000,184617.99644324262,184617.99644324262,0,0.0,0.0,0.0,0.0
1704715200000,184617.99644324262,184617.99644324262,0,0.0,0.0,0.0,0.0
1704729600000,184617.99644324262,184617.99644324262,0,0.0,0.0,0.0,0.0
1704744000000,184617.99644324262,184617.99644324262,0,0.0,0.0,0.0,0.0
1704758400000,184617.99644324262,184617.99644324262,0,0.0,0.0,0.0,0.0
1704772800000,184617.99644324262,184617.99644324262,0,0.0,0.0,0.0,0.0
1704787200000,184617.99644324262,184617.99644324262,0,0.0,0.0,0.0,0.0
1704801600000,184617.99644324262,184617.99644324262,0,0.0,0.0,0.0,0.0
1704816000000,184617.99644324262,184617.99644324262,0,0.0,0.0,0.0,0.0
1704830400000,184617.99644324262,184617.99644324262,0,0.0,0.0,0.0,0.0
1704844800000,184617.99644324262,184617.99644324262,0,0.0,0.0,0.0,0.0
1704859200000,184617.99644324262,184617.99644324262,0,0.0,0.0,0.0,0.0
1704873600000,184617.99644324262,184617.99644324262,0,0.0,0.0,0.0,0.0
1704888000000,184617.99644324262,184617.99644324262,0,0.0,0.0,0.0,0.0
1704902400000,184617.99644324262,184617.99644324262,0,0.0,0.0,0.0,0.0
1704916800000,184617.99644324262,184617.99644324262,0,0.0,0.0,0.0,0.0
1704931200000,184617.99644324262,184617.99644324262,0,0.0,0.0,0.0,0.0
1704945600000,184617.99644324262,184617.99644324262,0,0.0,0.0,0.0,0.0
1704960000000,184617.99644324262,184617.99644324262,0,0.0,0.0,0.0,0.0
1704974400000,184617.99644324262,184617.99644324262,0,0.0,0.0,0.0,0.0
1704988800000,184617.99644324262,184617.99644324262,0,0.0,0.0,0.0,0.0
1705003200000,184617.99644324262,184617.99644324262,0,0.0,0.0,0.0,0.0
1705017600000,184617.99644324262,184617.99644324262,0,0.0,0.0,0.0,0.0
1705032000000,184617.99644324262,184617.99644324262,0,0.0,0.0,0.0,0.0
1705046400000,184617.99644324262,184617.99644324262,0,0.0,0.0,0.0,0.0
1705060800000,184617.99644324262,184617.99644324262,0,0.0,0.0,0.0,0.0
1705075200000,184617.99644324262,184617.99644324262,0,0.0,0.0,0.0,0.0
1705089600000,184617.99644324262,184617.99644324262,0,0.0,0.0,0.0,0.0
1705104000000,184617.99644324262,184617.99644324262,0,0.0,0.0,0.0,0.0
1705118400000,184617.99644324262,184617.99644324262,0,0.0,0.0,0.0,0.0
1705132800000,184617.99644324262,184617.99644324262,0,0.0,0.0,0.0,0.0
1705147200000,184617.99644324262,184617.99644324262,0,0.0,0.0,0.0,0.0
1705161600000,184617.99644324262,184617.99644324262,0,0.0,0.0,0.0,0.0
1705176000000,184617.99644324262,184617.99644324262,0,0.0,0.0,0.0,0.0
1705190400000,184617.99644324262,184617.99644324262,0,0.0,0.0,0.0,0.0
1705204800000,184617.99644324262,184617.99644324262,0,0.0,0.0,0.0,0.0
1705219200000,184617.99644324262,184617.99644324262,0,0.0,0.0,0.0,0.0
1705233600000,184617.99644324262,184617.99644324262,0,0.0,0.0,0.0,0.0
1705248000000,184617.99644324262,184617.99644324262,0,0.0,0.0,0.0,0.0
1705262400000,184617.99644324262,184617.99644324262,0,0.0,0.0,0.0,0.0
1705276800000,184617.99644324262,184617.99644324262,0,0.0,0.0,0.0,0.0
1705291200000,184617.99644324262,184617.99644324262,0,0.0,0.0,0.0,0.0
1705305600000,184617.99644324262,184617.99644324262,0,0.0,0.0,0.0,0.0
1705320000000,184617.99644324262,184617.99644324262,0,0.0,0.0,0.0,0.0
1705334400000,184617.99644324262,184617.99644324262,0,0.0,0.0,0.0,0.0
1705348800000,184617.99644324262,184617.99644324262,0,0.0,0.0,0.0,0.0
1705363200000,184617.99644324262,184617.99644324262,0,0.0,0.0,0.0,0.0
1705377600000,184617.99644324262,184617.99644324262,0,0.0,0.0,0.0,0.0
1705392000000,184617.99644324262,184617.99644324262,0,0.0,0.0,0.0,0.0
1705406400000,184617.99644324262,184617.99644324262,0,0.0,0.0,0.0,0.0
1705420800000,184617.99644324262,184617.99644324262,0,0.0,0.0,0.0,0.0
1705435200000,184617.99644324262,184617.99644324262,0,0.0,0.0,0.0,0.0
1705449600000,184617.99644324262,184617.99644324262,0,0.0,0.0,0.0,0.0
1705464000000,184617.99644324262,184617.99644324262,0,0.0,0.0,0.0,0.0
1705478400000,184617.99644324262,184617.99644324262,0,0.0,0.0,0.0,0.0
1705492800000,184617.99644324262,184617.99644324262,0,0.0,0.0,0.0,0.0
1705507200000,184617.99644324262,184617.99644324262,0,0.0,0.0,0.0,0.0
1705521600000,184617.99644324262,184617.99644324262,0,0.0,0.0,0.0,0.0
1705536000000,184617.99644324262,184617.99644324262,0,0.0,0.0,0.0,0.0
1705550400000,184617.99644324262,184617.99644324262,0,0.0,0.0,0.0,0.0
1705564800000,184617.99644324262,184617.99644324262,0,0.0,0.0,0.0,0.0
1705579200000,184617.99644324262,184617.99644324262,0,0.0,0.0,0.0,0.0
1705593600000,183544.6674385429,184532.90874683057,1,171163.63413238392,3692.3599288648525,3692.3599288648525,171163.63413238392
1705608000000,190471.50476832036,184550.02612893394,1,164253.91418470984,3692.3599288648525,3692.3599288648525,164253.91418470984
1705622400000,185281.42589365525,184328.8397435611,3,611595.5774196305,11306.63424620271,11306.63424620271,611595.5774196305
1705636800000,190524.23075975213,188025.35514035795,3,524961.5915382823,9460.454281770284,9460.454281770284,524961.5915382823
1705651200000,188253.18098452737,187964.28611982445,4,649309.6133599585,11429.837789078916,11429.837789078916,649309.6133599585
1705665600000,185973.4338388026,188029.2220218545,4,651654.2964077134,11429.837789078916,11429.837789078916,651654.2964077134
1705680000000,196677.65702835858,188029.2220218545,4,640950.0732181574,11429.837789078916,11429.837789078916,640950.0732181574
1705694400000,190464.04535671414,189684.97330856082,2,293142.1527310377,5651.682254970322,5651.682254970322,293142.1527310377
1705708800000,190258.81653558713,190258.81653558713,0,0.0,0.0,0.0,0.0
1705723200000,190258.81653558713,190258.81653558713,0,0.0,0.0,0.0,0.0
1705737600000,190258.81653558713,190258.81653558713,0,0.0,0.0,0.0,0.0
1705752000000,190258.81653558713,190258.81653558713,0,0.0,0.0,0.0,0.0
1705766400000,190258.81653558713,190258.81653558713,0,0.0,0.0,0.0,0.0
1705780800000,190258.81653558713,190258.81653558713,0,0.0,0.0,0.0,0.0
1705795200000,190258.81653558713,190258.81653558713,0,0.0,0.0,0.0,0.0
1705809600000,190258.81653558713,190258.81653558713,0,0.0,0.0,0.0,0.0
1705824000000,190258.81653558713,190258.81653558713,0,0.0,0.0,0.0,0.0
1705838400000,190258.81653558713,190258.81653558713,0,0.0,0.0,0.0,0.0
1705852800000,190258.81653558713,190258.81653558713,0,0.0,0.0,0.0,0.0
1705867200000,190258.81653558713,190258.81653558713,0,0.0,0.0,0.0,0.0
1705881600000,190258.81653558713,190258.81653558713,0,0.0,0.0,0.0,0.0
1705896000000,190258.81653558713,190258.81653558713,0,0.0,0.0,0.0,0.0
1705910400000,190258.81653558713,190258.81653558713,0,0.0,0.0,0.0,0.0
1705924800000,190258.81653558713,190258.81653558713,0,0.0,0.0,0.0,0.0
1705939200000,193839.8156606871,190057.80929153628,2,398232.48173252906,7606.776418565438,7606.776418565438,398232.48173252906
1705953600000,206821.2662314215,197464.40863468417,3,475772.84992526623,7644.490682758864,7644.490682758864,475772.84992526623
1705968000000,208733.51286305307,197378.06588427853,4,646459.7613545078,11781.87024083811,11781.87024083811,646459.7613545078
1705982400000,203561.94536919758,197442.7050887096,4,651695.9680527943,11781.87024083811,11781.87024083811,651695.9680527943
1705996800000,212259.5489012395,197442.7050887096,4,642998.3645207523,11781.87024083811,11781.87024083811,642998.3645207523
1706011200000,230884.40411197697,205305.25685989243,4,418177.6509571922,7810.592296442616,7810.592296442616,418177.6509571922
1706025600000,223952.38038722982,205305.25685989243,4,425109.6746819394,7810.592296442616,7810.592296442616,425109.6746819394
1706040000000,224742.0384577581,209519.8225340189,3,355242.99795306375,5909.792252515768,5909.792252515768,355242.99795306375
1706054400000,213048.30057842436,213048.30057842436,0,0.0,0.0,0.0,0.0
1706068800000,213048.30057842436,213048.30057842436,0,0.0,0.0,0.0,0.0
1706083200000,213048.30057842436,213048.30057842436,0,0.0,0.0,0.0,0.0
1706097600000,213048.30057842436,213048.30057842436,0,0.0,0.0,0.0,0.0
1706112000000,213048.30057842436,213048.30057842436,0,0.0,0.0,0.0,0.0
1706126400000,213048.30057842436,213048.30057842436,0,0.0,0.0,0.0,0.0
1706140800000,213048.30057842436,213048.30057842436,0,0.0,0.0,0.0,0.0
1706155200000,213048.30057842436,213048.30057842436,0,0.0,0.0,0.0,0.0
1706169600000,213048.30057842436,213048.30057842436,0,0.0,0.0,0.0,0.0
1706184000000,213048.30057842436,213048.30057842436,0,0.0,0.0,0.0,0.0
1706198400000,213048.30057842436,213048.30057842436,0,0.0,0.0,0.0,0.0
1706212800000,213048.30057842436,213048.30057842436,0,0.0,0.0,0.0,0.0
1706227200000,213048.30057842436,213048.30057842436,0,0.0,0.0,0.0,0.0
1706241600000,213048.30057842436,213048.30057842436,0,0.0,0.0,0.0,0.0
1706256000000,213048.30057842436,213048.30057842436,0,0.0,0.0,0.0,0.0
1706270400000,213048.30057842436,213048.30057842436,0,0.0,0.0,0.0,0.0
1706284800000,213048.30057842436,213048.30057842436,0,0.0,0.0,0.0,0.0
1706299200000,213048.30057842436,213048.30057842436,0,0.0,0.0,0.0,0.0
1706313600000,213048.30057842436,213048.30057842436,0,0.0,0.0,0.0,0.0
1706328000000,213048.30057842436,213048.30057842436,0,0.0,0.0,0.0,0.0
1706342400000,213048.30057842436,213048.30057842436,0,0.0,0.0,0.0,0.0
1706356800000,213048.30057842436,213048.30057842436,0,0.0,0.0,0.0,0.0
1706371200000,213048.30057842436,213048.30057842436,0,0.0,0.0,0.0,0.0
1706385600000,213048.30057842436,213048.30057842436,0,0.0,0.0,0.0,0.0
1706400000000,213048.30057842436,213048.30057842436,0,0.0,0.0,0.0,0.0
1706414400000,213048.30057842436,213048.30057842436,0,0.0,0.0,0.0,0.0
1706428800000,213048.30057842436,213048.30057842436,0,0.0,0.0,0.0,0.0
1706443200000,213048.30057842436,213048.30057842436,0,0.0,0.0,0.0,0.0
1706457600000,213048.30057842436,213048.30057842436,0,0.0,0.0,0.0,0.0
1706472000000,213048.30057842436,213048.30057842436,0,0.0,0.0,0.0,0.0
1706486400000,213048.30057842436,213048.30057842436,0,0.0,0.0,0.0,0.0
1706500800000,213048.30057842436,213048.30057842436,0,0.0,0.0,0.0,0.0
1706515200000,213048.30057842436,213048.30057842436,0,0.0,0.0,0.0,0.0
1706529600000,213048.30057842436,213048.30057842436,0,0.0,0.0,0.0,0.0
1706544000000,213048.30057842436,213048.30057842436,0,0.0,0.0,0.0,0.0
1706558400000,213048.30057842436,213048.30057842436,0,0.0,0.0,0.0,0.0
1706572800000,213048.30057842436,213048.30057842436,0,0.0,0.0,0.0,0.0
1706587200000,213048.30057842436,213048.30057842436,0,0.0,0.0,0.0,0.0
1706601600000,213048.30057842436,213048.30057842436,0,0.0,0.0,0.0,0.0
1706616000000,213048.30057842436,213048.30057842436,0,0.0,0.0,0.0,0.0
1706630400000,213048.30057842436,213048.30057842436,0,0.0,0.0,0.0,0.0
1706644800000,213048.30057842436,213048.30057842436,0,0.0,0.0,0.0,0.0
1706659200000,213963.06015697544,212977.88726635376,1,139841.4512505598,2130.4830057842437,2130.4830057842437,139841.4512505598
1706673600000,214004.43197371246,212991.87141147882,1,139814.06357894783,2130.4830057842437,2130.4830057842437,139814.06357894783
1706688000000,213894.88128726467,212991.87141147882,1,139923.6142653956,2130.4830057842437,2130.4830057842437,139923.6142653956
1706702400000,214992.83821422802,212994.3214739646,1,138828.10740091806,2130.4830057842437,2130.4830057842437,138828.10740091806
1706716800000,215870.85050416275,215076.99967112057,1,69619.46123754856,1065.2415028921218,1065.2415028921218,69619.46123754856
1706731200000,215829.07460424124,215829.07460424124,0,0.0,0.0,0.0,0.0
1706745600000,215829.07460424124,215829.07460424124,0,0.0,0.0,0.0,0.0
1706760000000,219710.87783379745,215442.70455254582,3,768471.93010951,12922.888643786655,12922.888643786655,768471.93010951
1706774400000,218262.6614759104,215442.70455254582,3,769920.1464673971,12922.888643786655,12922.888643786655,769920.1464673971
1706788800000,220035.93276579442,215483.35719776794,3,768187.5278227351,12922.888643786655,12922.888643786655,768187.5278227351
1706803200000,215614.55770737998,215483.35719776794,3,772608.9028811496,12922.888643786655,12922.888643786655,772608.9028811496
1706817600000,209069.52541160956,211491.07640664917,2,502044.0016539257,8611.435230181694,8611.435230181694,502044.0016539257
1706832000000,209180.71000048984,211491.07640664917,2,501932.81706504535,8611.435230181694,8611.435230181694,501932.81706504535
1706846400000,205200.3741334512,207394.68888094323,1,368464.70081450924,4316.581492084825,4316.581492084825,368464.70081450924
1706860800000,203709.96206057462,203709.96206057462,0,0.0,0.0,0.0,0.0
1706875200000,203709.96206057462,203709.96206057462,0,0.0,0.0,0.0,0.0
1706889600000,203709.96206057462,203709.96206057462,0,0.0,0.0,0.0,0.0
1706904000000,203709.96206057462,203709.96206057462,0,0.0,0.0,0.0,0.0
1706918400000,203709.96206057462,203709.96206057462,0,0.0,0.0,0.0,0.0
1706932800000,203709.96206057462,203709.96206057462,0,0.0,0.0,0.0,0.0
1706947200000,203709.96206057462,203709.96206057462,0,0.0,0.0,0.0,0.0
1706961600000,203709.96206057462,203709.96206057462,0,0.0,0.0,0.0,0.0
1706976000000,203709.96206057462,203709.96206057462,0,0.0,0.0,0.0,0.0
1706990400000,203709.96206057462,203709.96206057462,0,0.0,0.0,0.0,0.0
1707004800000,203709.96206057462,203709.96206057462,0,0.0,0.0,0.0,0.0
1707019200000,203709.96206057462,203709.96206057462,0,0.0,0.0,0.0,0.0
1707033600000,203709.96206057462,203709.96206057462,0,0.0,0.0,0.0,0.0
1707048000000,203709.96206057462,203709.96206057462,0,0.0,0.0,0.0,0.0
1707062400000,203709.96206057462,203709.96206057462,0,0.0,0.0,0.0,0.0
1707076800000,203709.96206057462,203709.96206057462,0,0.0,0.0,0.0,0.0
1707091200000,203709.96206057462,203709.96206057462,0,0.0,0.0,0.0,0.0
1707105600000,203709.96206057462,203709.96206057462,0,0.0,0.0,0.0,0.0
1707120000000,201132.75691425247,203546.0909729049,1,330155.5093980558,4074.1992412114923,4074.1992412114923,330155.5093980558
1707134400000,199272.58878693153,199272.58878693153,0,0.0,0.0,0.0,0.0
1707148800000,199272.58878693153,199272.58878693153,0,0.0,0.0,0.0,0.0
1707163200000,199272.58878693153,199272.58878693153,0,0.0,0.0,0.0,0.0
1707177600000,199272.58878693153,199272.58878693153,0,0.0,0.0,0.0,0.0
1707192000000,199272.58878693153,199272.58878693153,0,0.0,0.0,0.0,0.0
1707206400000,199272.58878693153,199272.58878693153,0,0.0,0.0,0.0,0.0
1707220800000,199272.58878693153,199272.58878693153,0,0.0,0.0,0.0,0.0
1707235200000,199272.58878693153,199272.58878693153,0,0.0,0.0,0.0,0.0
1707249600000,199272.58878693153,199272.58878693153,0,0.0,0.0,0.0,0.0
1707264000000,199272.58878693153,199272.58878693153,0,0.0,0.0,0.0,0.0
1707278400000,199272.58878693153,199272.58878693153,0,0.0,0.0,0.0,0.0
1707292800000,199272.58878693153,199272.58878693153,0,0.0,0.0,0.0,0.0
1707307200000,199272.58878693153,199272.58878693153,0,0.0,0.0,0.0,0.0
1707321600000,199272.58878693153,199272.58878693153,0,0.0,0.0,0.0,0.0
1707336000000,199272.58878693153,199272.58878693153,0,0.0,0.0,0.0,0.0
1707350400000,199272.58878693153,199272.58878693153,0,0.0,0.0,0.0,0.0
1707364800000,199272.58878693153,199272.58878693153,0,0.0,0.0,0.0,0.0
1707379200000,199272.58878693153,199272.58878693153,0,0.0,0.0,0.0,0.0
1707393600000,199272.58878693153,199272.58878693153,0,0.0,0.0,0.0,0.0
1707408000000,203348.51980902156,199141.95116531194,1,265481.81188288744,3985.4517757386307,0.0,0.0
1707422400000,202486.84011221002,199135.0744561316,1,264627.00889525627,3985.4517757386307,0.0,0.0
1707436800000,202539.46136315857,199135.0744561316,1,264679.6301462048,3985.4517757386307,0.0,0.0
1707451200000,207076.4041891942,199126.7105613431,1,269224.93686702894,3985.4517757386307,0.0,0.0
1707465600000,207886.77145380212,199126.7105613431,1,270035.3041316369,3985.4517757386307,0.0,0.0
1707480000000,213535.844498041,199099.70466992966,1,275711.3830672892,3985.4517757386307,0.0,0.0
1707494400000,213424.7551904829,199099.70466992966,1,275600.2937597311,3985.4517757386307,0.0,0.0
1707508800000,215440.03282306204,199072.69308513828,1,277642.5829771016,3985.4517757386307,0.0,0.0
1707523200000,213276.1300479437,199072.69308513828,1,275478.68020198325,3985.4517757386307,0.0,0.0
1707537600000,214720.35740990893,199050.54158733672,1,276945.0590617501,3985.4517757386307,0.0,0.0
1707552000000,213338.17255165984,199050.54158733672,1,275562.874203501,3985.4517757386307,0.0,0.0
1707566400000,213557.9350392539,199022.9841954725,1,275810.19408295926,3985.4517757386307,0.0,0.0
1707580800000,214488.7465004775,199022.9841954725,1,276741.00554418284,3985.4517757386307,0.0,0.0
1707595200000,215508.81846722797,198995.30858778043,1,277788.75311862543,3985.4517757386307,0.0,0.0
1707609600000,216803.30124056278,198995.30858778043,1,279083.2358919602,3985.4517757386307,0.0,0.0
1707624000000,221362.21077709075,198967.3990832915,1,283670.0549329771,3985.4517757386307,0.0,0.0
1707638400000,219330.4458099099,198967.3990832915,1,281638.2899657963,3985.4517757386307,0.0,0.0
1707652800000,220671.01922166377,198939.23528981648,1,283007.0271710251,3985.4517757386307,0.0,0.0
1707667200000,219133.8940133995,198939.23528981648,1,281469.90196276084,3985.4517757386307,0.0,0.0
1707681600000,219933.65175175632,198911.0853465825,1,282297.80964435166,3985.4517757386307,0.0,0.0
1707696000000,220056.4346706363,198911.0853465825,1,282420.59256323165,3985.4517757386307,0.0,0.0
1707710400000,219064.64215285575,198882.84640172686,1,281457.0389903067,3985.4517757386307,0.0,0.0
1707724800000,219499.6444940306,198882.84640172686,1,281892.0413314816,3985.4517757386307,0.0,0.0
1707739200000,217676.4895836244,198854.66082923295,1,280097.0719935693,3985.4517757386307,0.0,0.0
1707753600000,229483.528935351,198854.66082923295,1,291904.1113452959,3985.4517757386307,0.0,0.0
1707768000000,227235.47928396857,198825.47392618182,1,289685.2485969646,3985.4517757386307,0.0,0.0
1707782400000,229560.75389532917,198825.47392618182,1,292010.5232083252,3985.4517757386307,0.0,0.0
1707796800000,228772.6421187948,198796.277524439,1,291251.60783353366,3985.4517757386307,0.0,0.0
1707811200000,229977.668765517,198796.277524439,1,292456.6344802559,3985.4517757386307,0.0,0.0
1707825600000,229855.46114725986,198767.034116191,1,292363.67027024674,3985.4517757386307,0.0,0.0
1707840000000,222541.69194597495,198767.034116191,1,285049.9010689618,3985.4517757386307,0.0,0.0
1707854400000,224219.2847892658,198738.52906761604,1,286755.9989608276,3985.4517757386307,0.0,0.0
1707868800000,228028.47867737606,198738.52906761604,1,290565.1928489379,3985.4517757386307,0.0,0.0
1707883200000,226993.77106259036,198709.4720265141,1,289559.54227525415,3985.4517757386307,0.0,0.0
1707897600000,228868.2569574916,198709.4720265141,1,291434.02817015536,3985.4517757386307,0.0,0.0
1707912000000,239107.2754688384,198680.33043609693,1,301702.1882719193,3985.4517757386307,0.0,0.0
1707926400000,239196.1469148849,198680.33043609693,1,301791.05971796584,3985.4517757386307,0.0,0.0
1707940800000,239691.726270998,198643.26579649732,1,302323.7037136785,3985.4517757386307,0.0,0.0
1707955200000,240368.20168597015,198643.26579649732,1,303000.1791286507,3985.4517757386307,0.0,0.0
1707969600000,243592.8220610832,198612.96946015832,1,306255.0958401027,3985.4517757386307,0.0,0.0
1707984000000,240216.29179188338,198612.96946015832,1,302878.5655709029,3985.4517757386307,0.0,0.0
1707998400000,243440.92064677828,198582.68160360123,1,306133.4822823549,3985.4517757386307,0.0,0.0
1708012800000,241158.32771674258,198582.68160360123,1,303850.88935231924,3985.4517757386307,0.0,0.0
1708027200000,241439.581527295,198552.30067242487,1,304162.52409404796,3985.4517757386307,0.0,0.0
1708041600000,240717.50102816743,198552.30067242487,1,303440.4435949204,3985.4517757386307,0.0,0.0
1708056000000,243092.53248191526,198521.95627725704,1,305845.81944383605,3985.4517757386307,0.0,0.0
1708070400000,240031.72971840686,198521.95627725704,1,302785.01668032765,3985.4517757386307,0.0,0.0
1708084800000,242659.9977425704,198491.6817673857,1,305443.5592143626,3985.4517757386307,0.0,0.0
1708099200000,240720.02762426654,198491.6817673857,1,303503.5890960587,3985.4517757386307,0.0,0.0
1708113600000,239934.85465452797,198461.33140847608,1,302748.7664852298,3985.4517757386307,0.0,0.0
1708128000000,242088.8178600227,198461.33140847608,1,304902.7296907245,3985.4517757386307,0.0,0.0
1708142400000,241152.07429831172,198430.84272421265,1,303996.4748132769,3985.4517757386307,0.0,0.0
1708156800000,240803.0200003529,198430.84272421265,1,303647.4205153181,3985.4517757386307,0.0,0.0
1708171200000,239543.65664990115,198400.47792369305,1,302418.42196538596,3985.4517757386307,0.0,0.0
1708185600000,239331.9939963676,239331.9939963676,0,0.0,0.0,0.0,0.0
1708200000000,239331.9939963676,239331.9939963676,0,0.0,0.0,0.0,0.0
1708214400000,239331.9939963676,239331.9939963676,0,0.0,0.0,0.0,0.0
1708228800000,239331.9939963676,239331.9939963676,0,0.0,0.0,0.0,0.0
1708243200000,239331.9939963676,239331.9939963676,0,0.0,0.0,0.0,0.0
1708257600000,239331.9939963676,239331.9939963676,0,0.0,0.0,0.0,0.0
1708272000000,239331.9939963676,239331.9939963676,0,0.0,0.0,0.0,0.0
1708286400000,239331.9939963676,239331.9939963676,0,0.0,0.0,0.0,0.0
1708300800000,239331.9939963676,239331.9939963676,0,0.0,0.0,0.0,0.0
1708315200000,239331.9939963676,239331.9939963676,0,0.0,0.0,0.0,0.0
1708329600000,239331.9939963676,239331.9939963676,0,0.0,0.0,0.0,0.0
1708344000000,239331.9939963676,239331.9939963676,0,0.0,0.0,0.0,0.0
1708358400000,239331.9939963676,239331.9939963676,0,0.0,0.0,0.0,0.0
1708372800000,239331.9939963676,239331.9939963676,0,0.0,0.0,0.0,0.0
1708387200000,239331.9939963676,239331.9939963676,0,0.0,0.0,0.0,0.0
1708401600000,239331.9939963676,239331.9939963676,0,0.0,0.0,0.0,0.0
1708416000000,239331.9939963676,239331.9939963676,0,0.0,0.0,0.0,0.0
1708430400000,239331.9939963676,239331.9939963676,0,0.0,0.0,0.0,0.0
1708444800000,239331.9939963676,239331.9939963676,0,0.0,0.0,0.0,0.0
1708459200000,239331.9939963676,239331.9939963676,0,0.0,0.0,0.0,0.0
1708473600000,239331.9939963676,239331.9939963676,0,0.0,0.0,0.0,0.0
1708488000000,239331.9939963676,239331.9939963676,0,0.0,0.0,0.0,0.0
1708502400000,239331.9939963676,239331.9939963676,0,0.0,0.0,0.0,0.0
1708516800000,239331.9939963676,239331.9939963676,0,0.0,0.0,0.0,0.0
1708531200000,239331.9939963676,239331.9939963676,0,0.0,0.0,0.0,0.0
1708545600000,239331.9939963676,239331.9939963676,0,0.0,0.0,0.0,0.0
1708560000000,239331.9939963676,239331.9939963676,0,0.0,0.0,0.0,0.0
1708574400000,239331.9939963676,239331.9939963676,0,0.0,0.0,0.0,0.0
1708588800000,239331.9939963676,239331.9939963676,0,0.0,0.0,0.0,0.0
1708603200000,239331.9939963676,239331.9939963676,0,0.0,0.0,0.0,0.0
1708617600000,239331.9939963676,239331.9939963676,0,0.0,0.0,0.0,0.0
1708632000000,239331.9939963676,239331.9939963676,0,0.0,0.0,0.0,0.0
1708646400000,239331.9939963676,239331.9939963676,0,0.0,0.0,0.0,0.0
1708660800000,239331.9939963676,239331.9939963676,0,0.0,0.0,0.0,0.0
1708675200000,239331.9939963676,239331.9939963676,0,0.0,0.0,0.0,0.0
1708689600000,239331.9939963676,239331.9939963676,0,0.0,0.0,0.0,0.0
1708704000000,239331.9939963676,239331.9939963676,0,0.0,0.0,0.0,0.0
1708718400000,239331.9939963676,239331.9939963676,0,0.0,0.0,0.0,0.0
1708732800000,239331.9939963676,239331.9939963676,0,0.0,0.0,0.0,0.0
1708747200000,239331.9939963676,239331.9939963676,0,0.0,0.0,0.0,0.0
1708761600000,239331.9939963676,239331.9939963676,0,0.0,0.0,0.0,0.0
1708776000000,239331.9939963676,239331.9939963676,0,0.0,0.0,0.0,0.0
1708790400000,239331.9939963676,239331.9939963676,0,0.0,0.0,0.0,0.0
1708804800000,239331.9939963676,239331.9939963676,0,0.0,0.0,0.0,0.0
1708819200000,239331.9939963676,239331.9939963676,0,0.0,0.0,0.0,0.0
1708833600000,239331.9939963676,239331.9939963676,0,0.0,0.0,0.0,0.0
1708848000000,239331.9939963676,239331.9939963676,0,0.0,0.0,0.0,0.0
1708862400000,239331.9939963676,239331.9939963676,0,0.0,0.0,0.0,0.0
1708876800000,239331.9939963676,239331.9939963676,0,0.0,0.0,0.0,0.0
1708891200000,239331.9939963676,239331.9939963676,0,0.0,0.0,0.0,0.0
1708905600000,239331.9939963676,239331.9939963676,0,0.0,0.0,0.0,0.0
1708920000000,239331.9939963676,239331.9939963676,0,0.0,0.0,0.0,0.0
1708934400000,239331.9939963676,239331.9939963676,0,0.0,0.0,0.0,0.0
1708948800000,239331.9939963676,239331.9939963676,0,0.0,0.0,0.0,0.0
1708963200000,239331.9939963676,239331.9939963676,0,0.0,0.0,0.0,0.0
1708977600000,239331.9939963676,239331.9939963676,0,0.0,0.0,0.0,0.0
1708992000000,239331.9939963676,239331.9939963676,0,0.0,0.0,0.0,0.0
1709006400000,239331.9939963676,239331.9939963676,0,0.0,0.0,0.0,0.0
1709020800000,239331.9939963676,239331.9939963676,0,0.0,0.0,0.0,0.0
1709035200000,239331.9939963676,239331.9939963676,0,0.0,0.0,0.0,0.0
1709049600000,239331.9939963676,239331.9939963676,0,0.0,0.0,0.0,0.0
1709064000000,239331.9939963676,239331.9939963676,0,0.0,0.0,0.0,0.0
1709078400000,239331.9939963676,239331.9939963676,0,0.0,0.0,0.0,0.0
1709092800000,239331.9939963676,239331.9939963676,0,0.0,0.0,0.0,0.0
1709107200000,239331.9939963676,239331.9939963676,0,0.0,0.0,0.0,0.0
1709121600000,239331.9939963676,239331.9939963676,0,0.0,0.0,0.0,0.0
1709136000000,239331.9939963676,239331.9939963676,0,0.0,0.0,0.0,0.0
1709150400000,239331.9939963676,239331.9939963676,0,0.0,0.0,0.0,0.0
1709164800000,239331.9939963676,239331.9939963676,0,0.0,0.0,0.0,0.0
1709179200000,239331.9939963676,239331.9939963676,0,0.0,0.0,0.0,0.0
1709193600000,239331.9939963676,239331.9939963676,0,0.0,0.0,0.0,0.0
1709208000000,239331.9939963676,239331.9939963676,0,0.0,0.0,0.0,0.0
1709222400000,239331.9939963676,239331.9939963676,0,0.0,0.0,0.0,0.0
1709236800000,239331.9939963676,239331.9939963676,0,0.0,0.0,0.0,0.0
1709251200000,239331.9939963676,239331.9939963676,0,0.0,0.0,0.0,0.0
1709265600000,239331.9939963676,239331.9939963676,0,0.0,0.0,0.0,0.0
1709280000000,239331.9939963676,239331.9939963676,0,0.0,0.0,0.0,0.0
1709294400000,239331.9939963676,239331.9939963676,0,0.0,0.0,0.0,0.0
1709308800000,239331.9939963676,239331.9939963676,0,0.0,0.0,0.0,0.0
1709323200000,239331.9939963676,239331.9939963676,0,0.0,0.0,0.0,0.0
1709337600000,239331.9939963676,239331.9939963676,0,0.0,0.0,0.0,0.0
1709352000000,239331.9939963676,239331.9939963676,0,0.0,0.0,0.0,0.0
1709366400000,239331.9939963676,239331.9939963676,0,0.0,0.0,0.0,0.0
1709380800000,239331.9939963676,239331.9939963676,0,0.0,0.0,0.0,0.0
1709395200000,239331.9939963676,239331.9939963676,0,0.0,0.0,0.0,0.0
1709409600000,239331.9939963676,239331.9939963676,0,0.0,0.0,0.0,0.0
1709424000000,239331.9939963676,239331.9939963676,0,0.0,0.0,0.0,0.0
1709438400000,239331.9939963676,239331.9939963676,0,0.0,0.0,0.0,0.0
1709452800000,239331.9939963676,239331.9939963676,0,0.0,0.0,0.0,0.0
1709467200000,239331.9939963676,239331.9939963676,0,0.0,0.0,0.0,0.0
1709481600000,239331.9939963676,239331.9939963676,0,0.0,0.0,0.0,0.0
1709496000000,239331.9939963676,239331.9939963676,0,0.0,0.0,0.0,0.0
1709510400000,239331.9939963676,239331.9939963676,0,0.0,0.0,0.0,0.0
1709524800000,239331.9939963676,239331.9939963676,0,0.0,0.0,0.0,0.0
1709539200000,239331.9939963676,239331.9939963676,0,0.0,0.0,0.0,0.0
1709553600000,239331.9939963676,239331.9939963676,0,0.0,0.0,0.0,0.0
1709568000000,239331.9939963676,239331.9939963676,0,0.0,0.0,0.0,0.0
1709582400000,239331.9939963676,239331.9939963676,0,0.0,0.0,0.0,0.0
1709596800000,239331.9939963676,239331.9939963676,0,0.0,0.0,0.0,0.0
1709611200000,239331.9939963676,239331.9939963676,0,0.0,0.0,0.0,0.0
1709625600000,239331.9939963676,239331.9939963676,0,0.0,0.0,0.0,0.0
1709640000000,239331.9939963676,239331.9939963676,0,0.0,0.0,0.0,0.0
1709654400000,239331.9939963676,239331.9939963676,0,0.0,0.0,0.0,0.0
1709668800000,239331.9939963676,239331.9939963676,0,0.0,0.0,0.0,0.0
1709683200000,239331.9939963676,239331.9939963676,0,0.0,0.0,0.0,0.0
1709697600000,239331.9939963676,239331.9939963676,0,0.0,0.0,0.0,0.0
1709712000000,239331.9939963676,239331.9939963676,0,0.0,0.0,0.0,0.0
1709726400000,239331.9939963676,239331.9939963676,0,0.0,0.0,0.0,0.0
1709740800000,239331.9939963676,239331.9939963676,0,0.0,0.0,0.0,0.0
1709755200000,239331.9939963676,239331.9939963676,0,0.0,0.0,0.0,0.0
1709769600000,239331.9939963676,239331.9939963676,0,0.0,0.0,0.0,0.0
1709784000000,239331.9939963676,239331.9939963676,0,0.0,0.0,0.0,0.0
1709798400000,239331.9939963676,239331.9939963676,0,0.0,0.0,0.0,0.0
1709812800000,239331.9939963676,239331.9939963676,0,0.0,0.0,0.0,0.0
1709827200000,239331.9939963676,239331.9939963676,0,0.0,0.0,0.0,0.0
1709841600000,239331.9939963676,239331.9939963676,0,0.0,0.0,0.0,0.0
1709856000000,239331.9939963676,239331.9939963676,0,0.0,0.0,0.0,0.0
1709870400000,239331.9939963676,239331.9939963676,0,0.0,0.0,0.0,0.0
1709884800000,239331.9939963676,239331.9939963676,0,0.0,0.0,0.0,0.0
1709899200000,239331.9939963676,239331.9939963676,0,0.0,0.0,0.0,0.0
1709913600000,239331.9939963676,239331.9939963676,0,0.0,0.0,0.0,0.0
1709928000000,239331.9939963676,239331.9939963676,0,0.0,0.0,0.0,0.0
1709942400000,239331.9939963676,239331.9939963676,0,0.0,0.0,0.0,0.0
1709956800000,239331.9939963676,239331.9939963676,0,0.0,0.0,0.0,0.0
1709971200000,239331.9939963676,239331.9939963676,0,0.0,0.0,0.0,0.0
1709985600000,239331.9939963676,239331.9939963676,0,0.0,0.0,0.0,0.0
1710000000000,239331.9939963676,239331.9939963676,0,0.0,0.0,0.0,0.0
1710014400000,239331.9939963676,239331.9939963676,0,0.0,0.0,0.0,0.0
1710028800000,239331.9939963676,239331.9939963676,0,0.0,0.0,0.0,0.0
1710043200000,239331.9939963676,239331.9939963676,0,0.0,0.0,0.0,0.0
1710057600000,239331.9939963676,239331.9939963676,0,0.0,0.0,0.0,0.0
1710072000000,239331.9939963676,239331.9939963676,0,0.0,0.0,0.0,0.0
1710086400000,239331.9939963676,239331.9939963676,0,0.0,0.0,0.0,0.0
1710100800000,239331.9939963676,239331.9939963676,0,0.0,0.0,0.0,0.0
1710115200000,239331.9939963676,239331.9939963676,0,0.0,0.0,0.0,0.0
1710129600000,239331.9939963676,239331.9939963676,0,0.0,0.0,0.0,0.0
1710144000000,239331.9939963676,239331.9939963676,0,0.0,0.0,0.0,0.0
1710158400000,239331.9939963676,239331.9939963676,0,0.0,0.0,0.0,0.0
1710172800000,239331.9939963676,239331.9939963676,0,0.0,0.0,0.0,0.0
1710187200000,239331.9939963676,239331.9939963676,0,0.0,0.0,0.0,0.0
1710201600000,239331.9939963676,239331.9939963676,0,0.0,0.0,0.0,0.0
1710216000000,239331.9939963676,239331.9939963676,0,0.0,0.0,0.0,0.0
1710230400000,239331.9939963676,239331.9939963676,0,0.0,0.0,0.0,0.0
1710244800000,239331.9939963676,239331.9939963676,0,0.0,0.0,0.0,0.0
1710259200000,239331.9939963676,239331.9939963676,0,0.0,0.0,0.0,0.0
1710273600000,239331.9939963676,239331.9939963676,0,0.0,0.0,0.0,0.0
1710288000000,239331.9939963676,239331.9939963676,0,0.0,0.0,0.0,0.0
1710302400000,239331.9939963676,239331.9939963676,0,0.0,0.0,0.0,0.0
1710316800000,239331.9939963676,239331.9939963676,0,0.0,0.0,0.0,0.0
1710331200000,239331.9939963676,239331.9939963676,0,0.0,0.0,0.0,0.0
1710345600000,239331.9939963676,239331.9939963676,0,0.0,0.0,0.0,0.0
1710360000000,239331.9939963676,239331.9939963676,0,0.0,0.0,0.0,0.0
1710374400000,239331.9939963676,239331.9939963676,0,0.0,0.0,0.0,0.0
1710388800000,239331.9939963676,239331.9939963676,0,0.0,0.0,0.0,0.0
1710403200000,239331.9939963676,239331.9939963676,0,0.0,0.0,0.0,0.0
1710417600000,239331.9939963676,239331.9939963676,0,0.0,0.0,0.0,0.0
1710432000000,239331.9939963676,239331.9939963676,0,0.0,0.0,0.0,0.0
1710446400000,239331.9939963676,239331.9939963676,0,0.0,0.0,0.0,0.0
1710460800000,239331.9939963676,239331.9939963676,0,0.0,0.0,0.0,0.0
1710475200000,239331.9939963676,239331.9939963676,0,0.0,0.0,0.0,0.0
1710489600000,239331.9939963676,239331.9939963676,0,0.0,0.0,0.0,0.0
1710504000000,239331.9939963676,239331.9939963676,0,0.0,0.0,0.0,0.0
1710518400000,239331.9939963676,239331.9939963676,0,0.0,0.0,0.0,0.0
1710532800000,239331.9939963676,239331.9939963676,0,0.0,0.0,0.0,0.0
1710547200000,239331.9939963676,239331.9939963676,0,0.0,0.0,0.0,0.0
1710561600000,239331.9939963676,239331.9939963676,0,0.0,0.0,0.0,0.0
1710576000000,239331.9939963676,239331.9939963676,0,0.0,0.0,0.0,0.0
1710590400000,239331.9939963676,239331.9939963676,0,0.0,0.0,0.0,0.0
1710604800000,239331.9939963676,239331.9939963676,0,0.0,0.0,0.0,0.0
1710619200000,239331.9939963676,239331.9939963676,0,0.0,0.0,0.0,0.0
1710633600000,239331.9939963676,239331.9939963676,0,0.0,0.0,0.0,0.0
1710648000000,239331.9939963676,239331.9939963676,0,0.0,0.0,0.0,0.0
1710662400000,239331.9939963676,239331.9939963676,0,0.0,0.0,0.0,0.0
1710676800000,239331.9939963676,239331.9939963676,0,0.0,0.0,0.0,0.0
1710691200000,239331.9939963676,239331.9939963676,0,0.0,0.0,0.0,0.0
1710705600000,239331.9939963676,239331.9939963676,0,0.0,0.0,0.0,0.0
1710720000000,239331.9939963676,239331.9939963676,0,0.0,0.0,0.0,0.0
1710734400000,239331.9939963676,239331.9939963676,0,0.0,0.0,0.0,0.0
1710748800000,239331.9939963676,239331.9939963676,0,0.0,0.0,0.0,0.0
1710763200000,239331.9939963676,239331.9939963676,0,0.0,0.0,0.0,0.0
1710777600000,239331.9939963676,239331.9939963676,0,0.0,0.0,0.0,0.0
1710792000000,239331.9939963676,239331.9939963676,0,0.0,0.0,0.0,0.0
1710806400000,239331.9939963676,239331.9939963676,0,0.0,0.0,0.0,0.0
1710820800000,239331.9939963676,239331.9939963676,0,0.0,0.0,0.0,0.0
1710835200000,239331.9939963676,239331.9939963676,0,0.0,0.0,0.0,0.0
1710849600000,239331.9939963676,239331.9939963676,0,0.0,0.0,0.0,0.0
1710864000000,239331.9939963676,239331.9939963676,0,0.0,0.0,0.0,0.0
1710878400000,239331.9939963676,239331.9939963676,0,0.0,0.0,0.0,0.0
1710892800000,239331.9939963676,239331.9939963676,0,0.0,0.0,0.0,0.0
1710907200000,239331.9939963676,239331.9939963676,0,0.0,0.0,0.0,0.0
1710921600000,239331.9939963676,239331.9939963676,0,0.0,0.0,0.0,0.0
1710936000000,239331.9939963676,239331.9939963676,0,0.0,0.0,0.0,0.0
1710950400000,239331.9939963676,239331.9939963676,0,0.0,0.0,0.0,0.0
1710964800000,239331.9939963676,239331.9939963676,0,0.0,0.0,0.0,0.0
1710979200000,239331.9939963676,239331.9939963676,0,0.0,0.0,0.0,0.0
1710993600000,239331.9939963676,239331.9939963676,0,0.0,0.0,0.0,0.0
1711008000000,239331.9939963676,239331.9939963676,0,0.0,0.0,0.0,0.0
1711022400000,239331.9939963676,239331.9939963676,0,0.0,0.0,0.0,0.0
1711036800000,239331.9939963676,239331.9939963676,0,0.0,0.0,0.0,0.0
1711051200000,239331.9939963676,239331.9939963676,0,0.0,0.0,0.0,0.0
1711065600000,239331.9939963676,239331.9939963676,0,0.0,0.0,0.0,0.0
1711080000000,239331.9939963676,239331.9939963676,0,0.0,0.0,0.0,0.0
1711094400000,239331.9939963676,239331.9939963676,0,0.0,0.0,0.0,0.0
1711108800000,239331.9939963676,239331.9939963676,0,0.0,0.0,0.0,0.0
1711123200000,239331.9939963676,239331.9939963676,0,0.0,0.0,0.0,0.0
1711137600000,239331.9939963676,239331.9939963676,0,0.0,0.0,0.0,0.0
1711152000000,239331.9939963676,239331.9939963676,0,0.0,0.0,0.0,0.0
1711166400000,239331.9939963676,239331.9939963676,0,0.0,0.0,0.0,0.0
1711180800000,239331.9939963676,239331.9939963676,0,0.0,0.0,0.0,0.0
1711195200000,239331.9939963676,239331.9939963676,0,0.0,0.0,0.0,0.0
1711209600000,239331.9939963676,239331.9939963676,0,0.0,0.0,0.0,0.0
1711224000000,239331.9939963676,239331.9939963676,0,0.0,0.0,0.0,0.0
1711238400000,239331.9939963676,239331.9939963676,0,0.0,0.0,0.0,0.0
1711252800000,239331.9939963676,239331.9939963676,0,0.0,0.0,0.0,0.0
1711267200000,239331.9939963676,239331.9939963676,0,0.0,0.0,0.0,0.0
1711281600000,239331.9939963676,239331.9939963676,0,0.0,0.0,0.0,0.0
1711296000000,239331.9939963676,239331.9939963676,0,0.0,0.0,0.0,0.0
1711310400000,239331.9939963676,239331.9939963676,0,0.0,0.0,0.0,0.0
1711324800000,239331.9939963676,239331.9939963676,0,0.0,0.0,0.0,0.0
1711339200000,239331.9939963676,239331.9939963676,0,0.0,0.0,0.0,0.0
1711353600000,239331.9939963676,239331.9939963676,0,0.0,0.0,0.0,0.0
1711368000000,239331.9939963676,239331.9939963676,0,0.0,0.0,0.0,0.0
1711382400000,239331.9939963676,239331.9939963676,0,0.0,0.0,0.0,0.0
1711396800000,239331.9939963676,239331.9939963676,0,0.0,0.0,0.0,0.0
1711411200000,239331.9939963676,239331.9939963676,0,0.0,0.0,0.0,0.0
1711425600000,239331.9939963676,239331.9939963676,0,0.0,0.0,0.0,0.0
1711440000000,240521.25191075882,239280.53618682307,1,104156.33481299265,4786.639879927352,0.0,0.0
1711454400000,240930.42741556343,239258.90791886827,1,104587.13858575207,4786.639879927352,0.0,0.0
1711468800000,238541.9611685834,239258.90791886827,1,102198.67233877204,4786.639879927352,0.0,0.0
1711483200000,237438.4209307495,239233.18185223447,1,101120.85816757195,4786.639879927352,0.0,0.0
1711497600000,238585.4426818823,239233.18185223447,1,102267.87991870474,4786.639879927352,0.0,0.0
1711512000000,238336.44079246873,239200.38658850215,1,102051.67329302349,4786.639879927352,0.0,0.0
1711526400000,236588.01053664935,239200.38658850215,1,100303.24303720411,4786.639879927352,0.0,0.0
1711540800000,237476.61760393647,239159.78800894078,1,101232.4486840526,4786.639879927352,0.0,0.0
1711555200000,234304.46765646496,234304.46765646496,0,0.0,0.0,0.0,0.0
1711569600000,234304.46765646496,234304.46765646496,0,0.0,0.0,0.0,0.0
1711584000000,234304.46765646496,234304.46765646496,0,0.0,0.0,0.0,0.0
1711598400000,234304.46765646496,234304.46765646496,0,0.0,0.0,0.0,0.0
1711612800000,234304.46765646496,234304.46765646496,0,0.0,0.0,0.0,0.0
1711627200000,234304.46765646496,234304.46765646496,0,0.0,0.0,0.0,0.0
1711641600000,234304.46765646496,234304.46765646496,0,0.0,0.0,0.0,0.0
1711656000000,234304.46765646496,234304.46765646496,0,0.0,0.0,0.0,0.0
1711670400000,234304.46765646496,234304.46765646496,0,0.0,0.0,0.0,0.0
1711684800000,234304.46765646496,234304.46765646496,0,0.0,0.0,0.0,0.0
1711699200000,234304.46765646496,234304.46765646496,0,0.0,0.0,0.0,0.0
1711713600000,234304.46765646496,234304.46765646496,0,0.0,0.0,0.0,0.0
1711728000000,234304.46765646496,234304.46765646496,0,0.0,0.0,0.0,0.0
1711742400000,234304.46765646496,234304.46765646496,0,0.0,0.0,0.0,0.0
1711756800000,234304.46765646496,234304.46765646496,0,0.0,0.0,0.0,0.0
1711771200000,234304.46765646496,234304.46765646496,0,0.0,0.0,0.0,0.0
1711785600000,234304.46765646496,234304.46765646496,0,0.0,0.0,0.0,0.0
1711800000000,234304.46765646496,234304.46765646496,0,0.0,0.0,0.0,0.0
1711814400000,234304.46765646496,234304.46765646496,0,0.0,0.0,0.0,0.0
1711828800000,234304.46765646496,234304.46765646496,0,0.0,0.0,0.0,0.0
1711843200000,234304.46765646496,234304.46765646496,0,0.0,0.0,0.0,0.0
1711857600000,234304.46765646496,234304.46765646496,0,0.0,0.0,0.0,0.0
1711872000000,234304.46765646496,234304.46765646496,0,0.0,0.0,0.0,0.0
1711886400000,234304.46765646496,234304.46765646496,0,0.0,0.0,0.0,0.0
1711900800000,234304.46765646496,234304.46765646496,0,0.0,0.0,0.0,0.0
1711915200000,235404.13278584782,234203.7661152865,1,202603.44902746895,4686.0893531292995,0.0,0.0
1711929600000,235706.64634142426,234203.7661152865,1,202905.9625830454,4686.0893531292995,0.0,0.0
1711944000000,233673.44152909826,234080.1781225368,1,200996.3457634691,4686.0893531292995,0.0,0.0
1711958400000,229256.40654600417,229256.40654600417,0,0.0,0.0,0.0,0.0
1711972800000,229256.40654600417,229256.40654600417,0,0.0,0.0,0.0,0.0
1711987200000,231776.80999656298,229198.27345013677,1,113687.65518839505,2292.564065460042,2292.564065460042,113687.65518839505
1712001600000,230039.00851401943,229213.99279209267,1,115441.1760128945,2292.564065460042,2292.564065460042,115441.1760128945
1712016000000,229146.4221015486,229213.99279209267,1,116333.76242536532,2292.564065460042,2292.564065460042,116333.76242536532
1712030400000,233546.28297550834,231484.70589150485,1,56071.51878340716,1146.282032730021,1146.282032730021,56071.51878340716
1712044800000,232024.46046579911,232024.46046579911,0,0.0,0.0,0.0,0.0
1712059200000,232024.46046579911,232024.46046579911,0,0.0,0.0,0.0,0.0
1712073600000,232024.46046579911,232024.46046579911,0,0.0,0.0,0.0,0.0
1712088000000,232024.46046579911,232024.46046579911,0,0.0,0.0,0.0,0.0
1712102400000,232024.46046579911,232024.46046579911,0,0.0,0.0,0.0,0.0
1712116800000,232024.46046579911,232024.46046579911,0,0.0,0.0,0.0,0.0
1712131200000,232024.46046579911,232024.46046579911,0,0.0,0.0,0.0,0.0
1712145600000,232024.46046579911,232024.46046579911,0,0.0,0.0,0.0,0.0
1712160000000,232024.46046579911,232024.46046579911,0,0.0,0.0,0.0,0.0
1712174400000,232024.46046579911,232024.46046579911,0,0.0,0.0,0.0,0.0
1712188800000,232024.46046579911,232024.46046579911,0,0.0,0.0,0.0,0.0
1712203200000,232024.46046579911,232024.46046579911,0,0.0,0.0,0.0,0.0
1712217600000,232024.46046579911,232024.46046579911,0,0.0,0.0,0.0,0.0
1712232000000,232024.46046579911,232024.46046579911,0,0.0,0.0,0.0,0.0
1712246400000,232024.46046579911,232024.46046579911,0,0.0,0.0,0.0,0.0
1712260800000,232024.46046579911,232024.46046579911,0,0.0,0.0,0.0,0.0
1712275200000,232024.46046579911,232024.46046579911,0,0.0,0.0,0.0,0.0
1712289600000,232024.46046579911,232024.46046579911,0,0.0,0.0,0.0,0.0
1712304000000,232024.46046579911,232024.46046579911,0,0.0,0.0,0.0,0.0
1712318400000,232024.46046579911,232024.46046579911,0,0.0,0.0,0.0,0.0
1712332800000,232024.46046579911,232024.46046579911,0,0.0,0.0,0.0,0.0
1712347200000,232024.46046579911,232024.46046579911,0,0.0,0.0,0.0,0.0
1712361600000,232024.46046579911,232024.46046579911,0,0.0,0.0,0.0,0.0
1712376000000,232024.46046579911,232024.46046579911,0,0.0,0.0,0.0,0.0
1712390400000,232024.46046579911,232024.46046579911,0,0.0,0.0,0.0,0.0
1712404800000,232024.46046579911,232024.46046579911,0,0.0,0.0,0.0,0.0
1712419200000,232024.46046579911,232024.46046579911,0,0.0,0.0,0.0,0.0
1712433600000,232024.46046579911,232024.46046579911,0,0.0,0.0,0.0,0.0
1712448000000,232024.46046579911,232024.46046579911,0,0.0,0.0,0.0,0.0
1712462400000,232024.46046579911,232024.46046579911,0,0.0,0.0,0.0,0.0
1712476800000,232024.46046579911,232024.46046579911,0,0.0,0.0,0.0,0.0
1712491200000,232024.46046579911,232024.46046579911,0,0.0,0.0,0.0,0.0
1712505600000,232024.46046579911,232024.46046579911,0,0.0,0.0,0.0,0.0
1712520000000,232024.46046579911,232024.46046579911,0,0.0,0.0,0.0,0.0
1712534400000,232024.46046579911,232024.46046579911,0,0.0,0.0,0.0,0.0
1712548800000,232024.46046579911,232024.46046579911,0,0.0,0.0,0.0,0.0
1712563200000,232024.46046579911,232024.46046579911,0,0.0,0.0,0.0,0.0
1712577600000,232024.46046579911,232024.46046579911,0,0.0,0.0,0.0,0.0
1712592000000,232024.46046579911,232024.46046579911,0,0.0,0.0,0.0,0.0
1712606400000,232024.46046579911,232024.46046579911,0,0.0,0.0,0.0,0.0
1712620800000,232024.46046579911,232024.46046579911,0,0.0,0.0,0.0,0.0
1712635200000,232024.46046579911,232024.46046579911,0,0.0,0.0,0.0,0.0
1712649600000,232024.46046579911,232024.46046579911,0,0.0,0.0,0.0,0.0
1712664000000,232024.46046579911,232024.46046579911,0,0.0,0.0,0.0,0.0
1712678400000,232024.46046579911,232024.46046579911,0,0.0,0.0,0.0,0.0
1712692800000,232024.46046579911,232024.46046579911,0,0.0,0.0,0.0,0.0
1712707200000,232024.46046579911,232024.46046579911,0,0.0,0.0,0.0,0.0
1712721600000,232024.46046579911,232024.46046579911,0,0.0,0.0,0.0,0.0
1712736000000,232024.46046579911,232024.46046579911,0,0.0,0.0,0.0,0.0
1712750400000,232024.46046579911,232024.46046579911,0,0.0,0.0,0.0,0.0
1712764800000,232024.46046579911,232024.46046579911,0,0.0,0.0,0.0,0.0
1712779200000,232024.46046579911,232024.46046579911,0,0.0,0.0,0.0,0.0
1712793600000,232024.46046579911,232024.46046579911,0,0.0,0.0,0.0,0.0
1712808000000,232024.46046579911,232024.46046579911,0,0.0,0.0,0.0,0.0
1712822400000,232024.46046579911,232024.46046579911,0,0.0,0.0,0.0,0.0
1712836800000,232024.46046579911,232024.46046579911,0,0.0,0.0,0.0,0.0
1712851200000,232024.46046579911,232024.46046579911,0,0.0,0.0,0.0,0.0
1712865600000,232024.46046579911,232024.46046579911,0,0.0,0.0,0.0,0.0
1712880000000,232024.46046579911,232024.46046579911,0,0.0,0.0,0.0,0.0
1712894400000,232024.46046579911,232024.46046579911,0,0.0,0.0,0.0,0.0
1712908800000,232024.46046579911,232024.46046579911,0,0.0,0.0,0.0,0.0
1712923200000,232024.46046579911,232024.46046579911,0,0.0,0.0,0.0,0.0
1712937600000,232024.46046579911,232024.46046579911,0,0.0,0.0,0.0,0.0
1712952000000,240138.2364266897,234242.62761919995,1,55101.89398933771,1160.1223023289956,1160.1223023289956,55101.89398933771
1712966400000,240089.37794408732,240089.37794408732,0,0.0,0.0,0.0,0.0
1712980800000,240979.38777456825,240016.02611047745,1,145740.3055556165,4801.787558881747,4801.787558881747,145740.3055556165
1712995200000,241140.36749351776,240016.02611047745,1,145579.325836667,4801.787558881747,4801.787558881747,145579.325836667
1713009600000,241208.58396435864,240030.58267500182,1,145525.66593035051,4801.787558881747,4801.787558881747,145525.66593035051
1713024000000,240993.94433909262,240030.58267500182,1,145740.3055556165,4801.787558881747,4801.787558881747,145740.3055556165
1713038400000,252189.34383823967,244798.95006794477,1,65961.43983955876,2400.8937794408735,2400.8937794408735,65961.43983955876
1713052800000,253946.70577010507,244798.95006794477,1,64204.07790769336,2400.8937794408735,2400.8937794408735,64204.07790769336
1713067200000,253904.16928440967,253904.16928440967,0,0.0,0.0,0.0,0.0
1713081600000,253904.16928440967,253904.16928440967,0,0.0,0.0,0.0,0.0
1713096000000,253904.16928440967,253904.16928440967,0,0.0,0.0,0.0,0.0
1713110400000,253904.16928440967,253904.16928440967,0,0.0,0.0,0.0,0.0
1713124800000,253904.16928440967,253904.16928440967,0,0.0,0.0,0.0,0.0
1713139200000,253904.16928440967,253904.16928440967,0,0.0,0.0,0.0,0.0
1713153600000,253904.16928440967,253904.16928440967,0,0.0,0.0,0.0,0.0
1713168000000,253904.16928440967,253904.16928440967,0,0.0,0.0,0.0,0.0
1713182400000,253904.16928440967,253904.16928440967,0,0.0,0.0,0.0,0.0
1713196800000,253904.16928440967,253904.16928440967,0,0.0,0.0,0.0,0.0
1713211200000,253904.16928440967,253904.16928440967,0,0.0,0.0,0.0,0.0
1713225600000,253904.16928440967,253904.16928440967,0,0.0,0.0,0.0,0.0
1713240000000,253904.16928440967,253904.16928440967,0,0.0,0.0,0.0,0.0
1713254400000,253904.16928440967,253904.16928440967,0,0.0,0.0,0.0,0.0
1713268800000,253904.16928440967,253904.16928440967,0,0.0,0.0,0.0,0.0
1713283200000,253904.16928440967,253904.16928440967,0,0.0,0.0,0.0,0.0
1713297600000,253904.16928440967,253904.16928440967,0,0.0,0.0,0.0,0.0
1713312000000,253904.16928440967,253904.16928440967,0,0.0,0.0,0.0,0.0
1713326400000,253904.16928440967,253904.16928440967,0,0.0,0.0,0.0,0.0
1713340800000,253904.16928440967,253904.16928440967,0,0.0,0.0,0.0,0.0
1713355200000,253904.16928440967,253904.16928440967,0,0.0,0.0,0.0,0.0
1713369600000,253904.16928440967,253904.16928440967,0,0.0,0.0,0.0,0.0
1713384000000,253904.16928440967,253904.16928440967,0,0.0,0.0,0.0,0.0
1713398400000,253904.16928440967,253904.16928440967,0,0.0,0.0,0.0,0.0
1713412800000,253904.16928440967,253904.16928440967,0,0.0,0.0,0.0,0.0
1713427200000,253904.16928440967,253904.16928440967,0,0.0,0.0,0.0,0.0
1713441600000,253904.16928440967,253904.16928440967,0,0.0,0.0,0.0,0.0
1713456000000,253904.16928440967,253904.16928440967,0,0.0,0.0,0.0,0.0
1713470400000,253904.16928440967,253904.16928440967,0,0.0,0.0,0.0,0.0
1713484800000,253904.16928440967,253904.16928440967,0,0.0,0.0,0.0,0.0
1713499200000,253904.16928440967,253904.16928440967,0,0.0,0.0,0.0,0.0
1713513600000,253904.16928440967,253904.16928440967,0,0.0,0.0,0.0,0.0
1713528000000,253904.16928440967,253904.16928440967,0,0.0,0.0,0.0,0.0
1713542400000,253904.16928440967,253904.16928440967,0,0.0,0.0,0.0,0.0
1713556800000,253904.16928440967,253904.16928440967,0,0.0,0.0,0.0,0.0
1713571200000,253904.16928440967,253904.16928440967,0,0.0,0.0,0.0,0.0
1713585600000,253904.16928440967,253904.16928440967,0,0.0,0.0,0.0,0.0
1713600000000,253904.16928440967,253904.16928440967,0,0.0,0.0,0.0,0.0
1713614400000,253904.16928440967,253904.16928440967,0,0.0,0.0,0.0,0.0
1713628800000,253904.16928440967,253904.16928440967,0,0.0,0.0,0.0,0.0
1713643200000,253904.16928440967,253904.16928440967,0,0.0,0.0,0.0,0.0
1713657600000,253904.16928440967,253904.16928440967,0,0.0,0.0,0.0,0.0
1713672000000,253904.16928440967,253904.16928440967,0,0.0,0.0,0.0,0.0
1713686400000,253904.16928440967,253904.16928440967,0,0.0,0.0,0.0,0.0
1713700800000,253904.16928440967,253904.16928440967,0,0.0,0.0,0.0,0.0
1713715200000,253904.16928440967,253904.16928440967,0,0.0,0.0,0.0,0.0
1713729600000,253904.16928440967,253904.16928440967,0,0.0,0.0,0.0,0.0
1713744000000,253904.16928440967,253904.16928440967,0,0.0,0.0,0.0,0.0
1713758400000,253904.16928440967,253904.16928440967,0,0.0,0.0,0.0,0.0
1713772800000,253904.16928440967,253904.16928440967,0,0.0,0.0,0.0,0.0
1713787200000,253904.16928440967,253904.16928440967,0,0.0,0.0,0.0,0.0
1713801600000,253904.16928440967,253904.16928440967,0,0.0,0.0,0.0,0.0
1713816000000,253904.16928440967,253904.16928440967,0,0.0,0.0,0.0,0.0
1713830400000,253904.16928440967,253904.16928440967,0,0.0,0.0,0.0,0.0
1713844800000,253904.16928440967,253904.16928440967,0,0.0,0.0,0.0,0.0
1713859200000,253904.16928440967,253904.16928440967,0,0.0,0.0,0.0,0.0
1713873600000,253904.16928440967,253904.16928440967,0,0.0,0.0,0.0,0.0
1713888000000,253904.16928440967,253904.16928440967,0,0.0,0.0,0.0,0.0
1713902400000,253904.16928440967,253904.16928440967,0,0.0,0.0,0.0,0.0
1713916800000,253904.16928440967,253904.16928440967,0,0.0,0.0,0.0,0.0
1713931200000,253904.16928440967,253904.16928440967,0,0.0,0.0,0.0,0.0
1713945600000,253904.16928440967,253904.16928440967,0,0.0,0.0,0.0,0.0
1713960000000,253904.16928440967,253904.16928440967,0,0.0,0.0,0.0,0.0
1713974400000,253904.16928440967,253904.16928440967,0,0.0,0.0,0.0,0.0
1713988800000,253904.16928440967,253904.16928440967,0,0.0,0.0,0.0,0.0
1714003200000,253904.16928440967,253904.16928440967,0,0.0,0.0,0.0,0.0
1714017600000,254550.65595346055,253824.54004522337,1,158532.36246435018,5078.0833856881945,5078.0833856881945,158532.36246435018
1714032000000,255119.13643510442,253824.54004522337,1,157963.88198270628,5078.0833856881945,5078.0833856881945,157963.88198270628
1714046400000,255255.15441054993,253834.22902474806,1,157837.55298678545,5078.0833856881945,5078.0833856881945,157837.55298678545
1714060800000,253697.0967941927,253834.22902474806,1,159395.61060314268,5078.0833856881945,5078.0833856881945,159395.61060314268
1714075200000,252691.87833485985,253850.1699491088,1,160416.7699868363,5078.0833856881945,5078.0833856881945,160416.7699868363
1714089600000,253902.53121243473,253850.1699491088,1,159206.11710926142,5078.0833856881945,5078.0833856881945,159206.11710926142
1714104000000,254630.35490983594,253841.07450363835,1,158469.19796638974,5078.0833856881945,5078.0833856881945,158469.19796638974
1714118400000,255072.50639555894,253841.07450363835,1,158027.04648066673,5078.0833856881945,5078.0833856881945,158027.04648066673
1714132800000,255561.6663850298,253845.97334207923,1,157542.7853296368,5078.0833856881945,5078.0833856881945,157542.7853296368
1714147200000,257172.36108302072,253845.97334207923,1,155932.09063164584,5078.0833856881945,5078.0833856881945,155932.09063164584
1714161600000,255969.44827733273,253853.71341396615,1,157142.74350922075,5078.0833856881945,5078.0833856881945,157142.74350922075
1714176000000,257390.6494814424,253853.71341396615,1,155721.54230511107,5078.0833856881945,5078.0833856881945,155721.54230511107
1714190400000,261434.9482125455,258887.45137062875,1,77081.74234437691,2539.0416928440973,2539.0416928440973,77081.74234437691
1714204800000,262192.92218807066,258887.45137062875,1,76323.76836885176,2539.0416928440973,2539.0416928440973,76323.76836885176
1714219200000,262697.34735383844,258891.82426087646,1,75823.7160933317,2539.0416928440973,2539.0416928440973,75823.7160933317
1714233600000,261902.52742116968,258891.82426087646,1,76618.53602600044,2539.0416928440973,2539.0416928440973,76618.53602600044
1714248000000,259946.97345689905,259946.97345689905,0,0.0,0.0,0.0,0.0
1714262400000,259946.97345689905,259946.97345689905,0,0.0,0.0,0.0,0.0
1714276800000,259946.97345689905,259946.97345689905,0,0.0,0.0,0.0,0.0
1714291200000,259946.97345689905,259946.97345689905,0,0.0,0.0,0.0,0.0
1714305600000,259946.97345689905,259946.97345689905,0,0.0,0.0,0.0,0.0
1714320000000,259946.97345689905,259946.97345689905,0,0.0,0.0,0.0,0.0
1714334400000,259946.97345689905,259946.97345689905,0,0.0,0.0,0.0,0.0
1714348800000,259946.97345689905,259946.97345689905,0,0.0,0.0,0.0,0.0
1714363200000,263822.8137008583,259791.22239324113,1,307470.53600821766,5198.939469137981,5198.939469137981,307470.53600821766
1714377600000,265895.9498079215,259678.86424667275,2,530001.3348913617,10475.395743155148,10475.395743155148,530001.3348913617
1714392000000,267697.3150891883,259503.18526557635,3,742233.5409894392,15793.06746323826,15793.06746323826,742233.5409894392
1714406400000,254611.61376017102,259503.18526557635,3,755319.2423184565,15793.06746323826,15793.06746323826,755319.2423184565
1714420800000,255588.50060747282,255595.115598621,2,438932.15848836454,10594.12799410028,10594.12799410028,438932.15848836454
1714435200000,248234.5474596157,251124.8031495832,1,217099.5060504084,5317.671720083112,5317.671720083112,217099.5060504084
1714449600000,245661.3300274014,245661.3300274014,0,0.0,0.0,0.0,0.0
1714464000000,245661.3300274014,245661.3300274014,0,0.0,0.0,0.0,0.0
1714478400000,245661.3300274014,245661.3300274014,0,0.0,0.0,0.0,0.0
1714492800000,246593.4182487256,245332.32348409868,3,656751.9918407435,14720.238659544244,14720.238659544244,656751.9918407435
1714507200000,261425.42746734596,250166.16538358812,3,495123.55459208344,12263.62535927023,12263.62535927023,495123.55459208344
1714521600000,245333.50705237978,241543.39309273683,2,307437.4975086411,7365.594010607052,7365.594010607052,307437.4975086411
1714536000000,247080.18082949918,241552.8251613532,2,305700.2558001381,7365.594010607052,7365.594010607052,305700.2558001381
1714550400000,260609.08939729776,246409.37559967587,2,217229.2269012847,4911.103655440533,4911.103655440533,217229.2269012847
1714564800000,258175.50682899973,246429.59533560977,2,219683.02920551662,4911.103655440533,4911.103655440533,219683.02920551662
1714579200000,260433.988362597,246429.59533560977,2,217424.54767191937,4911.103655440533,4911.103655440533,217424.54767191937
1714593600000,252408.20047073773,252408.20047073773,0,0.0,0.0,0.0,0.0
1714608000000,252408.20047073773,252408.20047073773,0,0.0,0.0,0.0,0.0
1714622400000,252408.20047073773,252408.20047073773,0,0.0,0.0,0.0,0.0
1714636800000,252408.20047073773,252408.20047073773,0,0.0,0.0,0.0,0.0
1714651200000,252408.20047073773,252408.20047073773,0,0.0,0.0,0.0,0.0
1714665600000,252408.20047073773,252408.20047073773,0,0.0,0.0,0.0,0.0
1714680000000,252408.20047073773,252408.20047073773,0,0.0,0.0,0.0,0.0
1714694400000,252408.20047073773,252408.20047073773,0,0.0,0.0,0.0,0.0
1714708800000,252408.20047073773,252408.20047073773,0,0.0,0.0,0.0,0.0
1714723200000,252408.20047073773,252408.20047073773,0,0.0,0.0,0.0,0.0
1714737600000,252408.20047073773,252408.20047073773,0,0.0,0.0,0.0,0.0
1714752000000,252408.20047073773,252408.20047073773,0,0.0,0.0,0.0,0.0
1714766400000,252408.20047073773,252408.20047073773,0,0.0,0.0,0.0,0.0
1714780800000,252408.20047073773,252408.20047073773,0,0.0,0.0,0.0,0.0
1714795200000,252408.20047073773,252408.20047073773,0,0.0,0.0,0.0,0.0
1714809600000,252408.20047073773,252408.20047073773,0,0.0,0.0,0.0,0.0
1714824000000,252408.20047073773,252408.20047073773,0,0.0,0.0,0.0,0.0
1714838400000,252408.20047073773,252408.20047073773,0,0.0,0.0,0.0,0.0
1714852800000,252408.20047073773,252408.20047073773,0,0.0,0.0,0.0,0.0
1714867200000,252408.20047073773,252408.20047073773,0,0.0,0.0,0.0,0.0
1714881600000,252408.20047073773,252408.20047073773,0,0.0,0.0,0.0,0.0
1714896000000,252408.20047073773,252408.20047073773,0,0.0,0.0,0.0,0.0
1714910400000,252408.20047073773,252408.20047073773,0,0.0,0.0,0.0,0.0
1714924800000,252408.20047073773,252408.20047073773,0,0.0,0.0,0.0,0.0
1714939200000,252408.20047073773,252408.20047073773,0,0.0,0.0,0.0,0.0
1714953600000,252408.20047073773,252408.20047073773,0,0.0,0.0,0.0,0.0
1714968000000,252408.20047073773,252408.20047073773,0,0.0,0.0,0.0,0.0
1714982400000,252408.20047073773,252408.20047073773,0,0.0,0.0,0.0,0.0
1714996800000,252408.20047073773,252408.20047073773,0,0.0,0.0,0.0,0.0
1715011200000,252408.20047073773,252408.20047073773,0,0.0,0.0,0.0,0.0
1715025600000,252408.20047073773,252408.20047073773,0,0.0,0.0,0.0,0.0
1715040000000,252408.20047073773,252408.20047073773,0,0.0,0.0,0.0,0.0
1715054400000,252408.20047073773,252408.20047073773,0,0.0,0.0,0.0,0.0
1715068800000,252408.20047073773,252408.20047073773,0,0.0,0.0,0.0,0.0
1715083200000,252408.20047073773,252408.20047073773,0,0.0,0.0,0.0,0.0
1715097600000,252408.20047073773,252408.20047073773,0,0.0,0.0,0.0,0.0
1715112000000,252408.20047073773,252408.20047073773,0,0.0,0.0,0.0,0.0
1715126400000,252408.20047073773,252408.20047073773,0,0.0,0.0,0.0,0.0
1715140800000,250707.43845764842,252287.53862063662,1,242903.8003651885,5048.164009414755,5048.164009414755,242903.8003651885
1715155200000,257284.73470270424,252196.720064121,2,417872.7985948412,10062.312778567724,10062.312778567724,417872.7985948412
1715169600000,258164.01631041354,252099.10648082232,3,637697.8228681628,15208.16024526159,15208.16024526159,637697.8228681628
1715184000000,247858.76111273133,246878.457529273,2,401458.7289120953,10159.996235846835,10159.996235846835,401458.7289120953
1715198400000,248906.8407909331,246918.6012873036,2,400450.7929919242,10159.996235846835,10159.996235846835,400450.7929919242
1715212800000,252061.1387816842,246918.6012873036,2,397296.4950011731,10159.996235846835,10159.996235846835,397296.4950011731
1715227200000,248960.29084570045,246952.06534863234,2,400430.8069984856,10159.996235846835,10159.996235846835,400430.8069984856
1715241600000,246956.09389405648,241648.03185031007,1,176329.05098747773,5014.148769152968,5014.148769152968,176329.05098747773
1715256000000,247927.15720682882,241645.9824630902,1,175355.9382874855,5014.148769152968,5014.148769152968,175355.9382874855
1715270400000,246552.44244017312,241645.9824630902,1,176730.65305414118,5014.148769152968,5014.148769152968,176730.65305414118
1715284800000,244853.45060648053,241656.37378493944,1,178440.03620968302,5014.148769152968,5014.148769152968,178440.03620968302
1715299200000,241535.78505459623,241535.78505459623,0,0.0,0.0,0.0,0.0
1715313600000,241535.78505459623,241535.78505459623,0,0.0,0.0,0.0,0.0
1715328000000,241535.78505459623,241535.78505459623,0,0.0,0.0,0.0,0.0
1715342400000,241535.78505459623,241535.78505459623,0,0.0,0.0,0.0,0.0
1715356800000,241535.78505459623,241535.78505459623,0,0.0,0.0,0.0,0.0
1715371200000,241535.78505459623,241535.78505459623,0,0.0,0.0,0.0,0.0
1715385600000,240590.12683680837,241404.0706233309,1,264242.80631721014,4830.7157010919245,4830.7157010919245,264242.80631721014
1715400000000,239345.66700657678,241310.42263112316,2,492738.24229612306,9642.918724225347,9642.918724225347,492738.24229612306
1715414400000,238198.61035458485,241310.42263112316,2,493885.29894811497,9642.918724225347,9642.918724225347,493885.29894811497
1715428800000,242113.64135861248,241323.75084483653,2,489983.59615780076,9642.918724225347,9642.918724225347,489983.59615780076
1715443200000,240183.64507461674,241323.75084483653,2,491913.5924417965,9642.918724225347,9642.918724225347,491913.5924417965
1715457600000,240007.91706714584,241358.71725236945,2,492124.2868568003,9642.918724225347,9642.918724225347,492124.2868568003
1715472000000,244524.5676825209,241358.71725236945,2,487607.6362414253,9642.918724225347,9642.918724225347,487607.6362414253
1715486400000,242814.43382688658,241395.68228865755,2,489354.7351333477,9642.918724225347,9642.918724225347,489354.7351333477
1715500800000,244940.87334719006,241395.68228865755,2,487228.2956130442,9642.918724225347,9642.918724225347,487228.2956130442
1715515200000,240457.45883611767,241414.27415523367,2,491730.3019906927,9642.918724225347,9642.918724225347,491730.3019906927
1715529600000,238567.73959391317,241414.27415523367,2,493620.0212328972,9642.918724225347,9642.918724225347,493620.0212328972
1715544000000,237262.14071656356,236418.32745788206,1,226500.81088220762,4812.203023133422,4812.203023133422,226500.81088220762
1715558400000,236389.6285181878,236418.32745788206,1,227373.3230805834,4812.203023133422,4812.203023133422,227373.3230805834
1715572800000,240361.8311225984,236430.66700812563,1,223413.46002641632,4812.203023133422,4812.203023133422,223413.46002641632
1715587200000,237576.50372009107,236430.66700812563,1,226198.78742892368,4812.203023133422,4812.203023133422,226198.78742892368
1715601600000,235869.43062599987,235869.43062599987,0,0.0,0.0,0.0,0.0
1715616000000,235869.43062599987,235869.43062599987,0,0.0,0.0,0.0,0.0
1715630400000,235869.43062599987,235869.43062599987,0,0.0,0.0,0.0,0.0
1715644800000,235869.43062599987,235869.43062599987,0,0.0,0.0,0.0,0.0
1715659200000,235869.43062599987,235869.43062599987,0,0.0,0.0,0.0,0.0
1715673600000,235869.43062599987,235869.43062599987,0,0.0,0.0,0.0,0.0
1715688000000,235869.43062599987,235869.43062599987,0,0.0,0.0,0.0,0.0
1715702400000,235869.43062599987,235869.43062599987,0,0.0,0.0,0.0,0.0
1715716800000,236124.21028308346,235709.25033448395,1,319945.6230832381,4717.388612519998,4717.388612519998,319945.6230832381
1715731200000,240002.9091050286,235455.75087471542,3,822812.3443385735,14158.025651619042,14158.025651619042,822812.3443385735
1715745600000,238295.24321057912,235103.0209843852,3,824167.2803426927,14158.025651619042,14158.025651619042,824167.2803426927
1715760000000,236368.06401524774,235103.0209843852,3,826094.4595380242,14158.025651619042,14158.025651619042,826094.4595380242
1715774400000,239384.46131177305,234889.6922886745,3,822864.7335457882,14158.025651619042,14158.025651619042,822864.7335457882
1715788800000,220695.29592564455,220695.29592564455,0,0.0,0.0,0.0,0.0
1715803200000,220695.29592564455,220695.29592564455,0,0.0,0.0,0.0,0.0
1715817600000,220695.29592564455,220695.29592564455,0,0.0,0.0,0.0,0.0
1715832000000,220695.29592564455,220695.29592564455,0,0.0,0.0,0.0,0.0
1715846400000,220695.29592564455,220695.29592564455,0,0.0,0.0,0.0,0.0
1715860800000,220695.29592564455,220695.29592564455,0,0.0,0.0,0.0,0.0
1715875200000,220695.29592564455,220695.29592564455,0,0.0,0.0,0.0,0.0
1715889600000,220695.29592564455,220695.29592564455,0,0.0,0.0,0.0,0.0
1715904000000,220695.29592564455,220695.29592564455,0,0.0,0.0,0.0,0.0
1715918400000,220695.29592564455,220695.29592564455,0,0.0,0.0,0.0,0.0
1715932800000,220695.29592564455,220695.29592564455,0,0.0,0.0,0.0,0.0
1715947200000,220695.29592564455,220695.29592564455,0,0.0,0.0,0.0,0.0
1715961600000,220695.29592564455,220695.29592564455,0,0.0,0.0,0.0,0.0
1715976000000,220695.29592564455,220695.29592564455,0,0.0,0.0,0.0,0.0
1715990400000,220695.29592564455,220695.29592564455,0,0.0,0.0,0.0,0.0
1716004800000,220695.29592564455,220695.29592564455,0,0.0,0.0,0.0,0.0
1716019200000,220695.29592564455,220695.29592564455,0,0.0,0.0,0.0,0.0
1716033600000,220695.29592564455,220695.29592564455,0,0.0,0.0,0.0,0.0
1716048000000,220695.29592564455,220695.29592564455,0,0.0,0.0,0.0,0.0
1716062400000,220695.29592564455,220695.29592564455,0,0.0,0.0,0.0,0.0
1716076800000,220695.29592564455,220695.29592564455,0,0.0,0.0,0.0,0.0
1716091200000,220695.29592564455,220695.29592564455,0,0.0,0.0,0.0,0.0
1716105600000,220695.29592564455,220695.29592564455,0,0.0,0.0,0.0,0.0
1716120000000,220695.29592564455,220695.29592564455,0,0.0,0.0,0.0,0.0
1716134400000,220695.29592564455,220695.29592564455,0,0.0,0.0,0.0,0.0
1716148800000,220695.29592564455,220695.29592564455,0,0.0,0.0,0.0,0.0
1716163200000,220695.29592564455,220695.29592564455,0,0.0,0.0,0.0,0.0
1716177600000,220695.29592564455,220695.29592564455,0,0.0,0.0,0.0,0.0
1716192000000,220695.29592564455,220695.29592564455,0,0.0,0.0,0.0,0.0
1716206400000,220695.29592564455,220695.29592564455,0,0.0,0.0,0.0,0.0
1716220800000,220695.29592564455,220695.29592564455,0,0.0,0.0,0.0,0.0
1716235200000,220695.29592564455,220695.29592564455,0,0.0,0.0,0.0,0.0
1716249600000,220695.29592564455,220695.29592564455,0,0.0,0.0,0.0,0.0
1716264000000,220695.29592564455,220695.29592564455,0,0.0,0.0,0.0,0.0
1716278400000,220695.29592564455,220695.29592564455,0,0.0,0.0,0.0,0.0
1716292800000,220695.29592564455,220695.29592564455,0,0.0,0.0,0.0,0.0
1716307200000,220695.29592564455,220695.29592564455,0,0.0,0.0,0.0,0.0
1716321600000,220695.29592564455,220695.29592564455,0,0.0,0.0,0.0,0.0
1716336000000,220695.29592564455,220695.29592564455,0,0.0,0.0,0.0,0.0
1716350400000,220695.29592564455,220695.29592564455,0,0.0,0.0,0.0,0.0
1716364800000,220695.29592564455,220695.29592564455,0,0.0,0.0,0.0,0.0
1716379200000,220695.29592564455,220695.29592564455,0,0.0,0.0,0.0,0.0
1716393600000,220695.29592564455,220695.29592564455,0,0.0,0.0,0.0,0.0
1716408000000,220695.29592564455,220695.29592564455,0,0.0,0.0,0.0,0.0
1716422400000,220695.29592564455,220695.29592564455,0,0.0,0.0,0.0,0.0
1716436800000,220695.29592564455,220695.29592564455,0,0.0,0.0,0.0,0.0
1716451200000,220695.29592564455,220695.29592564455,0,0.0,0.0,0.0,0.0
1716465600000,220695.29592564455,220695.29592564455,0,0.0,0.0,0.0,0.0
1716480000000,220695.29592564455,220695.29592564455,0,0.0,0.0,0.0,0.0
1716494400000,220695.29592564455,220695.29592564455,0,0.0,0.0,0.0,0.0
1716508800000,220695.29592564455,220695.29592564455,0,0.0,0.0,0.0,0.0
1716523200000,220695.29592564455,220695.29592564455,0,0.0,0.0,0.0,0.0
1716537600000,220695.29592564455,220695.29592564455,0,0.0,0.0,0.0,0.0
1716552000000,220695.29592564455,220695.29592564455,0,0.0,0.0,0.0,0.0
1716566400000,220695.29592564455,220695.29592564455,0,0.0,0.0,0.0,0.0
1716580800000,220695.29592564455,220695.29592564455,0,0.0,0.0,0.0,0.0
1716595200000,220695.29592564455,220695.29592564455,0,0.0,0.0,0.0,0.0
1716609600000,220695.29592564455,220695.29592564455,0,0.0,0.0,0.0,0.0
1716624000000,220695.29592564455,220695.29592564455,0,0.0,0.0,0.0,0.0
1716638400000,220695.29592564455,220695.29592564455,0,0.0,0.0,0.0,0.0
1716652800000,220695.29592564455,220695.29592564455,0,0.0,0.0,0.0,0.0
1716667200000,220695.29592564455,220695.29592564455,0,0.0,0.0,0.0,0.0
1716681600000,220695.29592564455,220695.29592564455,0,0.0,0.0,0.0,0.0
1716696000000,220695.29592564455,220695.29592564455,0,0.0,0.0,0.0,0.0
1716710400000,220695.29592564455,220695.29592564455,0,0.0,0.0,0.0,0.0
1716724800000,220695.29592564455,220695.29592564455,0,0.0,0.0,0.0,0.0
1716739200000,220695.29592564455,220695.29592564455,0,0.0,0.0,0.0,0.0
1716753600000,220695.29592564455,220695.29592564455,0,0.0,0.0,0.0,0.0
1716768000000,220695.29592564455,220695.29592564455,0,0.0,0.0,0.0,0.0
1716782400000,220695.29592564455,220695.29592564455,0,0.0,0.0,0.0,0.0
1716796800000,220695.29592564455,220695.29592564455,0,0.0,0.0,0.0,0.0
1716811200000,220695.29592564455,220695.29592564455,0,0.0,0.0,0.0,0.0
1716825600000,220695.29592564455,220695.29592564455,0,0.0,0.0,0.0,0.0
1716840000000,220695.29592564455,220695.29592564455,0,0.0,0.0,0.0,0.0
1716854400000,220695.29592564455,220695.29592564455,0,0.0,0.0,0.0,0.0
1716868800000,220695.29592564455,220695.29592564455,0,0.0,0.0,0.0,0.0
1716883200000,220695.29592564455,220695.29592564455,0,0.0,0.0,0.0,0.0
1716897600000,218365.37494858,218365.37494858,0,0.0,0.0,0.0,0.0
1716912000000,218365.37494858,218365.37494858,0,0.0,0.0,0.0,0.0
1716926400000,218365.37494858,218365.37494858,0,0.0,0.0,0.0,0.0
1716940800000,218365.37494858,218365.37494858,0,0.0,0.0,0.0,0.0
1716955200000,218365.37494858,218365.37494858,0,0.0,0.0,0.0,0.0
1716969600000,218365.37494858,218365.37494858,0,0.0,0.0,0.0,0.0
1716984000000,218365.37494858,218365.37494858,0,0.0,0.0,0.0,0.0
1716998400000,218365.37494858,218365.37494858,0,0.0,0.0,0.0,0.0
1717012800000,218365.37494858,218365.37494858,0,0.0,0.0,0.0,0.0
1717027200000,218365.37494858,218365.37494858,0,0.0,0.0,0.0,0.0
1717041600000,218365.37494858,218365.37494858,0,0.0,0.0,0.0,0.0
1717056000000,218365.37494858,218365.37494858,0,0.0,0.0,0.0,0.0
1717070400000,217466.06600806135,218298.82277597644,1,133937.10197503184,2183.6537494858,2183.6537494858,133937.10197503184
1717084800000,216839.0755619009,218298.82277597644,1,134564.09242119227,2183.6537494858,2183.6537494858,134564.09242119227
1717099200000,216033.90794002792,216033.90794002792,0,0.0,0.0,0.0,0.0
1717113600000,216033.90794002792,216033.90794002792,0,0.0,0.0,0.0,0.0
1717128000000,216033.90794002792,216033.90794002792,0,0.0,0.0,0.0,0.0
1717142400000,216033.90794002792,216033.90794002792,0,0.0,0.0,0.0,0.0
1717156800000,216033.90794002792,216033.90794002792,0,0.0,0.0,0.0,0.0
1717171200000,216033.90794002792,216033.90794002792,0,0.0,0.0,0.0,0.0
1717185600000,216033.90794002792,216033.90794002792,0,0.0,0.0,0.0,0.0
1717200000000,216033.90794002792,216033.90794002792,0,0.0,0.0,0.0,0.0
1717214400000,215322.90531978666,215976.57681593188,1,115315.91968822693,2160.3390794002794,2160.3390794002794,115315.91968822693
1717228800000,214906.62057678102,215976.57681593188,1,115732.20443123255,2160.3390794002794,2160.3390794002794,115732.20443123255
1717243200000,214554.8907487829,215988.150036375,1,116095.5074796738,2160.3390794002794,2160.3390794002794,116095.5074796738
1717257600000,214400.99154076265,215988.150036375,1,116249.40668769405,2160.3390794002794,2160.3390794002794,116249.40668769405
1717272000000,214200.689703174,215999.77497704377,1,116461.33346595147,2160.3390794002794,2160.3390794002794,116461.33346595147
1717286400000,213757.64840429474,213757.64840429474,0,0.0,0.0,0.0,0.0
1717300800000,213757.64840429474,213757.64840429474,0,0.0,0.0,0.0,0.0
1717315200000,213757.64840429474,213757.64840429474,0,0.0,0.0,0.0,0.0
1717329600000,213757.64840429474,213757.64840429474,0,0.0,0.0,0.0,0.0
1717344000000,213757.64840429474,213757.64840429474,0,0.0,0.0,0.0,0.0
1717358400000,213757.64840429474,213757.64840429474,0,0.0,0.0,0.0,0.0
1717372800000,213757.64840429474,213757.64840429474,0,0.0,0.0,0.0,0.0
1717387200000,213757.64840429474,213757.64840429474,0,0.0,0.0,0.0,0.0
1717401600000,213757.64840429474,213757.64840429474,0,0.0,0.0,0.0,0.0
1717416000000,213757.64840429474,213757.64840429474,0,0.0,0.0,0.0,0.0
1717430400000,213757.64840429474,213757.64840429474,0,0.0,0.0,0.0,0.0
1717444800000,213757.64840429474,213757.64840429474,0,0.0,0.0,0.0,0.0
1717459200000,213757.64840429474,213757.64840429474,0,0.0,0.0,0.0,0.0
1717473600000,213757.64840429474,213757.64840429474,0,0.0,0.0,0.0,0.0
1717488000000,213757.64840429474,213757.64840429474,0,0.0,0.0,0.0,0.0
1717502400000,213757.64840429474,213757.64840429474,0,0.0,0.0,0.0,0.0
1717516800000,213757.64840429474,213757.64840429474,0,0.0,0.0,0.0,0.0
1717531200000,213757.64840429474,213757.64840429474,0,0.0,0.0,0.0,0.0
1717545600000,213757.64840429474,213757.64840429474,0,0.0,0.0,0.0,0.0
1717560000000,213757.64840429474,213757.64840429474,0,0.0,0.0,0.0,0.0
1717574400000,213757.64840429474,213757.64840429474,0,0.0,0.0,0.0,0.0
1717588800000,213757.64840429474,213757.64840429474,0,0.0,0.0,0.0,0.0
1717603200000,213757.64840429474,213757.64840429474,0,0.0,0.0,0.0,0.0
1717617600000,211770.26636879233,213669.06101897237,1,175275.9759945934,4275.152968085895,0.0,0.0
1717632000000,212367.7589781177,213669.06101897237,1,175873.46860391874,4275.152968085895,0.0,0.0
1717646400000,212621.82647696632,213640.58540256377,1,176156.01171917596,4275.152968085895,0.0,0.0
1717660800000,211388.35868347777,213640.58540256377,1,174922.5439256874,4275.152968085895,0.0,0.0
1717675200000,211869.40478450377,213605.15484129163,1,175439.02058798558,4275.152968085895,0.0,0.0
1717689600000,211720.53798184136,213605.15484129163,1,175290.15378532317,4275.152968085895,0.0,0.0
1717704000000,209172.60318621356,209172.60318621356,0,0.0,0.0,0.0,0.0
1717718400000,209172.60318621356,209172.60318621356,0,0.0,0.0,0.0,0.0
1717732800000,209172.60318621356,209172.60318621356,0,0.0,0.0,0.0,0.0
1717747200000,209172.60318621356,209172.60318621356,0,0.0,0.0,0.0,0.0
1717761600000,209172.60318621356,209172.60318621356,0,0.0,0.0,0.0,0.0
1717776000000,209172.60318621356,209172.60318621356,0,0.0,0.0,0.0,0.0
1717790400000,209172.60318621356,209172.60318621356,0,0.0,0.0,0.0,0.0
1717804800000,207842.76075757088,209083.7135595193,2,179020.20619046513,4182.747045002695,4182.747045002695,179020.20619046513
1717819200000,207406.72029720238,209101.61662260257,2,179474.14971391688,4182.747045002695,4182.747045002695,179474.14971391688
1717833600000,207481.3229721816,209101.61662260257,2,179399.54703893766,4182.747045002695,4182.747045002695,179399.54703893766
1717848000000,210370.0905926437,209119.55357486094,2,176528.71637073392,4182.747045002695,4182.747045002695,176528.71637073392
1717862400000,210046.63261166663,209119.55357486094,2,176852.174351711,4182.747045002695,4182.747045002695,176852.174351711
1717876800000,210209.54354544962,209137.23861863083,2,176706.9484616979,4182.747045002695,4182.747045002695,176706.9484616979
1717891200000,210390.0810429796,209137.23861863083,2,176526.4109641679,4182.747045002695,4182.747045002695,176526.4109641679
1717905600000,210466.3759122087,209154.89125972724,2,176467.76873603527,4182.747045002695,4182.747045002695,176467.76873603527
1717920000000,210246.0507860801,209154.89125972724,2,176688.09386216383,4182.747045002695,4182.747045002695,176688.09386216383
1717934400000,210005.18787654693,209172.55923652713,2,176946.6247484969,4182.747045002695,4182.747045002695,176946.6247484969
1717948800000,209430.93095209196,209172.55923652713,2,177520.88167295186,4182.747045002695,4182.747045002695,177520.88167295186
1717963200000,208479.48741486543,209190.31214998875,2,178490.07812364,4182.747045002695,4182.747045002695,178490.07812364
1717977600000,208785.04131151587,209190.31214998875,2,178184.52422698954,4182.747045002695,4182.747045002695,178184.52422698954
1717992000000,208697.51349304582,209208.13040794793,2,178289.87030341884,4182.747045002695,4182.747045002695,178289.87030341884
1718006400000,211546.46061697757,209208.13040794793,2,175440.92317948706,4182.747045002695,4182.747045002695,175440.92317948706
1718020800000,210093.70936514164,209225.67693261968,2,176911.22095599474,4182.747045002695,4182.747045002695,176911.22095599474
1718035200000,207818.12070872943,207209.59029149183,1,76459.51882324855,2091.0210131405593,2091.0210131405593,76459.51882324855
1718049600000,209151.65427026348,207217.23624337415,1,75133.63121359685,2091.0210131405593,2091.0210131405593,75133.63121359685
1718064000000,209016.46572967153,207217.23624337415,1,75268.8197541888,2091.0210131405593,2091.0210131405593,75268.8197541888
1718078400000,210863.22779088907,209290.27012440746,1,36961.06695376147,1045.5105065702796,1045.5105065702796,36961.06695376147
1718092800000,211151.80332946032,209290.27012440746,1,36672.49141519021,1045.5105065702796,1045.5105065702796,36672.49141519021
1718107200000,211113.8738445956,209293.937113571,1,36714.08788921851,1045.5105065702796,1045.5105065702796,36714.08788921851
1718121600000,212270.77577850738,209293.937113571,1,35557.18595530672,1045.5105065702796,1045.5105065702796,35557.18595530672
1718136000000,211975.3568400246,209297.49283216655,1,35856.160612385036,1045.5105065702796,1045.5105065702796,35856.160612385036
1718150400000,211951.95882338367,209297.49283216655,1,35879.55862902595,1045.5105065702796,1045.5105065702796,35879.55862902595
1718164800000,211760.56330723898,209301.08078802945,1,36074.542101033556,1045.5105065702796,1045.5105065702796,36074.542101033556
1718179200000,211445.94582280228,211445.94582280228,0,0.0,0.0,0.0,0.0
1718193600000,211445.94582280228,211445.94582280228,0,0.0,0.0,0.0,0.0
1718208000000,211445.94582280228,211445.94582280228,0,0.0,0.0,0.0,0.0
1718222400000,211445.94582280228,211445.94582280228,0,0.0,0.0,0.0,0.0
1718236800000,211445.94582280228,211445.94582280228,0,0.0,0.0,0.0,0.0
1718251200000,211445.94582280228,211445.94582280228,0,0.0,0.0,0.0,0.0
1718265600000,211445.94582280228,211445.94582280228,0,0.0,0.0,0.0,0.0
1718280000000,211445.94582280228,211445.94582280228,0,0.0,0.0,0.0,0.0
1718294400000,211445.94582280228,211445.94582280228,0,0.0,0.0,0.0,0.0
1718308800000,211445.94582280228,211445.94582280228,0,0.0,0.0,0.0,0.0
1718323200000,211445.94582280228,211445.94582280228,0,0.0,0.0,0.0,0.0
1718337600000,211445.94582280228,211445.94582280228,0,0.0,0.0,0.0,0.0
1718352000000,211445.94582280228,211445.94582280228,0,0.0,0.0,0.0,0.0
1718366400000,211445.94582280228,211445.94582280228,0,0.0,0.0,0.0,0.0
1718380800000,211445.94582280228,211445.94582280228,0,0.0,0.0,0.0,0.0
1718395200000,211445.94582280228,211445.94582280228,0,0.0,0.0,0.0,0.0
1718409600000,211445.94582280228,211445.94582280228,0,0.0,0.0,0.0,0.0
1718424000000,211445.94582280228,211445.94582280228,0,0.0,0.0,0.0,0.0
1718438400000,211445.94582280228,211445.94582280228,0,0.0,0.0,0.0,0.0
1718452800000,211445.94582280228,211445.94582280228,0,0.0,0.0,0.0,0.0
1718467200000,211445.94582280228,211445.94582280228,0,0.0,0.0,0.0,0.0
1718481600000,211445.94582280228,211445.94582280228,0,0.0,0.0,0.0,0.0
1718496000000,211445.94582280228,211445.94582280228,0,0.0,0.0,0.0,0.0
1718510400000,211445.94582280228,211445.94582280228,0,0.0,0.0,0.0,0.0
1718524800000,211445.94582280228,211445.94582280228,0,0.0,0.0,0.0,0.0
1718539200000,211445.94582280228,211445.94582280228,0,0.0,0.0,0.0,0.0
1718553600000,211445.94582280228,211445.94582280228,0,0.0,0.0,0.0,0.0
1718568000000,211445.94582280228,211445.94582280228,0,0.0,0.0,0.0,0.0
1718582400000,211445.94582280228,211445.94582280228,0,0.0,0.0,0.0,0.0
1718596800000,211445.94582280228,211445.94582280228,0,0.0,0.0,0.0,0.0
1718611200000,211445.94582280228,211445.94582280228,0,0.0,0.0,0.0,0.0
1718625600000,211445.94582280228,211445.94582280228,0,0.0,0.0,0.0,0.0
1718640000000,211445.94582280228,211445.94582280228,0,0.0,0.0,0.0,0.0
1718654400000,211445.94582280228,211445.94582280228,0,0.0,0.0,0.0,0.0
1718668800000,211445.94582280228,211445.94582280228,0,0.0,0.0,0.0,0.0
1718683200000,211445.94582280228,211445.94582280228,0,0.0,0.0,0.0,0.0
1718697600000,211445.94582280228,211445.94582280228,0,0.0,0.0,0.0,0.0
1718712000000,211445.94582280228,211445.94582280228,0,0.0,0.0,0.0,0.0
1718726400000,211445.94582280228,211445.94582280228,0,0.0,0.0,0.0,0.0
1718740800000,211445.94582280228,211445.94582280228,0,0.0,0.0,0.0,0.0
1718755200000,211445.94582280228,211445.94582280228,0,0.0,0.0,0.0,0.0
1718769600000,211445.94582280228,211445.94582280228,0,0.0,0.0,0.0,0.0
1718784000000,211445.94582280228,211445.94582280228,0,0.0,0.0,0.0,0.0
1718798400000,211445.94582280228,211445.94582280228,0,0.0,0.0,0.0,0.0
1718812800000,211445.94582280228,211445.94582280228,0,0.0,0.0,0.0,0.0
1718827200000,211445.94582280228,211445.94582280228,0,0.0,0.0,0.0,0.0
1718841600000,211445.94582280228,211445.94582280228,0,0.0,0.0,0.0,0.0
1718856000000,211445.94582280228,211445.94582280228,0,0.0,0.0,0.0,0.0
1718870400000,211445.94582280228,211445.94582280228,0,0.0,0.0,0.0,0.0
1718884800000,211445.94582280228,211445.94582280228,0,0.0,0.0,0.0,0.0
1718899200000,211445.94582280228,211445.94582280228,0,0.0,0.0,0.0,0.0
1718913600000,211445.94582280228,211445.94582280228,0,0.0,0.0,0.0,0.0
1718928000000,211445.94582280228,211445.94582280228,0,0.0,0.0,0.0,0.0
1718942400000,211445.94582280228,211445.94582280228,0,0.0,0.0,0.0,0.0
1718956800000,211445.94582280228,211445.94582280228,0,0.0,0.0,0.0,0.0
1718971200000,211445.94582280228,211445.94582280228,0,0.0,0.0,0.0,0.0
1718985600000,211445.94582280228,211445.94582280228,0,0.0,0.0,0.0,0.0
1719000000000,211445.94582280228,211445.94582280228,0,0.0,0.0,0.0,0.0
1719014400000,211445.94582280228,211445.94582280228,0,0.0,0.0,0.0,0.0
1719028800000,211445.94582280228,211445.94582280228,0,0.0,0.0,0.0,0.0
1719043200000,211445.94582280228,211445.94582280228,0,0.0,0.0,0.0,0.0
1719057600000,211445.94582280228,211445.94582280228,0,0.0,0.0,0.0,0.0
1719072000000,211445.94582280228,211445.94582280228,0,0.0,0.0,0.0,0.0
1719086400000,211445.94582280228,211445.94582280228,0,0.0,0.0,0.0,0.0
1719100800000,211445.94582280228,211445.94582280228,0,0.0,0.0,0.0,0.0
1719115200000,211445.94582280228,211445.94582280228,0,0.0,0.0,0.0,0.0
1719129600000,211445.94582280228,211445.94582280228,0,0.0,0.0,0.0,0.0
1719144000000,211445.94582280228,211445.94582280228,0,0.0,0.0,0.0,0.0
1719158400000,211445.94582280228,211445.94582280228,0,0.0,0.0,0.0,0.0
1719172800000,211445.94582280228,211445.94582280228,0,0.0,0.0,0.0,0.0
1719187200000,211445.94582280228,211445.94582280228,0,0.0,0.0,0.0,0.0
1719201600000,211445.94582280228,211445.94582280228,0,0.0,0.0,0.0,0.0
1719216000000,211445.94582280228,211445.94582280228,0,0.0,0.0,0.0,0.0
1719230400000,218959.9642616356,214981.94205709375,3,809151.1320516699,9650.5680989959,9650.5680989959,809151.1320516699
1719244800000,225276.09826287077,213814.02504664182,2,564078.7061581997,6336.627780070794,6336.627780070794,564078.7061581997
1719259200000,233820.27570299723,217939.66079833638,2,392429.2178164226,4225.543619149408,4225.543619149408,392429.2178164226
1719273600000,227006.18579612166,217939.66079833638,2,399243.3077232982,4225.543619149408,4225.543619149408,399243.3077232982
1719288000000,226505.04345253675,226505.04345253675,0,0.0,0.0,0.0,0.0
1719302400000,226505.04345253675,226505.04345253675,0,0.0,0.0,0.0,0.0
1719316800000,226505.04345253675,226505.04345253675,0,0.0,0.0,0.0,0.0
1719331200000,226505.04345253675,226505.04345253675,0,0.0,0.0,0.0,0.0
1719345600000,226505.04345253675,226505.04345253675,0,0.0,0.0,0.0,0.0
1719360000000,226505.04345253675,226505.04345253675,0,0.0,0.0,0.0,0.0
1719374400000,226505.04345253675,226505.04345253675,0,0.0,0.0,0.0,0.0
1719388800000,226505.04345253675,226505.04345253675,0,0.0,0.0,0.0,0.0
1719403200000,226505.04345253675,226505.04345253675,0,0.0,0.0,0.0,0.0
1719417600000,226505.04345253675,226505.04345253675,0,0.0,0.0,0.0,0.0
1719432000000,226505.04345253675,226505.04345253675,0,0.0,0.0,0.0,0.0
1719446400000,226505.04345253675,226505.04345253675,0,0.0,0.0,0.0,0.0
1719460800000,226505.04345253675,226505.04345253675,0,0.0,0.0,0.0,0.0
1719475200000,226505.04345253675,226505.04345253675,0,0.0,0.0,0.0,0.0
1719489600000,226505.04345253675,226505.04345253675,0,0.0,0.0,0.0,0.0
1719504000000,226505.04345253675,226505.04345253675,0,0.0,0.0,0.0,0.0
1719518400000,226505.04345253675,226505.04345253675,0,0.0,0.0,0.0,0.0
1719532800000,226505.04345253675,226505.04345253675,0,0.0,0.0,0.0,0.0
1719547200000,226505.04345253675,226505.04345253675,0,0.0,0.0,0.0,0.0
1719561600000,226505.04345253675,226505.04345253675,0,0.0,0.0,0.0,0.0
1719576000000,226505.04345253675,226505.04345253675,0,0.0,0.0,0.0,0.0
1719590400000,226505.04345253675,226505.04345253675,0,0.0,0.0,0.0,0.0
1719604800000,226505.04345253675,226505.04345253675,0,0.0,0.0,0.0,0.0
1719619200000,226505.04345253675,226505.04345253675,0,0.0,0.0,0.0,0.0
1719633600000,226505.04345253675,226505.04345253675,0,0.0,0.0,0.0,0.0
1719648000000,226505.04345253675,226505.04345253675,0,0.0,0.0,0.0,0.0
1719662400000,226505.04345253675,226505.04345253675,0,0.0,0.0,0.0,0.0
1719676800000,226505.04345253675,226505.04345253675,0,0.0,0.0,0.0,0.0
1719691200000,226505.04345253675,226505.04345253675,0,0.0,0.0,0.0,0.0
1719705600000,226505.04345253675,226505.04345253675,0,0.0,0.0,0.0,0.0
1719720000000,226505.04345253675,226505.04345253675,0,0.0,0.0,0.0,0.0
1719734400000,226505.04345253675,226505.04345253675,0,0.0,0.0,0.0,0.0
1719748800000,226505.04345253675,226505.04345253675,0,0.0,0.0,0.0,0.0
1719763200000,226505.04345253675,226505.04345253675,0,0.0,0.0,0.0,0.0
1719777600000,226505.04345253675,226505.04345253675,0,0.0,0.0,0.0,0.0
1719792000000,226505.04345253675,226505.04345253675,0,0.0,0.0,0.0,0.0
1719806400000,226505.04345253675,226505.04345253675,0,0.0,0.0,0.0,0.0
1719820800000,226505.04345253675,226505.04345253675,0,0.0,0.0,0.0,0.0
1719835200000,226505.04345253675,226505.04345253675,0,0.0,0.0,0.0,0.0
1719849600000,226505.04345253675,226505.04345253675,0,0.0,0.0,0.0,0.0
1719864000000,226505.04345253675,226505.04345253675,0,0.0,0.0,0.0,0.0
1719878400000,226505.04345253675,226505.04345253675,0,0.0,0.0,0.0,0.0
1719892800000,226505.04345253675,226505.04345253675,0,0.0,0.0,0.0,0.0
1719907200000,226505.04345253675,226505.04345253675,0,0.0,0.0,0.0,0.0
1719921600000,226505.04345253675,226505.04345253675,0,0.0,0.0,0.0,0.0
1719936000000,226505.04345253675,226505.04345253675,0,0.0,0.0,0.0,0.0
1719950400000,226505.04345253675,226505.04345253675,0,0.0,0.0,0.0,0.0
1719964800000,226505.04345253675,226505.04345253675,0,0.0,0.0,0.0,0.0
1719979200000,226505.04345253675,226505.04345253675,0,0.0,0.0,0.0,0.0
1719993600000,225776.61763055756,226388.80373587587,1,233091.61942705253,4530.100869050735,4530.100869050735,233091.61942705253
1720008000000,226512.23413744353,226390.89993200652,1,232358.0991162972,4530.100869050735,4530.100869050735,232358.0991162972
1720022400000,228842.09064699538,226272.7349956137,2,466239.95045601873,9060.096900846807,9060.096900846807,466239.95045601873
1720036800000,231380.48947043804,226293.90096405667,2,463722.7176010191,9060.096900846807,9060.096900846807,463722.7176010191
1720051200000,233734.77331659044,226131.15903717148,3,786689.5455983321,13687.33371382637,13687.33371382637,786689.5455983321
1720065600000,253169.07645055765,239628.73531705915,3,383606.23880537704,6843.666856913185,6843.666856913185,383606.23880537704
1720080000000,260784.90846452734,239628.73531705915,3,375990.4067914073,6843.666856913185,6843.666856913185,375990.4067914073
1720094400000,264994.9488088425,239648.00816847896,3,371799.63929851196,6843.666856913185,6843.666856913185,371799.63929851196
1720108800000,267472.465031725,239648.00816847896,3,369322.12307562947,6843.666856913185,6843.666856913185,369322.12307562947
1720123200000,272881.58688965376,239661.48435625187,3,363926.4774054736,6843.666856913185,6843.666856913185,363926.4774054736
1720137600000,284638.74864296115,239661.48435625187,3,352169.31565216626,6843.666856913185,6843.666856913185,352169.31565216626
1720152000000,319023.8720357198,239642.88468209395,3,317765.5925852497,6843.666856913185,6843.666856913185,317765.5925852497
1720166400000,318457.8229072646,239642.88468209395,3,318331.6417137049,6843.666856913185,6843.666856913185,318331.6417137049
1720180800000,308987.71397489496,279307.81912722817,1,133062.0320375085,2313.6184064897816,2313.6184064897816,133062.0320375085
1720195200000,307590.8878370496,307590.8878370496,0,0.0,0.0,0.0,0.0
1720209600000,307590.8878370496,307590.8878370496,0,0.0,0.0,0.0,0.0
1720224000000,307590.8878370496,307590.8878370496,0,0.0,0.0,0.0,0.0
1720238400000,307590.8878370496,307590.8878370496,0,0.0,0.0,0.0,0.0
1720252800000,307590.8878370496,307590.8878370496,0,0.0,0.0,0.0,0.0
1720267200000,307590.8878370496,307590.8878370496,0,0.0,0.0,0.0,0.0
1720281600000,307590.8878370496,307590.8878370496,0,0.0,0.0,0.0,0.0
1720296000000,307590.8878370496,307590.8878370496,0,0.0,0.0,0.0,0.0
1720310400000,307590.8878370496,307590.8878370496,0,0.0,0.0,0.0,0.0
1720324800000,307590.8878370496,307590.8878370496,0,0.0,0.0,0.0,0.0
1720339200000,307590.8878370496,307590.8878370496,0,0.0,0.0,0.0,0.0
1720353600000,307590.8878370496,307590.8878370496,0,0.0,0.0,0.0,0.0
1720368000000,307590.8878370496,307590.8878370496,0,0.0,0.0,0.0,0.0
1720382400000,307590.8878370496,307590.8878370496,0,0.0,0.0,0.0,0.0
1720396800000,307590.8878370496,307590.8878370496,0,0.0,0.0,0.0,0.0
1720411200000,307590.8878370496,307590.8878370496,0,0.0,0.0,0.0,0.0
1720425600000,307590.8878370496,307590.8878370496,0,0.0,0.0,0.0,0.0
1720440000000,307590.8878370496,307590.8878370496,0,0.0,0.0,0.0,0.0
1720454400000,307590.8878370496,307590.8878370496,0,0.0,0.0,0.0,0.0
1720468800000,307590.8878370496,307590.8878370496,0,0.0,0.0,0.0,0.0
1720483200000,307590.8878370496,307590.8878370496,0,0.0,0.0,0.0,0.0
1720497600000,307590.8878370496,307590.8878370496,0,0.0,0.0,0.0,0.0
1720512000000,307590.8878370496,307590.8878370496,0,0.0,0.0,0.0,0.0
1720526400000,307590.8878370496,307590.8878370496,0,0.0,0.0,0.0,0.0
1720540800000,307590.8878370496,307590.8878370496,0,0.0,0.0,0.0,0.0
1720555200000,307590.8878370496,307590.8878370496,0,0.0,0.0,0.0,0.0
1720569600000,307590.8878370496,307590.8878370496,0,0.0,0.0,0.0,0.0
1720584000000,307590.8878370496,307590.8878370496,0,0.0,0.0,0.0,0.0
1720598400000,307590.8878370496,307590.8878370496,0,0.0,0.0,0.0,0.0
1720612800000,307590.8878370496,307590.8878370496,0,0.0,0.0,0.0,0.0
1720627200000,307590.8878370496,307590.8878370496,0,0.0,0.0,0.0,0.0
1720641600000,307590.8878370496,307590.8878370496,0,0.0,0.0,0.0,0.0
1720656000000,307590.8878370496,307590.8878370496,0,0.0,0.0,0.0,0.0
1720670400000,307590.8878370496,307590.8878370496,0,0.0,0.0,0.0,0.0
1720684800000,307590.8878370496,307590.8878370496,0,0.0,0.0,0.0,0.0
1720699200000,307590.8878370496,307590.8878370496,0,0.0,0.0,0.0,0.0
1720713600000,307590.8878370496,307590.8878370496,0,0.0,0.0,0.0,0.0
1720728000000,307590.8878370496,307590.8878370496,0,0.0,0.0,0.0,0.0
1720742400000,307590.8878370496,307590.8878370496,0,0.0,0.0,0.0,0.0
1720756800000,307590.8878370496,307590.8878370496,0,0.0,0.0,0.0,0.0
1720771200000,307590.8878370496,307590.8878370496,0,0.0,0.0,0.0,0.0
1720785600000,307590.8878370496,307590.8878370496,0,0.0,0.0,0.0,0.0
1720800000000,307590.8878370496,307590.8878370496,0,0.0,0.0,0.0,0.0
1720814400000,307590.8878370496,307590.8878370496,0,0.0,0.0,0.0,0.0
1720828800000,307590.8878370496,307590.8878370496,0,0.0,0.0,0.0,0.0
1720843200000,307590.8878370496,307590.8878370496,0,0.0,0.0,0.0,0.0
1720857600000,307590.8878370496,307590.8878370496,0,0.0,0.0,0.0,0.0
1720872000000,307590.8878370496,307590.8878370496,0,0.0,0.0,0.0,0.0
1720886400000,307590.8878370496,307590.8878370496,0,0.0,0.0,0.0,0.0
1720900800000,307590.8878370496,307590.8878370496,0,0.0,0.0,0.0,0.0
1720915200000,307590.8878370496,307590.8878370496,0,0.0,0.0,0.0,0.0
1720929600000,307590.8878370496,307590.8878370496,0,0.0,0.0,0.0,0.0
1720944000000,307590.8878370496,307590.8878370496,0,0.0,0.0,0.0,0.0
1720958400000,307590.8878370496,307590.8878370496,0,0.0,0.0,0.0,0.0
1720972800000,307590.8878370496,307590.8878370496,0,0.0,0.0,0.0,0.0
1720987200000,307590.8878370496,307590.8878370496,0,0.0,0.0,0.0,0.0
1721001600000,307590.8878370496,307590.8878370496,0,0.0,0.0,0.0,0.0
1721016000000,307590.8878370496,307590.8878370496,0,0.0,0.0,0.0,0.0
1721030400000,307590.8878370496,307590.8878370496,0,0.0,0.0,0.0,0.0
1721044800000,307590.8878370496,307590.8878370496,0,0.0,0.0,0.0,0.0
1721059200000,307590.8878370496,307590.8878370496,0,0.0,0.0,0.0,0.0
1721073600000,307590.8878370496,307590.8878370496,0,0.0,0.0,0.0,0.0
1721088000000,307590.8878370496,307590.8878370496,0,0.0,0.0,0.0,0.0
1721102400000,307590.8878370496,307590.8878370496,0,0.0,0.0,0.0,0.0
1721116800000,307590.8878370496,307590.8878370496,0,0.0,0.0,0.0,0.0
1721131200000,307590.8878370496,307590.8878370496,0,0.0,0.0,0.0,0.0
1721145600000,307590.8878370496,307590.8878370496,0,0.0,0.0,0.0,0.0
1721160000000,307590.8878370496,307590.8878370496,0,0.0,0.0,0.0,0.0
1721174400000,307590.8878370496,307590.8878370496,0,0.0,0.0,0.0,0.0
1721188800000,307590.8878370496,307590.8878370496,0,0.0,0.0,0.0,0.0
1721203200000,307590.8878370496,307590.8878370496,0,0.0,0.0,0.0,0.0
1721217600000,307590.8878370496,307590.8878370496,0,0.0,0.0,0.0,0.0
1721232000000,307590.8878370496,307590.8878370496,0,0.0,0.0,0.0,0.0
1721246400000,307590.8878370496,307590.8878370496,0,0.0,0.0,0.0,0.0
1721260800000,307590.8878370496,307590.8878370496,0,0.0,0.0,0.0,0.0
1721275200000,307590.8878370496,307590.8878370496,0,0.0,0.0,0.0,0.0
1721289600000,307590.8878370496,307590.8878370496,0,0.0,0.0,0.0,0.0
1721304000000,307590.8878370496,307590.8878370496,0,0.0,0.0,0.0,0.0
1721318400000,307590.8878370496,307590.8878370496,0,0.0,0.0,0.0,0.0
1721332800000,307590.8878370496,307590.8878370496,0,0.0,0.0,0.0,0.0
1721347200000,307590.8878370496,307590.8878370496,0,0.0,0.0,0.0,0.0
1721361600000,307590.8878370496,307590.8878370496,0,0.0,0.0,0.0,0.0
1721376000000,307590.8878370496,307590.8878370496,0,0.0,0.0,0.0,0.0
1721390400000,307590.8878370496,307590.8878370496,0,0.0,0.0,0.0,0.0
1721404800000,307590.8878370496,307590.8878370496,0,0.0,0.0,0.0,0.0
1721419200000,307590.8878370496,307590.8878370496,0,0.0,0.0,0.0,0.0
1721433600000,307590.8878370496,307590.8878370496,0,0.0,0.0,0.0,0.0
1721448000000,307590.8878370496,307590.8878370496,0,0.0,0.0,0.0,0.0
1721462400000,307590.8878370496,307590.8878370496,0,0.0,0.0,0.0,0.0
1721476800000,307590.8878370496,307590.8878370496,0,0.0,0.0,0.0,0.0
1721491200000,307590.8878370496,307590.8878370496,0,0.0,0.0,0.0,0.0
1721505600000,307590.8878370496,307590.8878370496,0,0.0,0.0,0.0,0.0
1721520000000,307590.8878370496,307590.8878370496,0,0.0,0.0,0.0,0.0
1721534400000,307590.8878370496,307590.8878370496,0,0.0,0.0,0.0,0.0
1721548800000,307590.8878370496,307590.8878370496,0,0.0,0.0,0.0,0.0
1721563200000,307590.8878370496,307590.8878370496,0,0.0,0.0,0.0,0.0
1721577600000,307590.8878370496,307590.8878370496,0,0.0,0.0,0.0,0.0
1721592000000,307590.8878370496,307590.8878370496,0,0.0,0.0,0.0,0.0
1721606400000,307590.8878370496,307590.8878370496,0,0.0,0.0,0.0,0.0
1721620800000,307590.8878370496,307590.8878370496,0,0.0,0.0,0.0,0.0
1721635200000,307590.8878370496,307590.8878370496,0,0.0,0.0,0.0,0.0
1721649600000,307590.8878370496,307590.8878370496,0,0.0,0.0,0.0,0.0
1721664000000,307590.8878370496,307590.8878370496,0,0.0,0.0,0.0,0.0
1721678400000,307590.8878370496,307590.8878370496,0,0.0,0.0,0.0,0.0
1721692800000,307590.8878370496,307590.8878370496,0,0.0,0.0,0.0,0.0
1721707200000,307590.8878370496,307590.8878370496,0,0.0,0.0,0.0,0.0
1721721600000,307590.8878370496,307590.8878370496,0,0.0,0.0,0.0,0.0
1721736000000,307590.8878370496,307590.8878370496,0,0.0,0.0,0.0,0.0
1721750400000,307590.8878370496,307590.8878370496,0,0.0,0.0,0.0,0.0
1721764800000,307590.8878370496,307590.8878370496,0,0.0,0.0,0.0,0.0
1721779200000,307590.8878370496,307590.8878370496,0,0.0,0.0,0.0,0.0
1721793600000,307590.8878370496,307590.8878370496,0,0.0,0.0,0.0,0.0
1721808000000,307590.8878370496,307590.8878370496,0,0.0,0.0,0.0,0.0
1721822400000,307590.8878370496,307590.8878370496,0,0.0,0.0,0.0,0.0
1721836800000,307590.8878370496,307590.8878370496,0,0.0,0.0,0.0,0.0
1721851200000,307590.8878370496,307590.8878370496,0,0.0,0.0,0.0,0.0
1721865600000,307590.8878370496,307590.8878370496,0,0.0,0.0,0.0,0.0
1721880000000,307590.8878370496,307590.8878370496,0,0.0,0.0,0.0,0.0
1721894400000,307590.8878370496,307590.8878370496,0,0.0,0.0,0.0,0.0
1721908800000,307590.8878370496,307590.8878370496,0,0.0,0.0,0.0,0.0
1721923200000,307590.8878370496,307590.8878370496,0,0.0,0.0,0.0,0.0
1721937600000,307590.8878370496,307590.8878370496,0,0.0,0.0,0.0,0.0
1721952000000,307590.8878370496,307590.8878370496,0,0.0,0.0,0.0,0.0
1721966400000,307590.8878370496,307590.8878370496,0,0.0,0.0,0.0,0.0
1721980800000,307590.8878370496,307590.8878370496,0,0.0,0.0,0.0,0.0
1721995200000,307590.8878370496,307590.8878370496,0,0.0,0.0,0.0,0.0
1722009600000,307590.8878370496,307590.8878370496,0,0.0,0.0,0.0,0.0
1722024000000,307590.8878370496,307590.8878370496,0,0.0,0.0,0.0,0.0
1722038400000,307590.8878370496,307590.8878370496,0,0.0,0.0,0.0,0.0
1722052800000,307590.8878370496,307590.8878370496,0,0.0,0.0,0.0,0.0
1722067200000,307590.8878370496,307590.8878370496,0,0.0,0.0,0.0,0.0
1722081600000,307590.8878370496,307590.8878370496,0,0.0,0.0,0.0,0.0
1722096000000,307590.8878370496,307590.8878370496,0,0.0,0.0,0.0,0.0
1722110400000,307590.8878370496,307590.8878370496,0,0.0,0.0,0.0,0.0
1722124800000,307590.8878370496,307590.8878370496,0,0.0,0.0,0.0,0.0
1722139200000,307590.8878370496,307590.8878370496,0,0.0,0.0,0.0,0.0
1722153600000,307590.8878370496,307590.8878370496,0,0.0,0.0,0.0,0.0
1722168000000,307590.8878370496,307590.8878370496,0,0.0,0.0,0.0,0.0
1722182400000,307590.8878370496,307590.8878370496,0,0.0,0.0,0.0,0.0
1722196800000,307590.8878370496,307590.8878370496,0,0.0,0.0,0.0,0.0
1722211200000,307590.8878370496,307590.8878370496,0,0.0,0.0,0.0,0.0
1722225600000,307590.8878370496,307590.8878370496,0,0.0,0.0,0.0,0.0
1722240000000,307590.8878370496,307590.8878370496,0,0.0,0.0,0.0,0.0
1722254400000,307590.8878370496,307590.8878370496,0,0.0,0.0,0.0,0.0
1722268800000,307590.8878370496,307590.8878370496,0,0.0,0.0,0.0,0.0
1722283200000,307590.8878370496,307590.8878370496,0,0.0,0.0,0.0,0.0
1722297600000,307590.8878370496,307590.8878370496,0,0.0,0.0,0.0,0.0
1722312000000,307590.8878370496,307590.8878370496,0,0.0,0.0,0.0,0.0
1722326400000,307590.8878370496,307590.8878370496,0,0.0,0.0,0.0,0.0
1722340800000,307590.8878370496,307590.8878370496,0,0.0,0.0,0.0,0.0
1722355200000,307590.8878370496,307590.8878370496,0,0.0,0.0,0.0,0.0
1722369600000,307590.8878370496,307590.8878370496,0,0.0,0.0,0.0,0.0
1722384000000,307610.8532206842,307518.1626566511,1,145357.6702329741,3075.908878370496,3075.908878370496,145357.6702329741
1722398400000,306264.16544329247,307511.12588833773,1,146697.32124205248,3075.908878370496,3075.908878370496,146697.32124205248
1722412800000,305732.7336380382,307511.12588833773,1,147228.7530473067,3075.908878370496,3075.908878370496,147228.7530473067
1722427200000,307499.64700688195,307517.6714022768,1,145468.38519240206,3075.908878370496,3075.908878370496,145468.38519240206
1722441600000,308219.29424316366,307517.6714022768,1,144748.7379561203,3075.908878370496,3075.908878370496,144748.7379561203
1722456000000,310046.71783576044,307518.29816431215,1,142921.9411255589,3075.908878370496,3075.908878370496,142921.9411255589
1722470400000,310987.79499089817,307518.29816431215,1,141980.8639704212,3075.908878370496,3075.908878370496,141980.8639704212
1722484800000,311197.3881369545,307517.53288745537,1,141770.50554750807,3075.908878370496,3075.908878370496,141770.50554750807
1722499200000,311020.24420186976,307517.53288745537,1,141947.64948259282,3075.908878370496,3075.908878370496,141947.64948259282
1722513600000,308742.9187002879,307509.86405414675,1,144217.30615086606,3075.908878370496,3075.908878370496,144217.30615086606
1722528000000,314037.663493695,310537.011477526,1,69224.52838233458,1537.954439185248,1537.954439185248,69224.52838233458
1722542400000,314531.4844988866,310538.15091326315,1,68731.84681288013,1537.954439185248,1537.954439185248,68731.84681288013
1722556800000,312904.05212970386,312904.05212970386,0,0.0,0.0,0.0,0.0
1722571200000,312904.05212970386,312904.05212970386,0,0.0,0.0,0.0,0.0
1722585600000,312904.05212970386,312904.05212970386,0,0.0,0.0,0.0,0.0
1722600000000,312904.05212970386,312904.05212970386,0,0.0,0.0,0.0,0.0
1722614400000,312904.05212970386,312904.05212970386,0,0.0,0.0,0.0,0.0
1722628800000,312904.05212970386,312904.05212970386,0,0.0,0.0,0.0,0.0
1722643200000,312904.05212970386,312904.05212970386,0,0.0,0.0,0.0,0.0
1722657600000,312904.05212970386,312904.05212970386,0,0.0,0.0,0.0,0.0
1722672000000,312904.05212970386,312904.05212970386,0,0.0,0.0,0.0,0.0
1722686400000,312904.05212970386,312904.05212970386,0,0.0,0.0,0.0,0.0
1722700800000,312904.05212970386,312904.05212970386,0,0.0,0.0,0.0,0.0
1722715200000,312904.05212970386,312904.05212970386,0,0.0,0.0,0.0,0.0
1722729600000,312904.05212970386,312904.05212970386,0,0.0,0.0,0.0,0.0
1722744000000,312904.05212970386,312904.05212970386,0,0.0,0.0,0.0,0.0
1722758400000,312904.05212970386,312904.05212970386,0,0.0,0.0,0.0,0.0
1722772800000,312904.05212970386,312904.05212970386,0,0.0,0.0,0.0,0.0
1722787200000,312904.05212970386,312904.05212970386,0,0.0,0.0,0.0,0.0
1722801600000,312904.05212970386,312904.05212970386,0,0.0,0.0,0.0,0.0
1722816000000,312904.05212970386,312904.05212970386,0,0.0,0.0,0.0,0.0
1722830400000,312904.05212970386,312904.05212970386,0,0.0,0.0,0.0,0.0
1722844800000,312904.05212970386,312904.05212970386,0,0.0,0.0,0.0,0.0
1722859200000,312904.05212970386,312904.05212970386,0,0.0,0.0,0.0,0.0
1722873600000,312904.05212970386,312904.05212970386,0,0.0,0.0,0.0,0.0
1722888000000,312904.05212970386,312904.05212970386,0,0.0,0.0,0.0,0.0
1722902400000,312904.05212970386,312904.05212970386,0,0.0,0.0,0.0,0.0
1722916800000,312904.05212970386,312904.05212970386,0,0.0,0.0,0.0,0.0
1722931200000,312904.05212970386,312904.05212970386,0,0.0,0.0,0.0,0.0
1722945600000,312904.05212970386,312904.05212970386,0,0.0,0.0,0.0,0.0
1722960000000,312904.05212970386,312904.05212970386,0,0.0,0.0,0.0,0.0
1722974400000,312904.05212970386,312904.05212970386,0,0.0,0.0,0.0,0.0
1722988800000,312904.05212970386,312904.05212970386,0,0.0,0.0,0.0,0.0
1723003200000,312904.05212970386,312904.05212970386,0,0.0,0.0,0.0,0.0
1723017600000,312904.05212970386,312904.05212970386,0,0.0,0.0,0.0,0.0
1723032000000,312904.05212970386,312904.05212970386,0,0.0,0.0,0.0,0.0
1723046400000,312904.05212970386,312904.05212970386,0,0.0,0.0,0.0,0.0
1723060800000,312904.05212970386,312904.05212970386,0,0.0,0.0,0.0,0.0
1723075200000,312904.05212970386,312904.05212970386,0,0.0,0.0,0.0,0.0
1723089600000,312904.05212970386,312904.05212970386,0,0.0,0.0,0.0,0.0
1723104000000,312904.05212970386,312904.05212970386,0,0.0,0.0,0.0,0.0
1723118400000,312904.05212970386,312904.05212970386,0,0.0,0.0,0.0,0.0
1723132800000,312904.05212970386,312904.05212970386,0,0.0,0.0,0.0,0.0
1723147200000,312904.05212970386,312904.05212970386,0,0.0,0.0,0.0,0.0
1723161600000,312904.05212970386,312904.05212970386,0,0.0,0.0,0.0,0.0
1723176000000,312904.05212970386,312904.05212970386,0,0.0,0.0,0.0,0.0
1723190400000,312904.05212970386,312904.05212970386,0,0.0,0.0,0.0,0.0
1723204800000,312904.05212970386,312904.05212970386,0,0.0,0.0,0.0,0.0
1723219200000,312904.05212970386,312904.05212970386,0,0.0,0.0,0.0,0.0
1723233600000,312904.05212970386,312904.05212970386,0,0.0,0.0,0.0,0.0
1723248000000,312904.05212970386,312904.05212970386,0,0.0,0.0,0.0,0.0
1723262400000,312904.05212970386,312904.05212970386,0,0.0,0.0,0.0,0.0
1723276800000,312904.05212970386,312904.05212970386,0,0.0,0.0,0.0,0.0
1723291200000,312904.05212970386,312904.05212970386,0,0.0,0.0,0.0,0.0
1723305600000,312904.05212970386,312904.05212970386,0,0.0,0.0,0.0,0.0
1723320000000,312904.05212970386,312904.05212970386,0,0.0,0.0,0.0,0.0
1723334400000,312904.05212970386,312904.05212970386,0,0.0,0.0,0.0,0.0
1723348800000,312904.05212970386,312904.05212970386,0,0.0,0.0,0.0,0.0
1723363200000,312904.05212970386,312904.05212970386,0,0.0,0.0,0.0,0.0
1723377600000,312904.05212970386,312904.05212970386,0,0.0,0.0,0.0,0.0
1723392000000,312904.05212970386,312904.05212970386,0,0.0,0.0,0.0,0.0
1723406400000,312904.05212970386,312904.05212970386,0,0.0,0.0,0.0,0.0
1723420800000,312904.05212970386,312904.05212970386,0,0.0,0.0,0.0,0.0
1723435200000,312904.05212970386,312904.05212970386,0,0.0,0.0,0.0,0.0
1723449600000,312904.05212970386,312904.05212970386,0,0.0,0.0,0.0,0.0
1723464000000,312904.05212970386,312904.05212970386,0,0.0,0.0,0.0,0.0
1723478400000,312904.05212970386,312904.05212970386,0,0.0,0.0,0.0,0.0
1723492800000,312904.05212970386,312904.05212970386,0,0.0,0.0,0.0,0.0
1723507200000,312904.05212970386,312904.05212970386,0,0.0,0.0,0.0,0.0
1723521600000,312904.05212970386,312904.05212970386,0,0.0,0.0,0.0,0.0
1723536000000,312904.05212970386,312904.05212970386,0,0.0,0.0,0.0,0.0
1723550400000,312904.05212970386,312904.05212970386,0,0.0,0.0,0.0,0.0
1723564800000,312904.05212970386,312904.05212970386,0,0.0,0.0,0.0,0.0
1723579200000,312904.05212970386,312904.05212970386,0,0.0,0.0,0.0,0.0
1723593600000,312904.05212970386,312904.05212970386,0,0.0,0.0,0.0,0.0
1723608000000,312904.05212970386,312904.05212970386,0,0.0,0.0,0.0,0.0
1723622400000,312904.05212970386,312904.05212970386,0,0.0,0.0,0.0,0.0
1723636800000,312904.05212970386,312904.05212970386,0,0.0,0.0,0.0,0.0
1723651200000,312904.05212970386,312904.05212970386,0,0.0,0.0,0.0,0.0
1723665600000,312904.05212970386,312904.05212970386,0,0.0,0.0,0.0,0.0
1723680000000,312904.05212970386,312904.05212970386,0,0.0,0.0,0.0,0.0
1723694400000,312904.05212970386,312904.05212970386,0,0.0,0.0,0.0,0.0
1723708800000,312904.05212970386,312904.05212970386,0,0.0,0.0,0.0,0.0
1723723200000,312904.05212970386,312904.05212970386,0,0.0,0.0,0.0,0.0
1723737600000,312904.05212970386,312904.05212970386,0,0.0,0.0,0.0,0.0
1723752000000,312904.05212970386,312904.05212970386,0,0.0,0.0,0.0,0.0
1723766400000,308215.1010713497,312548.12746813934,3,716182.349525947,18753.862678561974,18753.862678561974,716182.349525947
1723780800000,308543.37590911955,312376.01853848575,3,715681.9657585236,18753.862678561974,18753.862678561974,715681.9657585236
1723795200000,293110.6605695398,293110.6605695398,0,0.0,0.0,0.0,0.0
1723809600000,293110.6605695398,293110.6605695398,0,0.0,0.0,0.0,0.0
1723824000000,293110.6605695398,293110.6605695398,0,0.0,0.0,0.0,0.0
1723838400000,293110.6605695398,293110.6605695398,0,0.0,0.0,0.0,0.0
1723852800000,293110.6605695398,293110.6605695398,0,0.0,0.0,0.0,0.0
1723867200000,293110.6605695398,293110.6605695398,0,0.0,0.0,0.0,0.0
1723881600000,293110.6605695398,293110.6605695398,0,0.0,0.0,0.0,0.0
1723896000000,293110.6605695398,293110.6605695398,0,0.0,0.0,0.0,0.0
1723910400000,293110.6605695398,293110.6605695398,0,0.0,0.0,0.0,0.0
1723924800000,293110.6605695398,293110.6605695398,0,0.0,0.0,0.0,0.0
1723939200000,293110.6605695398,293110.6605695398,0,0.0,0.0,0.0,0.0
1723953600000,293110.6605695398,293110.6605695398,0,0.0,0.0,0.0,0.0
1723968000000,293110.6605695398,293110.6605695398,0,0.0,0.0,0.0,0.0
1723982400000,293110.6605695398,293110.6605695398,0,0.0,0.0,0.0,0.0
1723996800000,293110.6605695398,293110.6605695398,0,0.0,0.0,0.0,0.0
1724011200000,293110.6605695398,293110.6605695398,0,0.0,0.0,0.0,0.0
1724025600000,293110.6605695398,293110.6605695398,0,0.0,0.0,0.0,0.0
1724040000000,293110.6605695398,293110.6605695398,0,0.0,0.0,0.0,0.0
1724054400000,293110.6605695398,293110.6605695398,0,0.0,0.0,0.0,0.0
1724068800000,293110.6605695398,293110.6605695398,0,0.0,0.0,0.0,0.0
1724083200000,293110.6605695398,293110.6605695398,0,0.0,0.0,0.0,0.0
1724097600000,293110.6605695398,293110.6605695398,0,0.0,0.0,0.0,0.0
1724112000000,293110.6605695398,293110.6605695398,0,0.0,0.0,0.0,0.0
1724126400000,293110.6605695398,293110.6605695398,0,0.0,0.0,0.0,0.0
1724140800000,293110.6605695398,293110.6605695398,0,0.0,0.0,0.0,0.0
1724155200000,293110.6605695398,293110.6605695398,0,0.0,0.0,0.0,0.0
1724169600000,293110.6605695398,293110.6605695398,0,0.0,0.0,0.0,0.0
1724184000000,288136.6588676499,292944.9332053016,1,336263.0028141263,5862.2132113907965,5862.2132113907965,336263.0028141263
1724198400000,286846.5644030351,286846.5644030351,0,0.0,0.0,0.0,0.0
1724212800000,286846.5644030351,286846.5644030351,0,0.0,0.0,0.0,0.0
1724227200000,286846.5644030351,286846.5644030351,0,0.0,0.0,0.0,0.0
1724241600000,286846.5644030351,286846.5644030351,0,0.0,0.0,0.0,0.0
1724256000000,286846.5644030351,286846.5644030351,0,0.0,0.0,0.0,0.0
1724270400000,286846.5644030351,286846.5644030351,0,0.0,0.0,0.0,0.0
1724284800000,286846.5644030351,286846.5644030351,0,0.0,0.0,0.0,0.0
1724299200000,286846.5644030351,286846.5644030351,0,0.0,0.0,0.0,0.0
1724313600000,286846.5644030351,286846.5644030351,0,0.0,0.0,0.0,0.0
1724328000000,286846.5644030351,286846.5644030351,0,0.0,0.0,0.0,0.0
1724342400000,286846.5644030351,286846.5644030351,0,0.0,0.0,0.0,0.0
1724356800000,286846.5644030351,286846.5644030351,0,0.0,0.0,0.0,0.0
1724371200000,286846.5644030351,286846.5644030351,0,0.0,0.0,0.0,0.0
1724385600000,286846.5644030351,286846.5644030351,0,0.0,0.0,0.0,0.0
1724400000000,286846.5644030351,286846.5644030351,0,0.0,0.0,0.0,0.0
1724414400000,286846.5644030351,286846.5644030351,0,0.0,0.0,0.0,0.0
1724428800000,286846.5644030351,286846.5644030351,0,0.0,0.0,0.0,0.0
1724443200000,286846.5644030351,286846.5644030351,0,0.0,0.0,0.0,0.0
1724457600000,286846.5644030351,286846.5644030351,0,0.0,0.0,0.0,0.0
1724472000000,286846.5644030351,286846.5644030351,0,0.0,0.0,0.0,0.0
1724486400000,286846.5644030351,286846.5644030351,0,0.0,0.0,0.0,0.0
1724500800000,286846.5644030351,286846.5644030351,0,0.0,0.0,0.0,0.0
1724515200000,286846.5644030351,286846.5644030351,0,0.0,0.0,0.0,0.0
1724529600000,286846.5644030351,286846.5644030351,0,0.0,0.0,0.0,0.0
1724544000000,286846.5644030351,286846.5644030351,0,0.0,0.0,0.0,0.0
1724558400000,286846.5644030351,286846.5644030351,0,0.0,0.0,0.0,0.0
1724572800000,286846.5644030351,286846.5644030351,0,0.0,0.0,0.0,0.0
1724587200000,286846.5644030351,286846.5644030351,0,0.0,0.0,0.0,0.0
1724601600000,286846.5644030351,286846.5644030351,0,0.0,0.0,0.0,0.0
1724616000000,286846.5644030351,286846.5644030351,0,0.0,0.0,0.0,0.0
1724630400000,286846.5644030351,286846.5644030351,0,0.0,0.0,0.0,0.0
1724644800000,286846.5644030351,286846.5644030351,0,0.0,0.0,0.0,0.0
1724659200000,286846.5644030351,286846.5644030351,0,0.0,0.0,0.0,0.0
1724673600000,286846.5644030351,286846.5644030351,0,0.0,0.0,0.0,0.0
1724688000000,286846.5644030351,286846.5644030351,0,0.0,0.0,0.0,0.0
1724702400000,286846.5644030351,286846.5644030351,0,0.0,0.0,0.0,0.0
1724716800000,286846.5644030351,286846.5644030351,0,0.0,0.0,0.0,0.0
1724731200000,286846.5644030351,286846.5644030351,0,0.0,0.0,0.0,0.0
1724745600000,286846.5644030351,286846.5644030351,0,0.0,0.0,0.0,0.0
1724760000000,286846.5644030351,286846.5644030351,0,0.0,0.0,0.0,0.0
1724774400000,290048.6095054229,286755.4220493137,1,178991.51998660152,2868.4656440303515,2868.4656440303515,178991.51998660152
1724788800000,289700.1260330885,286768.721377964,1,179353.30278758623,2868.4656440303515,2868.4656440303515,179353.30278758623
1724803200000,295446.0200827525,289575.38647295145,1,85271.7201115543,1434.2328220151758,1434.2328220151758,85271.7201115543
1724817600000,290892.31527125346,289278.17647012643,3,673548.4815854416,13246.993382282977,13246.993382282977,673548.4815854416
1724832000000,304978.0052749222,289278.17647012643,3,659462.791581773,13246.993382282977,13246.993382282977,659462.791581773
1724846400000,290069.43806987134,293731.7900669868,2,587682.6186623288,11812.760560267801,11812.760560267801,587682.6186623288
1724860800000,300413.5455481893,293731.7900669868,2,577338.5111840109,11812.760560267801,11812.760560267801,577338.5111840109
1724875200000,300705.7675869996,293742.0406621462,2,577056.5397403599,11812.760560267801,11812.760560267801,577056.5397403599
1724889600000,300390.37826222664,293742.0406621462,2,577371.9290651329,11812.760560267801,11812.760560267801,577371.9290651329
1724904000000,300817.0049913162,293734.6766978111,2,576937.9383717083,11812.760560267801,11812.760560267801,576937.9383717083
1724918400000,296117.50024772034,293734.6766978111,2,581637.4431153041,11812.760560267801,11812.760560267801,581637.4431153041
1724932800000,291908.9102543278,290004.60359793867,1,234118.11653457934,5903.944156002598,5903.944156002598,234118.11653457934
1724947200000,291188.1507971571,290004.60359793867,1,234838.8759917501,5903.944156002598,5903.944156002598,234838.8759917501
1724961600000,301056.6072841476,295807.24746018706,1,112761.85177152371,2951.972078001299,2951.972078001299,112761.85177152371
1724976000000,301241.6236626624,295807.24746018706,1,112576.8353930089,2951.972078001299,2951.972078001299,112576.8353930089
1724990400000,302243.57151331054,295802.86709552194,1,111570.50717769568,2951.972078001299,2951.972078001299,111570.50717769568
1725004800000,302062.5772299808,295802.86709552194,1,111751.50146102539,2951.972078001299,2951.972078001299,111751.50146102539
1725019200000,302350.0185132503,295806.348458723,1,111467.54154095698,2951.972078001299,2951.972078001299,111467.54154095698
1725033600000,306620.6791807945,295806.348458723,1,107196.88087341272,2951.972078001299,2951.972078001299,107196.88087341272
1725048000000,304488.50030074076,295800.2490935156,1,109322.96038825912,2951.972078001299,2951.972078001299,109322.96038825912
1725062400000,302865.1826840325,295800.2490935156,1,110946.2780049674,2951.972078001299,2951.972078001299,110946.2780049674
1725076800000,302624.17505691317,295793.32740616944,1,111180.3639447405,2951.972078001299,2951.972078001299,111180.3639447405
1725091200000,303159.1137165321,295793.32740616944,1,110645.42528512157,2951.972078001299,2951.972078001299,110645.42528512157
1725105600000,303652.01327880577,295798.7490320084,1,110157.94734868688,2951.972078001299,2951.972078001299,110157.94734868688
1725120000000,303950.45274154056,295798.7490320084,1,109859.5078859521,2951.972078001299,2951.972078001299,109859.5078859521
1725134400000,305274.95333508414,295800.7847286895,1,108537.04298908963,2951.972078001299,2951.972078001299,108537.04298908963
1725148800000,305001.45086249703,295800.7847286895,1,108810.54546167677,2951.972078001299,2951.972078001299,108810.54546167677
1725163200000,305997.88688609086,295799.7411463774,1,107813.0658557708,2951.972078001299,2951.972078001299,107813.0658557708
1725177600000,307032.3697676998,295799.7411463774,1,106778.58297416185,2951.972078001299,2951.972078001299,106778.58297416185
1725192000000,309734.1256111234,295607.54642042535,2,482655.26828718674,9092.547196814337,9092.547196814337,482655.26828718674
1725206400000,306628.1072498553,295607.54642042535,2,485761.28664845484,9092.547196814337,9092.547196814337,485761.28664845484
1725220800000,306039.0299754655,295584.1703645782,2,486326.9878669975,9092.547196814337,9092.547196814337,486326.9878669975
1725235200000,317316.4749252972,295584.1703645782,2,475049.5429171658,9092.547196814337,9092.547196814337,475049.5429171658
1725249600000,313972.1164533541,295579.5965266512,2,478389.3275511819,9092.547196814337,9092.547196814337,478389.3275511819
1725264000000,323679.25344081776,301591.88200101425,2,285309.15809688106,6022.259637407818,6022.259637407818,285309.15809688106
1725278400000,314082.02784529433,302073.1348532467,1,106002.31860343662,2951.972078001299,2951.972078001299,106002.31860343662
1725292800000,313547.0891856754,302073.1348532467,1,106537.25726305555,2951.972078001299,2951.972078001299,106537.25726305555
1725307200000,313106.78303346224,302067.21498102485,1,106971.64354304686,2951.972078001299,2951.972078001299,106971.64354304686
1725321600000,312222.57098050934,312222.57098050934,0,0.0,0.0,0.0,0.0
1725336000000,312222.57098050934,312222.57098050934,0,0.0,0.0,0.0,0.0
1725350400000,312222.57098050934,312222.57098050934,0,0.0,0.0,0.0,0.0
1725364800000,312222.57098050934,312222.57098050934,0,0.0,0.0,0.0,0.0
1725379200000,312222.57098050934,312222.57098050934,0,0.0,0.0,0.0,0.0
1725393600000,312222.57098050934,312222.57098050934,0,0.0,0.0,0.0,0.0
1725408000000,314763.06003241596,312054.54847881,1,333336.49184507225,6244.451419610187,6244.451419610187,333336.49184507225
1725422400000,319125.7604416434,318127.9218709088,1,167024.66312860447,3122.2257098050936,3122.2257098050936,167024.66312860447
1725436800000,318198.3586631864,318827.56116475275,1,373967.9058113574,6382.623214046829,6382.623214046829,373967.9058113574
1725451200000,319394.40407262894,318831.48785545677,1,372775.7870926188,6382.623214046829,6382.623214046829,372775.7870926188
1725465600000,312183.0217407106,312183.0217407106,0,0.0,0.0,0.0,0.0
1725480000000,312183.0217407106,312183.0217407106,0,0.0,0.0,0.0,0.0
1725494400000,312183.0217407106,312183.0217407106,0,0.0,0.0,0.0,0.0
1725508800000,312183.0217407106,312183.0217407106,0,0.0,0.0,0.0,0.0
1725523200000,312183.0217407106,312183.0217407106,0,0.0,0.0,0.0,0.0
1725537600000,312183.0217407106,312183.0217407106,0,0.0,0.0,0.0,0.0
1725552000000,312183.0217407106,312183.0217407106,0,0.0,0.0,0.0,0.0
1725566400000,312183.0217407106,312183.0217407106,0,0.0,0.0,0.0,0.0
1725580800000,312183.0217407106,312183.0217407106,0,0.0,0.0,0.0,0.0
1725595200000,312183.0217407106,312183.0217407106,0,0.0,0.0,0.0,0.0
1725609600000,312183.0217407106,312183.0217407106,0,0.0,0.0,0.0,0.0
1725624000000,312183.0217407106,312183.0217407106,0,0.0,0.0,0.0,0.0
1725638400000,312183.0217407106,312183.0217407106,0,0.0,0.0,0.0,0.0
1725652800000,312183.0217407106,312183.0217407106,0,0.0,0.0,0.0,0.0
1725667200000,312183.0217407106,312183.0217407106,0,0.0,0.0,0.0,0.0
1725681600000,312183.0217407106,312183.0217407106,0,0.0,0.0,0.0,0.0
1725696000000,312183.0217407106,312183.0217407106,0,0.0,0.0,0.0,0.0
1725710400000,312183.0217407106,312183.0217407106,0,0.0,0.0,0.0,0.0
1725724800000,312183.0217407106,312183.0217407106,0,0.0,0.0,0.0,0.0
1725739200000,312183.0217407106,312183.0217407106,0,0.0,0.0,0.0,0.0
1725753600000,312183.0217407106,312183.0217407106,0,0.0,0.0,0.0,0.0
1725768000000,312183.0217407106,312183.0217407106,0,0.0,0.0,0.0,0.0
1725782400000,312183.0217407106,312183.0217407106,0,0.0,0.0,0.0,0.0
1725796800000,312183.0217407106,312183.0217407106,0,0.0,0.0,0.0,0.0
1725811200000,312183.0217407106,312183.0217407106,0,0.0,0.0,0.0,0.0
1725825600000,312183.0217407106,312183.0217407106,0,0.0,0.0,0.0,0.0
1725840000000,312183.0217407106,312183.0217407106,0,0.0,0.0,0.0,0.0
1725854400000,312183.0217407106,312183.0217407106,0,0.0,0.0,0.0,0.0
1725868800000,312183.0217407106,312183.0217407106,0,0.0,0.0,0.0,0.0
1725883200000,312183.0217407106,312183.0217407106,0,0.0,0.0,0.0,0.0
1725897600000,312183.0217407106,312183.0217407106,0,0.0,0.0,0.0,0.0
1725912000000,312183.0217407106,312183.0217407106,0,0.0,0.0,0.0,0.0
1725926400000,312183.0217407106,312183.0217407106,0,0.0,0.0,0.0,0.0
1725940800000,312183.0217407106,312183.0217407106,0,0.0,0.0,0.0,0.0
1725955200000,312183.0217407106,312183.0217407106,0,0.0,0.0,0.0,0.0
1725969600000,312183.0217407106,312183.0217407106,0,0.0,0.0,0.0,0.0
1725984000000,312183.0217407106,312183.0217407106,0,0.0,0.0,0.0,0.0
1725998400000,312183.0217407106,312183.0217407106,0,0.0,0.0,0.0,0.0
1726012800000,312183.0217407106,312183.0217407106,0,0.0,0.0,0.0,0.0
1726027200000,312183.0217407106,312183.0217407106,0,0.0,0.0,0.0,0.0
1726041600000,312183.0217407106,312183.0217407106,0,0.0,0.0,0.0,0.0
1726056000000,312183.0217407106,312183.0217407106,0,0.0,0.0,0.0,0.0
1726070400000,312183.0217407106,312183.0217407106,0,0.0,0.0,0.0,0.0
1726084800000,312183.0217407106,312183.0217407106,0,0.0,0.0,0.0,0.0
1726099200000,312183.0217407106,312183.0217407106,0,0.0,0.0,0.0,0.0
1726113600000,312183.0217407106,312183.0217407106,0,0.0,0.0,0.0,0.0
1726128000000,312183.0217407106,312183.0217407106,0,0.0,0.0,0.0,0.0
1726142400000,312183.0217407106,312183.0217407106,0,0.0,0.0,0.0,0.0
1726156800000,312183.0217407106,312183.0217407106,0,0.0,0.0,0.0,0.0
1726171200000,312183.0217407106,312183.0217407106,0,0.0,0.0,0.0,0.0
1726185600000,312183.0217407106,312183.0217407106,0,0.0,0.0,0.0,0.0
1726200000000,312183.0217407106,312183.0217407106,0,0.0,0.0,0.0,0.0
1726214400000,312183.0217407106,312183.0217407106,0,0.0,0.0,0.0,0.0
1726228800000,312183.0217407106,312183.0217407106,0,0.0,0.0,0.0,0.0
1726243200000,312183.0217407106,312183.0217407106,0,0.0,0.0,0.0,0.0
1726257600000,312183.0217407106,312183.0217407106,0,0.0,0.0,0.0,0.0
1726272000000,312183.0217407106,312183.0217407106,0,0.0,0.0,0.0,0.0
1726286400000,312183.0217407106,312183.0217407106,0,0.0,0.0,0.0,0.0
1726300800000,312183.0217407106,312183.0217407106,0,0.0,0.0,0.0,0.0
1726315200000,312183.0217407106,312183.0217407106,0,0.0,0.0,0.0,0.0
1726329600000,312183.0217407106,312183.0217407106,0,0.0,0.0,0.0,0.0
1726344000000,312183.0217407106,312183.0217407106,0,0.0,0.0,0.0,0.0
1726358400000,312183.0217407106,312183.0217407106,0,0.0,0.0,0.0,0.0
1726372800000,312183.0217407106,312183.0217407106,0,0.0,0.0,0.0,0.0
1726387200000,312183.0217407106,312183.0217407106,0,0.0,0.0,0.0,0.0
1726401600000,312183.0217407106,312183.0217407106,0,0.0,0.0,0.0,0.0
1726416000000,312183.0217407106,312183.0217407106,0,0.0,0.0,0.0,0.0
1726430400000,312183.0217407106,312183.0217407106,0,0.0,0.0,0.0,0.0
1726444800000,314420.2073115749,312072.2541015495,1,219187.3251121591,3121.830217407106,3121.830217407106,219187.3251121591
1726459200000,318199.35674437287,315008.2884269767,2,299052.0755169661,4705.039569865455,4705.039569865455,299052.0755169661
1726473600000,316604.1466628566,315008.2884269767,2,300647.28559848235,4705.039569865455,4705.039569865455,300647.28559848235
1726488000000,316221.18753286113,314984.2311802612,2,301006.18748176226,4705.039569865455,4705.039569865455,301006.18748176226
1726502400000,317370.5485237962,314984.2311802612,2,299856.82649082725,4705.039569865455,4705.039569865455,299856.82649082725
1726516800000,317881.0323105079,314984.999233835,2,299347.11075768934,4705.039569865455,4705.039569865455,299347.11075768934
1726531200000,317557.0792646112,314984.999233835,2,299671.06380358606,4705.039569865455,4705.039569865455,299671.06380358606
1726545600000,317745.80075579125,315003.22624264006,2,299500.569321211,4705.039569865455,4705.039569865455,299500.569321211
1726560000000,315295.84627183113,315003.22624264006,2,301950.52380517113,4705.039569865455,4705.039569865455,301950.52380517113
1726574400000,314692.0140021956,312179.7535076971,1,108255.37866659372,1560.915108703553,1560.915108703553,108255.37866659372
1726588800000,312797.5854862275,312797.5854862275,0,0.0,0.0,0.0,0.0
1726603200000,312797.5854862275,312797.5854862275,0,0.0,0.0,0.0,0.0
1726617600000,312797.5854862275,312797.5854862275,0,0.0,0.0,0.0,0.0
1726632000000,312797.5854862275,312797.5854862275,0,0.0,0.0,0.0,0.0
1726646400000,312797.5854862275,312797.5854862275,0,0.0,0.0,0.0,0.0
1726660800000,312797.5854862275,312797.5854862275,0,0.0,0.0,0.0,0.0
1726675200000,312797.5854862275,312797.5854862275,0,0.0,0.0,0.0,0.0
1726689600000,312797.5854862275,312797.5854862275,0,0.0,0.0,0.0,0.0
1726704000000,312797.5854862275,312797.5854862275,0,0.0,0.0,0.0,0.0
1726718400000,312797.5854862275,312797.5854862275,0,0.0,0.0,0.0,0.0
1726732800000,312797.5854862275,312797.5854862275,0,0.0,0.0,0.0,0.0
1726747200000,312797.5854862275,312797.5854862275,0,0.0,0.0,0.0,0.0
1726761600000,312797.5854862275,312797.5854862275,0,0.0,0.0,0.0,0.0
1726776000000,312797.5854862275,312797.5854862275,0,0.0,0.0,0.0,0.0
1726790400000,312797.5854862275,312797.5854862275,0,0.0,0.0,0.0,0.0
1726804800000,312797.5854862275,312797.5854862275,0,0.0,0.0,0.0,0.0
1726819200000,312797.5854862275,312797.5854862275,0,0.0,0.0,0.0,0.0
1726833600000,312797.5854862275,312797.5854862275,0,0.0,0.0,0.0,0.0
1726848000000,312797.5854862275,312797.5854862275,0,0.0,0.0,0.0,0.0
1726862400000,312797.5854862275,312797.5854862275,0,0.0,0.0,0.0,0.0
1726876800000,312797.5854862275,312797.5854862275,0,0.0,0.0,0.0,0.0
1726891200000,312797.5854862275,312797.5854862275,0,0.0,0.0,0.0,0.0
1726905600000,312797.5854862275,312797.5854862275,0,0.0,0.0,0.0,0.0
1726920000000,312797.5854862275,312797.5854862275,0,0.0,0.0,0.0,0.0
1726934400000,312797.5854862275,312797.5854862275,0,0.0,0.0,0.0,0.0
1726948800000,312797.5854862275,312797.5854862275,0,0.0,0.0,0.0,0.0
1726963200000,312797.5854862275,312797.5854862275,0,0.0,0.0,0.0,0.0
1726977600000,312797.5854862275,312797.5854862275,0,0.0,0.0,0.0,0.0
1726992000000,312797.5854862275,312797.5854862275,0,0.0,0.0,0.0,0.0
1727006400000,312797.5854862275,312797.5854862275,0,0.0,0.0,0.0,0.0
1727020800000,312797.5854862275,312797.5854862275,0,0.0,0.0,0.0,0.0
1727035200000,312797.5854862275,312797.5854862275,0,0.0,0.0,0.0,0.0
1727049600000,312797.5854862275,312797.5854862275,0,0.0,0.0,0.0,0.0
1727064000000,312797.5854862275,312797.5854862275,0,0.0,0.0,0.0,0.0
1727078400000,312797.5854862275,312797.5854862275,0,0.0,0.0,0.0,0.0
1727092800000,312797.5854862275,312797.5854862275,0,0.0,0.0,0.0,0.0
1727107200000,312797.5854862275,312797.5854862275,0,0.0,0.0,0.0,0.0
1727121600000,312797.5854862275,312797.5854862275,0,0.0,0.0,0.0,0.0
1727136000000,312797.5854862275,312797.5854862275,0,0.0,0.0,0.0,0.0
1727150400000,312797.5854862275,312797.5854862275,0,0.0,0.0,0.0,0.0
1727164800000,312797.5854862275,312797.5854862275,0,0.0,0.0,0.0,0.0
1727179200000,312797.5854862275,312797.5854862275,0,0.0,0.0,0.0,0.0
1727193600000,312797.5854862275,312797.5854862275,0,0.0,0.0,0.0,0.0
1727208000000,312797.5854862275,312797.5854862275,0,0.0,0.0,0.0,0.0
1727222400000,312797.5854862275,312797.5854862275,0,0.0,0.0,0.0,0.0
1727236800000,312797.5854862275,312797.5854862275,0,0.0,0.0,0.0,0.0
1727251200000,309433.6079279491,312631.5379457176,1,328897.1510019864,6255.95170972455,0.0,0.0
1727265600000,309394.80849616695,312627.7851978104,1,328862.10431811144,6255.95170972455,0.0,0.0
1727280000000,307652.7821506164,312627.7851978104,1,327120.0779725609,6255.95170972455,0.0,0.0
1727294400000,307419.4604906874,307419.4604906874,0,0.0,0.0,0.0,0.0
1727308800000,307419.4604906874,307419.4604906874,0,0.0,0.0,0.0,0.0
1727323200000,307419.4604906874,307419.4604906874,0,0.0,0.0,0.0,0.0
1727337600000,307419.4604906874,307419.4604906874,0,0.0,0.0,0.0,0.0
1727352000000,307419.4604906874,307419.4604906874,0,0.0,0.0,0.0,0.0
1727366400000,307419.4604906874,307419.4604906874,0,0.0,0.0,0.0,0.0
1727380800000,307419.4604906874,307419.4604906874,0,0.0,0.0,0.0,0.0
1727395200000,307419.4604906874,307419.4604906874,0,0.0,0.0,0.0,0.0
1727409600000,307419.4604906874,307419.4604906874,0,0.0,0.0,0.0,0.0
1727424000000,307698.8940179056,307253.92099773715,1,331523.9589206354,6148.3892098137485,0.0,0.0
1727438400000,307521.07630191086,307231.63440373354,1,331368.4277986443,6148.3892098137485,0.0,0.0
1727452800000,310387.50981404656,307231.63440373354,1,334234.86131078,6148.3892098137485,0.0,0.0
1727467200000,308550.00876272697,307224.03046196396,1,332404.96420123,6148.3892098137485,0.0,0.0
1727481600000,309243.0594952476,307224.03046196396,1,333098.01493375056,6148.3892098137485,0.0,0.0
1727496000000,310701.168117367,307205.8599652493,1,334574.2940525847,6148.3892098137485,0.0,0.0
1727510400000,309429.5618756808,307205.8599652493,1,333302.68781089847,6148.3892098137485,0.0,0.0
1727524800000,309257.5103828601,307178.1940417037,1,333158.30224162334,6148.3892098137485,0.0,0.0
1727539200000,308407.4086802507,307178.1940417037,1,332308.20053901395,6148.3892098137485,0.0,0.0
1727553600000,308939.21610798896,307173.4950909775,1,332844.7069174784,6148.3892098137485,0.0,0.0
1727568000000,309562.3538280185,307173.4950909775,1,333467.8446375079,6148.3892098137485,0.0,0.0
1727582400000,309352.2234640333,307171.07730033546,1,333260.13206416473,6148.3892098137485,0.0,0.0
1727596800000,307605.91799985303,307171.07730033546,1,331513.82659998455,6148.3892098137485,0.0,0.0
1727611200000,308778.49542747036,307160.7062919619,1,332696.77503597544,6148.3892098137485,0.0,0.0
1727625600000,309029.77697961236,307160.7062919619,1,332948.05658811744,6148.3892098137485,0.0,0.0
1727640000000,310050.77713220695,307136.5575694176,1,333993.20546325634,6148.3892098137485,0.0,0.0
1727654400000,308236.07850363327,307136.5575694176,1,332178.50683468266,6148.3892098137485,0.0,0.0
1727668800000,307993.87134458945,307993.87134458945,0,0.0,0.0,0.0,0.0
1727683200000,307993.87134458945,307993.87134458945,0,0.0,0.0,0.0,0.0
1727697600000,307993.87134458945,307993.87134458945,0,0.0,0.0,0.0,0.0
1727712000000,307993.87134458945,307993.87134458945,0,0.0,0.0,0.0,0.0
1727726400000,307993.87134458945,307993.87134458945,0,0.0,0.0,0.0,0.0
1727740800000,307993.87134458945,307993.87134458945,0,0.0,0.0,0.0,0.0
1727755200000,307993.87134458945,307993.87134458945,0,0.0,0.0,0.0,0.0
1727769600000,307993.87134458945,307993.87134458945,0,0.0,0.0,0.0,0.0
1727784000000,307993.87134458945,307993.87134458945,0,0.0,0.0,0.0,0.0
1727798400000,307993.87134458945,307993.87134458945,0,0.0,0.0,0.0,0.0
1727812800000,307993.87134458945,307993.87134458945,0,0.0,0.0,0.0,0.0
1727827200000,307993.87134458945,307993.87134458945,0,0.0,0.0,0.0,0.0
1727841600000,307993.87134458945,307993.87134458945,0,0.0,0.0,0.0,0.0
1727856000000,307993.87134458945,307993.87134458945,0,0.0,0.0,0.0,0.0
1727870400000,307993.87134458945,307993.87134458945,0,0.0,0.0,0.0,0.0
1727884800000,307993.87134458945,307993.87134458945,0,0.0,0.0,0.0,0.0
1727899200000,307993.87134458945,307993.87134458945,0,0.0,0.0,0.0,0.0
1727913600000,307993.87134458945,307993.87134458945,0,0.0,0.0,0.0,0.0
1727928000000,307993.87134458945,307993.87134458945,0,0.0,0.0,0.0,0.0
1727942400000,307993.87134458945,307993.87134458945,0,0.0,0.0,0.0,0.0
1727956800000,307993.87134458945,307993.87134458945,0,0.0,0.0,0.0,0.0
1727971200000,307993.87134458945,307993.87134458945,0,0.0,0.0,0.0,0.0
1727985600000,307993.87134458945,307993.87134458945,0,0.0,0.0,0.0,0.0
1728000000000,307993.87134458945,307993.87134458945,0,0.0,0.0,0.0,0.0
1728014400000,307993.87134458945,307993.87134458945,0,0.0,0.0,0.0,0.0
1728028800000,307993.87134458945,307993.87134458945,0,0.0,0.0,0.0,0.0
1728043200000,307993.87134458945,307993.87134458945,0,0.0,0.0,0.0,0.0
1728057600000,307993.87134458945,307993.87134458945,0,0.0,0.0,0.0,0.0
1728072000000,307993.87134458945,307993.87134458945,0,0.0,0.0,0.0,0.0
1728086400000,307993.87134458945,307993.87134458945,0,0.0,0.0,0.0,0.0
1728100800000,307993.87134458945,307993.87134458945,0,0.0,0.0,0.0,0.0
1728115200000,307993.87134458945,307993.87134458945,0,0.0,0.0,0.0,0.0
1728129600000,307993.87134458945,307993.87134458945,0,0.0,0.0,0.0,0.0
1728144000000,307993.87134458945,307993.87134458945,0,0.0,0.0,0.0,0.0
1728158400000,307993.87134458945,307993.87134458945,0,0.0,0.0,0.0,0.0
1728172800000,307993.87134458945,307993.87134458945,0,0.0,0.0,0.0,0.0
1728187200000,307993.87134458945,307993.87134458945,0,0.0,0.0,0.0,0.0
1728201600000,307993.87134458945,307993.87134458945,0,0.0,0.0,0.0,0.0
1728216000000,307993.87134458945,307993.87134458945,0,0.0,0.0,0.0,0.0
1728230400000,307993.87134458945,307993.87134458945,0,0.0,0.0,0.0,0.0
1728244800000,307993.87134458945,307993.87134458945,0,0.0,0.0,0.0,0.0
1728259200000,307993.87134458945,307993.87134458945,0,0.0,0.0,0.0,0.0
1728273600000,307993.87134458945,307993.87134458945,0,0.0,0.0,0.0,0.0
1728288000000,307993.87134458945,307993.87134458945,0,0.0,0.0,0.0,0.0
1728302400000,307993.87134458945,307993.87134458945,0,0.0,0.0,0.0,0.0
1728316800000,307993.87134458945,307993.87134458945,0,0.0,0.0,0.0,0.0
1728331200000,307993.87134458945,307993.87134458945,0,0.0,0.0,0.0,0.0
1728345600000,307993.87134458945,307993.87134458945,0,0.0,0.0,0.0,0.0
1728360000000,307993.87134458945,307993.87134458945,0,0.0,0.0,0.0,0.0
1728374400000,307993.87134458945,307993.87134458945,0,0.0,0.0,0.0,0.0
1728388800000,307993.87134458945,307993.87134458945,0,0.0,0.0,0.0,0.0
1728403200000,307993.87134458945,307993.87134458945,0,0.0,0.0,0.0,0.0
1728417600000,307993.87134458945,307993.87134458945,0,0.0,0.0,0.0,0.0
1728432000000,307993.87134458945,307993.87134458945,0,0.0,0.0,0.0,0.0
1728446400000,307993.87134458945,307993.87134458945,0,0.0,0.0,0.0,0.0
1728460800000,307993.87134458945,307993.87134458945,0,0.0,0.0,0.0,0.0
1728475200000,307993.87134458945,307993.87134458945,0,0.0,0.0,0.0,0.0
1728489600000,307993.87134458945,307993.87134458945,0,0.0,0.0,0.0,0.0
1728504000000,307993.87134458945,307993.87134458945,0,0.0,0.0,0.0,0.0
1728518400000,307993.87134458945,307993.87134458945,0,0.0,0.0,0.0,0.0
1728532800000,307993.87134458945,307993.87134458945,0,0.0,0.0,0.0,0.0
1728547200000,307993.87134458945,307993.87134458945,0,0.0,0.0,0.0,0.0
1728561600000,307993.87134458945,307993.87134458945,0,0.0,0.0,0.0,0.0
1728576000000,307993.87134458945,307993.87134458945,0,0.0,0.0,0.0,0.0
1728590400000,307993.87134458945,307993.87134458945,0,0.0,0.0,0.0,0.0
1728604800000,307993.87134458945,307993.87134458945,0,0.0,0.0,0.0,0.0
1728619200000,307993.87134458945,307993.87134458945,0,0.0,0.0,0.0,0.0
1728633600000,307993.87134458945,307993.87134458945,0,0.0,0.0,0.0,0.0
1728648000000,307993.87134458945,307993.87134458945,0,0.0,0.0,0.0,0.0
1728662400000,307993.87134458945,307993.87134458945,0,0.0,0.0,0.0,0.0
1728676800000,307993.87134458945,307993.87134458945,0,0.0,0.0,0.0,0.0
1728691200000,307993.87134458945,307993.87134458945,0,0.0,0.0,0.0,0.0
1728705600000,307993.87134458945,307993.87134458945,0,0.0,0.0,0.0,0.0
1728720000000,307993.87134458945,307993.87134458945,0,0.0,0.0,0.0,0.0
1728734400000,307993.87134458945,307993.87134458945,0,0.0,0.0,0.0,0.0
1728748800000,307993.87134458945,307993.87134458945,0,0.0,0.0,0.0,0.0
1728763200000,307993.87134458945,307993.87134458945,0,0.0,0.0,0.0,0.0
1728777600000,307993.87134458945,307993.87134458945,0,0.0,0.0,0.0,0.0
1728792000000,307993.87134458945,307993.87134458945,0,0.0,0.0,0.0,0.0
1728806400000,307993.87134458945,307993.87134458945,0,0.0,0.0,0.0,0.0
1728820800000,307993.87134458945,307993.87134458945,0,0.0,0.0,0.0,0.0
1728835200000,307993.87134458945,307993.87134458945,0,0.0,0.0,0.0,0.0
1728849600000,307993.87134458945,307993.87134458945,0,0.0,0.0,0.0,0.0
1728864000000,307993.87134458945,307993.87134458945,0,0.0,0.0,0.0,0.0
1728878400000,307993.87134458945,307993.87134458945,0,0.0,0.0,0.0,0.0
1728892800000,307993.87134458945,307993.87134458945,0,0.0,0.0,0.0,0.0
1728907200000,307993.87134458945,307993.87134458945,0,0.0,0.0,0.0,0.0
1728921600000,307993.87134458945,307993.87134458945,0,0.0,0.0,0.0,0.0
1728936000000,307993.87134458945,307993.87134458945,0,0.0,0.0,0.0,0.0
1728950400000,307993.87134458945,307993.87134458945,0,0.0,0.0,0.0,0.0
1728964800000,307993.87134458945,307993.87134458945,0,0.0,0.0,0.0,0.0
1728979200000,307993.87134458945,307993.87134458945,0,0.0,0.0,0.0,0.0
1728993600000,307993.87134458945,307993.87134458945,0,0.0,0.0,0.0,0.0
1729008000000,307993.87134458945,307993.87134458945,0,0.0,0.0,0.0,0.0
1729022400000,307993.87134458945,307993.87134458945,0,0.0,0.0,0.0,0.0
1729036800000,307993.87134458945,307993.87134458945,0,0.0,0.0,0.0,0.0
1729051200000,307993.87134458945,307993.87134458945,0,0.0,0.0,0.0,0.0
1729065600000,307993.87134458945,307993.87134458945,0,0.0,0.0,0.0,0.0
1729080000000,307993.87134458945,307993.87134458945,0,0.0,0.0,0.0,0.0
1729094400000,307993.87134458945,307993.87134458945,0,0.0,0.0,0.0,0.0
1729108800000,307993.87134458945,307993.87134458945,0,0.0,0.0,0.0,0.0
1729123200000,307993.87134458945,307993.87134458945,0,0.0,0.0,0.0,0.0
1729137600000,307993.87134458945,307993.87134458945,0,0.0,0.0,0.0,0.0
1729152000000,307993.87134458945,307993.87134458945,0,0.0,0.0,0.0,0.0
1729166400000,307993.87134458945,307993.87134458945,0,0.0,0.0,0.0,0.0
1729180800000,307993.87134458945,307993.87134458945,0,0.0,0.0,0.0,0.0
1729195200000,307993.87134458945,307993.87134458945,0,0.0,0.0,0.0,0.0
1729209600000,307993.87134458945,307993.87134458945,0,0.0,0.0,0.0,0.0
1729224000000,307993.87134458945,307993.87134458945,0,0.0,0.0,0.0,0.0
1729238400000,307993.87134458945,307993.87134458945,0,0.0,0.0,0.0,0.0
1729252800000,307993.87134458945,307993.87134458945,0,0.0,0.0,0.0,0.0
1729267200000,307993.87134458945,307993.87134458945,0,0.0,0.0,0.0,0.0
1729281600000,307993.87134458945,307993.87134458945,0,0.0,0.0,0.0,0.0
1729296000000,307993.87134458945,307993.87134458945,0,0.0,0.0,0.0,0.0
1729310400000,307993.87134458945,307993.87134458945,0,0.0,0.0,0.0,0.0
1729324800000,307993.87134458945,307993.87134458945,0,0.0,0.0,0.0,0.0
1729339200000,307993.87134458945,307993.87134458945,0,0.0,0.0,0.0,0.0
1729353600000,307993.87134458945,307993.87134458945,0,0.0,0.0,0.0,0.0
1729368000000,307993.87134458945,307993.87134458945,0,0.0,0.0,0.0,0.0
1729382400000,307993.87134458945,307993.87134458945,0,0.0,0.0,0.0,0.0
1729396800000,307993.87134458945,307993.87134458945,0,0.0,0.0,0.0,0.0
1729411200000,307993.87134458945,307993.87134458945,0,0.0,0.0,0.0,0.0
1729425600000,307993.87134458945,307993.87134458945,0,0.0,0.0,0.0,0.0
1729440000000,309113.0302908939,307862.6141769426,1,263764.75140762376,6159.87742689179,0.0,0.0
1729454400000,309688.26967343315,307844.12311174383,1,264358.4818553618,6159.87742689179,0.0,0.0
1729468800000,321447.4310411337,307844.12311174383,1,276117.6432230624,6159.87742689179,0.0,0.0
1729483200000,324949.2203215635,307816.5147306197,1,279647.0408846163,6159.87742689179,0.0,0.0
1729497600000,323563.8492768414,307816.5147306197,1,278261.6698398942,6159.87742689179,0.0,0.0
1729512000000,319825.2114341789,307788.69218631997,1,274550.8545415315,6159.87742689179,0.0,0.0
1729526400000,317994.54255365336,307788.69218631997,1,272720.18566100585,6159.87742689179,0.0,0.0
1729540800000,321908.98211377923,307761.42127396277,1,276661.8961334889,6159.87742689179,0.0,0.0
1729555200000,319237.19509895804,307761.42127396277,1,273990.1091186677,6159.87742689179,0.0,0.0
1729569600000,319622.1010894475,307734.01445352304,1,274402.4219295969,6159.87742689179,0.0,0.0
1729584000000,320826.0544973608,307734.01445352304,1,275606.3753375102,6159.87742689179,0.0,0.0
1729598400000,322084.9119085945,307706.4558946577,1,276892.79130760924,6159.87742689179,0.0,0.0
1729612800000,321949.0491164726,307594.38696269447,2,500592.6587460445,9380.726545977734,3220.849119085945,223930.7626125556
1729627200000,322780.0453150603,307588.8151944841,2,501933.10242095264,9380.726545977734,3220.849119085945,224182.70046661064
1729641600000,321504.1506849286,307588.8151944841,2,500405.2699367659,9380.726545977734,3220.849119085945,224056.73153958312
1729656000000,318942.7752914193,307583.58779368224,2,496001.57768098847,9380.726545977734,3220.849119085945,223132.9594080481
1729670400000,321405.092682162,307583.58779368224,2,494264.9308374811,9380.726545977734,3220.849119085945,221033.47729092307
1729684800000,322479.3762451331,307578.3701532684,2,495428.411325551,9380.726545977734,3220.849119085945,221075.46693326556
1729699200000,326407.81908523093,307578.3701532684,2,497173.39276383887,9380.726545977734,3220.849119085945,219983.7362323606
1729713600000,336095.3592337674,310717.2944267176,2,394883.43223828916,7770.3019864347625,1610.4245595429725,109529.98205041279
1729728000000,331473.7117039177,312279.4420583279,1,281708.60493926227,6159.87742689179,0.0,0.0
1729742400000,336888.06994768913,312251.271197834,1,287151.13404352765,6159.87742689179,0.0,0.0
1729756800000,335882.0266890219,312251.271197834,1,286145.09078486037,6159.87742689179,0.0,0.0
1729771200000,336315.1990612568,312222.65322182816,1,286606.88113310107,6159.87742689179,0.0,0.0
1729785600000,338921.0160263293,312222.65322182816,1,289212.6980981736,6159.87742689179,0.0,0.0
1729800000000,342179.0520341801,312193.73150095146,1,292499.65582690114,6159.87742689179,0.0,0.0
1729814400000,341761.7914695197,312193.73150095146,1,292082.3952622408,6159.87742689179,0.0,0.0
1729828800000,337691.9174550269,312164.5230335647,1,288041.72971513466,6159.87742689179,0.0,0.0
1729843200000,333074.0139726199,312164.5230335647,1,283423.8262327277,6159.87742689179,0.0,0.0
1729857600000,335865.8895675011,312136.1790016902,1,286244.04585948336,6159.87742689179,0.0,0.0
1729872000000,333870.2955626038,312136.1790016902,1,284248.4518545861,6159.87742689179,0.0,0.0
1729886400000,326522.14376735495,312127.195240981,1,276909.28382004646,6159.87742689179,0.0,0.0
1729900800000,326328.3349596093,326328.3349596093,0,0.0,0.0,0.0,0.0
1729915200000,326328.3349596093,326328.3349596093,0,0.0,0.0,0.0,0.0
1729929600000,326328.3349596093,326328.3349596093,0,0.0,0.0,0.0,0.0
1729944000000,326328.3349596093,326328.3349596093,0,0.0,0.0,0.0,0.0
1729958400000,326328.3349596093,326328.3349596093,0,0.0,0.0,0.0,0.0
1729972800000,326328.3349596093,326328.3349596093,0,0.0,0.0,0.0,0.0
1729987200000,326328.3349596093,326328.3349596093,0,0.0,0.0,0.0,0.0
1730001600000,326328.3349596093,326328.3349596093,0,0.0,0.0,0.0,0.0
1730016000000,326328.3349596093,326328.3349596093,0,0.0,0.0,0.0,0.0
1730030400000,326328.3349596093,326328.3349596093,0,0.0,0.0,0.0,0.0
1730044800000,326328.3349596093,326328.3349596093,0,0.0,0.0,0.0,0.0
1730059200000,326328.3349596093,326328.3349596093,0,0.0,0.0,0.0,0.0
1730073600000,326328.3349596093,326328.3349596093,0,0.0,0.0,0.0,0.0
1730088000000,326328.3349596093,326328.3349596093,0,0.0,0.0,0.0,0.0
1730102400000,326328.3349596093,326328.3349596093,0,0.0,0.0,0.0,0.0
1730116800000,326328.3349596093,326328.3349596093,0,0.0,0.0,0.0,0.0
1730131200000,326328.3349596093,326328.3349596093,0,0.0,0.0,0.0,0.0
1730145600000,326328.3349596093,326328.3349596093,0,0.0,0.0,0.0,0.0
1730160000000,326328.3349596093,326328.3349596093,0,0.0,0.0,0.0,0.0
1730174400000,326328.3349596093,326328.3349596093,0,0.0,0.0,0.0,0.0
1730188800000,326328.3349596093,326328.3349596093,0,0.0,0.0,0.0,0.0
1730203200000,326328.3349596093,326328.3349596093,0,0.0,0.0,0.0,0.0
1730217600000,326328.3349596093,326328.3349596093,0,0.0,0.0,0.0,0.0
1730232000000,326328.3349596093,326328.3349596093,0,0.0,0.0,0.0,0.0
1730246400000,326328.3349596093,326328.3349596093,0,0.0,0.0,0.0,0.0
1730260800000,326328.3349596093,326328.3349596093,0,0.0,0.0,0.0,0.0
1730275200000,326328.3349596093,326328.3349596093,0,0.0,0.0,0.0,0.0
1730289600000,326328.3349596093,326328.3349596093,0,0.0,0.0,0.0,0.0
1730304000000,326328.3349596093,326328.3349596093,0,0.0,0.0,0.0,0.0
1730318400000,326328.3349596093,326328.3349596093,0,0.0,0.0,0.0,0.0
1730332800000,326328.3349596093,326328.3349596093,0,0.0,0.0,0.0,0.0
1730347200000,326328.3349596093,326328.3349596093,0,0.0,0.0,0.0,0.0
1730361600000,326328.3349596093,326328.3349596093,0,0.0,0.0,0.0,0.0
1730376000000,326328.3349596093,326328.3349596093,0,0.0,0.0,0.0,0.0
1730390400000,326328.3349596093,326328.3349596093,0,0.0,0.0,0.0,0.0
1730404800000,326328.3349596093,326328.3349596093,0,0.0,0.0,0.0,0.0
1730419200000,326328.3349596093,326328.3349596093,0,0.0,0.0,0.0,0.0
1730433600000,326328.3349596093,326328.3349596093,0,0.0,0.0,0.0,0.0
1730448000000,326328.3349596093,326328.3349596093,0,0.0,0.0,0.0,0.0
1730462400000,326328.3349596093,326328.3349596093,0,0.0,0.0,0.0,0.0
1730476800000,326328.3349596093,326328.3349596093,0,0.0,0.0,0.0,0.0
1730491200000,326328.3349596093,326328.3349596093,0,0.0,0.0,0.0,0.0
1730505600000,326328.3349596093,326328.3349596093,0,0.0,0.0,0.0,0.0
1730520000000,326328.3349596093,326328.3349596093,0,0.0,0.0,0.0,0.0
1730534400000,326328.3349596093,326328.3349596093,0,0.0,0.0,0.0,0.0
1730548800000,326328.3349596093,326328.3349596093,0,0.0,0.0,0.0,0.0
1730563200000,326328.3349596093,326328.3349596093,0,0.0,0.0,0.0,0.0
1730577600000,326328.3349596093,326328.3349596093,0,0.0,0.0,0.0,0.0
1730592000000,326328.3349596093,326328.3349596093,0,0.0,0.0,0.0,0.0
1730606400000,326328.3349596093,326328.3349596093,0,0.0,0.0,0.0,0.0
1730620800000,326328.3349596093,326328.3349596093,0,0.0,0.0,0.0,0.0
1730635200000,326328.3349596093,326328.3349596093,0,0.0,0.0,0.0,0.0
1730649600000,326328.3349596093,326328.3349596093,0,0.0,0.0,0.0,0.0
1730664000000,326328.3349596093,326328.3349596093,0,0.0,0.0,0.0,0.0
1730678400000,326328.3349596093,326328.3349596093,0,0.0,0.0,0.0,0.0
1730692800000,326328.3349596093,326328.3349596093,0,0.0,0.0,0.0,0.0
1730707200000,326328.3349596093,326328.3349596093,0,0.0,0.0,0.0,0.0
1730721600000,326328.3349596093,326328.3349596093,0,0.0,0.0,0.0,0.0
1730736000000,326328.3349596093,326328.3349596093,0,0.0,0.0,0.0,0.0
1730750400000,326328.3349596093,326328.3349596093,0,0.0,0.0,0.0,0.0
1730764800000,326328.3349596093,326328.3349596093,0,0.0,0.0,0.0,0.0
1730779200000,326328.3349596093,326328.3349596093,0,0.0,0.0,0.0,0.0
1730793600000,326328.3349596093,326328.3349596093,0,0.0,0.0,0.0,0.0
1730808000000,326328.3349596093,326328.3349596093,0,0.0,0.0,0.0,0.0
1730822400000,326328.3349596093,326328.3349596093,0,0.0,0.0,0.0,0.0
1730836800000,326328.3349596093,326328.3349596093,0,0.0,0.0,0.0,0.0
1730851200000,326328.3349596093,326328.3349596093,0,0.0,0.0,0.0,0.0
1730865600000,326328.3349596093,326328.3349596093,0,0.0,0.0,0.0,0.0
1730880000000,326328.3349596093,326328.3349596093,0,0.0,0.0,0.0,0.0
1730894400000,326328.3349596093,326328.3349596093,0,0.0,0.0,0.0,0.0
1730908800000,326328.3349596093,326328.3349596093,0,0.0,0.0,0.0,0.0
1730923200000,326328.3349596093,326328.3349596093,0,0.0,0.0,0.0,0.0
1730937600000,326328.3349596093,326328.3349596093,0,0.0,0.0,0.0,0.0
1730952000000,326328.3349596093,326328.3349596093,0,0.0,0.0,0.0,0.0
1730966400000,326328.3349596093,326328.3349596093,0,0.0,0.0,0.0,0.0
1730980800000,326328.3349596093,326328.3349596093,0,0.0,0.0,0.0,0.0
1730995200000,326328.3349596093,326328.3349596093,0,0.0,0.0,0.0,0.0
1731009600000,326328.3349596093,326328.3349596093,0,0.0,0.0,0.0,0.0
1731024000000,326328.3349596093,326328.3349596093,0,0.0,0.0,0.0,0.0
1731038400000,326328.3349596093,326328.3349596093,0,0.0,0.0,0.0,0.0
1731052800000,326328.3349596093,326328.3349596093,0,0.0,0.0,0.0,0.0
1731067200000,326328.3349596093,326328.3349596093,0,0.0,0.0,0.0,0.0
1731081600000,326328.3349596093,326328.3349596093,0,0.0,0.0,0.0,0.0
1731096000000,326328.3349596093,326328.3349596093,0,0.0,0.0,0.0,0.0
1731110400000,326328.3349596093,326328.3349596093,0,0.0,0.0,0.0,0.0
1731124800000,326328.3349596093,326328.3349596093,0,0.0,0.0,0.0,0.0
1731139200000,326328.3349596093,326328.3349596093,0,0.0,0.0,0.0,0.0
1731153600000,326328.3349596093,326328.3349596093,0,0.0,0.0,0.0,0.0
1731168000000,326328.3349596093,326328.3349596093,0,0.0,0.0,0.0,0.0
1731182400000,326328.3349596093,326328.3349596093,0,0.0,0.0,0.0,0.0
1731196800000,326328.3349596093,326328.3349596093,0,0.0,0.0,0.0,0.0
1731211200000,326328.3349596093,326328.3349596093,0,0.0,0.0,0.0,0.0
1731225600000,326328.3349596093,326328.3349596093,0,0.0,0.0,0.0,0.0
1731240000000,326328.3349596093,326328.3349596093,0,0.0,0.0,0.0,0.0
1731254400000,326328.3349596093,326328.3349596093,0,0.0,0.0,0.0,0.0
1731268800000,326328.3349596093,326328.3349596093,0,0.0,0.0,0.0,0.0
1731283200000,326328.3349596093,326328.3349596093,0,0.0,0.0,0.0,0.0
1731297600000,326328.3349596093,326328.3349596093,0,0.0,0.0,0.0,0.0
1731312000000,326328.3349596093,326328.3349596093,0,0.0,0.0,0.0,0.0
1731326400000,326328.3349596093,326328.3349596093,0,0.0,0.0,0.0,0.0
1731340800000,326328.3349596093,326328.3349596093,0,0.0,0.0,0.0,0.0
1731355200000,326328.3349596093,326328.3349596093,0,0.0,0.0,0.0,0.0
1731369600000,326328.3349596093,326328.3349596093,0,0.0,0.0,0.0,0.0
1731384000000,326328.3349596093,326328.3349596093,0,0.0,0.0,0.0,0.0
1731398400000,326328.3349596093,326328.3349596093,0,0.0,0.0,0.0,0.0
1731412800000,326328.3349596093,326328.3349596093,0,0.0,0.0,0.0,0.0
1731427200000,326328.3349596093,326328.3349596093,0,0.0,0.0,0.0,0.0
1731441600000,326328.3349596093,326328.3349596093,0,0.0,0.0,0.0,0.0
1731456000000,326328.3349596093,326328.3349596093,0,0.0,0.0,0.0,0.0
1731470400000,326328.3349596093,326328.3349596093,0,0.0,0.0,0.0,0.0
1731484800000,326328.3349596093,326328.3349596093,0,0.0,0.0,0.0,0.0
1731499200000,326328.3349596093,326328.3349596093,0,0.0,0.0,0.0,0.0
1731513600000,326328.3349596093,326328.3349596093,0,0.0,0.0,0.0,0.0
1731528000000,326328.3349596093,326328.3349596093,0,0.0,0.0,0.0,0.0
1731542400000,326328.3349596093,326328.3349596093,0,0.0,0.0,0.0,0.0
1731556800000,326328.3349596093,326328.3349596093,0,0.0,0.0,0.0,0.0
1731571200000,326328.3349596093,326328.3349596093,0,0.0,0.0,0.0,0.0
1731585600000,326328.3349596093,326328.3349596093,0,0.0,0.0,0.0,0.0
1731600000000,326328.3349596093,326328.3349596093,0,0.0,0.0,0.0,0.0
1731614400000,326328.3349596093,326328.3349596093,0,0.0,0.0,0.0,0.0
1731628800000,326328.3349596093,326328.3349596093,0,0.0,0.0,0.0,0.0
1731643200000,326328.3349596093,326328.3349596093,0,0.0,0.0,0.0,0.0
1731657600000,326328.3349596093,326328.3349596093,0,0.0,0.0,0.0,0.0
1731672000000,326328.3349596093,326328.3349596093,0,0.0,0.0,0.0,0.0
1731686400000,326328.3349596093,326328.3349596093,0,0.0,0.0,0.0,0.0
1731700800000,326328.3349596093,326328.3349596093,0,0.0,0.0,0.0,0.0
1731715200000,326328.3349596093,326328.3349596093,0,0.0,0.0,0.0,0.0
1731729600000,326328.3349596093,326328.3349596093,0,0.0,0.0,0.0,0.0
1731744000000,326328.3349596093,326328.3349596093,0,0.0,0.0,0.0,0.0
1731758400000,326328.3349596093,326328.3349596093,0,0.0,0.0,0.0,0.0
1731772800000,326328.3349596093,326328.3349596093,0,0.0,0.0,0.0,0.0
1731787200000,326328.3349596093,326328.3349596093,0,0.0,0.0,0.0,0.0
1731801600000,326328.3349596093,326328.3349596093,0,0.0,0.0,0.0,0.0
1731816000000,326328.3349596093,326328.3349596093,0,0.0,0.0,0.0,0.0
1731830400000,326328.3349596093,326328.3349596093,0,0.0,0.0,0.0,0.0
1731844800000,326328.3349596093,326328.3349596093,0,0.0,0.0,0.0,0.0
1731859200000,326328.3349596093,326328.3349596093,0,0.0,0.0,0.0,0.0
1731873600000,326328.3349596093,326328.3349596093,0,0.0,0.0,0.0,0.0
1731888000000,326328.3349596093,326328.3349596093,0,0.0,0.0,0.0,0.0
1731902400000,326328.3349596093,326328.3349596093,0,0.0,0.0,0.0,0.0
1731916800000,326328.3349596093,326328.3349596093,0,0.0,0.0,0.0,0.0
1731931200000,326328.3349596093,326328.3349596093,0,0.0,0.0,0.0,0.0
1731945600000,326328.3349596093,326328.3349596093,0,0.0,0.0,0.0,0.0
1731960000000,326328.3349596093,326328.3349596093,0,0.0,0.0,0.0,0.0
1731974400000,326328.3349596093,326328.3349596093,0,0.0,0.0,0.0,0.0
1731988800000,326328.3349596093,326328.3349596093,0,0.0,0.0,0.0,0.0
1732003200000,326328.3349596093,326328.3349596093,0,0.0,0.0,0.0,0.0
1732017600000,326328.3349596093,326328.3349596093,0,0.0,0.0,0.0,0.0
1732032000000,326328.3349596093,326328.3349596093,0,0.0,0.0,0.0,0.0
1732046400000,326328.3349596093,326328.3349596093,0,0.0,0.0,0.0,0.0
1732060800000,326328.3349596093,326328.3349596093,0,0.0,0.0,0.0,0.0
1732075200000,326328.3349596093,326328.3349596093,0,0.0,0.0,0.0,0.0
1732089600000,326328.3349596093,326328.3349596093,0,0.0,0.0,0.0,0.0
1732104000000,326328.3349596093,326328.3349596093,0,0.0,0.0,0.0,0.0
1732118400000,326328.3349596093,326328.3349596093,0,0.0,0.0,0.0,0.0
1732132800000,326328.3349596093,326328.3349596093,0,0.0,0.0,0.0,0.0
1732147200000,326328.3349596093,326328.3349596093,0,0.0,0.0,0.0,0.0
1732161600000,326328.3349596093,326328.3349596093,0,0.0,0.0,0.0,0.0
1732176000000,326328.3349596093,326328.3349596093,0,0.0,0.0,0.0,0.0
1732190400000,326328.3349596093,326328.3349596093,0,0.0,0.0,0.0,0.0
1732204800000,326328.3349596093,326328.3349596093,0,0.0,0.0,0.0,0.0
1732219200000,326328.3349596093,326328.3349596093,0,0.0,0.0,0.0,0.0
1732233600000,326328.3349596093,326328.3349596093,0,0.0,0.0,0.0,0.0
1732248000000,326328.3349596093,326328.3349596093,0,0.0,0.0,0.0,0.0
1732262400000,326328.3349596093,326328.3349596093,0,0.0,0.0,0.0,0.0
1732276800000,326328.3349596093,326328.3349596093,0,0.0,0.0,0.0,0.0
1732291200000,326328.3349596093,326328.3349596093,0,0.0,0.0,0.0,0.0
1732305600000,326328.3349596093,326328.3349596093,0,0.0,0.0,0.0,0.0
1732320000000,326328.3349596093,326328.3349596093,0,0.0,0.0,0.0,0.0
1732334400000,326328.3349596093,326328.3349596093,0,0.0,0.0,0.0,0.0
1732348800000,326328.3349596093,326328.3349596093,0,0.0,0.0,0.0,0.0
1732363200000,326328.3349596093,326328.3349596093,0,0.0,0.0,0.0,0.0
1732377600000,326328.3349596093,326328.3349596093,0,0.0,0.0,0.0,0.0
1732392000000,326328.3349596093,326328.3349596093,0,0.0,0.0,0.0,0.0
1732406400000,326328.3349596093,326328.3349596093,0,0.0,0.0,0.0,0.0
1732420800000,326328.3349596093,326328.3349596093,0,0.0,0.0,0.0,0.0
1732435200000,326328.3349596093,326328.3349596093,0,0.0,0.0,0.0,0.0
1732449600000,326328.3349596093,326328.3349596093,0,0.0,0.0,0.0,0.0
1732464000000,326328.3349596093,326328.3349596093,0,0.0,0.0,0.0,0.0
1732478400000,326328.3349596093,326328.3349596093,0,0.0,0.0,0.0,0.0
1732492800000,326328.3349596093,326328.3349596093,0,0.0,0.0,0.0,0.0
1732507200000,326328.3349596093,326328.3349596093,0,0.0,0.0,0.0,0.0
1732521600000,326328.3349596093,326328.3349596093,0,0.0,0.0,0.0,0.0
1732536000000,326328.3349596093,326328.3349596093,0,0.0,0.0,0.0,0.0
1732550400000,326328.3349596093,326328.3349596093,0,0.0,0.0,0.0,0.0
1732564800000,326328.3349596093,326328.3349596093,0,0.0,0.0,0.0,0.0
1732579200000,326328.3349596093,326328.3349596093,0,0.0,0.0,0.0,0.0
1732593600000,326328.3349596093,326328.3349596093,0,0.0,0.0,0.0,0.0
1732608000000,326328.3349596093,326328.3349596093,0,0.0,0.0,0.0,0.0
1732622400000,326328.3349596093,326328.3349596093,0,0.0,0.0,0.0,0.0
1732636800000,326328.3349596093,326328.3349596093,0,0.0,0.0,0.0,0.0
1732651200000,326328.3349596093,326328.3349596093,0,0.0,0.0,0.0,0.0
1732665600000,326328.3349596093,326328.3349596093,0,0.0,0.0,0.0,0.0
1732680000000,326328.3349596093,326328.3349596093,0,0.0,0.0,0.0,0.0
1732694400000,326328.3349596093,326328.3349596093,0,0.0,0.0,0.0,0.0
1732708800000,326328.3349596093,326328.3349596093,0,0.0,0.0,0.0,0.0
1732723200000,326328.3349596093,326328.3349596093,0,0.0,0.0,0.0,0.0
1732737600000,326328.3349596093,326328.3349596093,0,0.0,0.0,0.0,0.0
1732752000000,326328.3349596093,326328.3349596093,0,0.0,0.0,0.0,0.0
1732766400000,326328.3349596093,326328.3349596093,0,0.0,0.0,0.0,0.0
1732780800000,326328.3349596093,326328.3349596093,0,0.0,0.0,0.0,0.0
1732795200000,326328.3349596093,326328.3349596093,0,0.0,0.0,0.0,0.0
1732809600000,326328.3349596093,326328.3349596093,0,0.0,0.0,0.0,0.0
1732824000000,326328.3349596093,326328.3349596093,0,0.0,0.0,0.0,0.0
1732838400000,326328.3349596093,326328.3349596093,0,0.0,0.0,0.0,0.0
1732852800000,326328.3349596093,326328.3349596093,0,0.0,0.0,0.0,0.0
1732867200000,326328.3349596093,326328.3349596093,0,0.0,0.0,0.0,0.0
1732881600000,326328.3349596093,326328.3349596093,0,0.0,0.0,0.0,0.0
1732896000000,326328.3349596093,326328.3349596093,0,0.0,0.0,0.0,0.0
1732910400000,326328.3349596093,326328.3349596093,0,0.0,0.0,0.0,0.0
1732924800000,326328.3349596093,326328.3349596093,0,0.0,0.0,0.0,0.0
1732939200000,326328.3349596093,326328.3349596093,0,0.0,0.0,0.0,0.0
1732953600000,326328.3349596093,326328.3349596093,0,0.0,0.0,0.0,0.0
1732968000000,326328.3349596093,326328.3349596093,0,0.0,0.0,0.0,0.0
1732982400000,326328.3349596093,326328.3349596093,0,0.0,0.0,0.0,0.0
1732996800000,326328.3349596093,326328.3349596093,0,0.0,0.0,0.0,0.0
1733011200000,326328.3349596093,326328.3349596093,0,0.0,0.0,0.0,0.0
1733025600000,326328.3349596093,326328.3349596093,0,0.0,0.0,0.0,0.0
1733040000000,326328.3349596093,326328.3349596093,0,0.0,0.0,0.0,0.0
1733054400000,326328.3349596093,326328.3349596093,0,0.0,0.0,0.0,0.0
1733068800000,326328.3349596093,326328.3349596093,0,0.0,0.0,0.0,0.0
1733083200000,326328.3349596093,326328.3349596093,0,0.0,0.0,0.0,0.0
1733097600000,326328.3349596093,326328.3349596093,0,0.0,0.0,0.0,0.0
1733112000000,326328.3349596093,326328.3349596093,0,0.0,0.0,0.0,0.0
1733126400000,326328.3349596093,326328.3349596093,0,0.0,0.0,0.0,0.0
1733140800000,326328.3349596093,326328.3349596093,0,0.0,0.0,0.0,0.0
1733155200000,326328.3349596093,326328.3349596093,0,0.0,0.0,0.0,0.0
1733169600000,326328.3349596093,326328.3349596093,0,0.0,0.0,0.0,0.0
1733184000000,326328.3349596093,326328.3349596093,0,0.0,0.0,0.0,0.0
1733198400000,326328.3349596093,326328.3349596093,0,0.0,0.0,0.0,0.0
1733212800000,326328.3349596093,326328.3349596093,0,0.0,0.0,0.0,0.0
1733227200000,326328.3349596093,326328.3349596093,0,0.0,0.0,0.0,0.0
1733241600000,326328.3349596093,326328.3349596093,0,0.0,0.0,0.0,0.0
1733256000000,326328.3349596093,326328.3349596093,0,0.0,0.0,0.0,0.0
1733270400000,326328.3349596093,326328.3349596093,0,0.0,0.0,0.0,0.0
1733284800000,326328.3349596093,326328.3349596093,0,0.0,0.0,0.0,0.0
1733299200000,326328.3349596093,326328.3349596093,0,0.0,0.0,0.0,0.0
1733313600000,326328.3349596093,326328.3349596093,0,0.0,0.0,0.0,0.0
1733328000000,326328.3349596093,326328.3349596093,0,0.0,0.0,0.0,0.0
1733342400000,326328.3349596093,326328.3349596093,0,0.0,0.0,0.0,0.0
1733356800000,326328.3349596093,326328.3349596093,0,0.0,0.0,0.0,0.0
1733371200000,326328.3349596093,326328.3349596093,0,0.0,0.0,0.0,0.0
1733385600000,326328.3349596093,326328.3349596093,0,0.0,0.0,0.0,0.0
1733400000000,326328.3349596093,326328.3349596093,0,0.0,0.0,0.0,0.0
1733414400000,326328.3349596093,326328.3349596093,0,0.0,0.0,0.0,0.0
1733428800000,326328.3349596093,326328.3349596093,0,0.0,0.0,0.0,0.0
1733443200000,326328.3349596093,326328.3349596093,0,0.0,0.0,0.0,0.0
1733457600000,326328.3349596093,326328.3349596093,0,0.0,0.0,0.0,0.0
1733472000000,326328.3349596093,326328.3349596093,0,0.0,0.0,0.0,0.0
1733486400000,326328.3349596093,326328.3349596093,0,0.0,0.0,0.0,0.0
1733500800000,326328.3349596093,326328.3349596093,0,0.0,0.0,0.0,0.0
1733515200000,326328.3349596093,326328.3349596093,0,0.0,0.0,0.0,0.0
1733529600000,326328.3349596093,326328.3349596093,0,0.0,0.0,0.0,0.0
1733544000000,326328.3349596093,326328.3349596093,0,0.0,0.0,0.0,0.0
1733558400000,326328.3349596093,326328.3349596093,0,0.0,0.0,0.0,0.0
1733572800000,326328.3349596093,326328.3349596093,0,0.0,0.0,0.0,0.0
1733587200000,326328.3349596093,326328.3349596093,0,0.0,0.0,0.0,0.0
1733601600000,326328.3349596093,326328.3349596093,0,0.0,0.0,0.0,0.0
1733616000000,326328.3349596093,326328.3349596093,0,0.0,0.0,0.0,0.0
1733630400000,326328.3349596093,326328.3349596093,0,0.0,0.0,0.0,0.0
1733644800000,326328.3349596093,326328.3349596093,0,0.0,0.0,0.0,0.0
1733659200000,326328.3349596093,326328.3349596093,0,0.0,0.0,0.0,0.0
1733673600000,326328.3349596093,326328.3349596093,0,0.0,0.0,0.0,0.0
1733688000000,326328.3349596093,326328.3349596093,0,0.0,0.0,0.0,0.0
1733702400000,326328.3349596093,326328.3349596093,0,0.0,0.0,0.0,0.0
1733716800000,326328.3349596093,326328.3349596093,0,0.0,0.0,0.0,0.0
1733731200000,326328.3349596093,326328.3349596093,0,0.0,0.0,0.0,0.0
1733745600000,326328.3349596093,326328.3349596093,0,0.0,0.0,0.0,0.0
1733760000000,326328.3349596093,326328.3349596093,0,0.0,0.0,0.0,0.0
1733774400000,326328.3349596093,326328.3349596093,0,0.0,0.0,0.0,0.0
1733788800000,326328.3349596093,326328.3349596093,0,0.0,0.0,0.0,0.0
1733803200000,326328.3349596093,326328.3349596093,0,0.0,0.0,0.0,0.0
1733817600000,326328.3349596093,326328.3349596093,0,0.0,0.0,0.0,0.0
1733832000000,326328.3349596093,326328.3349596093,0,0.0,0.0,0.0,0.0
1733846400000,326328.3349596093,326328.3349596093,0,0.0,0.0,0.0,0.0
1733860800000,326328.3349596093,326328.3349596093,0,0.0,0.0,0.0,0.0
1733875200000,326328.3349596093,326328.3349596093,0,0.0,0.0,0.0,0.0
1733889600000,326328.3349596093,326328.3349596093,0,0.0,0.0,0.0,0.0
1733904000000,326328.3349596093,326328.3349596093,0,0.0,0.0,0.0,0.0
1733918400000,326328.3349596093,326328.3349596093,0,0.0,0.0,0.0,0.0
1733932800000,326328.3349596093,326328.3349596093,0,0.0,0.0,0.0,0.0
1733947200000,326328.3349596093,326328.3349596093,0,0.0,0.0,0.0,0.0
1733961600000,326328.3349596093,326328.3349596093,0,0.0,0.0,0.0,0.0
1733976000000,326328.3349596093,326328.3349596093,0,0.0,0.0,0.0,0.0
1733990400000,326328.3349596093,326328.3349596093,0,0.0,0.0,0.0,0.0
1734004800000,326328.3349596093,326328.3349596093,0,0.0,0.0,0.0,0.0
1734019200000,326328.3349596093,326328.3349596093,0,0.0,0.0,0.0,0.0
1734033600000,326328.3349596093,326328.3349596093,0,0.0,0.0,0.0,0.0
1734048000000,326328.3349596093,326328.3349596093,0,0.0,0.0,0.0,0.0
1734062400000,326328.3349596093,326328.3349596093,0,0.0,0.0,0.0,0.0
1734076800000,326328.3349596093,326328.3349596093,0,0.0,0.0,0.0,0.0
1734091200000,326328.3349596093,326328.3349596093,0,0.0,0.0,0.0,0.0
1734105600000,326328.3349596093,326328.3349596093,0,0.0,0.0,0.0,0.0
1734120000000,326328.3349596093,326328.3349596093,0,0.0,0.0,0.0,0.0
1734134400000,326328.3349596093,326328.3349596093,0,0.0,0.0,0.0,0.0
1734148800000,326328.3349596093,326328.3349596093,0,0.0,0.0,0.0,0.0
1734163200000,326328.3349596093,326328.3349596093,0,0.0,0.0,0.0,0.0
1734177600000,326328.3349596093,326328.3349596093,0,0.0,0.0,0.0,0.0
1734192000000,326328.3349596093,326328.3349596093,0,0.0,0.0,0.0,0.0
1734206400000,326328.3349596093,326328.3349596093,0,0.0,0.0,0.0,0.0
1734220800000,326328.3349596093,326328.3349596093,0,0.0,0.0,0.0,0.0
1734235200000,326328.3349596093,326328.3349596093,0,0.0,0.0,0.0,0.0
1734249600000,326328.3349596093,326328.3349596093,0,0.0,0.0,0.0,0.0
1734264000000,326328.3349596093,326328.3349596093,0,0.0,0.0,0.0,0.0
1734278400000,326328.3349596093,326328.3349596093,0,0.0,0.0,0.0,0.0
1734292800000,326328.3349596093,326328.3349596093,0,0.0,0.0,0.0,0.0
1734307200000,326328.3349596093,326328.3349596093,0,0.0,0.0,0.0,0.0
1734321600000,326328.3349596093,326328.3349596093,0,0.0,0.0,0.0,0.0
1734336000000,326328.3349596093,326328.3349596093,0,0.0,0.0,0.0,0.0
1734350400000,326328.3349596093,326328.3349596093,0,0.0,0.0,0.0,0.0
1734364800000,326328.3349596093,326328.3349596093,0,0.0,0.0,0.0,0.0
1734379200000,326328.3349596093,326328.3349596093,0,0.0,0.0,0.0,0.0
1734393600000,326328.3349596093,326328.3349596093,0,0.0,0.0,0.0,0.0
1734408000000,326328.3349596093,326328.3349596093,0,0.0,0.0,0.0,0.0
1734422400000,326328.3349596093,326328.3349596093,0,0.0,0.0,0.0,0.0
1734436800000,326328.3349596093,326328.3349596093,0,0.0,0.0,0.0,0.0
1734451200000,326328.3349596093,326328.3349596093,0,0.0,0.0,0.0,0.0
1734465600000,326328.3349596093,326328.3349596093,0,0.0,0.0,0.0,0.0
1734480000000,326328.3349596093,326328.3349596093,0,0.0,0.0,0.0,0.0
1734494400000,326328.3349596093,326328.3349596093,0,0.0,0.0,0.0,0.0
1734508800000,326328.3349596093,326328.3349596093,0,0.0,0.0,0.0,0.0
1734523200000,326328.3349596093,326328.3349596093,0,0.0,0.0,0.0,0.0
1734537600000,326328.3349596093,326328.3349596093,0,0.0,0.0,0.0,0.0
1734552000000,326328.3349596093,326328.3349596093,0,0.0,0.0,0.0,0.0
1734566400000,326328.3349596093,326328.3349596093,0,0.0,0.0,0.0,0.0
1734580800000,326328.3349596093,326328.3349596093,0,0.0,0.0,0.0,0.0
1734595200000,326328.3349596093,326328.3349596093,0,0.0,0.0,0.0,0.0
1734609600000,326328.3349596093,326328.3349596093,0,0.0,0.0,0.0,0.0
1734624000000,326328.3349596093,326328.3349596093,0,0.0,0.0,0.0,0.0
1734638400000,326328.3349596093,326328.3349596093,0,0.0,0.0,0.0,0.0
1734652800000,326328.3349596093,326328.3349596093,0,0.0,0.0,0.0,0.0
1734667200000,326328.3349596093,326328.3349596093,0,0.0,0.0,0.0,0.0
1734681600000,326328.3349596093,326328.3349596093,0,0.0,0.0,0.0,0.0
1734696000000,326328.3349596093,326328.3349596093,0,0.0,0.0,0.0,0.0
1734710400000,326328.3349596093,326328.3349596093,0,0.0,0.0,0.0,0.0
1734724800000,326328.3349596093,326328.3349596093,0,0.0,0.0,0.0,0.0
1734739200000,326328.3349596093,326328.3349596093,0,0.0,0.0,0.0,0.0
1734753600000,326328.3349596093,326328.3349596093,0,0.0,0.0,0.0,0.0
1734768000000,326328.3349596093,326328.3349596093,0,0.0,0.0,0.0,0.0
1734782400000,326328.3349596093,326328.3349596093,0,0.0,0.0,0.0,0.0
1734796800000,326328.3349596093,326328.3349596093,0,0.0,0.0,0.0,0.0
1734811200000,326328.3349596093,326328.3349596093,0,0.0,0.0,0.0,0.0
1734825600000,326328.3349596093,326328.3349596093,0,0.0,0.0,0.0,0.0
1734840000000,326328.3349596093,326328.3349596093,0,0.0,0.0,0.0,0.0
1734854400000,326328.3349596093,326328.3349596093,0,0.0,0.0,0.0,0.0
1734868800000,326328.3349596093,326328.3349596093,0,0.0,0.0,0.0,0.0
1734883200000,326328.3349596093,326328.3349596093,0,0.0,0.0,0.0,0.0
1734897600000,326328.3349596093,326328.3349596093,0,0.0,0.0,0.0,0.0
1734912000000,326328.3349596093,326328.3349596093,0,0.0,0.0,0.0,0.0
1734926400000,326328.3349596093,326328.3349596093,0,0.0,0.0,0.0,0.0
1734940800000,326328.3349596093,326328.3349596093,0,0.0,0.0,0.0,0.0
1734955200000,326328.3349596093,326328.3349596093,0,0.0,0.0,0.0,0.0
1734969600000,326328.3349596093,326328.3349596093,0,0.0,0.0,0.0,0.0
1734984000000,326328.3349596093,326328.3349596093,0,0.0,0.0,0.0,0.0
1734998400000,326328.3349596093,326328.3349596093,0,0.0,0.0,0.0,0.0
1735012800000,326328.3349596093,326328.3349596093,0,0.0,0.0,0.0,0.0
1735027200000,326328.3349596093,326328.3349596093,0,0.0,0.0,0.0,0.0
1735041600000,326328.3349596093,326328.3349596093,0,0.0,0.0,0.0,0.0
1735056000000,326328.3349596093,326328.3349596093,0,0.0,0.0,0.0,0.0
1735070400000,326328.3349596093,326328.3349596093,0,0.0,0.0,0.0,0.0
1735084800000,326328.3349596093,326328.3349596093,0,0.0,0.0,0.0,0.0
1735099200000,326328.3349596093,326328.3349596093,0,0.0,0.0,0.0,0.0
1735113600000,326328.3349596093,326328.3349596093,0,0.0,0.0,0.0,0.0
1735128000000,326328.3349596093,326328.3349596093,0,0.0,0.0,0.0,0.0
1735142400000,326328.3349596093,326328.3349596093,0,0.0,0.0,0.0,0.0
1735156800000,326328.3349596093,326328.3349596093,0,0.0,0.0,0.0,0.0
1735171200000,326328.3349596093,326328.3349596093,0,0.0,0.0,0.0,0.0
1735185600000,326328.3349596093,326328.3349596093,0,0.0,0.0,0.0,0.0
1735200000000,326328.3349596093,326328.3349596093,0,0.0,0.0,0.0,0.0
1735214400000,326328.3349596093,326328.3349596093,0,0.0,0.0,0.0,0.0
1735228800000,326328.3349596093,326328.3349596093,0,0.0,0.0,0.0,0.0
1735243200000,326328.3349596093,326328.3349596093,0,0.0,0.0,0.0,0.0
1735257600000,326328.3349596093,326328.3349596093,0,0.0,0.0,0.0,0.0
1735272000000,326328.3349596093,326328.3349596093,0,0.0,0.0,0.0,0.0
1735286400000,326328.3349596093,326328.3349596093,0,0.0,0.0,0.0,0.0
1735300800000,326328.3349596093,326328.3349596093,0,0.0,0.0,0.0,0.0
1735315200000,326328.3349596093,326328.3349596093,0,0.0,0.0,0.0,0.0
1735329600000,326328.3349596093,326328.3349596093,0,0.0,0.0,0.0,0.0
1735344000000,326328.3349596093,326328.3349596093,0,0.0,0.0,0.0,0.0
1735358400000,326328.3349596093,326328.3349596093,0,0.0,0.0,0.0,0.0
1735372800000,326328.3349596093,326328.3349596093,0,0.0,0.0,0.0,0.0
1735387200000,326328.3349596093,326328.3349596093,0,0.0,0.0,0.0,0.0
1735401600000,326328.3349596093,326328.3349596093,0,0.0,0.0,0.0,0.0
1735416000000,326328.3349596093,326328.3349596093,0,0.0,0.0,0.0,0.0
1735430400000,326328.3349596093,326328.3349596093,0,0.0,0.0,0.0,0.0
1735444800000,326328.3349596093,326328.3349596093,0,0.0,0.0,0.0,0.0
1735459200000,326328.3349596093,326328.3349596093,0,0.0,0.0,0.0,0.0
1735473600000,326328.3349596093,326328.3349596093,0,0.0,0.0,0.0,0.0
1735488000000,326328.3349596093,326328.3349596093,0,0.0,0.0,0.0,0.0
1735502400000,326328.3349596093,326328.3349596093,0,0.0,0.0,0.0,0.0
1735516800000,326328.3349596093,326328.3349596093,0,0.0,0.0,0.0,0.0
1735531200000,326328.3349596093,326328.3349596093,0,0.0,0.0,0.0,0.0
1735545600000,326328.3349596093,326328.3349596093,0,0.0,0.0,0.0,0.0
1735560000000,326328.3349596093,326328.3349596093,0,0.0,0.0,0.0,0.0
1735574400000,326328.3349596093,326328.3349596093,0,0.0,0.0,0.0,0.0
1735588800000,312749.70689532626,312749.70689532626,0,0.0,0.0,0.0,0.0
1735603200000,312749.70689532626,312749.70689532626,0,0.0,0.0,0.0,0.0
1735617600000,312749.70689532626,312749.70689532626,0,0.0,0.0,0.0,0.0
1735632000000,312749.70689532626,312749.70689532626,0,0.0,0.0,0.0,0.0
1735646400000,312749.70689532626,312749.70689532626,0,0.0,0.0,0.0,0.0
1735660800000,312749.70689532626,312749.70689532626,0,0.0,0.0,0.0,0.0
1735675200000,312749.70689532626,312749.70689532626,0,0.0,0.0,0.0,0.0
1735689600000,312749.70689532626,312749.70689532626,0,0.0,0.0,0.0,0.0
1735704000000,312749.70689532626,312749.70689532626,0,0.0,0.0,0.0,0.0
1735718400000,312749.70689532626,312749.70689532626,0,0.0,0.0,0.0,0.0
1735732800000,312749.70689532626,312749.70689532626,0,0.0,0.0,0.0,0.0
1735747200000,312749.70689532626,312749.70689532626,0,0.0,0.0,0.0,0.0
1735761600000,312749.70689532626,312749.70689532626,0,0.0,0.0,0.0,0.0
1735776000000,312749.70689532626,312749.70689532626,0,0.0,0.0,0.0,0.0
1735790400000,312749.70689532626,312749.70689532626,0,0.0,0.0,0.0,0.0
1735804800000,312749.70689532626,312749.70689532626,0,0.0,0.0,0.0,0.0
1735819200000,312749.70689532626,312749.70689532626,0,0.0,0.0,0.0,0.0
1735833600000,312749.70689532626,312749.70689532626,0,0.0,0.0,0.0,0.0
1735848000000,312749.70689532626,312749.70689532626,0,0.0,0.0,0.0,0.0
1735862400000,312749.70689532626,312749.70689532626,0,0.0,0.0,0.0,0.0
1735876800000,312749.70689532626,312749.70689532626,0,0.0,0.0,0.0,0.0
1735891200000,312749.70689532626,312749.70689532626,0,0.0,0.0,0.0,0.0
1735905600000,312749.70689532626,312749.70689532626,0,0.0,0.0,0.0,0.0
1735920000000,312749.70689532626,312749.70689532626,0,0.0,0.0,0.0,0.0
1735934400000,312749.70689532626,312749.70689532626,0,0.0,0.0,0.0,0.0
1735948800000,312749.70689532626,312749.70689532626,0,0.0,0.0,0.0,0.0
1735963200000,312749.70689532626,312749.70689532626,0,0.0,0.0,0.0,0.0
1735977600000,312749.70689532626,312749.70689532626,0,0.0,0.0,0.0,0.0
1735992000000,312749.70689532626,312749.70689532626,0,0.0,0.0,0.0,0.0
1736006400000,312749.70689532626,312749.70689532626,0,0.0,0.0,0.0,0.0
1736020800000,312749.70689532626,312749.70689532626,0,0.0,0.0,0.0,0.0
1736035200000,312749.70689532626,312749.70689532626,0,0.0,0.0,0.0,0.0
1736049600000,312749.70689532626,312749.70689532626,0,0.0,0.0,0.0,0.0
1736064000000,312749.70689532626,312749.70689532626,0,0.0,0.0,0.0,0.0
1736078400000,312749.70689532626,312749.70689532626,0,0.0,0.0,0.0,0.0
1736092800000,312749.70689532626,312749.70689532626,0,0.0,0.0,0.0,0.0
1736107200000,312749.70689532626,312749.70689532626,0,0.0,0.0,0.0,0.0
1736121600000,312749.70689532626,312749.70689532626,0,0.0,0.0,0.0,0.0
1736136000000,312749.70689532626,312749.70689532626,0,0.0,0.0,0.0,0.0
1736150400000,312749.70689532626,312749.70689532626,0,0.0,0.0,0.0,0.0
1736164800000,312749.70689532626,312749.70689532626,0,0.0,0.0,0.0,0.0
1736179200000,312749.70689532626,312749.70689532626,0,0.0,0.0,0.0,0.0
1736193600000,312749.70689532626,312749.70689532626,0,0.0,0.0,0.0,0.0
1736208000000,312749.70689532626,312749.70689532626,0,0.0,0.0,0.0,0.0
1736222400000,312749.70689532626,312749.70689532626,0,0.0,0.0,0.0,0.0
1736236800000,312749.70689532626,312749.70689532626,0,0.0,0.0,0.0,0.0
1736251200000,312749.70689532626,312749.70689532626,0,0.0,0.0,0.0,0.0
1736265600000,312749.70689532626,312749.70689532626,0,0.0,0.0,0.0,0.0
1736280000000,330111.66501019854,312319.18394124333,3,843253.4270969514,18737.149289145673,18737.149289145673,843253.4270969514
1736294400000,337659.3186531441,312302.53223810863,4,868992.5280202264,19805.781297133897,19805.781297133897,868992.5280202264
1736308800000,341009.9148605705,318449.6819214944,4,712871.8494876261,16680.698113868948,16680.698113868948,712871.8494876261
1736323200000,351531.18162923557,330755.25581483,4,443050.4345379031,10437.20665256106,10437.20665256106,443050.4345379031
1736337600000,351537.0468415199,330798.6446733366,4,443087.9581841253,10437.20665256106,10437.20665256106,443087.9581841253
1736352000000,350084.96439513157,330798.6446733366,4,444540.0406305136,10437.20665256106,10437.20665256106,444540.0406305136
1736366400000,359842.5358808433,331873.3866546554,4,419205.5079914431,9902.890648566949,9902.890648566949,419205.5079914431
1736380800000,352675.52091926226,339235.4989640204,3,274817.40325382934,6777.807465301999,6777.807465301999,274817.40325382934
1736395200000,352654.42990341835,344738.7848331723,2,107931.22783309748,3650.3103963487365,3650.3103963487365,107931.22783309748
1736409600000,354757.1786941856,344738.7848331723,2,105828.4790423302,3650.3103963487365,3650.3103963487365,105828.4790423302
1736424000000,355118.03669164685,344748.1430492422,2,105476.9792609389,3650.3103963487365,3650.3103963487365,105476.9792609389
1736438400000,354137.07251275657,344748.1430492422,2,106457.94343982919,3650.3103963487365,3650.3103963487365,106457.94343982919
1736452800000,359173.0599696104,344747.33803342667,2,101421.15096715979,3650.3103963487365,3650.3103963487365,101421.15096715979
1736467200000,357891.15832981816,344747.33803342667,2,102703.05260695209,3650.3103963487365,3650.3103963487365,102703.05260695209
1736481600000,355813.9766013175,344731.8042926106,2,104764.70059463667,3650.3103963487365,3650.3103963487365,104764.70059463667
1736496000000,352245.9419377766,352245.9419377766,0,0.0,0.0,0.0,0.0
1736510400000,352245.9419377766,352245.9419377766,0,0.0,0.0,0.0,0.0
1736524800000,352245.9419377766,352245.9419377766,0,0.0,0.0,0.0,0.0
1736539200000,352245.9419377766,352245.9419377766,0,0.0,0.0,0.0,0.0
1736553600000,352245.9419377766,352245.9419377766,0,0.0,0.0,0.0,0.0
1736568000000,352245.9419377766,352245.9419377766,0,0.0,0.0,0.0,0.0
1736582400000,352245.9419377766,352245.9419377766,0,0.0,0.0,0.0,0.0
1736596800000,352245.9419377766,352245.9419377766,0,0.0,0.0,0.0,0.0
1736611200000,352245.9419377766,352245.9419377766,0,0.0,0.0,0.0,0.0
1736625600000,352245.9419377766,352245.9419377766,0,0.0,0.0,0.0,0.0
1736640000000,352245.9419377766,352245.9419377766,0,0.0,0.0,0.0,0.0
1736654400000,352245.9419377766,352245.9419377766,0,0.0,0.0,0.0,0.0
1736668800000,352245.9419377766,352245.9419377766,0,0.0,0.0,0.0,0.0
1736683200000,352245.9419377766,352245.9419377766,0,0.0,0.0,0.0,0.0
1736697600000,352245.9419377766,352245.9419377766,0,0.0,0.0,0.0,0.0
1736712000000,352245.9419377766,352245.9419377766,0,0.0,0.0,0.0,0.0
1736726400000,352245.9419377766,352245.9419377766,0,0.0,0.0,0.0,0.0
1736740800000,352245.9419377766,352245.9419377766,0,0.0,0.0,0.0,0.0
1736755200000,358663.3828139281,351974.46616486536,2,536262.6291733327,14085.624577688768,14085.624577688768,536262.6291733327
1736769600000,395076.69019173254,358746.58148494235,3,606582.6074798985,17736.224955810336,17736.224955810336,606582.6074798985
1736784000000,376053.0732670185,366456.1258104145,2,261878.82545459375,7042.812288844384,7042.812288844384,261878.82545459375
1736798400000,379641.6018302817,366447.225666424,2,258281.39674734004,7042.812288844384,7042.812288844384,258281.39674734004
1736812800000,371794.2894477651,371794.2894477651,0,0.0,0.0,0.0,0.0
1736827200000,371794.2894477651,371794.2894477651,0,0.0,0.0,0.0,0.0
1736841600000,371794.2894477651,371794.2894477651,0,0.0,0.0,0.0,0.0
1736856000000,371794.2894477651,371794.2894477651,0,0.0,0.0,0.0,0.0
1736870400000,371794.2894477651,371794.2894477651,0,0.0,0.0,0.0,0.0
1736884800000,371794.2894477651,371794.2894477651,0,0.0,0.0,0.0,0.0
1736899200000,371794.2894477651,371794.2894477651,0,0.0,0.0,0.0,0.0
1736913600000,371794.2894477651,371794.2894477651,0,0.0,0.0,0.0,0.0
1736928000000,371794.2894477651,371794.2894477651,0,0.0,0.0,0.0,0.0
1736942400000,371794.2894477651,371794.2894477651,0,0.0,0.0,0.0,0.0
1736956800000,371794.2894477651,371794.2894477651,0,0.0,0.0,0.0,0.0
1736971200000,371794.2894477651,371794.2894477651,0,0.0,0.0,0.0,0.0
1736985600000,371794.2894477651,371794.2894477651,0,0.0,0.0,0.0,0.0
1737000000000,371794.2894477651,371794.2894477651,0,0.0,0.0,0.0,0.0
1737014400000,371794.2894477651,371794.2894477651,0,0.0,0.0,0.0,0.0
1737028800000,371794.2894477651,371794.2894477651,0,0.0,0.0,0.0,0.0
1737043200000,371794.2894477651,371794.2894477651,0,0.0,0.0,0.0,0.0
1737057600000,371794.2894477651,371794.2894477651,0,0.0,0.0,0.0,0.0
1737072000000,371794.2894477651,371794.2894477651,0,0.0,0.0,0.0,0.0
1737086400000,371794.2894477651,371794.2894477651,0,0.0,0.0,0.0,0.0
1737100800000,371794.2894477651,371794.2894477651,0,0.0,0.0,0.0,0.0
1737115200000,371794.2894477651,371794.2894477651,0,0.0,0.0,0.0,0.0
1737129600000,371794.2894477651,371794.2894477651,0,0.0,0.0,0.0,0.0
1737144000000,371794.2894477651,371794.2894477651,0,0.0,0.0,0.0,0.0
1737158400000,371794.2894477651,371794.2894477651,0,0.0,0.0,0.0,0.0
1737172800000,371794.2894477651,371794.2894477651,0,0.0,0.0,0.0,0.0
1737187200000,371794.2894477651,371794.2894477651,0,0.0,0.0,0.0,0.0
1737201600000,371794.2894477651,371794.2894477651,0,0.0,0.0,0.0,0.0
1737216000000,371794.2894477651,371794.2894477651,0,0.0,0.0,0.0,0.0
1737230400000,371794.2894477651,371794.2894477651,0,0.0,0.0,0.0,0.0
1737244800000,371794.2894477651,371794.2894477651,0,0.0,0.0,0.0,0.0
1737259200000,371794.2894477651,371794.2894477651,0,0.0,0.0,0.0,0.0
1737273600000,371794.2894477651,371794.2894477651,0,0.0,0.0,0.0,0.0
1737288000000,371794.2894477651,371794.2894477651,0,0.0,0.0,0.0,0.0
1737302400000,371794.2894477651,371794.2894477651,0,0.0,0.0,0.0,0.0
1737316800000,371794.2894477651,371794.2894477651,0,0.0,0.0,0.0,0.0
1737331200000,371794.2894477651,371794.2894477651,0,0.0,0.0,0.0,0.0
1737345600000,371794.2894477651,371794.2894477651,0,0.0,0.0,0.0,0.0
1737360000000,371794.2894477651,371794.2894477651,0,0.0,0.0,0.0,0.0
1737374400000,371794.2894477651,371794.2894477651,0,0.0,0.0,0.0,0.0
1737388800000,371794.2894477651,371794.2894477651,0,0.0,0.0,0.0,0.0
1737403200000,371794.2894477651,371794.2894477651,0,0.0,0.0,0.0,0.0
1737417600000,371794.2894477651,371794.2894477651,0,0.0,0.0,0.0,0.0
1737432000000,371794.2894477651,371794.2894477651,0,0.0,0.0,0.0,0.0
1737446400000,371794.2894477651,371794.2894477651,0,0.0,0.0,0.0,0.0
1737460800000,371794.2894477651,371794.2894477651,0,0.0,0.0,0.0,0.0
1737475200000,371794.2894477651,371794.2894477651,0,0.0,0.0,0.0,0.0
1737489600000,371794.2894477651,371794.2894477651,0,0.0,0.0,0.0,0.0
1737504000000,371794.2894477651,371794.2894477651,0,0.0,0.0,0.0,0.0
1737518400000,371794.2894477651,371794.2894477651,0,0.0,0.0,0.0,0.0
1737532800000,371794.2894477651,371794.2894477651,0,0.0,0.0,0.0,0.0
1737547200000,371794.2894477651,371794.2894477651,0,0.0,0.0,0.0,0.0
1737561600000,371794.2894477651,371794.2894477651,0,0.0,0.0,0.0,0.0
1737576000000,371794.2894477651,371794.2894477651,0,0.0,0.0,0.0,0.0
1737590400000,371794.2894477651,371794.2894477651,0,0.0,0.0,0.0,0.0
1737604800000,371794.2894477651,371794.2894477651,0,0.0,0.0,0.0,0.0
1737619200000,371794.2894477651,371794.2894477651,0,0.0,0.0,0.0,0.0
1737633600000,371794.2894477651,371794.2894477651,0,0.0,0.0,0.0,0.0
1737648000000,371794.2894477651,371794.2894477651,0,0.0,0.0,0.0,0.0
1737662400000,371794.2894477651,371794.2894477651,0,0.0,0.0,0.0,0.0
1737676800000,371794.2894477651,371794.2894477651,0,0.0,0.0,0.0,0.0
1737691200000,371794.2894477651,371794.2894477651,0,0.0,0.0,0.0,0.0
1737705600000,371794.2894477651,371794.2894477651,0,0.0,0.0,0.0,0.0
1737720000000,371794.2894477651,371794.2894477651,0,0.0,0.0,0.0,0.0
1737734400000,371794.2894477651,371794.2894477651,0,0.0,0.0,0.0,0.0
1737748800000,371794.2894477651,371794.2894477651,0,0.0,0.0,0.0,0.0
1737763200000,371794.2894477651,371794.2894477651,0,0.0,0.0,0.0,0.0
1737777600000,371794.2894477651,371794.2894477651,0,0.0,0.0,0.0,0.0
1737792000000,371794.2894477651,371794.2894477651,0,0.0,0.0,0.0,0.0
1737806400000,371794.2894477651,371794.2894477651,0,0.0,0.0,0.0,0.0
1737820800000,371794.2894477651,371794.2894477651,0,0.0,0.0,0.0,0.0
1737835200000,371794.2894477651,371794.2894477651,0,0.0,0.0,0.0,0.0
1737849600000,371794.2894477651,371794.2894477651,0,0.0,0.0,0.0,0.0
1737864000000,371794.2894477651,371794.2894477651,0,0.0,0.0,0.0,0.0
1737878400000,371794.2894477651,371794.2894477651,0,0.0,0.0,0.0,0.0
1737892800000,371794.2894477651,371794.2894477651,0,0.0,0.0,0.0,0.0
1737907200000,371794.2894477651,371794.2894477651,0,0.0,0.0,0.0,0.0
1737921600000,371794.2894477651,371794.2894477651,0,0.0,0.0,0.0,0.0
1737936000000,371794.2894477651,371794.2894477651,0,0.0,0.0,0.0,0.0
1737950400000,374236.58225993195,371620.50566170306,1,344951.4955258044,3717.942894477651,3717.942894477651,344951.4955258044
1737964800000,386959.0147473279,378826.038137328,2,246987.7842202424,3730.128284713066,3730.128284713066,246987.7842202424
1737979200000,385561.3713680464,381943.0719439185,1,77718.67534409779,1871.1568374742408,1871.1568374742408,77718.67534409779
1737993600000,378670.29975814046,378670.29975814046,0,0.0,0.0,0.0,0.0
1738008000000,378670.29975814046,378670.29975814046,0,0.0,0.0,0.0,0.0
1738022400000,378670.29975814046,378670.29975814046,0,0.0,0.0,0.0,0.0
1738036800000,378670.29975814046,378670.29975814046,0,0.0,0.0,0.0,0.0
1738051200000,378670.29975814046,378670.29975814046,0,0.0,0.0,0.0,0.0
1738065600000,378670.29975814046,378670.29975814046,0,0.0,0.0,0.0,0.0
1738080000000,378670.29975814046,378670.29975814046,0,0.0,0.0,0.0,0.0
1738094400000,378670.29975814046,378670.29975814046,0,0.0,0.0,0.0,0.0
1738108800000,378670.29975814046,378670.29975814046,0,0.0,0.0,0.0,0.0
1738123200000,378670.29975814046,378670.29975814046,0,0.0,0.0,0.0,0.0
1738137600000,378670.29975814046,378670.29975814046,0,0.0,0.0,0.0,0.0
1738152000000,378670.29975814046,378670.29975814046,0,0.0,0.0,0.0,0.0
1738166400000,378670.29975814046,378670.29975814046,0,0.0,0.0,0.0,0.0
1738180800000,378670.29975814046,378670.29975814046,0,0.0,0.0,0.0,0.0
1738195200000,378670.29975814046,378670.29975814046,0,0.0,0.0,0.0,0.0
1738209600000,378670.29975814046,378670.29975814046,0,0.0,0.0,0.0,0.0
1738224000000,378670.29975814046,378670.29975814046,0,0.0,0.0,0.0,0.0
1738238400000,378670.29975814046,378670.29975814046,0,0.0,0.0,0.0,0.0
1738252800000,378670.29975814046,378670.29975814046,0,0.0,0.0,0.0,0.0
1738267200000,378670.29975814046,378670.29975814046,0,0.0,0.0,0.0,0.0
1738281600000,378670.29975814046,378670.29975814046,0,0.0,0.0,0.0,0.0
1738296000000,378670.29975814046,378670.29975814046,0,0.0,0.0,0.0,0.0
1738310400000,378670.29975814046,378670.29975814046,0,0.0,0.0,0.0,0.0
1738324800000,378670.29975814046,378670.29975814046,0,0.0,0.0,0.0,0.0
1738339200000,378670.29975814046,378670.29975814046,0,0.0,0.0,0.0,0.0
1738353600000,378670.29975814046,378670.29975814046,0,0.0,0.0,0.0,0.0
1738368000000,378670.29975814046,378670.29975814046,0,0.0,0.0,0.0,0.0
1738382400000,378670.29975814046,378670.29975814046,0,0.0,0.0,0.0,0.0
1738396800000,378670.29975814046,378670.29975814046,0,0.0,0.0,0.0,0.0
1738411200000,378670.29975814046,378670.29975814046,0,0.0,0.0,0.0,0.0
1738425600000,378670.29975814046,378670.29975814046,0,0.0,0.0,0.0,0.0
1738440000000,378670.29975814046,378670.29975814046,0,0.0,0.0,0.0,0.0
1738454400000,378670.29975814046,378670.29975814046,0,0.0,0.0,0.0,0.0
1738468800000,378670.29975814046,378670.29975814046,0,0.0,0.0,0.0,0.0
1738483200000,377250.68514223344,378549.15852144215,1,243580.9467758156,7573.40599516281,7573.40599516281,243580.9467758156
1738497600000,384429.8240405752,378552.93146457645,1,236405.58082060813,7573.40599516281,7573.40599516281,236405.58082060813
1738512000000,381808.0557107878,378552.93146457645,1,239027.3491503955,7573.40599516281,7573.40599516281,239027.3491503955
1738526400000,395819.01870435086,386054.2344431281,1,111376.45243708066,3786.702997581405,3786.702997581405,111376.45243708066
1738540800000,398457.0208937654,386054.2344431281,1,108738.45024766616,3786.702997581405,3786.702997581405,108738.45024766616
1738555200000,412327.40797760704,386056.846940463,1,94870.6756611594,3786.702997581405,3786.702997581405,94870.6756611594
1738569600000,411792.4749825188,411792.4749825188,0,0.0,0.0,0.0,0.0
1738584000000,411792.4749825188,411792.4749825188,0,0.0,0.0,0.0,0.0
1738598400000,411792.4749825188,411792.4749825188,0,0.0,0.0,0.0,0.0
1738612800000,411792.4749825188,411792.4749825188,0,0.0,0.0,0.0,0.0
1738627200000,411792.4749825188,411792.4749825188,0,0.0,0.0,0.0,0.0
1738641600000,411792.4749825188,411792.4749825188,0,0.0,0.0,0.0,0.0
1738656000000,411792.4749825188,411792.4749825188,0,0.0,0.0,0.0,0.0
1738670400000,411792.4749825188,411792.4749825188,0,0.0,0.0,0.0,0.0
1738684800000,411792.4749825188,411792.4749825188,0,0.0,0.0,0.0,0.0
1738699200000,411792.4749825188,411792.4749825188,0,0.0,0.0,0.0,0.0
1738713600000,411792.4749825188,411792.4749825188,0,0.0,0.0,0.0,0.0
1738728000000,411792.4749825188,411792.4749825188,0,0.0,0.0,0.0,0.0
1738742400000,411792.4749825188,411792.4749825188,0,0.0,0.0,0.0,0.0
1738756800000,411792.4749825188,411792.4749825188,0,0.0,0.0,0.0,0.0
1738771200000,411792.4749825188,411792.4749825188,0,0.0,0.0,0.0,0.0
1738785600000,411792.4749825188,411792.4749825188,0,0.0,0.0,0.0,0.0
1738800000000,411792.4749825188,411792.4749825188,0,0.0,0.0,0.0,0.0
1738814400000,411792.4749825188,411792.4749825188,0,0.0,0.0,0.0,0.0
1738828800000,411792.4749825188,411792.4749825188,0,0.0,0.0,0.0,0.0
1738843200000,411792.4749825188,411792.4749825188,0,0.0,0.0,0.0,0.0
1738857600000,411792.4749825188,411792.4749825188,0,0.0,0.0,0.0,0.0
1738872000000,411792.4749825188,411792.4749825188,0,0.0,0.0,0.0,0.0
1738886400000,411792.4749825188,411792.4749825188,0,0.0,0.0,0.0,0.0
1738900800000,411792.4749825188,411792.4749825188,0,0.0,0.0,0.0,0.0
1738915200000,411792.4749825188,411792.4749825188,0,0.0,0.0,0.0,0.0
1738929600000,411792.4749825188,411792.4749825188,0,0.0,0.0,0.0,0.0
1738944000000,411792.4749825188,411792.4749825188,0,0.0,0.0,0.0,0.0
1738958400000,411792.4749825188,411792.4749825188,0,0.0,0.0,0.0,0.0
1738972800000,411792.4749825188,411792.4749825188,0,0.0,0.0,0.0,0.0
1738987200000,411792.4749825188,411792.4749825188,0,0.0,0.0,0.0,0.0
1739001600000,411792.4749825188,411792.4749825188,0,0.0,0.0,0.0,0.0
1739016000000,411792.4749825188,411792.4749825188,0,0.0,0.0,0.0,0.0
1739030400000,411792.4749825188,411792.4749825188,0,0.0,0.0,0.0,0.0
1739044800000,411792.4749825188,411792.4749825188,0,0.0,0.0,0.0,0.0
1739059200000,411792.4749825188,411792.4749825188,0,0.0,0.0,0.0,0.0
1739073600000,411792.4749825188,411792.4749825188,0,0.0,0.0,0.0,0.0
1739088000000,411792.4749825188,411792.4749825188,0,0.0,0.0,0.0,0.0
1739102400000,411792.4749825188,411792.4749825188,0,0.0,0.0,0.0,0.0
1739116800000,411792.4749825188,411792.4749825188,0,0.0,0.0,0.0,0.0
1739131200000,411792.4749825188,411792.4749825188,0,0.0,0.0,0.0,0.0
1739145600000,411792.4749825188,411792.4749825188,0,0.0,0.0,0.0,0.0
1739160000000,411792.4749825188,411792.4749825188,0,0.0,0.0,0.0,0.0
1739174400000,411792.4749825188,411792.4749825188,0,0.0,0.0,0.0,0.0
1739188800000,411792.4749825188,411792.4749825188,0,0.0,0.0,0.0,0.0
1739203200000,411792.4749825188,411792.4749825188,0,0.0,0.0,0.0,0.0
1739217600000,411792.4749825188,411792.4749825188,0,0.0,0.0,0.0,0.0
1739232000000,411792.4749825188,411792.4749825188,0,0.0,0.0,0.0,0.0
1739246400000,411792.4749825188,411792.4749825188,0,0.0,0.0,0.0,0.0
1739260800000,411792.4749825188,411792.4749825188,0,0.0,0.0,0.0,0.0
1739275200000,411792.4749825188,411792.4749825188,0,0.0,0.0,0.0,0.0
1739289600000,411792.4749825188,411792.4749825188,0,0.0,0.0,0.0,0.0
1739304000000,411792.4749825188,411792.4749825188,0,0.0,0.0,0.0,0.0
1739318400000,411792.4749825188,411792.4749825188,0,0.0,0.0,0.0,0.0
1739332800000,411792.4749825188,411792.4749825188,0,0.0,0.0,0.0,0.0
1739347200000,411792.4749825188,411792.4749825188,0,0.0,0.0,0.0,0.0
1739361600000,411792.4749825188,411792.4749825188,0,0.0,0.0,0.0,0.0
1739376000000,411792.4749825188,411792.4749825188,0,0.0,0.0,0.0,0.0
1739390400000,411792.4749825188,411792.4749825188,0,0.0,0.0,0.0,0.0
1739404800000,411792.4749825188,411792.4749825188,0,0.0,0.0,0.0,0.0
1739419200000,411792.4749825188,411792.4749825188,0,0.0,0.0,0.0,0.0
1739433600000,411792.4749825188,411792.4749825188,0,0.0,0.0,0.0,0.0
1739448000000,411792.4749825188,411792.4749825188,0,0.0,0.0,0.0,0.0
1739462400000,411792.4749825188,411792.4749825188,0,0.0,0.0,0.0,0.0
1739476800000,411792.4749825188,411792.4749825188,0,0.0,0.0,0.0,0.0
1739491200000,411792.4749825188,411792.4749825188,0,0.0,0.0,0.0,0.0
1739505600000,411792.4749825188,411792.4749825188,0,0.0,0.0,0.0,0.0
1739520000000,411792.4749825188,411792.4749825188,0,0.0,0.0,0.0,0.0
1739534400000,411792.4749825188,411792.4749825188,0,0.0,0.0,0.0,0.0
1739548800000,411792.4749825188,411792.4749825188,0,0.0,0.0,0.0,0.0
1739563200000,411792.4749825188,411792.4749825188,0,0.0,0.0,0.0,0.0
1739577600000,411792.4749825188,411792.4749825188,0,0.0,0.0,0.0,0.0
1739592000000,411792.4749825188,411792.4749825188,0,0.0,0.0,0.0,0.0
1739606400000,411792.4749825188,411792.4749825188,0,0.0,0.0,0.0,0.0
1739620800000,411792.4749825188,411792.4749825188,0,0.0,0.0,0.0,0.0
1739635200000,411792.4749825188,411792.4749825188,0,0.0,0.0,0.0,0.0
1739649600000,411792.4749825188,411792.4749825188,0,0.0,0.0,0.0,0.0
1739664000000,411792.4749825188,411792.4749825188,0,0.0,0.0,0.0,0.0
1739678400000,411792.4749825188,411792.4749825188,0,0.0,0.0,0.0,0.0
1739692800000,411792.4749825188,411792.4749825188,0,0.0,0.0,0.0,0.0
1739707200000,411792.4749825188,411792.4749825188,0,0.0,0.0,0.0,0.0
1739721600000,411792.4749825188,411792.4749825188,0,0.0,0.0,0.0,0.0
1739736000000,411792.4749825188,411792.4749825188,0,0.0,0.0,0.0,0.0
1739750400000,411792.4749825188,411792.4749825188,0,0.0,0.0,0.0,0.0
1739764800000,411792.4749825188,411792.4749825188,0,0.0,0.0,0.0,0.0
1739779200000,411792.4749825188,411792.4749825188,0,0.0,0.0,0.0,0.0
1739793600000,411792.4749825188,411792.4749825188,0,0.0,0.0,0.0,0.0
1739808000000,411792.4749825188,411792.4749825188,0,0.0,0.0,0.0,0.0
1739822400000,412253.8015504265,411331.0762127911,1,921874.8141177879,8235.849499650376,8235.849499650376,921874.8141177879
1739836800000,409817.1144236737,411331.0762127911,1,924311.5012445407,8235.849499650376,8235.849499650376,924311.5012445407
1739851200000,405851.0692492968,411418.77479643136,1,928365.2450025579,8235.849499650376,8235.849499650376,928365.2450025579
1739865600000,413122.5143517939,411418.77479643136,1,921093.7999000608,8235.849499650376,8235.849499650376,921093.7999000608
1739880000000,412492.08425438066,411374.0300036405,2,1195400.3784679733,16500.14209976307,16500.14209976307,1195400.3784679733
1739894400000,408611.4409620143,402486.36402838276,1,267595.81632965873,8264.292600112694,8264.292600112694,267595.81632965873
1739908800000,411667.9682749968,402312.91111462715,2,501449.476627633,16435.120264538837,16435.120264538837,501449.476627633
1739923200000,399744.84192287055,402128.87695993896,3,881256.8782014556,24668.176697094495,24668.176697094495,881256.8782014556
1739937600000,398026.517862898,393600.72747189185,2,506378.7433969964,16435.120264538837,16435.120264538837,506378.7433969964
1739952000000,391774.45569532714,393600.72747189185,2,512630.80556456733,16435.120264538837,16435.120264538837,512630.80556456733
1739966400000,386817.4450240556,393577.5827690974,2,517564.6715330444,16435.120264538837,16435.120264538837,517564.6715330444
1739980800000,396382.6084800887,393577.5827690974,2,507999.50807701127,16435.120264538837,16435.120264538837,507999.50807701127
1739995200000,394436.64901556517,393615.39619813114,2,509983.28097056854,16435.120264538837,16435.120264538837,509983.28097056854
1740009600000,389396.0629653172,393615.39619813114,2,515023.86702081654,16435.120264538837,16435.120264538837,515023.86702081654
1740024000000,381908.8282372824,381908.8282372824,0,0.0,0.0,0.0,0.0
1740038400000,381908.8282372824,381908.8282372824,0,0.0,0.0,0.0,0.0
1740052800000,381908.8282372824,381908.8282372824,0,0.0,0.0,0.0,0.0
1740067200000,381908.8282372824,381908.8282372824,0,0.0,0.0,0.0,0.0
1740081600000,381908.8282372824,381908.8282372824,0,0.0,0.0,0.0,0.0
1740096000000,381908.8282372824,381908.8282372824,0,0.0,0.0,0.0,0.0
1740110400000,381908.8282372824,381908.8282372824,0,0.0,0.0,0.0,0.0
1740124800000,381908.8282372824,381908.8282372824,0,0.0,0.0,0.0,0.0
1740139200000,381908.8282372824,381908.8282372824,0,0.0,0.0,0.0,0.0
1740153600000,381908.8282372824,381908.8282372824,0,0.0,0.0,0.0,0.0
1740168000000,381908.8282372824,381908.8282372824,0,0.0,0.0,0.0,0.0
1740182400000,382225.1902530637,381769.43798894255,1,278324.7444155904,7638.1765647456505,7638.1765647456505,278324.7444155904
1740196800000,379672.1754183792,381797.27162592846,1,280905.59288726083,7638.1765647456505,7638.1765647456505,280905.59288726083
1740211200000,377195.95593880356,381797.27162592846,1,283381.8123668365,7638.1765647456505,7638.1765647456505,283381.8123668365
1740225600000,377078.1604875881,381784.10516680777,1,283486.44135893125,7638.1765647456505,7638.1765647456505,283486.44135893125
1740240000000,375136.7114120523,381784.10516680777,1,285427.89043446706,7638.1765647456505,7638.1765647456505,285427.89043446706
1740254400000,374347.8097891311,374347.8097891311,0,0.0,0.0,0.0,0.0
1740268800000,374347.8097891311,374347.8097891311,0,0.0,0.0,0.0,0.0
1740283200000,374347.8097891311,374347.8097891311,0,0.0,0.0,0.0,0.0
1740297600000,374347.8097891311,374347.8097891311,0,0.0,0.0,0.0,0.0
1740312000000,374347.8097891311,374347.8097891311,0,0.0,0.0,0.0,0.0
1740326400000,374347.8097891311,374347.8097891311,0,0.0,0.0,0.0,0.0
1740340800000,372399.9913078045,374191.2420891043,1,314926.6508349264,7486.956195782623,7486.956195782623,314926.6508349264
1740355200000,371967.8385144626,374191.2420891043,1,315358.80362826824,7486.956195782623,7486.956195782623,315358.80362826824
1740369600000,384932.0692872233,374172.0998097241,1,302375.4305761273,7486.956195782623,7486.956195782623,302375.4305761273
1740384000000,386962.85319332685,381554.6845767506,1,151159.53141023702,3743.4780978913113,3743.4780978913113,151159.53141023702
1740398400000,388541.0883488707,381545.22794806014,1,149571.8396260027,3743.4780978913113,3743.4780978913113,149571.8396260027
1740412800000,394741.5414707325,381545.22794806014,1,143371.38650414092,3743.4780978913113,3743.4780978913113,143371.38650414092
1740427200000,397145.78053775686,381553.8373998197,1,140975.75688887612,3743.4780978913113,3743.4780978913113,140975.75688887612
1740441600000,404971.50394762185,381553.8373998197,1,133150.03347901112,3743.4780978913113,3743.4780978913113,133150.03347901112
1740456000000,407708.9822696446,381557.47957265796,1,130416.19732982661,3743.4780978913113,3743.4780978913113,130416.19732982661
1740470400000,410198.55814433156,381557.47957265796,1,127926.62145513967,3743.4780978913113,3743.4780978913113,127926.62145513967
1740484800000,405505.463560496,381561.6979599298,1,132623.93442624708,3743.4780978913113,3743.4780978913113,132623.93442624708
1740499200000,407703.80603097426,381561.6979599298,1,130425.59195576883,3743.4780978913113,3743.4780978913113,130425.59195576883
1740513600000,402670.3619433822,402670.3619433822,0,0.0,0.0,0.0,0.0
1740528000000,402670.3619433822,402670.3619433822,0,0.0,0.0,0.0,0.0
1740542400000,402670.3619433822,402670.3619433822,0,0.0,0.0,0.0,0.0
1740556800000,402670.3619433822,402670.3619433822,0,0.0,0.0,0.0,0.0
1740571200000,402670.3619433822,402670.3619433822,0,0.0,0.0,0.0,0.0
1740585600000,402670.3619433822,402670.3619433822,0,0.0,0.0,0.0,0.0
1740600000000,402670.3619433822,402670.3619433822,0,0.0,0.0,0.0,0.0
1740614400000,402670.3619433822,402670.3619433822,0,0.0,0.0,0.0,0.0
1740628800000,402670.3619433822,402670.3619433822,0,0.0,0.0,0.0,0.0
1740643200000,402670.3619433822,402670.3619433822,0,0.0,0.0,0.0,0.0
1740657600000,402670.3619433822,402670.3619433822,0,0.0,0.0,0.0,0.0
1740672000000,402670.3619433822,402670.3619433822,0,0.0,0.0,0.0,0.0
1740686400000,402670.3619433822,402670.3619433822,0,0.0,0.0,0.0,0.0
1740700800000,402670.3619433822,402670.3619433822,0,0.0,0.0,0.0,0.0
1740715200000,402670.3619433822,402670.3619433822,0,0.0,0.0,0.0,0.0
1740729600000,402670.3619433822,402670.3619433822,0,0.0,0.0,0.0,0.0
1740744000000,402670.3619433822,402670.3619433822,0,0.0,0.0,0.0,0.0
1740758400000,402670.3619433822,402670.3619433822,0,0.0,0.0,0.0,0.0
1740772800000,402670.3619433822,402670.3619433822,0,0.0,0.0,0.0,0.0
1740787200000,402670.3619433822,402670.3619433822,0,0.0,0.0,0.0,0.0
1740801600000,402670.3619433822,402670.3619433822,0,0.0,0.0,0.0,0.0
1740816000000,402670.3619433822,402670.3619433822,0,0.0,0.0,0.0,0.0
1740830400000,402670.3619433822,402670.3619433822,0,0.0,0.0,0.0,0.0
1740844800000,402670.3619433822,402670.3619433822,0,0.0,0.0,0.0,0.0
1740859200000,402670.3619433822,402670.3619433822,0,0.0,0.0,0.0,0.0
1740873600000,402670.3619433822,402670.3619433822,0,0.0,0.0,0.0,0.0
1740888000000,402670.3619433822,402670.3619433822,0,0.0,0.0,0.0,0.0
1740902400000,402670.3619433822,402670.3619433822,0,0.0,0.0,0.0,0.0
1740916800000,402670.3619433822,402670.3619433822,0,0.0,0.0,0.0,0.0
1740931200000,402670.3619433822,402670.3619433822,0,0.0,0.0,0.0,0.0
1740945600000,402670.3619433822,402670.3619433822,0,0.0,0.0,0.0,0.0
1740960000000,402670.3619433822,402670.3619433822,0,0.0,0.0,0.0,0.0
1740974400000,402670.3619433822,402670.3619433822,0,0.0,0.0,0.0,0.0
1740988800000,402670.3619433822,402670.3619433822,0,0.0,0.0,0.0,0.0
1741003200000,402670.3619433822,402670.3619433822,0,0.0,0.0,0.0,0.0
1741017600000,402670.3619433822,402670.3619433822,0,0.0,0.0,0.0,0.0
1741032000000,402670.3619433822,402670.3619433822,0,0.0,0.0,0.0,0.0
1741046400000,402670.3619433822,402670.3619433822,0,0.0,0.0,0.0,0.0
1741060800000,402670.3619433822,402670.3619433822,0,0.0,0.0,0.0,0.0
1741075200000,402670.3619433822,402670.3619433822,0,0.0,0.0,0.0,0.0
1741089600000,402670.3619433822,402670.3619433822,0,0.0,0.0,0.0,0.0
1741104000000,402670.3619433822,402670.3619433822,0,0.0,0.0,0.0,0.0
1741118400000,402670.3619433822,402670.3619433822,0,0.0,0.0,0.0,0.0
1741132800000,402670.3619433822,402670.3619433822,0,0.0,0.0,0.0,0.0
1741147200000,402670.3619433822,402670.3619433822,0,0.0,0.0,0.0,0.0
1741161600000,402670.3619433822,402670.3619433822,0,0.0,0.0,0.0,0.0
1741176000000,402670.3619433822,402670.3619433822,0,0.0,0.0,0.0,0.0
1741190400000,402670.3619433822,402670.3619433822,0,0.0,0.0,0.0,0.0
1741204800000,402670.3619433822,402670.3619433822,0,0.0,0.0,0.0,0.0
1741219200000,402670.3619433822,402670.3619433822,0,0.0,0.0,0.0,0.0
1741233600000,402670.3619433822,402670.3619433822,0,0.0,0.0,0.0,0.0
1741248000000,402670.3619433822,402670.3619433822,0,0.0,0.0,0.0,0.0
1741262400000,402670.3619433822,402670.3619433822,0,0.0,0.0,0.0,0.0
1741276800000,402670.3619433822,402670.3619433822,0,0.0,0.0,0.0,0.0
1741291200000,402670.3619433822,402670.3619433822,0,0.0,0.0,0.0,0.0
1741305600000,402670.3619433822,402670.3619433822,0,0.0,0.0,0.0,0.0
1741320000000,402670.3619433822,402670.3619433822,0,0.0,0.0,0.0,0.0
1741334400000,402670.3619433822,402670.3619433822,0,0.0,0.0,0.0,0.0
1741348800000,402670.3619433822,402670.3619433822,0,0.0,0.0,0.0,0.0
1741363200000,402670.3619433822,402670.3619433822,0,0.0,0.0,0.0,0.0
1741377600000,402670.3619433822,402670.3619433822,0,0.0,0.0,0.0,0.0
1741392000000,402670.3619433822,402670.3619433822,0,0.0,0.0,0.0,0.0
1741406400000,402670.3619433822,402670.3619433822,0,0.0,0.0,0.0,0.0
1741420800000,402670.3619433822,402670.3619433822,0,0.0,0.0,0.0,0.0
1741435200000,402670.3619433822,402670.3619433822,0,0.0,0.0,0.0,0.0
1741449600000,402670.3619433822,402670.3619433822,0,0.0,0.0,0.0,0.0
1741464000000,402670.3619433822,402670.3619433822,0,0.0,0.0,0.0,0.0
1741478400000,402670.3619433822,402670.3619433822,0,0.0,0.0,0.0,0.0
1741492800000,402670.3619433822,402670.3619433822,0,0.0,0.0,0.0,0.0
1741507200000,402670.3619433822,402670.3619433822,0,0.0,0.0,0.0,0.0
1741521600000,409052.9909977776,402414.3625964476,1,505360.0654679329,8053.407238867644,8053.407238867644,505360.0654679329
1741536000000,418653.9828576868,410294.1828829342,1,247639.54695987885,4026.703619433822,4026.703619433822,247639.54695987885
1741550400000,421409.0847862762,410286.4166335328,1,244876.67878188804,4026.703619433822,4026.703619433822,244876.67878188804
1741564800000,430081.40527594765,410170.9274035388,2,467067.32905022544,12454.885315159347,12454.885315159347,467067.32905022544
1741579200000,425276.43307626335,410153.61833350075,2,471854.99217987165,12454.885315159347,12454.885315159347,471854.99217987165
1741593600000,421661.9044566179,410153.61833350075,2,475469.52079951717,12454.885315159347,12454.885315159347,475469.52079951717
1741608000000,414609.34032646246,416603.91742066445,1,232973.03708220486,8428.181695725525,8428.181695725525,232973.03708220486
1741622400000,426964.87110491697,416603.91742066445,1,220617.50630375033,8428.181695725525,8428.181695725525,220617.50630375033
1741636800000,434441.9371254797,424960.7851470068,1,106008.0780155285,4214.0908478627625,4214.0908478627625,106008.0780155285
1741651200000,436568.5140575406,424960.7851470068,1,103881.50108346758,4214.0908478627625,4214.0908478627625,103881.50108346758
1741665600000,436789.9161229412,424968.34148739564,1,103667.65535845587,4214.0908478627625,4214.0908478627625,103667.65535845587
1741680000000,435922.65290483815,424968.34148739564,1,104534.91857655892,4214.0908478627625,4214.0908478627625,104534.91857655892
1741694400000,434766.62371739,424976.5834694557,1,105699.18974606715,4214.0908478627625,4214.0908478627625,105699.18974606715
1741708800000,433649.8738201066,424976.5834694557,1,106815.93964335053,4214.0908478627625,4214.0908478627625,106815.93964335053
1741723200000,432437.38718548435,432437.38718548435,0,0.0,0.0,0.0,0.0
1741737600000,432437.38718548435,432437.38718548435,0,0.0,0.0,0.0,0.0
1741752000000,432437.38718548435,432437.38718548435,0,0.0,0.0,0.0,0.0
1741766400000,432437.38718548435,432437.38718548435,0,0.0,0.0,0.0,0.0
1741780800000,432437.38718548435,432437.38718548435,0,0.0,0.0,0.0,0.0
1741795200000,432437.38718548435,432437.38718548435,0,0.0,0.0,0.0,0.0
1741809600000,432437.38718548435,432437.38718548435,0,0.0,0.0,0.0,0.0
1741824000000,432437.38718548435,432437.38718548435,0,0.0,0.0,0.0,0.0
1741838400000,432437.38718548435,432437.38718548435,0,0.0,0.0,0.0,0.0
1741852800000,432437.38718548435,432437.38718548435,0,0.0,0.0,0.0,0.0
1741867200000,432437.38718548435,432437.38718548435,0,0.0,0.0,0.0,0.0
1741881600000,432437.38718548435,432437.38718548435,0,0.0,0.0,0.0,0.0
1741896000000,432437.38718548435,432437.38718548435,0,0.0,0.0,0.0,0.0
1741910400000,432437.38718548435,432437.38718548435,0,0.0,0.0,0.0,0.0
1741924800000,432437.38718548435,432437.38718548435,0,0.0,0.0,0.0,0.0
1741939200000,432437.38718548435,432437.38718548435,0,0.0,0.0,0.0,0.0
1741953600000,432437.38718548435,432437.38718548435,0,0.0,0.0,0.0,0.0
1741968000000,432437.38718548435,432437.38718548435,0,0.0,0.0,0.0,0.0
1741982400000,432437.38718548435,432437.38718548435,0,0.0,0.0,0.0,0.0
1741996800000,432437.38718548435,432437.38718548435,0,0.0,0.0,0.0,0.0
1742011200000,432437.38718548435,432437.38718548435,0,0.0,0.0,0.0,0.0
1742025600000,432437.38718548435,432437.38718548435,0,0.0,0.0,0.0,0.0
1742040000000,432437.38718548435,432437.38718548435,0,0.0,0.0,0.0,0.0
1742054400000,432437.38718548435,432437.38718548435,0,0.0,0.0,0.0,0.0
1742068800000,432437.38718548435,432437.38718548435,0,0.0,0.0,0.0,0.0
1742083200000,432437.38718548435,432437.38718548435,0,0.0,0.0,0.0,0.0
1742097600000,432437.38718548435,432437.38718548435,0,0.0,0.0,0.0,0.0
1742112000000,432437.38718548435,432437.38718548435,0,0.0,0.0,0.0,0.0
1742126400000,432437.38718548435,432437.38718548435,0,0.0,0.0,0.0,0.0
1742140800000,432437.38718548435,432437.38718548435,0,0.0,0.0,0.0,0.0
1742155200000,432437.38718548435,432437.38718548435,0,0.0,0.0,0.0,0.0
1742169600000,432437.38718548435,432437.38718548435,0,0.0,0.0,0.0,0.0
1742184000000,432437.38718548435,432437.38718548435,0,0.0,0.0,0.0,0.0
1742198400000,432437.38718548435,432437.38718548435,0,0.0,0.0,0.0,0.0
1742212800000,432437.38718548435,432437.38718548435,0,0.0,0.0,0.0,0.0
1742227200000,432437.38718548435,432437.38718548435,0,0.0,0.0,0.0,0.0
1742241600000,432437.38718548435,432437.38718548435,0,0.0,0.0,0.0,0.0
1742256000000,432437.38718548435,432437.38718548435,0,0.0,0.0,0.0,0.0
1742270400000,432437.38718548435,432437.38718548435,0,0.0,0.0,0.0,0.0
1742284800000,432437.38718548435,432437.38718548435,0,0.0,0.0,0.0,0.0
1742299200000,432437.38718548435,432437.38718548435,0,0.0,0.0,0.0,0.0
1742313600000,432437.38718548435,432437.38718548435,0,0.0,0.0,0.0,0.0
1742328000000,421903.1962716259,431996.1393044411,2,892588.7051193347,17289.581399222712,17289.581399222712,892588.7051193347
1742342400000,415399.3050481388,423127.1592391418,1,572987.5612223437,8648.747743709688,8648.747743709688,572987.5612223437
1742356800000,414077.764222042,414077.764222042,0,0.0,0.0,0.0,0.0
1742371200000,414077.764222042,414077.764222042,0,0.0,0.0,0.0,0.0
1742385600000,414077.764222042,414077.764222042,0,0.0,0.0,0.0,0.0
1742400000000,414077.764222042,414077.764222042,0,0.0,0.0,0.0,0.0
1742414400000,414077.764222042,414077.764222042,0,0.0,0.0,0.0,0.0
1742428800000,414077.764222042,414077.764222042,0,0.0,0.0,0.0,0.0
1742443200000,414077.764222042,414077.764222042,0,0.0,0.0,0.0,0.0
1742457600000,414077.764222042,414077.764222042,0,0.0,0.0,0.0,0.0
1742472000000,414077.764222042,414077.764222042,0,0.0,0.0,0.0,0.0
1742486400000,414077.764222042,414077.764222042,0,0.0,0.0,0.0,0.0
1742500800000,414077.764222042,414077.764222042,0,0.0,0.0,0.0,0.0
1742515200000,414077.764222042,414077.764222042,0,0.0,0.0,0.0,0.0
1742529600000,414077.764222042,414077.764222042,0,0.0,0.0,0.0,0.0
1742544000000,414077.764222042,414077.764222042,0,0.0,0.0,0.0,0.0
1742558400000,414077.764222042,414077.764222042,0,0.0,0.0,0.0,0.0
1742572800000,414077.764222042,414077.764222042,0,0.0,0.0,0.0,0.0
1742587200000,414077.764222042,414077.764222042,0,0.0,0.0,0.0,0.0
1742601600000,414077.764222042,414077.764222042,0,0.0,0.0,0.0,0.0
1742616000000,411498.06172967964,413876.22155037697,1,405463.5031507424,8281.55528444084,8281.55528444084,405463.5031507424
1742630400000,411697.8466536268,413876.22155037697,1,405263.7182267952,8281.55528444084,8281.55528444084,405263.7182267952
1742644800000,411810.866165076,413876.8620421059,1,405151.33920707495,8281.55528444084,8281.55528444084,405151.33920707495
1742659200000,415244.6695454176,413876.8620421059,1,401717.53582673334,8281.55528444084,8281.55528444084,401717.53582673334
1742673600000,411163.78287893935,413854.1066433041,1,405775.6670944098,8281.55528444084,8281.55528444084,405775.6670944098
1742688000000,414772.39806773484,413854.1066433041,1,402167.0519056144,8281.55528444084,8281.55528444084,402167.0519056144
1742702400000,413476.7783114371,413844.60233491624,1,403453.1673535242,8281.55528444084,8281.55528444084,403453.1673535242
1742716800000,411853.5258043665,413844.60233491624,1,405076.4198605948,8281.55528444084,8281.55528444084,405076.4198605948
1742731200000,412643.22691115446,413885.1099769023,1,404327.22639579297,8281.55528444084,8281.55528444084,404327.22639579297
1742745600000,412156.2511590333,413885.1099769023,1,404814.2021479141,8281.55528444084,8281.55528444084,404814.2021479141
1742760000000,414019.76626429847,413925.5876511498,1,402991.16471689637,8281.55528444084,8281.55528444084,402991.16471689637
1742774400000,410948.0730586111,413925.5876511498,1,406062.8579225838,8281.55528444084,8281.55528444084,406062.8579225838
1742788800000,405396.6406867812,405396.6406867812,0,0.0,0.0,0.0,0.0
1742803200000,405396.6406867812,405396.6406867812,0,0.0,0.0,0.0,0.0
1742817600000,405396.6406867812,405396.6406867812,0,0.0,0.0,0.0,0.0
1742832000000,405396.6406867812,405396.6406867812,0,0.0,0.0,0.0,0.0
1742846400000,405396.6406867812,405396.6406867812,0,0.0,0.0,0.0,0.0
1742860800000,405396.6406867812,405396.6406867812,0,0.0,0.0,0.0,0.0
1742875200000,405396.6406867812,405396.6406867812,0,0.0,0.0,0.0,0.0
1742889600000,405396.6406867812,405396.6406867812,0,0.0,0.0,0.0,0.0
1742904000000,405396.6406867812,405396.6406867812,0,0.0,0.0,0.0,0.0
1742918400000,405396.6406867812,405396.6406867812,0,0.0,0.0,0.0,0.0
1742932800000,405396.6406867812,405396.6406867812,0,0.0,0.0,0.0,0.0
1742947200000,405396.6406867812,405396.6406867812,0,0.0,0.0,0.0,0.0
1742961600000,405396.6406867812,405396.6406867812,0,0.0,0.0,0.0,0.0
1742976000000,405396.6406867812,405396.6406867812,0,0.0,0.0,0.0,0.0
1742990400000,405396.6406867812,405396.6406867812,0,0.0,0.0,0.0,0.0
1743004800000,405396.6406867812,405396.6406867812,0,0.0,0.0,0.0,0.0
1743019200000,405396.6406867812,405396.6406867812,0,0.0,0.0,0.0,0.0
1743033600000,405396.6406867812,405396.6406867812,0,0.0,0.0,0.0,0.0
1743048000000,402636.3138696034,405290.93454141164,1,214066.91141089686,4053.966406867812,4053.966406867812,214066.91141089686
1743062400000,403861.40644458577,405290.93454141164,1,212841.81883591448,4053.966406867812,4053.966406867812,212841.81883591448
1743076800000,405706.07686882734,405261.9339686213,1,210968.14783888255,4053.966406867812,4053.966406867812,210968.14783888255
1743091200000,406003.3419789334,405261.9339686213,1,210670.88272877652,4053.966406867812,4053.966406867812,210670.88272877652
1743105600000,405986.6281047098,405236.21206075815,1,210661.87469513694,4053.966406867812,4053.966406867812,210661.87469513694
1743120000000,405860.5156337557,405236.21206075815,1,210787.987166091,4053.966406867812,4053.966406867812,210787.987166091
1743134400000,408632.29295344144,405242.5230530939,1,208022.520838741,4053.966406867812,4053.966406867812,208022.520838741
1743148800000,414942.29473971465,409225.32276946993,1,99989.1733992996,2026.983203433906,2026.983203433906,99989.1733992996
1743163200000,411926.17288899637,408590.65902553656,4,1369914.473222727,24853.6061527234,24853.6061527234,1369914.473222727
1743177600000,430549.3701361821,408590.65902553656,4,1351291.2759755412,24853.6061527234,24853.6061527234,1351291.2759755412
1743192000000,435002.06616669946,408550.38197295775,5,1381937.3356210147,25832.26372995261,25832.26372995261,1381937.3356210147
1743206400000,424609.6789260225,408550.38197295775,5,1392329.7228616916,25832.26372995261,25832.26372995261,1392329.7228616916
1743220800000,431186.1387613878,408543.03376736754,5,1385745.9148207363,25832.26372995261,25832.26372995261,1385745.9148207363
1743235200000,450517.6901075237,408543.03376736754,5,1366414.3634746005,25832.26372995261,25832.26372995261,1366414.3634746005
1743249600000,469753.0281265471,431011.75464418036,5,735875.8254740684,14418.952255307862,14418.952255307862,735875.8254740684
1743264000000,466288.0457292778,431011.75464418036,5,739340.8078713377,14418.952255307862,14418.952255307862,739340.8078713377
1743278400000,464827.87710437493,430985.9663480455,5,740775.1882001058,14418.952255307862,14418.952255307862,740775.1882001058
1743292800000,466216.8108682954,430985.9663480455,5,739386.2544361854,14418.952255307862,14418.952255307862,739386.2544361854
1743307200000,460065.51206690056,438782.23245170416,4,647627.6739716945,12391.969051873955,12391.969051873955,647627.6739716945
1743321600000,459813.7590203296,438782.23245170416,4,647879.4270182655,12391.969051873955,12391.969051873955,647879.4270182655
1743336000000,460870.95707197185,438717.2411358188,4,646757.2376507379,12391.969051873955,12391.969051873955,646757.2376507379
1743350400000,463983.1027444721,438717.2411358188,4,643645.0919782376,12391.969051873955,12391.969051873955,643645.0919782376
1743364800000,463950.39601283445,438712.5779252506,4,643673.1354993071,12391.969051873955,12391.969051873955,643673.1354993071
1743379200000,467543.4129801085,439679.620242243,4,623477.6444847406,11902.640263259353,11902.640263259353,623477.6444847406
1743393600000,473514.9886495088,439633.38912427775,4,617459.837697375,11902.640263259353,11902.640263259353,617459.837697375
1743408000000,470946.3037994826,439633.38912427775,4,620028.5225474013,11902.640263259353,11902.640263259353,620028.5225474013
1743422400000,472106.21864027996,439644.76172239095,4,618879.9803047171,11902.640263259353,11902.640263259353,618879.9803047171
1743436800000,462154.24382829614,448320.1479993051,2,273554.36193066626,7263.897445478351,7263.897445478351,273554.36193066626
1743451200000,462760.21445256204,454835.1103491973,1,156114.90603843093,4144.564383520812,4144.564383520812,156114.90603843093
1743465600000,463608.3938717545,454835.1103491973,1,155266.72661923844,4144.564383520812,4144.564383520812,155266.72661923844
1743480000000,461698.21001020836,454820.85695408145,1,157162.65708566873,4144.564383520812,4144.564383520812,157162.65708566873
1743494400000,460924.86995153286,454820.85695408145,1,157935.99714434423,4144.564383520812,4144.564383520812,157935.99714434423
1743508800000,458803.6549322325,458803.6549322325,0,0.0,0.0,0.0,0.0
1743523200000,458803.6549322325,458803.6549322325,0,0.0,0.0,0.0,0.0
1743537600000,458803.6549322325,458803.6549322325,0,0.0,0.0,0.0,0.0
1743552000000,458803.6549322325,458803.6549322325,0,0.0,0.0,0.0,0.0
1743566400000,458803.6549322325,458803.6549322325,0,0.0,0.0,0.0,0.0
1743580800000,458803.6549322325,458803.6549322325,0,0.0,0.0,0.0,0.0
1743595200000,458803.6549322325,458803.6549322325,0,0.0,0.0,0.0,0.0
1743609600000,458803.6549322325,458803.6549322325,0,0.0,0.0,0.0,0.0
1743624000000,458803.6549322325,458803.6549322325,0,0.0,0.0,0.0,0.0
1743638400000,458803.6549322325,458803.6549322325,0,0.0,0.0,0.0,0.0
1743652800000,458803.6549322325,458803.6549322325,0,0.0,0.0,0.0,0.0
1743667200000,458803.6549322325,458803.6549322325,0,0.0,0.0,0.0,0.0
1743681600000,458803.6549322325,458803.6549322325,0,0.0,0.0,0.0,0.0
1743696000000,458803.6549322325,458803.6549322325,0,0.0,0.0,0.0,0.0
1743710400000,458803.6549322325,458803.6549322325,0,0.0,0.0,0.0,0.0
1743724800000,458803.6549322325,458803.6549322325,0,0.0,0.0,0.0,0.0
1743739200000,458803.6549322325,458803.6549322325,0,0.0,0.0,0.0,0.0
1743753600000,458803.6549322325,458803.6549322325,0,0.0,0.0,0.0,0.0
1743768000000,458803.6549322325,458803.6549322325,0,0.0,0.0,0.0,0.0
1743782400000,458803.6549322325,458803.6549322325,0,0.0,0.0,0.0,0.0
1743796800000,458803.6549322325,458803.6549322325,0,0.0,0.0,0.0,0.0
1743811200000,458803.6549322325,458803.6549322325,0,0.0,0.0,0.0,0.0
1743825600000,458803.6549322325,458803.6549322325,0,0.0,0.0,0.0,0.0
1743840000000,458803.6549322325,458803.6549322325,0,0.0,0.0,0.0,0.0
1743854400000,458803.6549322325,458803.6549322325,0,0.0,0.0,0.0,0.0
1743868800000,458803.6549322325,458803.6549322325,0,0.0,0.0,0.0,0.0
1743883200000,458803.6549322325,458803.6549322325,0,0.0,0.0,0.0,0.0
1743897600000,458803.6549322325,458803.6549322325,0,0.0,0.0,0.0,0.0
1743912000000,458803.6549322325,458803.6549322325,0,0.0,0.0,0.0,0.0
1743926400000,458803.6549322325,458803.6549322325,0,0.0,0.0,0.0,0.0
1743940800000,458803.6549322325,458803.6549322325,0,0.0,0.0,0.0,0.0
1743955200000,458803.6549322325,458803.6549322325,0,0.0,0.0,0.0,0.0
1743969600000,458803.6549322325,458803.6549322325,0,0.0,0.0,0.0,0.0
1743984000000,458803.6549322325,458803.6549322325,0,0.0,0.0,0.0,0.0
1743998400000,458803.6549322325,458803.6549322325,0,0.0,0.0,0.0,0.0
1744012800000,476788.8523159101,467556.90964920324,1,243248.8234354433,4588.036549322325,4588.036549322325,243248.8234354433
1744027200000,474510.34027689206,474510.34027689206,0,0.0,0.0,0.0,0.0
1744041600000,474510.34027689206,474510.34027689206,0,0.0,0.0,0.0,0.0
1744056000000,474510.34027689206,474510.34027689206,0,0.0,0.0,0.0,0.0
1744070400000,474510.34027689206,474510.34027689206,0,0.0,0.0,0.0,0.0
1744084800000,474510.34027689206,474510.34027689206,0,0.0,0.0,0.0,0.0
1744099200000,474510.34027689206,474510.34027689206,0,0.0,0.0,0.0,0.0
1744113600000,474510.34027689206,474510.34027689206,0,0.0,0.0,0.0,0.0
1744128000000,474510.34027689206,474510.34027689206,0,0.0,0.0,0.0,0.0
1744142400000,474510.34027689206,474510.34027689206,0,0.0,0.0,0.0,0.0
1744156800000,474510.34027689206,474510.34027689206,0,0.0,0.0,0.0,0.0
1744171200000,474510.34027689206,474510.34027689206,0,0.0,0.0,0.0,0.0
1744185600000,474510.34027689206,474510.34027689206,0,0.0,0.0,0.0,0.0
1744200000000,474510.34027689206,474510.34027689206,0,0.0,0.0,0.0,0.0
1744214400000,474510.34027689206,474510.34027689206,0,0.0,0.0,0.0,0.0
1744228800000,474510.34027689206,474510.34027689206,0,0.0,0.0,0.0,0.0
1744243200000,474510.34027689206,474510.34027689206,0,0.0,0.0,0.0,0.0
1744257600000,474510.34027689206,474510.34027689206,0,0.0,0.0,0.0,0.0
1744272000000,474510.34027689206,474510.34027689206,0,0.0,0.0,0.0,0.0
1744286400000,474510.34027689206,474510.34027689206,0,0.0,0.0,0.0,0.0
1744300800000,474510.34027689206,474510.34027689206,0,0.0,0.0,0.0,0.0
1744315200000,474510.34027689206,474510.34027689206,0,0.0,0.0,0.0,0.0
1744329600000,474510.34027689206,474510.34027689206,0,0.0,0.0,0.0,0.0
1744344000000,474510.34027689206,474510.34027689206,0,0.0,0.0,0.0,0.0
1744358400000,474510.34027689206,474510.34027689206,0,0.0,0.0,0.0,0.0
1744372800000,474510.34027689206,474510.34027689206,0,0.0,0.0,0.0,0.0
1744387200000,474510.34027689206,474510.34027689206,0,0.0,0.0,0.0,0.0
1744401600000,474510.34027689206,474510.34027689206,0,0.0,0.0,0.0,0.0
1744416000000,474510.34027689206,474510.34027689206,0,0.0,0.0,0.0,0.0
1744430400000,474510.34027689206,474510.34027689206,0,0.0,0.0,0.0,0.0
1744444800000,474510.34027689206,474510.34027689206,0,0.0,0.0,0.0,0.0
1744459200000,474510.34027689206,474510.34027689206,0,0.0,0.0,0.0,0.0
1744473600000,474510.34027689206,474510.34027689206,0,0.0,0.0,0.0,0.0
1744488000000,474510.34027689206,474510.34027689206,0,0.0,0.0,0.0,0.0
1744502400000,474510.34027689206,474510.34027689206,0,0.0,0.0,0.0,0.0
1744516800000,474510.34027689206,474510.34027689206,0,0.0,0.0,0.0,0.0
1744531200000,474510.34027689206,474510.34027689206,0,0.0,0.0,0.0,0.0
1744545600000,474510.34027689206,474510.34027689206,0,0.0,0.0,0.0,0.0
1744560000000,474510.34027689206,474510.34027689206,0,0.0,0.0,0.0,0.0
1744574400000,474510.34027689206,474510.34027689206,0,0.0,0.0,0.0,0.0
1744588800000,474510.34027689206,474510.34027689206,0,0.0,0.0,0.0,0.0
1744603200000,474510.34027689206,474510.34027689206,0,0.0,0.0,0.0,0.0
1744617600000,474510.34027689206,474510.34027689206,0,0.0,0.0,0.0,0.0
1744632000000,474510.34027689206,474510.34027689206,0,0.0,0.0,0.0,0.0
1744646400000,474510.34027689206,474510.34027689206,0,0.0,0.0,0.0,0.0
1744660800000,474510.34027689206,474510.34027689206,0,0.0,0.0,0.0,0.0
1744675200000,474510.34027689206,474510.34027689206,0,0.0,0.0,0.0,0.0
1744689600000,474510.34027689206,474510.34027689206,0,0.0,0.0,0.0,0.0
1744704000000,474510.34027689206,474510.34027689206,0,0.0,0.0,0.0,0.0
1744718400000,474510.34027689206,474510.34027689206,0,0.0,0.0,0.0,0.0
1744732800000,474510.34027689206,474510.34027689206,0,0.0,0.0,0.0,0.0
1744747200000,474510.34027689206,474510.34027689206,0,0.0,0.0,0.0,0.0
1744761600000,474510.34027689206,474510.34027689206,0,0.0,0.0,0.0,0.0
1744776000000,472821.8909798248,474427.15559398755,1,167974.63042319976,4745.103402768921,4745.103402768921,167974.63042319976
1744790400000,475228.65282014693,474427.15559398755,1,165567.86858287768,4745.103402768921,4745.103402768921,165567.86858287768
1744804800000,467529.09665400133,474240.01739376335,2,541084.6356920182,14249.613738658809,14249.613738658809,541084.6356920182
1744819200000,462714.1707174754,464471.21310535213,1,168126.40819691375,4745.103402768921,4745.103402768921,168126.40819691375
1744833600000,462180.14397780446,464468.4085736802,1,168657.6304049128,4745.103402768921,4745.103402768921,168657.6304049128
1744848000000,463188.3820460475,464468.4085736802,1,167649.39233666976,4745.103402768921,4745.103402768921,167649.39233666976
1744862400000,462578.70874825865,464476.6876402984,1,168267.34470107674,4745.103402768921,4745.103402768921,168267.34470107674
1744876800000,461028.4072024656,464476.6876402984,1,169817.64624686982,4745.103402768921,4745.103402768921,169817.64624686982
1744891200000,461252.27153492253,464483.7265817353,1,169600.8208558498,4745.103402768921,4745.103402768921,169600.8208558498
1744905600000,462629.1127678996,464483.7265817353,1,168223.97962287278,4745.103402768921,4745.103402768921,168223.97962287278
1744920000000,459615.89011866867,459615.89011866867,0,0.0,0.0,0.0,0.0
1744934400000,459615.89011866867,459615.89011866867,0,0.0,0.0,0.0,0.0
1744948800000,459615.89011866867,459615.89011866867,0,0.0,0.0,0.0,0.0
1744963200000,459615.89011866867,459615.89011866867,0,0.0,0.0,0.0,0.0
1744977600000,459615.89011866867,459615.89011866867,0,0.0,0.0,0.0,0.0
1744992000000,459615.89011866867,459615.89011866867,0,0.0,0.0,0.0,0.0
1745006400000,459615.89011866867,459615.89011866867,0,0.0,0.0,0.0,0.0
1745020800000,459615.89011866867,459615.89011866867,0,0.0,0.0,0.0,0.0
1745035200000,459615.89011866867,459615.89011866867,0,0.0,0.0,0.0,0.0
1745049600000,459615.89011866867,459615.89011866867,0,0.0,0.0,0.0,0.0
1745064000000,459615.89011866867,459615.89011866867,0,0.0,0.0,0.0,0.0
1745078400000,459615.89011866867,459615.89011866867,0,0.0,0.0,0.0,0.0
1745092800000,459615.89011866867,459615.89011866867,0,0.0,0.0,0.0,0.0
1745107200000,459615.89011866867,459615.89011866867,0,0.0,0.0,0.0,0.0
1745121600000,459615.89011866867,459615.89011866867,0,0.0,0.0,0.0,0.0
1745136000000,459615.89011866867,459615.89011866867,0,0.0,0.0,0.0,0.0
1745150400000,459615.89011866867,459615.89011866867,0,0.0,0.0,0.0,0.0
1745164800000,459615.89011866867,459615.89011866867,0,0.0,0.0,0.0,0.0
1745179200000,456130.5131151491,459493.03835392767,1,249066.05472073302,4596.158901186687,4596.158901186687,249066.05472073302
1745193600000,454721.644640904,454721.644640904,0,0.0,0.0,0.0,0.0
1745208000000,454721.644640904,454721.644640904,0,0.0,0.0,0.0,0.0
1745222400000,454721.644640904,454721.644640904,0,0.0,0.0,0.0,0.0
1745236800000,454721.644640904,454721.644640904,0,0.0,0.0,0.0,0.0
1745251200000,454721.644640904,454721.644640904,0,0.0,0.0,0.0,0.0
1745265600000,454721.644640904,454721.644640904,0,0.0,0.0,0.0,0.0
1745280000000,454721.644640904,454721.644640904,0,0.0,0.0,0.0,0.0
1745294400000,454721.644640904,454721.644640904,0,0.0,0.0,0.0,0.0
1745308800000,456309.96096209466,454454.7321155577,1,535680.2795390782,9094.43289281808,0.0,0.0
1745323200000,457148.64796720026,454458.71763380134,1,536514.9810259402,9094.43289281808,0.0,0.0
1745337600000,471132.0179412259,454458.71763380134,1,550498.3509999658,9094.43289281808,0.0,0.0
1745352000000,474049.24859560037,454497.5001999553,1,553376.7990881862,9094.43289281808,0.0,0.0
1745366400000,486457.7101038488,454497.5001999553,1,565785.2605964347,9094.43289281808,0.0,0.0
1745380800000,484776.1766645598,454505.358957225,1,564095.868399876,9094.43289281808,0.0,0.0
1745395200000,490691.1694216038,454505.358957225,1,570010.8611569201,9094.43289281808,0.0,0.0
1745409600000,486580.7002646035,454497.5263535743,1,565908.2246035704,9094.43289281808,0.0,0.0
1745424000000,484854.9640265269,454497.5263535743,1,564182.4883654938,9094.43289281808,0.0,0.0
1745438400000,486622.0551179736,454471.6447301362,1,565975.4610803786,9094.43289281808,0.0,0.0
1745452800000,487808.0823395089,454471.6447301362,1,567161.488301914,9094.43289281808,0.0,0.0
1745467200000,481770.7383257905,454486.7950972047,1,561108.993921127,9094.43289281808,0.0,0.0
1745481600000,478942.56616166985,454486.7950972047,1,558280.8217570063,9094.43289281808,0.0,0.0
1745496000000,481391.5372342634,454457.7082723003,1,560758.8796545044,9094.43289281808,0.0,0.0
1745510400000,484842.40397639136,454457.7082723003,1,564209.7463966323,9094.43289281808,0.0,0.0
1745524800000,486991.04356036836,454469.92394904804,1,566346.1703038616,9094.43289281808,0.0,0.0
1745539200000,489620.534964191,454469.92394904804,1,568975.6617076843,9094.43289281808,0.0,0.0
1745553600000,485580.0282676896,454479.96067972056,1,564925.1182805103,9094.43289281808,0.0,0.0
1745568000000,488433.6412608728,454479.96067972056,1,567778.7312736935,9094.43289281808,0.0,0.0
1745582400000,493692.26457870024,454478.9954558774,1,573038.3198153641,9094.43289281808,0.0,0.0
1745596800000,496100.0573292635,454478.9954558774,1,575446.1125659273,9094.43289281808,0.0,0.0
1745611200000,497488.92064441467,454478.3049169929,1,576835.666419963,9094.43289281808,0.0,0.0
1745625600000,493627.97196715936,454478.3049169929,1,572974.7177427077,9094.43289281808,0.0,0.0
1745640000000,494250.3005790223,454536.08941727725,1,573539.2618542863,9094.43289281808,0.0,0.0
1745654400000,493251.4451713044,454536.08941727725,1,572540.4064465684,9094.43289281808,0.0,0.0
1745668800000,490695.986995551,454551.9721789177,1,569969.0655091745,9094.43289281808,0.0,0.0
1745683200000,492085.54084958666,454551.9721789177,1,571358.6193632102,9094.43289281808,0.0,0.0
1745697600000,491681.55845767114,454535.6595631935,1,570970.9495870188,9094.43289281808,0.0,0.0
1745712000000,493587.8034352868,454535.6595631935,1,572877.1945646346,9094.43289281808,0.0,0.0
1745726400000,490846.36411834817,454544.252721112,1,570127.1620897774,9094.43289281808,0.0,0.0
1745740800000,490276.36840054195,454544.252721112,1,569557.1663719713,9094.43289281808,0.0,0.0
1745755200000,489332.1537322451,454548.0118024079,1,568609.1926223784,9094.43289281808,0.0,0.0
1745769600000,488934.1841583287,488934.1841583287,0,0.0,0.0,0.0,0.0
1745784000000,488934.1841583287,488934.1841583287,0,0.0,0.0,0.0,0.0
1745798400000,488934.1841583287,488934.1841583287,0,0.0,0.0,0.0,0.0
1745812800000,488934.1841583287,488934.1841583287,0,0.0,0.0,0.0,0.0
1745827200000,488934.1841583287,488934.1841583287,0,0.0,0.0,0.0,0.0
1745841600000,488934.1841583287,488934.1841583287,0,0.0,0.0,0.0,0.0
1745856000000,488934.1841583287,488934.1841583287,0,0.0,0.0,0.0,0.0
1745870400000,488934.1841583287,488934.1841583287,0,0.0,0.0,0.0,0.0
1745884800000,488934.1841583287,488934.1841583287,0,0.0,0.0,0.0,0.0
1745899200000,488934.1841583287,488934.1841583287,0,0.0,0.0,0.0,0.0
1745913600000,488934.1841583287,488934.1841583287,0,0.0,0.0,0.0,0.0
1745928000000,488934.1841583287,488934.1841583287,0,0.0,0.0,0.0,0.0
1745942400000,488934.1841583287,488934.1841583287,0,0.0,0.0,0.0,0.0
1745956800000,488934.1841583287,488934.1841583287,0,0.0,0.0,0.0,0.0
1745971200000,488934.1841583287,488934.1841583287,0,0.0,0.0,0.0,0.0
1745985600000,488934.1841583287,488934.1841583287,0,0.0,0.0,0.0,0.0
1746000000000,488934.1841583287,488934.1841583287,0,0.0,0.0,0.0,0.0
1746014400000,488934.1841583287,488934.1841583287,0,0.0,0.0,0.0,0.0
1746028800000,488934.1841583287,488934.1841583287,0,0.0,0.0,0.0,0.0
1746043200000,488934.1841583287,488934.1841583287,0,0.0,0.0,0.0,0.0
1746057600000,488934.1841583287,488934.1841583287,0,0.0,0.0,0.0,0.0
1746072000000,488934.1841583287,488934.1841583287,0,0.0,0.0,0.0,0.0
1746086400000,488934.1841583287,488934.1841583287,0,0.0,0.0,0.0,0.0
1746100800000,488934.1841583287,488934.1841583287,0,0.0,0.0,0.0,0.0
1746115200000,488934.1841583287,488934.1841583287,0,0.0,0.0,0.0,0.0
1746129600000,488934.1841583287,488934.1841583287,0,0.0,0.0,0.0,0.0
1746144000000,488934.1841583287,488934.1841583287,0,0.0,0.0,0.0,0.0
1746158400000,488934.1841583287,488934.1841583287,0,0.0,0.0,0.0,0.0
1746172800000,488934.1841583287,488934.1841583287,0,0.0,0.0,0.0,0.0
1746187200000,488934.1841583287,488934.1841583287,0,0.0,0.0,0.0,0.0
1746201600000,488934.1841583287,488934.1841583287,0,0.0,0.0,0.0,0.0
1746216000000,488934.1841583287,488934.1841583287,0,0.0,0.0,0.0,0.0
1746230400000,488934.1841583287,488934.1841583287,0,0.0,0.0,0.0,0.0
1746244800000,488934.1841583287,488934.1841583287,0,0.0,0.0,0.0,0.0
1746259200000,488934.1841583287,488934.1841583287,0,0.0,0.0,0.0,0.0
1746273600000,488934.1841583287,488934.1841583287,0,0.0,0.0,0.0,0.0
1746288000000,488934.1841583287,488934.1841583287,0,0.0,0.0,0.0,0.0
1746302400000,488934.1841583287,488934.1841583287,0,0.0,0.0,0.0,0.0
1746316800000,488934.1841583287,488934.1841583287,0,0.0,0.0,0.0,0.0
1746331200000,488934.1841583287,488934.1841583287,0,0.0,0.0,0.0,0.0
1746345600000,488934.1841583287,488934.1841583287,0,0.0,0.0,0.0,0.0
1746360000000,488934.1841583287,488934.1841583287,0,0.0,0.0,0.0,0.0
1746374400000,488934.1841583287,488934.1841583287,0,0.0,0.0,0.0,0.0
1746388800000,489417.3720869341,488585.51422308345,1,696508.0126266514,4889.341841583287,4889.341841583287,696508.0126266514
1746403200000,492177.43819363863,488585.51422308345,1,693747.9465199469,4889.341841583287,4889.341841583287,693747.9465199469
1746417600000,489053.6569780352,488375.79421885044,1,696662.0077313174,4889.341841583287,4889.341841583287,696662.0077313174
1746432000000,484356.5430932291,484356.5430932291,0,0.0,0.0,0.0,0.0
1746446400000,484356.5430932291,484356.5430932291,0,0.0,0.0,0.0,0.0
1746460800000,484356.5430932291,484356.5430932291,0,0.0,0.0,0.0,0.0
1746475200000,484356.5430932291,484356.5430932291,0,0.0,0.0,0.0,0.0
1746489600000,484356.5430932291,484356.5430932291,0,0.0,0.0,0.0,0.0
1746504000000,484356.5430932291,484356.5430932291,0,0.0,0.0,0.0,0.0
1746518400000,484356.5430932291,484356.5430932291,0,0.0,0.0,0.0,0.0
1746532800000,484356.5430932291,484356.5430932291,0,0.0,0.0,0.0,0.0
1746547200000,484356.5430932291,484356.5430932291,0,0.0,0.0,0.0,0.0
1746561600000,484356.5430932291,484356.5430932291,0,0.0,0.0,0.0,0.0
1746576000000,484356.5430932291,484356.5430932291,0,0.0,0.0,0.0,0.0
1746590400000,484356.5430932291,484356.5430932291,0,0.0,0.0,0.0,0.0
1746604800000,484356.5430932291,484356.5430932291,0,0.0,0.0,0.0,0.0
1746619200000,484356.5430932291,484356.5430932291,0,0.0,0.0,0.0,0.0
1746633600000,484356.5430932291,484356.5430932291,0,0.0,0.0,0.0,0.0
1746648000000,484356.5430932291,484356.5430932291,0,0.0,0.0,0.0,0.0
1746662400000,484356.5430932291,484356.5430932291,0,0.0,0.0,0.0,0.0
1746676800000,484356.5430932291,484356.5430932291,0,0.0,0.0,0.0,0.0
1746691200000,484356.5430932291,484356.5430932291,0,0.0,0.0,0.0,0.0
1746705600000,484356.5430932291,484356.5430932291,0,0.0,0.0,0.0,0.0
1746720000000,484356.5430932291,484356.5430932291,0,0.0,0.0,0.0,0.0
1746734400000,484356.5430932291,484356.5430932291,0,0.0,0.0,0.0,0.0
1746748800000,484356.5430932291,484356.5430932291,0,0.0,0.0,0.0,0.0
1746763200000,484356.5430932291,484356.5430932291,0,0.0,0.0,0.0,0.0
1746777600000,484356.5430932291,484356.5430932291,0,0.0,0.0,0.0,0.0
1746792000000,484356.5430932291,484356.5430932291,0,0.0,0.0,0.0,0.0
1746806400000,484356.5430932291,484356.5430932291,0,0.0,0.0,0.0,0.0
1746820800000,484356.5430932291,484356.5430932291,0,0.0,0.0,0.0,0.0
1746835200000,484356.5430932291,484356.5430932291,0,0.0,0.0,0.0,0.0
1746849600000,484356.5430932291,484356.5430932291,0,0.0,0.0,0.0,0.0
1746864000000,484356.5430932291,484356.5430932291,0,0.0,0.0,0.0,0.0
1746878400000,484356.5430932291,484356.5430932291,0,0.0,0.0,0.0,0.0
1746892800000,484356.5430932291,484356.5430932291,0,0.0,0.0,0.0,0.0
1746907200000,484356.5430932291,484356.5430932291,0,0.0,0.0,0.0,0.0
1746921600000,484356.5430932291,484356.5430932291,0,0.0,0.0,0.0,0.0
1746936000000,484356.5430932291,484356.5430932291,0,0.0,0.0,0.0,0.0
1746950400000,484356.5430932291,484356.5430932291,0,0.0,0.0,0.0,0.0
1746964800000,484356.5430932291,484356.5430932291,0,0.0,0.0,0.0,0.0
1746979200000,484356.5430932291,484356.5430932291,0,0.0,0.0,0.0,0.0
1746993600000,484356.5430932291,484356.5430932291,0,0.0,0.0,0.0,0.0
1747008000000,484356.5430932291,484356.5430932291,0,0.0,0.0,0.0,0.0
1747022400000,484356.5430932291,484356.5430932291,0,0.0,0.0,0.0,0.0
1747036800000,484356.5430932291,484356.5430932291,0,0.0,0.0,0.0,0.0
1747051200000,484356.5430932291,484356.5430932291,0,0.0,0.0,0.0,0.0
1747065600000,484356.5430932291,484356.5430932291,0,0.0,0.0,0.0,0.0
1747080000000,484356.5430932291,484356.5430932291,0,0.0,0.0,0.0,0.0
1747094400000,484356.5430932291,484356.5430932291,0,0.0,0.0,0.0,0.0
1747108800000,484356.5430932291,484356.5430932291,0,0.0,0.0,0.0,0.0
1747123200000,484356.5430932291,484356.5430932291,0,0.0,0.0,0.0,0.0
1747137600000,484356.5430932291,484356.5430932291,0,0.0,0.0,0.0,0.0
1747152000000,484356.5430932291,484356.5430932291,0,0.0,0.0,0.0,0.0
1747166400000,484356.5430932291,484356.5430932291,0,0.0,0.0,0.0,0.0
1747180800000,484356.5430932291,484356.5430932291,0,0.0,0.0,0.0,0.0
1747195200000,484356.5430932291,484356.5430932291,0,0.0,0.0,0.0,0.0
1747209600000,484356.5430932291,484356.5430932291,0,0.0,0.0,0.0,0.0
1747224000000,484356.5430932291,484356.5430932291,0,0.0,0.0,0.0,0.0
1747238400000,484356.5430932291,484356.5430932291,0,0.0,0.0,0.0,0.0
1747252800000,484356.5430932291,484356.5430932291,0,0.0,0.0,0.0,0.0
1747267200000,484356.5430932291,484356.5430932291,0,0.0,0.0,0.0,0.0
1747281600000,484356.5430932291,484356.5430932291,0,0.0,0.0,0.0,0.0
1747296000000,484356.5430932291,484356.5430932291,0,0.0,0.0,0.0,0.0
1747310400000,484356.5430932291,484356.5430932291,0,0.0,0.0,0.0,0.0
1747324800000,484356.5430932291,484356.5430932291,0,0.0,0.0,0.0,0.0
1747339200000,484356.5430932291,484356.5430932291,0,0.0,0.0,0.0,0.0
1747353600000,484356.5430932291,484356.5430932291,0,0.0,0.0,0.0,0.0
1747368000000,484356.5430932291,484356.5430932291,0,0.0,0.0,0.0,0.0
1747382400000,484356.5430932291,484356.5430932291,0,0.0,0.0,0.0,0.0
1747396800000,484356.5430932291,484356.5430932291,0,0.0,0.0,0.0,0.0
1747411200000,484356.5430932291,484356.5430932291,0,0.0,0.0,0.0,0.0
1747425600000,484356.5430932291,484356.5430932291,0,0.0,0.0,0.0,0.0
1747440000000,484356.5430932291,484356.5430932291,0,0.0,0.0,0.0,0.0
1747454400000,484356.5430932291,484356.5430932291,0,0.0,0.0,0.0,0.0
1747468800000,484356.5430932291,484356.5430932291,0,0.0,0.0,0.0,0.0
1747483200000,484356.5430932291,484356.5430932291,0,0.0,0.0,0.0,0.0
1747497600000,484356.5430932291,484356.5430932291,0,0.0,0.0,0.0,0.0
1747512000000,484356.5430932291,484356.5430932291,0,0.0,0.0,0.0,0.0
1747526400000,484356.5430932291,484356.5430932291,0,0.0,0.0,0.0,0.0
1747540800000,484356.5430932291,484356.5430932291,0,0.0,0.0,0.0,0.0
1747555200000,484356.5430932291,484356.5430932291,0,0.0,0.0,0.0,0.0
1747569600000,484356.5430932291,484356.5430932291,0,0.0,0.0,0.0,0.0
1747584000000,484356.5430932291,484356.5430932291,0,0.0,0.0,0.0,0.0
1747598400000,484356.5430932291,484356.5430932291,0,0.0,0.0,0.0,0.0
1747612800000,484356.5430932291,484356.5430932291,0,0.0,0.0,0.0,0.0
1747627200000,484356.5430932291,484356.5430932291,0,0.0,0.0,0.0,0.0
1747641600000,484356.5430932291,484356.5430932291,0,0.0,0.0,0.0,0.0
1747656000000,484356.5430932291,484356.5430932291,0,0.0,0.0,0.0,0.0
1747670400000,484356.5430932291,484356.5430932291,0,0.0,0.0,0.0,0.0
1747684800000,484356.5430932291,484356.5430932291,0,0.0,0.0,0.0,0.0
1747699200000,484356.5430932291,484356.5430932291,0,0.0,0.0,0.0,0.0
1747713600000,484356.5430932291,484356.5430932291,0,0.0,0.0,0.0,0.0
1747728000000,484356.5430932291,484356.5430932291,0,0.0,0.0,0.0,0.0
1747742400000,484356.5430932291,484356.5430932291,0,0.0,0.0,0.0,0.0
1747756800000,484356.5430932291,484356.5430932291,0,0.0,0.0,0.0,0.0
1747771200000,484356.5430932291,484356.5430932291,0,0.0,0.0,0.0,0.0
1747785600000,484356.5430932291,484356.5430932291,0,0.0,0.0,0.0,0.0
1747800000000,484356.5430932291,484356.5430932291,0,0.0,0.0,0.0,0.0
1747814400000,484356.5430932291,484356.5430932291,0,0.0,0.0,0.0,0.0
1747828800000,484356.5430932291,484356.5430932291,0,0.0,0.0,0.0,0.0
1747843200000,484356.5430932291,484356.5430932291,0,0.0,0.0,0.0,0.0
1747857600000,484356.5430932291,484356.5430932291,0,0.0,0.0,0.0,0.0
1747872000000,484356.5430932291,484356.5430932291,0,0.0,0.0,0.0,0.0
1747886400000,484356.5430932291,484356.5430932291,0,0.0,0.0,0.0,0.0
1747900800000,484356.5430932291,484356.5430932291,0,0.0,0.0,0.0,0.0
1747915200000,484356.5430932291,484356.5430932291,0,0.0,0.0,0.0,0.0
1747929600000,484356.5430932291,484356.5430932291,0,0.0,0.0,0.0,0.0
1747944000000,484356.5430932291,484356.5430932291,0,0.0,0.0,0.0,0.0
1747958400000,484356.5430932291,484356.5430932291,0,0.0,0.0,0.0,0.0
1747972800000,484356.5430932291,484356.5430932291,0,0.0,0.0,0.0,0.0
1747987200000,484356.5430932291,484356.5430932291,0,0.0,0.0,0.0,0.0
1748001600000,484356.5430932291,484356.5430932291,0,0.0,0.0,0.0,0.0
1748016000000,484356.5430932291,484356.5430932291,0,0.0,0.0,0.0,0.0
1748030400000,484356.5430932291,484356.5430932291,0,0.0,0.0,0.0,0.0
1748044800000,484356.5430932291,484356.5430932291,0,0.0,0.0,0.0,0.0
1748059200000,484356.5430932291,484356.5430932291,0,0.0,0.0,0.0,0.0
1748073600000,484356.5430932291,484356.5430932291,0,0.0,0.0,0.0,0.0
1748088000000,484356.5430932291,484356.5430932291,0,0.0,0.0,0.0,0.0
1748102400000,484356.5430932291,484356.5430932291,0,0.0,0.0,0.0,0.0
1748116800000,484356.5430932291,484356.5430932291,0,0.0,0.0,0.0,0.0
1748131200000,484356.5430932291,484356.5430932291,0,0.0,0.0,0.0,0.0
1748145600000,484356.5430932291,484356.5430932291,0,0.0,0.0,0.0,0.0
1748160000000,484356.5430932291,484356.5430932291,0,0.0,0.0,0.0,0.0
1748174400000,484356.5430932291,484356.5430932291,0,0.0,0.0,0.0,0.0
1748188800000,484356.5430932291,484356.5430932291,0,0.0,0.0,0.0,0.0
1748203200000,484356.5430932291,484356.5430932291,0,0.0,0.0,0.0,0.0
1748217600000,484356.5430932291,484356.5430932291,0,0.0,0.0,0.0,0.0
1748232000000,484356.5430932291,484356.5430932291,0,0.0,0.0,0.0,0.0
1748246400000,484356.5430932291,484356.5430932291,0,0.0,0.0,0.0,0.0
1748260800000,484356.5430932291,484356.5430932291,0,0.0,0.0,0.0,0.0
1748275200000,484356.5430932291,484356.5430932291,0,0.0,0.0,0.0,0.0
1748289600000,484356.5430932291,484356.5430932291,0,0.0,0.0,0.0,0.0
1748304000000,484356.5430932291,484356.5430932291,0,0.0,0.0,0.0,0.0
1748318400000,484356.5430932291,484356.5430932291,0,0.0,0.0,0.0,0.0
1748332800000,484356.5430932291,484356.5430932291,0,0.0,0.0,0.0,0.0
1748347200000,484356.5430932291,484356.5430932291,0,0.0,0.0,0.0,0.0
1748361600000,484356.5430932291,484356.5430932291,0,0.0,0.0,0.0,0.0
1748376000000,484356.5430932291,484356.5430932291,0,0.0,0.0,0.0,0.0
1748390400000,484356.5430932291,484356.5430932291,0,0.0,0.0,0.0,0.0
1748404800000,484356.5430932291,484356.5430932291,0,0.0,0.0,0.0,0.0
1748419200000,484356.5430932291,484356.5430932291,0,0.0,0.0,0.0,0.0
1748433600000,484356.5430932291,484356.5430932291,0,0.0,0.0,0.0,0.0
1748448000000,484356.5430932291,484356.5430932291,0,0.0,0.0,0.0,0.0
1748462400000,484356.5430932291,484356.5430932291,0,0.0,0.0,0.0,0.0
1748476800000,484356.5430932291,484356.5430932291,0,0.0,0.0,0.0,0.0
1748491200000,484356.5430932291,484356.5430932291,0,0.0,0.0,0.0,0.0
1748505600000,484356.5430932291,484356.5430932291,0,0.0,0.0,0.0,0.0
1748520000000,484356.5430932291,484356.5430932291,0,0.0,0.0,0.0,0.0
1748534400000,484356.5430932291,484356.5430932291,0,0.0,0.0,0.0,0.0
1748548800000,484356.5430932291,484356.5430932291,0,0.0,0.0,0.0,0.0
1748563200000,484356.5430932291,484356.5430932291,0,0.0,0.0,0.0,0.0
1748577600000,484356.5430932291,484356.5430932291,0,0.0,0.0,0.0,0.0
1748592000000,484356.5430932291,484356.5430932291,0,0.0,0.0,0.0,0.0
1748606400000,481773.52617956814,484282.17379260185,1,151247.2488675172,4843.565430932292,4843.565430932292,151247.2488675172
1748620800000,487219.6912108701,484197.9077814347,2,314248.84015939187,9661.231255922874,9661.231255922874,314248.84015939187
1748635200000,488392.87255387934,484193.7051284296,2,313071.4561633775,9661.231255922874,9661.231255922874,313071.4561633775
1748649600000,497829.775026564,484193.7051284296,2,303634.55369069276,9661.231255922874,9661.231255922874,303634.55369069276
1748664000000,504083.009223133,493704.64090351324,2,148256.94347479386,4830.615627961437,4830.615627961437,148256.94347479386
1748678400000,503007.981771276,493704.64090351324,2,149331.9709266509,4830.615627961437,4830.615627961437,149331.9709266509
1748692800000,502967.23888925556,493683.06595302076,2,149351.13885817886,4830.615627961437,4830.615627961437,149351.13885817886
1748707200000,500126.28441921534,493683.06595302076,2,152192.09332821902,4830.615627961437,4830.615627961437,152192.09332821902
1748721600000,497940.7660799301,493673.61928637803,2,154368.16500086154,4830.615627961437,4830.615627961437,154368.16500086154
1748736000000,498179.97004504566,494912.7771114172,1,80998.81823354342,2408.8329124952907,2408.8329124952907,80998.81823354342
1748750400000,498922.1068303216,494906.4291150221,1,80250.33345187242,2408.8329124952907,2408.8329124952907,80250.33345187242
1748764800000,498777.0516400753,494906.4291150221,1,80395.38864211873,2408.8329124952907,2408.8329124952907,80395.38864211873
1748779200000,499092.5926393785,494902.84869578347,1,80076.26722357684,2408.8329124952907,2408.8329124952907,80076.26722357684
1748793600000,498332.5034424878,494902.84869578347,1,80836.35642046755,2408.8329124952907,2408.8329124952907,80836.35642046755
1748808000000,497951.8407059128,494910.93386906857,1,81225.10433032768,2408.8329124952907,2408.8329124952907,81225.10433032768
1748822400000,497316.1468100249,497316.1468100249,0,0.0,0.0,0.0,0.0
1748836800000,497316.1468100249,497316.1468100249,0,0.0,0.0,0.0,0.0
1748851200000,497316.1468100249,497316.1468100249,0,0.0,0.0,0.0,0.0
1748865600000,497316.1468100249,497316.1468100249,0,0.0,0.0,0.0,0.0
1748880000000,497316.1468100249,497316.1468100249,0,0.0,0.0,0.0,0.0
1748894400000,497316.1468100249,497316.1468100249,0,0.0,0.0,0.0,0.0
1748908800000,497316.1468100249,497316.1468100249,0,0.0,0.0,0.0,0.0
1748923200000,497316.1468100249,497316.1468100249,0,0.0,0.0,0.0,0.0
1748937600000,497316.1468100249,497316.1468100249,0,0.0,0.0,0.0,0.0
1748952000000,497316.1468100249,497316.1468100249,0,0.0,0.0,0.0,0.0
1748966400000,497316.1468100249,497316.1468100249,0,0.0,0.0,0.0,0.0
1748980800000,497285.53518599237,497138.536666718,1,355367.2851330192,9946.322936200499,0.0,0.0
1748995200000,492952.05204309843,497138.536666718,1,351033.80199012527,9946.322936200499,0.0,0.0
1749009600000,497624.9287344095,497123.12628281064,1,355722.0890653437,9946.322936200499,0.0,0.0
1749024000000,497561.2807007482,497123.12628281064,1,355658.4410316824,9946.322936200499,0.0,0.0
1749038400000,497182.0712216238,497096.01230904635,1,355306.3455263223,9946.322936200499,0.0,0.0
1749052800000,503032.2734645306,497096.01230904635,1,361156.5477692291,9946.322936200499,0.0,0.0
1749067200000,496970.7318689556,497067.491776469,1,355123.52670623147,9946.322936200499,0.0,0.0
1749081600000,494839.1998480446,497067.491776469,1,352991.9946853205,9946.322936200499,0.0,0.0
1749096000000,497184.4957669284,497059.1646633685,1,355345.6177173048,9946.322936200499,0.0,0.0
1749110400000,494369.0859375295,497059.1646633685,1,352530.2078879058,9946.322936200499,0.0,0.0
1749124800000,494803.5878918213,497029.1713932814,1,352994.70311228477,9946.322936200499,0.0,0.0
1749139200000,492325.37721947883,497029.1713932814,1,350516.4924399423,9946.322936200499,0.0,0.0
1749153600000,492058.98495723185,492058.98495723185,0,0.0,0.0,0.0,0.0
1749168000000,501228.70466492116,491858.6722325994,1,391255.4168325694,9841.179699144637,9841.179699144637,391255.4168325694
1749182400000,486887.25385298615,491551.46511262766,2,881032.4096691952,19864.367077535073,19864.367077535073,881032.4096691952
1749196800000,490305.28772429965,491551.46511262766,2,877614.3757978817,19864.367077535073,19864.367077535073,877614.3757978817
1749211200000,485001.1192255733,491537.7332383603,2,882904.8124223407,19864.367077535073,19864.367077535073,882904.8124223407
1749225600000,478288.6515197563,478288.6515197563,0,0.0,0.0,0.0,0.0
1749240000000,478288.6515197563,478288.6515197563,0,0.0,0.0,0.0,0.0
1749254400000,478288.6515197563,478288.6515197563,0,0.0,0.0,0.0,0.0
1749268800000,478288.6515197563,478288.6515197563,0,0.0,0.0,0.0,0.0
1749283200000,478288.6515197563,478288.6515197563,0,0.0,0.0,0.0,0.0
1749297600000,478288.6515197563,478288.6515197563,0,0.0,0.0,0.0,0.0
1749312000000,478288.6515197563,478288.6515197563,0,0.0,0.0,0.0,0.0
1749326400000,478288.6515197563,478288.6515197563,0,0.0,0.0,0.0,0.0
1749340800000,478288.6515197563,478288.6515197563,0,0.0,0.0,0.0,0.0
1749355200000,478288.6515197563,478288.6515197563,0,0.0,0.0,0.0,0.0
1749369600000,478288.6515197563,478288.6515197563,0,0.0,0.0,0.0,0.0
1749384000000,478288.6515197563,478288.6515197563,0,0.0,0.0,0.0,0.0
1749398400000,478288.6515197563,478288.6515197563,0,0.0,0.0,0.0,0.0
1749412800000,478288.6515197563,478288.6515197563,0,0.0,0.0,0.0,0.0
1749427200000,478288.6515197563,478288.6515197563,0,0.0,0.0,0.0,0.0
1749441600000,478288.6515197563,478288.6515197563,0,0.0,0.0,0.0,0.0
1749456000000,478288.6515197563,478288.6515197563,0,0.0,0.0,0.0,0.0
1749470400000,478288.6515197563,478288.6515197563,0,0.0,0.0,0.0,0.0
1749484800000,478288.6515197563,478288.6515197563,0,0.0,0.0,0.0,0.0
1749499200000,478288.6515197563,478288.6515197563,0,0.0,0.0,0.0,0.0
1749513600000,478288.6515197563,478288.6515197563,0,0.0,0.0,0.0,0.0
1749528000000,478288.6515197563,478288.6515197563,0,0.0,0.0,0.0,0.0
1749542400000,478288.6515197563,478288.6515197563,0,0.0,0.0,0.0,0.0
1749556800000,478288.6515197563,478288.6515197563,0,0.0,0.0,0.0,0.0
1749571200000,468320.1658860039,468320.1658860039,0,0.0,0.0,0.0,0.0
1749585600000,468320.1658860039,468320.1658860039,0,0.0,0.0,0.0,0.0
1749600000000,468320.1658860039,468320.1658860039,0,0.0,0.0,0.0,0.0
1749614400000,468320.1658860039,468320.1658860039,0,0.0,0.0,0.0,0.0
1749628800000,468320.1658860039,468320.1658860039,0,0.0,0.0,0.0,0.0
1749643200000,468320.1658860039,468320.1658860039,0,0.0,0.0,0.0,0.0
1749657600000,468320.1658860039,468320.1658860039,0,0.0,0.0,0.0,0.0
1749672000000,468320.1658860039,468320.1658860039,0,0.0,0.0,0.0,0.0
1749686400000,468320.1658860039,468320.1658860039,0,0.0,0.0,0.0,0.0
1749700800000,468320.1658860039,468320.1658860039,0,0.0,0.0,0.0,0.0
1749715200000,468320.1658860039,468320.1658860039,0,0.0,0.0,0.0,0.0
1749729600000,468320.1658860039,468320.1658860039,0,0.0,0.0,0.0,0.0
1749744000000,468320.1658860039,468320.1658860039,0,0.0,0.0,0.0,0.0
1749758400000,468320.1658860039,468320.1658860039,0,0.0,0.0,0.0,0.0
1749772800000,468320.1658860039,468320.1658860039,0,0.0,0.0,0.0,0.0
1749787200000,468320.1658860039,468320.1658860039,0,0.0,0.0,0.0,0.0
1749801600000,468320.1658860039,468320.1658860039,0,0.0,0.0,0.0,0.0
1749816000000,468320.1658860039,468320.1658860039,0,0.0,0.0,0.0,0.0
1749830400000,468320.1658860039,468320.1658860039,0,0.0,0.0,0.0,0.0
1749844800000,468320.1658860039,468320.1658860039,0,0.0,0.0,0.0,0.0
1749859200000,468320.1658860039,468320.1658860039,0,0.0,0.0,0.0,0.0
1749873600000,468320.1658860039,468320.1658860039,0,0.0,0.0,0.0,0.0
1749888000000,468320.1658860039,468320.1658860039,0,0.0,0.0,0.0,0.0
1749902400000,468320.1658860039,468320.1658860039,0,0.0,0.0,0.0,0.0
1749916800000,468320.1658860039,468320.1658860039,0,0.0,0.0,0.0,0.0
1749931200000,468320.1658860039,468320.1658860039,0,0.0,0.0,0.0,0.0
1749945600000,468320.1658860039,468320.1658860039,0,0.0,0.0,0.0,0.0
1749960000000,468320.1658860039,468320.1658860039,0,0.0,0.0,0.0,0.0
1749974400000,468320.1658860039,468320.1658860039,0,0.0,0.0,0.0,0.0
1749988800000,468320.1658860039,468320.1658860039,0,0.0,0.0,0.0,0.0
1750003200000,468320.1658860039,468320.1658860039,0,0.0,0.0,0.0,0.0
1750017600000,468320.1658860039,468320.1658860039,0,0.0,0.0,0.0,0.0
1750032000000,468320.1658860039,468320.1658860039,0,0.0,0.0,0.0,0.0
1750046400000,468320.1658860039,468320.1658860039,0,0.0,0.0,0.0,0.0
1750060800000,468320.1658860039,468320.1658860039,0,0.0,0.0,0.0,0.0
1750075200000,468320.1658860039,468320.1658860039,0,0.0,0.0,0.0,0.0
1750089600000,468320.1658860039,468320.1658860039,0,0.0,0.0,0.0,0.0
1750104000000,468320.1658860039,468320.1658860039,0,0.0,0.0,0.0,0.0
1750118400000,468320.1658860039,468320.1658860039,0,0.0,0.0,0.0,0.0
1750132800000,465293.4892148333,468223.4724280127,1,196316.89919555833,4683.201658860039,4683.201658860039,196316.89919555833
1750147200000,466907.23698764754,468223.4724280127,1,194703.15142274406,4683.201658860039,4683.201658860039,194703.15142274406
1750161600000,469663.52326434123,468234.14617457095,1,191957.5388926087,4683.201658860039,4683.201658860039,191957.5388926087
1750176000000,473574.6202970647,468234.14617457095,1,188046.4418598852,4683.201658860039,4683.201658860039,188046.4418598852
1750190400000,474127.49857433006,472858.08423254004,1,95424.04364939943,2341.6008294300195,2341.6008294300195,95424.04364939943
1750204800000,474710.24082562415,472858.08423254004,1,94841.3013981054,2341.6008294300195,2341.6008294300195,94841.3013981054
1750219200000,473977.0593678502,472864.5371706393,1,95580.9357939786,2341.6008294300195,2341.6008294300195,95580.9357939786
1750233600000,473674.4816604475,472864.5371706393,1,95883.51350138127,2341.6008294300195,2341.6008294300195,95883.51350138127
1750248000000,475073.6867098279,472874.12608231854,1,94493.89736368011,2341.6008294300195,2341.6008294300195,94493.89736368011
1750262400000,475387.4709989862,472874.12608231854,1,94180.11307452177,2341.6008294300195,2341.6008294300195,94180.11307452177
1750276800000,476033.27199549397,472881.1519187539,1,93541.33791444945,2341.6008294300195,2341.6008294300195,93541.33791444945
1750291200000,473999.2774068426,472881.1519187539,1,95575.33250310077,2341.6008294300195,2341.6008294300195,95575.33250310077
1750305600000,473859.2799695452,472886.84004428,1,95721.01806592429,2341.6008294300195,2341.6008294300195,95721.01806592429
1750320000000,474380.3860211831,472886.84004428,1,95199.91201428634,2341.6008294300195,2341.6008294300195,95199.91201428634
1750334400000,474964.2324588463,472893.5475215269,1,94622.77305387013,2341.6008294300195,2341.6008294300195,94622.77305387013
1750348800000,475350.85952941637,472893.5475215269,1,94236.14598330004,2341.6008294300195,2341.6008294300195,94236.14598330004
1750363200000,474513.19725653616,472896.3788803208,1,95076.63961497413,2341.6008294300195,2341.6008294300195,95076.63961497413
1750377600000,473503.7895909148,473503.7895909148,0,0.0,0.0,0.0,0.0
1750392000000,473503.7895909148,473503.7895909148,0,0.0,0.0,0.0,0.0
1750406400000,473503.7895909148,473503.7895909148,0,0.0,0.0,0.0,0.0
1750420800000,473503.7895909148,473503.7895909148,0,0.0,0.0,0.0,0.0
1750435200000,473503.7895909148,473503.7895909148,0,0.0,0.0,0.0,0.0
1750449600000,473503.7895909148,473503.7895909148,0,0.0,0.0,0.0,0.0
1750464000000,473503.7895909148,473503.7895909148,0,0.0,0.0,0.0,0.0
1750478400000,465057.41154837183,472908.3132389304,3,1198803.6056594057,28376.58973657152,28376.58973657152,1198803.6056594057
1750492800000,466456.8598358582,472908.3132389304,3,1197404.1573719194,28376.58973657152,28376.58973657152,1197404.1573719194
1750507200000,458676.56642051367,472899.7288826857,3,1205175.8664310193,28376.58973657152,28376.58973657152,1205175.8664310193
1750521600000,474233.26494590606,472899.7288826857,3,1189619.1679056268,28376.58973657152,28376.58973657152,1189619.1679056268
1750536000000,495859.2029184503,472929.32485432544,3,1168022.8259047223,28376.58973657152,28376.58973657152,1168022.8259047223
1750550400000,527789.1070200766,502213.3716667416,4,613724.7729946432,14877.307024689093,14877.307024689093,613724.7729946432
1750564800000,530687.2002485561,502331.8994663978,3,567121.0512022653,14188.29486828576,14188.29486828576,567121.0512022653
1750579200000,525624.8850844478,502050.4862206556,4,1134728.4446050045,24802.021280638583,24802.021280638583,1134728.4446050045
1750593600000,540388.4102289431,502129.50403295597,4,1120043.9372728097,24802.021280638583,24802.021280638583,1120043.9372728097
1750608000000,584734.5721302876,512553.643701826,4,804708.6692981485,19495.15807446217,19495.15807446217,804708.6692981485
1750622400000,577757.5483286423,512566.4082346725,4,811698.4576326404,19495.15807446217,19495.15807446217,811698.4576326404
1750636800000,558698.6079767501,518436.82646429265,3,555214.5704719662,14188.29486828576,14188.29486828576,555214.5704719662
1750651200000,554650.9630512333,544676.9008266366,1,178904.39233875409,4732.076072258797,4732.076072258797,178904.39233875409
1750665600000,553336.5380993615,553336.5380993615,0,0.0,0.0,0.0,0.0
1750680000000,553336.5380993615,553336.5380993615,0,0.0,0.0,0.0,0.0
1750694400000,553336.5380993615,553336.5380993615,0,0.0,0.0,0.0,0.0
1750708800000,553336.5380993615,553336.5380993615,0,0.0,0.0,0.0,0.0
1750723200000,553336.5380993615,553336.5380993615,0,0.0,0.0,0.0,0.0
1750737600000,553336.5380993615,553336.5380993615,0,0.0,0.0,0.0,0.0
1750752000000,553336.5380993615,553336.5380993615,0,0.0,0.0,0.0,0.0
1750766400000,553336.5380993615,553336.5380993615,0,0.0,0.0,0.0,0.0
1750780800000,553336.5380993615,553336.5380993615,0,0.0,0.0,0.0,0.0
1750795200000,553336.5380993615,553336.5380993615,0,0.0,0.0,0.0,0.0
1750809600000,553336.5380993615,553336.5380993615,0,0.0,0.0,0.0,0.0
1750824000000,553336.5380993615,553336.5380993615,0,0.0,0.0,0.0,0.0
1750838400000,553336.5380993615,553336.5380993615,0,0.0,0.0,0.0,0.0
1750852800000,553336.5380993615,553336.5380993615,0,0.0,0.0,0.0,0.0
1750867200000,553336.5380993615,553336.5380993615,0,0.0,0.0,0.0,0.0
1750881600000,553336.5380993615,553336.5380993615,0,0.0,0.0,0.0,0.0
1750896000000,553336.5380993615,553336.5380993615,0,0.0,0.0,0.0,0.0
1750910400000,553336.5380993615,553336.5380993615,0,0.0,0.0,0.0,0.0
1750924800000,553336.5380993615,553336.5380993615,0,0.0,0.0,0.0,0.0
1750939200000,553336.5380993615,553336.5380993615,0,0.0,0.0,0.0,0.0
1750953600000,553336.5380993615,553336.5380993615,0,0.0,0.0,0.0,0.0
1750968000000,553336.5380993615,553336.5380993615,0,0.0,0.0,0.0,0.0
1750982400000,553336.5380993615,553336.5380993615,0,0.0,0.0,0.0,0.0
1750996800000,553336.5380993615,553336.5380993615,0,0.0,0.0,0.0,0.0
1751011200000,553336.5380993615,553336.5380993615,0,0.0,0.0,0.0,0.0
1751025600000,553336.5380993615,553336.5380993615,0,0.0,0.0,0.0,0.0
1751040000000,553336.5380993615,553336.5380993615,0,0.0,0.0,0.0,0.0
1751054400000,553336.5380993615,553336.5380993615,0,0.0,0.0,0.0,0.0
1751068800000,553336.5380993615,553336.5380993615,0,0.0,0.0,0.0,0.0
1751083200000,553336.5380993615,553336.5380993615,0,0.0,0.0,0.0,0.0
1751097600000,553336.5380993615,553336.5380993615,0,0.0,0.0,0.0,0.0
1751112000000,553336.5380993615,553336.5380993615,0,0.0,0.0,0.0,0.0
1751126400000,553336.5380993615,553336.5380993615,0,0.0,0.0,0.0,0.0
1751140800000,553336.5380993615,553336.5380993615,0,0.0,0.0,0.0,0.0
1751155200000,553336.5380993615,553336.5380993615,0,0.0,0.0,0.0,0.0
1751169600000,553336.5380993615,553336.5380993615,0,0.0,0.0,0.0,0.0
1751184000000,553336.5380993615,553336.5380993615,0,0.0,0.0,0.0,0.0
1751198400000,553336.5380993615,553336.5380993615,0,0.0,0.0,0.0,0.0
1751212800000,553336.5380993615,553336.5380993615,0,0.0,0.0,0.0,0.0
1751227200000,553336.5380993615,553336.5380993615,0,0.0,0.0,0.0,0.0
1751241600000,553336.5380993615,553336.5380993615,0,0.0,0.0,0.0,0.0
1751256000000,553336.5380993615,553336.5380993615,0,0.0,0.0,0.0,0.0
1751270400000,553336.5380993615,553336.5380993615,0,0.0,0.0,0.0,0.0
1751284800000,553336.5380993615,553336.5380993615,0,0.0,0.0,0.0,0.0
1751299200000,553336.5380993615,553336.5380993615,0,0.0,0.0,0.0,0.0
1751313600000,553336.5380993615,553336.5380993615,0,0.0,0.0,0.0,0.0
1751328000000,553336.5380993615,553336.5380993615,0,0.0,0.0,0.0,0.0
1751342400000,553336.5380993615,553336.5380993615,0,0.0,0.0,0.0,0.0
1751356800000,553336.5380993615,553336.5380993615,0,0.0,0.0,0.0,0.0
1751371200000,553336.5380993615,553336.5380993615,0,0.0,0.0,0.0,0.0
1751385600000,553336.5380993615,553336.5380993615,0,0.0,0.0,0.0,0.0
1751400000000,558293.3815583498,553051.7449256607,2,564344.710768922,11064.640626967184,11064.640626967184,564344.710768922
1751414400000,549763.1181393381,552078.1159456772,4,2519159.305175025,33377.478762831204,33377.478762831204,2519159.305175025
1751428800000,535458.6060438599,539879.7344512623,3,1126658.3900624658,22211.29688762479,22211.29688762479,1126658.3900624658
1751443200000,519779.0817956482,522613.4798319332,1,301408.05042109906,5533.365380993615,5533.365380993615,301408.05042109906
1751457600000,516941.4186224166,516941.4186224166,0,0.0,0.0,0.0,0.0
1751472000000,516941.4186224166,516941.4186224166,0,0.0,0.0,0.0,0.0
1751486400000,516941.4186224166,516941.4186224166,0,0.0,0.0,0.0,0.0
1751500800000,516941.4186224166,516941.4186224166,0,0.0,0.0,0.0,0.0
1751515200000,516941.4186224166,516941.4186224166,0,0.0,0.0,0.0,0.0
1751529600000,516941.4186224166,516941.4186224166,0,0.0,0.0,0.0,0.0
1751544000000,516941.4186224166,516941.4186224166,0,0.0,0.0,0.0,0.0
1751558400000,516941.4186224166,516941.4186224166,0,0.0,0.0,0.0,0.0
1751572800000,516941.4186224166,516941.4186224166,0,0.0,0.0,0.0,0.0
1751587200000,516941.4186224166,516941.4186224166,0,0.0,0.0,0.0,0.0
1751601600000,516941.4186224166,516941.4186224166,0,0.0,0.0,0.0,0.0
1751616000000,516941.4186224166,516941.4186224166,0,0.0,0.0,0.0,0.0
1751630400000,516941.4186224166,516941.4186224166,0,0.0,0.0,0.0,0.0
1751644800000,516941.4186224166,516941.4186224166,0,0.0,0.0,0.0,0.0
1751659200000,516941.4186224166,516941.4186224166,0,0.0,0.0,0.0,0.0
1751673600000,516941.4186224166,516941.4186224166,0,0.0,0.0,0.0,0.0
1751688000000,516941.4186224166,516941.4186224166,0,0.0,0.0,0.0,0.0
1751702400000,516941.4186224166,516941.4186224166,0,0.0,0.0,0.0,0.0
1751716800000,516941.4186224166,516941.4186224166,0,0.0,0.0,0.0,0.0
1751731200000,516941.4186224166,516941.4186224166,0,0.0,0.0,0.0,0.0
1751745600000,516941.4186224166,516941.4186224166,0,0.0,0.0,0.0,0.0
1751760000000,516941.4186224166,516941.4186224166,0,0.0,0.0,0.0,0.0
1751774400000,516941.4186224166,516941.4186224166,0,0.0,0.0,0.0,0.0
1751788800000,516941.4186224166,516941.4186224166,0,0.0,0.0,0.0,0.0
1751803200000,516941.4186224166,516941.4186224166,0,0.0,0.0,0.0,0.0
1751817600000,516941.4186224166,516941.4186224166,0,0.0,0.0,0.0,0.0
1751832000000,516941.4186224166,516941.4186224166,0,0.0,0.0,0.0,0.0
1751846400000,516941.4186224166,516941.4186224166,0,0.0,0.0,0.0,0.0
1751860800000,516941.4186224166,516941.4186224166,0,0.0,0.0,0.0,0.0
1751875200000,516941.4186224166,516941.4186224166,0,0.0,0.0,0.0,0.0
1751889600000,516941.4186224166,516941.4186224166,0,0.0,0.0,0.0,0.0
1751904000000,516941.4186224166,516941.4186224166,0,0.0,0.0,0.0,0.0
1751918400000,516941.4186224166,516941.4186224166,0,0.0,0.0,0.0,0.0
1751932800000,516941.4186224166,516941.4186224166,0,0.0,0.0,0.0,0.0
1751947200000,516941.4186224166,516941.4186224166,0,0.0,0.0,0.0,0.0
1751961600000,516941.4186224166,516941.4186224166,0,0.0,0.0,0.0,0.0
1751976000000,516941.4186224166,516941.4186224166,0,0.0,0.0,0.0,0.0
1751990400000,516941.4186224166,516941.4186224166,0,0.0,0.0,0.0,0.0
1752004800000,516941.4186224166,516941.4186224166,0,0.0,0.0,0.0,0.0
1752019200000,516941.4186224166,516941.4186224166,0,0.0,0.0,0.0,0.0
1752033600000,516941.4186224166,516941.4186224166,0,0.0,0.0,0.0,0.0
1752048000000,516941.4186224166,516941.4186224166,0,0.0,0.0,0.0,0.0
1752062400000,516941.4186224166,516941.4186224166,0,0.0,0.0,0.0,0.0
1752076800000,516941.4186224166,516941.4186224166,0,0.0,0.0,0.0,0.0
1752091200000,516941.4186224166,516941.4186224166,0,0.0,0.0,0.0,0.0
1752105600000,516941.4186224166,516941.4186224166,0,0.0,0.0,0.0,0.0
1752120000000,516941.4186224166,516941.4186224166,0,0.0,0.0,0.0,0.0
1752134400000,518079.98202938336,516733.0981366483,1,417987.85542931047,10338.828372448332,0.0,0.0
1752148800000,515181.307400843,516309.86658795085,2,1244193.179698253,20700.25018973554,0.0,0.0
1752163200000,514897.765047112,516309.86658795085,2,1243909.637344522,20700.25018973554,0.0,0.0
1752177600000,536631.621958977,516287.0362100789,2,1265666.324634259,20700.25018973554,0.0,0.0
1752192000000,570319.5948696606,516287.0362100789,2,1299354.2975449427,20700.25018973554,0.0,0.0
1752206400000,578772.0497251669,516157.1015305043,2,1307936.6870800236,20700.25018973554,0.0,0.0
1752220800000,578830.8136132171,516157.1015305043,2,1307995.4509680737,20700.25018973554,0.0,0.0
1752235200000,582307.34018438,516051.9642909018,2,1311577.114778839,20700.25018973554,0.0,0.0
1752249600000,571646.2321199959,516051.9642909018,2,1300916.006714455,20700.25018973554,0.0,0.0
1752264000000,586163.5183029078,515921.87817684974,2,1315563.3790114191,20700.25018973554,0.0,0.0
1752278400000,577525.945528803,515921.87817684974,2,1306925.8062373144,20700.25018973554,0.0,0.0
1752292800000,580539.3130391858,515791.18231128267,2,1310069.869613264,20700.25018973554,0.0,0.0
1752307200000,579576.8860562821,515791.18231128267,2,1309107.4426303604,20700.25018973554,0.0,0.0
1752321600000,575833.5484609312,515660.27156701963,2,1305495.0157792724,20700.25018973554,0.0,0.0
1752336000000,561362.5466486607,515660.27156701963,2,1291024.013967002,20700.25018973554,0.0,0.0
1752350400000,564294.4121516593,517220.69830921927,1,875754.4811912255,10361.421817287206,0.0,0.0
1752364800000,563278.0139405916,517220.69830921927,1,874738.0829801578,10361.421817287206,0.0,0.0
1752379200000,565591.4455094346,517133.2244264053,1,877138.9884318148,10361.421817287206,0.0,0.0
1752393600000,567368.6520588455,517133.2244264053,1,878916.1949812258,10361.421817287206,0.0,0.0
1752408000000,567922.3375823305,517045.32720815303,1,879557.7777229628,10361.421817287206,0.0,0.0
1752422400000,572203.2816604712,517045.32720815303,1,883838.7218011037,10361.421817287206,0.0,0.0
1752436800000,574442.7768631937,516956.94263713976,1,886166.6015748394,10361.421817287206,0.0,0.0
1752451200000,575301.946318737,516956.94263713976,1,887025.7710303828,10361.421817287206,0.0,0.0
1752465600000,587860.2463983559,516885.5262362696,1,899655.4875108717,10361.421817287206,0.0,0.0
1752480000000,602747.0524545958,516885.5262362696,1,914542.2935671116,10361.421817287206,0.0,0.0
1752494400000,593292.6731907832,516794.08210593654,1,905179.3584336321,10361.421817287206,0.0,0.0
1752508800000,581285.1652925827,516794.08210593654,1,893171.8505354316,10361.421817287206,0.0,0.0
1752523200000,581619.8408041628,516704.7615895859,1,893595.8465633624,10361.421817287206,0.0,0.0
1752537600000,580848.6002261166,516704.7615895859,1,892824.6059853161,10361.421817287206,0.0,0.0
1752552000000,561330.7601277467,516615.4776181728,1,873396.0498583594,10361.421817287206,0.0,0.0
1752566400000,560719.4702324509,560719.4702324509,0,0.0,0.0,0.0,0.0
1752580800000,560719.4702324509,560719.4702324509,0,0.0,0.0,0.0,0.0
1752595200000,560719.4702324509,560719.4702324509,0,0.0,0.0,0.0,0.0
1752609600000,560719.4702324509,560719.4702324509,0,0.0,0.0,0.0,0.0
1752624000000,560719.4702324509,560719.4702324509,0,0.0,0.0,0.0,0.0
1752638400000,560719.4702324509,560719.4702324509,0,0.0,0.0,0.0,0.0
1752652800000,560719.4702324509,560719.4702324509,0,0.0,0.0,0.0,0.0
1752667200000,560719.4702324509,560719.4702324509,0,0.0,0.0,0.0,0.0
1752681600000,560719.4702324509,560719.4702324509,0,0.0,0.0,0.0,0.0
1752696000000,560719.4702324509,560719.4702324509,0,0.0,0.0,0.0,0.0
1752710400000,560719.4702324509,560719.4702324509,0,0.0,0.0,0.0,0.0
1752724800000,560719.4702324509,560719.4702324509,0,0.0,0.0,0.0,0.0
1752739200000,560719.4702324509,560719.4702324509,0,0.0,0.0,0.0,0.0
1752753600000,560719.4702324509,560719.4702324509,0,0.0,0.0,0.0,0.0
1752768000000,560719.4702324509,560719.4702324509,0,0.0,0.0,0.0,0.0
1752782400000,560719.4702324509,560719.4702324509,0,0.0,0.0,0.0,0.0
1752796800000,560719.4702324509,560719.4702324509,0,0.0,0.0,0.0,0.0
1752811200000,560719.4702324509,560719.4702324509,0,0.0,0.0,0.0,0.0
1752825600000,560719.4702324509,560719.4702324509,0,0.0,0.0,0.0,0.0
1752840000000,560719.4702324509,560719.4702324509,0,0.0,0.0,0.0,0.0
1752854400000,560719.4702324509,560719.4702324509,0,0.0,0.0,0.0,0.0
1752868800000,560719.4702324509,560719.4702324509,0,0.0,0.0,0.0,0.0
1752883200000,560719.4702324509,560719.4702324509,0,0.0,0.0,0.0,0.0
1752897600000,560719.4702324509,560719.4702324509,0,0.0,0.0,0.0,0.0
1752912000000,560719.4702324509,560719.4702324509,0,0.0,0.0,0.0,0.0
1752926400000,560719.4702324509,560719.4702324509,0,0.0,0.0,0.0,0.0
1752940800000,560719.4702324509,560719.4702324509,0,0.0,0.0,0.0,0.0
1752955200000,560719.4702324509,560719.4702324509,0,0.0,0.0,0.0,0.0
1752969600000,560719.4702324509,560719.4702324509,0,0.0,0.0,0.0,0.0
1752984000000,560719.4702324509,560719.4702324509,0,0.0,0.0,0.0,0.0
1752998400000,560719.4702324509,560719.4702324509,0,0.0,0.0,0.0,0.0
1753012800000,560719.4702324509,560719.4702324509,0,0.0,0.0,0.0,0.0
1753027200000,560719.4702324509,560719.4702324509,0,0.0,0.0,0.0,0.0
1753041600000,560719.4702324509,560719.4702324509,0,0.0,0.0,0.0,0.0
1753056000000,560719.4702324509,560719.4702324509,0,0.0,0.0,0.0,0.0
1753070400000,560719.4702324509,560719.4702324509,0,0.0,0.0,0.0,0.0
1753084800000,560719.4702324509,560719.4702324509,0,0.0,0.0,0.0,0.0
1753099200000,560719.4702324509,560719.4702324509,0,0.0,0.0,0.0,0.0
1753113600000,560719.4702324509,560719.4702324509,0,0.0,0.0,0.0,0.0
1753128000000,560719.4702324509,560719.4702324509,0,0.0,0.0,0.0,0.0
1753142400000,560719.4702324509,560719.4702324509,0,0.0,0.0,0.0,0.0
1753156800000,560719.4702324509,560719.4702324509,0,0.0,0.0,0.0,0.0
1753171200000,560719.4702324509,560719.4702324509,0,0.0,0.0,0.0,0.0
1753185600000,560719.4702324509,560719.4702324509,0,0.0,0.0,0.0,0.0
1753200000000,560719.4702324509,560719.4702324509,0,0.0,0.0,0.0,0.0
1753214400000,560719.4702324509,560719.4702324509,0,0.0,0.0,0.0,0.0
1753228800000,560719.4702324509,560719.4702324509,0,0.0,0.0,0.0,0.0
1753243200000,560719.4702324509,560719.4702324509,0,0.0,0.0,0.0,0.0
1753257600000,560719.4702324509,560719.4702324509,0,0.0,0.0,0.0,0.0
1753272000000,560719.4702324509,560719.4702324509,0,0.0,0.0,0.0,0.0
1753286400000,560719.4702324509,560719.4702324509,0,0.0,0.0,0.0,0.0
1753300800000,560719.4702324509,560719.4702324509,0,0.0,0.0,0.0,0.0
1753315200000,560719.4702324509,560719.4702324509,0,0.0,0.0,0.0,0.0
1753329600000,560719.4702324509,560719.4702324509,0,0.0,0.0,0.0,0.0
1753344000000,560719.4702324509,560719.4702324509,0,0.0,0.0,0.0,0.0
1753358400000,560719.4702324509,560719.4702324509,0,0.0,0.0,0.0,0.0
1753372800000,560719.4702324509,560719.4702324509,0,0.0,0.0,0.0,0.0
1753387200000,560719.4702324509,560719.4702324509,0,0.0,0.0,0.0,0.0
1753401600000,560719.4702324509,560719.4702324509,0,0.0,0.0,0.0,0.0
1753416000000,560719.4702324509,560719.4702324509,0,0.0,0.0,0.0,0.0
1753430400000,560719.4702324509,560719.4702324509,0,0.0,0.0,0.0,0.0
1753444800000,560719.4702324509,560719.4702324509,0,0.0,0.0,0.0,0.0
1753459200000,560719.4702324509,560719.4702324509,0,0.0,0.0,0.0,0.0
1753473600000,560719.4702324509,560719.4702324509,0,0.0,0.0,0.0,0.0
1753488000000,560719.4702324509,560719.4702324509,0,0.0,0.0,0.0,0.0
1753502400000,560719.4702324509,560719.4702324509,0,0.0,0.0,0.0,0.0
1753516800000,560719.4702324509,560719.4702324509,0,0.0,0.0,0.0,0.0
1753531200000,560719.4702324509,560719.4702324509,0,0.0,0.0,0.0,0.0
1753545600000,560719.4702324509,560719.4702324509,0,0.0,0.0,0.0,0.0
1753560000000,560719.4702324509,560719.4702324509,0,0.0,0.0,0.0,0.0
1753574400000,560719.4702324509,560719.4702324509,0,0.0,0.0,0.0,0.0
1753588800000,560719.4702324509,560719.4702324509,0,0.0,0.0,0.0,0.0
1753603200000,560719.4702324509,560719.4702324509,0,0.0,0.0,0.0,0.0
1753617600000,560719.4702324509,560719.4702324509,0,0.0,0.0,0.0,0.0
1753632000000,560719.4702324509,560719.4702324509,0,0.0,0.0,0.0,0.0
1753646400000,560719.4702324509,560719.4702324509,0,0.0,0.0,0.0,0.0
1753660800000,560719.4702324509,560719.4702324509,0,0.0,0.0,0.0,0.0
1753675200000,560719.4702324509,560719.4702324509,0,0.0,0.0,0.0,0.0
1753689600000,560719.4702324509,560719.4702324509,0,0.0,0.0,0.0,0.0
1753704000000,560719.4702324509,560719.4702324509,0,0.0,0.0,0.0,0.0
1753718400000,560719.4702324509,560719.4702324509,0,0.0,0.0,0.0,0.0
1753732800000,560719.4702324509,560719.4702324509,0,0.0,0.0,0.0,0.0
1753747200000,560719.4702324509,560719.4702324509,0,0.0,0.0,0.0,0.0
1753761600000,560719.4702324509,560719.4702324509,0,0.0,0.0,0.0,0.0
1753776000000,560719.4702324509,560719.4702324509,0,0.0,0.0,0.0,0.0
1753790400000,560719.4702324509,560719.4702324509,0,0.0,0.0,0.0,0.0
1753804800000,560719.4702324509,560719.4702324509,0,0.0,0.0,0.0,0.0
1753819200000,560719.4702324509,560719.4702324509,0,0.0,0.0,0.0,0.0
1753833600000,560719.4702324509,560719.4702324509,0,0.0,0.0,0.0,0.0
1753848000000,560719.4702324509,560719.4702324509,0,0.0,0.0,0.0,0.0
1753862400000,560719.4702324509,560719.4702324509,0,0.0,0.0,0.0,0.0
1753876800000,560719.4702324509,560719.4702324509,0,0.0,0.0,0.0,0.0
1753891200000,560719.4702324509,560719.4702324509,0,0.0,0.0,0.0,0.0
1753905600000,560719.4702324509,560719.4702324509,0,0.0,0.0,0.0,0.0
1753920000000,560719.4702324509,560719.4702324509,0,0.0,0.0,0.0,0.0
1753934400000,560719.4702324509,560719.4702324509,0,0.0,0.0,0.0,0.0
1753948800000,560719.4702324509,560719.4702324509,0,0.0,0.0,0.0,0.0
1753963200000,560719.4702324509,560719.4702324509,0,0.0,0.0,0.0,0.0
1753977600000,560719.4702324509,560719.4702324509,0,0.0,0.0,0.0,0.0
1753992000000,560719.4702324509,560719.4702324509,0,0.0,0.0,0.0,0.0
1754006400000,560719.4702324509,560719.4702324509,0,0.0,0.0,0.0,0.0
1754020800000,560719.4702324509,560719.4702324509,0,0.0,0.0,0.0,0.0
1754035200000,560719.4702324509,560719.4702324509,0,0.0,0.0,0.0,0.0
1754049600000,560719.4702324509,560719.4702324509,0,0.0,0.0,0.0,0.0
1754064000000,560719.4702324509,560719.4702324509,0,0.0,0.0,0.0,0.0
1754078400000,560719.4702324509,560719.4702324509,0,0.0,0.0,0.0,0.0
1754092800000,560719.4702324509,560719.4702324509,0,0.0,0.0,0.0,0.0
1754107200000,560719.4702324509,560719.4702324509,0,0.0,0.0,0.0,0.0
1754121600000,560719.4702324509,560719.4702324509,0,0.0,0.0,0.0,0.0
1754136000000,560719.4702324509,560719.4702324509,0,0.0,0.0,0.0,0.0
1754150400000,560719.4702324509,560719.4702324509,0,0.0,0.0,0.0,0.0
1754164800000,560719.4702324509,560719.4702324509,0,0.0,0.0,0.0,0.0
1754179200000,560719.4702324509,560719.4702324509,0,0.0,0.0,0.0,0.0
1754193600000,560719.4702324509,560719.4702324509,0,0.0,0.0,0.0,0.0
1754208000000,560719.4702324509,560719.4702324509,0,0.0,0.0,0.0,0.0
1754222400000,560719.4702324509,560719.4702324509,0,0.0,0.0,0.0,0.0
1754236800000,560719.4702324509,560719.4702324509,0,0.0,0.0,0.0,0.0
1754251200000,560719.4702324509,560719.4702324509,0,0.0,0.0,0.0,0.0
1754265600000,560719.4702324509,560719.4702324509,0,0.0,0.0,0.0,0.0
1754280000000,560719.4702324509,560719.4702324509,0,0.0,0.0,0.0,0.0
1754294400000,560719.4702324509,560719.4702324509,0,0.0,0.0,0.0,0.0
1754308800000,560719.4702324509,560719.4702324509,0,0.0,0.0,0.0,0.0
1754323200000,560719.4702324509,560719.4702324509,0,0.0,0.0,0.0,0.0
1754337600000,560719.4702324509,560719.4702324509,0,0.0,0.0,0.0,0.0
1754352000000,560719.4702324509,560719.4702324509,0,0.0,0.0,0.0,0.0
1754366400000,560719.4702324509,560719.4702324509,0,0.0,0.0,0.0,0.0
1754380800000,560719.4702324509,560719.4702324509,0,0.0,0.0,0.0,0.0
1754395200000,560719.4702324509,560719.4702324509,0,0.0,0.0,0.0,0.0
1754409600000,560719.4702324509,560719.4702324509,0,0.0,0.0,0.0,0.0
1754424000000,560719.4702324509,560719.4702324509,0,0.0,0.0,0.0,0.0
1754438400000,560719.4702324509,560719.4702324509,0,0.0,0.0,0.0,0.0
1754452800000,560719.4702324509,560719.4702324509,0,0.0,0.0,0.0,0.0
1754467200000,560719.4702324509,560719.4702324509,0,0.0,0.0,0.0,0.0
1754481600000,560719.4702324509,560719.4702324509,0,0.0,0.0,0.0,0.0
1754496000000,560719.4702324509,560719.4702324509,0,0.0,0.0,0.0,0.0
1754510400000,560719.4702324509,560719.4702324509,0,0.0,0.0,0.0,0.0
1754524800000,560719.4702324509,560719.4702324509,0,0.0,0.0,0.0,0.0
1754539200000,560719.4702324509,560719.4702324509,0,0.0,0.0,0.0,0.0
1754553600000,560719.4702324509,560719.4702324509,0,0.0,0.0,0.0,0.0
1754568000000,560719.4702324509,560719.4702324509,0,0.0,0.0,0.0,0.0
1754582400000,560719.4702324509,560719.4702324509,0,0.0,0.0,0.0,0.0
1754596800000,560719.4702324509,560719.4702324509,0,0.0,0.0,0.0,0.0
1754611200000,560719.4702324509,560719.4702324509,0,0.0,0.0,0.0,0.0
1754625600000,560719.4702324509,560719.4702324509,0,0.0,0.0,0.0,0.0
1754640000000,560719.4702324509,560719.4702324509,0,0.0,0.0,0.0,0.0
1754654400000,560719.4702324509,560719.4702324509,0,0.0,0.0,0.0,0.0
1754668800000,560719.4702324509,560719.4702324509,0,0.0,0.0,0.0,0.0
1754683200000,560719.4702324509,560719.4702324509,0,0.0,0.0,0.0,0.0
1754697600000,560719.4702324509,560719.4702324509,0,0.0,0.0,0.0,0.0
1754712000000,560719.4702324509,560719.4702324509,0,0.0,0.0,0.0,0.0
1754726400000,560719.4702324509,560719.4702324509,0,0.0,0.0,0.0,0.0
1754740800000,560719.4702324509,560719.4702324509,0,0.0,0.0,0.0,0.0
1754755200000,560719.4702324509,560719.4702324509,0,0.0,0.0,0.0,0.0
1754769600000,560719.4702324509,560719.4702324509,0,0.0,0.0,0.0,0.0
1754784000000,560719.4702324509,560719.4702324509,0,0.0,0.0,0.0,0.0
1754798400000,560719.4702324509,560719.4702324509,0,0.0,0.0,0.0,0.0
1754812800000,560719.4702324509,560719.4702324509,0,0.0,0.0,0.0,0.0
1754827200000,560719.4702324509,560719.4702324509,0,0.0,0.0,0.0,0.0
1754841600000,560719.4702324509,560719.4702324509,0,0.0,0.0,0.0,0.0
1754856000000,560719.4702324509,560719.4702324509,0,0.0,0.0,0.0,0.0
1754870400000,560719.4702324509,560719.4702324509,0,0.0,0.0,0.0,0.0
1754884800000,560719.4702324509,560719.4702324509,0,0.0,0.0,0.0,0.0
1754899200000,560719.4702324509,560719.4702324509,0,0.0,0.0,0.0,0.0
1754913600000,560719.4702324509,560719.4702324509,0,0.0,0.0,0.0,0.0
1754928000000,560719.4702324509,560719.4702324509,0,0.0,0.0,0.0,0.0
1754942400000,560719.4702324509,560719.4702324509,0,0.0,0.0,0.0,0.0
1754956800000,560719.4702324509,560719.4702324509,0,0.0,0.0,0.0,0.0
1754971200000,560719.4702324509,560719.4702324509,0,0.0,0.0,0.0,0.0
1754985600000,560719.4702324509,560719.4702324509,0,0.0,0.0,0.0,0.0
1755000000000,560719.4702324509,560719.4702324509,0,0.0,0.0,0.0,0.0
1755014400000,560719.4702324509,560719.4702324509,0,0.0,0.0,0.0,0.0
1755028800000,560719.4702324509,560719.4702324509,0,0.0,0.0,0.0,0.0
1755043200000,560719.4702324509,560719.4702324509,0,0.0,0.0,0.0,0.0
1755057600000,560719.4702324509,560719.4702324509,0,0.0,0.0,0.0,0.0
1755072000000,560719.4702324509,560719.4702324509,0,0.0,0.0,0.0,0.0
1755086400000,560719.4702324509,560719.4702324509,0,0.0,0.0,0.0,0.0
1755100800000,560719.4702324509,560719.4702324509,0,0.0,0.0,0.0,0.0
1755115200000,560719.4702324509,560719.4702324509,0,0.0,0.0,0.0,0.0
1755129600000,560719.4702324509,560719.4702324509,0,0.0,0.0,0.0,0.0
1755144000000,560719.4702324509,560719.4702324509,0,0.0,0.0,0.0,0.0
1755158400000,560719.4702324509,560719.4702324509,0,0.0,0.0,0.0,0.0
1755172800000,560719.4702324509,560719.4702324509,0,0.0,0.0,0.0,0.0
1755187200000,560719.4702324509,560719.4702324509,0,0.0,0.0,0.0,0.0
1755201600000,560719.4702324509,560719.4702324509,0,0.0,0.0,0.0,0.0
1755216000000,560719.4702324509,560719.4702324509,0,0.0,0.0,0.0,0.0
1755230400000,560719.4702324509,560719.4702324509,0,0.0,0.0,0.0,0.0
1755244800000,560719.4702324509,560719.4702324509,0,0.0,0.0,0.0,0.0
1755259200000,560719.4702324509,560719.4702324509,0,0.0,0.0,0.0,0.0
1755273600000,560719.4702324509,560719.4702324509,0,0.0,0.0,0.0,0.0
1755288000000,560719.4702324509,560719.4702324509,0,0.0,0.0,0.0,0.0
1755302400000,560719.4702324509,560719.4702324509,0,0.0,0.0,0.0,0.0
1755316800000,560719.4702324509,560719.4702324509,0,0.0,0.0,0.0,0.0
1755331200000,560719.4702324509,560719.4702324509,0,0.0,0.0,0.0,0.0
1755345600000,560719.4702324509,560719.4702324509,0,0.0,0.0,0.0,0.0
1755360000000,560719.4702324509,560719.4702324509,0,0.0,0.0,0.0,0.0
1755374400000,560719.4702324509,560719.4702324509,0,0.0,0.0,0.0,0.0
1755388800000,560719.4702324509,560719.4702324509,0,0.0,0.0,0.0,0.0
1755403200000,560719.4702324509,560719.4702324509,0,0.0,0.0,0.0,0.0
1755417600000,560719.4702324509,560719.4702324509,0,0.0,0.0,0.0,0.0
1755432000000,560719.4702324509,560719.4702324509,0,0.0,0.0,0.0,0.0
1755446400000,560719.4702324509,560719.4702324509,0,0.0,0.0,0.0,0.0
1755460800000,560719.4702324509,560719.4702324509,0,0.0,0.0,0.0,0.0
1755475200000,560719.4702324509,560719.4702324509,0,0.0,0.0,0.0,0.0
1755489600000,560719.4702324509,560719.4702324509,0,0.0,0.0,0.0,0.0
1755504000000,560719.4702324509,560719.4702324509,0,0.0,0.0,0.0,0.0
1755518400000,560719.4702324509,560719.4702324509,0,0.0,0.0,0.0,0.0
1755532800000,560719.4702324509,560719.4702324509,0,0.0,0.0,0.0,0.0
1755547200000,560719.4702324509,560719.4702324509,0,0.0,0.0,0.0,0.0
1755561600000,560719.4702324509,560719.4702324509,0,0.0,0.0,0.0,0.0
1755576000000,560719.4702324509,560719.4702324509,0,0.0,0.0,0.0,0.0
1755590400000,560719.4702324509,560719.4702324509,0,0.0,0.0,0.0,0.0
1755604800000,560719.4702324509,560719.4702324509,0,0.0,0.0,0.0,0.0
1755619200000,560719.4702324509,560719.4702324509,0,0.0,0.0,0.0,0.0
1755633600000,560719.4702324509,560719.4702324509,0,0.0,0.0,0.0,0.0
1755648000000,560719.4702324509,560719.4702324509,0,0.0,0.0,0.0,0.0
1755662400000,560719.4702324509,560719.4702324509,0,0.0,0.0,0.0,0.0
1755676800000,560719.4702324509,560719.4702324509,0,0.0,0.0,0.0,0.0
1755691200000,560719.4702324509,560719.4702324509,0,0.0,0.0,0.0,0.0
1755705600000,560719.4702324509,560719.4702324509,0,0.0,0.0,0.0,0.0
1755720000000,560719.4702324509,560719.4702324509,0,0.0,0.0,0.0,0.0
1755734400000,560719.4702324509,560719.4702324509,0,0.0,0.0,0.0,0.0
1755748800000,560719.4702324509,560719.4702324509,0,0.0,0.0,0.0,0.0
1755763200000,560719.4702324509,560719.4702324509,0,0.0,0.0,0.0,0.0
1755777600000,560719.4702324509,560719.4702324509,0,0.0,0.0,0.0,0.0
1755792000000,560719.4702324509,560719.4702324509,0,0.0,0.0,0.0,0.0
1755806400000,560719.4702324509,560719.4702324509,0,0.0,0.0,0.0,0.0
1755820800000,560719.4702324509,560719.4702324509,0,0.0,0.0,0.0,0.0
1755835200000,560719.4702324509,560719.4702324509,0,0.0,0.0,0.0,0.0
1755849600000,560719.4702324509,560719.4702324509,0,0.0,0.0,0.0,0.0
1755864000000,560719.4702324509,560719.4702324509,0,0.0,0.0,0.0,0.0
1755878400000,560719.4702324509,560719.4702324509,0,0.0,0.0,0.0,0.0
1755892800000,560719.4702324509,560719.4702324509,0,0.0,0.0,0.0,0.0
1755907200000,560719.4702324509,560719.4702324509,0,0.0,0.0,0.0,0.0
1755921600000,560719.4702324509,560719.4702324509,0,0.0,0.0,0.0,0.0
1755936000000,560719.4702324509,560719.4702324509,0,0.0,0.0,0.0,0.0
1755950400000,560719.4702324509,560719.4702324509,0,0.0,0.0,0.0,0.0
1755964800000,560719.4702324509,560719.4702324509,0,0.0,0.0,0.0,0.0
1755979200000,560719.4702324509,560719.4702324509,0,0.0,0.0,0.0,0.0
1755993600000,560719.4702324509,560719.4702324509,0,0.0,0.0,0.0,0.0
1756008000000,560719.4702324509,560719.4702324509,0,0.0,0.0,0.0,0.0
1756022400000,560719.4702324509,560719.4702324509,0,0.0,0.0,0.0,0.0
1756036800000,560719.4702324509,560719.4702324509,0,0.0,0.0,0.0,0.0
1756051200000,560719.4702324509,560719.4702324509,0,0.0,0.0,0.0,0.0
1756065600000,560719.4702324509,560719.4702324509,0,0.0,0.0,0.0,0.0
1756080000000,560719.4702324509,560719.4702324509,0,0.0,0.0,0.0,0.0
1756094400000,560719.4702324509,560719.4702324509,0,0.0,0.0,0.0,0.0
1756108800000,560719.4702324509,560719.4702324509,0,0.0,0.0,0.0,0.0
1756123200000,560719.4702324509,560719.4702324509,0,0.0,0.0,0.0,0.0
1756137600000,560719.4702324509,560719.4702324509,0,0.0,0.0,0.0,0.0
1756152000000,560719.4702324509,560719.4702324509,0,0.0,0.0,0.0,0.0
1756166400000,560719.4702324509,560719.4702324509,0,0.0,0.0,0.0,0.0
1756180800000,560719.4702324509,560719.4702324509,0,0.0,0.0,0.0,0.0
1756195200000,560719.4702324509,560719.4702324509,0,0.0,0.0,0.0,0.0
1756209600000,560719.4702324509,560719.4702324509,0,0.0,0.0,0.0,0.0
1756224000000,560719.4702324509,560719.4702324509,0,0.0,0.0,0.0,0.0
1756238400000,560719.4702324509,560719.4702324509,0,0.0,0.0,0.0,0.0
1756252800000,560719.4702324509,560719.4702324509,0,0.0,0.0,0.0,0.0
1756267200000,560719.4702324509,560719.4702324509,0,0.0,0.0,0.0,0.0
1756281600000,560719.4702324509,560719.4702324509,0,0.0,0.0,0.0,0.0
1756296000000,560719.4702324509,560719.4702324509,0,0.0,0.0,0.0,0.0
1756310400000,560719.4702324509,560719.4702324509,0,0.0,0.0,0.0,0.0
1756324800000,560719.4702324509,560719.4702324509,0,0.0,0.0,0.0,0.0
1756339200000,560719.4702324509,560719.4702324509,0,0.0,0.0,0.0,0.0
1756353600000,560719.4702324509,560719.4702324509,0,0.0,0.0,0.0,0.0
1756368000000,560719.4702324509,560719.4702324509,0,0.0,0.0,0.0,0.0
1756382400000,560719.4702324509,560719.4702324509,0,0.0,0.0,0.0,0.0
1756396800000,560719.4702324509,560719.4702324509,0,0.0,0.0,0.0,0.0
1756411200000,560719.4702324509,560719.4702324509,0,0.0,0.0,0.0,0.0
1756425600000,560719.4702324509,560719.4702324509,0,0.0,0.0,0.0,0.0
1756440000000,560719.4702324509,560719.4702324509,0,0.0,0.0,0.0,0.0
1756454400000,560719.4702324509,560719.4702324509,0,0.0,0.0,0.0,0.0
1756468800000,560719.4702324509,560719.4702324509,0,0.0,0.0,0.0,0.0
1756483200000,560719.4702324509,560719.4702324509,0,0.0,0.0,0.0,0.0
1756497600000,564411.0722294572,560443.1020060082,1,548768.4826620672,11214.389404649017,11214.389404649017,548768.4826620672
1756512000000,563279.2286963538,560443.1020060082,1,549900.3261951705,11214.389404649017,11214.389404649017,549900.3261951705
1756526400000,564517.7165137267,560432.6590282326,1,548651.395400022,11214.389404649017,11214.389404649017,548651.395400022
1756540800000,560829.4677593037,560432.6590282326,1,552339.644154445,11214.389404649017,11214.389404649017,552339.644154445
1756555200000,565122.10912054,560451.6153248199,1,548065.9590897962,11214.389404649017,11214.389404649017,548065.9590897962
1756569600000,565746.5745181143,560451.6153248199,1,547441.4936922218,11214.389404649017,11214.389404649017,547441.4936922218
1756584000000,565001.840883278,560448.4343496031,1,548183.0463518413,11214.389404649017,11214.389404649017,548183.0463518413
1756598400000,563518.7355640391,560448.4343496031,1,549666.1516710803,11214.389404649017,11214.389404649017,549666.1516710803
1756612800000,555692.3870946087,555692.3870946087,0,0.0,0.0,0.0,0.0
1756627200000,555692.3870946087,555692.3870946087,0,0.0,0.0,0.0,0.0
1756641600000,555692.3870946087,555692.3870946087,0,0.0,0.0,0.0,0.0
1756656000000,555692.3870946087,555692.3870946087,0,0.0,0.0,0.0,0.0
1756670400000,555692.3870946087,555692.3870946087,0,0.0,0.0,0.0,0.0
1756684800000,555692.3870946087,555692.3870946087,0,0.0,0.0,0.0,0.0
1756699200000,555692.3870946087,555692.3870946087,0,0.0,0.0,0.0,0.0
1756713600000,555692.3870946087,555692.3870946087,0,0.0,0.0,0.0,0.0
1756728000000,555692.3870946087,555692.3870946087,0,0.0,0.0,0.0,0.0
1756742400000,555692.3870946087,555692.3870946087,0,0.0,0.0,0.0,0.0
1756756800000,555692.3870946087,555692.3870946087,0,0.0,0.0,0.0,0.0
1756771200000,555692.3870946087,555692.3870946087,0,0.0,0.0,0.0,0.0
1756785600000,555692.3870946087,555692.3870946087,0,0.0,0.0,0.0,0.0
1756800000000,555692.3870946087,555692.3870946087,0,0.0,0.0,0.0,0.0
1756814400000,555692.3870946087,555692.3870946087,0,0.0,0.0,0.0,0.0
1756828800000,555692.3870946087,555692.3870946087,0,0.0,0.0,0.0,0.0
1756843200000,555692.3870946087,555692.3870946087,0,0.0,0.0,0.0,0.0
1756857600000,555692.3870946087,555692.3870946087,0,0.0,0.0,0.0,0.0
1756872000000,555692.3870946087,555692.3870946087,0,0.0,0.0,0.0,0.0
1756886400000,555692.3870946087,555692.3870946087,0,0.0,0.0,0.0,0.0
1756900800000,555692.3870946087,555692.3870946087,0,0.0,0.0,0.0,0.0
1756915200000,557024.6294358227,555530.0236959405,1,326221.4030762999,11113.847741892178,0.0,0.0
1756929600000,555508.9318907341,555527.541349483,1,324708.1878776688,11113.847741892178,0.0,0.0
1756944000000,556064.8068616597,555527.541349483,1,325264.0628485945,11113.847741892178,0.0,0.0
1756958400000,552117.3610082997,555517.5432068465,1,321326.61513787095,11113.847741892178,0.0,0.0
1756972800000,549724.0104390364,555517.5432068465,1,318933.2645686077,11113.847741892178,0.0,0.0
1756987200000,550582.7666411666,555496.1640383444,1,319813.39993923996,11113.847741892178,0.0,0.0
1757001600000,545317.3953887874,555496.1640383444,1,314548.02868686063,11113.847741892178,0.0,0.0
1757016000000,545029.9063220738,545029.9063220738,0,0.0,0.0,0.0,0.0
1757030400000,545029.9063220738,545029.9063220738,0,0.0,0.0,0.0,0.0
1757044800000,545029.9063220738,545029.9063220738,0,0.0,0.0,0.0,0.0
1757059200000,545029.9063220738,545029.9063220738,0,0.0,0.0,0.0,0.0
1757073600000,545029.9063220738,545029.9063220738,0,0.0,0.0,0.0,0.0
1757088000000,545029.9063220738,545029.9063220738,0,0.0,0.0,0.0,0.0
1757102400000,545029.9063220738,545029.9063220738,0,0.0,0.0,0.0,0.0
1757116800000,545029.9063220738,545029.9063220738,0,0.0,0.0,0.0,0.0
1757131200000,545029.9063220738,545029.9063220738,0,0.0,0.0,0.0,0.0
1757145600000,545029.9063220738,545029.9063220738,0,0.0,0.0,0.0,0.0
1757160000000,545029.9063220738,545029.9063220738,0,0.0,0.0,0.0,0.0
1757174400000,545029.9063220738,545029.9063220738,0,0.0,0.0,0.0,0.0
1757188800000,545029.9063220738,545029.9063220738,0,0.0,0.0,0.0,0.0
1757203200000,545029.9063220738,545029.9063220738,0,0.0,0.0,0.0,0.0
1757217600000,545029.9063220738,545029.9063220738,0,0.0,0.0,0.0,0.0
1757232000000,545029.9063220738,545029.9063220738,0,0.0,0.0,0.0,0.0
1757246400000,545029.9063220738,545029.9063220738,0,0.0,0.0,0.0,0.0
1757260800000,545029.9063220738,545029.9063220738,0,0.0,0.0,0.0,0.0
1757275200000,545029.9063220738,545029.9063220738,0,0.0,0.0,0.0,0.0
1757289600000,545029.9063220738,545029.9063220738,0,0.0,0.0,0.0,0.0
1757304000000,545029.9063220738,545029.9063220738,0,0.0,0.0,0.0,0.0
1757318400000,545029.9063220738,545029.9063220738,0,0.0,0.0,0.0,0.0
1757332800000,545029.9063220738,545029.9063220738,0,0.0,0.0,0.0,0.0
1757347200000,545029.9063220738,545029.9063220738,0,0.0,0.0,0.0,0.0
1757361600000,545029.9063220738,545029.9063220738,0,0.0,0.0,0.0,0.0
1757376000000,545029.9063220738,545029.9063220738,0,0.0,0.0,0.0,0.0
1757390400000,545029.9063220738,545029.9063220738,0,0.0,0.0,0.0,0.0
1757404800000,554241.1093435107,544811.2604417445,1,446721.60956037446,10900.598126441475,0.0,0.0
1757419200000,550100.1347430024,544766.5925712377,1,442625.3028303728,10900.598126441475,0.0,0.0
1757433600000,541520.3082090188,544766.5925712377,1,434045.47629638936,10900.598126441475,0.0,0.0
1757448000000,548161.4257687981,544723.1896959895,1,440729.99673141685,10900.598126441475,0.0,0.0
1757462400000,549893.6947839729,544723.1896959895,1,442462.26574659173,10900.598126441475,0.0,0.0
1757476800000,553994.3772892951,544707.1858358374,1,446578.9521120659,10900.598126441475,0.0,0.0
1757491200000,560149.0272020338,544707.1858358374,1,452733.6020248047,10900.598126441475,0.0,0.0
1757505600000,556027.8287852659,544661.9145135984,1,448657.6749302757,10900.598126441475,0.0,0.0
1757520000000,561937.923072333,544661.9145135984,1,454567.7692173427,10900.598126441475,0.0,0.0
1757534400000,557999.9579580995,544616.4597746403,1,450675.2588420675,10900.598126441475,0.0,0.0
1757548800000,563706.2558904402,544616.4597746403,1,456381.5567744081,10900.598126441475,0.0,0.0
1757563200000,563887.4475059293,544593.8550354029,1,456585.3531291345,10900.598126441475,0.0,0.0
1757577600000,561931.0025005554,544593.8550354029,1,454628.90812376066,10900.598126441475,0.0,0.0
1757592000000,565730.6625764666,544602.9029134022,1,458419.5203216726,10900.598126441475,0.0,0.0
1757606400000,569297.0987841794,544602.9029134022,1,461985.9565293854,10900.598126441475,0.0,0.0
1757620800000,568886.437491411,544559.0750591414,1,461619.1230908778,10900.598126441475,0.0,0.0
1757635200000,576994.0912356977,544290.9280405297,2,1006288.9610769998,22278.326876269697,0.0,0.0
1757649600000,595535.2294695016,544263.576932231,2,1024857.4504191023,22278.326876269697,0.0,0.0
1757664000000,602721.6265751319,544263.576932231,2,1032043.8475247326,22278.326876269697,0.0,0.0
1757678400000,605697.7484517584,544206.4536431204,2,1035077.0926904697,22278.326876269697,0.0,0.0
1757692800000,608570.9375068195,544206.4536431204,2,1037950.2817455309,22278.326876269697,0.0,0.0
1757707200000,625960.7467252186,544147.901568936,2,1055398.6430381143,22278.326876269697,0.0,0.0
1757721600000,635054.1385802368,544147.901568936,2,1064492.0348931325,22278.326876269697,0.0,0.0
1757736000000,643207.5562073105,544082.3527885971,2,1072711.0013005452,22278.326876269697,0.0,0.0
1757750400000,635400.6212346599,544082.3527885971,2,1064904.0663278943,22278.326876269697,0.0,0.0
1757764800000,635183.0118727827,543995.0558628856,2,1064773.7538917288,22278.326876269697,0.0,0.0
1757779200000,622218.460441746,543995.0558628856,2,1051809.2024606923,22278.326876269697,0.0,0.0
1757793600000,619143.9294952045,543911.226891132,2,1048818.5004859043,22278.326876269697,0.0,0.0
1757808000000,629596.1386189691,543911.226891132,2,1059270.7096096687,22278.326876269697,0.0,0.0
1757822400000,638435.5333554613,543910.9622591316,2,1068110.3689781614,22278.326876269697,0.0,0.0
1757836800000,635836.683024322,543910.9622591316,2,1065511.518647022,22278.326876269697,0.0,0.0
1757851200000,633277.7988483774,543834.9654730643,2,1063028.6312571447,22278.326876269697,0.0,0.0
1757865600000,622227.339723454,543834.9654730643,2,1051978.1721322213,22278.326876269697,0.0,0.0
1757880000000,619143.9690759603,562433.3658776581,1,494002.36385691044,10900.598126441475,0.0,0.0
1757894400000,613498.8100500377,562433.3658776581,1,488357.20483098784,10900.598126441475,0.0,0.0
1757908800000,613140.1450854028,613140.1450854028,0,0.0,0.0,0.0,0.0
1757923200000,613140.1450854028,613140.1450854028,0,0.0,0.0,0.0,0.0
1757937600000,613140.1450854028,613140.1450854028,0,0.0,0.0,0.0,0.0
1757952000000,613140.1450854028,613140.1450854028,0,0.0,0.0,0.0,0.0
1757966400000,613140.1450854028,613140.1450854028,0,0.0,0.0,0.0,0.0
1757980800000,613140.1450854028,613140.1450854028,0,0.0,0.0,0.0,0.0
1757995200000,613140.1450854028,613140.1450854028,0,0.0,0.0,0.0,0.0
1758009600000,613140.1450854028,613140.1450854028,0,0.0,0.0,0.0,0.0
1758024000000,613140.1450854028,613140.1450854028,0,0.0,0.0,0.0,0.0
1758038400000,613140.1450854028,613140.1450854028,0,0.0,0.0,0.0,0.0
1758052800000,613140.1450854028,613140.1450854028,0,0.0,0.0,0.0,0.0
1758067200000,613140.1450854028,613140.1450854028,0,0.0,0.0,0.0,0.0
1758081600000,613140.1450854028,613140.1450854028,0,0.0,0.0,0.0,0.0
1758096000000,613140.1450854028,613140.1450854028,0,0.0,0.0,0.0,0.0
1758110400000,613140.1450854028,613140.1450854028,0,0.0,0.0,0.0,0.0
1758124800000,613140.1450854028,613140.1450854028,0,0.0,0.0,0.0,0.0
1758139200000,613140.1450854028,613140.1450854028,0,0.0,0.0,0.0,0.0
1758153600000,613140.1450854028,613140.1450854028,0,0.0,0.0,0.0,0.0
1758168000000,613140.1450854028,613140.1450854028,0,0.0,0.0,0.0,0.0
1758182400000,613140.1450854028,613140.1450854028,0,0.0,0.0,0.0,0.0
1758196800000,613140.1450854028,613140.1450854028,0,0.0,0.0,0.0,0.0
1758211200000,613140.1450854028,613140.1450854028,0,0.0,0.0,0.0,0.0
1758225600000,613140.1450854028,613140.1450854028,0,0.0,0.0,0.0,0.0
1758240000000,613140.1450854028,613140.1450854028,0,0.0,0.0,0.0,0.0
1758254400000,613140.1450854028,613140.1450854028,0,0.0,0.0,0.0,0.0
1758268800000,613140.1450854028,613140.1450854028,0,0.0,0.0,0.0,0.0
1758283200000,613140.1450854028,613140.1450854028,0,0.0,0.0,0.0,0.0
1758297600000,613140.1450854028,613140.1450854028,0,0.0,0.0,0.0,0.0
1758312000000,613140.1450854028,613140.1450854028,0,0.0,0.0,0.0,0.0
1758326400000,613140.1450854028,613140.1450854028,0,0.0,0.0,0.0,0.0
1758340800000,613140.1450854028,613140.1450854028,0,0.0,0.0,0.0,0.0
1758355200000,613140.1450854028,613140.1450854028,0,0.0,0.0,0.0,0.0
1758369600000,613140.1450854028,613140.1450854028,0,0.0,0.0,0.0,0.0
1758384000000,613140.1450854028,613140.1450854028,0,0.0,0.0,0.0,0.0
1758398400000,613140.1450854028,613140.1450854028,0,0.0,0.0,0.0,0.0
1758412800000,613140.1450854028,613140.1450854028,0,0.0,0.0,0.0,0.0
1758427200000,613140.1450854028,613140.1450854028,0,0.0,0.0,0.0,0.0
1758441600000,613140.1450854028,613140.1450854028,0,0.0,0.0,0.0,0.0
1758456000000,613140.1450854028,613140.1450854028,0,0.0,0.0,0.0,0.0
1758470400000,613140.1450854028,613140.1450854028,0,0.0,0.0,0.0,0.0
1758484800000,613140.1450854028,613140.1450854028,0,0.0,0.0,0.0,0.0
1758499200000,613140.1450854028,613140.1450854028,0,0.0,0.0,0.0,0.0
1758513600000,613140.1450854028,613140.1450854028,0,0.0,0.0,0.0,0.0
1758528000000,613140.1450854028,613140.1450854028,0,0.0,0.0,0.0,0.0
1758542400000,613140.1450854028,613140.1450854028,0,0.0,0.0,0.0,0.0
1758556800000,613140.1450854028,613140.1450854028,0,0.0,0.0,0.0,0.0
1758571200000,613140.1450854028,613140.1450854028,0,0.0,0.0,0.0,0.0
1758585600000,613140.1450854028,613140.1450854028,0,0.0,0.0,0.0,0.0
1758600000000,613140.1450854028,613140.1450854028,0,0.0,0.0,0.0,0.0
1758614400000,613140.1450854028,613140.1450854028,0,0.0,0.0,0.0,0.0
1758628800000,613140.1450854028,613140.1450854028,0,0.0,0.0,0.0,0.0
1758643200000,613140.1450854028,613140.1450854028,0,0.0,0.0,0.0,0.0
1758657600000,613140.1450854028,613140.1450854028,0,0.0,0.0,0.0,0.0
1758672000000,613140.1450854028,613140.1450854028,0,0.0,0.0,0.0,0.0
1758686400000,613140.1450854028,613140.1450854028,0,0.0,0.0,0.0,0.0
1758700800000,613140.1450854028,613140.1450854028,0,0.0,0.0,0.0,0.0
1758715200000,613140.1450854028,613140.1450854028,0,0.0,0.0,0.0,0.0
1758729600000,613140.1450854028,613140.1450854028,0,0.0,0.0,0.0,0.0
1758744000000,613140.1450854028,613140.1450854028,0,0.0,0.0,0.0,0.0
1758758400000,613140.1450854028,613140.1450854028,0,0.0,0.0,0.0,0.0
1758772800000,613140.1450854028,613140.1450854028,0,0.0,0.0,0.0,0.0
1758787200000,613140.1450854028,613140.1450854028,0,0.0,0.0,0.0,0.0
1758801600000,613140.1450854028,613140.1450854028,0,0.0,0.0,0.0,0.0
1758816000000,613140.1450854028,613140.1450854028,0,0.0,0.0,0.0,0.0
1758830400000,613140.1450854028,613140.1450854028,0,0.0,0.0,0.0,0.0
1758844800000,613140.1450854028,613140.1450854028,0,0.0,0.0,0.0,0.0
1758859200000,613140.1450854028,613140.1450854028,0,0.0,0.0,0.0,0.0
1758873600000,613140.1450854028,613140.1450854028,0,0.0,0.0,0.0,0.0
1758888000000,613140.1450854028,613140.1450854028,0,0.0,0.0,0.0,0.0
1758902400000,613140.1450854028,613140.1450854028,0,0.0,0.0,0.0,0.0
1758916800000,613140.1450854028,613140.1450854028,0,0.0,0.0,0.0,0.0
1758931200000,613140.1450854028,613140.1450854028,0,0.0,0.0,0.0,0.0
1758945600000,613140.1450854028,613140.1450854028,0,0.0,0.0,0.0,0.0
1758960000000,613140.1450854028,613140.1450854028,0,0.0,0.0,0.0,0.0
1758974400000,613140.1450854028,613140.1450854028,0,0.0,0.0,0.0,0.0
1758988800000,613140.1450854028,613140.1450854028,0,0.0,0.0,0.0,0.0
1759003200000,613140.1450854028,613140.1450854028,0,0.0,0.0,0.0,0.0
1759017600000,613140.1450854028,613140.1450854028,0,0.0,0.0,0.0,0.0
1759032000000,613140.1450854028,613140.1450854028,0,0.0,0.0,0.0,0.0
1759046400000,613140.1450854028,613140.1450854028,0,0.0,0.0,0.0,0.0
1759060800000,613140.1450854028,613140.1450854028,0,0.0,0.0,0.0,0.0
1759075200000,613140.1450854028,613140.1450854028,0,0.0,0.0,0.0,0.0
1759089600000,613140.1450854028,613140.1450854028,0,0.0,0.0,0.0,0.0
1759104000000,613140.1450854028,613140.1450854028,0,0.0,0.0,0.0,0.0
1759118400000,613140.1450854028,613140.1450854028,0,0.0,0.0,0.0,0.0
1759132800000,613140.1450854028,613140.1450854028,0,0.0,0.0,0.0,0.0
1759147200000,613140.1450854028,613140.1450854028,0,0.0,0.0,0.0,0.0
1759161600000,613140.1450854028,613140.1450854028,0,0.0,0.0,0.0,0.0
1759176000000,613140.1450854028,613140.1450854028,0,0.0,0.0,0.0,0.0
1759190400000,613140.1450854028,613140.1450854028,0,0.0,0.0,0.0,0.0
1759204800000,613140.1450854028,613140.1450854028,0,0.0,0.0,0.0,0.0
1759219200000,613140.1450854028,613140.1450854028,0,0.0,0.0,0.0,0.0
1759233600000,613140.1450854028,613140.1450854028,0,0.0,0.0,0.0,0.0
1759248000000,613140.1450854028,613140.1450854028,0,0.0,0.0,0.0,0.0
1759262400000,613140.1450854028,613140.1450854028,0,0.0,0.0,0.0,0.0
1759276800000,613140.1450854028,613140.1450854028,0,0.0,0.0,0.0,0.0
1759291200000,613140.1450854028,613140.1450854028,0,0.0,0.0,0.0,0.0
1759305600000,613140.1450854028,613140.1450854028,0,0.0,0.0,0.0,0.0
1759320000000,613140.1450854028,613140.1450854028,0,0.0,0.0,0.0,0.0
1759334400000,613140.1450854028,613140.1450854028,0,0.0,0.0,0.0,0.0
1759348800000,613140.1450854028,613140.1450854028,0,0.0,0.0,0.0,0.0
1759363200000,613140.1450854028,613140.1450854028,0,0.0,0.0,0.0,0.0
1759377600000,613140.1450854028,613140.1450854028,0,0.0,0.0,0.0,0.0
1759392000000,613140.1450854028,613140.1450854028,0,0.0,0.0,0.0,0.0
1759406400000,613140.1450854028,613140.1450854028,0,0.0,0.0,0.0,0.0
1759420800000,613140.1450854028,613140.1450854028,0,0.0,0.0,0.0,0.0
1759435200000,613140.1450854028,613140.1450854028,0,0.0,0.0,0.0,0.0
1759449600000,613140.1450854028,613140.1450854028,0,0.0,0.0,0.0,0.0
1759464000000,613140.1450854028,613140.1450854028,0,0.0,0.0,0.0,0.0
1759478400000,613140.1450854028,613140.1450854028,0,0.0,0.0,0.0,0.0
1759492800000,613140.1450854028,613140.1450854028,0,0.0,0.0,0.0,0.0
1759507200000,613140.1450854028,613140.1450854028,0,0.0,0.0,0.0,0.0
1759521600000,613140.1450854028,613140.1450854028,0,0.0,0.0,0.0,0.0
1759536000000,613140.1450854028,613140.1450854028,0,0.0,0.0,0.0,0.0
1759550400000,613140.1450854028,613140.1450854028,0,0.0,0.0,0.0,0.0
1759564800000,613140.1450854028,613140.1450854028,0,0.0,0.0,0.0,0.0
1759579200000,613140.1450854028,613140.1450854028,0,0.0,0.0,0.0,0.0
1759593600000,613140.1450854028,613140.1450854028,0,0.0,0.0,0.0,0.0
1759608000000,613140.1450854028,613140.1450854028,0,0.0,0.0,0.0,0.0
1759622400000,613140.1450854028,613140.1450854028,0,0.0,0.0,0.0,0.0
1759636800000,613140.1450854028,613140.1450854028,0,0.0,0.0,0.0,0.0
1759651200000,613140.1450854028,613140.1450854028,0,0.0,0.0,0.0,0.0
1759665600000,613140.1450854028,613140.1450854028,0,0.0,0.0,0.0,0.0
1759680000000,613140.1450854028,613140.1450854028,0,0.0,0.0,0.0,0.0
1759694400000,613140.1450854028,613140.1450854028,0,0.0,0.0,0.0,0.0
1759708800000,613140.1450854028,613140.1450854028,0,0.0,0.0,0.0,0.0
1759723200000,613140.1450854028,613140.1450854028,0,0.0,0.0,0.0,0.0
1759737600000,613140.1450854028,613140.1450854028,0,0.0,0.0,0.0,0.0
1759752000000,613140.1450854028,613140.1450854028,0,0.0,0.0,0.0,0.0
1759766400000,613140.1450854028,613140.1450854028,0,0.0,0.0,0.0,0.0
1759780800000,613140.1450854028,613140.1450854028,0,0.0,0.0,0.0,0.0
1759795200000,613140.1450854028,613140.1450854028,0,0.0,0.0,0.0,0.0
1759809600000,613140.1450854028,613140.1450854028,0,0.0,0.0,0.0,0.0
1759824000000,611296.6904164515,612855.6244697853,1,567482.2971817938,12262.802901708055,0.0,0.0
1759838400000,614832.792647313,612798.8762400671,1,571075.1476423735,12262.802901708055,0.0,0.0
1759852800000,600146.3841163685,600146.3841163685,0,0.0,0.0,0.0,0.0
1759867200000,599823.2842628945,599945.4181277404,1,402054.1111210164,6001.463841163685,6001.463841163685,402054.1111210164
1759881600000,601200.4200965789,599945.4181277404,1,400676.975287332,6001.463841163685,6001.463841163685,400676.975287332
1759896000000,600014.0838763256,599962.3369540902,1,401880.230333935,6001.463841163685,6001.463841163685,401880.230333935
1759910400000,599937.5763300098,599962.3369540902,1,401956.73788025085,6001.463841163685,6001.463841163685,401956.73788025085
1759924800000,600325.5335779607,600002.5326278782,1,401608.9763060881,6001.463841163685,6001.463841163685,401608.9763060881
1759939200000,600478.5486705921,600002.5326278782,1,401455.9612134566,6001.463841163685,6001.463841163685,401455.9612134566
1759953600000,593753.160484233,593753.160484233,0,0.0,0.0,0.0,0.0
1759968000000,593753.160484233,593753.160484233,0,0.0,0.0,0.0,0.0
1759982400000,593753.160484233,593753.160484233,0,0.0,0.0,0.0,0.0
1759996800000,593753.160484233,593753.160484233,0,0.0,0.0,0.0,0.0
1760011200000,593753.160484233,593753.160484233,0,0.0,0.0,0.0,0.0
1760025600000,593753.160484233,593753.160484233,0,0.0,0.0,0.0,0.0
1760040000000,593753.160484233,593753.160484233,0,0.0,0.0,0.0,0.0
1760054400000,593753.160484233,593753.160484233,0,0.0,0.0,0.0,0.0
1760068800000,593753.160484233,593753.160484233,0,0.0,0.0,0.0,0.0
1760083200000,593753.160484233,593753.160484233,0,0.0,0.0,0.0,0.0
1760097600000,593753.160484233,593753.160484233,0,0.0,0.0,0.0,0.0
1760112000000,593753.160484233,593753.160484233,0,0.0,0.0,0.0,0.0
1760126400000,593753.160484233,593753.160484233,0,0.0,0.0,0.0,0.0
1760140800000,593753.160484233,593753.160484233,0,0.0,0.0,0.0,0.0
1760155200000,593753.160484233,593753.160484233,0,0.0,0.0,0.0,0.0
1760169600000,593753.160484233,593753.160484233,0,0.0,0.0,0.0,0.0
1760184000000,593753.160484233,593753.160484233,0,0.0,0.0,0.0,0.0
1760198400000,593753.160484233,593753.160484233,0,0.0,0.0,0.0,0.0
1760212800000,593753.160484233,593753.160484233,0,0.0,0.0,0.0,0.0
1760227200000,593753.160484233,593753.160484233,0,0.0,0.0,0.0,0.0
1760241600000,593753.160484233,593753.160484233,0,0.0,0.0,0.0,0.0
1760256000000,593753.160484233,593753.160484233,0,0.0,0.0,0.0,0.0
1760270400000,593753.160484233,593753.160484233,0,0.0,0.0,0.0,0.0
1760284800000,593753.160484233,593753.160484233,0,0.0,0.0,0.0,0.0
1760299200000,593753.160484233,593753.160484233,0,0.0,0.0,0.0,0.0
1760313600000,593753.160484233,593753.160484233,0,0.0,0.0,0.0,0.0
1760328000000,593753.160484233,593753.160484233,0,0.0,0.0,0.0,0.0
1760342400000,593753.160484233,593753.160484233,0,0.0,0.0,0.0,0.0
1760356800000,593753.160484233,593753.160484233,0,0.0,0.0,0.0,0.0
1760371200000,593753.160484233,593753.160484233,0,0.0,0.0,0.0,0.0
1760385600000,593753.160484233,593753.160484233,0,0.0,0.0,0.0,0.0
1760400000000,593753.160484233,593753.160484233,0,0.0,0.0,0.0,0.0
1760414400000,593753.160484233,593753.160484233,0,0.0,0.0,0.0,0.0
1760428800000,593753.160484233,593753.160484233,0,0.0,0.0,0.0,0.0
1760443200000,593753.160484233,593753.160484233,0,0.0,0.0,0.0,0.0
1760457600000,593753.160484233,593753.160484233,0,0.0,0.0,0.0,0.0
1760472000000,593753.160484233,593753.160484233,0,0.0,0.0,0.0,0.0
1760486400000,593753.160484233,593753.160484233,0,0.0,0.0,0.0,0.0
1760500800000,593753.160484233,593753.160484233,0,0.0,0.0,0.0,0.0
1760515200000,593753.160484233,593753.160484233,0,0.0,0.0,0.0,0.0
1760529600000,593753.160484233,593753.160484233,0,0.0,0.0,0.0,0.0
1760544000000,593753.160484233,593753.160484233,0,0.0,0.0,0.0,0.0
1760558400000,593753.160484233,593753.160484233,0,0.0,0.0,0.0,0.0
1760572800000,593753.160484233,593753.160484233,0,0.0,0.0,0.0,0.0
1760587200000,593753.160484233,593753.160484233,0,0.0,0.0,0.0,0.0
1760601600000,593753.160484233,593753.160484233,0,0.0,0.0,0.0,0.0
1760616000000,593753.160484233,593753.160484233,0,0.0,0.0,0.0,0.0
1760630400000,593753.160484233,593753.160484233,0,0.0,0.0,0.0,0.0
1760644800000,593753.160484233,593753.160484233,0,0.0,0.0,0.0,0.0
1760659200000,593753.160484233,593753.160484233,0,0.0,0.0,0.0,0.0
1760673600000,593753.160484233,593753.160484233,0,0.0,0.0,0.0,0.0
1760688000000,593753.160484233,593753.160484233,0,0.0,0.0,0.0,0.0
1760702400000,593753.160484233,593753.160484233,0,0.0,0.0,0.0,0.0
1760716800000,593753.160484233,593753.160484233,0,0.0,0.0,0.0,0.0
1760731200000,593753.160484233,593753.160484233,0,0.0,0.0,0.0,0.0
1760745600000,593753.160484233,593753.160484233,0,0.0,0.0,0.0,0.0
1760760000000,593753.160484233,593753.160484233,0,0.0,0.0,0.0,0.0
1760774400000,593753.160484233,593753.160484233,0,0.0,0.0,0.0,0.0
1760788800000,593753.160484233,593753.160484233,0,0.0,0.0,0.0,0.0
1760803200000,593753.160484233,593753.160484233,0,0.0,0.0,0.0,0.0
1760817600000,593753.160484233,593753.160484233,0,0.0,0.0,0.0,0.0
1760832000000,593753.160484233,593753.160484233,0,0.0,0.0,0.0,0.0
1760846400000,593753.160484233,593753.160484233,0,0.0,0.0,0.0,0.0
1760860800000,593753.160484233,593753.160484233,0,0.0,0.0,0.0,0.0
1760875200000,593753.160484233,593753.160484233,0,0.0,0.0,0.0,0.0
1760889600000,593753.160484233,593753.160484233,0,0.0,0.0,0.0,0.0
1760904000000,593753.160484233,593753.160484233,0,0.0,0.0,0.0,0.0
1760918400000,593753.160484233,593753.160484233,0,0.0,0.0,0.0,0.0
1760932800000,593753.160484233,593753.160484233,0,0.0,0.0,0.0,0.0
1760947200000,593753.160484233,593753.160484233,0,0.0,0.0,0.0,0.0
1760961600000,593753.160484233,593753.160484233,0,0.0,0.0,0.0,0.0
1760976000000,593753.160484233,593753.160484233,0,0.0,0.0,0.0,0.0
1760990400000,593753.160484233,593753.160484233,0,0.0,0.0,0.0,0.0
1761004800000,593753.160484233,593753.160484233,0,0.0,0.0,0.0,0.0
1761019200000,593753.160484233,593753.160484233,0,0.0,0.0,0.0,0.0
1761033600000,593753.160484233,593753.160484233,0,0.0,0.0,0.0,0.0
1761048000000,593753.160484233,593753.160484233,0,0.0,0.0,0.0,0.0
1761062400000,593753.160484233,593753.160484233,0,0.0,0.0,0.0,0.0
1761076800000,593753.160484233,593753.160484233,0,0.0,0.0,0.0,0.0
1761091200000,593753.160484233,593753.160484233,0,0.0,0.0,0.0,0.0
1761105600000,593753.160484233,593753.160484233,0,0.0,0.0,0.0,0.0
1761120000000,593753.160484233,593753.160484233,0,0.0,0.0,0.0,0.0
1761134400000,593753.160484233,593753.160484233,0,0.0,0.0,0.0,0.0
1761148800000,593753.160484233,593753.160484233,0,0.0,0.0,0.0,0.0
1761163200000,593753.160484233,593753.160484233,0,0.0,0.0,0.0,0.0
1761177600000,593753.160484233,593753.160484233,0,0.0,0.0,0.0,0.0
1761192000000,593753.160484233,593753.160484233,0,0.0,0.0,0.0,0.0
1761206400000,593753.160484233,593753.160484233,0,0.0,0.0,0.0,0.0
1761220800000,593753.160484233,593753.160484233,0,0.0,0.0,0.0,0.0
1761235200000,593753.160484233,593753.160484233,0,0.0,0.0,0.0,0.0
1761249600000,593753.160484233,593753.160484233,0,0.0,0.0,0.0,0.0
1761264000000,593753.160484233,593753.160484233,0,0.0,0.0,0.0,0.0
1761278400000,593753.160484233,593753.160484233,0,0.0,0.0,0.0,0.0
1761292800000,593753.160484233,593753.160484233,0,0.0,0.0,0.0,0.0
1761307200000,593753.160484233,593753.160484233,0,0.0,0.0,0.0,0.0
1761321600000,593753.160484233,593753.160484233,0,0.0,0.0,0.0,0.0
1761336000000,593753.160484233,593753.160484233,0,0.0,0.0,0.0,0.0
1761350400000,593753.160484233,593753.160484233,0,0.0,0.0,0.0,0.0
1761364800000,593753.160484233,593753.160484233,0,0.0,0.0,0.0,0.0
1761379200000,593753.160484233,593753.160484233,0,0.0,0.0,0.0,0.0
1761393600000,593753.160484233,593753.160484233,0,0.0,0.0,0.0,0.0
1761408000000,593753.160484233,593753.160484233,0,0.0,0.0,0.0,0.0
1761422400000,593753.160484233,593753.160484233,0,0.0,0.0,0.0,0.0
1761436800000,593753.160484233,593753.160484233,0,0.0,0.0,0.0,0.0
1761451200000,593753.160484233,593753.160484233,0,0.0,0.0,0.0,0.0
1761465600000,593753.160484233,593753.160484233,0,0.0,0.0,0.0,0.0
1761480000000,593753.160484233,593753.160484233,0,0.0,0.0,0.0,0.0
1761494400000,593753.160484233,593753.160484233,0,0.0,0.0,0.0,0.0
1761508800000,593753.160484233,593753.160484233,0,0.0,0.0,0.0,0.0
1761523200000,593753.160484233,593753.160484233,0,0.0,0.0,0.0,0.0
1761537600000,593753.160484233,593753.160484233,0,0.0,0.0,0.0,0.0
1761552000000,593753.160484233,593753.160484233,0,0.0,0.0,0.0,0.0
1761566400000,593753.160484233,593753.160484233,0,0.0,0.0,0.0,0.0
1761580800000,593753.160484233,593753.160484233,0,0.0,0.0,0.0,0.0
1761595200000,593753.160484233,593753.160484233,0,0.0,0.0,0.0,0.0
1761609600000,593753.160484233,593753.160484233,0,0.0,0.0,0.0,0.0
1761624000000,593753.160484233,593753.160484233,0,0.0,0.0,0.0,0.0
1761638400000,593753.160484233,593753.160484233,0,0.0,0.0,0.0,0.0
1761652800000,593753.160484233,593753.160484233,0,0.0,0.0,0.0,0.0
1761667200000,593753.160484233,593753.160484233,0,0.0,0.0,0.0,0.0
1761681600000,593753.160484233,593753.160484233,0,0.0,0.0,0.0,0.0
1761696000000,593753.160484233,593753.160484233,0,0.0,0.0,0.0,0.0
1761710400000,593753.160484233,593753.160484233,0,0.0,0.0,0.0,0.0
1761724800000,593753.160484233,593753.160484233,0,0.0,0.0,0.0,0.0
1761739200000,593753.160484233,593753.160484233,0,0.0,0.0,0.0,0.0
1761753600000,593753.160484233,593753.160484233,0,0.0,0.0,0.0,0.0
1761768000000,593753.160484233,593753.160484233,0,0.0,0.0,0.0,0.0
1761782400000,593753.160484233,593753.160484233,0,0.0,0.0,0.0,0.0
1761796800000,587050.420956183,593475.7239965888,1,561298.278328823,11875.06320968466,11875.06320968466,561298.278328823
1761811200000,586092.3882843778,593475.7239965888,1,562256.3110006283,11875.06320968466,11875.06320968466,562256.3110006283
1761825600000,594630.9702067528,593500.8792217852,1,553742.8843034497,11875.06320968466,11875.06320968466,553742.8843034497
1761840000000,614401.2807976436,593500.8792217852,1,533972.5737125588,11875.06320968466,11875.06320968466,533972.5737125588
1761854400000,637292.4479344684,604977.5159817913,2,691047.8596368044,18225.33087650974,18225.33087650974,691047.8596368044
1761868800000,617868.5309159871,604977.5159817913,2,710471.7766552857,18225.33087650974,18225.33087650974,710471.7766552857
1761883200000,613095.9389721556,604861.8574025065,2,715128.7100198325,18225.33087650974,18225.33087650974,715128.7100198325
1761897600000,612171.9340776821,604861.8574025065,2,716052.7149143058,18225.33087650974,18225.33087650974,716052.7149143058
1761912000000,601505.9969354979,601505.9969354979,0,0.0,0.0,0.0,0.0
1761926400000,601505.9969354979,601505.9969354979,0,0.0,0.0,0.0,0.0
1761940800000,601505.9969354979,601505.9969354979,0,0.0,0.0,0.0,0.0
1761955200000,601505.9969354979,601505.9969354979,0,0.0,0.0,0.0,0.0
1761969600000,601505.9969354979,601505.9969354979,0,0.0,0.0,0.0,0.0
1761984000000,601505.9969354979,601505.9969354979,0,0.0,0.0,0.0,0.0
1761998400000,601505.9969354979,601505.9969354979,0,0.0,0.0,0.0,0.0
1762012800000,601505.9969354979,601505.9969354979,0,0.0,0.0,0.0,0.0
1762027200000,601505.9969354979,601505.9969354979,0,0.0,0.0,0.0,0.0
1762041600000,601505.9969354979,601505.9969354979,0,0.0,0.0,0.0,0.0
1762056000000,601505.9969354979,601505.9969354979,0,0.0,0.0,0.0,0.0
1762070400000,601505.9969354979,601505.9969354979,0,0.0,0.0,0.0,0.0
1762084800000,601505.9969354979,601505.9969354979,0,0.0,0.0,0.0,0.0
1762099200000,601505.9969354979,601505.9969354979,0,0.0,0.0,0.0,0.0
1762113600000,601505.9969354979,601505.9969354979,0,0.0,0.0,0.0,0.0
1762128000000,601505.9969354979,601505.9969354979,0,0.0,0.0,0.0,0.0
1762142400000,601505.9969354979,601505.9969354979,0,0.0,0.0,0.0,0.0
1762156800000,599712.8707658933,601260.809185206,1,491923.4390031836,12030.119938709957,12030.119938709957,491923.4390031836
1762171200000,601626.7548205456,600763.8469875632,3,1480671.8288383323,35961.93161339785,35961.93161339785,1480671.8288383323
1762185600000,669484.0708422353,636232.3443147119,3,707515.6418081339,17980.965806698925,17980.965806698925,707515.6418081339
1762200000000,638061.6427086206,624476.2451845987,1,233515.69125347116,5997.114881862943,5997.114881862943,233515.69125347116
1762214400000,639028.5523759568,624476.2451845987,1,232548.78158613504,5997.114881862943,5997.114881862943,232548.78158613504
1762228800000,636802.8548975559,624464.6307125618,1,234762.86459249898,5997.114881862943,5997.114881862943,234762.86459249898
1762243200000,651558.7372121206,624464.6307125618,1,220006.98227793432,5997.114881862943,5997.114881862943,220006.98227793432
1762257600000,645040.2018466705,624434.1993467731,1,226495.0862775957,5997.114881862943,5997.114881862943,226495.0862775957
1762272000000,645376.5182527005,624434.1993467731,1,226158.76987156572,5997.114881862943,5997.114881862943,226158.76987156572
1762286400000,654965.5142038084,624438.1777260271,1,216573.7522997118,5997.114881862943,5997.114881862943,216573.7522997118
1762300800000,654419.0000440096,624438.1777260271,1,217120.2664595105,5997.114881862943,5997.114881862943,217120.2664595105
1762315200000,651763.6019679118,624445.2845309998,1,219782.77134058104,5997.114881862943,5997.114881862943,219782.77134058104
1762329600000,650276.3550230841,650276.3550230841,0,0.0,0.0,0.0,0.0
1762344000000,650276.3550230841,650276.3550230841,0,0.0,0.0,0.0,0.0
1762358400000,650276.3550230841,650276.3550230841,0,0.0,0.0,0.0,0.0
1762372800000,650276.3550230841,650276.3550230841,0,0.0,0.0,0.0,0.0
1762387200000,650276.3550230841,650276.3550230841,0,0.0,0.0,0.0,0.0
1762401600000,650276.3550230841,650276.3550230841,0,0.0,0.0,0.0,0.0
1762416000000,650276.3550230841,650276.3550230841,0,0.0,0.0,0.0,0.0
1762430400000,650276.3550230841,650276.3550230841,0,0.0,0.0,0.0,0.0
1762444800000,650276.3550230841,650276.3550230841,0,0.0,0.0,0.0,0.0
1762459200000,650276.3550230841,650276.3550230841,0,0.0,0.0,0.0,0.0
1762473600000,650276.3550230841,650276.3550230841,0,0.0,0.0,0.0,0.0
1762488000000,650276.3550230841,650276.3550230841,0,0.0,0.0,0.0,0.0
1762502400000,650276.3550230841,650276.3550230841,0,0.0,0.0,0.0,0.0
1762516800000,650276.3550230841,650276.3550230841,0,0.0,0.0,0.0,0.0
1762531200000,650276.3550230841,650276.3550230841,0,0.0,0.0,0.0,0.0
1762545600000,650276.3550230841,650276.3550230841,0,0.0,0.0,0.0,0.0
1762560000000,650276.3550230841,650276.3550230841,0,0.0,0.0,0.0,0.0
1762574400000,650276.3550230841,650276.3550230841,0,0.0,0.0,0.0,0.0
1762588800000,650276.3550230841,650276.3550230841,0,0.0,0.0,0.0,0.0
1762603200000,650276.3550230841,650276.3550230841,0,0.0,0.0,0.0,0.0
1762617600000,650276.3550230841,650276.3550230841,0,0.0,0.0,0.0,0.0
1762632000000,650276.3550230841,650276.3550230841,0,0.0,0.0,0.0,0.0
1762646400000,650276.3550230841,650276.3550230841,0,0.0,0.0,0.0,0.0
1762660800000,650276.3550230841,650276.3550230841,0,0.0,0.0,0.0,0.0
1762675200000,650276.3550230841,650276.3550230841,0,0.0,0.0,0.0,0.0
1762689600000,650276.3550230841,650276.3550230841,0,0.0,0.0,0.0,0.0
1762704000000,650276.3550230841,650276.3550230841,0,0.0,0.0,0.0,0.0
1762718400000,650276.3550230841,650276.3550230841,0,0.0,0.0,0.0,0.0
1762732800000,650276.3550230841,650276.3550230841,0,0.0,0.0,0.0,0.0
1762747200000,650276.3550230841,650276.3550230841,0,0.0,0.0,0.0,0.0
1762761600000,650276.3550230841,650276.3550230841,0,0.0,0.0,0.0,0.0
1762776000000,650276.3550230841,650276.3550230841,0,0.0,0.0,0.0,0.0
1762790400000,650276.3550230841,650276.3550230841,0,0.0,0.0,0.0,0.0
1762804800000,650276.3550230841,650276.3550230841,0,0.0,0.0,0.0,0.0
1762819200000,650276.3550230841,650276.3550230841,0,0.0,0.0,0.0,0.0
1762833600000,650276.3550230841,650276.3550230841,0,0.0,0.0,0.0,0.0
1762848000000,650276.3550230841,650276.3550230841,0,0.0,0.0,0.0,0.0
1762862400000,650276.3550230841,650276.3550230841,0,0.0,0.0,0.0,0.0
1762876800000,650276.3550230841,650276.3550230841,0,0.0,0.0,0.0,0.0
1762891200000,650276.3550230841,650276.3550230841,0,0.0,0.0,0.0,0.0
1762905600000,650276.3550230841,650276.3550230841,0,0.0,0.0,0.0,0.0
1762920000000,650276.3550230841,650276.3550230841,0,0.0,0.0,0.0,0.0
1762934400000,650276.3550230841,650276.3550230841,0,0.0,0.0,0.0,0.0
1762948800000,650276.3550230841,650276.3550230841,0,0.0,0.0,0.0,0.0
1762963200000,650276.3550230841,650276.3550230841,0,0.0,0.0,0.0,0.0
1762977600000,650276.3550230841,650276.3550230841,0,0.0,0.0,0.0,0.0
1762992000000,650276.3550230841,650276.3550230841,0,0.0,0.0,0.0,0.0
1763006400000,650276.3550230841,650276.3550230841,0,0.0,0.0,0.0,0.0
1763020800000,650276.3550230841,650276.3550230841,0,0.0,0.0,0.0,0.0
1763035200000,650276.3550230841,650276.3550230841,0,0.0,0.0,0.0,0.0
1763049600000,650276.3550230841,650276.3550230841,0,0.0,0.0,0.0,0.0
1763064000000,650276.3550230841,650276.3550230841,0,0.0,0.0,0.0,0.0
1763078400000,650276.3550230841,650276.3550230841,0,0.0,0.0,0.0,0.0
1763092800000,650276.3550230841,650276.3550230841,0,0.0,0.0,0.0,0.0
1763107200000,650276.3550230841,650276.3550230841,0,0.0,0.0,0.0,0.0
1763121600000,650276.3550230841,650276.3550230841,0,0.0,0.0,0.0,0.0
1763136000000,650276.3550230841,650276.3550230841,0,0.0,0.0,0.0,0.0
1763150400000,650276.3550230841,650276.3550230841,0,0.0,0.0,0.0,0.0
1763164800000,650276.3550230841,650276.3550230841,0,0.0,0.0,0.0,0.0
1763179200000,650276.3550230841,650276.3550230841,0,0.0,0.0,0.0,0.0
1763193600000,650276.3550230841,650276.3550230841,0,0.0,0.0,0.0,0.0
1763208000000,650276.3550230841,650276.3550230841,0,0.0,0.0,0.0,0.0
1763222400000,650276.3550230841,650276.3550230841,0,0.0,0.0,0.0,0.0
1763236800000,650276.3550230841,650276.3550230841,0,0.0,0.0,0.0,0.0
1763251200000,650276.3550230841,650276.3550230841,0,0.0,0.0,0.0,0.0
1763265600000,650276.3550230841,650276.3550230841,0,0.0,0.0,0.0,0.0
1763280000000,650276.3550230841,650276.3550230841,0,0.0,0.0,0.0,0.0
1763294400000,650276.3550230841,650276.3550230841,0,0.0,0.0,0.0,0.0
1763308800000,650276.3550230841,650276.3550230841,0,0.0,0.0,0.0,0.0
1763323200000,650276.3550230841,650276.3550230841,0,0.0,0.0,0.0,0.0
1763337600000,650276.3550230841,650276.3550230841,0,0.0,0.0,0.0,0.0
1763352000000,650276.3550230841,650276.3550230841,0,0.0,0.0,0.0,0.0
1763366400000,650276.3550230841,650276.3550230841,0,0.0,0.0,0.0,0.0
1763380800000,650276.3550230841,650276.3550230841,0,0.0,0.0,0.0,0.0
1763395200000,650276.3550230841,650276.3550230841,0,0.0,0.0,0.0,0.0
1763409600000,650276.3550230841,650276.3550230841,0,0.0,0.0,0.0,0.0
1763424000000,650276.3550230841,650276.3550230841,0,0.0,0.0,0.0,0.0
1763438400000,650276.3550230841,650276.3550230841,0,0.0,0.0,0.0,0.0
1763452800000,650276.3550230841,650276.3550230841,0,0.0,0.0,0.0,0.0
1763467200000,650276.3550230841,650276.3550230841,0,0.0,0.0,0.0,0.0
1763481600000,650276.3550230841,650276.3550230841,0,0.0,0.0,0.0,0.0
1763496000000,650276.3550230841,650276.3550230841,0,0.0,0.0,0.0,0.0
1763510400000,650276.3550230841,650276.3550230841,0,0.0,0.0,0.0,0.0
1763524800000,650276.3550230841,650276.3550230841,0,0.0,0.0,0.0,0.0
1763539200000,650276.3550230841,650276.3550230841,0,0.0,0.0,0.0,0.0
1763553600000,650276.3550230841,650276.3550230841,0,0.0,0.0,0.0,0.0
1763568000000,650276.3550230841,650276.3550230841,0,0.0,0.0,0.0,0.0
1763582400000,650276.3550230841,650276.3550230841,0,0.0,0.0,0.0,0.0
1763596800000,650276.3550230841,650276.3550230841,0,0.0,0.0,0.0,0.0
1763611200000,650276.3550230841,650276.3550230841,0,0.0,0.0,0.0,0.0
1763625600000,650276.3550230841,650276.3550230841,0,0.0,0.0,0.0,0.0
1763640000000,650276.3550230841,650276.3550230841,0,0.0,0.0,0.0,0.0
1763654400000,650276.3550230841,650276.3550230841,0,0.0,0.0,0.0,0.0
1763668800000,650276.3550230841,650276.3550230841,0,0.0,0.0,0.0,0.0
1763683200000,650276.3550230841,650276.3550230841,0,0.0,0.0,0.0,0.0
1763697600000,650925.8843812621,650072.6462793769,1,406564.24931249686,13005.527100461682,13005.527100461682,406564.24931249686
1763712000000,669096.5507422157,662944.6620578922,1,197556.8550228675,6502.763550230841,6502.763550230841,197556.8550228675
1763726400000,675724.6878914982,662959.5285694326,1,190943.5843851254,6502.763550230841,6502.763550230841,190943.5843851254
1763740800000,675093.7398094521,662959.5285694326,1,191574.5324671715,6502.763550230841,6502.763550230841,191574.5324671715
1763755200000,672880.297359654,662966.0886305373,1,193794.5349780743,6502.763550230841,6502.763550230841,193794.5349780743
1763769600000,673628.0876791159,662966.0886305373,1,193046.7446586123,6502.763550230841,6502.763550230841,193046.7446586123
1763784000000,672228.0849474941,662968.1927479067,1,194448.8515076035,6502.763550230841,6502.763550230841,194448.8515076035
1763798400000,672368.2956323932,662968.1927479067,1,194308.64082270442,6502.763550230841,6502.763550230841,194308.64082270442
1763812800000,673130.8555484662,662982.9623445176,1,193560.8505032424,6502.763550230841,6502.763550230841,193560.8505032424
1763827200000,676308.9644061797,662982.9623445176,1,190382.7416455289,6502.763550230841,6502.763550230841,190382.7416455289
1763841600000,674999.4707193737,662982.1017167701,1,191691.37470458742,6502.763550230841,6502.763550230841,191691.37470458742
1763856000000,674952.7338244073,662982.1017167701,1,191738.11159955378,6502.763550230841,6502.763550230841,191738.11159955378
1763870400000,671244.0831237359,662989.0341659255,1,195453.6947493806,6502.763550230841,6502.763550230841,195453.6947493806
1763884800000,672599.4530777608,662989.0341659255,1,194098.32479535573,6502.763550230841,6502.763550230841,194098.32479535573
1763899200000,672627.2023593901,662970.0465525885,1,194051.58790038936,6502.763550230841,6502.763550230841,194051.58790038936
1763913600000,671061.5163780166,662970.0465525885,1,195617.2738817629,6502.763550230841,6502.763550230841,195617.2738817629
1763928000000,670845.1596892504,662964.005891171,1,195827.5899091116,6502.763550230841,6502.763550230841,195827.5899091116
1763942400000,672644.5301454559,662964.005891171,1,194028.21945290617,6502.763550230841,6502.763550230841,194028.21945290617
1763956800000,668951.883831997,668951.883831997,0,0.0,0.0,0.0,0.0
1763971200000,668951.883831997,668951.883831997,0,0.0,0.0,0.0,0.0
1763985600000,668951.883831997,668951.883831997,0,0.0,0.0,0.0,0.0
1764000000000,668951.883831997,668951.883831997,0,0.0,0.0,0.0,0.0
1764014400000,668951.883831997,668951.883831997,0,0.0,0.0,0.0,0.0
1764028800000,668951.883831997,668951.883831997,0,0.0,0.0,0.0,0.0
1764043200000,668951.883831997,668951.883831997,0,0.0,0.0,0.0,0.0
1764057600000,668951.883831997,668951.883831997,0,0.0,0.0,0.0,0.0
1764072000000,668951.883831997,668951.883831997,0,0.0,0.0,0.0,0.0
1764086400000,668951.883831997,668951.883831997,0,0.0,0.0,0.0,0.0
1764100800000,668951.883831997,668951.883831997,0,0.0,0.0,0.0,0.0
1764115200000,668951.883831997,668951.883831997,0,0.0,0.0,0.0,0.0
1764129600000,668951.883831997,668951.883831997,0,0.0,0.0,0.0,0.0
1764144000000,668951.883831997,668951.883831997,0,0.0,0.0,0.0,0.0
1764158400000,668951.883831997,668951.883831997,0,0.0,0.0,0.0,0.0
1764172800000,668951.883831997,668951.883831997,0,0.0,0.0,0.0,0.0
1764187200000,668951.883831997,668951.883831997,0,0.0,0.0,0.0,0.0
1764201600000,668951.883831997,668951.883831997,0,0.0,0.0,0.0,0.0
1764216000000,668951.883831997,668951.883831997,0,0.0,0.0,0.0,0.0
1764230400000,668951.883831997,668951.883831997,0,0.0,0.0,0.0,0.0
1764244800000,668951.883831997,668951.883831997,0,0.0,0.0,0.0,0.0
1764259200000,668951.883831997,668951.883831997,0,0.0,0.0,0.0,0.0
1764273600000,668951.883831997,668951.883831997,0,0.0,0.0,0.0,0.0
1764288000000,668951.883831997,668951.883831997,0,0.0,0.0,0.0,0.0
1764302400000,668951.883831997,668951.883831997,0,0.0,0.0,0.0,0.0
1764316800000,668951.883831997,668951.883831997,0,0.0,0.0,0.0,0.0
1764331200000,668951.883831997,668951.883831997,0,0.0,0.0,0.0,0.0
1764345600000,668951.883831997,668951.883831997,0,0.0,0.0,0.0,0.0
1764360000000,668951.883831997,668951.883831997,0,0.0,0.0,0.0,0.0
1764374400000,668951.883831997,668951.883831997,0,0.0,0.0,0.0,0.0
1764388800000,668951.883831997,668951.883831997,0,0.0,0.0,0.0,0.0
1764403200000,668951.883831997,668951.883831997,0,0.0,0.0,0.0,0.0
1764417600000,668951.883831997,668951.883831997,0,0.0,0.0,0.0,0.0
1764432000000,668951.883831997,668951.883831997,0,0.0,0.0,0.0,0.0
1764446400000,668951.883831997,668951.883831997,0,0.0,0.0,0.0,0.0
1764460800000,668951.883831997,668951.883831997,0,0.0,0.0,0.0,0.0
1764475200000,668951.883831997,668951.883831997,0,0.0,0.0,0.0,0.0
1764489600000,668951.883831997,668951.883831997,0,0.0,0.0,0.0,0.0
1764504000000,672357.7281893613,668544.9588600816,1,810037.1745016526,13379.03767663994,13379.03767663994,810037.1745016526
1764518400000,666596.0298146429,668544.9588600816,1,815798.872876371,13379.03767663994,13379.03767663994,815798.872876371
1764532800000,676382.5200353883,668363.7108925643,1,805831.1346881082,13379.03767663994,13379.03767663994,805831.1346881082
1764547200000,693571.8178485349,681467.2270606436,1,394820.38112757483,6689.51883831997,6689.51883831997,394820.38112757483
1764561600000,747467.8615708156,694588.8102306945,2,746912.4309594554,13624.056045594662,13624.056045594662,746912.4309594554
1764576000000,735971.3338390633,693668.7658870543,4,2597577.601628039,43508.584410588766,43508.584410588766,2597577.601628039
1764590400000,748976.4000891022,693640.6735126078,4,2584544.443003554,43508.584410588766,43508.584410588766,2584544.443003554
1764604800000,808214.0303772124,708227.9324266445,4,2007213.7113965359,36033.723343703845,36033.723343703845,2007213.7113965359
1764619200000,812471.914027787,708196.3728617363,4,2002924.268181053,36033.723343703845,36033.723343703845,2002924.268181053
1764633600000,777674.9884624985,707823.4433415373,3,1504667.903993198,28558.86227681892,28558.86227681892,1504667.903993198
1764648000000,771974.4328403089,707759.875999634,3,1510304.8922734845,28558.86227681892,28558.86227681892,1510304.8922734845
1764662400000,770325.256521865,707759.875999634,3,1511954.0685919283,28558.86227681892,28558.86227681892,1511954.0685919283
1764676800000,757994.4253682861,736470.7950589043,1,371342.8800747288,6934.537207274692,6934.537207274692,371342.8800747288
1764691200000,752144.790936865,752144.790936865,0,0.0,0.0,0.0,0.0
1764705600000,752144.790936865,752144.790936865,0,0.0,0.0,0.0,0.0
1764720000000,752144.790936865,752144.790936865,0,0.0,0.0,0.0,0.0
1764734400000,752144.790936865,752144.790936865,0,0.0,0.0,0.0,0.0
1764748800000,752144.790936865,752144.790936865,0,0.0,0.0,0.0,0.0
1764763200000,752144.790936865,752144.790936865,0,0.0,0.0,0.0,0.0
1764777600000,752144.790936865,752144.790936865,0,0.0,0.0,0.0,0.0
1764792000000,752144.790936865,752144.790936865,0,0.0,0.0,0.0,0.0
1764806400000,752144.790936865,752144.790936865,0,0.0,0.0,0.0,0.0
1764820800000,752144.790936865,752144.790936865,0,0.0,0.0,0.0,0.0
1764835200000,752144.790936865,752144.790936865,0,0.0,0.0,0.0,0.0
1764849600000,752144.790936865,752144.790936865,0,0.0,0.0,0.0,0.0
1764864000000,752144.790936865,752144.790936865,0,0.0,0.0,0.0,0.0
1764878400000,752144.790936865,752144.790936865,0,0.0,0.0,0.0,0.0
1764892800000,752144.790936865,752144.790936865,0,0.0,0.0,0.0,0.0
1764907200000,752144.790936865,752144.790936865,0,0.0,0.0,0.0,0.0
1764921600000,752144.790936865,752144.790936865,0,0.0,0.0,0.0,0.0
1764936000000,752144.790936865,752144.790936865,0,0.0,0.0,0.0,0.0
1764950400000,752144.790936865,752144.790936865,0,0.0,0.0,0.0,0.0
1764964800000,752144.790936865,752144.790936865,0,0.0,0.0,0.0,0.0
1764979200000,752144.790936865,752144.790936865,0,0.0,0.0,0.0,0.0
1764993600000,752144.790936865,752144.790936865,0,0.0,0.0,0.0,0.0
1765008000000,752144.790936865,752144.790936865,0,0.0,0.0,0.0,0.0
1765022400000,752144.790936865,752144.790936865,0,0.0,0.0,0.0,0.0
1765036800000,752144.790936865,752144.790936865,0,0.0,0.0,0.0,0.0
1765051200000,752144.790936865,752144.790936865,0,0.0,0.0,0.0,0.0
1765065600000,752144.790936865,752144.790936865,0,0.0,0.0,0.0,0.0
1765080000000,752144.790936865,752144.790936865,0,0.0,0.0,0.0,0.0
1765094400000,752144.790936865,752144.790936865,0,0.0,0.0,0.0,0.0
1765108800000,752144.790936865,752144.790936865,0,0.0,0.0,0.0,0.0
1765123200000,752144.790936865,752144.790936865,0,0.0,0.0,0.0,0.0
1765137600000,752144.790936865,752144.790936865,0,0.0,0.0,0.0,0.0
1765152000000,752144.790936865,752144.790936865,0,0.0,0.0,0.0,0.0
1765166400000,752144.790936865,752144.790936865,0,0.0,0.0,0.0,0.0
1765180800000,752144.790936865,752144.790936865,0,0.0,0.0,0.0,0.0
1765195200000,752144.790936865,752144.790936865,0,0.0,0.0,0.0,0.0
1765209600000,752144.790936865,752144.790936865,0,0.0,0.0,0.0,0.0
1765224000000,752144.790936865,752144.790936865,0,0.0,0.0,0.0,0.0
1765238400000,752144.790936865,752144.790936865,0,0.0,0.0,0.0,0.0
1765252800000,752144.790936865,752144.790936865,0,0.0,0.0,0.0,0.0
1765267200000,752144.790936865,752144.790936865,0,0.0,0.0,0.0,0.0
1765281600000,752144.790936865,752144.790936865,0,0.0,0.0,0.0,0.0
1765296000000,752144.790936865,752144.790936865,0,0.0,0.0,0.0,0.0
1765310400000,752144.790936865,752144.790936865,0,0.0,0.0,0.0,0.0
1765324800000,752144.790936865,752144.790936865,0,0.0,0.0,0.0,0.0
1765339200000,752144.790936865,752144.790936865,0,0.0,0.0,0.0,0.0
1765353600000,752144.790936865,752144.790936865,0,0.0,0.0,0.0,0.0
1765368000000,752144.790936865,752144.790936865,0,0.0,0.0,0.0,0.0
1765382400000,752144.790936865,752144.790936865,0,0.0,0.0,0.0,0.0
1765396800000,752144.790936865,752144.790936865,0,0.0,0.0,0.0,0.0
1765411200000,752144.790936865,752144.790936865,0,0.0,0.0,0.0,0.0
1765425600000,752144.790936865,752144.790936865,0,0.0,0.0,0.0,0.0
1765440000000,752879.1527025441,751726.6320926965,1,835165.1677271879,15042.895818737301,15042.895818737301,835165.1677271879
1765454400000,753389.739076022,751726.6320926965,1,834654.58135371,15042.895818737301,15042.895818737301,834654.58135371
1765468800000,754025.5636165793,751726.6320926965,1,834018.7568131527,15042.895818737301,15042.895818737301,834018.7568131527
1765483200000,744054.6787760215,751726.6320926965,1,843989.6416537106,15042.895818737301,15042.895818737301,843989.6416537106
1765497600000,736087.6987289917,736087.6987289917,0,0.0,0.0,0.0,0.0
1765512000000,736087.6987289917,736087.6987289917,0,0.0,0.0,0.0,0.0
1765526400000,736087.6987289917,736087.6987289917,0,0.0,0.0,0.0,0.0
1765540800000,736087.6987289917,736087.6987289917,0,0.0,0.0,0.0,0.0
1765555200000,736087.6987289917,736087.6987289917,0,0.0,0.0,0.0,0.0
1765569600000,736087.6987289917,736087.6987289917,0,0.0,0.0,0.0,0.0
1765584000000,736087.6987289917,736087.6987289917,0,0.0,0.0,0.0,0.0
1765598400000,736087.6987289917,736087.6987289917,0,0.0,0.0,0.0,0.0
1765612800000,736087.6987289917,736087.6987289917,0,0.0,0.0,0.0,0.0
1765627200000,736087.6987289917,736087.6987289917,0,0.0,0.0,0.0,0.0
1765641600000,736087.6987289917,736087.6987289917,0,0.0,0.0,0.0,0.0
1765656000000,736087.6987289917,736087.6987289917,0,0.0,0.0,0.0,0.0
1765670400000,736087.6987289917,736087.6987289917,0,0.0,0.0,0.0,0.0
1765684800000,736087.6987289917,736087.6987289917,0,0.0,0.0,0.0,0.0
1765699200000,736087.6987289917,736087.6987289917,0,0.0,0.0,0.0,0.0
1765713600000,736087.6987289917,736087.6987289917,0,0.0,0.0,0.0,0.0
1765728000000,736087.6987289917,736087.6987289917,0,0.0,0.0,0.0,0.0
1765742400000,736087.6987289917,736087.6987289917,0,0.0,0.0,0.0,0.0
1765756800000,737946.9002879362,735226.383482656,2,1719909.9758661129,29431.95872388303,29431.95872388303,1719909.9758661129
1765771200000,688904.3099471696,688904.3099471696,0,0.0,0.0,0.0,0.0
1765785600000,688904.3099471696,688904.3099471696,0,0.0,0.0,0.0,0.0
1765800000000,688904.3099471696,688904.3099471696,0,0.0,0.0,0.0,0.0
1765814400000,688904.3099471696,688904.3099471696,0,0.0,0.0,0.0,0.0
1765828800000,697852.3863315163,688455.2579642312,1,888706.8375095231,13778.08619894339,13778.08619894339,888706.8375095231
1765843200000,688986.5416177053,688455.2579642312,1,897572.6822233342,13778.08619894339,13778.08619894339,897572.6822233342
1765857600000,692060.3132519746,688455.2579642312,1,894498.9105890648,13778.08619894339,13778.08619894339,894498.9105890648
1765872000000,687418.2907838944,688455.2579642312,1,899140.9330571451,13778.08619894339,13778.08619894339,899140.9330571451
1765886400000,681061.6474041808,688455.2579642312,1,905497.5764368586,13778.08619894339,13778.08619894339,905497.5764368586
1765900800000,679120.7609991685,679120.7609991685,0,0.0,0.0,0.0,0.0
1765915200000,679120.7609991685,679120.7609991685,0,0.0,0.0,0.0,0.0
1765929600000,679120.7609991685,679120.7609991685,0,0.0,0.0,0.0,0.0
1765944000000,679120.7609991685,679120.7609991685,0,0.0,0.0,0.0,0.0
1765958400000,679120.7609991685,679120.7609991685,0,0.0,0.0,0.0,0.0
1765972800000,679120.7609991685,679120.7609991685,0,0.0,0.0,0.0,0.0
1765987200000,679120.7609991685,679120.7609991685,0,0.0,0.0,0.0,0.0
1766001600000,679120.7609991685,679120.7609991685,0,0.0,0.0,0.0,0.0
1766016000000,679120.7609991685,679120.7609991685,0,0.0,0.0,0.0,0.0
1766030400000,679120.7609991685,679120.7609991685,0,0.0,0.0,0.0,0.0
1766044800000,679120.7609991685,679120.7609991685,0,0.0,0.0,0.0,0.0
1766059200000,679120.7609991685,679120.7609991685,0,0.0,0.0,0.0,0.0
1766073600000,679120.7609991685,679120.7609991685,0,0.0,0.0,0.0,0.0
1766088000000,679120.7609991685,679120.7609991685,0,0.0,0.0,0.0,0.0
1766102400000,679120.7609991685,679120.7609991685,0,0.0,0.0,0.0,0.0
1766116800000,679120.7609991685,679120.7609991685,0,0.0,0.0,0.0,0.0
1766131200000,679120.7609991685,679120.7609991685,0,0.0,0.0,0.0,0.0
1766145600000,679120.7609991685,679120.7609991685,0,0.0,0.0,0.0,0.0
1766160000000,679120.7609991685,679120.7609991685,0,0.0,0.0,0.0,0.0
1766174400000,679120.7609991685,679120.7609991685,0,0.0,0.0,0.0,0.0
1766188800000,679120.7609991685,679120.7609991685,0,0.0,0.0,0.0,0.0
1766203200000,679120.7609991685,679120.7609991685,0,0.0,0.0,0.0,0.0
1766217600000,679120.7609991685,679120.7609991685,0,0.0,0.0,0.0,0.0
1766232000000,679120.7609991685,679120.7609991685,0,0.0,0.0,0.0,0.0
1766246400000,679120.7609991685,679120.7609991685,0,0.0,0.0,0.0,0.0
1766260800000,679120.7609991685,679120.7609991685,0,0.0,0.0,0.0,0.0
1766275200000,679120.7609991685,679120.7609991685,0,0.0,0.0,0.0,0.0
1766289600000,679120.7609991685,679120.7609991685,0,0.0,0.0,0.0,0.0
1766304000000,679120.7609991685,679120.7609991685,0,0.0,0.0,0.0,0.0
1766318400000,679120.7609991685,679120.7609991685,0,0.0,0.0,0.0,0.0
1766332800000,679120.7609991685,679120.7609991685,0,0.0,0.0,0.0,0.0
1766347200000,679120.7609991685,679120.7609991685,0,0.0,0.0,0.0,0.0
1766361600000,679120.7609991685,679120.7609991685,0,0.0,0.0,0.0,0.0
1766376000000,679120.7609991685,679120.7609991685,0,0.0,0.0,0.0,0.0
1766390400000,679120.7609991685,679120.7609991685,0,0.0,0.0,0.0,0.0
1766404800000,679120.7609991685,679120.7609991685,0,0.0,0.0,0.0,0.0
1766419200000,679120.7609991685,679120.7609991685,0,0.0,0.0,0.0,0.0
1766433600000,679120.7609991685,679120.7609991685,0,0.0,0.0,0.0,0.0
1766448000000,679120.7609991685,679120.7609991685,0,0.0,0.0,0.0,0.0
1766462400000,679120.7609991685,679120.7609991685,0,0.0,0.0,0.0,0.0
1766476800000,679120.7609991685,679120.7609991685,0,0.0,0.0,0.0,0.0
1766491200000,679120.7609991685,679120.7609991685,0,0.0,0.0,0.0,0.0
1766505600000,679120.7609991685,679120.7609991685,0,0.0,0.0,0.0,0.0
1766520000000,673193.0142001463,677814.0963734899,3,2617950.3335302803,40684.331960562435,40684.331960562435,2617950.3335302803
1766534400000,649250.4116145081,649592.4939623039,1,1115811.7192885657,13530.39153911807,13530.39153911807,1115811.7192885657
1766548800000,653664.5479212555,649592.4939623039,1,1111397.5829818184,13530.39153911807,13530.39153911807,1111397.5829818184
1766563200000,667297.9022148211,648862.5150536165,3,2556992.067154233,39190.880675601045,39190.880675601045,2556992.067154233
1766577600000,657169.773594913,648831.3185015074,3,2567088.999222032,39190.880675601045,39190.880675601045,2567088.999222032
1766592000000,651397.097951021,648831.3185015074,3,2572861.674865924,39190.880675601045,39190.880675601045,2572861.674865924
1766606400000,642096.4603223009,648845.1603704089,3,2582176.1543635456,39190.880675601045,39190.880675601045,2582176.1543635456
1766620800000,645221.9750988481,648845.1603704089,3,2579050.639586998,39190.880675601045,39190.880675601045,2579050.639586998
1766635200000,643447.6783596525,648969.9351310218,3,2580949.711086807,39190.880675601045,39190.880675601045,2580949.711086807
1766649600000,646379.7585926626,648969.9351310218,3,2578017.6308537964,39190.880675601045,39190.880675601045,2578017.6308537964
1766664000000,664223.6222801177,649089.7999582749,3,2560293.631993595,39190.880675601045,39190.880675601045,2560293.631993595
1766678400000,633378.423391716,637031.8430766556,2,1809374.0742555633,26603.68249754318,26603.68249754318,1809374.0742555633
1766692800000,630229.0720855591,626923.5447906534,1,1112164.1096458642,13530.39153911807,13530.39153911807,1112164.1096458642
1766707200000,646180.7562838949,626923.5447906534,1,1096212.4254475285,13530.39153911807,13530.39153911807,1096212.4254475285
1766721600000,626136.7696940898,626136.7696940898,0,0.0,0.0,0.0,0.0
1766736000000,626136.7696940898,626136.7696940898,0,0.0,0.0,0.0,0.0
1766750400000,626136.7696940898,626136.7696940898,0,0.0,0.0,0.0,0.0
1766764800000,626136.7696940898,626136.7696940898,0,0.0,0.0,0.0,0.0
1766779200000,626136.7696940898,626136.7696940898,0,0.0,0.0,0.0,0.0
1766793600000,626136.7696940898,626136.7696940898,0,0.0,0.0,0.0,0.0
1766808000000,626136.7696940898,626136.7696940898,0,0.0,0.0,0.0,0.0
1766822400000,626136.7696940898,626136.7696940898,0,0.0,0.0,0.0,0.0
1766836800000,626136.7696940898,626136.7696940898,0,0.0,0.0,0.0,0.0
1766851200000,626136.7696940898,626136.7696940898,0,0.0,0.0,0.0,0.0
1766865600000,626136.7696940898,626136.7696940898,0,0.0,0.0,0.0,0.0
1766880000000,626136.7696940898,626136.7696940898,0,0.0,0.0,0.0,0.0
1766894400000,626136.7696940898,626136.7696940898,0,0.0,0.0,0.0,0.0
1766908800000,626136.7696940898,626136.7696940898,0,0.0,0.0,0.0,0.0
1766923200000,626136.7696940898,626136.7696940898,0,0.0,0.0,0.0,0.0
1766937600000,626136.7696940898,626136.7696940898,0,0.0,0.0,0.0,0.0
1766952000000,626136.7696940898,626136.7696940898,0,0.0,0.0,0.0,0.0
1766966400000,626136.7696940898,626136.7696940898,0,0.0,0.0,0.0,0.0
1766980800000,626136.7696940898,626136.7696940898,0,0.0,0.0,0.0,0.0
1766995200000,626136.7696940898,626136.7696940898,0,0.0,0.0,0.0,0.0
1767009600000,626136.7696940898,626136.7696940898,0,0.0,0.0,0.0,0.0
1767024000000,626136.7696940898,626136.7696940898,0,0.0,0.0,0.0,0.0
1767038400000,626136.7696940898,626136.7696940898,0,0.0,0.0,0.0,0.0
1767052800000,626136.7696940898,626136.7696940898,0,0.0,0.0,0.0,0.0
1767067200000,626136.7696940898,626136.7696940898,0,0.0,0.0,0.0,0.0
1767081600000,626136.7696940898,626136.7696940898,0,0.0,0.0,0.0,0.0
1767096000000,626136.7696940898,626136.7696940898,0,0.0,0.0,0.0,0.0
1767110400000,626136.7696940898,626136.7696940898,0,0.0,0.0,0.0,0.0
1767124800000,626136.7696940898,626136.7696940898,0,0.0,0.0,0.0,0.0
1767139200000,626136.7696940898,626136.7696940898,0,0.0,0.0,0.0,0.0
1767153600000,626136.7696940898,626136.7696940898,0,0.0,0.0,0.0,0.0
1767168000000,626136.7696940898,626136.7696940898,0,0.0,0.0,0.0,0.0
1767182400000,626136.7696940898,626136.7696940898,0,0.0,0.0,0.0,0.0
1767196800000,626136.7696940898,626136.7696940898,0,0.0,0.0,0.0,0.0
1767211200000,652332.4279892276,637903.9545524401,1,435143.7297163321,6261.367696940898,6261.367696940898,435143.7297163321
1767225600000,642149.7522288024,637336.5841816536,2,1579499.7766791028,19308.01625672545,19308.01625672545,1579499.7766791028
1767240000000,633794.5196376654,623227.7193718394,1,439005.40288729366,6261.367696940898,6261.367696940898,439005.40288729366
1767254400000,633274.6790184975,623227.7193718394,1,439525.24350646156,6261.367696940898,6261.367696940898,439525.24350646156
1767268800000,630400.5452823149,630400.5452823149,0,0.0,0.0,0.0,0.0
1767283200000,630400.5452823149,630400.5452823149,0,0.0,0.0,0.0,0.0
1767297600000,630400.5452823149,630400.5452823149,0,0.0,0.0,0.0,0.0
1767312000000,630400.5452823149,630400.5452823149,0,0.0,0.0,0.0,0.0
1767326400000,630400.5452823149,630400.5452823149,0,0.0,0.0,0.0,0.0
1767340800000,630400.5452823149,630400.5452823149,0,0.0,0.0,0.0,0.0
1767355200000,630400.5452823149,630400.5452823149,0,0.0,0.0,0.0,0.0
1767369600000,630400.5452823149,630400.5452823149,0,0.0,0.0,0.0,0.0
1767384000000,630400.5452823149,630400.5452823149,0,0.0,0.0,0.0,0.0
1767398400000,630400.5452823149,630400.5452823149,0,0.0,0.0,0.0,0.0
1767412800000,630400.5452823149,630400.5452823149,0,0.0,0.0,0.0,0.0
1767427200000,622295.2628701895,630054.4496386901,1,684432.1004810442,12608.010905646297,0.0,0.0
1767441600000,623931.1395435788,630031.0352165326,1,686091.3915765911,12608.010905646297,0.0,0.0
1767456000000,624578.0193832313,630031.0352165326,1,686738.2714162435,12608.010905646297,0.0,0.0
1767470400000,627231.9639765341,630008.8467745609,1,689414.404451518,12608.010905646297,0.0,0.0
1767484800000,630216.0295382184,630008.8467745609,1,692398.4700132024,12608.010905646297,0.0,0.0
1767499200000,634651.7017290819,629956.2362423562,1,696886.7527362704,12608.010905646297,0.0,0.0
1767513600000,633273.7590569456,629956.2362423562,1,695508.8100641342,12608.010905646297,0.0,0.0
1767528000000,633008.6588449184,629954.7617184066,1,695245.1843760565,12608.010905646297,0.0,0.0
1767542400000,632082.645923772,629954.7617184066,1,694319.1714549102,12608.010905646297,0.0,0.0
1767556800000,631405.4934154953,629904.5509725327,1,693692.2296925073,12608.010905646297,0.0,0.0
1767571200000,634066.1190573535,629904.5509725327,1,696352.8553343656,12608.010905646297,0.0,0.0
1767585600000,643186.8647312827,629849.3504278302,1,705528.8015529972,12608.010905646297,0.0,0.0
1767600000000,636819.9720629225,629849.3504278302,1,699161.9088846372,12608.010905646297,0.0,0.0
1767614400000,641881.9201003013,629842.5961599869,1,704230.6111898591,12608.010905646297,0.0,0.0
1767628800000,645340.0688321418,629842.5961599869,1,707688.7599216998,12608.010905646297,0.0,0.0
1767643200000,651316.5093767461,629806.5987428899,1,713701.1978834011,12608.010905646297,0.0,0.0
1767657600000,651777.3004954027,629806.5987428899,1,714161.9890020576,12608.010905646297,0.0,0.0
1767672000000,651757.5782141662,629749.2156490709,1,714199.64981464,12608.010905646297,0.0,0.0
1767686400000,650457.1725091115,629749.2156490709,1,712899.2441095853,12608.010905646297,0.0,0.0
1767700800000,654473.3052380699,629700.1959610353,1,716964.3965265793,12608.010905646297,0.0,0.0
1767715200000,662089.6507474025,629700.1959610353,1,724580.7420359119,12608.010905646297,0.0,0.0
1767729600000,651301.155718769,629669.4012794988,1,713823.041688815,12608.010905646297,0.0,0.0
1767744000000,667535.1812837457,629669.4012794988,1,730057.0672537916,12608.010905646297,0.0,0.0
1767758400000,660857.6166944151,629613.4936789394,1,723435.4102650204,12608.010905646297,0.0,0.0
1767772800000,658292.2507549714,629613.4936789394,1,720870.0443255767,12608.010905646297,0.0,0.0
1767787200000,650432.9928449771,629561.1006831068,1,713063.179411415,12608.010905646297,0.0,0.0
1767801600000,638199.8747814125,629561.1006831068,1,700830.0613478505,12608.010905646297,0.0,0.0
1767816000000,637682.0175189241,637682.0175189241,0,0.0,0.0,0.0,0.0
1767830400000,637682.0175189241,637682.0175189241,0,0.0,0.0,0.0,0.0
1767844800000,637682.0175189241,637682.0175189241,0,0.0,0.0,0.0,0.0
1767859200000,637682.0175189241,637682.0175189241,0,0.0,0.0,0.0,0.0
1767873600000,637682.0175189241,637682.0175189241,0,0.0,0.0,0.0,0.0
1767888000000,637682.0175189241,637682.0175189241,0,0.0,0.0,0.0,0.0
1767902400000,637682.0175189241,637682.0175189241,0,0.0,0.0,0.0,0.0
1767916800000,637682.0175189241,637682.0175189241,0,0.0,0.0,0.0,0.0
1767931200000,637682.0175189241,637682.0175189241,0,0.0,0.0,0.0,0.0
1767945600000,637682.0175189241,637682.0175189241,0,0.0,0.0,0.0,0.0
1767960000000,637682.0175189241,637682.0175189241,0,0.0,0.0,0.0,0.0
1767974400000,637682.0175189241,637682.0175189241,0,0.0,0.0,0.0,0.0
1767988800000,637682.0175189241,637682.0175189241,0,0.0,0.0,0.0,0.0
1768003200000,637682.0175189241,637682.0175189241,0,0.0,0.0,0.0,0.0
1768017600000,637682.0175189241,637682.0175189241,0,0.0,0.0,0.0,0.0
1768032000000,637682.0175189241,637682.0175189241,0,0.0,0.0,0.0,0.0
1768046400000,637682.0175189241,637682.0175189241,0,0.0,0.0,0.0,0.0
1768060800000,637682.0175189241,637682.0175189241,0,0.0,0.0,0.0,0.0
1768075200000,637682.0175189241,637682.0175189241,0,0.0,0.0,0.0,0.0
1768089600000,637682.0175189241,637682.0175189241,0,0.0,0.0,0.0,0.0
1768104000000,637682.0175189241,637682.0175189241,0,0.0,0.0,0.0,0.0
1768118400000,637682.0175189241,637682.0175189241,0,0.0,0.0,0.0,0.0
1768132800000,637682.0175189241,637682.0175189241,0,0.0,0.0,0.0,0.0
1768147200000,637682.0175189241,637682.0175189241,0,0.0,0.0,0.0,0.0
1768161600000,637682.0175189241,637682.0175189241,0,0.0,0.0,0.0,0.0
1768176000000,637682.0175189241,637682.0175189241,0,0.0,0.0,0.0,0.0
1768190400000,630715.0349904926,630715.0349904926,0,0.0,0.0,0.0,0.0
1768204800000,623866.3904472266,623866.3904472266,0,0.0,0.0,0.0,0.0
1768219200000,628649.2853887127,623661.1380558127,1,405516.6354948514,6238.663904472266,6238.663904472266,405516.6354948514
1768233600000,633404.5030613089,629760.4724496556,1,201608.36080222245,3119.331952236133,3119.331952236133,201608.36080222245
1768248000000,635896.2817305604,629769.3895326728,1,199125.49921598818,3119.331952236133,3119.331952236133,199125.49921598818
1768262400000,636209.9063519794,629769.3895326728,1,198811.87459456912,3119.331952236133,3119.331952236133,198811.87459456912
1768276800000,635907.673160152,629780.7809622645,1,199125.49921598818,3119.331952236133,3119.331952236133,199125.49921598818
1768291200000,634391.8208232932,629780.7809622645,1,200641.35155284702,3119.331952236133,3119.331952236133,200641.35155284702
1768305600000,635666.3823115922,629800.8439648873,1,199386.85306717077,3119.331952236133,3119.331952236133,199386.85306717077
1768320000000,633784.6345830779,629800.8439648873,1,201268.60079568517,3119.331952236133,3119.331952236133,201268.60079568517
1768334400000,631561.2271817389,631561.2271817389,0,0.0,0.0,0.0,0.0
1768348800000,631561.2271817389,631561.2271817389,0,0.0,0.0,0.0,0.0
1768363200000,631561.2271817389,631561.2271817389,0,0.0,0.0,0.0,0.0
1768377600000,631561.2271817389,631561.2271817389,0,0.0,0.0,0.0,0.0
1768392000000,631561.2271817389,631561.2271817389,0,0.0,0.0,0.0,0.0
1768406400000,631561.2271817389,631561.2271817389,0,0.0,0.0,0.0,0.0
1768420800000,631561.2271817389,631561.2271817389,0,0.0,0.0,0.0,0.0
1768435200000,631561.2271817389,631561.2271817389,0,0.0,0.0,0.0,0.0
1768449600000,631561.2271817389,631561.2271817389,0,0.0,0.0,0.0,0.0
1768464000000,631561.2271817389,631561.2271817389,0,0.0,0.0,0.0,0.0
1768478400000,631561.2271817389,631561.2271817389,0,0.0,0.0,0.0,0.0
1768492800000,631561.2271817389,631561.2271817389,0,0.0,0.0,0.0,0.0
1768507200000,631561.2271817389,631561.2271817389,0,0.0,0.0,0.0,0.0
1768521600000,631561.2271817389,631561.2271817389,0,0.0,0.0,0.0,0.0
1768536000000,631561.2271817389,631561.2271817389,0,0.0,0.0,0.0,0.0
1768550400000,631561.2271817389,631561.2271817389,0,0.0,0.0,0.0,0.0
1768564800000,631561.2271817389,631561.2271817389,0,0.0,0.0,0.0,0.0
1768579200000,631561.2271817389,631561.2271817389,0,0.0,0.0,0.0,0.0
1768593600000,631561.2271817389,631561.2271817389,0,0.0,0.0,0.0,0.0
1768608000000,631561.2271817389,631561.2271817389,0,0.0,0.0,0.0,0.0
1768622400000,631561.2271817389,631561.2271817389,0,0.0,0.0,0.0,0.0
1768636800000,631561.2271817389,631561.2271817389,0,0.0,0.0,0.0,0.0
1768651200000,631561.2271817389,631561.2271817389,0,0.0,0.0,0.0,0.0
1768665600000,631561.2271817389,631561.2271817389,0,0.0,0.0,0.0,0.0
1768680000000,631561.2271817389,631561.2271817389,0,0.0,0.0,0.0,0.0
1768694400000,631561.2271817389,631561.2271817389,0,0.0,0.0,0.0,0.0
1768708800000,631561.2271817389,631561.2271817389,0,0.0,0.0,0.0,0.0
1768723200000,631561.2271817389,631561.2271817389,0,0.0,0.0,0.0,0.0
1768737600000,631561.2271817389,631561.2271817389,0,0.0,0.0,0.0,0.0
1768752000000,631561.2271817389,631561.2271817389,0,0.0,0.0,0.0,0.0
1768766400000,631561.2271817389,631561.2271817389,0,0.0,0.0,0.0,0.0
1768780800000,631561.2271817389,631561.2271817389,0,0.0,0.0,0.0,0.0
1768795200000,631561.2271817389,631561.2271817389,0,0.0,0.0,0.0,0.0
1768809600000,632342.3070450625,631446.5983437693,1,228361.9672379277,6315.612271817389,6315.612271817389,228361.9672379277
1768824000000,629135.0267937386,631440.6540817621,1,231563.30322724444,6315.612271817389,6315.612271817389,231563.30322724444
1768838400000,630641.5378475348,631440.6540817621,1,230056.7921734483,6315.612271817389,6315.612271817389,230056.7921734483
1768852800000,628016.7859736036,631452.2965519741,1,232693.1865175915,6315.612271817389,6315.612271817389,232693.1865175915
1768867200000,628393.4137370526,631452.2965519741,1,232316.5587541425,6315.612271817389,6315.612271817389,232316.5587541425
1768881600000,630864.7240958674,631475.5264483702,1,229868.47829172382,6315.612271817389,6315.612271817389,229868.47829172382
1768896000000,631178.5805654082,631475.5264483702,1,229554.62182218296,6315.612271817389,6315.612271817389,229554.62182218296
1768910400000,636270.7041388713,631483.1752152714,1,224470.14701562104,6315.612271817389,6315.612271817389,224470.14701562104
1768924800000,635266.3634363406,631483.1752152714,1,225474.48771815182,6315.612271817389,6315.612271817389,225474.48771815182
1768939200000,639680.9902289639,631503.8114343227,1,221080.4971445798,6315.612271817389,6315.612271817389,221080.4971445798
1768953600000,640748.1022254028,631503.8114343227,1,220013.38514814086,6315.612271817389,6315.612271817389,220013.38514814086
1768968000000,636042.7060737106,631506.2623257433,1,224721.23219125374,6315.612271817389,6315.612271817389,224721.23219125374
1768982400000,635101.136665088,631506.2623257433,1,225662.80159987631,6315.612271817389,6315.612271817389,225662.80159987631
1768996800000,638257.8243400931,631524.3853053398,1,222524.23690446775,6315.612271817389,6315.612271817389,222524.23690446775
1769011200000,632838.6970636848,632838.6970636848,0,0.0,0.0,0.0,0.0
1769025600000,632838.6970636848,632838.6970636848,0,0.0,0.0,0.0,0.0
1769040000000,632838.6970636848,632838.6970636848,0,0.0,0.0,0.0,0.0
1769054400000,632838.6970636848,632838.6970636848,0,0.0,0.0,0.0,0.0
1769068800000,632838.6970636848,632838.6970636848,0,0.0,0.0,0.0,0.0
1769083200000,632838.6970636848,632838.6970636848,0,0.0,0.0,0.0,0.0
1769097600000,632838.6970636848,632838.6970636848,0,0.0,0.0,0.0,0.0
1769112000000,632838.6970636848,632838.6970636848,0,0.0,0.0,0.0,0.0
1769126400000,632838.6970636848,632838.6970636848,0,0.0,0.0,0.0,0.0
1769140800000,632838.6970636848,632838.6970636848,0,0.0,0.0,0.0,0.0
1769155200000,632838.6970636848,632838.6970636848,0,0.0,0.0,0.0,0.0
1769169600000,632838.6970636848,632838.6970636848,0,0.0,0.0,0.0,0.0
1769184000000,632838.6970636848,632838.6970636848,0,0.0,0.0,0.0,0.0
1769198400000,632838.6970636848,632838.6970636848,0,0.0,0.0,0.0,0.0
1769212800000,632838.6970636848,632838.6970636848,0,0.0,0.0,0.0,0.0
1769227200000,632838.6970636848,632838.6970636848,0,0.0,0.0,0.0,0.0
1769241600000,632838.6970636848,632838.6970636848,0,0.0,0.0,0.0,0.0
1769256000000,632838.6970636848,632838.6970636848,0,0.0,0.0,0.0,0.0
1769270400000,632838.6970636848,632838.6970636848,0,0.0,0.0,0.0,0.0
1769284800000,632838.6970636848,632838.6970636848,0,0.0,0.0,0.0,0.0
1769299200000,632838.6970636848,632838.6970636848,0,0.0,0.0,0.0,0.0
1769313600000,632838.6970636848,632838.6970636848,0,0.0,0.0,0.0,0.0
1769328000000,632838.6970636848,632838.6970636848,0,0.0,0.0,0.0,0.0
1769342400000,632838.6970636848,632838.6970636848,0,0.0,0.0,0.0,0.0
1769356800000,632838.6970636848,632838.6970636848,0,0.0,0.0,0.0,0.0
1769371200000,632838.6970636848,632838.6970636848,0,0.0,0.0,0.0,0.0
1769385600000,609871.0337029994,631764.7213755903,3,2169845.063861465,37905.36685303444,37905.36685303444,2169845.063861465
1769400000000,591992.0608740113,591992.0608740113,0,0.0,0.0,0.0,0.0
1769414400000,591992.0608740113,591992.0608740113,0,0.0,0.0,0.0,0.0
1769428800000,591992.0608740113,591992.0608740113,0,0.0,0.0,0.0,0.0
1769443200000,591992.0608740113,591992.0608740113,0,0.0,0.0,0.0,0.0
1769457600000,591992.0608740113,591992.0608740113,0,0.0,0.0,0.0,0.0
1769472000000,591992.0608740113,591992.0608740113,0,0.0,0.0,0.0,0.0
1769486400000,591992.0608740113,591992.0608740113,0,0.0,0.0,0.0,0.0
1769500800000,591992.0608740113,591992.0608740113,0,0.0,0.0,0.0,0.0
1769515200000,591992.0608740113,591992.0608740113,0,0.0,0.0,0.0,0.0
1769529600000,591992.0608740113,591992.0608740113,0,0.0,0.0,0.0,0.0
1769544000000,591992.0608740113,591992.0608740113,0,0.0,0.0,0.0,0.0
1769558400000,591992.0608740113,591992.0608740113,0,0.0,0.0,0.0,0.0
1769572800000,591992.0608740113,591992.0608740113,0,0.0,0.0,0.0,0.0
1769587200000,591992.0608740113,591992.0608740113,0,0.0,0.0,0.0,0.0
1769601600000,591992.0608740113,591992.0608740113,0,0.0,0.0,0.0,0.0
1769616000000,591992.0608740113,591992.0608740113,0,0.0,0.0,0.0,0.0
1769630400000,591992.0608740113,591992.0608740113,0,0.0,0.0,0.0,0.0
1769644800000,591992.0608740113,591992.0608740113,0,0.0,0.0,0.0,0.0
1769659200000,591992.0608740113,591992.0608740113,0,0.0,0.0,0.0,0.0
1769673600000,591992.0608740113,591992.0608740113,0,0.0,0.0,0.0,0.0
1769688000000,591992.0608740113,591992.0608740113,0,0.0,0.0,0.0,0.0
1769702400000,591992.0608740113,591992.0608740113,0,0.0,0.0,0.0,0.0
1769716800000,591992.0608740113,591992.0608740113,0,0.0,0.0,0.0,0.0
1769731200000,591992.0608740113,591992.0608740113,0,0.0,0.0,0.0,0.0
1769745600000,591992.0608740113,591992.0608740113,0,0.0,0.0,0.0,0.0
1769760000000,591992.0608740113,591992.0608740113,0,0.0,0.0,0.0,0.0
1769774400000,591992.0608740113,591992.0608740113,0,0.0,0.0,0.0,0.0
1769788800000,591992.0608740113,591992.0608740113,0,0.0,0.0,0.0,0.0
1769803200000,591992.0608740113,591992.0608740113,0,0.0,0.0,0.0,0.0
1769817600000,591992.0608740113,591992.0608740113,0,0.0,0.0,0.0,0.0
1769832000000,591992.0608740113,591992.0608740113,0,0.0,0.0,0.0,0.0
1769846400000,591992.0608740113,591992.0608740113,0,0.0,0.0,0.0,0.0
1769860800000,591992.0608740113,591992.0608740113,0,0.0,0.0,0.0,0.0
1769875200000,591992.0608740113,591992.0608740113,0,0.0,0.0,0.0,0.0
1769889600000,591992.0608740113,591992.0608740113,0,0.0,0.0,0.0,0.0
1769904000000,591992.0608740113,591992.0608740113,0,0.0,0.0,0.0,0.0
1769918400000,591992.0608740113,591992.0608740113,0,0.0,0.0,0.0,0.0
1769932800000,591992.0608740113,591992.0608740113,0,0.0,0.0,0.0,0.0
1769947200000,591992.0608740113,591992.0608740113,0,0.0,0.0,0.0,0.0
1769961600000,591992.0608740113,591992.0608740113,0,0.0,0.0,0.0,0.0
1769976000000,591992.0608740113,591992.0608740113,0,0.0,0.0,0.0,0.0
1769990400000,591992.0608740113,591992.0608740113,0,0.0,0.0,0.0,0.0
1770004800000,591992.0608740113,591992.0608740113,0,0.0,0.0,0.0,0.0
1770019200000,591992.0608740113,591992.0608740113,0,0.0,0.0,0.0,0.0
1770033600000,591992.0608740113,591992.0608740113,0,0.0,0.0,0.0,0.0
1770048000000,591992.0608740113,591992.0608740113,0,0.0,0.0,0.0,0.0
1770062400000,591992.0608740113,591992.0608740113,0,0.0,0.0,0.0,0.0
1770076800000,591992.0608740113,591992.0608740113,0,0.0,0.0,0.0,0.0
1770091200000,591992.0608740113,591992.0608740113,0,0.0,0.0,0.0,0.0
1770105600000,591992.0608740113,591992.0608740113,0,0.0,0.0,0.0,0.0
1770120000000,591992.0608740113,591992.0608740113,0,0.0,0.0,0.0,0.0
1770134400000,591992.0608740113,591992.0608740113,0,0.0,0.0,0.0,0.0
1770148800000,591992.0608740113,591992.0608740113,0,0.0,0.0,0.0,0.0
1770163200000,591992.0608740113,591992.0608740113,0,0.0,0.0,0.0,0.0
1770177600000,591992.0608740113,591992.0608740113,0,0.0,0.0,0.0,0.0
1770192000000,591992.0608740113,591992.0608740113,0,0.0,0.0,0.0,0.0
1770206400000,591992.0608740113,591992.0608740113,0,0.0,0.0,0.0,0.0
1770220800000,591992.0608740113,591992.0608740113,0,0.0,0.0,0.0,0.0
1770235200000,591992.0608740113,591992.0608740113,0,0.0,0.0,0.0,0.0
1770249600000,591992.0608740113,591992.0608740113,0,0.0,0.0,0.0,0.0
1770264000000,591992.0608740113,591992.0608740113,0,0.0,0.0,0.0,0.0
1770278400000,591992.0608740113,591992.0608740113,0,0.0,0.0,0.0,0.0
1770292800000,591992.0608740113,591992.0608740113,0,0.0,0.0,0.0,0.0
1770307200000,591992.0608740113,591992.0608740113,0,0.0,0.0,0.0,0.0
1770321600000,591992.0608740113,591992.0608740113,0,0.0,0.0,0.0,0.0
1770336000000,591992.0608740113,591992.0608740113,0,0.0,0.0,0.0,0.0
1770350400000,591992.0608740113,591992.0608740113,0,0.0,0.0,0.0,0.0
1770364800000,591992.0608740113,591992.0608740113,0,0.0,0.0,0.0,0.0
1770379200000,591992.0608740113,591992.0608740113,0,0.0,0.0,0.0,0.0
1770393600000,591992.0608740113,591992.0608740113,0,0.0,0.0,0.0,0.0
1770408000000,591992.0608740113,591992.0608740113,0,0.0,0.0,0.0,0.0
1770422400000,591992.0608740113,591992.0608740113,0,0.0,0.0,0.0,0.0
1770436800000,591992.0608740113,591992.0608740113,0,0.0,0.0,0.0,0.0
1770451200000,591992.0608740113,591992.0608740113,0,0.0,0.0,0.0,0.0
1770465600000,591992.0608740113,591992.0608740113,0,0.0,0.0,0.0,0.0
1770480000000,591992.0608740113,591992.0608740113,0,0.0,0.0,0.0,0.0
1770494400000,591992.0608740113,591992.0608740113,0,0.0,0.0,0.0,0.0
1770508800000,591992.0608740113,591992.0608740113,0,0.0,0.0,0.0,0.0
1770523200000,591992.0608740113,591992.0608740113,0,0.0,0.0,0.0,0.0
1770537600000,591992.0608740113,591992.0608740113,0,0.0,0.0,0.0,0.0
1770552000000,591992.0608740113,591992.0608740113,0,0.0,0.0,0.0,0.0
1770566400000,591992.0608740113,591992.0608740113,0,0.0,0.0,0.0,0.0
1770580800000,591992.0608740113,591992.0608740113,0,0.0,0.0,0.0,0.0
1770595200000,591992.0608740113,591992.0608740113,0,0.0,0.0,0.0,0.0
1770609600000,591992.0608740113,591992.0608740113,0,0.0,0.0,0.0,0.0
1770624000000,591992.0608740113,591992.0608740113,0,0.0,0.0,0.0,0.0
1770638400000,591992.0608740113,591992.0608740113,0,0.0,0.0,0.0,0.0
1770652800000,591992.0608740113,591992.0608740113,0,0.0,0.0,0.0,0.0
1770667200000,591992.0608740113,591992.0608740113,0,0.0,0.0,0.0,0.0
1770681600000,591992.0608740113,591992.0608740113,0,0.0,0.0,0.0,0.0
1770696000000,591992.0608740113,591992.0608740113,0,0.0,0.0,0.0,0.0
1770710400000,591992.0608740113,591992.0608740113,0,0.0,0.0,0.0,0.0
1770724800000,591992.0608740113,591992.0608740113,0,0.0,0.0,0.0,0.0
1770739200000,591992.0608740113,591992.0608740113,0,0.0,0.0,0.0,0.0
1770753600000,591992.0608740113,591992.0608740113,0,0.0,0.0,0.0,0.0
1770768000000,591992.0608740113,591992.0608740113,0,0.0,0.0,0.0,0.0
1770782400000,591992.0608740113,591992.0608740113,0,0.0,0.0,0.0,0.0
1770796800000,591992.0608740113,591992.0608740113,0,0.0,0.0,0.0,0.0
1770811200000,591992.0608740113,591992.0608740113,0,0.0,0.0,0.0,0.0
1770825600000,591992.0608740113,591992.0608740113,0,0.0,0.0,0.0,0.0
1770840000000,591992.0608740113,591992.0608740113,0,0.0,0.0,0.0,0.0
1770854400000,591992.0608740113,591992.0608740113,0,0.0,0.0,0.0,0.0
1770868800000,591992.0608740113,591992.0608740113,0,0.0,0.0,0.0,0.0
1770883200000,591992.0608740113,591992.0608740113,0,0.0,0.0,0.0,0.0
1770897600000,591992.0608740113,591992.0608740113,0,0.0,0.0,0.0,0.0
1770912000000,591992.0608740113,591992.0608740113,0,0.0,0.0,0.0,0.0
1770926400000,591992.0608740113,591992.0608740113,0,0.0,0.0,0.0,0.0
1770940800000,591992.0608740113,591992.0608740113,0,0.0,0.0,0.0,0.0
1770955200000,591992.0608740113,591992.0608740113,0,0.0,0.0,0.0,0.0
1770969600000,591992.0608740113,591992.0608740113,0,0.0,0.0,0.0,0.0
1770984000000,591992.0608740113,591992.0608740113,0,0.0,0.0,0.0,0.0
1770998400000,591992.0608740113,591992.0608740113,0,0.0,0.0,0.0,0.0
1771012800000,591992.0608740113,591992.0608740113,0,0.0,0.0,0.0,0.0
1771027200000,591992.0608740113,591992.0608740113,0,0.0,0.0,0.0,0.0
1771041600000,591992.0608740113,591992.0608740113,0,0.0,0.0,0.0,0.0
1771056000000,591992.0608740113,591992.0608740113,0,0.0,0.0,0.0,0.0
1771070400000,591992.0608740113,591992.0608740113,0,0.0,0.0,0.0,0.0
1771084800000,591992.0608740113,591992.0608740113,0,0.0,0.0,0.0,0.0
1771099200000,591992.0608740113,591992.0608740113,0,0.0,0.0,0.0,0.0
1771113600000,591992.0608740113,591992.0608740113,0,0.0,0.0,0.0,0.0
1771128000000,591992.0608740113,591992.0608740113,0,0.0,0.0,0.0,0.0
1771142400000,591992.0608740113,591992.0608740113,0,0.0,0.0,0.0,0.0
1771156800000,591992.0608740113,591992.0608740113,0,0.0,0.0,0.0,0.0
1771171200000,591992.0608740113,591992.0608740113,0,0.0,0.0,0.0,0.0
1771185600000,591992.0608740113,591992.0608740113,0,0.0,0.0,0.0,0.0
1771200000000,591992.0608740113,591992.0608740113,0,0.0,0.0,0.0,0.0
1771214400000,591992.0608740113,591992.0608740113,0,0.0,0.0,0.0,0.0
1771228800000,591992.0608740113,591992.0608740113,0,0.0,0.0,0.0,0.0
1771243200000,591992.0608740113,591992.0608740113,0,0.0,0.0,0.0,0.0
1771257600000,591992.0608740113,591992.0608740113,0,0.0,0.0,0.0,0.0
1771272000000,591992.0608740113,591992.0608740113,0,0.0,0.0,0.0,0.0
1771286400000,591992.0608740113,591992.0608740113,0,0.0,0.0,0.0,0.0
1771300800000,591992.0608740113,591992.0608740113,0,0.0,0.0,0.0,0.0
1771315200000,591992.0608740113,591992.0608740113,0,0.0,0.0,0.0,0.0
1771329600000,591992.0608740113,591992.0608740113,0,0.0,0.0,0.0,0.0
1771344000000,591992.0608740113,591992.0608740113,0,0.0,0.0,0.0,0.0
1771358400000,591992.0608740113,591992.0608740113,0,0.0,0.0,0.0,0.0
1771372800000,591992.0608740113,591992.0608740113,0,0.0,0.0,0.0,0.0
1771387200000,591992.0608740113,591992.0608740113,0,0.0,0.0,0.0,0.0
1771401600000,591992.0608740113,591992.0608740113,0,0.0,0.0,0.0,0.0
1771416000000,591992.0608740113,591992.0608740113,0,0.0,0.0,0.0,0.0
1771430400000,591992.0608740113,591992.0608740113,0,0.0,0.0,0.0,0.0
1771444800000,591992.0608740113,591992.0608740113,0,0.0,0.0,0.0,0.0
1771459200000,591992.0608740113,591992.0608740113,0,0.0,0.0,0.0,0.0
1771473600000,591992.0608740113,591992.0608740113,0,0.0,0.0,0.0,0.0
1771488000000,591992.0608740113,591992.0608740113,0,0.0,0.0,0.0,0.0
1771502400000,591992.0608740113,591992.0608740113,0,0.0,0.0,0.0,0.0
1771516800000,601543.3704632053,591136.5280001338,3,1700658.905292064,35473.187788785246,35473.187788785246,1700658.905292064
1771531200000,581884.375378075,590990.4088002725,3,1720171.7811773326,35473.187788785246,35473.187788785246,1720171.7811773326
1771545600000,582209.312971939,590990.4088002725,3,1719846.8435834688,35473.187788785246,35473.187788785246,1719846.8435834688
1771560000000,569405.085957259,578808.3920543165,2,1112575.1040372686,23672.762233568916,23672.762233568916,1112575.1040372686
1771574400000,565005.7648447892,568720.358974621,1,497986.4437696405,11839.841217480225,11839.841217480225,497986.4437696405
1771588800000,569850.4376241288,568685.5649779857,1,493106.9769936656,11839.841217480225,11839.841217480225,493106.9769936656
1771603200000,561530.771250704,568685.5649779857,1,501426.64336709044,11839.841217480225,11839.841217480225,501426.64336709044
1771617600000,563353.2285500127,568647.5061684694,1,499566.1272582655,11839.841217480225,11839.841217480225,499566.1272582655
1771632000000,561527.8165187128,568647.5061684694,1,501391.5392895654,11839.841217480225,11839.841217480225,501391.5392895654
1771646400000,562638.9926579082,568670.45590439,1,500303.3128862905,11839.841217480225,11839.841217480225,500303.3128862905
1771660800000,560848.6847041333,568670.45590439,1,502093.6208400654,11839.841217480225,11839.841217480225,502093.6208400654
1771675200000,559002.7767869931,559002.7767869931,0,0.0,0.0,0.0,0.0
1771689600000,559002.7767869931,559002.7767869931,0,0.0,0.0,0.0,0.0
1771704000000,559002.7767869931,559002.7767869931,0,0.0,0.0,0.0,0.0
1771718400000,559002.7767869931,559002.7767869931,0,0.0,0.0,0.0,0.0
1771732800000,559002.7767869931,559002.7767869931,0,0.0,0.0,0.0,0.0
1771747200000,559002.7767869931,559002.7767869931,0,0.0,0.0,0.0,0.0
1771761600000,559002.7767869931,559002.7767869931,0,0.0,0.0,0.0,0.0
1771776000000,559002.7767869931,559002.7767869931,0,0.0,0.0,0.0,0.0
1771790400000,562843.0268842637,558703.0812716265,1,595251.0851205845,11180.055535739864,11180.055535739864,595251.0851205845
1771804800000,556136.0894085668,558371.5634888606,2,1264662.0703453654,22435.6631770136,22435.6631770136,1264662.0703453654
1771819200000,600316.2584302147,580190.218082294,2,611087.2577846152,11217.8315885068,11217.8315885068,611087.2577846152
1771833600000,563493.5850090964,568216.2414367936,2,996496.963328794,17622.46314379954,17622.46314379954,996496.963328794
1771848000000,550598.9303433062,555590.5042313811,2,989440.1310472545,16135.995291592917,16135.995291592917,989440.1310472545
1771862400000,558611.9735730253,555590.5042313811,2,981427.0878175353,16135.995291592917,16135.995291592917,981427.0878175353
1771876800000,577449.3329775531,555575.9408678894,2,962575.1650495159,16135.995291592917,16135.995291592917,962575.1650495159
1771891200000,577918.9141334286,566578.0576711464,2,588359.9958806277,10504.198776633677,10504.198776633677,588359.9958806277
1771905600000,588345.5476015542,571391.4121391299,2,475270.14311716554,8067.9976457964585,8067.9976457964585,475270.14311716554
1771920000000,590837.3029903875,571391.4121391299,2,472778.3877283322,8067.9976457964585,8067.9976457964585,472778.3877283322
1771934400000,590718.0982673139,571379.2149093894,2,472885.3952216652,8067.9976457964585,8067.9976457964585,472885.3952216652
1771948800000,585659.0409942225,571379.2149093894,2,477944.45249475667,8067.9976457964585,8067.9976457964585,477944.45249475667
1771963200000,580415.5793833742,579081.8334940408,1,106142.82787398667,2436.2011308372184,2436.2011308372184,106142.82787398667
1771977600000,579223.3932177642,579223.3932177642,0,0.0,0.0,0.0,0.0
1771992000000,579223.3932177642,579223.3932177642,0,0.0,0.0,0.0,0.0
1772006400000,579223.3932177642,579223.3932177642,0,0.0,0.0,0.0,0.0
1772020800000,579223.3932177642,579223.3932177642,0,0.0,0.0,0.0,0.0
1772035200000,579223.3932177642,579223.3932177642,0,0.0,0.0,0.0,0.0
1772049600000,579223.3932177642,579223.3932177642,0,0.0,0.0,0.0,0.0
1772064000000,579223.3932177642,579223.3932177642,0,0.0,0.0,0.0,0.0
1772078400000,579223.3932177642,579223.3932177642,0,0.0,0.0,0.0,0.0
1772092800000,579223.3932177642,579223.3932177642,0,0.0,0.0,0.0,0.0
1772107200000,579223.3932177642,579223.3932177642,0,0.0,0.0,0.0,0.0
1772121600000,579223.3932177642,579223.3932177642,0,0.0,0.0,0.0,0.0
1772136000000,579223.3932177642,579223.3932177642,0,0.0,0.0,0.0,0.0
1772150400000,579223.3932177642,579223.3932177642,0,0.0,0.0,0.0,0.0
1772164800000,579223.3932177642,579223.3932177642,0,0.0,0.0,0.0,0.0
1772179200000,579223.3932177642,579223.3932177642,0,0.0,0.0,0.0,0.0
1772193600000,579223.3932177642,579223.3932177642,0,0.0,0.0,0.0,0.0
1772208000000,579223.3932177642,579223.3932177642,0,0.0,0.0,0.0,0.0
1772222400000,579223.3932177642,579223.3932177642,0,0.0,0.0,0.0,0.0
1772236800000,579223.3932177642,579223.3932177642,0,0.0,0.0,0.0,0.0
1772251200000,579223.3932177642,579223.3932177642,0,0.0,0.0,0.0,0.0
1772265600000,579223.3932177642,579223.3932177642,0,0.0,0.0,0.0,0.0
1772280000000,579223.3932177642,579223.3932177642,0,0.0,0.0,0.0,0.0
1772294400000,579223.3932177642,579223.3932177642,0,0.0,0.0,0.0,0.0
1772308800000,579223.3932177642,579223.3932177642,0,0.0,0.0,0.0,0.0
1772323200000,579223.3932177642,579223.3932177642,0,0.0,0.0,0.0,0.0
1772337600000,579223.3932177642,579223.3932177642,0,0.0,0.0,0.0,0.0
1772352000000,579223.3932177642,579223.3932177642,0,0.0,0.0,0.0,0.0
1772366400000,579223.3932177642,579223.3932177642,0,0.0,0.0,0.0,0.0
1772380800000,579223.3932177642,579223.3932177642,0,0.0,0.0,0.0,0.0
1772395200000,579223.3932177642,579223.3932177642,0,0.0,0.0,0.0,0.0
1772409600000,579223.3932177642,579223.3932177642,0,0.0,0.0,0.0,0.0
1772424000000,579223.3932177642,579223.3932177642,0,0.0,0.0,0.0,0.0
1772438400000,579223.3932177642,579223.3932177642,0,0.0,0.0,0.0,0.0
1772452800000,579223.3932177642,579223.3932177642,0,0.0,0.0,0.0,0.0
1772467200000,579223.3932177642,579223.3932177642,0,0.0,0.0,0.0,0.0
1772481600000,579223.3932177642,579223.3932177642,0,0.0,0.0,0.0,0.0
1772496000000,579223.3932177642,579223.3932177642,0,0.0,0.0,0.0,0.0
1772510400000,579223.3932177642,579223.3932177642,0,0.0,0.0,0.0,0.0
1772524800000,579223.3932177642,579223.3932177642,0,0.0,0.0,0.0,0.0
1772539200000,579223.3932177642,579223.3932177642,0,0.0,0.0,0.0,0.0
1772553600000,579223.3932177642,579223.3932177642,0,0.0,0.0,0.0,0.0
1772568000000,579223.3932177642,579223.3932177642,0,0.0,0.0,0.0,0.0
1772582400000,579223.3932177642,579223.3932177642,0,0.0,0.0,0.0,0.0
1772596800000,579223.3932177642,579223.3932177642,0,0.0,0.0,0.0,0.0
1772611200000,579223.3932177642,579223.3932177642,0,0.0,0.0,0.0,0.0
1772625600000,579223.3932177642,579223.3932177642,0,0.0,0.0,0.0,0.0
1772640000000,579223.3932177642,579223.3932177642,0,0.0,0.0,0.0,0.0
1772654400000,579223.3932177642,579223.3932177642,0,0.0,0.0,0.0,0.0
1772668800000,579223.3932177642,579223.3932177642,0,0.0,0.0,0.0,0.0
1772683200000,579223.3932177642,579223.3932177642,0,0.0,0.0,0.0,0.0
1772697600000,579223.3932177642,579223.3932177642,0,0.0,0.0,0.0,0.0
1772712000000,579223.3932177642,579223.3932177642,0,0.0,0.0,0.0,0.0
1772726400000,579223.3932177642,579223.3932177642,0,0.0,0.0,0.0,0.0
1772740800000,579223.3932177642,579223.3932177642,0,0.0,0.0,0.0,0.0
1772755200000,579223.3932177642,579223.3932177642,0,0.0,0.0,0.0,0.0
1772769600000,579223.3932177642,579223.3932177642,0,0.0,0.0,0.0,0.0
1772784000000,579223.3932177642,579223.3932177642,0,0.0,0.0,0.0,0.0
1772798400000,579223.3932177642,579223.3932177642,0,0.0,0.0,0.0,0.0
1772812800000,579223.3932177642,579223.3932177642,0,0.0,0.0,0.0,0.0
1772827200000,579223.3932177642,579223.3932177642,0,0.0,0.0,0.0,0.0
1772841600000,579223.3932177642,579223.3932177642,0,0.0,0.0,0.0,0.0
1772856000000,579223.3932177642,579223.3932177642,0,0.0,0.0,0.0,0.0
1772870400000,579223.3932177642,579223.3932177642,0,0.0,0.0,0.0,0.0
1772884800000,579223.3932177642,579223.3932177642,0,0.0,0.0,0.0,0.0
1772899200000,579223.3932177642,579223.3932177642,0,0.0,0.0,0.0,0.0
1772913600000,579223.3932177642,579223.3932177642,0,0.0,0.0,0.0,0.0
1772928000000,579223.3932177642,579223.3932177642,0,0.0,0.0,0.0,0.0
1772942400000,579223.3932177642,579223.3932177642,0,0.0,0.0,0.0,0.0
1772956800000,579223.3932177642,579223.3932177642,0,0.0,0.0,0.0,0.0
1772971200000,579223.3932177642,579223.3932177642,0,0.0,0.0,0.0,0.0
1772985600000,579223.3932177642,579223.3932177642,0,0.0,0.0,0.0,0.0
1773000000000,579223.3932177642,579223.3932177642,0,0.0,0.0,0.0,0.0
1773014400000,579223.3932177642,579223.3932177642,0,0.0,0.0,0.0,0.0
1773028800000,579223.3932177642,579223.3932177642,0,0.0,0.0,0.0,0.0
1773043200000,579223.3932177642,579223.3932177642,0,0.0,0.0,0.0,0.0
1773057600000,579223.3932177642,579223.3932177642,0,0.0,0.0,0.0,0.0
1773072000000,579223.3932177642,579223.3932177642,0,0.0,0.0,0.0,0.0
1773086400000,579223.3932177642,579223.3932177642,0,0.0,0.0,0.0,0.0
1773100800000,579223.3932177642,579223.3932177642,0,0.0,0.0,0.0,0.0
1773115200000,579223.3932177642,579223.3932177642,0,0.0,0.0,0.0,0.0
1773129600000,579223.3932177642,579223.3932177642,0,0.0,0.0,0.0,0.0
1773144000000,579223.3932177642,579223.3932177642,0,0.0,0.0,0.0,0.0
1773158400000,579223.3932177642,579223.3932177642,0,0.0,0.0,0.0,0.0
1773172800000,579223.3932177642,579223.3932177642,0,0.0,0.0,0.0,0.0
1773187200000,579223.3932177642,579223.3932177642,0,0.0,0.0,0.0,0.0
1773201600000,579223.3932177642,579223.3932177642,0,0.0,0.0,0.0,0.0
1773216000000,579223.3932177642,579223.3932177642,0,0.0,0.0,0.0,0.0
1773230400000,579223.3932177642,579223.3932177642,0,0.0,0.0,0.0,0.0
1773244800000,579223.3932177642,579223.3932177642,0,0.0,0.0,0.0,0.0
1773259200000,579223.3932177642,579223.3932177642,0,0.0,0.0,0.0,0.0
1773273600000,579223.3932177642,579223.3932177642,0,0.0,0.0,0.0,0.0
1773288000000,579223.3932177642,579223.3932177642,0,0.0,0.0,0.0,0.0
1773302400000,579223.3932177642,579223.3932177642,0,0.0,0.0,0.0,0.0
1773316800000,579223.3932177642,579223.3932177642,0,0.0,0.0,0.0,0.0
1773331200000,579223.3932177642,579223.3932177642,0,0.0,0.0,0.0,0.0
1773345600000,579223.3932177642,579223.3932177642,0,0.0,0.0,0.0,0.0
1773360000000,579223.3932177642,579223.3932177642,0,0.0,0.0,0.0,0.0
1773374400000,579223.3932177642,579223.3932177642,0,0.0,0.0,0.0,0.0
1773388800000,579223.3932177642,579223.3932177642,0,0.0,0.0,0.0,0.0
1773403200000,579223.3932177642,579223.3932177642,0,0.0,0.0,0.0,0.0
1773417600000,579223.3932177642,579223.3932177642,0,0.0,0.0,0.0,0.0
1773432000000,574849.8441770275,579049.6675097212,1,343251.5927532141,11584.467864355287,0.0,0.0
1773446400000,573100.6936915265,579049.6675097212,1,341502.4422677133,11584.467864355287,0.0,0.0
1773460800000,574559.7833936758,579040.5160480373,1,342970.68343154644,11584.467864355287,0.0,0.0
1773475200000,570689.1142520913,579040.5160480373,1,339100.01428996184,11584.467864355287,0.0,0.0
1773489600000,570101.0256652681,579048.5431728929,1,338503.8985782832,11584.467864355287,0.0,0.0
1773504000000,570248.0131010246,579048.5431728929,1,338650.88601403957,11584.467864355287,0.0,0.0
1773518400000,570024.8767836977,570024.8767836977,0,0.0,0.0,0.0,0.0
1773532800000,570024.8767836977,570024.8767836977,0,0.0,0.0,0.0,0.0
1773547200000,570024.8767836977,570024.8767836977,0,0.0,0.0,0.0,0.0
1773561600000,570024.8767836977,570024.8767836977,0,0.0,0.0,0.0,0.0
1773576000000,570024.8767836977,570024.8767836977,0,0.0,0.0,0.0,0.0
1773590400000,570024.8767836977,570024.8767836977,0,0.0,0.0,0.0,0.0
1773604800000,570024.8767836977,570024.8767836977,0,0.0,0.0,0.0,0.0
1773619200000,570024.8767836977,570024.8767836977,0,0.0,0.0,0.0,0.0
1773633600000,570024.8767836977,570024.8767836977,0,0.0,0.0,0.0,0.0
1773648000000,570024.8767836977,570024.8767836977,0,0.0,0.0,0.0,0.0
1773662400000,570024.8767836977,570024.8767836977,0,0.0,0.0,0.0,0.0
1773676800000,567579.1703833818,569749.5393880925,1,548504.42220593,11400.497535673956,0.0,0.0
1773691200000,572725.123790715,569738.486873391,1,553661.4281279647,11400.497535673956,0.0,0.0
1773705600000,583204.0260557081,569548.4563905413,2,944391.3265752397,22855.000011488257,0.0,0.0
1773720000000,571548.1896759939,569513.8003327181,2,932770.1462533488,22855.000011488257,0.0,0.0
1773734400000,571396.3699641064,569513.8003327181,2,932618.3265414612,22855.000011488257,0.0,0.0
1773748800000,566639.5353927703,569525.8499630396,2,927849.4423398036,22855.000011488257,0.0,0.0
1773763200000,566430.084605631,569525.8499630396,2,927639.9915526642,22855.000011488257,0.0,0.0
1773777600000,574157.1884611833,569538.1755890673,2,935354.7697821888,22855.000011488257,0.0,0.0
1773792000000,569630.8111476301,569538.1755890673,2,930828.3924686357,22855.000011488257,0.0,0.0
1773806400000,575408.0194557706,569577.8519756971,2,936565.9243901463,22855.000011488257,0.0,0.0
1773820800000,566712.8062197225,569577.8519756971,2,927870.7111540982,22855.000011488257,0.0,0.0
1773835200000,553240.3020201222,557910.5382580237,1,546004.5549727392,11400.497535673956,0.0,0.0
1773849600000,552858.1534320967,552858.1534320967,0,0.0,0.0,0.0,0.0
1773864000000,552858.1534320967,552858.1534320967,0,0.0,0.0,0.0,0.0
1773878400000,552858.1534320967,552858.1534320967,0,0.0,0.0,0.0,0.0
1773892800000,552858.1534320967,552858.1534320967,0,0.0,0.0,0.0,0.0
1773907200000,552858.1534320967,552858.1534320967,0,0.0,0.0,0.0,0.0
1773921600000,552858.1534320967,552858.1534320967,0,0.0,0.0,0.0,0.0
1773936000000,552858.1534320967,552858.1534320967,0,0.0,0.0,0.0,0.0
1773950400000,552858.1534320967,552858.1534320967,0,0.0,0.0,0.0,0.0
1773964800000,552858.1534320967,552858.1534320967,0,0.0,0.0,0.0,0.0
1773979200000,552858.1534320967,552858.1534320967,0,0.0,0.0,0.0,0.0
1773993600000,552858.1534320967,552858.1534320967,0,0.0,0.0,0.0,0.0
1774008000000,552858.1534320967,552858.1534320967,0,0.0,0.0,0.0,0.0
1774022400000,552858.1534320967,552858.1534320967,0,0.0,0.0,0.0,0.0
1774036800000,552858.1534320967,552858.1534320967,0,0.0,0.0,0.0,0.0
1774051200000,552858.1534320967,552858.1534320967,0,0.0,0.0,0.0,0.0
1774065600000,552858.1534320967,552858.1534320967,0,0.0,0.0,0.0,0.0
1774080000000,552858.1534320967,552858.1534320967,0,0.0,0.0,0.0,0.0
1774094400000,552858.1534320967,552858.1534320967,0,0.0,0.0,0.0,0.0
1774108800000,552858.1534320967,552858.1534320967,0,0.0,0.0,0.0,0.0
1774123200000,552858.1534320967,552858.1534320967,0,0.0,0.0,0.0,0.0
1774137600000,552858.1534320967,552858.1534320967,0,0.0,0.0,0.0,0.0
1774152000000,552858.1534320967,552858.1534320967,0,0.0,0.0,0.0,0.0
1774166400000,552858.1534320967,552858.1534320967,0,0.0,0.0,0.0,0.0
1774180800000,562491.9294505283,551979.589528162,3,1746615.4679469937,33120.59704256901,33120.59704256901,1746615.4679469937
1774195200000,557476.89914176,551979.589528162,3,1751630.4982557623,33120.59704256901,33120.59704256901,1751630.4982557623
1774209600000,575937.6137621691,551772.5463388142,3,1732962.740446005,33120.59704256901,33120.59704256901,1732962.740446005
1774224000000,580667.1954221128,551731.4782073165,4,1810328.353650037,34559.09732151987,34559.09732151987,1810328.353650037
1774238400000,577535.8222025074,551568.2867139837,4,1813296.5353763097,34559.09732151987,34559.09732151987,1813296.5353763097
1774252800000,585985.56621514,551568.2867139837,4,1804846.791363677,34559.09732151987,34559.09732151987,1804846.791363677
1774267200000,537964.3767615387,537964.3767615387,0,0.0,0.0,0.0,0.0
1774281600000,537964.3767615387,537964.3767615387,0,0.0,0.0,0.0,0.0
1774296000000,537964.3767615387,537964.3767615387,0,0.0,0.0,0.0,0.0
1774310400000,537964.3767615387,537964.3767615387,0,0.0,0.0,0.0,0.0
1774324800000,537964.3767615387,537964.3767615387,0,0.0,0.0,0.0,0.0
1774339200000,537964.3767615387,537964.3767615387,0,0.0,0.0,0.0,0.0
1774353600000,537964.3767615387,537964.3767615387,0,0.0,0.0,0.0,0.0
1774368000000,537964.3767615387,537964.3767615387,0,0.0,0.0,0.0,0.0
1774382400000,537964.3767615387,537964.3767615387,0,0.0,0.0,0.0,0.0
1774396800000,537964.3767615387,537964.3767615387,0,0.0,0.0,0.0,0.0
1774411200000,537964.3767615387,537964.3767615387,0,0.0,0.0,0.0,0.0
1774425600000,537964.3767615387,537964.3767615387,0,0.0,0.0,0.0,0.0
1774440000000,537964.3767615387,537964.3767615387,0,0.0,0.0,0.0,0.0
1774454400000,537964.3767615387,537964.3767615387,0,0.0,0.0,0.0,0.0
1774468800000,537964.3767615387,537964.3767615387,0,0.0,0.0,0.0,0.0
1774483200000,537964.3767615387,537964.3767615387,0,0.0,0.0,0.0,0.0
1774497600000,537964.3767615387,537964.3767615387,0,0.0,0.0,0.0,0.0
1774512000000,537964.3767615387,537964.3767615387,0,0.0,0.0,0.0,0.0
1774526400000,537964.3767615387,537964.3767615387,0,0.0,0.0,0.0,0.0
1774540800000,537964.3767615387,537964.3767615387,0,0.0,0.0,0.0,0.0
1774555200000,540470.0626073275,537578.202201883,1,769457.2589059859,10759.287535230773,10759.287535230773,769457.2589059859
1774569600000,537105.6747665595,537578.202201883,1,772821.6467467538,10759.287535230773,10759.287535230773,772821.6467467538
1774584000000,534031.7972168213,537617.6387734525,1,775934.9608680615,10759.287535230773,10759.287535230773,775934.9608680615
1774598400000,526310.0970425884,526310.0970425884,0,0.0,0.0,0.0,0.0
1774612800000,526310.0970425884,526310.0970425884,0,0.0,0.0,0.0,0.0
1774627200000,526310.0970425884,526310.0970425884,0,0.0,0.0,0.0,0.0
1774641600000,526310.0970425884,526310.0970425884,0,0.0,0.0,0.0,0.0
1774656000000,526310.0970425884,526310.0970425884,0,0.0,0.0,0.0,0.0
1774670400000,526310.0970425884,526310.0970425884,0,0.0,0.0,0.0,0.0
1774684800000,526310.0970425884,526310.0970425884,0,0.0,0.0,0.0,0.0
1774699200000,526310.0970425884,526310.0970425884,0,0.0,0.0,0.0,0.0
1774713600000,526310.0970425884,526310.0970425884,0,0.0,0.0,0.0,0.0
1774728000000,526310.0970425884,526310.0970425884,0,0.0,0.0,0.0,0.0
1774742400000,526310.0970425884,526310.0970425884,0,0.0,0.0,0.0,0.0
1774756800000,526310.0970425884,526310.0970425884,0,0.0,0.0,0.0,0.0
1774771200000,526310.0970425884,526310.0970425884,0,0.0,0.0,0.0,0.0
1774785600000,526310.0970425884,526310.0970425884,0,0.0,0.0,0.0,0.0
1774800000000,526310.0970425884,526310.0970425884,0,0.0,0.0,0.0,0.0
1774814400000,526310.0970425884,526310.0970425884,0,0.0,0.0,0.0,0.0
1774828800000,526310.0970425884,526310.0970425884,0,0.0,0.0,0.0,0.0
1774843200000,526310.0970425884,526310.0970425884,0,0.0,0.0,0.0,0.0
1774857600000,526310.0970425884,526310.0970425884,0,0.0,0.0,0.0,0.0
1774872000000,526310.0970425884,526310.0970425884,0,0.0,0.0,0.0,0.0
1774886400000,526310.0970425884,526310.0970425884,0,0.0,0.0,0.0,0.0
1774900800000,526310.0970425884,526310.0970425884,0,0.0,0.0,0.0,0.0
1774915200000,526310.0970425884,526310.0970425884,0,0.0,0.0,0.0,0.0
1774929600000,526310.0970425884,526310.0970425884,0,0.0,0.0,0.0,0.0
1774944000000,526310.0970425884,526310.0970425884,0,0.0,0.0,0.0,0.0
1774958400000,526310.0970425884,526310.0970425884,0,0.0,0.0,0.0,0.0
1774972800000,526310.0970425884,526310.0970425884,0,0.0,0.0,0.0,0.0
1774987200000,526310.0970425884,526310.0970425884,0,0.0,0.0,0.0,0.0
1775001600000,526310.0970425884,526310.0970425884,0,0.0,0.0,0.0,0.0
1775016000000,526310.0970425884,526310.0970425884,0,0.0,0.0,0.0,0.0
1775030400000,526310.0970425884,526310.0970425884,0,0.0,0.0,0.0,0.0
1775044800000,526310.0970425884,526310.0970425884,0,0.0,0.0,0.0,0.0
1775059200000,526310.0970425884,526310.0970425884,0,0.0,0.0,0.0,0.0
1775073600000,526310.0970425884,526310.0970425884,0,0.0,0.0,0.0,0.0
1775088000000,526310.0970425884,526310.0970425884,0,0.0,0.0,0.0,0.0
1775102400000,526310.0970425884,526310.0970425884,0,0.0,0.0,0.0,0.0
1775116800000,525955.6930667253,525962.1450408075,1,695910.455535724,10526.201940851768,10526.201940851768,695910.455535724
1775131200000,535996.8786603003,525913.8238391296,1,685820.948740471,10526.201940851768,10526.201940851768,685820.948740471
1775145600000,532412.4486146183,525913.8238391296,1,689405.378786153,10526.201940851768,10526.201940851768,689405.378786153
1775160000000,531162.8647601958,525859.0499999345,1,690600.1888013803,10526.201940851768,10526.201940851768,690600.1888013803
1775174400000,528242.2180563068,525859.0499999345,1,693520.8355052694,10526.201940851768,10526.201940851768,693520.8355052694
1775188800000,524745.451954259,525813.95727521,1,696972.5088825925,10526.201940851768,10526.201940851768,696972.5088825925
1775203200000,519660.26036425965,519660.26036425965,0,0.0,0.0,0.0,0.0
1775217600000,519660.26036425965,519660.26036425965,0,0.0,0.0,0.0,0.0
1775232000000,519660.26036425965,519660.26036425965,0,0.0,0.0,0.0,0.0
1775246400000,519660.26036425965,519660.26036425965,0,0.0,0.0,0.0,0.0
1775260800000,519660.26036425965,519660.26036425965,0,0.0,0.0,0.0,0.0
1775275200000,519660.26036425965,519660.26036425965,0,0.0,0.0,0.0,0.0
1775289600000,519660.26036425965,519660.26036425965,0,0.0,0.0,0.0,0.0
1775304000000,519660.26036425965,519660.26036425965,0,0.0,0.0,0.0,0.0
1775318400000,519660.26036425965,519660.26036425965,0,0.0,0.0,0.0,0.0
1775332800000,519660.26036425965,519660.26036425965,0,0.0,0.0,0.0,0.0
1775347200000,519660.26036425965,519660.26036425965,0,0.0,0.0,0.0,0.0
1775361600000,519660.26036425965,519660.26036425965,0,0.0,0.0,0.0,0.0
1775376000000,519660.26036425965,519660.26036425965,0,0.0,0.0,0.0,0.0
1775390400000,519660.26036425965,519660.26036425965,0,0.0,0.0,0.0,0.0
1775404800000,519660.26036425965,519660.26036425965,0,0.0,0.0,0.0,0.0
1775419200000,508266.7217435803,508266.7217435803,0,0.0,0.0,0.0,0.0
1775433600000,502071.8583299696,507868.51647915255,1,802207.1870047109,10165.334434871607,10165.334434871607,802207.1870047109
1775448000000,497069.3400007997,497069.3400007997,0,0.0,0.0,0.0,0.0
1775462400000,497069.3400007997,497069.3400007997,0,0.0,0.0,0.0,0.0
1775476800000,497069.3400007997,497069.3400007997,0,0.0,0.0,0.0,0.0
1775491200000,497069.3400007997,497069.3400007997,0,0.0,0.0,0.0,0.0
1775505600000,497069.3400007997,497069.3400007997,0,0.0,0.0,0.0,0.0
1775520000000,497069.3400007997,497069.3400007997,0,0.0,0.0,0.0,0.0
1775534400000,497069.3400007997,497069.3400007997,0,0.0,0.0,0.0,0.0
1775548800000,497069.3400007997,497069.3400007997,0,0.0,0.0,0.0,0.0
1775563200000,497069.3400007997,497069.3400007997,0,0.0,0.0,0.0,0.0
1775577600000,497069.3400007997,497069.3400007997,0,0.0,0.0,0.0,0.0
1775592000000,497069.3400007997,497069.3400007997,0,0.0,0.0,0.0,0.0
1775606400000,497069.3400007997,497069.3400007997,0,0.0,0.0,0.0,0.0
1775620800000,497069.3400007997,497069.3400007997,0,0.0,0.0,0.0,0.0
1775635200000,497069.3400007997,497069.3400007997,0,0.0,0.0,0.0,0.0
1775649600000,497069.3400007997,497069.3400007997,0,0.0,0.0,0.0,0.0
1775664000000,497069.3400007997,497069.3400007997,0,0.0,0.0,0.0,0.0
1775678400000,497069.3400007997,497069.3400007997,0,0.0,0.0,0.0,0.0
1775692800000,497069.3400007997,497069.3400007997,0,0.0,0.0,0.0,0.0
1775707200000,497069.3400007997,497069.3400007997,0,0.0,0.0,0.0,0.0
1775721600000,497069.3400007997,497069.3400007997,0,0.0,0.0,0.0,0.0
1775736000000,497069.3400007997,497069.3400007997,0,0.0,0.0,0.0,0.0
1775750400000,497069.3400007997,497069.3400007997,0,0.0,0.0,0.0,0.0
1775764800000,497069.3400007997,497069.3400007997,0,0.0,0.0,0.0,0.0
1775779200000,497069.3400007997,497069.3400007997,0,0.0,0.0,0.0,0.0
1775793600000,497069.3400007997,497069.3400007997,0,0.0,0.0,0.0,0.0
1775808000000,497069.3400007997,497069.3400007997,0,0.0,0.0,0.0,0.0
1775822400000,497069.3400007997,497069.3400007997,0,0.0,0.0,0.0,0.0
1775836800000,497069.3400007997,497069.3400007997,0,0.0,0.0,0.0,0.0
1775851200000,497069.3400007997,497069.3400007997,0,0.0,0.0,0.0,0.0
1775865600000,497069.3400007997,497069.3400007997,0,0.0,0.0,0.0,0.0
1775880000000,497069.3400007997,497069.3400007997,0,0.0,0.0,0.0,0.0
1775894400000,497069.3400007997,497069.3400007997,0,0.0,0.0,0.0,0.0
1775908800000,497069.3400007997,497069.3400007997,0,0.0,0.0,0.0,0.0
1775923200000,497069.3400007997,497069.3400007997,0,0.0,0.0,0.0,0.0
1775937600000,497069.3400007997,497069.3400007997,0,0.0,0.0,0.0,0.0
1775952000000,497069.3400007997,497069.3400007997,0,0.0,0.0,0.0,0.0
1775966400000,497069.3400007997,497069.3400007997,0,0.0,0.0,0.0,0.0
1775980800000,500922.7066473138,496542.9561719266,3,1048387.9072708194,14904.537084988187,14904.537084988187,1048387.9072708194
1775995200000,500717.3478428893,496421.40194973804,3,1048471.7118530553,14904.537084988187,14904.537084988187,1048471.7118530553
1776009600000,508628.04040521313,496421.40194973804,3,1040561.0192907315,14904.537084988187,14904.537084988187,1040561.0192907315
1776024000000,507047.6313929453,496322.3233121025,3,1042042.3496653638,14904.537084988187,14904.537084988187,1042042.3496653638
1776038400000,511051.0560463791,496322.3233121025,3,1038038.92501193,14904.537084988187,14904.537084988187,1038038.92501193
1776052800000,502921.20290576667,496264.2759591713,3,1046110.7307996112,14904.537084988187,14904.537084988187,1046110.7307996112
1776067200000,502255.3930583206,496264.2759591713,3,1046776.5406470572,14904.537084988187,14904.537084988187,1046776.5406470572
1776081600000,501111.0947036904,496203.59372714127,3,1047860.1567696574,14904.537084988187,14904.537084988187,1047860.1567696574
1776096000000,496533.40096557274,492043.2631350152,2,626115.9419349079,9933.843684980191,9933.843684980191,626115.9419349079
1776110400000,492744.785299573,492038.3529707694,2,629899.6474366619,9933.843684980191,9933.843684980191,629899.6474366619
1776124800000,489961.53179849836,489961.53179849836,0,0.0,0.0,0.0,0.0
1776139200000,489961.53179849836,489961.53179849836,0,0.0,0.0,0.0,0.0
1776153600000,489961.53179849836,489961.53179849836,0,0.0,0.0,0.0,0.0
1776168000000,489961.53179849836,489961.53179849836,0,0.0,0.0,0.0,0.0
1776182400000,489961.53179849836,489961.53179849836,0,0.0,0.0,0.0,0.0
1776196800000,489961.53179849836,489961.53179849836,0,0.0,0.0,0.0,0.0
1776211200000,489961.53179849836,489961.53179849836,0,0.0,0.0,0.0,0.0
1776225600000,489961.53179849836,489961.53179849836,0,0.0,0.0,0.0,0.0
1776240000000,489961.53179849836,489961.53179849836,0,0.0,0.0,0.0,0.0
1776254400000,489961.53179849836,489961.53179849836,0,0.0,0.0,0.0,0.0
1776268800000,489961.53179849836,489961.53179849836,0,0.0,0.0,0.0,0.0
1776283200000,489961.53179849836,489961.53179849836,0,0.0,0.0,0.0,0.0
1776297600000,489961.53179849836,489961.53179849836,0,0.0,0.0,0.0,0.0
1776312000000,489961.53179849836,489961.53179849836,0,0.0,0.0,0.0,0.0
1776326400000,489961.53179849836,489961.53179849836,0,0.0,0.0,0.0,0.0
1776340800000,489961.53179849836,489961.53179849836,0,0.0,0.0,0.0,0.0
1776355200000,489961.53179849836,489961.53179849836,0,0.0,0.0,0.0,0.0
1776369600000,489961.53179849836,489961.53179849836,0,0.0,0.0,0.0,0.0
1776384000000,489961.53179849836,489961.53179849836,0,0.0,0.0,0.0,0.0
1776398400000,489961.53179849836,489961.53179849836,0,0.0,0.0,0.0,0.0
1776412800000,489961.53179849836,489961.53179849836,0,0.0,0.0,0.0,0.0
1776427200000,489961.53179849836,489961.53179849836,0,0.0,0.0,0.0,0.0
1776441600000,489961.53179849836,489961.53179849836,0,0.0,0.0,0.0,0.0
1776456000000,489961.53179849836,489961.53179849836,0,0.0,0.0,0.0,0.0
1776470400000,489961.53179849836,489961.53179849836,0,0.0,0.0,0.0,0.0
1776484800000,489961.53179849836,489961.53179849836,0,0.0,0.0,0.0,0.0
1776499200000,489961.53179849836,489961.53179849836,0,0.0,0.0,0.0,0.0
1776513600000,489961.53179849836,489961.53179849836,0,0.0,0.0,0.0,0.0
1776528000000,489961.53179849836,489961.53179849836,0,0.0,0.0,0.0,0.0
1776542400000,489961.53179849836,489961.53179849836,0,0.0,0.0,0.0,0.0
1776556800000,489961.53179849836,489961.53179849836,0,0.0,0.0,0.0,0.0
1776571200000,489961.53179849836,489961.53179849836,0,0.0,0.0,0.0,0.0
1776585600000,489961.53179849836,489961.53179849836,0,0.0,0.0,0.0,0.0
1776600000000,489961.53179849836,489961.53179849836,0,0.0,0.0,0.0,0.0
1776614400000,489961.53179849836,489961.53179849836,0,0.0,0.0,0.0,0.0
1776628800000,489961.53179849836,489961.53179849836,0,0.0,0.0,0.0,0.0
1776643200000,489961.53179849836,489961.53179849836,0,0.0,0.0,0.0,0.0
1776657600000,489961.53179849836,489961.53179849836,0,0.0,0.0,0.0,0.0
1776672000000,489961.53179849836,489961.53179849836,0,0.0,0.0,0.0,0.0
1776686400000,489961.53179849836,489961.53179849836,0,0.0,0.0,0.0,0.0
1776700800000,489961.53179849836,489961.53179849836,0,0.0,0.0,0.0,0.0
1776715200000,489961.53179849836,489961.53179849836,0,0.0,0.0,0.0,0.0
1776729600000,489961.53179849836,489961.53179849836,0,0.0,0.0,0.0,0.0
1776744000000,489961.53179849836,489961.53179849836,0,0.0,0.0,0.0,0.0
1776758400000,489961.53179849836,489961.53179849836,0,0.0,0.0,0.0,0.0
1776772800000,489961.53179849836,489961.53179849836,0,0.0,0.0,0.0,0.0
1776787200000,489961.53179849836,489961.53179849836,0,0.0,0.0,0.0,0.0
1776801600000,489961.53179849836,489961.53179849836,0,0.0,0.0,0.0,0.0
1776816000000,489961.53179849836,489961.53179849836,0,0.0,0.0,0.0,0.0
1776830400000,489961.53179849836,489961.53179849836,0,0.0,0.0,0.0,0.0
1776844800000,489961.53179849836,489961.53179849836,0,0.0,0.0,0.0,0.0
1776859200000,489961.53179849836,489961.53179849836,0,0.0,0.0,0.0,0.0
1776873600000,489961.53179849836,489961.53179849836,0,0.0,0.0,0.0,0.0
1776888000000,489961.53179849836,489961.53179849836,0,0.0,0.0,0.0,0.0
1776902400000,489961.53179849836,489961.53179849836,0,0.0,0.0,0.0,0.0
1776916800000,489961.53179849836,489961.53179849836,0,0.0,0.0,0.0,0.0
1776931200000,489961.53179849836,489961.53179849836,0,0.0,0.0,0.0,0.0
1776945600000,489961.53179849836,489961.53179849836,0,0.0,0.0,0.0,0.0
1776960000000,489961.53179849836,489961.53179849836,0,0.0,0.0,0.0,0.0
1776974400000,489961.53179849836,489961.53179849836,0,0.0,0.0,0.0,0.0
1776988800000,489961.53179849836,489961.53179849836,0,0.0,0.0,0.0,0.0
1777003200000,489961.53179849836,489961.53179849836,0,0.0,0.0,0.0,0.0
1777017600000,489961.53179849836,489961.53179849836,0,0.0,0.0,0.0,0.0
1777032000000,489961.53179849836,489961.53179849836,0,0.0,0.0,0.0,0.0
1777046400000,489961.53179849836,489961.53179849836,0,0.0,0.0,0.0,0.0
1777060800000,489961.53179849836,489961.53179849836,0,0.0,0.0,0.0,0.0
1777075200000,489961.53179849836,489961.53179849836,0,0.0,0.0,0.0,0.0
1777089600000,489961.53179849836,489961.53179849836,0,0.0,0.0,0.0,0.0
1777104000000,489961.53179849836,489961.53179849836,0,0.0,0.0,0.0,0.0
1777118400000,489961.53179849836,489961.53179849836,0,0.0,0.0,0.0,0.0
1777132800000,489961.53179849836,489961.53179849836,0,0.0,0.0,0.0,0.0
1777147200000,489961.53179849836,489961.53179849836,0,0.0,0.0,0.0,0.0
1777161600000,489961.53179849836,489961.53179849836,0,0.0,0.0,0.0,0.0
1777176000000,489961.53179849836,489961.53179849836,0,0.0,0.0,0.0,0.0
1777190400000,489961.53179849836,489961.53179849836,0,0.0,0.0,0.0,0.0
1777204800000,489961.53179849836,489961.53179849836,0,0.0,0.0,0.0,0.0
1777219200000,489961.53179849836,489961.53179849836,0,0.0,0.0,0.0,0.0
1777233600000,489961.53179849836,489961.53179849836,0,0.0,0.0,0.0,0.0
1777248000000,489961.53179849836,489961.53179849836,0,0.0,0.0,0.0,0.0
1777262400000,489961.53179849836,489961.53179849836,0,0.0,0.0,0.0,0.0
1777276800000,489961.53179849836,489961.53179849836,0,0.0,0.0,0.0,0.0
1777291200000,489961.53179849836,489961.53179849836,0,0.0,0.0,0.0,0.0
1777305600000,484411.2064167442,484411.2064167442,0,0.0,0.0,0.0,0.0
1777320000000,481311.5643885525,483921.3511411294,3,982320.3379823558,14525.188266885645,14525.188266885645,982320.3379823558
1777334400000,470871.2742183424,473794.55784315406,1,355667.1532268515,4844.112064167442,4844.112064167442,355667.1532268515
1777348800000,473599.5665577569,473754.0329953815,1,352898.3360396644,4844.112064167442,4844.112064167442,352898.3360396644
1777363200000,474270.79496677197,473754.0329953815,1,352227.1076306493,4844.112064167442,4844.112064167442,352227.1076306493
1777377600000,476790.86400783295,473756.995502636,1,349710.00109684287,4844.112064167442,4844.112064167442,349710.00109684287
1777392000000,476497.2015788888,473756.995502636,1,350003.66352578695,4844.112064167442,4844.112064167442,350003.66352578695
1777406400000,474719.4383399627,473741.20683737437,1,351765.63809945143,4844.112064167442,4844.112064167442,351765.63809945143
1777420800000,474006.2581553842,473741.20683737437,1,352478.81828402996,4844.112064167442,4844.112064167442,352478.81828402996
1777435200000,471777.0298731138,473735.42265996634,1,354702.2623888923,4844.112064167442,4844.112064167442,354702.2623888923
1777449600000,469836.6361871899,469836.6361871899,0,0.0,0.0,0.0,0.0
1777464000000,469836.6361871899,469836.6361871899,0,0.0,0.0,0.0,0.0
1777478400000,469836.6361871899,469836.6361871899,0,0.0,0.0,0.0,0.0
1777492800000,469836.6361871899,469836.6361871899,0,0.0,0.0,0.0,0.0
1777507200000,469836.6361871899,469836.6361871899,0,0.0,0.0,0.0,0.0
1777521600000,469836.6361871899,469836.6361871899,0,0.0,0.0,0.0,0.0
1777536000000,469836.6361871899,469836.6361871899,0,0.0,0.0,0.0,0.0
1777550400000,469836.6361871899,469836.6361871899,0,0.0,0.0,0.0,0.0
1777564800000,469836.6361871899,469836.6361871899,0,0.0,0.0,0.0,0.0
1777579200000,469836.6361871899,469836.6361871899,0,0.0,0.0,0.0,0.0
1777593600000,469836.6361871899,469836.6361871899,0,0.0,0.0,0.0,0.0
1777608000000,469836.6361871899,469836.6361871899,0,0.0,0.0,0.0,0.0
1777622400000,469836.6361871899,469836.6361871899,0,0.0,0.0,0.0,0.0
1777636800000,469836.6361871899,469836.6361871899,0,0.0,0.0,0.0,0.0
1777651200000,469836.6361871899,469836.6361871899,0,0.0,0.0,0.0,0.0
1777665600000,469836.6361871899,469836.6361871899,0,0.0,0.0,0.0,0.0
1777680000000,469836.6361871899,469836.6361871899,0,0.0,0.0,0.0,0.0
1777694400000,469836.6361871899,469836.6361871899,0,0.0,0.0,0.0,0.0
1777708800000,467756.585654282,469511.7751776326,1,647966.8295913315,9396.732723743798,0.0,0.0
1777723200000,467160.5944065232,469544.84092494665,1,647337.7725962588,9396.732723743798,0.0,0.0
1777737600000,470012.4852102722,469544.84092494665,1,650189.6634000078,9396.732723743798,0.0,0.0
1777752000000,469979.2728206249,469561.3563609968,1,650139.9355743102,9396.732723743798,0.0,0.0
1777766400000,471712.28754618106,469561.3563609968,1,651872.9502998664,9396.732723743798,0.0,0.0
1777780800000,467632.10960991966,469546.42817550217,1,647807.7005490996,9396.732723743798,0.0,0.0
1777795200000,468910.11473034427,469546.42817550217,1,649085.7056695243,9396.732723743798,0.0,0.0
1777809600000,471437.9033084989,469555.5023820808,1,651604.4200411002,9396.732723743798,0.0,0.0
1777824000000,471476.8567719619,469555.5023820808,1,651643.3735045632,9396.732723743798,0.0,0.0
1777838400000,472333.39579368924,469550.92122214724,1,652504.4936862242,9396.732723743798,0.0,0.0
1777852800000,470674.97280667914,469550.92122214724,1,650846.070699214,9396.732723743798,0.0,0.0
1777867200000,485148.4231979399,469522.90884293575,1,665347.5334696863,9396.732723743798,0.0,0.0
1777881600000,480049.6634697611,469522.90884293575,1,660248.7737415074,9396.732723743798,0.0,0.0
1777896000000,472508.6530960909,469523.9520333793,1,652706.7201773938,9396.732723743798,0.0,0.0
1777910400000,482646.4991616116,469523.9520333793,1,662844.5662429145,9396.732723743798,0.0,0.0
1777924800000,483013.0546170517,469544.89910022204,1,663190.1746315118,9396.732723743798,0.0,0.0
1777939200000,481419.2778034484,469544.89910022204,1,661596.3978179084,9396.732723743798,0.0,0.0
1777953600000,489799.2927534828,469547.4330144257,1,669973.8788537394,9396.732723743798,0.0,0.0
1777968000000,489624.4165664469,469547.4330144257,1,669799.0026667033,9396.732723743798,0.0,0.0
1777982400000,490958.27340384695,469578.42081855255,1,671101.8716999766,9396.732723743798,0.0,0.0
1777996800000,495232.380022543,469578.42081855255,1,675375.9783186726,9396.732723743798,0.0,0.0
1778011200000,495832.55069454364,469634.07179916603,1,675920.4980100597,9396.732723743798,0.0,0.0
1778025600000,490093.1308119626,469634.07179916603,1,670181.0781274787,9396.732723743798,0.0,0.0
1778040000000,495740.56490605744,469695.413473247,1,675767.1705474926,9396.732723743798,0.0,0.0
1778054400000,496033.2916615123,469416.776631987,2,1233612.2166642714,19311.544021864946,0.0,0.0
1778068800000,519507.8424415066,469426.4670668519,2,1257077.0770094008,19311.544021864946,0.0,0.0
1778083200000,506828.021403734,469426.4670668519,2,1244397.2559716282,19311.544021864946,0.0,0.0
1778097600000,506659.63846708613,469395.1189049999,2,1244260.2211968321,19311.544021864946,0.0,0.0
1778112000000,505738.6379644974,469395.1189049999,2,1243339.2206942434,19311.544021864946,0.0,0.0
1778126400000,492004.47538798355,469383.4594704635,2,1229616.717552266,19311.544021864946,0.0,0.0
1778140800000,512984.18710551737,469383.4594704635,2,1250596.4292698,19311.544021864946,0.0,0.0
1778155200000,503604.4201886427,469366.9508714694,2,1241233.1709519192,19311.544021864946,0.0,0.0
1778169600000,495347.54272473266,489075.35636092845,1,563545.868883868,9914.811298121149,0.0,0.0
1778184000000,496210.99363208265,489108.93682248215,1,564375.7393296644,9914.811298121149,0.0,0.0
1778198400000,496147.15744394454,489108.93682248215,1,564311.9031415263,9914.811298121149,0.0,0.0
1778212800000,494625.6149594006,489055.6266651164,1,562843.670814348,9914.811298121149,0.0,0.0
1778227200000,494817.1235238151,489055.6266651164,1,563035.1793787626,9914.811298121149,0.0,0.0
1778241600000,497250.4367860866,488999.32858999877,1,565524.7907161517,9914.811298121149,0.0,0.0
1778256000000,503378.710847352,488999.32858999877,1,571653.0647774171,9914.811298121149,0.0,0.0
1778270400000,522599.1023956646,489005.02750871866,1,590867.7574070098,9914.811298121149,0.0,0.0
1778284800000,518832.7672955119,489005.02750871866,1,587101.4223068571,9914.811298121149,0.0,0.0
1778299200000,529115.508072414,488946.3058072353,1,597442.8847852425,9914.811298121149,0.0,0.0
1778313600000,529881.5423300721,488946.3058072353,1,598208.9190429007,9914.811298121149,0.0,0.0
1778328000000,528898.0910797156,488920.39737895154,1,597251.3762208279,9914.811298121149,0.0,0.0
1778342400000,524940.2474151484,488920.39737895154,1,593293.5325562607,9914.811298121149,0.0,0.0
1778356800000,528187.0104503855,488911.5148191414,1,596549.178151308,9914.811298121149,0.0,0.0
1778371200000,525761.2353011346,488911.5148191414,1,594123.403002057,9914.811298121149,0.0,0.0
1778385600000,527707.4292466613,488942.6231205226,1,596038.4886462025,9914.811298121149,0.0,0.0
1778400000000,527835.1016229376,488942.6231205226,1,596166.1610224788,9914.811298121149,0.0,0.0
1778414400000,528399.3894172609,488932.3852216022,1,596740.6867157225,9914.811298121149,0.0,0.0
1778428800000,534783.0082310791,488932.3852216022,1,603124.3055295406,9914.811298121149,0.0,0.0
1778443200000,547363.9191058405,488937.56703314185,1,615700.0345927625,9914.811298121149,0.0,0.0
1778457600000,547172.4105414259,488937.56703314185,1,615508.5260283479,9914.811298121149,0.0,0.0
1778472000000,536265.5711092757,488882.8795844825,1,604656.374044857,9914.811298121149,0.0,0.0
1778486400000,539904.2338331521,488882.8795844825,1,608295.0367687334,9914.811298121149,0.0,0.0
1778500800000,539371.6918141353,488861.02707057126,1,607784.3472636279,9914.811298121149,0.0,0.0
1778515200000,549266.3009755536,488861.02707057126,1,617678.9564250461,9914.811298121149,0.0,0.0
1778529600000,557971.7196316264,488820.88795171323,1,626424.5141999769,9914.811298121149,0.0,0.0
1778544000000,552737.1522042955,488820.88795171323,1,621189.9467726462,9914.811298121149,0.0,0.0
1778558400000,544927.1510800583,488798.90178033424,1,613401.931819788,9914.811298121149,0.0,0.0
1778572800000,544224.9530105384,488798.90178033424,1,612699.733750268,9914.811298121149,0.0,0.0
1778587200000,537495.3822546983,488835.96696714143,1,605933.0978076207,9914.811298121149,0.0,0.0
1778601600000,537071.2896795426,537071.2896795426,0,0.0,0.0,0.0,0.0
1778616000000,537071.2896795426,537071.2896795426,0,0.0,0.0,0.0,0.0
1778630400000,537071.2896795426,537071.2896795426,0,0.0,0.0,0.0,0.0
1778644800000,537071.2896795426,537071.2896795426,0,0.0,0.0,0.0,0.0
1778659200000,537071.2896795426,537071.2896795426,0,0.0,0.0,0.0,0.0
1778673600000,537071.2896795426,537071.2896795426,0,0.0,0.0,0.0,0.0
1778688000000,537071.2896795426,537071.2896795426,0,0.0,0.0,0.0,0.0
1778702400000,537071.2896795426,537071.2896795426,0,0.0,0.0,0.0,0.0
1778716800000,537071.2896795426,537071.2896795426,0,0.0,0.0,0.0,0.0
1778731200000,537071.2896795426,537071.2896795426,0,0.0,0.0,0.0,0.0
1778745600000,537071.2896795426,537071.2896795426,0,0.0,0.0,0.0,0.0
1778760000000,537071.2896795426,537071.2896795426,0,0.0,0.0,0.0,0.0
1778774400000,537071.2896795426,537071.2896795426,0,0.0,0.0,0.0,0.0
1778788800000,537071.2896795426,537071.2896795426,0,0.0,0.0,0.0,0.0
1778803200000,537071.2896795426,537071.2896795426,0,0.0,0.0,0.0,0.0
1778817600000,537071.2896795426,537071.2896795426,0,0.0,0.0,0.0,0.0
1778832000000,537071.2896795426,537071.2896795426,0,0.0,0.0,0.0,0.0
1778846400000,537071.2896795426,537071.2896795426,0,0.0,0.0,0.0,0.0
1778860800000,537071.2896795426,537071.2896795426,0,0.0,0.0,0.0,0.0
1778875200000,537071.2896795426,537071.2896795426,0,0.0,0.0,0.0,0.0
1778889600000,537071.2896795426,537071.2896795426,0,0.0,0.0,0.0,0.0
1778904000000,537071.2896795426,537071.2896795426,0,0.0,0.0,0.0,0.0
1778918400000,537071.2896795426,537071.2896795426,0,0.0,0.0,0.0,0.0
1778932800000,537071.2896795426,537071.2896795426,0,0.0,0.0,0.0,0.0
1778947200000,537071.2896795426,537071.2896795426,0,0.0,0.0,0.0,0.0
1778961600000,537071.2896795426,537071.2896795426,0,0.0,0.0,0.0,0.0
1778976000000,537071.2896795426,537071.2896795426,0,0.0,0.0,0.0,0.0
1778990400000,537071.2896795426,537071.2896795426,0,0.0,0.0,0.0,0.0
1779004800000,537071.2896795426,537071.2896795426,0,0.0,0.0,0.0,0.0
1779019200000,537071.2896795426,537071.2896795426,0,0.0,0.0,0.0,0.0
1779033600000,537071.2896795426,537071.2896795426,0,0.0,0.0,0.0,0.0
1779048000000,537071.2896795426,537071.2896795426,0,0.0,0.0,0.0,0.0
1779062400000,537071.2896795426,537071.2896795426,0,0.0,0.0,0.0,0.0
1779076800000,537071.2896795426,537071.2896795426,0,0.0,0.0,0.0,0.0
1779091200000,537071.2896795426,537071.2896795426,0,0.0,0.0,0.0,0.0
1779105600000,537071.2896795426,537071.2896795426,0,0.0,0.0,0.0,0.0
1779120000000,537071.2896795426,537071.2896795426,0,0.0,0.0,0.0,0.0
1779134400000,537071.2896795426,537071.2896795426,0,0.0,0.0,0.0,0.0
1779148800000,537071.2896795426,537071.2896795426,0,0.0,0.0,0.0,0.0
1779163200000,537071.2896795426,537071.2896795426,0,0.0,0.0,0.0,0.0
1779177600000,537071.2896795426,537071.2896795426,0,0.0,0.0,0.0,0.0
1779192000000,537071.2896795426,537071.2896795426,0,0.0,0.0,0.0,0.0
1779206400000,537071.2896795426,537071.2896795426,0,0.0,0.0,0.0,0.0
1779220800000,537071.2896795426,537071.2896795426,0,0.0,0.0,0.0,0.0
1779235200000,537071.2896795426,537071.2896795426,0,0.0,0.0,0.0,0.0
1779249600000,537071.2896795426,537071.2896795426,0,0.0,0.0,0.0,0.0
1779264000000,537071.2896795426,537071.2896795426,0,0.0,0.0,0.0,0.0
1779278400000,537071.2896795426,537071.2896795426,0,0.0,0.0,0.0,0.0
1779292800000,537071.2896795426,537071.2896795426,0,0.0,0.0,0.0,0.0
1779307200000,537071.2896795426,537071.2896795426,0,0.0,0.0,0.0,0.0
1779321600000,537071.2896795426,537071.2896795426,0,0.0,0.0,0.0,0.0
1779336000000,537071.2896795426,537071.2896795426,0,0.0,0.0,0.0,0.0
1779350400000,537071.2896795426,537071.2896795426,0,0.0,0.0,0.0,0.0
1779364800000,537071.2896795426,537071.2896795426,0,0.0,0.0,0.0,0.0
1779379200000,537071.2896795426,537071.2896795426,0,0.0,0.0,0.0,0.0
1779393600000,537071.2896795426,537071.2896795426,0,0.0,0.0,0.0,0.0
1779408000000,537071.2896795426,537071.2896795426,0,0.0,0.0,0.0,0.0
1779422400000,537071.2896795426,537071.2896795426,0,0.0,0.0,0.0,0.0
1779436800000,537071.2896795426,537071.2896795426,0,0.0,0.0,0.0,0.0
1779451200000,537071.2896795426,537071.2896795426,0,0.0,0.0,0.0,0.0
1779465600000,537071.2896795426,537071.2896795426,0,0.0,0.0,0.0,0.0
1779480000000,537071.2896795426,537071.2896795426,0,0.0,0.0,0.0,0.0
1779494400000,537071.2896795426,537071.2896795426,0,0.0,0.0,0.0,0.0
1779508800000,537071.2896795426,537071.2896795426,0,0.0,0.0,0.0,0.0
1779523200000,537071.2896795426,537071.2896795426,0,0.0,0.0,0.0,0.0
1779537600000,537071.2896795426,537071.2896795426,0,0.0,0.0,0.0,0.0
1779552000000,537071.2896795426,537071.2896795426,0,0.0,0.0,0.0,0.0
1779566400000,537071.2896795426,537071.2896795426,0,0.0,0.0,0.0,0.0
1779580800000,537071.2896795426,537071.2896795426,0,0.0,0.0,0.0,0.0
1779595200000,537071.2896795426,537071.2896795426,0,0.0,0.0,0.0,0.0
1779609600000,537071.2896795426,537071.2896795426,0,0.0,0.0,0.0,0.0
1779624000000,537071.2896795426,537071.2896795426,0,0.0,0.0,0.0,0.0
1779638400000,537071.2896795426,537071.2896795426,0,0.0,0.0,0.0,0.0
1779652800000,537071.2896795426,537071.2896795426,0,0.0,0.0,0.0,0.0
1779667200000,537071.2896795426,537071.2896795426,0,0.0,0.0,0.0,0.0
1779681600000,537071.2896795426,537071.2896795426,0,0.0,0.0,0.0,0.0
1779696000000,537071.2896795426,537071.2896795426,0,0.0,0.0,0.0,0.0
1779710400000,537071.2896795426,537071.2896795426,0,0.0,0.0,0.0,0.0
1779724800000,537071.2896795426,537071.2896795426,0,0.0,0.0,0.0,0.0
1779739200000,537071.2896795426,537071.2896795426,0,0.0,0.0,0.0,0.0
1779753600000,537071.2896795426,537071.2896795426,0,0.0,0.0,0.0,0.0
1779768000000,537071.2896795426,537071.2896795426,0,0.0,0.0,0.0,0.0
1779782400000,537071.2896795426,537071.2896795426,0,0.0,0.0,0.0,0.0
1779796800000,537071.2896795426,537071.2896795426,0,0.0,0.0,0.0,0.0
1779811200000,537071.2896795426,537071.2896795426,0,0.0,0.0,0.0,0.0
1779825600000,537071.2896795426,537071.2896795426,0,0.0,0.0,0.0,0.0
1779840000000,537071.2896795426,537071.2896795426,0,0.0,0.0,0.0,0.0
1779854400000,537071.2896795426,537071.2896795426,0,0.0,0.0,0.0,0.0
1779868800000,537071.2896795426,537071.2896795426,0,0.0,0.0,0.0,0.0
1779883200000,537071.2896795426,537071.2896795426,0,0.0,0.0,0.0,0.0
1779897600000,537071.2896795426,537071.2896795426,0,0.0,0.0,0.0,0.0
1779912000000,537071.2896795426,537071.2896795426,0,0.0,0.0,0.0,0.0
1779926400000,537071.2896795426,537071.2896795426,0,0.0,0.0,0.0,0.0
1779940800000,553819.081151543,536671.776433063,1,781879.1882408204,10741.425793590854,10741.425793590854,781879.1882408204
1779955200000,548334.6847746049,546525.4562991211,3,1628837.5697450566,27514.741032620856,27514.741032620856,1628837.5697450566
1779969600000,556619.1242477511,546092.0150530668,4,2005459.4654238527,32863.450792216056,32863.450792216056,2005459.4654238527
1779984000000,535899.416409779,546491.7569575448,3,1627065.6686866523,27492.73789542063,27492.73789542063,1627065.6686866523
1779998400000,518166.0751616724,518166.0751616724,0,0.0,0.0,0.0,0.0
1780012800000,518166.0751616724,518166.0751616724,0,0.0,0.0,0.0,0.0
1780027200000,518166.0751616724,518166.0751616724,0,0.0,0.0,0.0,0.0
1780041600000,518166.0751616724,518166.0751616724,0,0.0,0.0,0.0,0.0
1780056000000,518166.0751616724,518166.0751616724,0,0.0,0.0,0.0,0.0
1780070400000,518166.0751616724,518166.0751616724,0,0.0,0.0,0.0,0.0
1780084800000,518166.0751616724,518166.0751616724,0,0.0,0.0,0.0,0.0
1780099200000,518166.0751616724,518166.0751616724,0,0.0,0.0,0.0,0.0
1780113600000,518166.0751616724,518166.0751616724,0,0.0,0.0,0.0,0.0
1780128000000,518166.0751616724,518166.0751616724,0,0.0,0.0,0.0,0.0
1780142400000,518166.0751616724,518166.0751616724,0,0.0,0.0,0.0,0.0
1780156800000,518166.0751616724,518166.0751616724,0,0.0,0.0,0.0,0.0
1780171200000,518166.0751616724,518166.0751616724,0,0.0,0.0,0.0,0.0
1780185600000,518166.0751616724,518166.0751616724,0,0.0,0.0,0.0,0.0
1780200000000,518166.0751616724,518166.0751616724,0,0.0,0.0,0.0,0.0
1780214400000,518166.0751616724,518166.0751616724,0,0.0,0.0,0.0,0.0
1780228800000,518166.0751616724,518166.0751616724,0,0.0,0.0,0.0,0.0
1780243200000,518166.0751616724,518166.0751616724,0,0.0,0.0,0.0,0.0
1780257600000,518166.0751616724,518166.0751616724,0,0.0,0.0,0.0,0.0
1780272000000,518166.0751616724,518166.0751616724,0,0.0,0.0,0.0,0.0
1780286400000,518166.0751616724,518166.0751616724,0,0.0,0.0,0.0,0.0
1780300800000,518166.0751616724,518166.0751616724,0,0.0,0.0,0.0,0.0
1780315200000,516748.7600587578,517453.6771296803,2,1425500.9810550674,20715.01110485381,20715.01110485381,1425500.9810550674
1780329600000,550380.3604299853,526832.6600815321,3,1941296.3113802425,25859.968354189637,25859.968354189637,1941296.3113802425
1780344000000,513591.9480162835,508274.6827409382,2,1128724.1151659049,15496.646850956191,15496.646850956191,1128724.1151659049
1780358400000,515959.38414799003,508274.6827409382,2,1126356.6790341984,15496.646850956191,15496.646850956191,1126356.6790341984
1780372800000,527288.1574292796,508374.4197422223,2,1115127.6427541927,15496.646850956191,15496.646850956191,1115127.6427541927
1780387200000,545057.2287802353,518525.42916061723,2,810512.8644732824,10320.802050146009,10320.802050146009,810512.8644732824
1780401600000,551197.5763836588,518539.2875023854,2,804386.3752116269,10320.802050146009,10320.802050146009,804386.3752116269
1780416000000,577050.183215291,518539.2875023854,2,778533.7683799947,10320.802050146009,10320.802050146009,778533.7683799947
1780430400000,580762.6645996581,518267.0249771059,3,1338078.7900648993,21864.568789991736,21864.568789991736,1338078.7900648993
1780444800000,596303.9956404084,518267.0249771059,3,1322537.459024149,21864.568789991736,21864.568789991736,1322537.459024149
1780459200000,617270.8147919002,529623.6669638683,3,1031162.3990621441,16092.685420068872,16092.685420068872,1031162.3990621441
1780473600000,587083.7865663086,546026.571734727,2,780755.6157102445,10916.840619258692,10916.840619258692,780755.6157102445
1780488000000,588820.9853739776,546076.2652550705,2,779068.110422919,10916.840619258692,10916.840619258692,779068.110422919
1780502400000,599706.7363592754,546076.2652550705,2,768182.3594376212,10916.840619258692,10916.840619258692,768182.3594376212
1780516800000,607477.4609169131,546148.6554781331,2,760484.0251030461,10916.840619258692,10916.840619258692,760484.0251030461
1780531200000,618350.5374379654,546148.6554781331,2,749610.9485819938,10916.840619258692,10916.840619258692,749610.9485819938
1780545600000,616975.8931851294,546165.1685220042,2,751002.1058787009,10916.840619258692,10916.840619258692,751002.1058787009
1780560000000,616420.367818599,616420.367818599,0,0.0,0.0,0.0,0.0
1780574400000,616420.367818599,616420.367818599,0,0.0,0.0,0.0,0.0
1780588800000,616420.367818599,616420.367818599,0,0.0,0.0,0.0,0.0
1780603200000,616420.367818599,616420.367818599,0,0.0,0.0,0.0,0.0
1780617600000,616420.367818599,616420.367818599,0,0.0,0.0,0.0,0.0
1780632000000,616420.367818599,616420.367818599,0,0.0,0.0,0.0,0.0
1780646400000,616420.367818599,616420.367818599,0,0.0,0.0,0.0,0.0
1780660800000,616420.367818599,616420.367818599,0,0.0,0.0,0.0,0.0
1780675200000,616420.367818599,616420.367818599,0,0.0,0.0,0.0,0.0
1780689600000,616420.367818599,616420.367818599,0,0.0,0.0,0.0,0.0
1780704000000,616420.367818599,616420.367818599,0,0.0,0.0,0.0,0.0
1780718400000,616420.367818599,616420.367818599,0,0.0,0.0,0.0,0.0
1780732800000,616420.367818599,616420.367818599,0,0.0,0.0,0.0,0.0
1780747200000,616420.367818599,616420.367818599,0,0.0,0.0,0.0,0.0
1780761600000,616420.367818599,616420.367818599,0,0.0,0.0,0.0,0.0
1780776000000,616420.367818599,616420.367818599,0,0.0,0.0,0.0,0.0
1780790400000,616420.367818599,616420.367818599,0,0.0,0.0,0.0,0.0
1780804800000,616420.367818599,616420.367818599,0,0.0,0.0,0.0,0.0
1780819200000,616420.367818599,616420.367818599,0,0.0,0.0,0.0,0.0
1780833600000,616420.367818599,616420.367818599,0,0.0,0.0,0.0,0.0
1780848000000,616420.367818599,616420.367818599,0,0.0,0.0,0.0,0.0
1780862400000,616420.367818599,616420.367818599,0,0.0,0.0,0.0,0.0
1780876800000,616420.367818599,616420.367818599,0,0.0,0.0,0.0,0.0
1780891200000,616420.367818599,616420.367818599,0,0.0,0.0,0.0,0.0
1780905600000,616420.367818599,616420.367818599,0,0.0,0.0,0.0,0.0
1780920000000,616420.367818599,616420.367818599,0,0.0,0.0,0.0,0.0
1780934400000,616420.367818599,616420.367818599,0,0.0,0.0,0.0,0.0
1780948800000,616420.367818599,616420.367818599,0,0.0,0.0,0.0,0.0
1780963200000,616420.367818599,616420.367818599,0,0.0,0.0,0.0,0.0
1780977600000,616420.367818599,616420.367818599,0,0.0,0.0,0.0,0.0
1780992000000,616420.367818599,616420.367818599,0,0.0,0.0,0.0,0.0
1781006400000,616420.367818599,616420.367818599,0,0.0,0.0,0.0,0.0
1781020800000,616420.367818599,616420.367818599,0,0.0,0.0,0.0,0.0
1781035200000,616420.367818599,616420.367818599,0,0.0,0.0,0.0,0.0
1781049600000,616420.367818599,616420.367818599,0,0.0,0.0,0.0,0.0
1781064000000,616420.367818599,616420.367818599,0,0.0,0.0,0.0,0.0
1781078400000,616420.367818599,616420.367818599,0,0.0,0.0,0.0,0.0
1781092800000,616420.367818599,616420.367818599,0,0.0,0.0,0.0,0.0
1781107200000,616420.367818599,616420.367818599,0,0.0,0.0,0.0,0.0
1781121600000,616420.367818599,616420.367818599,0,0.0,0.0,0.0,0.0
1781136000000,616420.367818599,616420.367818599,0,0.0,0.0,0.0,0.0
1781150400000,616420.367818599,616420.367818599,0,0.0,0.0,0.0,0.0
1781164800000,616420.367818599,616420.367818599,0,0.0,0.0,0.0,0.0
1781179200000,616420.367818599,616420.367818599,0,0.0,0.0,0.0,0.0
1781193600000,616420.367818599,616420.367818599,0,0.0,0.0,0.0,0.0
1781208000000,616420.367818599,616420.367818599,0,0.0,0.0,0.0,0.0
1781222400000,616420.367818599,616420.367818599,0,0.0,0.0,0.0,0.0
1781236800000,616420.367818599,616420.367818599,0,0.0,0.0,0.0,0.0
1781251200000,616420.367818599,616420.367818599,0,0.0,0.0,0.0,0.0
1781265600000,616420.367818599,616420.367818599,0,0.0,0.0,0.0,0.0
1781280000000,616420.367818599,616420.367818599,0,0.0,0.0,0.0,0.0
1781294400000,616420.367818599,616420.367818599,0,0.0,0.0,0.0,0.0
1781308800000,616420.367818599,616420.367818599,0,0.0,0.0,0.0,0.0
1781323200000,616420.367818599,616420.367818599,0,0.0,0.0,0.0,0.0
1781337600000,616420.367818599,616420.367818599,0,0.0,0.0,0.0,0.0
1781352000000,616420.367818599,616420.367818599,0,0.0,0.0,0.0,0.0
1781366400000,616420.367818599,616420.367818599,0,0.0,0.0,0.0,0.0
1781380800000,616420.367818599,616420.367818599,0,0.0,0.0,0.0,0.0
1781395200000,616420.367818599,616420.367818599,0,0.0,0.0,0.0,0.0
1781409600000,616420.367818599,616420.367818599,0,0.0,0.0,0.0,0.0
1781424000000,616420.367818599,616420.367818599,0,0.0,0.0,0.0,0.0
1781438400000,616420.367818599,616420.367818599,0,0.0,0.0,0.0,0.0
1781452800000,616420.367818599,616420.367818599,0,0.0,0.0,0.0,0.0
1781467200000,616420.367818599,616420.367818599,0,0.0,0.0,0.0,0.0
1781481600000,603322.8243484251,603322.8243484251,0,0.0,0.0,0.0,0.0
1781496000000,603322.8243484251,603322.8243484251,0,0.0,0.0,0.0,0.0
1781510400000,603322.8243484251,603322.8243484251,0,0.0,0.0,0.0,0.0
1781524800000,603322.8243484251,603322.8243484251,0,0.0,0.0,0.0,0.0
1781539200000,603322.8243484251,603322.8243484251,0,0.0,0.0,0.0,0.0
1781553600000,603322.8243484251,603322.8243484251,0,0.0,0.0,0.0,0.0
1781568000000,603322.8243484251,603322.8243484251,0,0.0,0.0,0.0,0.0
1781582400000,603322.8243484251,603322.8243484251,0,0.0,0.0,0.0,0.0
1781596800000,603322.8243484251,603322.8243484251,0,0.0,0.0,0.0,0.0
1781611200000,603322.8243484251,603322.8243484251,0,0.0,0.0,0.0,0.0
1781625600000,603322.8243484251,603322.8243484251,0,0.0,0.0,0.0,0.0
1781640000000,603322.8243484251,603322.8243484251,0,0.0,0.0,0.0,0.0
1781654400000,603322.8243484251,603322.8243484251,0,0.0,0.0,0.0,0.0
1781668800000,603322.8243484251,603322.8243484251,0,0.0,0.0,0.0,0.0
1781683200000,603322.8243484251,603322.8243484251,0,0.0,0.0,0.0,0.0
1781697600000,603322.8243484251,603322.8243484251,0,0.0,0.0,0.0,0.0
1781712000000,603322.8243484251,603322.8243484251,0,0.0,0.0,0.0,0.0
1781726400000,603322.8243484251,603322.8243484251,0,0.0,0.0,0.0,0.0
1781740800000,603322.8243484251,603322.8243484251,0,0.0,0.0,0.0,0.0
1781755200000,603322.8243484251,603322.8243484251,0,0.0,0.0,0.0,0.0
1781769600000,603322.8243484251,603322.8243484251,0,0.0,0.0,0.0,0.0
1781784000000,603322.8243484251,603322.8243484251,0,0.0,0.0,0.0,0.0
1781798400000,603322.8243484251,603322.8243484251,0,0.0,0.0,0.0,0.0
1781812800000,603322.8243484251,603322.8243484251,0,0.0,0.0,0.0,0.0
1781827200000,603322.8243484251,603322.8243484251,0,0.0,0.0,0.0,0.0
1781841600000,603322.8243484251,603322.8243484251,0,0.0,0.0,0.0,0.0
1781856000000,603322.8243484251,603322.8243484251,0,0.0,0.0,0.0,0.0
1781870400000,603322.8243484251,603322.8243484251,0,0.0,0.0,0.0,0.0
1781884800000,603322.8243484251,603322.8243484251,0,0.0,0.0,0.0,0.0
1781899200000,603322.8243484251,603322.8243484251,0,0.0,0.0,0.0,0.0
1781913600000,603322.8243484251,603322.8243484251,0,0.0,0.0,0.0,0.0
1781928000000,603322.8243484251,603322.8243484251,0,0.0,0.0,0.0,0.0
1781942400000,603322.8243484251,603322.8243484251,0,0.0,0.0,0.0,0.0
1781956800000,603322.8243484251,603322.8243484251,0,0.0,0.0,0.0,0.0
1781971200000,603322.8243484251,603322.8243484251,0,0.0,0.0,0.0,0.0
1781985600000,603322.8243484251,603322.8243484251,0,0.0,0.0,0.0,0.0
1782000000000,603322.8243484251,603322.8243484251,0,0.0,0.0,0.0,0.0
1782014400000,603322.8243484251,603322.8243484251,0,0.0,0.0,0.0,0.0
1782028800000,603322.8243484251,603322.8243484251,0,0.0,0.0,0.0,0.0
1782043200000,603322.8243484251,603322.8243484251,0,0.0,0.0,0.0,0.0
1782057600000,603322.8243484251,603322.8243484251,0,0.0,0.0,0.0,0.0
1782072000000,603322.8243484251,603322.8243484251,0,0.0,0.0,0.0,0.0
1782086400000,603322.8243484251,603322.8243484251,0,0.0,0.0,0.0,0.0
1782100800000,603322.8243484251,603322.8243484251,0,0.0,0.0,0.0,0.0
1782115200000,603322.8243484251,603322.8243484251,0,0.0,0.0,0.0,0.0
1782129600000,603322.8243484251,603322.8243484251,0,0.0,0.0,0.0,0.0
1782144000000,603322.8243484251,603322.8243484251,0,0.0,0.0,0.0,0.0
1782158400000,603322.8243484251,603322.8243484251,0,0.0,0.0,0.0,0.0
1782172800000,603322.8243484251,603322.8243484251,0,0.0,0.0,0.0,0.0
1782187200000,603322.8243484251,603322.8243484251,0,0.0,0.0,0.0,0.0
1782201600000,625677.1680688073,614702.0920628888,1,398198.79534953035,6033.228243484253,6033.228243484253,398198.79534953035
1782216000000,634592.480088025,613833.2499637178,4,2063756.6708174017,37482.46654440864,37482.46654440864,2063756.6708174017
1782230400000,654552.2296780157,613833.2499637178,4,2043796.9212274111,37482.46654440864,37482.46654440864,2043796.9212274111
1782244800000,658795.3496770983,613612.7595307749,5,2174765.7629964706,39243.150236904425,39243.150236904425,2174765.7629964706
1782259200000,643174.2727287944,613612.7595307749,5,2190386.8399447748,39243.150236904425,39243.150236904425,2190386.8399447748
1782273600000,646805.4712065272,613590.5682161242,5,2186733.450152391,39243.150236904425,39243.150236904425,2186733.450152391
1782288000000,656082.1071123222,613590.5682161242,5,2177456.814246596,39243.150236904425,39243.150236904425,2177456.814246596
1782302400000,664739.020613148,625892.4364339652,5,1917794.8914252743,32992.38597252981,32992.38597252981,1917794.8914252743
1782316800000,730091.6093452183,646165.8073825157,5,1230635.310286419,22638.18924019434,22638.18924019434,1230635.310286419
1782331200000,741444.6590499697,646061.115461385,5,1219177.5686605368,22638.18924019434,22638.18924019434,1219177.5686605368
1782345600000,693700.0069987559,679403.6270374641,1,392516.4739167419,6256.459969844294,6256.459969844294,392516.4739167419
1782360000000,694152.4108878105,679343.846134382,1,392004.2891246052,6256.459969844294,6256.459969844294,392004.2891246052
1782374400000,690015.9832731328,690015.9832731328,0,0.0,0.0,0.0,0.0
1782388800000,690015.9832731328,690015.9832731328,0,0.0,0.0,0.0,0.0
1782403200000,690015.9832731328,690015.9832731328,0,0.0,0.0,0.0,0.0
1782417600000,690015.9832731328,690015.9832731328,0,0.0,0.0,0.0,0.0
1782432000000,690015.9832731328,690015.9832731328,0,0.0,0.0,0.0,0.0
1782446400000,690015.9832731328,690015.9832731328,0,0.0,0.0,0.0,0.0
1782460800000,690015.9832731328,690015.9832731328,0,0.0,0.0,0.0,0.0
1782475200000,690015.9832731328,690015.9832731328,0,0.0,0.0,0.0,0.0
1782489600000,690015.9832731328,690015.9832731328,0,0.0,0.0,0.0,0.0
1782504000000,690015.9832731328,690015.9832731328,0,0.0,0.0,0.0,0.0
1782518400000,690015.9832731328,690015.9832731328,0,0.0,0.0,0.0,0.0
1782532800000,690015.9832731328,690015.9832731328,0,0.0,0.0,0.0,0.0
1782547200000,690015.9832731328,690015.9832731328,0,0.0,0.0,0.0,0.0
1782561600000,690015.9832731328,690015.9832731328,0,0.0,0.0,0.0,0.0
1782576000000,690015.9832731328,690015.9832731328,0,0.0,0.0,0.0,0.0
1782590400000,690015.9832731328,690015.9832731328,0,0.0,0.0,0.0,0.0
1782604800000,690015.9832731328,690015.9832731328,0,0.0,0.0,0.0,0.0
1782619200000,690015.9832731328,690015.9832731328,0,0.0,0.0,0.0,0.0
1782633600000,690015.9832731328,690015.9832731328,0,0.0,0.0,0.0,0.0
1782648000000,690015.9832731328,690015.9832731328,0,0.0,0.0,0.0,0.0
1782662400000,690015.9832731328,690015.9832731328,0,0.0,0.0,0.0,0.0
1782676800000,690015.9832731328,690015.9832731328,0,0.0,0.0,0.0,0.0
1782691200000,690015.9832731328,690015.9832731328,0,0.0,0.0,0.0,0.0
1782705600000,690015.9832731328,690015.9832731328,0,0.0,0.0,0.0,0.0
1782720000000,690015.9832731328,690015.9832731328,0,0.0,0.0,0.0,0.0
1782734400000,690015.9832731328,690015.9832731328,0,0.0,0.0,0.0,0.0
1782748800000,690015.9832731328,690015.9832731328,0,0.0,0.0,0.0,0.0
1782763200000,690015.9832731328,690015.9832731328,0,0.0,0.0,0.0,0.0
1782777600000,690015.9832731328,690015.9832731328,0,0.0,0.0,0.0,0.0
1782792000000,690015.9832731328,690015.9832731328,0,0.0,0.0,0.0,0.0
1782806400000,690015.9832731328,690015.9832731328,0,0.0,0.0,0.0,0.0
1782820800000,690015.9832731328,690015.9832731328,0,0.0,0.0,0.0,0.0
1782835200000,690015.9832731328,690015.9832731328,0,0.0,0.0,0.0,0.0
1782849600000,690015.9832731328,690015.9832731328,0,0.0,0.0,0.0,0.0
1782864000000,690015.9832731328,690015.9832731328,0,0.0,0.0,0.0,0.0
1782878400000,690015.9832731328,690015.9832731328,0,0.0,0.0,0.0,0.0
1782892800000,690015.9832731328,690015.9832731328,0,0.0,0.0,0.0,0.0
1782907200000,690015.9832731328,690015.9832731328,0,0.0,0.0,0.0,0.0
1782921600000,690015.9832731328,690015.9832731328,0,0.0,0.0,0.0,0.0
1782936000000,690015.9832731328,690015.9832731328,0,0.0,0.0,0.0,0.0
1782950400000,690015.9832731328,690015.9832731328,0,0.0,0.0,0.0,0.0
1782964800000,690015.9832731328,690015.9832731328,0,0.0,0.0,0.0,0.0
1782979200000,690015.9832731328,690015.9832731328,0,0.0,0.0,0.0,0.0
1782993600000,690015.9832731328,690015.9832731328,0,0.0,0.0,0.0,0.0
1783008000000,690015.9832731328,690015.9832731328,0,0.0,0.0,0.0,0.0
1783022400000,690015.9832731328,690015.9832731328,0,0.0,0.0,0.0,0.0
1783036800000,690015.9832731328,690015.9832731328,0,0.0,0.0,0.0,0.0
1783051200000,690015.9832731328,690015.9832731328,0,0.0,0.0,0.0,0.0
1783065600000,690015.9832731328,690015.9832731328,0,0.0,0.0,0.0,0.0
1783080000000,690015.9832731328,690015.9832731328,0,0.0,0.0,0.0,0.0
1783094400000,690015.9832731328,690015.9832731328,0,0.0,0.0,0.0,0.0
1783108800000,690015.9832731328,690015.9832731328,0,0.0,0.0,0.0,0.0
1783123200000,690015.9832731328,690015.9832731328,0,0.0,0.0,0.0,0.0
1783137600000,690015.9832731328,690015.9832731328,0,0.0,0.0,0.0,0.0
1783152000000,690015.9832731328,690015.9832731328,0,0.0,0.0,0.0,0.0
1783166400000,690015.9832731328,690015.9832731328,0,0.0,0.0,0.0,0.0
1783180800000,690015.9832731328,690015.9832731328,0,0.0,0.0,0.0,0.0
1783195200000,690015.9832731328,690015.9832731328,0,0.0,0.0,0.0,0.0
1783209600000,690015.9832731328,690015.9832731328,0,0.0,0.0,0.0,0.0
1783224000000,690015.9832731328,690015.9832731328,0,0.0,0.0,0.0,0.0
1783238400000,690015.9832731328,690015.9832731328,0,0.0,0.0,0.0,0.0
1783252800000,690015.9832731328,690015.9832731328,0,0.0,0.0,0.0,0.0
1783267200000,690015.9832731328,690015.9832731328,0,0.0,0.0,0.0,0.0
1783281600000,690015.9832731328,690015.9832731328,0,0.0,0.0,0.0,0.0
1783296000000,690015.9832731328,690015.9832731328,0,0.0,0.0,0.0,0.0
1783310400000,690015.9832731328,690015.9832731328,0,0.0,0.0,0.0,0.0
1783324800000,690015.9832731328,690015.9832731328,0,0.0,0.0,0.0,0.0
1783339200000,690015.9832731328,690015.9832731328,0,0.0,0.0,0.0,0.0
1783353600000,690015.9832731328,690015.9832731328,0,0.0,0.0,0.0,0.0
1783368000000,690015.9832731328,690015.9832731328,0,0.0,0.0,0.0,0.0
1783382400000,690015.9832731328,690015.9832731328,0,0.0,0.0,0.0,0.0
1783396800000,690015.9832731328,690015.9832731328,0,0.0,0.0,0.0,0.0
1783411200000,690015.9832731328,690015.9832731328,0,0.0,0.0,0.0,0.0
1783425600000,690015.9832731328,690015.9832731328,0,0.0,0.0,0.0,0.0
1783440000000,690015.9832731328,690015.9832731328,0,0.0,0.0,0.0,0.0
1783454400000,690015.9832731328,690015.9832731328,0,0.0,0.0,0.0,0.0
1783468800000,690015.9832731328,690015.9832731328,0,0.0,0.0,0.0,0.0
1783483200000,690015.9832731328,690015.9832731328,0,0.0,0.0,0.0,0.0
1783497600000,687185.9632929692,689864.0441177404,1,306556.39160969784,6900.159832731329,6900.159832731329,306556.39160969784
1783512000000,687368.9858771706,689809.1309742099,1,306318.455881966,6900.159832731329,6900.159832731329,306318.455881966
1783526400000,690224.2146099526,689809.1309742099,1,303463.2271491839,6900.159832731329,6900.159832731329,303463.2271491839
1783540800000,686653.9373313853,689807.8896116201,1,307032.2630651615,6900.159832731329,6900.159832731329,307032.2630651615
1783555200000,685749.7815660043,689807.8896116201,1,307936.4188305425,6900.159832731329,6900.159832731329,307936.4188305425
1783569600000,682700.2956849261,682700.2956849261,0,0.0,0.0,0.0,0.0
1783584000000,682700.2956849261,682700.2956849261,0,0.0,0.0,0.0,0.0
1783598400000,682700.2956849261,682700.2956849261,0,0.0,0.0,0.0,0.0
1783612800000,682700.2956849261,682700.2956849261,0,0.0,0.0,0.0,0.0
1783627200000,682700.2956849261,682700.2956849261,0,0.0,0.0,0.0,0.0
1783641600000,682700.2956849261,682700.2956849261,0,0.0,0.0,0.0,0.0
1783656000000,682700.2956849261,682700.2956849261,0,0.0,0.0,0.0,0.0
1783670400000,682700.2956849261,682700.2956849261,0,0.0,0.0,0.0,0.0
1783684800000,682700.2956849261,682700.2956849261,0,0.0,0.0,0.0,0.0
1783699200000,682700.2956849261,682700.2956849261,0,0.0,0.0,0.0,0.0
1783713600000,682700.2956849261,682700.2956849261,0,0.0,0.0,0.0,0.0
1783728000000,682700.2956849261,682700.2956849261,0,0.0,0.0,0.0,0.0
1783742400000,682700.2956849261,682700.2956849261,0,0.0,0.0,0.0,0.0
1783756800000,682700.2956849261,682700.2956849261,0,0.0,0.0,0.0,0.0
1783771200000,682700.2956849261,682700.2956849261,0,0.0,0.0,0.0,0.0
1783785600000,682700.2956849261,682700.2956849261,0,0.0,0.0,0.0,0.0
1783800000000,682700.2956849261,682700.2956849261,0,0.0,0.0,0.0,0.0
1783814400000,682700.2956849261,682700.2956849261,0,0.0,0.0,0.0,0.0
1783828800000,682700.2956849261,682700.2956849261,0,0.0,0.0,0.0,0.0
1783843200000,682700.2956849261,682700.2956849261,0,0.0,0.0,0.0,0.0
1783857600000,682700.2956849261,682700.2956849261,0,0.0,0.0,0.0,0.0
1783872000000,682700.2956849261,682700.2956849261,0,0.0,0.0,0.0,0.0
1783886400000,682700.2956849261,682700.2956849261,0,0.0,0.0,0.0,0.0
1783900800000,682700.2956849261,682700.2956849261,0,0.0,0.0,0.0,0.0
1783915200000,688962.1250595581,682530.6114005323,1,332937.0551284996,6827.002956849261,6827.002956849261,332937.0551284996
1783929600000,681954.4719715458,682273.5385700834,2,853833.2962837114,13716.624207444842,13716.624207444842,853833.2962837114
1783944000000,684871.0941303163,682247.5816967984,2,850890.717251656,13716.624207444842,13716.624207444842,850890.717251656
1783958400000,688432.2925388588,682247.5816967984,2,847329.5188431134,13716.624207444842,13716.624207444842,847329.5188431134
1783972800000,692367.0672307904,682219.5623985577,2,843366.724852941,13716.624207444842,13716.624207444842,843366.724852941
1783987200000,695969.1260229773,688932.5489726729,2,676793.3682411067,10303.122729020211,10303.122729020211,676793.3682411067
1784001600000,696263.2549403793,688908.5078974771,2,676475.198248509,10303.122729020211,10303.122729020211,676475.198248509
1784016000000,693910.5261265702,688908.5078974771,2,678827.9270623182,10303.122729020211,10303.122729020211,678827.9270623182
1784030400000,691779.8694466143,688924.6047860056,2,680974.6806308024,10303.122729020211,10303.122729020211,680974.6806308024
1784044800000,685643.7904466158,685643.7904466158,0,0.0,0.0,0.0,0.0
1784059200000,685643.7904466158,685643.7904466158,0,0.0,0.0,0.0,0.0
1784073600000,685643.7904466158,685643.7904466158,0,0.0,0.0,0.0,0.0
1784088000000,685643.7904466158,685643.7904466158,0,0.0,0.0,0.0,0.0
1784102400000,685643.7904466158,685643.7904466158,0,0.0,0.0,0.0,0.0
1784116800000,685643.7904466158,685643.7904466158,0,0.0,0.0,0.0,0.0
1784131200000,685643.7904466158,685643.7904466158,0,0.0,0.0,0.0,0.0
1784145600000,685643.7904466158,685643.7904466158,0,0.0,0.0,0.0,0.0
1784160000000,685643.7904466158,685643.7904466158,0,0.0,0.0,0.0,0.0
1784174400000,685643.7904466158,685643.7904466158,0,0.0,0.0,0.0,0.0
1784188800000,685643.7904466158,685643.7904466158,0,0.0,0.0,0.0,0.0
1784203200000,685643.7904466158,685643.7904466158,0,0.0,0.0,0.0,0.0
1784217600000,685643.7904466158,685643.7904466158,0,0.0,0.0,0.0,0.0
1784232000000,685643.7904466158,685643.7904466158,0,0.0,0.0,0.0,0.0
1784246400000,685643.7904466158,685643.7904466158,0,0.0,0.0,0.0,0.0
1784260800000,685643.7904466158,685643.7904466158,0,0.0,0.0,0.0,0.0
1784275200000,685643.7904466158,685643.7904466158,0,0.0,0.0,0.0,0.0
1784289600000,685643.7904466158,685643.7904466158,0,0.0,0.0,0.0,0.0
1784304000000,685643.7904466158,685643.7904466158,0,0.0,0.0,0.0,0.0
1784318400000,685643.7904466158,685643.7904466158,0,0.0,0.0,0.0,0.0
1784332800000,685643.7904466158,685643.7904466158,0,0.0,0.0,0.0,0.0
1784347200000,685643.7904466158,685643.7904466158,0,0.0,0.0,0.0,0.0
1784361600000,685643.7904466158,685643.7904466158,0,0.0,0.0,0.0,0.0
1784376000000,685643.7904466158,685643.7904466158,0,0.0,0.0,0.0,0.0
1784390400000,685643.7904466158,685643.7904466158,0,0.0,0.0,0.0,0.0
1784404800000,685643.7904466158,685643.7904466158,0,0.0,0.0,0.0,0.0
1784419200000,685643.7904466158,685643.7904466158,0,0.0,0.0,0.0,0.0
1784433600000,685643.7904466158,685643.7904466158,0,0.0,0.0,0.0,0.0
1784448000000,685643.7904466158,685643.7904466158,0,0.0,0.0,0.0,0.0
1784462400000,685643.7904466158,685643.7904466158,0,0.0,0.0,0.0,0.0
1784476800000,685643.7904466158,685643.7904466158,0,0.0,0.0,0.0,0.0
1784491200000,685643.7904466158,685643.7904466158,0,0.0,0.0,0.0,0.0
1784505600000,685643.7904466158,685643.7904466158,0,0.0,0.0,0.0,0.0
1784520000000,685643.7904466158,685643.7904466158,0,0.0,0.0,0.0,0.0
1784534400000,685643.7904466158,685643.7904466158,0,0.0,0.0,0.0,0.0
1784548800000,680745.3401048623,685438.841355102,1,414591.6842777898,6856.437904466158,6856.437904466158,414591.6842777898
1784563200000,678290.6335405214,678290.6335405214,0,0.0,0.0,0.0,0.0
1784577600000,678290.6335405214,678290.6335405214,0,0.0,0.0,0.0,0.0
1784592000000,678290.6335405214,678290.6335405214,0,0.0,0.0,0.0,0.0
1784606400000,688283.1667053603,677611.7212319622,2,1368496.0625916072,27122.07353656042,0.0,0.0
1784620800000,694262.1684380278,677611.7212319622,2,1374475.0643242747,27122.07353656042,0.0,0.0
1784635200000,692838.2287002823,677538.2792511977,2,1373124.5665672938,27122.07353656042,0.0,0.0
1784649600000,689683.0864246251,677538.2792511977,2,1369969.4242916366,27122.07353656042,0.0,0.0
1784664000000,684254.3207746377,677495.693181492,2,1364583.2447113548,27122.07353656042,0.0,0.0
1784678400000,688980.2985889676,677495.693181492,2,1369309.2225256846,27122.07353656042,0.0,0.0
1784692800000,685936.4363723524,677469.9260694364,2,1366291.1274211253,27122.07353656042,0.0,0.0
1784707200000,674182.7078369289,677469.9260694364,2,1354537.3988857018,27122.07353656042,0.0,0.0
1784721600000,678442.6627863159,670368.6789794554,1,690384.7552290378,13565.81267081043,0.0,0.0
1784736000000,684047.6801614376,670368.6789794554,1,695989.7726041597,13565.81267081043,0.0,0.0
1784750400000,677534.0483936697,670323.7533255588,1,689521.0664902882,13565.81267081043,0.0,0.0
1784764800000,680866.955144861,670323.7533255588,1,692853.9732414796,13565.81267081043,0.0,0.0
1784779200000,675900.5643096269,670320.8849101097,1,687890.4508216947,13565.81267081043,0.0,0.0
1784793600000,674162.4355200271,670320.8849101097,1,686152.3220320948,13565.81267081043,0.0,0.0
1784808000000,673708.5109986848,673708.5109986848,0,0.0,0.0,0.0,0.0
1784822400000,673708.5109986848,673708.5109986848,0,0.0,0.0,0.0,0.0
1784836800000,676551.2724968741,673498.2764085323,1,417416.18421678356,6737.085109986848,6737.085109986848,417416.18421678356
1784851200000,676732.2594245588,673498.2764085323,1,417235.19728909887,6737.085109986848,6737.085109986848,417235.19728909887
1784865600000,675408.19038522,673441.1158629863,1,418502.1057828917,6737.085109986848,6737.085109986848,418502.1057828917
1784880000000,671547.1359279467,673441.1158629863,1,422363.160240165,6737.085109986848,6737.085109986848,422363.160240165
1784894400000,675031.9384731768,673426.8378063125,1,418864.07963826106,6737.085109986848,6737.085109986848,418864.07963826106
1784908800000,676600.4918464442,673426.8378063125,1,417295.5262649937,6737.085109986848,6737.085109986848,417295.5262649937
1784923200000,676407.76887211,673415.1017596631,1,417476.5131926784,6737.085109986848,6737.085109986848,417476.5131926784
1784937600000,674416.9126675786,673415.1017596631,1,419467.36939720996,6737.085109986848,6737.085109986848,419467.36939720996
1784952000000,673747.689092656,673409.4969195845,1,420130.9881320538,6737.085109986848,6737.085109986848,420130.9881320538
1784966400000,675678.2163212927,673409.4969195845,1,418200.4609034172,6737.085109986848,6737.085109986848,418200.4609034172
1784980800000,675195.8312168113,673409.7436222623,1,418683.09271057637,6737.085109986848,6737.085109986848,418683.09271057637
1784995200000,671710.6905902326,671710.6905902326,0,0.0,0.0,0.0,0.0
1785009600000,671710.6905902326,671710.6905902326,0,0.0,0.0,0.0,0.0
1785024000000,671710.6905902326,671710.6905902326,0,0.0,0.0,0.0,0.0
1785038400000,671710.6905902326,671710.6905902326,0,0.0,0.0,0.0,0.0
1785052800000,671710.6905902326,671710.6905902326,0,0.0,0.0,0.0,0.0
1785067200000,671710.6905902326,671710.6905902326,0,0.0,0.0,0.0,0.0
1785081600000,671710.6905902326,671710.6905902326,0,0.0,0.0,0.0,0.0
1785096000000,671710.6905902326,671710.6905902326,0,0.0,0.0,0.0,0.0
1785110400000,671710.6905902326,671710.6905902326,0,0.0,0.0,0.0,0.0
1785124800000,671710.6905902326,671710.6905902326,0,0.0,0.0,0.0,0.0
1785139200000,671710.6905902326,671710.6905902326,0,0.0,0.0,0.0,0.0
1785153600000,671710.6905902326,671710.6905902326,0,0.0,0.0,0.0,0.0
1785168000000,671710.6905902326,671710.6905902326,0,0.0,0.0,0.0,0.0
1785182400000,671710.6905902326,671710.6905902326,0,0.0,0.0,0.0,0.0
1785196800000,671710.6905902326,671710.6905902326,0,0.0,0.0,0.0,0.0
1785211200000,675370.1047268427,671426.3771435348,1,564683.1658121977,6717.106905902327,6717.106905902327,564683.1658121977
1785225600000,676651.4128462995,671426.3771435348,1,563401.8576927411,6717.106905902327,6717.106905902327,563401.8576927411
1785240000000,680031.4187862374,671336.1735932778,1,559931.648202546,6717.106905902327,6717.106905902327,559931.648202546
1785254400000,671596.140333148,671336.1735932778,1,568366.9266556355,6717.106905902327,6717.106905902327,568366.9266556355
1785268800000,673646.4800053734,671304.3875713862,1,566284.8009615184,6717.106905902327,6717.106905902327,566284.8009615184
1785283200000,668282.1642803437,668282.1642803437,0,0.0,0.0,0.0,0.0
1785297600000,668282.1642803437,668282.1642803437,0,0.0,0.0,0.0,0.0
1785312000000,668282.1642803437,668282.1642803437,0,0.0,0.0,0.0,0.0
1785326400000,668282.1642803437,668282.1642803437,0,0.0,0.0,0.0,0.0
1785340800000,668282.1642803437,668282.1642803437,0,0.0,0.0,0.0,0.0
1785355200000,668282.1642803437,668282.1642803437,0,0.0,0.0,0.0,0.0
1785369600000,668282.1642803437,668282.1642803437,0,0.0,0.0,0.0,0.0
1785384000000,668282.1642803437,668282.1642803437,0,0.0,0.0,0.0,0.0
1785398400000,668282.1642803437,668282.1642803437,0,0.0,0.0,0.0,0.0
1785412800000,668282.1642803437,668282.1642803437,0,0.0,0.0,0.0,0.0
1785427200000,668282.1642803437,668282.1642803437,0,0.0,0.0,0.0,0.0
1785441600000,668282.1642803437,668282.1642803437,0,0.0,0.0,0.0,0.0
1785456000000,668282.1642803437,668282.1642803437,0,0.0,0.0,0.0,0.0
1785470400000,668282.1642803437,668282.1642803437,0,0.0,0.0,0.0,0.0
1785484800000,668282.1642803437,668282.1642803437,0,0.0,0.0,0.0,0.0
1785499200000,668282.1642803437,668282.1642803437,0,0.0,0.0,0.0,0.0
1785513600000,668282.1642803437,668282.1642803437,0,0.0,0.0,0.0,0.0
1785528000000,668282.1642803437,668282.1642803437,0,0.0,0.0,0.0,0.0
1785542400000,668282.1642803437,668282.1642803437,0,0.0,0.0,0.0,0.0
1785556800000,668282.1642803437,668282.1642803437,0,0.0,0.0,0.0,0.0
1785571200000,668282.1642803437,668282.1642803437,0,0.0,0.0,0.0,0.0
1785585600000,668282.1642803437,668282.1642803437,0,0.0,0.0,0.0,0.0
1785600000000,668282.1642803437,668282.1642803437,0,0.0,0.0,0.0,0.0
1785614400000,668282.1642803437,668282.1642803437,0,0.0,0.0,0.0,0.0
1785628800000,660818.5634762682,667926.6842299681,1,718068.2215048512,13365.643285606873,13365.643285606873,718068.2215048512
1785643200000,653901.2864775478,653901.2864775478,0,0.0,0.0,0.0,0.0
1785657600000,653901.2864775478,653901.2864775478,0,0.0,0.0,0.0,0.0
1785672000000,653901.2864775478,653901.2864775478,0,0.0,0.0,0.0,0.0
1785686400000,653901.2864775478,653901.2864775478,0,0.0,0.0,0.0,0.0
1785700800000,653901.2864775478,653901.2864775478,0,0.0,0.0,0.0,0.0
1785715200000,653901.2864775478,653901.2864775478,0,0.0,0.0,0.0,0.0
1785729600000,653901.2864775478,653901.2864775478,0,0.0,0.0,0.0,0.0
1785744000000,653901.2864775478,653901.2864775478,0,0.0,0.0,0.0,0.0
1785758400000,653901.2864775478,653901.2864775478,0,0.0,0.0,0.0,0.0
1785772800000,653901.2864775478,653901.2864775478,0,0.0,0.0,0.0,0.0
1785787200000,653901.2864775478,653901.2864775478,0,0.0,0.0,0.0,0.0
1785801600000,653901.2864775478,653901.2864775478,0,0.0,0.0,0.0,0.0
1785816000000,653901.2864775478,653901.2864775478,0,0.0,0.0,0.0,0.0
1785830400000,653901.2864775478,653901.2864775478,0,0.0,0.0,0.0,0.0
1785844800000,653901.2864775478,653901.2864775478,0,0.0,0.0,0.0,0.0
1785859200000,653901.2864775478,653901.2864775478,0,0.0,0.0,0.0,0.0
1785873600000,653901.2864775478,653901.2864775478,0,0.0,0.0,0.0,0.0
1785888000000,653901.2864775478,653901.2864775478,0,0.0,0.0,0.0,0.0
1785902400000,653901.2864775478,653901.2864775478,0,0.0,0.0,0.0,0.0
1785916800000,653901.2864775478,653901.2864775478,0,0.0,0.0,0.0,0.0
1785931200000,653901.2864775478,653901.2864775478,0,0.0,0.0,0.0,0.0
1785945600000,653901.2864775478,653901.2864775478,0,0.0,0.0,0.0,0.0
1785960000000,653901.2864775478,653901.2864775478,0,0.0,0.0,0.0,0.0
1785974400000,653901.2864775478,653901.2864775478,0,0.0,0.0,0.0,0.0
1785988800000,653901.2864775478,653901.2864775478,0,0.0,0.0,0.0,0.0
1786003200000,650303.5668825342,653614.0465057713,1,577790.4231763169,6539.012864775478,6539.012864775478,577790.4231763169
1786017600000,645538.0626602982,646278.3664731386,1,698260.7449684769,13005.263432209113,0.0,0.0
1786032000000,646632.934219463,646278.3664731386,1,699355.6165276418,13005.263432209113,0.0,0.0
1786046400000,646219.5742809963,646271.4638693451,1,698949.1591929685,13005.263432209113,0.0,0.0
1786060800000,641024.3352541041,646001.716554659,2,1239231.471374962,19467.459175019074,6462.195742809963,542351.216633258
1786075200000,638924.1321271322,646000.4916482299,2,1236504.2264684844,19467.459175019074,6462.195742809963,542037.0832902907
1786089600000,638839.2907397782,646000.4916482299,2,1240346.0518682231,19467.459175019074,6462.195742809963,544000.4166838371
1786104000000,641582.209134723,639166.0604927136,1,701417.1974233266,13005.263432209113,0.0,0.0
1786118400000,642124.1522476205,639166.0604927136,1,701959.1405362242,13005.263432209113,0.0,0.0
1786132800000,642413.619118703,639140.6144738691,1,702274.0534261512,13005.263432209113,0.0,0.0
1786147200000,640663.2893351553,639140.6144738691,1,700523.7236426035,13005.263432209113,0.0,0.0
1786161600000,642175.3653805946,639140.3762921009,1,702036.037869811,13005.263432209113,0.0,0.0
1786176000000,641109.7880437486,639140.3762921009,1,700970.460532965,13005.263432209113,0.0,0.0
1786190400000,643199.7794453728,639121.1836867721,1,703079.6445399179,13005.263432209113,0.0,0.0
1786204800000,643858.8994475455,639121.1836867721,1,703738.7645420907,13005.263432209113,0.0,0.0
1786219200000,642988.1890784263,639070.7115425791,1,702918.5263171645,13005.263432209113,0.0,0.0
1786233600000,641658.9637407113,639070.7115425791,1,701589.3009794495,13005.263432209113,0.0,0.0
1786248000000,640570.9635879422,639048.288726656,1,700523.7236426035,13005.263432209113,0.0,0.0
1786262400000,642478.7498164534,639048.288726656,1,702431.5098711146,13005.263432209113,0.0,0.0
1786276800000,642474.9853490487,639018.8918147224,1,702457.1423156436,13005.263432209113,0.0,0.0
1786291200000,645184.700913537,639018.8918147224,1,705166.8578801317,13005.263432209113,0.0,0.0
1786305600000,643447.693860734,638962.6407674601,1,703486.1018745912,13005.263432209113,0.0,0.0
1786320000000,639203.6934022992,638962.6407674601,1,699242.1014161564,13005.263432209113,0.0,0.0
1786334400000,638676.873706754,638676.873706754,0,0.0,0.0,0.0,0.0
1786348800000,638676.873706754,638676.873706754,0,0.0,0.0,0.0,0.0
1786363200000,638676.873706754,638676.873706754,0,0.0,0.0,0.0,0.0
1786377600000,638676.873706754,638676.873706754,0,0.0,0.0,0.0,0.0
1786392000000,638676.873706754,638676.873706754,0,0.0,0.0,0.0,0.0
1786406400000,638676.873706754,638676.873706754,0,0.0,0.0,0.0,0.0
1786420800000,638676.873706754,638676.873706754,0,0.0,0.0,0.0,0.0
1786435200000,638676.873706754,638676.873706754,0,0.0,0.0,0.0,0.0
1786449600000,638676.873706754,638676.873706754,0,0.0,0.0,0.0,0.0
1786464000000,638676.873706754,638676.873706754,0,0.0,0.0,0.0,0.0
1786478400000,623503.0104320572,637755.9643760415,2,1856071.6153688063,25530.806307902698,25530.806307902698,1856071.6153688063
1786492800000,610917.8267057792,610917.8267057792,0,0.0,0.0,0.0,0.0
1786507200000,610917.8267057792,610917.8267057792,0,0.0,0.0,0.0,0.0
1786521600000,610917.8267057792,610917.8267057792,0,0.0,0.0,0.0,0.0
1786536000000,610917.8267057792,610917.8267057792,0,0.0,0.0,0.0,0.0
1786550400000,610917.8267057792,610917.8267057792,0,0.0,0.0,0.0,0.0
1786564800000,610917.8267057792,610917.8267057792,0,0.0,0.0,0.0,0.0
1786579200000,610917.8267057792,610917.8267057792,0,0.0,0.0,0.0,0.0
1786593600000,610917.8267057792,610917.8267057792,0,0.0,0.0,0.0,0.0
1786608000000,610917.8267057792,610917.8267057792,0,0.0,0.0,0.0,0.0
1786622400000,610917.8267057792,610917.8267057792,0,0.0,0.0,0.0,0.0
1786636800000,610917.8267057792,610917.8267057792,0,0.0,0.0,0.0,0.0
1786651200000,620377.4839184793,610447.8563524788,1,930011.0790346315,12218.356534115586,12218.356534115586,930011.0790346315
1786665600000,618435.2558272462,610447.8563524788,1,931953.3071258646,12218.356534115586,12218.356534115586,931953.3071258646
1786680000000,622336.4715573179,609787.0944729099,1,927391.329516224,12218.356534115586,12218.356534115586,927391.329516224
1786694400000,621975.1267961581,609787.0944729099,1,927752.6742773837,12218.356534115586,12218.356534115586,927752.6742773837
1786708800000,621868.958429696,609319.5813452881,1,927391.329516224,12218.356534115586,12218.356534115586,927391.329516224
1786723200000,636525.7732776627,621217.4657064676,1,454662.0457291209,6109.178267057793,6109.178267057793,454662.0457291209
1786737600000,641653.9936536137,620190.6078772373,2,2000956.5440871334,18834.68107179207,18834.68107179207,2000956.5440871334
1786752000000,630732.3300056353,628566.3905981969,1,1550283.6371557554,12725.502804734278,12725.502804734278,1550283.6371557554
1786766400000,625365.2950616748,628506.1230109995,1,1555590.4045125186,12725.502804734278,12725.502804734278,1555590.4045125186
1786780800000,624657.7260807729,628506.1230109995,1,1556297.9734934203,12725.502804734278,12725.502804734278,1556297.9734934203
1786795200000,623205.5171012408,628469.0519932709,1,1557713.111455224,12725.502804734278,12725.502804734278,1557713.111455224
1786809600000,620517.9339913187,620517.9339913187,0,0.0,0.0,0.0,0.0
1786824000000,620517.9339913187,620517.9339913187,0,0.0,0.0,0.0,0.0
1786838400000,620517.9339913187,620517.9339913187,0,0.0,0.0,0.0,0.0
1786852800000,620517.9339913187,620517.9339913187,0,0.0,0.0,0.0,0.0
1786867200000,620517.9339913187,620517.9339913187,0,0.0,0.0,0.0,0.0
1786881600000,620517.9339913187,620517.9339913187,0,0.0,0.0,0.0,0.0
1786896000000,620517.9339913187,620517.9339913187,0,0.0,0.0,0.0,0.0
1786910400000,620517.9339913187,620517.9339913187,0,0.0,0.0,0.0,0.0
1786924800000,620517.9339913187,620517.9339913187,0,0.0,0.0,0.0,0.0
1786939200000,620517.9339913187,620517.9339913187,0,0.0,0.0,0.0,0.0
1786953600000,620517.9339913187,620517.9339913187,0,0.0,0.0,0.0,0.0
1786968000000,620517.9339913187,620517.9339913187,0,0.0,0.0,0.0,0.0
1786982400000,620517.9339913187,620517.9339913187,0,0.0,0.0,0.0,0.0
1786996800000,620517.9339913187,620517.9339913187,0,0.0,0.0,0.0,0.0
1787011200000,620517.9339913187,620517.9339913187,0,0.0,0.0,0.0,0.0
1787025600000,620517.9339913187,620517.9339913187,0,0.0,0.0,0.0,0.0
1787040000000,606402.5124305616,606402.5124305616,0,0.0,0.0,0.0,0.0
1787054400000,606402.5124305616,606402.5124305616,0,0.0,0.0,0.0,0.0
1787068800000,606402.5124305616,606402.5124305616,0,0.0,0.0,0.0,0.0
1787083200000,606402.5124305616,606402.5124305616,0,0.0,0.0,0.0,0.0
1787097600000,606402.5124305616,606402.5124305616,0,0.0,0.0,0.0,0.0
1787112000000,606402.5124305616,606402.5124305616,0,0.0,0.0,0.0,0.0
1787126400000,606402.5124305616,606402.5124305616,0,0.0,0.0,0.0,0.0
1787140800000,606402.5124305616,606402.5124305616,0,0.0,0.0,0.0,0.0
1787155200000,606402.5124305616,606402.5124305616,0,0.0,0.0,0.0,0.0
1787169600000,606402.5124305616,606402.5124305616,0,0.0,0.0,0.0,0.0
1787184000000,606402.5124305616,606402.5124305616,0,0.0,0.0,0.0,0.0
1787198400000,606402.5124305616,606402.5124305616,0,0.0,0.0,0.0,0.0
1787212800000,606402.5124305616,606402.5124305616,0,0.0,0.0,0.0,0.0
1787227200000,606402.5124305616,606402.5124305616,0,0.0,0.0,0.0,0.0
1787241600000,606402.5124305616,606402.5124305616,0,0.0,0.0,0.0,0.0
1787256000000,606402.5124305616,606402.5124305616,0,0.0,0.0,0.0,0.0
1787270400000,606402.5124305616,606402.5124305616,0,0.0,0.0,0.0,0.0
1787284800000,606402.5124305616,606402.5124305616,0,0.0,0.0,0.0,0.0
1787299200000,606402.5124305616,606402.5124305616,0,0.0,0.0,0.0,0.0
1787313600000,606402.5124305616,606402.5124305616,0,0.0,0.0,0.0,0.0
1787328000000,606402.5124305616,606402.5124305616,0,0.0,0.0,0.0,0.0
1787342400000,606402.5124305616,606402.5124305616,0,0.0,0.0,0.0,0.0
1787356800000,606402.5124305616,606402.5124305616,0,0.0,0.0,0.0,0.0
1787371200000,606402.5124305616,606402.5124305616,0,0.0,0.0,0.0,0.0
1787385600000,606402.5124305616,606402.5124305616,0,0.0,0.0,0.0,0.0
1787400000000,606402.5124305616,606402.5124305616,0,0.0,0.0,0.0,0.0
1787414400000,606402.5124305616,606402.5124305616,0,0.0,0.0,0.0,0.0
1787428800000,606402.5124305616,606402.5124305616,0,0.0,0.0,0.0,0.0
1787443200000,606402.5124305616,606402.5124305616,0,0.0,0.0,0.0,0.0
1787457600000,606402.5124305616,606402.5124305616,0,0.0,0.0,0.0,0.0
1787472000000,606402.5124305616,606402.5124305616,0,0.0,0.0,0.0,0.0
1787486400000,606402.5124305616,606402.5124305616,0,0.0,0.0,0.0,0.0
1787500800000,606402.5124305616,606402.5124305616,0,0.0,0.0,0.0,0.0
1787515200000,606402.5124305616,606402.5124305616,0,0.0,0.0,0.0,0.0
1787529600000,606402.5124305616,606402.5124305616,0,0.0,0.0,0.0,0.0
1787544000000,606402.5124305616,606402.5124305616,0,0.0,0.0,0.0,0.0
1787558400000,606402.5124305616,606402.5124305616,0,0.0,0.0,0.0,0.0
1787572800000,606402.5124305616,606402.5124305616,0,0.0,0.0,0.0,0.0
1787587200000,606402.5124305616,606402.5124305616,0,0.0,0.0,0.0,0.0
1787601600000,606402.5124305616,606402.5124305616,0,0.0,0.0,0.0,0.0
1787616000000,606402.5124305616,606402.5124305616,0,0.0,0.0,0.0,0.0
1787630400000,606402.5124305616,606402.5124305616,0,0.0,0.0,0.0,0.0
1787644800000,606402.5124305616,606402.5124305616,0,0.0,0.0,0.0,0.0
1787659200000,606402.5124305616,606402.5124305616,0,0.0,0.0,0.0,0.0
1787673600000,606402.5124305616,606402.5124305616,0,0.0,0.0,0.0,0.0
1787688000000,606402.5124305616,606402.5124305616,0,0.0,0.0,0.0,0.0
1787702400000,606402.5124305616,606402.5124305616,0,0.0,0.0,0.0,0.0
1787716800000,606402.5124305616,606402.5124305616,0,0.0,0.0,0.0,0.0
1787731200000,606402.5124305616,606402.5124305616,0,0.0,0.0,0.0,0.0
1787745600000,606402.5124305616,606402.5124305616,0,0.0,0.0,0.0,0.0
1787760000000,606402.5124305616,606402.5124305616,0,0.0,0.0,0.0,0.0
1787774400000,606402.5124305616,606402.5124305616,0,0.0,0.0,0.0,0.0
1787788800000,606402.5124305616,606402.5124305616,0,0.0,0.0,0.0,0.0
1787803200000,606402.5124305616,606402.5124305616,0,0.0,0.0,0.0,0.0
1787817600000,606402.5124305616,606402.5124305616,0,0.0,0.0,0.0,0.0
1787832000000,606402.5124305616,606402.5124305616,0,0.0,0.0,0.0,0.0
1787846400000,606402.5124305616,606402.5124305616,0,0.0,0.0,0.0,0.0
1787860800000,606402.5124305616,606402.5124305616,0,0.0,0.0,0.0,0.0
1787875200000,606402.5124305616,606402.5124305616,0,0.0,0.0,0.0,0.0
1787889600000,606402.5124305616,606402.5124305616,0,0.0,0.0,0.0,0.0
1787904000000,606402.5124305616,606402.5124305616,0,0.0,0.0,0.0,0.0
1787918400000,606402.5124305616,606402.5124305616,0,0.0,0.0,0.0,0.0
1787932800000,606402.5124305616,606402.5124305616,0,0.0,0.0,0.0,0.0
1787947200000,606402.5124305616,606402.5124305616,0,0.0,0.0,0.0,0.0
1787961600000,606402.5124305616,606402.5124305616,0,0.0,0.0,0.0,0.0
1787976000000,606402.5124305616,606402.5124305616,0,0.0,0.0,0.0,0.0
1787990400000,606402.5124305616,606402.5124305616,0,0.0,0.0,0.0,0.0
1788004800000,606402.5124305616,606402.5124305616,0,0.0,0.0,0.0,0.0
1788019200000,606402.5124305616,606402.5124305616,0,0.0,0.0,0.0,0.0
1788033600000,606402.5124305616,606402.5124305616,0,0.0,0.0,0.0,0.0
1788048000000,606402.5124305616,606402.5124305616,0,0.0,0.0,0.0,0.0
1788062400000,606402.5124305616,606402.5124305616,0,0.0,0.0,0.0,0.0
1788076800000,606402.5124305616,606402.5124305616,0,0.0,0.0,0.0,0.0
1788091200000,606402.5124305616,606402.5124305616,0,0.0,0.0,0.0,0.0
1788105600000,606402.5124305616,606402.5124305616,0,0.0,0.0,0.0,0.0
1788120000000,606402.5124305616,606402.5124305616,0,0.0,0.0,0.0,0.0
1788134400000,606402.5124305616,606402.5124305616,0,0.0,0.0,0.0,0.0
1788148800000,606402.5124305616,606402.5124305616,0,0.0,0.0,0.0,0.0
1788163200000,606402.5124305616,606402.5124305616,0,0.0,0.0,0.0,0.0
1788177600000,606402.5124305616,606402.5124305616,0,0.0,0.0,0.0,0.0
1788192000000,606402.5124305616,606402.5124305616,0,0.0,0.0,0.0,0.0
1788206400000,606402.5124305616,606402.5124305616,0,0.0,0.0,0.0,0.0
1788220800000,606402.5124305616,606402.5124305616,0,0.0,0.0,0.0,0.0
