symbol,entry_ms,time_ms,exchange_time_ms,qty,side,rate,mark,cashflow,price_source
XRPUSDT,1610726400000,1610755200000,1610755200000,65393.23443191487,SHORT,0.00031084,0.2801,5.693545920727679,mark_candle_open
XRPUSDT,1610726400000,1610784000000,1610784000008,65393.23443191487,SHORT,0.00081748,0.2817,15.059023183534276,mark_candle_open
XRPUSDT,1611633600000,1611648000000,1611648000000,221231.50411030184,SHORT,0.00044386,0.2663,26.149545644854342,mark_candle_open
XRPUSDT,1611633600000,1611676800000,1611676800000,221231.50411030184,SHORT,0.00030387,0.2629,17.673614749785923,mark_candle_open
XRPUSDT,1611633600000,1611705600000,1611705600000,221231.50411030184,SHORT,0.00028331,0.2686,16.83506836956091,mark_candle_open
XRPUSDT,1611633600000,1611734400000,1611734400011,221231.50411030184,SHORT,0.00027841,0.2638,16.2482500350563,mark_candle_open
XRPUSDT,1611633600000,1611763200000,1611763200003,110615.75205515092,SHORT,0.0001,0.2526,2.7941538969131123,mark_candle_open
XRPUSDT,1611633600000,1611792000000,1611792000000,110615.75205515092,SHORT,0.00012191,0.2506,3.379382683060688,mark_candle_open
ETHUSDT,1612281600000,1612310400000,1612310400009,27.355448887918456,LONG,0.00151935,1514.9524235,-62.96521202246468,mark_candle_open
ETHUSDT,1612281600000,1612339200000,1612339200006,27.355448887918456,LONG,0.00155522,1549.17321483,-65.90762435585965,mark_candle_open
ETHUSDT,1612281600000,1612368000000,1612368000006,27.355448887918456,LONG,0.00167923,1601.69,-73.57537669053184,mark_candle_open
ETHUSDT,1612281600000,1612396800000,1612396800005,27.355448887918456,LONG,0.00146092,1666.0,-66.58022790063683,mark_candle_open
BTCUSDT,1612368000000,1612396800000,1612396800005,1.2897412128821795,LONG,0.00029063,37651.13,-14.113055015915265,mark_candle_open
ETHUSDT,1612281600000,1612425600000,1612425600000,27.355448887918456,LONG,0.00135459,1664.47,-61.677630781347474,mark_candle_open
BTCUSDT,1612368000000,1612425600000,1612425600000,1.2897412128821795,LONG,0.00074286,37882.69797631,-36.29530524580807,mark_candle_open
ETHUSDT,1612281600000,1612454400000,1612454400011,27.355448887918456,LONG,0.00145079,1581.85841093,-62.77923324983073,mark_candle_open
BTCUSDT,1612368000000,1612454400000,1612454400011,1.2897412128821795,LONG,0.00061936,36605.82,-29.241245802716357,mark_candle_open
ETHUSDT,1612281600000,1612483200000,1612483200009,27.355448887918456,LONG,0.00113736,1596.0,-49.656337382072046,mark_candle_open
BTCUSDT,1612368000000,1612483200000,1612483200009,1.2897412128821795,LONG,0.00056635,36982.6,-27.01375288700049,mark_candle_open
ETHUSDT,1612281600000,1612512000000,1612512000004,27.355448887918456,LONG,0.0017643,1666.51,-80.43113621736344,mark_candle_open
BTCUSDT,1612368000000,1612512000000,1612512000004,1.2897412128821795,LONG,0.00074838,37701.0718172,-36.38969767508545,mark_candle_open
ETHUSDT,1612281600000,1612540800000,1612540800000,27.355448887918456,LONG,0.00155465,1744.23401211,-74.17904328391411,mark_candle_open
BTCUSDT,1612368000000,1612540800000,1612540800000,1.2897412128821795,LONG,0.00099154,38005.09,-48.60204932911676,mark_candle_open
ETHUSDT,1612281600000,1612569600000,1612569600008,27.355448887918456,LONG,0.00117123,1721.55,-55.15763978943593,mark_candle_open
BTCUSDT,1612368000000,1612569600000,1612569600008,1.2897412128821795,LONG,0.00034782,38341.18068773,-17.199768871308596,mark_candle_open
ETHUSDT,1612281600000,1612598400000,1612598400009,27.355448887918456,LONG,0.00107002,1674.99,-49.028426968135406,mark_candle_open
BTCUSDT,1612368000000,1612598400000,1612598400009,1.2897412128821795,LONG,0.00069827,39398.38668326,-35.48169837769241,mark_candle_open
ETHUSDT,1612281600000,1612627200000,1612627200000,27.355448887918456,LONG,0.00143968,1677.12223118,-66.05026022425258,mark_candle_open
BTCUSDT,1612368000000,1612627200000,1612627200000,1.2897412128821795,LONG,0.00102371,40886.91,-53.983844959330845,mark_candle_open
ETHUSDT,1612281600000,1612656000000,1612656000000,27.355448887918456,LONG,0.00171115,1679.06532979,-78.595833056294,mark_candle_open
BTCUSDT,1612368000000,1612656000000,1612656000000,1.2897412128821795,LONG,0.00155546,39249.54,-78.74010620454749,mark_candle_open
BTCUSDT,1612368000000,1612684800000,1612684800005,1.2897412128821795,LONG,0.00065121,39056.89,-32.80358411162663,mark_candle_open
BTCUSDT,1612368000000,1612713600000,1612713600001,1.2897412128821795,LONG,0.00106206,37965.8,-52.00489043374128,mark_candle_open
ETHUSDT,1613664000000,1613692800000,1613692800010,27.138592535653192,LONG,0.00082051,1940.0509857,-43.200059252561445,mark_candle_open
ETHUSDT,1613664000000,1613721600000,1613721600002,27.138592535653192,LONG,0.00139773,1922.01,-72.90650006826756,mark_candle_open
ETHUSDT,1613664000000,1613750400000,1613750400008,27.138592535653192,LONG,0.00169023,1933.39,-88.68549496522321,mark_candle_open
ETHUSDT,1613664000000,1613779200000,1613779200000,27.138592535653192,LONG,0.00196264,1958.58,-104.32040915028085,mark_candle_open
ETHUSDT,1613664000000,1613808000000,1613808000009,27.138592535653192,LONG,0.00189841,1988.2,-102.43241284084256,mark_candle_open
ETHUSDT,1613664000000,1613836800000,1613836800000,27.138592535653192,LONG,0.0018588,1979.75,-99.86891599048755,mark_candle_open
BTCUSDT,1615291200000,1615305600000,1615305600000,1.0281318465638856,LONG,0.00057038,54127.88,-31.74198763948509,mark_candle_open
BTCUSDT,1615291200000,1615334400000,1615334400009,1.0281318465638856,LONG,0.00024344,54925.01882859,-13.747096001336594,mark_candle_open
BTCUSDT,1615291200000,1615363200000,1615363200006,1.0281318465638856,LONG,0.00048586,54196.11139209,-27.072482663184424,mark_candle_open
BTCUSDT,1615291200000,1615392000000,1615392000008,1.0281318465638856,LONG,0.00056915,56376.23,-32.98918467992551,mark_candle_open
BTCUSDT,1615291200000,1615420800000,1615420800000,1.0281318465638856,LONG,0.00095931,55956.41594658,-55.189654228538544,mark_candle_open
BTCUSDT,1615291200000,1615449600000,1615449600000,1.0281318465638856,LONG,0.00099305,55080.92,-56.236866376506896,mark_candle_open
BTCUSDT,1615291200000,1615478400000,1615478400014,1.0281318465638856,LONG,0.00085439,56415.23765561,-49.55658720324459,mark_candle_open
BTCUSDT,1615291200000,1615507200000,1615507200002,1.0281318465638856,LONG,0.00102002,57860.0,-60.67865256920299,mark_candle_open
BTCUSDT,1615291200000,1615536000000,1615536000005,1.0281318465638856,LONG,0.00067147,56740.41518494,-39.17129549498208,mark_candle_open
BTCUSDT,1615291200000,1615564800000,1615564800011,1.0281318465638856,LONG,0.00051199,57011.21073842,-30.01031503170959,mark_candle_open
BTCUSDT,1615291200000,1615593600000,1615593600000,1.0281318465638856,LONG,0.00047834,57305.36675083,-28.182583812655725,mark_candle_open
BTCUSDT,1615291200000,1615622400000,1615622400002,1.0281318465638856,LONG,0.00060567,57377.26,-35.72931413626255,mark_candle_open
BTCUSDT,1615291200000,1615651200000,1615651200000,1.0281318465638856,LONG,0.00057114,59734.70729864,-35.07665158038281,mark_candle_open
BTCUSDT,1615291200000,1615680000000,1615680000011,1.0281318465638856,LONG,0.00081828,61247.19,-51.52724425140164,mark_candle_open
BTCUSDT,1615291200000,1615708800000,1615708800000,1.0281318465638856,LONG,0.00084593,60594.25914236,-52.70049793942356,mark_candle_open
BTCUSDT,1615291200000,1615737600000,1615737600000,1.0281318465638856,LONG,0.00115069,59750.76,-70.68879593911144,mark_candle_open
BTCUSDT,1615291200000,1615766400000,1615766400012,1.0281318465638856,LONG,0.0008201,59047.95,-49.78751476062276,mark_candle_open
BTCUSDT,1615291200000,1615795200000,1615795200016,1.0281318465638856,LONG,0.0010521,57826.33,-62.55059750708836,mark_candle_open
LTCUSDT,1616328000000,1616342400000,1616342400000,222.75271337069324,SHORT,0.00046956,195.61,20.45997741371194,mark_candle_open
BCHUSDT,1616328000000,1616342400000,1616342400000,76.8473747487472,SHORT,0.00028711,522.92,11.537523734649868,mark_candle_open
LTCUSDT,1616328000000,1616371200000,1616371200007,222.75271337069324,SHORT,0.00058748,195.52,25.586287627254432,mark_candle_open
BCHUSDT,1616328000000,1616371200000,1616371200007,76.8473747487472,SHORT,0.00057406,524.15,23.122879319483527,mark_candle_open
LTCUSDT,1616328000000,1616400000000,1616400000001,222.75271337069324,SHORT,0.00071256,195.13,30.971945528234254,mark_candle_open
BCHUSDT,1616328000000,1616400000000,1616400000001,76.8473747487472,SHORT,0.00067843,522.36320525,27.23370055403396,mark_candle_open
LTCUSDT,1616328000000,1616428800000,1616428800000,222.75271337069324,SHORT,0.00058339,196.67521053,25.558279028765977,mark_candle_open
LTCUSDT,1616328000000,1616457600000,1616457600000,111.37635668534662,SHORT,0.00024012,185.67,4.965501064761885,mark_candle_open
LTCUSDT,1616328000000,1616486400000,1616486400010,111.37635668534662,SHORT,0.00020663,185.65,4.272492770428467,mark_candle_open
ETHUSDT,1616457600000,1616486400000,1616486400010,26.710798334239325,SHORT,0.00019899,1680.15,8.930302634954955,mark_candle_open
LINKUSDT,1616457600000,1616486400000,1616486400010,1299.867642015137,SHORT,0.00031486,27.249,11.152370600767378,mark_candle_open
LTCUSDT,1616328000000,1616515200000,1616515200023,111.37635668534662,SHORT,0.00022303,186.43,4.630971318262671,mark_candle_open
ETHUSDT,1616457600000,1616515200000,1616515200023,26.710798334239325,SHORT,0.0003309,1704.95201762,15.069394305587732,mark_candle_open
LINKUSDT,1616457600000,1616515200000,1616515200023,1299.867642015137,SHORT,0.00043485,27.24001422,15.397348415927548,mark_candle_open
LTCUSDT,1616328000000,1616544000000,1616544000002,111.37635668534662,SHORT,0.00031015,186.02,6.425758994369126,mark_candle_open
LINKUSDT,1616457600000,1616544000000,1616544000002,1299.867642015137,SHORT,0.0007191,26.802,25.052762682441426,mark_candle_open
LINKUSDT,1616457600000,1616572800000,1616572800000,1299.867642015137,SHORT,0.00058668,27.394,20.890838303068566,mark_candle_open
BCHUSDT,1616630400000,1616659200000,1616659200000,121.86248354007611,SHORT,0.0001,464.50232488,5.660540692001609,mark_candle_open
BNBUSDT,1616644800000,1616659200000,1616659200000,253.16104338760326,SHORT,0.0,241.93623584,0.0,mark_candle_open
BCHUSDT,1616630400000,1616688000000,1616688000000,121.86248354007611,SHORT,0.0001,467.5185293,5.697296908150184,mark_candle_open
BNBUSDT,1616644800000,1616688000000,1616688000000,126.58052169380163,SHORT,-0.00042256,231.06,-12.358906143956297,mark_candle_open
BCHUSDT,1616630400000,1616716800000,1616716800008,121.86248354007611,SHORT,0.0001,473.1,5.765314096281001,mark_candle_open
BNBUSDT,1616644800000,1616716800000,1616716800008,126.58052169380163,SHORT,0.0,233.93267204,0.0,mark_candle_open
BCHUSDT,1616630400000,1616745600000,1616745600000,121.86248354007611,SHORT,0.00038953,476.69247018,22.628159301084043,mark_candle_open
BTCUSDT,1618358400000,1618387200000,1618387200000,1.3024605910559373,LONG,0.00108567,64370.13056778,-91.02209326570436,mark_candle_open
BTCUSDT,1618358400000,1618416000000,1618416000012,1.3024605910559373,LONG,0.00104786,63145.24720452,-86.18040321675876,mark_candle_open
ETHUSDT,1619956800000,1619971200000,1619971200007,19.744485794454604,LONG,0.0001,2930.50677603,-5.78613494098773,mark_candle_open
ETHUSDT,1619956800000,1620000000000,1620000000003,19.744485794454604,LONG,0.0001,2950.99029995,-5.826578605693611,mark_candle_open
ETHUSDT,1619956800000,1620028800000,1620028800000,19.744485794454604,LONG,0.0001,3146.89283328,-6.213378084336797,mark_candle_open
ETHUSDT,1619956800000,1620057600000,1620057600043,19.744485794454604,LONG,0.00061627,3164.61,-38.50676644027451,mark_candle_open
ETHUSDT,1619956800000,1620086400000,1620086400004,19.744485794454604,LONG,0.00031687,3431.91396623,-21.47154738867187,mark_candle_open
ETHUSDT,1619956800000,1620115200000,1620115200003,19.744485794454604,LONG,0.00070707,3319.0,-46.33567472110357,mark_candle_open
ETHUSDT,1619956800000,1620144000000,1620144000011,19.744485794454604,LONG,0.00071637,3232.78478194,-45.72566299282235,mark_candle_open
ETHUSDT,1619956800000,1620172800000,1620172800001,19.744485794454604,LONG,0.00038408,3244.19,-24.60219192296205,mark_candle_open
ETHUSDT,1619956800000,1620201600000,1620201600007,19.744485794454604,LONG,0.00078274,3342.25200579,-51.65383232431476,mark_candle_open
ETHUSDT,1619956800000,1620230400000,1620230400001,19.744485794454604,LONG,0.00087977,3310.44242067,-57.504391860315174,mark_candle_open
ETHUSDT,1619956800000,1620259200000,1620259200003,19.744485794454604,LONG,0.00068239,3528.03468957,-47.53476251281662,mark_candle_open
ETHUSDT,1619956800000,1620288000000,1620288000001,19.744485794454604,LONG,0.00066648,3440.8,-45.278536273384915,mark_candle_open
ETHUSDT,1619956800000,1620316800000,1620316800000,19.744485794454604,LONG,0.00110886,3556.13,-77.85744976531379,mark_candle_open
ETHUSDT,1619956800000,1620345600000,1620345600000,19.744485794454604,LONG,0.00026032,3492.39071733,-17.950485062672143,mark_candle_open
ETHUSDT,1619956800000,1620374400000,1620374400000,19.744485794454604,LONG,0.00049147,3437.74,-33.35921853219859,mark_candle_open
ETHUSDT,1619956800000,1620403200000,1620403200001,19.744485794454604,LONG,0.00038025,3562.40273622,-26.745952335935215,mark_candle_open
ETHUSDT,1619956800000,1620432000000,1620432000006,19.744485794454604,LONG,0.00047199,3480.8298596,-32.43854910589365,mark_candle_open
ETHUSDT,1619956800000,1620460800000,1620460800000,19.744485794454604,LONG,0.00070136,3529.58872059,-48.8777183312909,mark_candle_open
ETHUSDT,1619956800000,1620489600000,1620489600000,19.744485794454604,LONG,0.00030149,3635.69,-21.642408263453678,mark_candle_open
ETHUSDT,1619956800000,1620518400000,1620518400005,19.744485794454604,LONG,0.00058991,3913.81,-45.58598305390943,mark_candle_open
ETHUSDT,1619956800000,1620547200000,1620547200016,19.744485794454604,LONG,0.00041522,3939.68,-32.29869978507405,mark_candle_open
ETHUSDT,1619956800000,1620576000000,1620576000000,19.744485794454604,LONG,0.00054148,3878.44,-41.46534903086532,mark_candle_open
ETHUSDT,1619956800000,1620604800000,1620604800004,19.744485794454604,LONG,0.00068787,3927.43402191,-53.340992823447635,mark_candle_open
ETHUSDT,1619956800000,1620633600000,1620633600000,19.744485794454604,LONG,0.0006638,4109.44452526,-53.859981276780864,mark_candle_open
ETHUSDT,1619956800000,1620662400000,1620662400013,19.744485794454604,LONG,0.00075749,4159.78,-62.21471188975652,mark_candle_open
ETHUSDT,1619956800000,1620691200000,1620691200000,19.744485794454604,LONG,0.00041169,3950.32,-32.110600213394264,mark_candle_open
ETHUSDT,1619956800000,1620720000000,1620720000000,19.744485794454604,LONG,0.00043204,3962.86,-33.80481123069716,mark_candle_open
BTCUSDT,1620705600000,1620720000000,1620720000000,1.4792248415952294,SHORT,0.00050874,55790.72,41.98479562290409,mark_candle_open
ETHUSDT,1619956800000,1620748800000,1620748800002,19.744485794454604,LONG,0.00029649,4023.38120644,-23.553044951171493,mark_candle_open
BTCUSDT,1620705600000,1620748800000,1620748800002,1.4792248415952294,SHORT,0.00025625,56079.46279936,21.25699695950802,mark_candle_open
ETHUSDT,1619956800000,1620777600000,1620777600004,19.744485794454604,LONG,0.0001,4176.087596,-8.245470221562009,mark_candle_open
ETHUSDT,1619956800000,1620806400000,1620806400007,19.744485794454604,LONG,0.00047462,4311.63,-40.404835962254886,mark_candle_open
ETHUSDT,1619956800000,1620835200000,1620835200012,19.744485794454604,LONG,0.00054381,4192.98183272,-45.02108923516099,mark_candle_open
ETHUSDT,1619956800000,1620864000000,1620864000016,19.744485794454604,LONG,0.00040983,3829.04,-30.98414220102268,mark_candle_open
XRPUSDT,1622793600000,1622822400000,1622822400002,48177.17892714851,SHORT,0.0001,0.96550624,4.651536687975839,mark_candle_open
LINKUSDT,1622793600000,1622822400000,1622822400002,1356.2700911048391,SHORT,0.0001,28.73617907,3.897402020527387,mark_candle_open
LTCUSDT,1622793600000,1622822400000,1622822400002,283.5242320549338,SHORT,0.0001,177.24,5.025183488941647,mark_candle_open
LINKUSDT,1622793600000,1622851200000,1622851200000,1356.2700911048391,SHORT,0.0001,28.831,3.9102622996643617,mark_candle_open
LTCUSDT,1622793600000,1622851200000,1622851200000,283.5242320549338,SHORT,0.0001,178.40118421,5.058105875083104,mark_candle_open
BTCUSDT,1623110400000,1623139200000,1623139200000,2.011666609240957,SHORT,1.015e-05,32944.28905361,0.6726702014814456,mark_candle_open
BNBUSDT,1623110400000,1623139200000,1623139200000,122.94853417793288,SHORT,0.0,349.43262383,0.0,mark_candle_open
XRPUSDT,1623110400000,1623139200000,1623139200000,61815.77011980747,SHORT,5.006e-05,0.8642,2.6742646981891327,mark_candle_open
ETHUSDT,1623124800000,1623139200000,1623139200000,2.2880057361606987,SHORT,0.0001,2514.0,0.5752046420707997,mark_candle_open
BTCUSDT,1623110400000,1623168000000,1623168000002,1.0058333046204786,SHORT,0.0001,31694.38263383,3.187926562249114,mark_candle_open
BNBUSDT,1623110400000,1623168000000,1623168000002,61.47426708896644,SHORT,0.0,330.83287353,0.0,mark_candle_open
XRPUSDT,1623110400000,1623168000000,1623168000002,30907.885059903736,SHORT,0.0001,0.8093,2.5013751378980094,mark_candle_open
ETHUSDT,1623124800000,1623168000000,1623168000002,2.2880057361606987,SHORT,0.0001,2374.86115289,0.543369594039753,mark_candle_open
BNBUSDT,1623110400000,1623196800000,1623196800009,61.47426708896644,SHORT,0.0,352.44739632,0.0,mark_candle_open
ETHUSDT,1623456000000,1623484800000,1623484800000,24.95413758185113,SHORT,0.0001,2320.89,5.791580837234247,mark_candle_open
ADAUSDT,1623456000000,1623484800000,1623484800000,37223.42008918491,SHORT,0.0001,1.3968,5.199367318057348,mark_candle_open
LINKUSDT,1623456000000,1623484800000,1623484800000,1980.1044406561646,SHORT,0.0001,20.51314789,4.0618175228825635,mark_candle_open
SOLUSDT,1623470400000,1623484800000,1623484800000,136.62325532076568,SHORT,0.0001,36.07,0.49280008194200187,mark_candle_open
LINKUSDT,1623456000000,1623513600000,1623513600018,1980.1044406561646,SHORT,0.0001,21.576,4.272273341159741,mark_candle_open
BTCUSDT,1623960000000,1623974400000,1623974400009,2.0774067185519765,SHORT,5.342e-05,38060.71,4.223789838703575,mark_candle_open
ADAUSDT,1623960000000,1623974400000,1623974400009,50799.00397676238,SHORT,-7.49e-06,1.481,-0.5634976034229924,mark_candle_open
BTCUSDT,1623960000000,1624003200000,1624003200014,2.0774067185519765,SHORT,3.45e-06,37690.0,0.27012623431667276,mark_candle_open
ADAUSDT,1623960000000,1624003200000,1624003200014,50799.00397676238,SHORT,0.0001,1.48076244,7.522125707820036,mark_candle_open
BTCUSDT,1623960000000,1624032000000,1624032000007,2.0774067185519765,SHORT,0.0001,36356.28198779,7.552678446300514,mark_candle_open
ADAUSDT,1623960000000,1624032000000,1624032000007,50799.00397676238,SHORT,0.0001,1.4024,7.124052317701157,mark_candle_open
BTCUSDT,1623960000000,1624060800000,1624060800003,1.0387033592759882,SHORT,-5.205e-05,35816.75,-1.9364150331812766,mark_candle_open
ADAUSDT,1623960000000,1624060800000,1624060800003,25399.50198838119,SHORT,-1.52e-05,1.4154,-0.546446917738192,mark_candle_open
SOLUSDT,1624032000000,1624060800000,1624060800003,1386.6443967011396,SHORT,0.0001,36.8,5.102851379860193,mark_candle_open
LINKUSDT,1624032000000,1624060800000,1624060800003,252.45604153913064,SHORT,0.0001,21.22858333,0.5359284114975376,mark_candle_open
BNBUSDT,1624046400000,1624060800000,1624060800003,225.47220855877572,SHORT,-0.00035235,336.8,-26.757120688538585,mark_candle_open
BTCUSDT,1623960000000,1624089600000,1624089600001,1.0387033592759882,SHORT,-9.441e-05,35770.70814927,-3.5078181569573204,mark_candle_open
ADAUSDT,1623960000000,1624089600000,1624089600001,25399.50198838119,SHORT,0.0001,1.4292,3.6300968241794402,mark_candle_open
LINKUSDT,1624032000000,1624089600000,1624089600001,252.45604153913064,SHORT,0.0001,21.39625228,0.5401613154381398,mark_candle_open
BTCUSDT,1623960000000,1624118400000,1624118400000,1.0387033592759882,SHORT,7.475e-05,36104.67,2.803277640587687,mark_candle_open
ADAUSDT,1623960000000,1624118400000,1624118400000,25399.50198838119,SHORT,0.0001,1.42454838,3.618281941035521,mark_candle_open
LINKUSDT,1624032000000,1624118400000,1624118400000,252.45604153913064,SHORT,0.0001,21.6128974,0.5456306523795369,mark_candle_open
BTCUSDT,1623960000000,1624147200000,1624147200005,1.0387033592759882,SHORT,0.0001,35485.43461615,3.6858840141163443,mark_candle_open
ADAUSDT,1623960000000,1624147200000,1624147200005,25399.50198838119,SHORT,0.0001,1.38332681,3.513581206117601,mark_candle_open
LINKUSDT,1624032000000,1624147200000,1624147200005,252.45604153913064,SHORT,0.0001,20.26266658,0.5115432595814035,mark_candle_open
BTCUSDT,1623960000000,1624176000000,1624176000000,1.0387033592759882,SHORT,0.0001,35613.35,3.6991706280071517,mark_candle_open
ADAUSDT,1623960000000,1624176000000,1624176000000,25399.50198838119,SHORT,6.277e-05,1.40061956,2.2330452168098796,mark_candle_open
LINKUSDT,1624032000000,1624176000000,1624176000000,252.45604153913064,SHORT,0.0001,20.57572756,0.5194466731585196,mark_candle_open
BTCUSDT,1623960000000,1624204800000,1624204800002,1.0387033592759882,SHORT,-0.00018437,34396.517042,-6.587130392786728,mark_candle_open
ADAUSDT,1623960000000,1624204800000,1624204800002,25399.50198838119,SHORT,-0.00020512,1.37067614,-7.141148464349317,mark_candle_open
LINKUSDT,1624032000000,1624204800000,1624204800002,126.22802076956532,SHORT,0.0001,20.10716553,0.2538087708137928,mark_candle_open
BNBUSDT,1624190400000,1624204800000,1624204800002,238.30605551968853,SHORT,-0.00040332,323.66409678,-31.108520985994197,mark_candle_open
DOGEUSDT,1625486400000,1625500800000,1625500800009,290671.65799554886,SHORT,-0.00032559,0.23119,-21.879771923458133,mark_candle_open
BTCUSDT,1625745600000,1625760000000,1625760000003,2.756878977340791,SHORT,-0.0002808,32874.88359663,-25.44948679199702,mark_candle_open
XRPUSDT,1625745600000,1625760000000,1625760000003,122390.01253566176,SHORT,2.703e-05,0.6281,2.0778817005947365,mark_candle_open
DOGEUSDT,1625745600000,1625760000000,1625760000003,299623.6339596537,SHORT,0.0001,0.21448445,6.426461033683764,mark_candle_open
BTCUSDT,1625745600000,1625788800000,1625788800000,2.756878977340791,SHORT,-0.00010885,32855.2634305,-9.859413672315785,mark_candle_open
XRPUSDT,1625745600000,1625788800000,1625788800000,122390.01253566176,SHORT,0.0001,0.62146357,7.606093412275712,mark_candle_open
DOGEUSDT,1625745600000,1625788800000,1625788800000,299623.6339596537,SHORT,0.0001,0.20692,6.199812233893153,mark_candle_open
BTCUSDT,1625745600000,1625817600000,1625817600006,2.756878977340791,SHORT,-0.00017364,32881.61,-15.740573543954614,mark_candle_open
ADAUSDT,1625803200000,1625817600000,1625817600006,37246.99714899268,SHORT,-4.684e-05,1.3316,-2.323175069744561,mark_candle_open
ETHUSDT,1626120000000,1626134400000,1626134400000,37.73375530638416,SHORT,0.0001,2031.36780833,7.66511358167901,mark_candle_open
SOLUSDT,1626120000000,1626134400000,1626134400000,2058.72144439176,SHORT,0.0001,30.76097592,6.332828077692255,mark_candle_open
ADAUSDT,1626120000000,1626134400000,1626134400000,75343.20480180238,SHORT,-5.49e-05,1.31168367,-5.425572180981038,mark_candle_open
ETHUSDT,1626120000000,1626163200000,1626163200013,37.73375530638416,SHORT,-1.436e-05,2026.84354717,-1.098258808988476,mark_candle_open
SOLUSDT,1626120000000,1626163200000,1626163200013,2058.72144439176,SHORT,0.0001,30.492,6.2774534282393555,mark_candle_open
ADAUSDT,1626120000000,1626163200000,1626163200013,75343.20480180238,SHORT,0.0001,1.31372281,9.898008672662932,mark_candle_open
ETHUSDT,1626120000000,1626192000000,1626192000005,37.73375530638416,SHORT,0.0001,1997.79,7.538411901354122,mark_candle_open
SOLUSDT,1626120000000,1626192000000,1626192000005,2058.72144439176,SHORT,0.0001,30.223,6.222073821385217,mark_candle_open
ADAUSDT,1626120000000,1626192000000,1626192000005,75343.20480180238,SHORT,0.0001,1.2882,9.705711642568183,mark_candle_open
ETHUSDT,1626120000000,1626220800000,1626220800000,37.73375530638416,SHORT,0.0001,1940.37084853,7.321747880207203,mark_candle_open
SOLUSDT,1626120000000,1626220800000,1626220800000,2058.72144439176,SHORT,0.0001,29.13867714,5.998841948932596,mark_candle_open
ADAUSDT,1626120000000,1626220800000,1626220800000,75343.20480180238,SHORT,0.0001,1.2644,9.526394815139893,mark_candle_open
BTCUSDT,1626206400000,1626220800000,1626220800000,0.9655740221845498,SHORT,0.0001,32713.52540935,3.158733030934255,mark_candle_open
ETHUSDT,1626120000000,1626249600000,1626249600000,18.86687765319208,SHORT,0.0001,1898.0,3.5809333785758573,mark_candle_open
SOLUSDT,1626120000000,1626249600000,1626249600000,1029.36072219588,SHORT,0.0001,28.082,2.890650780070471,mark_candle_open
ADAUSDT,1626120000000,1626249600000,1626249600000,37671.60240090119,SHORT,-4.811e-05,1.2204,-2.2118295179555774,mark_candle_open
BTCUSDT,1626206400000,1626249600000,1626249600000,0.9655740221845498,SHORT,1.317e-05,31910.38,0.4057918533327127,mark_candle_open
BNBUSDT,1626235200000,1626249600000,1626249600000,290.41140667485354,SHORT,0.0,295.17,0.0,mark_candle_open
XRPUSDT,1626235200000,1626249600000,1626249600000,62594.21781049087,SHORT,0.0001,0.60001472,3.7557452073180695,mark_candle_open
BTCUSDT,1626710400000,1626739200000,1626739200002,3.753683230238485,SHORT,-0.00015687,30823.63,-18.150195176500524,mark_candle_open
BNBUSDT,1626724800000,1626739200000,1626739200002,276.4090162893118,SHORT,-0.00014526,280.2,-11.250358872473159,mark_candle_open
BCHUSDT,1626724800000,1626739200000,1626739200002,202.67992108491032,SHORT,0.0001,414.63,8.403717567943637,mark_candle_open
BTCUSDT,1626710400000,1626768000000,1626768000011,1.8768416151192424,SHORT,-0.00012569,29800.79904375,-7.030015128207756,mark_candle_open
BNBUSDT,1626724800000,1626768000000,1626768000011,138.2045081446559,SHORT,-0.00113106,266.61188476,-41.676127552878995,mark_candle_open
BCHUSDT,1626724800000,1626768000000,1626768000011,101.33996054245516,SHORT,1.106e-05,395.46927622,0.44324985977764236,mark_candle_open
BTCUSDT,1626710400000,1626796800000,1626796800001,1.8768416151192424,SHORT,-0.00018939,29864.3760187,-10.61544277780831,mark_candle_open
BNBUSDT,1626724800000,1626796800000,1626796800001,138.2045081446559,SHORT,-0.00051948,269.23,-19.32922728259012,mark_candle_open
BCHUSDT,1626724800000,1626796800000,1626796800001,101.33996054245516,SHORT,2.729e-05,402.99,1.1144960561758193,mark_candle_open
BTCUSDT,1626710400000,1626825600000,1626825600022,1.8768416151192424,SHORT,-0.00022869,29772.98,-12.77900690021612,mark_candle_open
BNBUSDT,1626724800000,1626825600000,1626825600022,138.2045081446559,SHORT,-0.00024253,264.19324258,-8.855424438797714,mark_candle_open
BCHUSDT,1626724800000,1626825600000,1626825600022,101.33996054245516,SHORT,-2.82e-05,398.29179635,-1.138233072927091,mark_candle_open
DOGEUSDT,1627977600000,1628006400000,1628006400009,214442.74219363258,SHORT,0.0001,0.19639,4.2114410139407505,mark_candle_open
DOGEUSDT,1627977600000,1628035200000,1628035200000,214442.74219363258,SHORT,0.0001,0.1962813,4.209110021333106,mark_candle_open
DOGEUSDT,1627977600000,1628064000000,1628064000000,214442.74219363258,SHORT,0.0001,0.19567884,4.196190703886908,mark_candle_open
DOGEUSDT,1627977600000,1628092800000,1628092800003,214442.74219363258,SHORT,0.0001,0.20020173,4.2931807973109235,mark_candle_open
SOLUSDT,1628164800000,1628179200000,1628179200001,1198.1541473076927,LONG,0.00010194,36.736,-4.486928933615201,mark_candle_open
SOLUSDT,1628164800000,1628208000000,1628208000000,1198.1541473076927,LONG,0.0001,37.38460257,-4.479251661469533,mark_candle_open
SOLUSDT,1628164800000,1628236800000,1628236800004,1198.1541473076927,LONG,0.0001,37.02995295,-4.436759170165123,mark_candle_open
SOLUSDT,1628164800000,1628265600000,1628265600003,1198.1541473076927,LONG,0.0001,39.68791998,-4.755224592205284,mark_candle_open
SOLUSDT,1628164800000,1628294400000,1628294400015,1198.1541473076927,LONG,0.00017964,39.53284558,-8.508907800140127,mark_candle_open
SOLUSDT,1628164800000,1628323200000,1628323200001,1198.1541473076927,LONG,0.00013994,39.488,-6.6209407729859295,mark_candle_open
SOLUSDT,1628164800000,1628352000000,1628352000002,1198.1541473076927,LONG,0.00057549,38.56651597,-26.592605086799487,mark_candle_open
SOLUSDT,1628164800000,1628380800000,1628380800000,1198.1541473076927,LONG,0.00031014,39.489,-14.6739357754176,mark_candle_open
SOLUSDT,1628164800000,1628409600000,1628409600002,1198.1541473076927,LONG,0.00022565,38.79450636,-10.48861787394464,mark_candle_open
SOLUSDT,1628683200000,1628697600000,1628697600000,1127.228964758837,LONG,0.00041409,42.6202139,-19.894018037774348,mark_candle_open
SOLUSDT,1628683200000,1628726400000,1628726400013,1127.228964758837,LONG,0.00028542,41.675,-13.408251577487146,mark_candle_open
ETHUSDT,1630440000000,1630454400000,1630454400000,18.37304090815958,LONG,0.0001,3430.49,-6.302853310503236,mark_candle_open
ETHUSDT,1630440000000,1630483200000,1630483200006,18.37304090815958,LONG,0.0001,3518.24492236,-6.4640857883445015,mark_candle_open
ETHUSDT,1630440000000,1630512000000,1630512000000,18.37304090815958,LONG,0.0001,3581.23,-6.579808529152833,mark_candle_open
ETHUSDT,1630440000000,1630540800000,1630540800009,18.37304090815958,LONG,0.00025742,3831.91,-18.123356283359428,mark_candle_open
ETHUSDT,1630440000000,1630569600000,1630569600006,18.37304090815958,LONG,0.00079808,3736.65,-54.7910836908254,mark_candle_open
ETHUSDT,1630440000000,1630598400000,1630598400007,18.37304090815958,LONG,0.0002889,3759.68,-19.95627435817518,mark_candle_open
ETHUSDT,1630440000000,1630627200000,1630627200011,18.37304090815958,LONG,0.00027417,3788.5917084,-19.084411772888053,mark_candle_open
ETHUSDT,1630440000000,1630656000000,1630656000000,18.37304090815958,LONG,0.00037778,3799.7201693,-26.373733802516583,mark_candle_open
ETHUSDT,1630440000000,1630684800000,1630684800002,18.37304090815958,LONG,0.00065309,3971.59,-47.656098474604335,mark_candle_open
ETHUSDT,1630440000000,1630713600000,1630713600003,18.37304090815958,LONG,0.00076883,3942.25435775,-55.68727994600476,mark_candle_open
ETHUSDT,1630440000000,1630742400000,1630742400008,18.37304090815958,LONG,0.0007142,3919.14957091,-51.42718184862751,mark_candle_open
ETHUSDT,1630440000000,1630771200000,1630771200009,18.37304090815958,LONG,0.0007567,3921.93249429,-54.52615705272231,mark_candle_open
ETHUSDT,1630440000000,1630800000000,1630800000002,18.37304090815958,LONG,0.00070354,3888.94,-50.26909645069588,mark_candle_open
BTCUSDT,1630958400000,1630972800000,1630972800004,2.174035155236432,LONG,0.0001,52684.01,-11.453688985882776,mark_candle_open
BTCUSDT,1630958400000,1631001600000,1631001600002,2.174035155236432,LONG,0.0001,52374.48642478,-11.386397472492499,mark_candle_open
DOGEUSDT,1632052800000,1632067200000,1632067200007,400550.6988233591,SHORT,0.0001,0.23770508,9.521293590786248,mark_candle_open
DOGEUSDT,1632052800000,1632096000000,1632096000018,400550.6988233591,SHORT,0.0001,0.23302858,9.333976056481506,mark_candle_open
BCHUSDT,1632081600000,1632096000000,1632096000018,171.52676739110558,SHORT,0.0001,608.786565,10.442319152558518,mark_candle_open
DOGEUSDT,1632052800000,1632124800000,1632124800000,200275.34941167955,SHORT,0.0001,0.21790975,4.3641951321461745,mark_candle_open
BCHUSDT,1632081600000,1632124800000,1632124800000,85.76338369555279,SHORT,0.0001,569.29913657,4.8825020287199825,mark_candle_open
XRPUSDT,1632110400000,1632124800000,1632124800000,95301.99636055891,SHORT,0.0001,0.95801416,9.13006619896839,mark_candle_open
DOGEUSDT,1632052800000,1632153600000,1632153600005,200275.34941167955,SHORT,0.0001,0.21398727,4.285637526890142,mark_candle_open
BCHUSDT,1632081600000,1632153600000,1632153600005,85.76338369555279,SHORT,0.0001,550.70618474,4.72304258253706,mark_candle_open
XRPUSDT,1632110400000,1632153600000,1632153600005,47650.99818027946,SHORT,0.0001,0.9343,4.45203275998351,mark_candle_open
BNBUSDT,1632124800000,1632153600000,1632153600005,127.2900424512634,SHORT,0.0,371.22145913,0.0,mark_candle_open
BCHUSDT,1632081600000,1632182400000,1632182400005,85.76338369555279,SHORT,0.0001,542.42664996,4.652034490721278,mark_candle_open
BNBUSDT,1632124800000,1632182400000,1632182400005,127.2900424512634,SHORT,0.0,364.06477217,0.0,mark_candle_open
BCHUSDT,1632081600000,1632211200000,1632211200007,85.76338369555279,SHORT,0.0001,543.36621885,4.660092551443427,mark_candle_open
SOLUSDT,1633161600000,1633190400000,1633190400011,293.9319504428123,LONG,0.0001,170.47342005,-5.010758485395333,mark_candle_open
SOLUSDT,1633161600000,1633219200000,1633219200019,293.9319504428123,LONG,0.0001,168.90427027,-4.964636159858102,mark_candle_open
SOLUSDT,1633161600000,1633248000000,1633248000011,293.9319504428123,LONG,0.0001,171.69252233,-5.046591796490301,mark_candle_open
SOLUSDT,1633161600000,1633276800000,1633276800004,293.9319504428123,LONG,0.0001,172.626,-5.074029687714092,mark_candle_open
SOLUSDT,1633161600000,1633305600000,1633305600004,293.9319504428123,LONG,0.0001,173.02785568,-5.0858415100959835,mark_candle_open
SOLUSDT,1633161600000,1633334400000,1633334400000,293.9319504428123,LONG,0.0001,169.75919908,-4.989765249119407,mark_candle_open
SOLUSDT,1633161600000,1633363200000,1633363200000,293.9319504428123,LONG,0.0001,166.49993503,-4.893965065196943,mark_candle_open
SOLUSDT,1633161600000,1633392000000,1633392000007,293.9319504428123,LONG,0.0001,167.202,-4.914600997793911,mark_candle_open
BTCUSDT,1633968000000,1633996800000,1633996800008,1.4888529051552997,LONG,0.0001,57500.01,-8.56090569349588,mark_candle_open
SOLUSDT,1633982400000,1633996800000,1633996800008,263.5157806731273,SHORT,0.0001,144.89353052,3.8181731809463404,mark_candle_open
ADAUSDT,1633982400000,1633996800000,1633996800008,29136.320187251855,SHORT,0.0001,2.17080874,6.324937851392477,mark_candle_open
LINKUSDT,1633982400000,1633996800000,1633996800008,1754.1206631657283,SHORT,0.0001,25.22207895,4.424256985419236,mark_candle_open
BTCUSDT,1633968000000,1634025600000,1634025600013,1.4888529051552997,LONG,0.0001,57346.09374149,-8.537989826632554,mark_candle_open
SOLUSDT,1633982400000,1634025600000,1634025600013,263.5157806731273,SHORT,0.0001,143.448,3.7800811705998774,mark_candle_open
ADAUSDT,1633982400000,1634025600000,1634025600013,29136.320187251855,SHORT,0.0001,2.1162,6.165828078026238,mark_candle_open
LINKUSDT,1633982400000,1634025600000,1634025600013,1754.1206631657283,SHORT,0.0001,24.347,4.270757578609599,mark_candle_open
BTCUSDT,1633968000000,1634054400000,1634054400003,1.4888529051552997,LONG,0.0001,56351.48075302,-8.389906582893678,mark_candle_open
SOLUSDT,1633982400000,1634054400000,1634054400003,263.5157806731273,SHORT,0.0001,143.57172216,3.783341444757774,mark_candle_open
ADAUSDT,1633982400000,1634054400000,1634054400003,29136.320187251855,SHORT,0.0001,2.13477383,6.219945383824596,mark_candle_open
LINKUSDT,1633982400000,1634054400000,1634054400003,877.0603315828641,SHORT,0.0001,24.742,2.1700226724023226,mark_candle_open
ADAUSDT,1633982400000,1634083200000,1634083200003,29136.320187251855,SHORT,0.0001,2.12,6.176899879697394,mark_candle_open
LINKUSDT,1633982400000,1634083200000,1634083200003,877.0603315828641,SHORT,0.0001,24.655,2.162392247517552,mark_candle_open
ADAUSDT,1633982400000,1634112000000,1634112000015,29136.320187251855,SHORT,0.0001,2.08644062,6.079120195600828,mark_candle_open
ADAUSDT,1633982400000,1634140800000,1634140800000,29136.320187251855,SHORT,0.0001,2.11592932,6.165039416111409,mark_candle_open
ADAUSDT,1635336000000,1635350400000,1635350400002,22631.09631949208,SHORT,0.0001,1.96678254,4.451044510223529,mark_candle_open
ADAUSDT,1635336000000,1635379200000,1635379200002,22631.09631949208,SHORT,0.0001,1.91095306,4.324696276288813,mark_candle_open
ADAUSDT,1635336000000,1635408000000,1635408000000,22631.09631949208,SHORT,0.0001,1.94217214,4.395348476937406,mark_candle_open
ETHUSDT,1636372800000,1636387200000,1636387200000,23.016031190894424,LONG,0.00023,4767.0,-25.235006758008556,mark_candle_open
ETHUSDT,1636372800000,1636416000000,1636416000000,23.016031190894424,LONG,0.0001,4814.00475065,-11.079928349407432,mark_candle_open
BTCUSDT,1636387200000,1636416000000,1636416000000,1.6380068343669618,LONG,0.00038683,67606.95,-42.837804150477396,mark_candle_open
ETHUSDT,1636372800000,1636444800000,1636444800014,23.016031190894424,LONG,0.0001,4785.07,-11.013332037061318,mark_candle_open
BTCUSDT,1636387200000,1636444800000,1636444800014,1.6380068343669618,LONG,0.00039251,67895.48,-43.652316785683084,mark_candle_open
ETHUSDT,1636372800000,1636473600000,1636473600001,23.016031190894424,LONG,0.0001,4792.2,-11.029742467300425,mark_candle_open
BTCUSDT,1636387200000,1636473600000,1636473600001,1.6380068343669618,LONG,0.00067839,66860.50237258,-74.2958887728011,mark_candle_open
ETHUSDT,1636372800000,1636502400000,1636502400000,23.016031190894424,LONG,0.00021036,4734.99,-22.925175324910658,mark_candle_open
BTCUSDT,1636387200000,1636502400000,1636502400000,1.6380068343669618,LONG,0.00037679,66998.50741577,-41.35044667312187,mark_candle_open
BTCUSDT,1636387200000,1636531200000,1636531200003,1.6380068343669618,LONG,0.00068212,66504.39,-74.30650027618702,mark_candle_open
BTCUSDT,1636387200000,1636560000000,1636560000001,1.6380068343669618,LONG,0.00057535,68393.1610168,-64.45557743525943,mark_candle_open
BTCUSDT,1636977600000,1636992000000,1636992000000,1.6475292193939786,LONG,0.00040989,64345.28,-43.45273768115335,mark_candle_open
ADAUSDT,1637035200000,1637049600000,1637049600001,55226.12426421627,SHORT,0.0001,1.94613691,10.74775988268379,mark_candle_open
XRPUSDT,1637928000000,1637942400000,1637942400016,81511.11592541478,SHORT,0.0001,0.94661754,7.715985203997097,mark_candle_open
XRPUSDT,1637928000000,1637971200000,1637971200005,81511.11592541478,SHORT,0.0001,0.93949718,7.657946355058027,mark_candle_open
XRPUSDT,1637928000000,1638000000000,1638000000008,81511.11592541478,SHORT,0.0001,0.94688303,7.7181492426138,mark_candle_open
BCHUSDT,1638504000000,1638518400000,1638518400002,211.63501650100565,SHORT,0.0001,558.98,11.829974152373214,mark_candle_open
BNBUSDT,1639411200000,1639440000000,1639440000004,161.40789140240273,SHORT,-0.00035707,520.85,-30.01862503560469,mark_candle_open
DOGEUSDT,1639411200000,1639440000000,1639440000004,468416.74881480576,SHORT,-0.00019515,0.15723481,-14.37307432041428,mark_candle_open
SOLUSDT,1639425600000,1639440000000,1639440000004,377.2230647121623,SHORT,-0.00012513,155.13379775,-7.322613434523068,mark_candle_open
BNBUSDT,1639411200000,1639468800000,1639468800000,161.40789140240273,SHORT,-0.00016492,529.46,-14.093901938241613,mark_candle_open
DOGEUSDT,1639411200000,1639468800000,1639468800000,468416.74881480576,SHORT,7.746e-05,0.15988579,5.801225872567885,mark_candle_open
SOLUSDT,1639425600000,1639468800000,1639468800000,377.2230647121623,SHORT,0.0001,154.69513887,5.8354574380614945,mark_candle_open
BNBUSDT,1639411200000,1639497600000,1639497600015,161.40789140240273,SHORT,0.0,517.96,0.0,mark_candle_open
BNBUSDT,1639411200000,1639526400000,1639526400000,161.40789140240273,SHORT,0.0,528.07,0.0,mark_candle_open
BNBUSDT,1639411200000,1639555200000,1639555200008,161.40789140240273,SHORT,0.0,532.07591193,0.0,mark_candle_open
BNBUSDT,1639411200000,1639584000000,1639584000005,161.40789140240273,SHORT,0.0,502.6678074,0.0,mark_candle_open
BNBUSDT,1640001600000,1640016000000,1640016000005,212.2402380378657,SHORT,0.0,511.71,0.0,mark_candle_open
DOGEUSDT,1640001600000,1640016000000,1640016000005,461738.8301198902,SHORT,1.99e-05,0.16236,1.4918615375194808,mark_candle_open
ETHUSDT,1640664000000,1640678400000,1640678400012,35.260323447072125,SHORT,2.254e-05,3915.12896781,3.11161800774428,mark_candle_open
DOGEUSDT,1640664000000,1640678400000,1640678400012,469746.42862784263,SHORT,0.0001,0.18141044,8.521690630580554,mark_candle_open
ETHUSDT,1640664000000,1640707200000,1640707200000,35.260323447072125,SHORT,4.226e-05,3896.46212333,5.806123154090661,mark_candle_open
DOGEUSDT,1640664000000,1640707200000,1640707200000,469746.42862784263,SHORT,0.0001,0.17845461,8.38284157196745,mark_candle_open
BTCUSDT,1640678400000,1640707200000,1640707200000,2.6294196961452085,SHORT,0.0001,48927.4304635,12.8650749342502,mark_candle_open
ETHUSDT,1640664000000,1640736000000,1640736000006,17.630161723536062,SHORT,8.064e-05,3791.99,5.391057930373101,mark_candle_open
DOGEUSDT,1640664000000,1640736000000,1640736000006,234873.21431392131,SHORT,6.869e-05,0.17374507,2.8031058517354603,mark_candle_open
BTCUSDT,1640678400000,1640736000000,1640736000006,1.3147098480726043,SHORT,0.0001,47522.03,6.247768084140175,mark_candle_open
SOLUSDT,1640721600000,1640736000000,1640736000006,415.1585349524426,SHORT,0.0001,177.21,7.3570243978922365,mark_candle_open
XRPUSDT,1640721600000,1640736000000,1640736000006,63933.49594085713,SHORT,0.0001,0.8514,5.443297844404577,mark_candle_open
ETHUSDT,1640664000000,1640764800000,1640764800003,17.630161723536062,SHORT,0.0001,3795.5,6.6915278821681135,mark_candle_open
DOGEUSDT,1640664000000,1640764800000,1640764800003,234873.21431392131,SHORT,0.0001,0.17516,4.114039221922646,mark_candle_open
BTCUSDT,1640678400000,1640764800000,1640764800003,1.3147098480726043,SHORT,0.0001,47563.57810943,6.253230455003816,mark_candle_open
SOLUSDT,1640721600000,1640764800000,1640764800003,415.1585349524426,SHORT,0.0001,176.41888656,7.324180648219078,mark_candle_open
XRPUSDT,1640721600000,1640764800000,1640764800003,63933.49594085713,SHORT,0.0001,0.8397,5.368495654153773,mark_candle_open
ETHUSDT,1640664000000,1640793600000,1640793600004,17.630161723536062,SHORT,6.859e-05,3792.86643672,4.5865343306282345,mark_candle_open
DOGEUSDT,1640664000000,1640793600000,1640793600004,234873.21431392131,SHORT,0.0001,0.17261,4.054146552272597,mark_candle_open
BTCUSDT,1640678400000,1640793600000,1640793600004,1.3147098480726043,SHORT,0.0001,47942.0500028,6.30298852754704,mark_candle_open
SOLUSDT,1640721600000,1640793600000,1640793600004,415.1585349524426,SHORT,0.0001,176.33521988,7.320707154589764,mark_candle_open
XRPUSDT,1640721600000,1640793600000,1640793600004,31966.747970428565,SHORT,0.0001,0.84367442,2.69695275532375,mark_candle_open
ETHUSDT,1640664000000,1640822400000,1640822400003,17.630161723536062,SHORT,9.232e-05,3628.32,5.905513609279231,mark_candle_open
DOGEUSDT,1640664000000,1640822400000,1640822400003,234873.21431392131,SHORT,0.0001,0.16789,3.9432863951164254,mark_candle_open
BTCUSDT,1640678400000,1640822400000,1640822400003,1.3147098480726043,SHORT,0.0001,46440.79453232,6.1056169923957455,mark_candle_open
SOLUSDT,1640721600000,1640822400000,1640822400003,415.1585349524426,SHORT,0.0001,170.63146133,7.083910750255717,mark_candle_open
XRPUSDT,1640721600000,1640822400000,1640822400003,31966.747970428565,SHORT,0.0001,0.8169,2.6113636417043096,mark_candle_open
ETHUSDT,1640664000000,1640851200000,1640851200001,17.630161723536062,SHORT,-7.64e-06,3707.33966955,-0.4993580242482089,mark_candle_open
DOGEUSDT,1640664000000,1640851200000,1640851200001,234873.21431392131,SHORT,0.0001,0.17306,4.064715846916722,mark_candle_open
BTCUSDT,1640678400000,1640851200000,1640851200001,1.3147098480726043,SHORT,0.0001,46965.87888765,6.174650349697866,mark_candle_open
SOLUSDT,1640721600000,1640851200000,1640851200001,207.5792674762213,SHORT,0.0001,173.70483089,3.6057521553227105,mark_candle_open
XRPUSDT,1640721600000,1640851200000,1640851200001,31966.747970428565,SHORT,0.0001,0.83193855,2.6594369954733788,mark_candle_open
BTCUSDT,1640678400000,1640880000000,1640880000017,1.3147098480726043,SHORT,0.0001,47134.11802232,6.196768914416053,mark_candle_open
SOLUSDT,1640721600000,1640880000000,1640880000017,207.5792674762213,SHORT,0.0001,173.73014799,3.6062776858299723,mark_candle_open
SOLUSDT,1640721600000,1640908800000,1640908800006,207.5792674762213,SHORT,0.0001,172.48,3.580327205429865,mark_candle_open
SOLUSDT,1640721600000,1640937600000,1640937600009,207.5792674762213,SHORT,0.0001,172.53315285,3.5814305483965927,mark_candle_open
BTCUSDT,1641326400000,1641340800000,1641340800001,3.07387794381677,SHORT,0.0001,45837.60730735,14.089921009939758,mark_candle_open
BTCUSDT,1641326400000,1641369600000,1641369600017,3.07387794381677,SHORT,0.0001,46401.08100908,14.263125948306621,mark_candle_open
LTCUSDT,1641340800000,1641369600000,1641369600017,910.2560196900664,SHORT,0.0001,148.46392202,13.514017872550161,mark_candle_open
ETHUSDT,1641412800000,1641427200000,1641427200002,16.581047907939666,SHORT,5.376e-05,3537.58,3.1533886787111762,mark_candle_open
XRPUSDT,1641412800000,1641427200000,1641427200002,75618.72439387241,SHORT,4.587e-05,0.7717,2.676742456228644,mark_candle_open
ADAUSDT,1641412800000,1641427200000,1641427200002,71529.28192976296,SHORT,0.0001,1.2293122,8.793181893349717,mark_candle_open
ETHUSDT,1641412800000,1641456000000,1641456000021,16.581047907939666,SHORT,0.0001,3453.06524857,5.725544031578077,mark_candle_open
ADAUSDT,1641412800000,1641456000000,1641456000021,71529.28192976296,SHORT,0.0001,1.22230957,8.743092583797734,mark_candle_open
DOGEUSDT,1641427200000,1641456000000,1641456000021,564466.18017238,SHORT,-6.991e-05,0.15778399,-6.226445093584501,mark_candle_open
LTCUSDT,1641427200000,1641456000000,1641456000021,110.04205857386172,SHORT,6.87e-05,136.71167039,1.0335251111220571,mark_candle_open
XRPUSDT,1641441600000,1641456000000,1641456000021,70130.46124879042,SHORT,1.015e-05,0.7617,0.5421964791820172,mark_candle_open
ETHUSDT,1641412800000,1641484800000,1641484800006,16.581047907939666,SHORT,4.332e-05,3394.89335986,2.4385213306354507,mark_candle_open
ADAUSDT,1641412800000,1641484800000,1641484800006,35764.64096488148,SHORT,0.0001,1.23206611,4.406440206914818,mark_candle_open
DOGEUSDT,1641427200000,1641484800000,1641484800006,564466.18017238,SHORT,8.787e-05,0.15770333,7.822028907612534,mark_candle_open
LTCUSDT,1641427200000,1641484800000,1641484800006,110.04205857386172,SHORT,0.0001,135.11716057,1.4868570497777822,mark_candle_open
XRPUSDT,1641441600000,1641484800000,1641484800006,70130.46124879042,SHORT,0.0001,0.76191221,5.3433254718385275,mark_candle_open
ETHUSDT,1641412800000,1641513600000,1641513600005,16.581047907939666,SHORT,1.935e-05,3405.29685576,1.092566602423284,mark_candle_open
DOGEUSDT,1641427200000,1641513600000,1641513600005,564466.18017238,SHORT,-2.463e-05,0.15992795,-2.2234466259379437,mark_candle_open
LTCUSDT,1641427200000,1641513600000,1641513600005,110.04205857386172,SHORT,0.0001,135.89488537,1.4954152935773763,mark_candle_open
ETHUSDT,1641412800000,1641542400000,1641542400000,16.581047907939666,SHORT,0.0001,3201.72430112,5.3087944024885365,mark_candle_open
DOGEUSDT,1641427200000,1641542400000,1641542400000,282233.09008619,SHORT,-0.00014537,0.15362065,-6.302782486207317,mark_candle_open
LTCUSDT,1641427200000,1641542400000,1641542400000,55.02102928693086,SHORT,0.0001,130.14,0.7160436751401182,mark_candle_open
ETHUSDT,1641412800000,1641571200000,1641571200001,16.581047907939666,SHORT,0.0001,3131.97,5.1931344616229795,mark_candle_open
DOGEUSDT,1641427200000,1641571200000,1641571200001,282233.09008619,SHORT,-9.159e-05,0.15233,-3.937689176069037,mark_candle_open
ETHUSDT,1641412800000,1641600000000,1641600000014,16.581047907939666,SHORT,0.0001,3196.58,5.300264612156178,mark_candle_open
DOGEUSDT,1641427200000,1641600000000,1641600000014,282233.09008619,SHORT,0.0001,0.15505158,4.37606865461461,mark_candle_open
ETHUSDT,1641412800000,1641628800000,1641628800013,16.581047907939666,SHORT,0.0001,3215.32952667,5.331353292152825,mark_candle_open
DOGEUSDT,1641427200000,1641628800000,1641628800013,282233.09008619,SHORT,0.0001,0.15698,4.430495048173011,mark_candle_open
DOGEUSDT,1641427200000,1641657600000,1641657600000,282233.09008619,SHORT,-2.39e-05,0.1531062,-1.032758098902766,mark_candle_open
XRPUSDT,1642435200000,1642464000000,1642464000020,211659.75687729637,SHORT,0.0001,0.76156918,16.119354748404195,mark_candle_open
SOLUSDT,1642449600000,1642464000000,1642464000020,775.1699069164846,SHORT,0.0001,139.74,10.832224279250957,mark_candle_open
XRPUSDT,1642435200000,1642492800000,1642492800000,211659.75687729637,SHORT,0.0001,0.75640126,16.009970679328063,mark_candle_open
SOLUSDT,1642449600000,1642492800000,1642492800000,775.1699069164846,SHORT,0.0001,140.1622698,10.86495736340692,mark_candle_open
BTCUSDT,1642478400000,1642492800000,1642492800000,4.455504605699484,SHORT,9.998e-05,42042.1665092,18.72816027020221,mark_candle_open
XRPUSDT,1642435200000,1642521600000,1642521600013,211659.75687729637,SHORT,0.0001,0.74324003,15.731400405127449,mark_candle_open
SOLUSDT,1642449600000,1642521600000,1642521600013,775.1699069164846,SHORT,0.0001,136.60739654,10.589394286001511,mark_candle_open
BTCUSDT,1642478400000,1642521600000,1642521600013,4.455504605699484,SHORT,0.0001,41575.6,18.524027728471946,mark_candle_open
XRPUSDT,1642435200000,1642550400000,1642550400001,211659.75687729637,SHORT,0.0001,0.75047902,15.884620691471163,mark_candle_open
XRPUSDT,1642435200000,1642579200000,1642579200000,105829.87843864819,SHORT,1.727e-05,0.72809428,1.3307248103216303,mark_candle_open
XRPUSDT,1642435200000,1642608000000,1642608000000,105829.87843864819,SHORT,9.765e-05,0.73842439,7.631090038923187,mark_candle_open
XRPUSDT,1642435200000,1642636800000,1642636800015,105829.87843864819,SHORT,0.0001,0.7378024,7.808153830374288,mark_candle_open
XRPUSDT,1642435200000,1642665600000,1642665600000,105829.87843864819,SHORT,0.0001,0.7454,7.888559138816835,mark_candle_open
AVAXUSDT,1642737600000,1642752000000,1642752000015,988.4299860572378,SHORT,-0.00010046,76.41250647,-7.58758434031825,mark_candle_open
AVAXUSDT,1642737600000,1642780800000,1642780800000,988.4299860572378,SHORT,0.0001,74.076,7.321893964717594,mark_candle_open
AVAXUSDT,1642737600000,1642809600000,1642809600017,494.2149930286189,SHORT,0.0001,66.04748301,3.2641656355344972,mark_candle_open
AVAXUSDT,1642737600000,1642838400000,1642838400003,494.2149930286189,SHORT,0.0001,59.04333704,2.9180102403609998,mark_candle_open
DOGEUSDT,1643601600000,1643616000000,1643616000000,848229.3930464261,SHORT,-0.00015712,0.13725,-18.291829356816127,mark_candle_open
DOGEUSDT,1643601600000,1643644800000,1643644800000,848229.3930464261,SHORT,-0.00013889,0.1399641,-16.48925185619417,mark_candle_open
LINKUSDT,1644537600000,1644566400000,1644566400009,2533.140104331783,SHORT,7.324e-05,17.483,3.243571709640945,mark_candle_open
LINKUSDT,1644537600000,1644595200000,1644595200015,2533.140104331783,SHORT,1.573e-05,17.693,0.7050004769312714,mark_candle_open
LINKUSDT,1644537600000,1644624000000,1644624000020,1266.5700521658914,SHORT,0.0001,16.19267239,2.050915391370749,mark_candle_open
LINKUSDT,1644537600000,1644652800000,1644652800001,1266.5700521658914,SHORT,0.0001,15.89516922,2.0132345308161073,mark_candle_open
LINKUSDT,1644537600000,1644681600000,1644681600007,1266.5700521658914,SHORT,0.0001,15.847,2.0071335616672883,mark_candle_open
LINKUSDT,1644537600000,1644710400000,1644710400022,1266.5700521658914,SHORT,5.313e-05,15.952,1.0734558123353455,mark_candle_open
LINKUSDT,1644537600000,1644739200000,1644739200001,1266.5700521658914,SHORT,2.652e-05,16.16599227,0.543006591560728,mark_candle_open
LINKUSDT,1644537600000,1644768000000,1644768000007,1266.5700521658914,SHORT,6.62e-06,16.05521146,0.1346180311087442,mark_candle_open
LINKUSDT,1644537600000,1644796800000,1644796800005,1266.5700521658914,SHORT,4.573e-05,15.601,0.9036137966230064,mark_candle_open
LINKUSDT,1644537600000,1644825600000,1644825600013,1266.5700521658914,SHORT,9.889e-05,15.64982316,1.960157760571693,mark_candle_open
LINKUSDT,1644537600000,1644854400000,1644854400019,1266.5700521658914,SHORT,8.712e-05,15.79,1.742325174696694,mark_candle_open
LINKUSDT,1644537600000,1644883200000,1644883200012,1266.5700521658914,SHORT,0.0001,15.896,2.0133397549229013,mark_candle_open
BCHUSDT,1645142400000,1645171200000,1645171200002,181.09965438090828,SHORT,0.0001,314.57,5.696851827860232,mark_candle_open
BCHUSDT,1645142400000,1645200000000,1645200000000,181.09965438090828,SHORT,3.916e-05,309.49,2.1948605144650406,mark_candle_open
BCHUSDT,1645142400000,1645228800000,1645228800007,181.09965438090828,SHORT,2.273e-05,309.88,1.2755885272469047,mark_candle_open
BCHUSDT,1645142400000,1645257600000,1645257600000,181.09965438090828,SHORT,2.39e-05,314.30212575,1.3603881516337837,mark_candle_open
BCHUSDT,1645142400000,1645286400000,1645286400023,181.09965438090828,SHORT,6.233e-05,311.08951616,3.5115602464753715,mark_candle_open
BCHUSDT,1645142400000,1645315200000,1645315200001,181.09965438090828,SHORT,0.0001,311.82,5.647049422905482,mark_candle_open
BCHUSDT,1645142400000,1645344000000,1645344000003,181.09965438090828,SHORT,3.979e-05,301.36,2.171586673481932,mark_candle_open
BCHUSDT,1645142400000,1645372800000,1645372800001,181.09965438090828,SHORT,0.0001,300.52591465,5.442513927562135,mark_candle_open
BCHUSDT,1645142400000,1645401600000,1645401600000,181.09965438090828,SHORT,2.659e-05,302.51,1.4567186969195762,mark_candle_open
BTCUSDT,1648468800000,1648483200000,1648483200000,2.807191741599919,LONG,0.0001,47408.9,-13.30858725583364,mark_candle_open
ETHUSDT,1648468800000,1648483200000,1648483200000,36.53043711527039,LONG,0.0001,3356.8716789,-12.262798977008858,mark_candle_open
BTCUSDT,1648468800000,1648512000000,1648512000000,2.807191741599919,LONG,0.0001,47119.29103522,-13.227288466411268,mark_candle_open
ETHUSDT,1648468800000,1648512000000,1648512000000,36.53043711527039,LONG,0.0001,3332.58517052,-12.174079300296349,mark_candle_open
BTCUSDT,1648468800000,1648540800000,1648540800015,2.807191741599919,LONG,0.0001,47332.63252185,-13.287177512352105,mark_candle_open
ETHUSDT,1648468800000,1648540800000,1648540800015,36.53043711527039,LONG,0.0001,3386.17,-12.369827024661515,mark_candle_open
BTCUSDT,1648468800000,1648569600000,1648569600000,2.807191741599919,LONG,9.594e-05,47429.4,-12.773779713748421,mark_candle_open
ETHUSDT,1648468800000,1648569600000,1648569600000,36.53043711527039,LONG,8.269e-05,3401.05399164,-10.273570067701435,mark_candle_open
BTCUSDT,1648468800000,1648598400000,1648598400000,2.807191741599919,LONG,0.0001,47418.8860188,-13.311390522784324,mark_candle_open
ETHUSDT,1648468800000,1648598400000,1648598400000,36.53043711527039,LONG,0.0001,3399.39347368,-12.418132952032781,mark_candle_open
BTCUSDT,1648468800000,1648627200000,1648627200002,2.807191741599919,LONG,0.0001,47377.99880444,-13.299912697735483,mark_candle_open
ETHUSDT,1648468800000,1648627200000,1648627200002,36.53043711527039,LONG,0.0001,3407.64744792,-12.448285080725318,mark_candle_open
BTCUSDT,1648468800000,1648656000000,1648656000028,2.807191741599919,LONG,0.0001,47156.10988645,-13.237624223922074,mark_candle_open
ETHUSDT,1648468800000,1648656000000,1648656000028,36.53043711527039,LONG,0.0001,3381.60251474,-12.353141801354978,mark_candle_open
ETHUSDT,1648468800000,1648684800000,1648684800017,36.53043711527039,LONG,0.0001,3385.1,-12.36591826789018,mark_candle_open
ETHUSDT,1648468800000,1648713600000,1648713600000,36.53043711527039,LONG,0.0001,3402.20217546,-12.428393262407765,mark_candle_open
ETHUSDT,1648468800000,1648742400000,1648742400015,36.53043711527039,LONG,0.0001,3349.65,-12.236417868316547,mark_candle_open
AVAXUSDT,1650643200000,1650672000000,1650672000000,1425.4570154804642,SHORT,0.0001,73.98,10.545531000524475,mark_candle_open
AVAXUSDT,1650643200000,1650700800000,1650700800000,1425.4570154804642,SHORT,0.0001,73.99403957,10.547532280879556,mark_candle_open
AVAXUSDT,1650643200000,1650729600000,1650729600012,1425.4570154804642,SHORT,0.0001,74.06,10.556934656648318,mark_candle_open
AVAXUSDT,1650643200000,1650758400000,1650758400004,1425.4570154804642,SHORT,0.0001,72.78,10.37447615866682,mark_candle_open
AVAXUSDT,1650643200000,1650787200000,1650787200003,1425.4570154804642,SHORT,-0.00013078,73.06,-13.619937875480135,mark_candle_open
AVAXUSDT,1650643200000,1650816000000,1650816000000,1425.4570154804642,SHORT,1.02e-05,72.35,1.0519445137141181,mark_candle_open
AVAXUSDT,1650643200000,1650844800000,1650844800008,1425.4570154804642,SHORT,0.0001,71.45870573,10.186131339998255,mark_candle_open
AVAXUSDT,1650643200000,1650873600000,1650873600018,712.7285077402321,SHORT,-4.509e-05,67.78,-2.178241007901399,mark_candle_open
AVAXUSDT,1650643200000,1650902400000,1650902400000,712.7285077402321,SHORT,-0.00017067,69.33866557,-8.43445058010794,mark_candle_open
BCHUSDT,1651003200000,1651017600000,1651017600012,393.19593323545075,SHORT,1.817e-05,295.90928748,2.114085467822681,mark_candle_open
SOLUSDT,1651262400000,1651276800000,1651276800000,1063.5160263677626,SHORT,4.104e-05,93.94,4.1001707840171715,mark_candle_open
SOLUSDT,1651262400000,1651305600000,1651305600005,1063.5160263677626,SHORT,0.0001,93.98221772,9.995159473880431,mark_candle_open
SOLUSDT,1651262400000,1651334400000,1651334400015,1063.5160263677626,SHORT,-1.96e-06,92.20939422,-0.19220969032788054,mark_candle_open
SOLUSDT,1651262400000,1651363200000,1651363200000,531.7580131838813,SHORT,-0.00033407,84.53121354,-15.01649666530512,mark_candle_open
BNBUSDT,1654574400000,1654588800000,1654588800011,398.2190800645285,SHORT,-0.00035567,284.44293208,-40.28695527787126,mark_candle_open
BCHUSDT,1654574400000,1654588800000,1654588800011,489.5079628425503,SHORT,3.128e-05,176.07806195,2.6960736673524694,mark_candle_open
BNBUSDT,1654574400000,1654617600000,1654617600000,398.2190800645285,SHORT,-0.000146,282.44,-16.42105755812011,mark_candle_open
BCHUSDT,1654574400000,1654617600000,1654617600000,489.5079628425503,SHORT,9.44e-06,177.61729496,0.8207615572907143,mark_candle_open
DOGEUSDT,1654876800000,1654905600000,1654905600018,1659026.0471508098,SHORT,-0.00018006,0.07533,-22.5028962496646,mark_candle_open
BCHUSDT,1654891200000,1654905600000,1654905600018,519.3130698472664,SHORT,-0.00013986,167.3,-12.151187371240713,mark_candle_open
AVAXUSDT,1654891200000,1654905600000,1654905600018,2660.9730269587862,SHORT,-0.00012106,22.06,-7.106350925838491,mark_candle_open
DOGEUSDT,1654876800000,1654934400000,1654934400014,1659026.0471508098,SHORT,-1.212e-05,0.07636,-1.5354007350004824,mark_candle_open
BCHUSDT,1654891200000,1654934400000,1654934400014,519.3130698472664,SHORT,2.585e-05,168.83733797,2.2665134279941634,mark_candle_open
AVAXUSDT,1654891200000,1654934400000,1654934400014,2660.9730269587862,SHORT,-0.00014259,22.91,-8.692698777070962,mark_candle_open
DOGEUSDT,1654876800000,1654963200000,1654963200000,829513.0235754049,SHORT,-0.00031777,0.06913483,-18.223550818290004,mark_candle_open
BCHUSDT,1654891200000,1654963200000,1654963200000,259.6565349236332,SHORT,-0.00030895,157.88114016,-12.665365019685876,mark_candle_open
AVAXUSDT,1654891200000,1654963200000,1654963200000,1330.4865134793931,SHORT,-0.00050123,20.03,-13.357601495680063,mark_candle_open
DOGEUSDT,1654876800000,1654992000000,1654992000015,829513.0235754049,SHORT,-0.00025651,0.06984645,-14.861814876292144,mark_candle_open
BCHUSDT,1654891200000,1654992000000,1654992000015,259.6565349236332,SHORT,-7.064e-05,156.52315925,-2.870969328777191,mark_candle_open
AVAXUSDT,1654891200000,1654992000000,1654992000015,1330.4865134793931,SHORT,-0.00033509,19.89,-8.867612916197999,mark_candle_open
DOGEUSDT,1654876800000,1655020800000,1655020800019,829513.0235754049,SHORT,-0.0003303,0.06603,-18.091437655889724,mark_candle_open
BCHUSDT,1654891200000,1655020800000,1655020800019,259.6565349236332,SHORT,-0.00036275,152.80711741,-14.392964740806239,mark_candle_open
AVAXUSDT,1654891200000,1655020800000,1655020800019,1330.4865134793931,SHORT,-0.00044071,18.84192701,-11.048128041038051,mark_candle_open
DOGEUSDT,1654876800000,1655049600000,1655049600010,829513.0235754049,SHORT,-0.00020096,0.06738,-11.232174389729526,mark_candle_open
BCHUSDT,1654891200000,1655049600000,1655049600010,259.6565349236332,SHORT,-0.00011834,154.80175127,-4.756710184869503,mark_candle_open
AVAXUSDT,1654891200000,1655049600000,1655049600010,1330.4865134793931,SHORT,-0.00022681,19.0030794,-5.734514539612431,mark_candle_open
BCHUSDT,1654891200000,1655078400000,1655078400009,259.6565349236332,SHORT,-0.00024265,145.87,-9.190635361520163,mark_candle_open
AVAXUSDT,1654891200000,1655078400000,1655078400009,1330.4865134793931,SHORT,-0.00024702,17.28,-5.679189133511265,mark_candle_open
BCHUSDT,1654891200000,1655107200000,1655107200000,259.6565349236332,SHORT,-0.0002022,136.37,-7.159772929175752,mark_candle_open
AVAXUSDT,1654891200000,1655107200000,1655107200000,1330.4865134793931,SHORT,-0.00057981,15.61,-12.042012705789402,mark_candle_open
BCHUSDT,1654891200000,1655136000000,1655136000007,259.6565349236332,SHORT,0.0001,133.09,3.4557688232986346,mark_candle_open
AVAXUSDT,1654891200000,1655136000000,1655136000007,1330.4865134793931,SHORT,-0.00034753,15.80320497,-7.307148779644061,mark_candle_open
BCHUSDT,1654891200000,1655164800000,1655164800013,259.6565349236332,SHORT,0.0001,126.95180272,3.2963865196583875,mark_candle_open
LINKUSDT,1656345600000,1656374400000,1656374400016,10766.624243303415,SHORT,-1.879e-05,6.54982961,-1.3250624247057268,mark_candle_open
LINKUSDT,1656345600000,1656403200000,1656403200001,10766.624243303415,SHORT,-0.00018867,6.574,-13.35402255959918,mark_candle_open
BTCUSDT,1656374400000,1656403200000,1656403200001,6.892297388874626,SHORT,-5.613e-05,20871.36744908,-8.074394314084369,mark_candle_open
SOLUSDT,1656388800000,1656403200000,1656403200001,1874.3240235406079,SHORT,-0.00011607,38.59188033,-8.395771214459426,mark_candle_open
BTCUSDT,1656446400000,1656460800000,1656460800000,6.6434591741948985,SHORT,4.188e-05,20270.63759463,5.639860379987257,mark_candle_open
ETHUSDT,1656446400000,1656460800000,1656460800000,75.22737644850892,SHORT,3.172e-05,1143.57,2.728800892479221,mark_candle_open
SOLUSDT,1656446400000,1656460800000,1656460800000,1730.764928346855,SHORT,-3.836e-05,35.3217035,-2.345083577461937,mark_candle_open
BTCUSDT,1656446400000,1656489600000,1656489600013,6.6434591741948985,SHORT,8.335e-05,20080.75913372,11.11936538603404,mark_candle_open
ETHUSDT,1656446400000,1656489600000,1656489600013,75.22737644850892,SHORT,1.728e-05,1129.8,1.4686598576711585,mark_candle_open
SOLUSDT,1656446400000,1656489600000,1656489600013,1730.764928346855,SHORT,-9.36e-06,35.31,-0.5720205780425209,mark_candle_open
BTCUSDT,1656446400000,1656518400000,1656518400000,6.6434591741948985,SHORT,5.319e-05,20078.08642924,7.094904926919303,mark_candle_open
ETHUSDT,1656446400000,1656518400000,1656518400000,75.22737644850892,SHORT,1.147e-05,1113.74089999,0.9610002542424723,mark_candle_open
SOLUSDT,1656446400000,1656518400000,1656518400000,1730.764928346855,SHORT,5.463e-05,34.65438892,3.276630970227801,mark_candle_open
BNBUSDT,1656504000000,1656518400000,1656518400000,55.82580096658364,SHORT,-0.00025433,218.54,-3.1028693742615143,mark_candle_open
BTCUSDT,1656446400000,1656547200000,1656547200000,6.6434591741948985,SHORT,3.24e-06,20108.0,0.43282083372206365,mark_candle_open
ETHUSDT,1656446400000,1656547200000,1656547200000,75.22737644850892,SHORT,3.467e-05,1099.07,2.8665208917952176,mark_candle_open
SOLUSDT,1656446400000,1656547200000,1656547200000,1730.764928346855,SHORT,-9.058e-05,34.0,-5.330271365128376,mark_candle_open
BNBUSDT,1656504000000,1656547200000,1656547200000,55.82580096658364,SHORT,-0.00013455,219.45,-1.6483682855758126,mark_candle_open
BTCUSDT,1656446400000,1656576000000,1656576000000,3.3217295870974493,SHORT,-5.159e-05,19425.76682376,-3.32895538013974,mark_candle_open
ETHUSDT,1656446400000,1656576000000,1656576000000,37.61368822425446,SHORT,-6.766e-05,1057.02546901,-2.6900686646894276,mark_candle_open
SOLUSDT,1656446400000,1656576000000,1656576000000,865.3824641734275,SHORT,9.26e-06,31.89700005,0.25560474769786273,mark_candle_open
BNBUSDT,1656504000000,1656576000000,1656576000000,55.82580096658364,SHORT,0.0,211.39682355,0.0,mark_candle_open
BTCUSDT,1656446400000,1656604800000,1656604800000,3.3217295870974493,SHORT,-0.00015879,19134.3,-10.092528915913332,mark_candle_open
ETHUSDT,1656446400000,1656604800000,1656604800000,37.61368822425446,SHORT,-0.00021692,1031.67,-8.417561886380277,mark_candle_open
SOLUSDT,1656446400000,1656604800000,1656604800000,865.3824641734275,SHORT,-1.65e-05,32.07,-0.45792145782969,mark_candle_open
BNBUSDT,1656504000000,1656604800000,1656604800000,27.91290048329182,SHORT,-0.00029998,212.26,-1.7773191811299247,mark_candle_open
ADAUSDT,1656590400000,1656604800000,1656604800000,243204.8219009322,SHORT,-0.00021148,0.44449866,-22.861879904317576,mark_candle_open
BNBUSDT,1657468800000,1657497600000,1657497600000,755.6443911074143,SHORT,-0.00010599,234.55,-18.785285181110527,mark_candle_open
LINKUSDT,1657468800000,1657497600000,1657497600000,20068.154296229382,SHORT,4.937e-05,6.19,6.132833973373989,mark_candle_open
BNBUSDT,1657468800000,1657526400000,1657526400003,755.6443911074143,SHORT,0.0,229.68154024,0.0,mark_candle_open
LINKUSDT,1657468800000,1657526400000,1657526400003,20068.154296229382,SHORT,3.24e-06,6.27380429,0.4079278989520533,mark_candle_open
ADAUSDT,1657512000000,1657526400000,1657526400003,314261.56960227893,SHORT,-0.00016863,0.45222483,-23.96517029881921,mark_candle_open
BNBUSDT,1657468800000,1657555200000,1657555200001,755.6443911074143,SHORT,-3.501e-05,231.59803466,-6.126951513440357,mark_candle_open
ADAUSDT,1657512000000,1657555200000,1657555200001,314261.56960227893,SHORT,-0.00020922,0.44582171,-29.31269076127717,mark_candle_open
SOLUSDT,1657540800000,1657555200000,1657555200001,2914.664439837844,SHORT,6.141e-05,35.16460679,6.294096907923492,mark_candle_open
BNBUSDT,1657468800000,1657584000000,1657584000000,755.6443911074143,SHORT,-0.00016301,225.44,-27.76915638430996,mark_candle_open
ADAUSDT,1657512000000,1657584000000,1657584000000,157130.78480113947,SHORT,-0.00039704,0.4344,-27.101002632809852,mark_candle_open
SOLUSDT,1657540800000,1657584000000,1657584000000,2914.664439837844,SHORT,-2.61e-06,33.39425047,-0.2540392196272622,mark_candle_open
BNBUSDT,1657468800000,1657612800000,1657612800021,377.82219555370716,SHORT,-0.00015961,223.13,-13.455676287091169,mark_candle_open
ADAUSDT,1657512000000,1657612800000,1657612800021,157130.78480113947,SHORT,-9.928e-05,0.43169294,-6.734385825203298,mark_candle_open
SOLUSDT,1657540800000,1657612800000,1657612800021,2914.664439837844,SHORT,-3.365e-05,33.47543245,-3.283218808987527,mark_candle_open
AVAXUSDT,1657584000000,1657612800000,1657612800021,4162.217180442801,SHORT,2.967e-05,17.42159469,2.1514447098421603,mark_candle_open
BNBUSDT,1657468800000,1657641600000,1657641600000,377.82219555370716,SHORT,-0.00025585,226.29569908,-21.87505676423564,mark_candle_open
ADAUSDT,1657512000000,1657641600000,1657641600000,157130.78480113947,SHORT,-9.515e-05,0.4339,-6.48723637202415,mark_candle_open
SOLUSDT,1657540800000,1657641600000,1657641600000,2914.664439837844,SHORT,8.5e-06,34.2,0.8472929526608614,mark_candle_open
BNBUSDT,1657468800000,1657670400000,1657670400012,377.82219555370716,SHORT,-9.412e-05,220.35,-7.835783728779212,mark_candle_open
ADAUSDT,1657512000000,1657670400000,1657670400012,157130.78480113947,SHORT,-0.00021867,0.4167193,-14.318387100406387,mark_candle_open
SOLUSDT,1657540800000,1657670400000,1657670400012,1457.332219918922,SHORT,-6.728e-05,32.66,-3.202290521955698,mark_candle_open
BNBUSDT,1657468800000,1657699200000,1657699200022,377.82219555370716,SHORT,-0.00016626,225.81593752,-14.18501611966023,mark_candle_open
ADAUSDT,1657512000000,1657699200000,1657699200022,157130.78480113947,SHORT,-0.00019033,0.4275112,-12.785450176003812,mark_candle_open
SOLUSDT,1657540800000,1657699200000,1657699200022,1457.332219918922,SHORT,-6.822e-05,33.68,-3.348438792163823,mark_candle_open
BTCUSDT,1661529600000,1661558400000,1661558400010,8.577358722327576,SHORT,-2.808e-05,20235.2251503,-4.87369916114856,mark_candle_open
SOLUSDT,1661529600000,1661558400000,1661558400010,3072.5435585372684,SHORT,-0.00044781,31.7,-43.616528671069794,mark_candle_open
AVAXUSDT,1661529600000,1661558400000,1661558400010,2386.4227631150693,SHORT,-0.00029125,20.64,-14.345741798189929,mark_candle_open
BTCUSDT,1661529600000,1661587200000,1661587200007,4.288679361163788,SHORT,-6.29e-05,20255.19408455,-5.4639992648042375,mark_candle_open
SOLUSDT,1661529600000,1661587200000,1661587200007,1536.2717792686342,SHORT,-0.00042888,32.17701983,-21.200673862285882,mark_candle_open
AVAXUSDT,1661529600000,1661587200000,1661587200007,2386.4227631150693,SHORT,-0.00046211,20.71442335,-22.843655261000745,mark_candle_open
LINKUSDT,1661558400000,1661587200000,1661587200007,11879.549584551212,SHORT,-0.00019575,6.59705271,-15.34093039325213,mark_candle_open
BTCUSDT,1661529600000,1661616000000,1661616000008,4.288679361163788,SHORT,-4.396e-05,19966.1,-3.7642157156493035,mark_candle_open
SOLUSDT,1661529600000,1661616000000,1661616000008,1536.2717792686342,SHORT,-0.00023003,31.34,-11.075198642051037,mark_candle_open
AVAXUSDT,1661529600000,1661616000000,1661616000008,2386.4227631150693,SHORT,-9.907e-05,20.18,-4.771014185401724,mark_candle_open
LINKUSDT,1661558400000,1661616000000,1661616000008,11879.549584551212,SHORT,-6.02e-05,6.499,-4.6477526035498995,mark_candle_open
BTCUSDT,1661529600000,1661644800000,1661644800019,4.288679361163788,SHORT,-1.396e-05,20024.25626379,-1.1988514992739454,mark_candle_open
SOLUSDT,1661529600000,1661644800000,1661644800019,1536.2717792686342,SHORT,-0.00040142,31.5,-19.425741855471475,mark_candle_open
AVAXUSDT,1661529600000,1661644800000,1661644800019,2386.4227631150693,SHORT,-0.00045148,20.03,-21.580765646296566,mark_candle_open
LINKUSDT,1661558400000,1661644800000,1661644800019,11879.549584551212,SHORT,-6.267e-05,6.526,-4.858550696698917,mark_candle_open
BTCUSDT,1661529600000,1661673600000,1661673600000,4.288679361163788,SHORT,-8.758e-05,20045.0,-7.528952883244774,mark_candle_open
SOLUSDT,1661529600000,1661673600000,1661673600000,1536.2717792686342,SHORT,-0.00026121,31.76,-12.744956154457256,mark_candle_open
AVAXUSDT,1661529600000,1661673600000,1661673600000,2386.4227631150693,SHORT,-0.00016823,20.10512246,-8.071561322187252,mark_candle_open
LINKUSDT,1661558400000,1661673600000,1661673600000,11879.549584551212,SHORT,-6.226e-05,6.537,-4.834900889385994,mark_candle_open
BTCUSDT,1661529600000,1661702400000,1661702400000,4.288679361163788,SHORT,-2.443e-05,20007.8673848,-2.096273020941313,mark_candle_open
SOLUSDT,1661529600000,1661702400000,1661702400000,1536.2717792686342,SHORT,-0.00027065,31.82,-13.230500073619156,mark_candle_open
AVAXUSDT,1661529600000,1661702400000,1661702400000,2386.4227631150693,SHORT,-0.00023615,20.01534595,-11.279722977639915,mark_candle_open
LINKUSDT,1661558400000,1661702400000,1661702400000,11879.549584551212,SHORT,-7.852e-05,6.57179857,-6.130056947441265,mark_candle_open
BTCUSDT,1661529600000,1661731200000,1661731200000,4.288679361163788,SHORT,-0.00013623,19548.2,-11.420973087988882,mark_candle_open
SOLUSDT,1661529600000,1661731200000,1661731200000,1536.2717792686342,SHORT,-0.00049567,30.38,-23.13387884137795,mark_candle_open
AVAXUSDT,1661529600000,1661731200000,1661731200000,2386.4227631150693,SHORT,-0.00040737,18.51,-17.994626829098543,mark_candle_open
LINKUSDT,1661558400000,1661731200000,1661731200000,11879.549584551212,SHORT,-0.00028254,6.25038208,-20.979082054248142,mark_candle_open
BTCUSDT,1661529600000,1661760000000,1661760000000,4.288679361163788,SHORT,-0.00010056,19885.3,-8.575925308447335,mark_candle_open
SOLUSDT,1661529600000,1661760000000,1661760000000,1536.2717792686342,SHORT,-0.00023722,30.56,-11.137115003570901,mark_candle_open
AVAXUSDT,1661529600000,1661760000000,1661760000000,2386.4227631150693,SHORT,-0.0004212,18.03,-18.123057658867932,mark_candle_open
LINKUSDT,1661558400000,1661760000000,1661760000000,11879.549584551212,SHORT,-8.006e-05,6.347,-6.036484067124513,mark_candle_open
BTCUSDT,1662494400000,1662508800000,1662508800013,10.9067169163651,SHORT,-8.601e-05,18782.33562928,-17.61945966153487,mark_candle_open
BNBUSDT,1662494400000,1662508800000,1662508800013,669.1685226220469,SHORT,-0.00054733,262.23,-96.04331284324388,mark_candle_open
XRPUSDT,1662494400000,1662508800000,1662508800013,628844.05890462,SHORT,-0.00029033,0.321,-58.605706894590845,mark_candle_open
BTCUSDT,1662494400000,1662537600000,1662537600022,10.9067169163651,SHORT,2.729e-05,18791.5,5.593182950785443,mark_candle_open
BNBUSDT,1662494400000,1662537600000,1662537600022,669.1685226220469,SHORT,-0.0003075,264.03,-54.32927374607895,mark_candle_open
XRPUSDT,1662494400000,1662537600000,1662537600022,628844.05890462,SHORT,-0.00019392,0.32002782,-39.02593329102895,mark_candle_open
BTCUSDT,1662494400000,1662566400000,1662566400021,10.9067169163651,SHORT,-3.48e-05,18863.3,-7.159636227654748,mark_candle_open
BNBUSDT,1662494400000,1662566400000,1662566400021,669.1685226220469,SHORT,-7.979e-05,266.91343936,-14.251297635664294,mark_candle_open
ETHUSDT,1663084800000,1663113600000,1663113600000,67.80129064973426,SHORT,-0.00111142,1571.94595819,-118.45510447458749,mark_candle_open
BNBUSDT,1663084800000,1663113600000,1663113600000,615.0136386950727,SHORT,-0.00022918,277.23,-39.0752429532846,mark_candle_open
DOGEUSDT,1663084800000,1663113600000,1663113600000,2335374.804239085,SHORT,-4.792e-05,0.0596,-6.669905172900562,mark_candle_open
ETHUSDT,1663084800000,1663142400000,1663142400000,67.80129064973426,SHORT,-0.00182506,1610.16,-199.24349048402055,mark_candle_open
BNBUSDT,1663084800000,1663142400000,1663142400000,615.0136386950727,SHORT,-9.042e-05,279.0,-15.515059765815566,mark_candle_open
DOGEUSDT,1663084800000,1663142400000,1663142400000,2335374.804239085,SHORT,9.82e-06,0.0601092,1.3785071598167458,mark_candle_open
ETHUSDT,1663084800000,1663171200000,1663171200000,67.80129064973426,SHORT,-0.00172134,1592.75,-185.88837705128086,mark_candle_open
BNBUSDT,1663084800000,1663171200000,1663171200000,615.0136386950727,SHORT,-4.776e-05,279.32079265,-8.204503995149475,mark_candle_open
DOGEUSDT,1663084800000,1663171200000,1663171200000,2335374.804239085,SHORT,0.0001,0.06088,14.21776180820755,mark_candle_open
ETHUSDT,1663084800000,1663200000000,1663200000019,67.80129064973426,SHORT,-0.00301937,1635.00743973,-334.71411716232654,mark_candle_open
BNBUSDT,1663084800000,1663200000000,1663200000019,615.0136386950727,SHORT,-8.768e-05,279.19457542,-15.055398801547696,mark_candle_open
DOGEUSDT,1663084800000,1663200000000,1663200000019,2335374.804239085,SHORT,9.911e-05,0.06113,14.149088477326535,mark_candle_open
BNBUSDT,1663084800000,1663228800000,1663228800012,307.50681934753635,SHORT,-0.00014425,276.79,-12.277811707049263,mark_candle_open
DOGEUSDT,1663084800000,1663228800000,1663228800012,2335374.804239085,SHORT,7.927e-05,0.06079,11.253758520900242,mark_candle_open
BNBUSDT,1663084800000,1663257600000,1663257600007,307.50681934753635,SHORT,-0.00020751,269.53155849,-17.199008222919357,mark_candle_open
DOGEUSDT,1663084800000,1663257600000,1663257600007,2335374.804239085,SHORT,3.726e-05,0.05876158,5.113201476884548,mark_candle_open
BNBUSDT,1663084800000,1663286400000,1663286400000,307.50681934753635,SHORT,-0.0001216,270.95,-10.131587080589341,mark_candle_open
DOGEUSDT,1663084800000,1663286400000,1663286400000,2335374.804239085,SHORT,-3.506e-05,0.05856,-4.794789771680604,mark_candle_open
BNBUSDT,1663084800000,1663315200000,1663315200000,307.50681934753635,SHORT,-8.39e-05,273.25928193,-7.050040872788477,mark_candle_open
DOGEUSDT,1663084800000,1663315200000,1663315200000,2335374.804239085,SHORT,5.805e-05,0.05948,8.063614819323972,mark_candle_open
BNBUSDT,1663084800000,1663344000000,1663344000000,307.50681934753635,SHORT,-6.916e-05,274.93,-5.846983495156968,mark_candle_open
DOGEUSDT,1663084800000,1663344000000,1663344000000,2335374.804239085,SHORT,0.0001,0.05966585,13.934212276350861,mark_candle_open
BNBUSDT,1663084800000,1663372800000,1663372800000,307.50681934753635,SHORT,-0.00011341,274.81,-9.583819678913509,mark_candle_open
DOGEUSDT,1663084800000,1663372800000,1663372800000,2335374.804239085,SHORT,3.348e-05,0.0604208,4.724202563781518,mark_candle_open
AVAXUSDT,1663545600000,1663574400000,1663574400006,6305.553504593816,SHORT,-0.00033526,16.68,-35.26151779740805,mark_candle_open
BTCUSDT,1663560000000,1663574400000,1663574400006,9.567788727559847,SHORT,-9.289e-05,18459.6,-16.40600447915205,mark_candle_open
ETHUSDT,1664712000000,1664726400000,1664726400006,131.14212128117632,SHORT,-2.183e-05,1292.88,-3.701298892384618,mark_candle_open
ADAUSDT,1664712000000,1664726400000,1664726400006,499928.10063787724,SHORT,-5.648e-05,0.4233,-11.95227303120076,mark_candle_open
LTCUSDT,1664712000000,1664726400000,1664726400006,3545.6834587197122,SHORT,-5.271e-05,52.58,-9.826832631237322,mark_candle_open
ETHUSDT,1664712000000,1664755200000,1664755200000,131.14212128117632,SHORT,-2.23e-05,1275.96,-3.7315058538594332,mark_candle_open
ADAUSDT,1664712000000,1664755200000,1664755200000,499928.10063787724,SHORT,-6.57e-06,0.41922746,-1.3769641719316836,mark_candle_open
LTCUSDT,1664712000000,1664755200000,1664755200000,3545.6834587197122,SHORT,-7.71e-06,51.77735963,-1.4154490436130633,mark_candle_open
ETHUSDT,1664712000000,1664784000000,1664784000014,131.14212128117632,SHORT,2.229e-05,1291.39,3.774936858988939,mark_candle_open
ADAUSDT,1664712000000,1664784000000,1664784000014,499928.10063787724,SHORT,0.0001,0.4215,21.071969441886527,mark_candle_open
LTCUSDT,1664712000000,1664784000000,1664784000014,3545.6834587197122,SHORT,7.663e-05,52.63,14.299872224736227,mark_candle_open
DOGEUSDT,1664755200000,1664784000000,1664784000014,411296.4743500084,SHORT,0.0001,0.05969,2.4550286553952003,mark_candle_open
ADAUSDT,1664712000000,1664812800000,1664812800010,499928.10063787724,SHORT,8.887e-05,0.4243,18.85105935185488,mark_candle_open
SOLUSDT,1664928000000,1664956800000,1664956800000,3319.007919129209,LONG,4.8e-05,34.11,-5.434145285831871,mark_candle_open
SOLUSDT,1664928000000,1664985600000,1664985600012,3319.007919129209,LONG,7.886e-05,33.65305469,-8.808248380798211,mark_candle_open
SOLUSDT,1664928000000,1665014400000,1665014400008,3319.007919129209,LONG,2.369e-05,34.02,-2.6749006644938964,mark_candle_open
SOLUSDT,1664928000000,1665043200000,1665043200002,3319.007919129209,LONG,0.0001,34.0341894,-11.295974413974339,mark_candle_open
SOLUSDT,1664928000000,1665072000000,1665072000006,3319.007919129209,LONG,6.34e-06,33.82131763,-0.7116854214529066,mark_candle_open
ADAUSDT,1665158400000,1665187200000,1665187200010,569514.6579531132,SHORT,0.0001,0.4238,24.13603120405294,mark_candle_open
LTCUSDT,1665158400000,1665187200000,1665187200010,3814.4407900420624,SHORT,1.541e-05,52.82204636,3.1049080167182743,mark_candle_open
AVAXUSDT,1665158400000,1665187200000,1665187200010,12480.932921196894,SHORT,-0.00036607,16.89,-77.16863848327243,mark_candle_open
ADAUSDT,1665158400000,1665216000000,1665216000004,569514.6579531132,SHORT,0.0001,0.4261,24.267019575382154,mark_candle_open
AVAXUSDT,1665158400000,1665216000000,1665216000004,12480.932921196894,SHORT,0.0001,16.88433978,21.073231221287635,mark_candle_open
ADAUSDT,1665158400000,1665244800000,1665244800018,569514.6579531132,SHORT,0.0001,0.4248,24.192982669848252,mark_candle_open
AVAXUSDT,1665158400000,1665244800000,1665244800018,12480.932921196894,SHORT,3.114e-05,16.82,6.537198144613318,mark_candle_open
ADAUSDT,1665158400000,1665273600000,1665273600000,569514.6579531132,SHORT,2.946e-05,0.42176931,7.076404075260441,mark_candle_open
AVAXUSDT,1665158400000,1665273600000,1665273600000,12480.932921196894,SHORT,-0.00016376,16.77,-34.27582693568816,mark_candle_open
ADAUSDT,1665158400000,1665302400000,1665302400007,569514.6579531132,SHORT,0.0001,0.42124178,23.99033682522606,mark_candle_open
AVAXUSDT,1665158400000,1665302400000,1665302400007,12480.932921196894,SHORT,0.0001,16.84736549,21.027083857957745,mark_candle_open
ADAUSDT,1665158400000,1665331200000,1665331200011,569514.6579531132,SHORT,0.0001,0.4233,24.107555471155283,mark_candle_open
AVAXUSDT,1665158400000,1665331200000,1665331200011,12480.932921196894,SHORT,0.0001,16.963888,21.172514821069697,mark_candle_open
ADAUSDT,1665158400000,1665360000000,1665360000018,569514.6579531132,SHORT,7.794e-05,0.42281853,18.768057257127325,mark_candle_open
ADAUSDT,1665417600000,1665446400000,1665446400020,336206.5797938901,SHORT,-9.319e-05,0.40075798,-12.556184808882836,mark_candle_open
ETHUSDT,1665460800000,1665475200000,1665475200027,191.13858405000974,SHORT,3.552e-05,1283.25,8.712295445126855,mark_candle_open
LTCUSDT,1665460800000,1665475200000,1665475200027,4285.455614023833,SHORT,-1.62e-06,51.91,-0.360381961496843,mark_candle_open
BNBUSDT,1666296000000,1666310400000,1666310400005,1137.401509805886,SHORT,-6.72e-06,268.85380239,-2.054940523476552,mark_candle_open
BNBUSDT,1666296000000,1666339200000,1666339200018,1137.401509805886,SHORT,-8.495e-05,266.96105219,-25.79437972953227,mark_candle_open
BTCUSDT,1666756800000,1666771200000,1666771200013,8.536235787313933,LONG,5.665e-05,20336.63307219,-9.834343413126616,mark_candle_open
BTCUSDT,1666756800000,1666800000000,1666800000000,8.536235787313933,LONG,6.122e-05,20835.7,-10.888494186176574,mark_candle_open
BTCUSDT,1666756800000,1666828800000,1666828800009,8.536235787313933,LONG,1.3e-07,20760.48296394,-0.02303812909303176,mark_candle_open
BTCUSDT,1666756800000,1666857600000,1666857600006,8.536235787313933,LONG,-2.276e-05,20703.6,4.022393263964256,mark_candle_open
BTCUSDT,1666756800000,1666886400000,1666886400009,8.536235787313933,LONG,1.376e-05,20554.58534419,-2.4143129092365907,mark_candle_open
BTCUSDT,1666756800000,1666915200000,1666915200000,8.536235787313933,LONG,-1.228e-05,20285.6,2.1264375223580236,mark_candle_open
BTCUSDT,1666756800000,1666944000000,1666944000000,8.536235787313933,LONG,3.541e-05,20069.8,-6.066460498599897,mark_candle_open
ETHUSDT,1668945600000,1668960000000,1668960000000,123.3159548530409,SHORT,-2.008e-05,1176.60076627,-2.9134804312259655,mark_candle_open
LINKUSDT,1668945600000,1668960000000,1668960000000,19126.37190142873,SHORT,-6.96e-06,6.014,-0.8005809642817391,mark_candle_open
LINKUSDT,1668945600000,1668988800000,1668988800006,19126.37190142873,SHORT,-0.00012073,5.76233915,-13.305972220979223,mark_candle_open
ADAUSDT,1668960000000,1668988800000,1668988800006,466616.49157480925,SHORT,2.812e-05,0.31195492,4.093240285633196,mark_candle_open
LINKUSDT,1668945600000,1669017600000,1669017600015,9563.185950714365,SHORT,4.864e-05,5.75057241,2.674898105133249,mark_candle_open
ADAUSDT,1668960000000,1669017600000,1669017600015,233308.24578740462,SHORT,6.107e-05,0.3041,4.332857722809011,mark_candle_open
BTCUSDT,1668988800000,1669017600000,1669017600015,14.749264414288643,SHORT,-1.218e-05,16030.30551181,-2.879780914260565,mark_candle_open
ETHUSDT,1669003200000,1669017600000,1669017600015,118.26963899467889,SHORT,-2.17e-05,1122.9,-2.8818680145086106,mark_candle_open
BNBUSDT,1669003200000,1669017600000,1669017600015,88.40056826461267,SHORT,0.0,258.06850882,0.0,mark_candle_open
LINKUSDT,1668945600000,1669046400000,1669046400000,9563.185950714365,SHORT,0.0001,5.8011272,5.547725813734697,mark_candle_open
ADAUSDT,1668960000000,1669046400000,1669046400000,233308.24578740462,SHORT,5.325e-05,0.3099,3.8500935009267643,mark_candle_open
BTCUSDT,1668988800000,1669046400000,1669046400000,14.749264414288643,SHORT,2.302e-05,16121.93708005,5.47385013013347,mark_candle_open
ETHUSDT,1669003200000,1669046400000,1669046400000,118.26963899467889,SHORT,4.666e-05,1129.88919377,6.2352498518074375,mark_candle_open
BNBUSDT,1669003200000,1669046400000,1669046400000,88.40056826461267,SHORT,0.0,260.16062869,0.0,mark_candle_open
ADAUSDT,1668960000000,1669075200000,1669075200000,233308.24578740462,SHORT,2.982e-05,0.30443961,2.118063051874734,mark_candle_open
BTCUSDT,1668988800000,1669075200000,1669075200000,7.374632207144321,SHORT,-7.485e-05,15772.15331119,-8.706090159386271,mark_candle_open
ETHUSDT,1669003200000,1669075200000,1669075200000,118.26963899467889,SHORT,-6.623e-05,1107.00654876,-8.671180293438894,mark_candle_open
BNBUSDT,1669003200000,1669075200000,1669075200000,44.20028413230634,SHORT,-8.432e-05,253.88434237,-0.9462188090600496,mark_candle_open
ADAUSDT,1668960000000,1669104000000,1669104000000,233308.24578740462,SHORT,0.0001,0.3023,7.052908270153242,mark_candle_open
BTCUSDT,1668988800000,1669104000000,1669104000000,7.374632207144321,SHORT,2.033e-05,15754.9,2.3620734348836727,mark_candle_open
ETHUSDT,1669003200000,1669104000000,1669104000000,118.26963899467889,SHORT,-2.821e-05,1092.95599983,-3.64652366045771,mark_candle_open
BNBUSDT,1669003200000,1669104000000,1669104000000,44.20028413230634,SHORT,0.0,254.1828112,0.0,mark_candle_open
BTCUSDT,1669608000000,1669622400000,1669622400004,18.039071184458102,SHORT,5.36e-06,16218.32556525,1.5681405173924414,mark_candle_open
ETHUSDT,1669608000000,1669622400000,1669622400004,146.15443793029493,SHORT,-2.557e-05,1173.53555443,-4.385700668452235,mark_candle_open
SOLUSDT,1669608000000,1669622400000,1669622400004,6402.897972505324,SHORT,-0.00540619,13.39,-463.49863923581296,mark_candle_open
BTCUSDT,1669608000000,1669651200000,1669651200011,18.039071184458102,SHORT,2.1e-07,16136.6,0.06112874797577659,mark_candle_open
ETHUSDT,1669608000000,1669651200000,1669651200011,146.15443793029493,SHORT,-0.00012317,1162.88057063,-20.933992436750742,mark_candle_open
SOLUSDT,1669608000000,1669651200000,1669651200011,6402.897972505324,SHORT,-0.00281466,13.22753459,-238.38637450876888,mark_candle_open
ETHUSDT,1669608000000,1669680000000,1669680000000,146.15443793029493,SHORT,3.832e-05,1167.30147095,6.537633047434552,mark_candle_open
BNBUSDT,1670270400000,1670284800000,1670284800014,722.31650532563,SHORT,0.0,288.39,0.0,mark_candle_open
BNBUSDT,1670270400000,1670313600000,1670313600027,722.31650532563,SHORT,0.0,289.5791954,0.0,mark_candle_open
XRPUSDT,1670299200000,1670313600000,1670313600027,428911.57817646064,SHORT,4.251e-05,0.381958,6.964252126613564,mark_candle_open
BNBUSDT,1670270400000,1670342400000,1670342400009,722.31650532563,SHORT,0.0,288.76099194,0.0,mark_candle_open
BNBUSDT,1670400000000,1670428800000,1670428800000,730.1879234684229,SHORT,0.0,283.35,0.0,mark_candle_open
XRPUSDT,1670400000000,1670428800000,1670428800000,400984.1543329187,SHORT,-4.917e-05,0.38262383,-7.54396098790148,mark_candle_open
AVAXUSDT,1670400000000,1670428800000,1670428800000,10399.667682103714,SHORT,-0.00013375,13.22,-18.388432403803737,mark_candle_open
BNBUSDT,1670400000000,1670457600000,1670457600006,730.1879234684229,SHORT,0.0,284.02,0.0,mark_candle_open
XRPUSDT,1670400000000,1670457600000,1670457600006,400984.1543329187,SHORT,-0.00045606,0.38302984,-70.04575212715156,mark_candle_open
AVAXUSDT,1670400000000,1670457600000,1670457600006,10399.667682103714,SHORT,-0.00025507,13.259,-35.17139666180414,mark_candle_open
BNBUSDT,1670400000000,1670486400000,1670486400000,730.1879234684229,SHORT,0.0,285.45524623,0.0,mark_candle_open
XRPUSDT,1670803200000,1670832000000,1670832000004,154974.27224439126,SHORT,-3.972e-05,0.3754,-2.310804016317627,mark_candle_open
ADAUSDT,1670803200000,1670832000000,1670832000004,190972.22775818032,SHORT,-3.563e-05,0.3039,-2.067839070359783,mark_candle_open
LINKUSDT,1670803200000,1670832000000,1670832000004,5817.442872108438,SHORT,-4.722e-05,6.587,-1.8094466104968663,mark_candle_open
AVAXUSDT,1670803200000,1670832000000,1670832000004,3920.3101272701406,SHORT,-7.96e-05,12.719,-3.9690489908964137,mark_candle_open
SOLUSDT,1670817600000,1670832000000,1670832000004,6229.847179140609,SHORT,-0.00028652,12.97406837,-23.15839824661421,mark_candle_open
BNBUSDT,1670817600000,1670832000000,1670832000004,467.7672495946295,SHORT,0.0,281.01802006,0.0,mark_candle_open
XRPUSDT,1670803200000,1670860800000,1670860800000,154974.27224439126,SHORT,-3.285e-05,0.3752,-1.9101074971792402,mark_candle_open
ADAUSDT,1670803200000,1670860800000,1670860800000,190972.22775818032,SHORT,7.678e-05,0.30428363,4.461664508249214,mark_candle_open
BNBUSDT,1670860800000,1670889600000,1670889600000,372.6630966003656,SHORT,0.0,276.12381943,0.0,mark_candle_open
BNBUSDT,1670860800000,1670918400000,1670918400018,186.3315483001828,SHORT,0.0,263.94789507,0.0,mark_candle_open
ETHUSDT,1671004800000,1671033600000,1671033600004,102.63751079099454,LONG,0.0001,1338.27385666,-13.735709740424664,mark_candle_open
ETHUSDT,1671004800000,1671062400000,1671062400000,102.63751079099454,LONG,0.0001,1307.95,-13.424473223908132,mark_candle_open
DOGEUSDT,1671148800000,1671177600000,1671177600011,588765.7297454503,SHORT,0.0001,0.08649237,5.092374334046349,mark_candle_open
DOGEUSDT,1671148800000,1671206400000,1671206400001,588765.7297454503,SHORT,3.45e-05,0.08159362,1.6573636891546175,mark_candle_open
DOGEUSDT,1671148800000,1671235200000,1671235200001,294382.86487272516,SHORT,-0.000242,0.07564768,-5.389190143768786,mark_candle_open
DOGEUSDT,1671148800000,1671264000000,1671264000011,294382.86487272516,SHORT,3.3e-07,0.07791566,0.007569221619052235,mark_candle_open
DOGEUSDT,1671148800000,1671292800000,1671292800011,294382.86487272516,SHORT,8.889e-05,0.07763,2.0313979966081916,mark_candle_open
DOGEUSDT,1672171200000,1672185600000,1672185600010,2059748.9236114512,SHORT,0.0001,0.07368936,15.178157994161673,mark_candle_open
DOGEUSDT,1672171200000,1672214400000,1672214400010,1029874.4618057256,SHORT,-7.66e-05,0.07100449,-5.601429456819766,mark_candle_open
LINKUSDT,1672200000000,1672214400000,1672214400010,38965.61482664996,SHORT,7.389e-05,5.75938603,16.58224732659455,mark_candle_open
AVAXUSDT,1672200000000,1672214400000,1672214400010,9773.496886549641,SHORT,5.053e-05,11.30992022,5.585458361995108,mark_candle_open
LINKUSDT,1672200000000,1672243200000,1672243200010,38965.61482664996,SHORT,3.348e-05,5.722,7.464742584315289,mark_candle_open
LINKUSDT,1672200000000,1672272000000,1672272000011,19482.80741332498,SHORT,0.0001,5.673,11.052596645579262,mark_candle_open
AVAXUSDT,1672243200000,1672272000000,1672272000011,18247.749918017296,SHORT,0.0001,11.20588222,20.448213636131648,mark_candle_open
LINKUSDT,1672200000000,1672300800000,1672300800000,19482.80741332498,SHORT,0.0001,5.706,11.116889910043234,mark_candle_open
AVAXUSDT,1672243200000,1672300800000,1672300800000,9123.874959008648,SHORT,7.22e-06,11.194,0.7373977784220512,mark_candle_open
AVAXUSDT,1672243200000,1672329600000,1672329600008,9123.874959008648,SHORT,8.093e-05,11.1164834,8.208357988248336,mark_candle_open
AVAXUSDT,1672243200000,1672358400000,1672358400000,9123.874959008648,SHORT,-0.00031297,10.96929742,-31.32281941416273,mark_candle_open
SOLUSDT,1676851200000,1676880000000,1676880000008,2619.6289806707664,LONG,0.00019193,26.50202996,-13.324833476124526,mark_candle_open
SOLUSDT,1676851200000,1676908800000,1676908800006,2619.6289806707664,LONG,0.0001276,26.564,-8.87940637334788,mark_candle_open
SOLUSDT,1676851200000,1676937600000,1676937600001,2619.6289806707664,LONG,0.0001,26.28654993,-6.886100799847711,mark_candle_open
SOLUSDT,1676851200000,1676966400000,1676966400004,2619.6289806707664,LONG,0.00016004,26.0353985,-10.915221632803307,mark_candle_open
SOLUSDT,1676851200000,1676995200000,1676995200011,2619.6289806707664,LONG,0.0001,25.065,-6.5661000400512775,mark_candle_open
SOLUSDT,1676851200000,1677024000000,1677024000009,2619.6289806707664,LONG,0.0001,24.983,-6.544619082409776,mark_candle_open
ADAUSDT,1677614400000,1677628800000,1677628800016,449915.11273333675,SHORT,-0.00016157,0.3516,-25.558783123136752,mark_candle_open
AVAXUSDT,1677614400000,1677628800000,1677628800016,7414.254895466684,SHORT,4.757e-05,17.077,6.0229913915290085,mark_candle_open
SOLUSDT,1677816000000,1677830400000,1677830400013,5181.2835141817795,SHORT,2.627e-05,21.05307691,2.865583097516664,mark_candle_open
BNBUSDT,1677816000000,1677830400000,1677830400013,714.1240624874331,SHORT,-8.625e-05,290.82357299,-17.912754609175405,mark_candle_open
XRPUSDT,1677816000000,1677830400000,1677830400013,426131.5155774715,SHORT,4.167e-05,0.365,6.481268592751332,mark_candle_open
BNBUSDT,1677816000000,1677859200000,1677859200000,714.1240624874331,SHORT,-2.007e-05,288.78704295,-4.139031610445099,mark_candle_open
XRPUSDT,1677816000000,1677859200000,1677859200000,426131.5155774715,SHORT,0.0001,0.3673,15.651810567160531,mark_candle_open
BNBUSDT,1677816000000,1677888000000,1677888000001,714.1240624874331,SHORT,-3.295e-05,290.34,-6.831812810970714,mark_candle_open
BNBUSDT,1677816000000,1677916800000,1677916800008,714.1240624874331,SHORT,-9.138e-05,289.94945597,-18.921132146308953,mark_candle_open
BNBUSDT,1677816000000,1677945600000,1677945600012,714.1240624874331,SHORT,-0.00019281,289.9396402,-39.92186458499356,mark_candle_open
BNBUSDT,1677816000000,1677974400000,1677974400000,714.1240624874331,SHORT,-9.205e-05,289.48517051,-19.02934240779082,mark_candle_open
ADAUSDT,1678190400000,1678204800000,1678204800017,497632.81072199746,SHORT,-3.82e-05,0.3274017,-6.223766637475319,mark_candle_open
LINKUSDT,1678190400000,1678204800000,1678204800017,24049.61923802632,SHORT,2.644e-05,6.80609187,4.327802791193602,mark_candle_open
LINKUSDT,1678190400000,1678233600000,1678233600000,24049.61923802632,SHORT,8.618e-05,6.881,14.261534355405718,mark_candle_open
BTCUSDT,1678219200000,1678233600000,1678233600000,11.741421767114234,SHORT,2.917e-05,22187.22204807,7.599063045727365,mark_candle_open
ETHUSDT,1678219200000,1678233600000,1678233600000,141.86399093208786,SHORT,8.208e-05,1561.33453632,18.180485949081596,mark_candle_open
BTCUSDT,1678219200000,1678262400000,1678262400014,11.741421767114234,SHORT,3.816e-05,21962.3,9.840266816848075,mark_candle_open
BCHUSDT,1678248000000,1678262400000,1678262400014,1362.9000988532105,SHORT,-0.00039494,119.7,-64.4301726754181,mark_candle_open
BTCUSDT,1678219200000,1678291200000,1678291200021,11.741421767114234,SHORT,0.0001,22130.45075445,25.98429562043489,mark_candle_open
BCHUSDT,1678248000000,1678291200000,1678291200021,681.4500494266052,SHORT,-0.00024985,119.90359649,-20.414821691871374,mark_candle_open
ETHUSDT,1678262400000,1678291200000,1678291200021,142.23335664296886,SHORT,8.786e-05,1559.65404789,19.490408201859932,mark_candle_open
BTCUSDT,1678219200000,1678320000000,1678320000010,5.870710883557117,SHORT,0.0001,21695.3,12.736683383203673,mark_candle_open
BCHUSDT,1678248000000,1678320000000,1678320000010,681.4500494266052,SHORT,-0.00031935,116.53,-25.359383669829544,mark_candle_open
ETHUSDT,1678262400000,1678320000000,1678320000010,142.23335664296886,SHORT,9.084e-05,1531.82043703,19.791852436504662,mark_candle_open
LINKUSDT,1678291200000,1678320000000,1678320000010,8699.453609277545,SHORT,6.4e-07,6.574,0.03660173313752997,mark_candle_open
BTCUSDT,1678219200000,1678348800000,1678348800013,5.870710883557117,SHORT,0.0001,21681.0,12.728288266640186,mark_candle_open
BCHUSDT,1678248000000,1678348800000,1678348800013,681.4500494266052,SHORT,-0.00048288,116.90966917,-38.4701320480083,mark_candle_open
ETHUSDT,1678262400000,1678348800000,1678348800013,142.23335664296886,SHORT,7.599e-05,1536.4,16.605891741824095,mark_candle_open
LINKUSDT,1678291200000,1678348800000,1678348800013,8699.453609277545,SHORT,0.0001,6.597,5.739029546040397,mark_candle_open
AVAXUSDT,1678320000000,1678348800000,1678348800013,5527.398671447473,SHORT,4.507e-05,15.30718511,3.8133237828524975,mark_candle_open
BTCUSDT,1678219200000,1678377600000,1678377600002,5.870710883557117,SHORT,0.0001,21640.2,12.704335766235275,mark_candle_open
BCHUSDT,1678248000000,1678377600000,1678377600002,681.4500494266052,SHORT,-0.00021865,117.32,-17.480568933992167,mark_candle_open
ETHUSDT,1678262400000,1678377600000,1678377600002,142.23335664296886,SHORT,3.643e-05,1533.13907078,7.944053896532913,mark_candle_open
LINKUSDT,1678291200000,1678377600000,1678377600002,8699.453609277545,SHORT,0.0001,6.602,5.7433792728450355,mark_candle_open
BTCUSDT,1678219200000,1678406400000,1678406400000,5.870710883557117,SHORT,-8.895e-05,20349.96103741,-10.626744222176354,mark_candle_open
BCHUSDT,1678248000000,1678406400000,1678406400000,681.4500494266052,SHORT,-0.00041792,110.1,-31.355555672665993,mark_candle_open
ETHUSDT,1678262400000,1678406400000,1678406400000,71.11667832148443,SHORT,-8.306e-05,1436.59772878,-8.48591282358016,mark_candle_open
LINKUSDT,1678291200000,1678406400000,1678406400000,4349.726804638773,SHORT,-0.00012765,6.15314423,-3.4164879641885295,mark_candle_open
BTCUSDT,1678219200000,1678435200000,1678435200000,5.870710883557117,SHORT,5.26e-06,19943.10950374,0.6158420098819393,mark_candle_open
BCHUSDT,1678248000000,1678435200000,1678435200000,681.4500494266052,SHORT,-0.00036048,109.0,-26.77575340608599,mark_candle_open
ETHUSDT,1678262400000,1678435200000,1678435200000,71.11667832148443,SHORT,-9.7e-07,1411.39048507,-0.09736220101934526,mark_candle_open
LINKUSDT,1678291200000,1678435200000,1678435200000,4349.726804638773,SHORT,0.0001,6.167,2.6824765204207313,mark_candle_open
ADAUSDT,1679947200000,1679961600000,1679961600007,190883.23039689375,SHORT,8.326e-05,0.34524936,5.487026591142198,mark_candle_open
BCHUSDT,1679947200000,1679961600000,1679961600007,606.5621290663645,SHORT,-0.00026274,120.32,-19.17517385772068,mark_candle_open
LINKUSDT,1679976000000,1679990400000,1679990400000,10085.61446748902,SHORT,2.894e-05,6.856,2.001113392516691,mark_candle_open
LINKUSDT,1679976000000,1680019200000,1680019200013,10085.61446748902,SHORT,8.052e-05,6.86,5.570962623686401,mark_candle_open
SOLUSDT,1680494400000,1680508800000,1680508800013,3692.2512847282114,SHORT,2.36e-05,20.254,1.7648754374928908,mark_candle_open
ETHUSDT,1680652800000,1680681600000,1680681600016,70.13717591501533,LONG,0.0001,1909.55,-13.393044426851752,mark_candle_open
ETHUSDT,1680652800000,1680710400000,1680710400004,70.13717591501533,LONG,0.0001,1896.59,-13.302146646865895,mark_candle_open
ETHUSDT,1680652800000,1680739200000,1680739200000,70.13717591501533,LONG,5.011e-05,1907.6315812,-6.704512137680245,mark_candle_open
ETHUSDT,1680652800000,1680768000000,1680768000011,70.13717591501533,LONG,6.251e-05,1878.35,-8.235202695391864,mark_candle_open
ETHUSDT,1680652800000,1680796800000,1680796800000,70.13717591501533,LONG,2.17e-06,1873.5326713,-0.2851473104924078,mark_candle_open
ETHUSDT,1680652800000,1680825600000,1680825600006,70.13717591501533,LONG,2.088e-05,1871.43500926,-2.740649635642768,mark_candle_open
ETHUSDT,1680652800000,1680854400000,1680854400005,70.13717591501533,LONG,7.093e-05,1850.18,-9.204330761536047,mark_candle_open
BCHUSDT,1680868800000,1680883200000,1680883200000,776.9571531241011,SHORT,-0.00011744,124.51,-11.361020542310985,mark_candle_open
BCHUSDT,1680868800000,1680912000000,1680912000000,776.9571531241011,SHORT,-5.468e-05,124.47,-5.287985612522833,mark_candle_open
BCHUSDT,1680868800000,1680940800000,1680940800014,776.9571531241011,SHORT,2.55e-05,124.67452183,2.4701024194777075,mark_candle_open
BCHUSDT,1680868800000,1680969600000,1680969600018,776.9571531241011,SHORT,-3.763e-05,124.47535544,-3.639273229692567,mark_candle_open
BCHUSDT,1680868800000,1680998400000,1680998400013,776.9571531241011,SHORT,-0.00014445,123.7,-13.883031697097639,mark_candle_open
BCHUSDT,1680868800000,1681027200000,1681027200024,776.9571531241011,SHORT,-2.669e-05,123.94,-2.5701420965083868,mark_candle_open
BCHUSDT,1680868800000,1681056000000,1681056000010,776.9571531241011,SHORT,2.375e-05,124.17531028,2.291373769631955,mark_candle_open
BTCUSDT,1681113600000,1681142400000,1681142400006,8.256711839752061,LONG,6.167e-05,28427.7,-14.475140906383935,mark_candle_open
BTCUSDT,1681113600000,1681171200000,1681171200008,8.256711839752061,LONG,0.0001,29627.41856746,-24.462505766723705,mark_candle_open
BTCUSDT,1681113600000,1681200000000,1681200000007,8.256711839752061,LONG,0.0001,30095.3,-24.84882198308902,mark_candle_open
BTCUSDT,1681113600000,1681228800000,1681228800016,8.256711839752061,LONG,0.0001,30180.61203571,-24.919261672621033,mark_candle_open
BTCUSDT,1681113600000,1681257600000,1681257600006,8.256711839752061,LONG,9.582e-05,30188.0308254,-23.883505970472235,mark_candle_open
BTCUSDT,1681113600000,1681286400000,1681286400008,8.256711839752061,LONG,8.195e-05,29979.4,-20.28518732480393,mark_candle_open
BTCUSDT,1681113600000,1681315200000,1681315200014,8.256711839752061,LONG,1.747e-05,29948.0,-4.319841947910351,mark_candle_open
BTCUSDT,1681113600000,1681344000000,1681344000027,8.256711839752061,LONG,6.665e-05,29874.9,-16.4404515620849,mark_candle_open
BTCUSDT,1681113600000,1681372800000,1681372800010,8.256711839752061,LONG,4.427e-05,30055.0,-10.985842849197732,mark_candle_open
BTCUSDT,1681113600000,1681401600000,1681401600000,8.256711839752061,LONG,0.0001,30428.34378632,-25.12380664045544,mark_candle_open
BTCUSDT,1681113600000,1681430400000,1681430400001,8.256711839752061,LONG,-1.13e-06,30362.7,0.2832865529718291,mark_candle_open
BTCUSDT,1681113600000,1681459200000,1681459200008,8.256711839752061,LONG,0.0001,30739.89222222,-25.381043206390622,mark_candle_open
BTCUSDT,1681113600000,1681488000000,1681488000007,8.256711839752061,LONG,3.42e-05,30232.85026587,-8.537138499696374,mark_candle_open
BTCUSDT,1681113600000,1681516800000,1681516800007,8.256711839752061,LONG,-4.975e-05,30453.46293651,12.509412032469301,mark_candle_open
BTCUSDT,1681113600000,1681545600000,1681545600007,8.256711839752061,LONG,8.455e-05,30421.21801984,-21.237203981395947,mark_candle_open
BTCUSDT,1681113600000,1681574400000,1681574400011,8.256711839752061,LONG,0.0001,30319.8,-25.034185163891454,mark_candle_open
BTCUSDT,1681113600000,1681603200000,1681603200014,8.256711839752061,LONG,7.144e-05,30281.75842857,-17.861982699015783,mark_candle_open
LTCUSDT,1682971200000,1682985600000,1682985600015,2182.571137318229,SHORT,0.0001,86.71,18.92507433168636,mark_candle_open
LTCUSDT,1682971200000,1683014400000,1683014400018,2182.571137318229,SHORT,7.974e-05,87.58,15.242267525652794,mark_candle_open
LTCUSDT,1683403200000,1683417600000,1683417600000,1931.469961949392,SHORT,1.603e-05,83.23,2.5769226062767583,mark_candle_open
LTCUSDT,1683403200000,1683446400000,1683446400000,1931.469961949392,SHORT,2.019e-05,83.63,3.2612671366109405,mark_candle_open
LTCUSDT,1683403200000,1683475200000,1683475200006,1931.469961949392,SHORT,2.095e-05,83.82,3.3917172658120287,mark_candle_open
LTCUSDT,1683403200000,1683504000000,1683504000000,1931.469961949392,SHORT,7.854e-05,83.37603631,12.647948842201762,mark_candle_open
LTCUSDT,1683403200000,1683532800000,1683532800007,965.734980974696,SHORT,7.532e-05,81.0,5.891871860128143,mark_candle_open
LTCUSDT,1683403200000,1683561600000,1683561600015,965.734980974696,SHORT,9.075e-05,81.01,7.099752815894981,mark_candle_open
XRPUSDT,1683532800000,1683561600000,1683561600015,471554.6920445187,SHORT,3.589e-05,0.43314615,7.330607846515593,mark_candle_open
LTCUSDT,1683403200000,1683590400000,1683590400015,965.734980974696,SHORT,-5.678e-05,77.67225556,-4.259114032859395,mark_candle_open
LTCUSDT,1683403200000,1683619200000,1683619200000,965.734980974696,SHORT,5.444e-05,78.70644412,4.137960790178484,mark_candle_open
SOLUSDT,1684267200000,1684281600000,1684281600010,10011.621148388967,SHORT,3.051e-05,20.669,6.313440326214734,mark_candle_open
BNBUSDT,1684324800000,1684339200000,1684339200001,1408.4540069064935,SHORT,-1.822e-05,308.74883226,-7.923122415220705,mark_candle_open
LINKUSDT,1684440000000,1684454400000,1684454400000,32636.730215823147,SHORT,1.524e-05,6.5272558,3.2465510876966275,mark_candle_open
LINKUSDT,1684440000000,1684483200000,1684483200002,32636.730215823147,SHORT,5.671e-05,6.527,12.08036069071021,mark_candle_open
LINKUSDT,1684440000000,1684512000000,1684512000000,32636.730215823147,SHORT,3.412e-05,6.510869,7.250277367804079,mark_candle_open
LINKUSDT,1684440000000,1684540800000,1684540800005,32636.730215823147,SHORT,5.55e-05,6.508,11.788191133574026,mark_candle_open
LINKUSDT,1684440000000,1684569600000,1684569600014,32636.730215823147,SHORT,3.724e-05,6.482,7.8781698630438814,mark_candle_open
LINKUSDT,1684440000000,1684598400000,1684598400020,32636.730215823147,SHORT,2.99e-05,6.497,6.340021002744869,mark_candle_open
LINKUSDT,1684440000000,1684627200000,1684627200014,32636.730215823147,SHORT,-2.51e-05,6.499,-5.323863352783129,mark_candle_open
LINKUSDT,1684440000000,1684656000000,1684656000001,32636.730215823147,SHORT,4.273e-05,6.503,9.068872336240167,mark_candle_open
LINKUSDT,1684440000000,1684684800000,1684684800015,32636.730215823147,SHORT,8.277e-05,6.41582192,17.331330243315136,mark_candle_open
LINKUSDT,1684440000000,1684713600000,1684713600028,32636.730215823147,SHORT,5.235e-05,6.42708326,10.9808827302761,mark_candle_open
LINKUSDT,1684440000000,1684742400000,1684742400000,32636.730215823147,SHORT,0.0001,6.469,21.112700776615995,mark_candle_open
DOGEUSDT,1684713600000,1684742400000,1684742400000,4501912.5115001025,SHORT,4.7e-07,0.07169883,0.1517074741233519,mark_candle_open
SOLUSDT,1684728000000,1684742400000,1684742400000,12728.181939489388,SHORT,7.846e-05,19.68207841,19.655569700559425,mark_candle_open
LINKUSDT,1684915200000,1684944000000,1684944000008,42397.5126679759,SHORT,0.0001,6.26628768,26.567501129398128,mark_candle_open
BCHUSDT,1684915200000,1684944000000,1684944000008,2666.9981803517244,SHORT,-7.643e-05,111.93759862,-22.817211329156574,mark_candle_open
LTCUSDT,1684929600000,1684944000000,1684944000008,2074.3305571328947,SHORT,0.0001,85.92977009,17.824674786509124,mark_candle_open
BCHUSDT,1684915200000,1684972800000,1684972800000,2666.9981803517244,SHORT,-0.00016661,111.93,-49.7359350851029,mark_candle_open
LTCUSDT,1684929600000,1684972800000,1684972800000,2074.3305571328947,SHORT,2.594e-05,85.78,4.6156617904509005,mark_candle_open
BCHUSDT,1684915200000,1685001600000,1685001600025,1333.4990901758622,SHORT,-0.00019901,111.00078307,-29.457349397730326,mark_candle_open
LTCUSDT,1684929600000,1685001600000,1685001600025,1037.1652785664473,SHORT,0.0001,83.95,8.707002513565326,mark_candle_open
LTCUSDT,1684929600000,1685030400000,1685030400016,1037.1652785664473,SHORT,0.0001,84.53970192,8.768164349178122,mark_candle_open
DOGEUSDT,1685534400000,1685548800000,1685548800000,4184883.781055243,SHORT,7.972e-05,0.07112178,23.727572500733835,mark_candle_open
DOGEUSDT,1685534400000,1685577600000,1685577600008,4184883.781055243,SHORT,0.0001,0.07161,29.967952756136594,mark_candle_open
DOGEUSDT,1685534400000,1685606400000,1685606400012,4184883.781055243,SHORT,0.0001,0.07145,29.900994615639714,mark_candle_open
ADAUSDT,1685592000000,1685606400000,1685606400012,640404.6940744795,SHORT,0.0001,0.36331417,23.266809989177343,mark_candle_open
DOGEUSDT,1685534400000,1685635200000,1685635200000,4184883.781055243,SHORT,0.0001,0.07167,29.99306205882293,mark_candle_open
ADAUSDT,1685592000000,1685635200000,1685635200000,640404.6940744795,SHORT,-6.36e-06,0.3641,-1.4829697803556143,mark_candle_open
ADAUSDT,1685592000000,1685664000000,1685664000000,640404.6940744795,SHORT,-1.236e-05,0.36419232,-2.8827286249450945,mark_candle_open
BNBUSDT,1685937600000,1685952000000,1685952000000,1665.6138074549447,SHORT,0.0,301.04912691,0.0,mark_candle_open
BNBUSDT,1685937600000,1685980800000,1685980800000,832.8069037274723,SHORT,0.0,277.05041289,0.0,mark_candle_open
BTCUSDT,1685966400000,1685980800000,1685980800000,6.460820314815385,SHORT,7.856e-05,26031.8,13.212753615226347,mark_candle_open
BTCUSDT,1685966400000,1686009600000,1686009600000,6.460820314815385,SHORT,-7.157e-05,25717.20222222,-11.891657708442732,mark_candle_open
LINKUSDT,1685980800000,1686009600000,1686009600000,44912.11847413867,SHORT,-9.16e-06,6.05130507,-2.489476680879283,mark_candle_open
DOGEUSDT,1685995200000,1686009600000,1686009600000,3325171.067478875,SHORT,-0.00020041,0.06637644,-44.233095907368096,mark_candle_open
BTCUSDT,1685966400000,1686038400000,1686038400009,6.460820314815385,SHORT,-3.047e-05,25706.4,-5.060592622953269,mark_candle_open
LINKUSDT,1685980800000,1686038400000,1686038400009,44912.11847413867,SHORT,3.376e-05,6.082,9.221729833935857,mark_candle_open
DOGEUSDT,1685995200000,1686038400000,1686038400009,3325171.067478875,SHORT,-0.00016663,0.06647761,-36.833465755592464,mark_candle_open
BTCUSDT,1686787200000,1686816000000,1686816000000,11.704848174810168,SHORT,6.193e-05,24974.6,18.103619202964207,mark_candle_open
BTCUSDT,1686787200000,1686844800000,1686844800000,11.704848174810168,SHORT,6.687e-05,24948.4,19.527192451250503,mark_candle_open
BNBUSDT,1687953600000,1687968000000,1687968000000,484.20157991819974,SHORT,0.0,235.06448673,0.0,mark_candle_open
BTCUSDT,1688443200000,1688457600000,1688457600000,7.609054360183092,LONG,0.0001,30904.45656078,-23.5153689942892,mark_candle_open
BTCUSDT,1688443200000,1688486400000,1688486400000,7.609054360183092,LONG,0.0001,30959.4,-23.557175755865245,mark_candle_open
BNBUSDT,1688558400000,1688572800000,1688572800000,515.4260585429506,SHORT,0.0,237.6662043,0.0,mark_candle_open
BNBUSDT,1688558400000,1688601600000,1688601600000,515.4260585429506,SHORT,0.0,238.85,0.0,mark_candle_open
ADAUSDT,1688572800000,1688601600000,1688601600000,294333.13483016443,SHORT,8.46e-06,0.2837,0.7064295455721473,mark_candle_open
AVAXUSDT,1688572800000,1688601600000,1688601600000,6843.9836408031915,SHORT,2.11e-06,12.66200488,0.18284954948541426,mark_candle_open
DOGEUSDT,1688976000000,1689004800000,1689004800000,1772147.8127759905,SHORT,0.0001,0.06477768,11.479562392870303,mark_candle_open
BNBUSDT,1690200000000,1690214400000,1690214400000,1522.7754187284413,SHORT,0.0,237.06931603,0.0,mark_candle_open
BNBUSDT,1690200000000,1690243200000,1690243200000,1522.7754187284413,SHORT,0.0,239.11,0.0,mark_candle_open
BNBUSDT,1690200000000,1690272000000,1690272000000,1522.7754187284413,SHORT,8.855e-05,237.34,32.00334410836328,mark_candle_open
BNBUSDT,1690200000000,1690300800000,1690300800000,1522.7754187284413,SHORT,0.0,237.41,0.0,mark_candle_open
BNBUSDT,1690200000000,1690329600000,1690329600000,1522.7754187284413,SHORT,0.0,237.81805839,0.0,mark_candle_open
BNBUSDT,1690200000000,1690358400000,1690358400001,1522.7754187284413,SHORT,1.89e-06,237.72723782,0.6841898168764168,mark_candle_open
BNBUSDT,1690200000000,1690387200000,1690387200000,1522.7754187284413,SHORT,0.0,238.27,0.0,mark_candle_open
AVAXUSDT,1690819200000,1690848000000,1690848000000,21179.939019382,SHORT,-9.356e-05,12.80622481,-25.37675226452441,mark_candle_open
AVAXUSDT,1690819200000,1690876800000,1690876800000,10589.969509691,SHORT,3.82e-05,12.65,5.1173909661679815,mark_candle_open
BTCUSDT,1690862400000,1690876800000,1690876800000,18.301397106789903,SHORT,6.768e-05,28924.01868877,35.826404747799515,mark_candle_open
ETHUSDT,1690862400000,1690876800000,1690876800000,147.65315961076678,SHORT,3.03e-05,1833.25835394,8.201797566764855,mark_candle_open
BTCUSDT,1690862400000,1690905600000,1690905600000,18.301397106789903,SHORT,0.0001,28943.4,52.97046570206629,mark_candle_open
ETHUSDT,1690862400000,1690905600000,1690905600000,147.65315961076678,SHORT,0.0001,1834.24,27.083133148445288,mark_candle_open
ADAUSDT,1691438400000,1691452800000,1691452800000,812416.7067764719,SHORT,6.479e-05,0.2909,15.311951575882649,mark_candle_open
SOLUSDT,1691553600000,1691568000000,1691568000000,4778.3708265289315,LONG,7.15e-06,24.56066092,-0.8391236111858401,mark_candle_open
SOLUSDT,1691553600000,1691596800000,1691596800000,4778.3708265289315,LONG,6.361e-05,24.551,-7.46232968333193,mark_candle_open
SOLUSDT,1691553600000,1691625600000,1691625600001,4778.3708265289315,LONG,0.0001,24.375,-11.647278889664271,mark_candle_open
SOLUSDT,1691553600000,1691654400000,1691654400000,4778.3708265289315,LONG,0.0001,24.3192049,-11.620617921853944,mark_candle_open
SOLUSDT,1691553600000,1691683200000,1691683200000,4778.3708265289315,LONG,0.0001,24.54862206,-11.730241948298856,mark_candle_open
SOLUSDT,1691553600000,1691712000000,1691712000000,4778.3708265289315,LONG,5.018e-05,24.614,-5.901911643723509,mark_candle_open
SOLUSDT,1691553600000,1691740800000,1691740800000,4778.3708265289315,LONG,0.0001,24.49092467,-11.70267199578457,mark_candle_open
SOLUSDT,1691553600000,1691769600000,1691769600000,4778.3708265289315,LONG,0.0001,24.54377762,-11.727927095222169,mark_candle_open
SOLUSDT,1691553600000,1691798400000,1691798400000,4778.3708265289315,LONG,0.0001,24.612,-11.760526278253007,mark_candle_open
LTCUSDT,1691971200000,1692000000000,1692000000000,2149.588033845717,SHORT,0.0001,82.19,17.667464050177948,mark_candle_open
BNBUSDT,1692100800000,1692115200000,1692115200000,2571.2538559623267,SHORT,0.0,238.91,0.0,mark_candle_open
BTCUSDT,1692129600000,1692144000000,1692144000000,19.61001374277124,SHORT,0.0001,29188.8,57.23927691350011,mark_candle_open
ETHUSDT,1692129600000,1692144000000,1692144000000,138.75001841700183,SHORT,7.286e-05,1828.29659901,18.482846969109875,mark_candle_open
BTCUSDT,1692129600000,1692172800000,1692172800001,19.61001374277124,SHORT,0.0001,29187.95872161,57.23762716542118,mark_candle_open
ETHUSDT,1692129600000,1692172800000,1692172800001,138.75001841700183,SHORT,9.487e-05,1826.69716863,24.045206195468612,mark_candle_open
BTCUSDT,1692129600000,1692201600000,1692201600000,19.61001374277124,SHORT,0.0001,29098.85854396,57.06290159460119,mark_candle_open
ETHUSDT,1692129600000,1692201600000,1692201600000,138.75001841700183,SHORT,0.0001,1819.96224118,25.251979448197293,mark_candle_open
BTCUSDT,1692129600000,1692230400000,1692230400000,9.80500687138562,SHORT,0.0001,28716.37077839,28.15642128033712,mark_candle_open
ETHUSDT,1692129600000,1692230400000,1692230400000,69.37500920850091,SHORT,0.0001,1807.19,12.537382289151077,mark_candle_open
BTCUSDT,1692129600000,1692259200000,1692259200000,9.80500687138562,SHORT,0.0001,28614.52511355,28.05656153597942,mark_candle_open
BTCUSDT,1692129600000,1692288000000,1692288000000,9.80500687138562,SHORT,0.0001,27920.8,27.376363585458364,mark_candle_open
BTCUSDT,1692129600000,1692316800000,1692316800000,9.80500687138562,SHORT,0.0001,26610.08380037,26.091205451077506,mark_candle_open
AVAXUSDT,1693886400000,1693900800000,1693900800000,28670.379596260376,SHORT,-3.911e-05,9.786,-10.973027571251349,mark_candle_open
ADAUSDT,1694174400000,1694188800000,1694188800000,1186452.7001933514,SHORT,-0.00013266,0.25392109,-39.96586303787506,mark_candle_open
ADAUSDT,1694174400000,1694217600000,1694217600000,1186452.7001933514,SHORT,-0.00013847,0.2542,-41.762036391605584,mark_candle_open
ADAUSDT,1694174400000,1694246400000,1694246400000,1186452.7001933514,SHORT,1.098e-05,0.25531699,3.326078423454313,mark_candle_open
ADAUSDT,1694174400000,1694275200000,1694275200000,1186452.7001933514,SHORT,-1.037e-05,0.25411376,-3.1264923310649184,mark_candle_open
ADAUSDT,1694174400000,1694304000000,1694304000000,1186452.7001933514,SHORT,-0.0002666,0.25304721,-80.04093025186634,mark_candle_open
ADAUSDT,1694174400000,1694332800000,1694332800000,593226.3500966757,SHORT,-0.00015188,0.2494,-22.470744982339166,mark_candle_open
SOLUSDT,1694332800000,1694361600000,1694361600000,5501.532047443978,SHORT,-0.00047908,18.19821179,-47.96455317531241,mark_candle_open
DOGEUSDT,1694332800000,1694361600000,1694361600000,4782696.773321024,SHORT,-0.00011195,0.06136121,-32.85419723724256,mark_candle_open
LTCUSDT,1694332800000,1694361600000,1694361600000,1276.3882118310835,SHORT,-4.127e-05,60.88756305,-3.2073462419753342,mark_candle_open
DOGEUSDT,1694332800000,1694390400000,1694390400000,2391348.386660512,SHORT,-1.44e-06,0.06126,-0.21095136312022505,mark_candle_open
LTCUSDT,1694332800000,1694390400000,1694390400000,1276.3882118310835,SHORT,-1.95e-05,61.07699749,-1.520180212400317,mark_candle_open
DOGEUSDT,1694332800000,1694419200000,1694419200000,2391348.386660512,SHORT,1.068e-05,0.06179902,1.5783222987484635,mark_candle_open
LTCUSDT,1694332800000,1694419200000,1694419200000,1276.3882118310835,SHORT,6.078e-05,61.36,4.760239801606122,mark_candle_open
DOGEUSDT,1694332800000,1694448000000,1694448000001,2391348.386660512,SHORT,5.28e-06,0.06017116,0.7597402897365153,mark_candle_open
DOGEUSDT,1694332800000,1694476800000,1694476800000,2391348.386660512,SHORT,-7.355e-05,0.06044598,-10.631461031191504,mark_candle_open
ETHUSDT,1695614400000,1695628800000,1695628800000,322.35799068882716,SHORT,4.305e-05,1580.51,21.933545699527905,mark_candle_open
XRPUSDT,1695614400000,1695628800000,1695628800000,416271.29024370236,SHORT,0.0001,0.49595698,20.64526519699701,mark_candle_open
ETHUSDT,1695614400000,1695657600000,1695657600000,322.35799068882716,SHORT,5.13e-05,1583.8,26.191245043997075,mark_candle_open
XRPUSDT,1695614400000,1695657600000,1695657600000,416271.29024370236,SHORT,3.846e-05,0.49875085,7.984898277432681,mark_candle_open
BNBUSDT,1695643200000,1695657600000,1695657600000,1681.0414843133578,SHORT,0.0,209.07731392,0.0,mark_candle_open
SOLUSDT,1695744000000,1695772800000,1695772800000,15420.31574798904,SHORT,7.51e-05,19.01967428,22.026032649895107,mark_candle_open
SOLUSDT,1695744000000,1695801600000,1695801600001,15420.31574798904,SHORT,3.583e-05,18.939,10.463985247050221,mark_candle_open
ETHUSDT,1696852800000,1696867200000,1696867200000,117.16764039401654,SHORT,3.935e-05,1585.64,7.310667189320397,mark_candle_open
BNBUSDT,1696852800000,1696867200000,1696867200000,1120.241180064382,SHORT,0.0,206.88037006,0.0,mark_candle_open
BNBUSDT,1696881600000,1696896000000,1696896000000,964.9949933636717,SHORT,0.0,205.83,0.0,mark_candle_open
BTCUSDT,1699502400000,1699516800000,1699516800000,5.112149711607098,LONG,0.0001,36552.0,-18.685929625866265,funding_record
BTCUSDT,1699502400000,1699545600000,1699545600000,5.112149711607098,LONG,0.00020027,37133.04096275,-38.01718693921857,funding_record
BCHUSDT,1700611200000,1700640000000,1700640000000,326.5268941783935,SHORT,-0.00020952,220.0032283,-15.051282131657912,funding_record
BCHUSDT,1700611200000,1700668800000,1700668800000,326.5268941783935,SHORT,-0.00023678,218.92503676,-16.926197537030173,funding_record
BCHUSDT,1701115200000,1701129600000,1701129600000,508.86129504042304,SHORT,0.0001,223.1143269,11.35342453284063,funding_record
ADAUSDT,1705579200000,1705593600000,1705593600000,329034.2832225758,SHORT,0.0001,0.52023096,17.117382103379253,funding_record
ADAUSDT,1705579200000,1705622400000,1705622400000,329034.2832225758,SHORT,0.0001,0.50240216,16.530753460507388,funding_record
XRPUSDT,1705608000000,1705622400000,1705622400000,427265.33669361536,SHORT,0.0001,0.55196547,23.583571238279962,funding_record
DOGEUSDT,1705608000000,1705622400000,1705622400000,2693427.5103523983,SHORT,0.0001,0.07806417,21.02601830508264,funding_record
ADAUSDT,1705579200000,1705651200000,1705651200000,164517.1416112879,SHORT,0.0001,0.4995,8.217631223483831,funding_record
XRPUSDT,1705608000000,1705651200000,1705651200000,427265.33669361536,SHORT,0.0001,0.54731761,23.38498429149949,funding_record
DOGEUSDT,1705608000000,1705651200000,1705651200000,2693427.5103523983,SHORT,0.0001,0.07814555,21.047937418161883,funding_record
BTCUSDT,1705636800000,1705651200000,1705651200000,2.9759578259016446,SHORT,0.0001,41282.0,12.285349096887169,funding_record
ADAUSDT,1705579200000,1705680000000,1705680000002,164517.1416112879,SHORT,0.0001,0.48849605,8.036597383440478,funding_record
XRPUSDT,1705608000000,1705680000000,1705680000002,427265.33669361536,SHORT,0.0001,0.5388,23.021056341051995,funding_record
DOGEUSDT,1705608000000,1705680000000,1705680000002,2693427.5103523983,SHORT,0.0001,0.07743375,20.856219247975,funding_record
BTCUSDT,1705636800000,1705680000000,1705680000002,2.9759578259016446,SHORT,0.0001,40897.1,12.170804480168215,funding_record
XRPUSDT,1705924800000,1705939200000,1705939200000,480953.34322273405,SHORT,0.0001,0.5287,25.42800325618595,funding_record
AVAXUSDT,1705924800000,1705939200000,1705939200000,4699.720834824342,SHORT,0.0001,30.60920765,14.385473093016964,funding_record
XRPUSDT,1705924800000,1705968000000,1705968000000,480953.34322273405,SHORT,0.0001,0.5275414,25.372280001840167,funding_record
AVAXUSDT,1705924800000,1705968000000,1705968000000,2349.860417412171,SHORT,0.0001,29.53310601,6.93986768161365,funding_record
BTCUSDT,1705939200000,1705968000000,1705968000000,3.8366178141280614,SHORT,0.0001,39566.15381552,15.180021056515503,funding_record
ADAUSDT,1705953600000,1705968000000,1705968000000,358191.7146832076,SHORT,0.0001,0.47871112,17.147035691071874,funding_record
XRPUSDT,1705924800000,1705996800000,1705996800000,480953.34322273405,SHORT,0.0001,0.52244843,25.127331906996854,funding_record
AVAXUSDT,1705924800000,1705996800000,1705996800000,2349.860417412171,SHORT,0.0001,29.3276976,6.891599572407394,funding_record
BTCUSDT,1705939200000,1705996800000,1705996800000,3.8366178141280614,SHORT,0.0001,39777.14965957,15.260972097914422,funding_record
ADAUSDT,1705953600000,1705996800000,1705996800000,358191.7146832076,SHORT,0.0001,0.4751,17.017688364599195,funding_record
XRPUSDT,1705924800000,1706025600000,1706025600000,240476.67161136703,SHORT,0.0001,0.5103,12.271524552328058,funding_record
AVAXUSDT,1705924800000,1706025600000,1706025600000,2349.860417412171,SHORT,0.0001,29.07536364,6.8323046139501065,funding_record
BTCUSDT,1705939200000,1706025600000,1706025600000,3.8366178141280614,SHORT,0.0001,39204.77723404,15.041374673504013,funding_record
ADAUSDT,1705953600000,1706025600000,1706025600000,179095.8573416038,SHORT,0.0001,0.46730578,8.369252930978691,funding_record
XRPUSDT,1706644800000,1706659200000,1706659200000,273876.7161193885,SHORT,0.0001,0.5106,13.98414512505598,funding_record
XRPUSDT,1706644800000,1706688000000,1706688000000,273876.7161193885,SHORT,1.751e-05,0.5109,2.4500624857870767,funding_record
XRPUSDT,1706644800000,1706716800000,1706716800000,136938.35805969426,SHORT,0.0001,0.5086,6.964684890916052,funding_record
BNBUSDT,1706745600000,1706774400000,1706774400000,1218.9919635243632,SHORT,0.0,298.08530778,0.0,funding_record
LTCUSDT,1706745600000,1706774400000,1706774400000,4094.308860751101,SHORT,0.0001,66.55,27.24762546829858,funding_record
AVAXUSDT,1706745600000,1706774400000,1706774400000,4020.701785787743,SHORT,0.0001,33.34,13.405019753816337,funding_record
BNBUSDT,1706745600000,1706803200000,1706803200002,1218.9919635243632,SHORT,0.0,299.85,0.0,funding_record
LTCUSDT,1706745600000,1706803200000,1706803200002,4094.308860751101,SHORT,0.0001,66.67,27.29675717462759,funding_record
AVAXUSDT,1706745600000,1706803200000,1706803200002,4020.701785787743,SHORT,0.0001,33.35999781,13.413060276854223,funding_record
BNBUSDT,1706745600000,1706832000000,1706832000000,1218.9919635243632,SHORT,0.0,300.12293225,0.0,funding_record
AVAXUSDT,1706745600000,1706832000000,1706832000000,4020.701785787743,SHORT,0.0001,33.841,13.606456913284303,funding_record
DOGEUSDT,1707105600000,1707120000000,1707120000000,4192450.9129911843,SHORT,0.0001,0.07871696,33.00169908198905,funding_record
BTCUSDT,1707393600000,1707408000000,1707408000000,5.846805660952058,LONG,2.59e-05,45411.12230496,-6.876709180337204,funding_record
BTCUSDT,1707393600000,1707436800000,1707436800000,5.846805660952058,LONG,3.16e-05,45269.2,-8.363894788525961,funding_record
BTCUSDT,1707393600000,1707465600000,1707465600000,5.846805660952058,LONG,0.0001,46189.13810284,-27.005891413418134,funding_record
BTCUSDT,1707393600000,1707494400000,1707494400001,5.846805660952058,LONG,9.801e-05,47136.9,-27.011584791391247,funding_record
BTCUSDT,1707393600000,1707523200000,1707523200001,5.846805660952058,LONG,8.041e-05,47116.64691288,-22.15149780156156,funding_record
BTCUSDT,1707393600000,1707552000000,1707552000000,5.846805660952058,LONG,0.0001,47132.3889697,-27.55739186422363,funding_record
BTCUSDT,1707393600000,1707580800000,1707580800000,5.846805660952058,LONG,0.0001,47334.5777112,-27.67560769206193,funding_record
BTCUSDT,1707393600000,1707609600000,1707609600000,5.846805660952058,LONG,0.0001,47734.61973485,-27.90950448891148,funding_record
BTCUSDT,1707393600000,1707638400000,1707638400001,5.846805660952058,LONG,0.0001,48169.53924621,-28.1637934750193,funding_record
BTCUSDT,1707393600000,1707667200000,1707667200000,5.846805660952058,LONG,0.0001,48145.85068561,-28.149943233997707,funding_record
BTCUSDT,1707393600000,1707696000000,1707696000000,5.846805660952058,LONG,0.0001,48298.07332955,-28.23894485562906,funding_record
BTCUSDT,1707393600000,1707724800000,1707724800000,5.846805660952058,LONG,0.0001,48206.78867803,-28.185572493902544,funding_record
BTCUSDT,1707393600000,1707753600000,1707753600000,5.846805660952058,LONG,0.0001,49919.4,-29.18690305113302,funding_record
BTCUSDT,1707393600000,1707782400000,1707782400000,5.846805660952058,LONG,0.0001,49935.64595076,-29.19640174282013,funding_record
BTCUSDT,1707393600000,1707811200000,1707811200000,5.846805660952058,LONG,0.0001,50016.04285106,-29.243408247999838,funding_record
BTCUSDT,1707393600000,1707840000000,1707840000000,5.846805660952058,LONG,0.0001,48753.2,-28.505048574952788,funding_record
BTCUSDT,1707393600000,1707868800000,1707868800000,5.846805660952058,LONG,0.0001,49697.29248227,-29.057041101932644,funding_record
BTCUSDT,1707393600000,1707897600000,1707897600000,5.846805660952058,LONG,0.0001,49841.90018794,-29.14159041714551,funding_record
BTCUSDT,1707393600000,1707926400000,1707926400000,5.846805660952058,LONG,0.00012283,51610.33415603,-37.06463959960953,funding_record
BTCUSDT,1707393600000,1707955200000,1707955200000,5.846805660952058,LONG,0.0001,51816.90327305,-30.296336338987395,funding_record
BTCUSDT,1707393600000,1707984000000,1707984000000,5.846805660952058,LONG,0.0001,51802.4,-30.28785655709029,funding_record
BTCUSDT,1707393600000,1708012800000,1708012800000,5.846805660952058,LONG,0.0001,51961.58883688,-30.38093117635333,funding_record
BTCUSDT,1707393600000,1708041600000,1708041600000,5.846805660952058,LONG,0.0001,51899.1,-30.3443951678317,funding_record
BTCUSDT,1707393600000,1708070400000,1708070400000,5.846805660952058,LONG,0.0001,51779.57268794,-30.274509871352624,funding_record
BTCUSDT,1707393600000,1708099200000,1708099200000,5.846805660952058,LONG,0.0001,51909.3,-30.35035890960587,funding_record
BTCUSDT,1707393600000,1708128000000,1708128000000,5.846805660952058,LONG,0.0001,52145.88278014,-30.4886842634265,funding_record
BTCUSDT,1707393600000,1708156800000,1708156800000,5.846805660952058,LONG,0.0001,51934.0,-30.36480051958842,funding_record
SOLUSDT,1711425600000,1711440000000,1711440000000,536.4928676954237,LONG,0.00020767,194.12614301,-21.62826795479989,funding_record
SOLUSDT,1711425600000,1711468800000,1711468800000,536.4928676954237,LONG,0.00025173,190.491,-25.726066633790328,funding_record
SOLUSDT,1711425600000,1711497600000,1711497600000,536.4928676954237,LONG,0.00032068,190.623,-32.795263732330234,funding_record
SOLUSDT,1711425600000,1711526400000,1711526400001,536.4928676954237,LONG,0.0004048,186.94178383,-40.598579561377335,funding_record
ETHUSDT,1711900800000,1711929600000,1711929600000,55.60910948096366,LONG,0.00060909,3648.79,-123.58799274970711,funding_record
LINKUSDT,1711972800000,1711987200000,1711987200000,6330.400088445629,SHORT,0.00013827,17.95871424,15.719341955908257,funding_record
LINKUSDT,1711972800000,1712016000000,1712016000007,6330.400088445629,SHORT,0.00014822,18.377,17.242990266687645,funding_record
XRPUSDT,1712966400000,1712995200000,1712995200000,268299.5315825046,SHORT,0.0001,0.54254901,14.556564524355162,funding_record
XRPUSDT,1712966400000,1713024000000,1713024000001,268299.5315825046,SHORT,0.0001,0.54311393,14.57172130149332,funding_record
XRPUSDT,1712966400000,1713052800000,1713052800000,134149.7657912523,SHORT,3.758e-05,0.4786,2.4127892477711166,funding_record
DOGEUSDT,1714003200000,1714032000000,1714032000000,1052741.6326738175,SHORT,6.134e-05,0.15004187,9.688979524672893,funding_record
DOGEUSDT,1714003200000,1714060800000,1714060800010,1052741.6326738175,SHORT,0.0001,0.15142295,15.940924360728586,funding_record
DOGEUSDT,1714003200000,1714089600000,1714089600001,1052741.6326738175,SHORT,-5.713e-05,0.15123,-9.095445470452105,funding_record
DOGEUSDT,1714003200000,1714118400000,1714118400000,1052741.6326738175,SHORT,3.1e-05,0.15011,4.8988384409006684,funding_record
DOGEUSDT,1714003200000,1714147200000,1714147200000,1052741.6326738175,SHORT,4.962e-05,0.1481721,7.740071886916539,funding_record
DOGEUSDT,1714003200000,1714176000000,1714176000000,1052741.6326738175,SHORT,5.04e-05,0.14791,7.847835150394731,funding_record
DOGEUSDT,1714003200000,1714204800000,1714204800001,526370.8163369087,SHORT,5.729e-05,0.14501,4.372890247692197,funding_record
DOGEUSDT,1714003200000,1714233600000,1714233600000,526370.8163369087,SHORT,9.119e-05,0.14557,6.987324297758398,funding_record
XRPUSDT,1714348800000,1714377600000,1714377600000,611030.4769638666,SHORT,-0.0001151,0.5022,-35.319529086647314,funding_record
BCHUSDT,1714363200000,1714377600000,1714377600000,489.24955460568714,SHORT,-0.00014903,456.09,-33.25482682953687,funding_record
XRPUSDT,1714348800000,1714406400000,1714406400000,611030.4769638666,SHORT,0.0001,0.5122,31.296981030089245,funding_record
BCHUSDT,1714363200000,1714406400000,1714406400000,489.24955460568714,SHORT,-0.00010585,461.05,-23.876426481928277,funding_record
DOGEUSDT,1714377600000,1714406400000,1714406400000,1514577.271176283,SHORT,9.017e-05,0.14317,19.55264565703319,funding_record
DOGEUSDT,1714377600000,1714435200000,1714435200000,1514577.271176283,SHORT,3.634e-05,0.14334,7.889396049871842,funding_record
BTCUSDT,1714478400000,1714492800000,1714492800000,4.95766265896964,SHORT,0.0001,60771.32493617,30.12837283721605,funding_record
SOLUSDT,1714478400000,1714492800000,1714492800000,1240.0315963041514,SHORT,4.102e-05,127.72039636,6.496637952674056,funding_record
ADAUSDT,1714478400000,1714492800000,1714492800000,452362.09514801495,SHORT,-6.743e-05,0.4358,-13.293109813846996,funding_record
BTCUSDT,1714478400000,1714521600000,1714521600000,2.47883132948482,SHORT,0.0001,60651.1,15.034384684771675,funding_record
SOLUSDT,1714478400000,1714521600000,1714521600000,1240.0315963041514,SHORT,-3.566e-05,126.69326163,-5.602316068424613,funding_record
BTCUSDT,1714478400000,1714550400000,1714550400000,2.47883132948482,SHORT,8.946e-05,57476.7,12.745817496661296,funding_record
SOLUSDT,1714478400000,1714550400000,1714550400000,620.0157981520757,SHORT,0.0001,120.544,7.473918437244381,funding_record
BTCUSDT,1714478400000,1714579200000,1714579200000,2.47883132948482,SHORT,9.902e-05,56865.26551064,13.957799957051598,funding_record
SOLUSDT,1714478400000,1714579200000,1714579200000,620.0157981520757,SHORT,9.105e-05,123.33236117,6.962412524358024,funding_record
ADAUSDT,1715126400000,1715155200000,1715155200000,547080.6314531273,SHORT,-2.083e-05,0.43871642,-4.999476124197545,funding_record
AVAXUSDT,1715140800000,1715155200000,1715155200000,5148.744444403239,SHORT,0.0001,34.546,17.78685255763543,funding_record
AVAXUSDT,1715140800000,1715184000000,1715184000000,5148.744444403239,SHORT,0.0001,34.472,17.748751848746846,funding_record
LINKUSDT,1715155200000,1715184000000,1715184000000,15999.861528802865,SHORT,0.0001,13.997,22.39500618186537,funding_record
AVAXUSDT,1715140800000,1715212800000,1715212800000,5148.744444403239,SHORT,6.419e-05,33.99775356,11.236186356416592,funding_record
LINKUSDT,1715155200000,1715212800000,1715212800000,15999.861528802865,SHORT,0.0001,13.89254209,22.227874972306555,funding_record
AVAXUSDT,1715140800000,1715241600000,1715241600000,5148.744444403239,SHORT,-1.162e-05,34.25441533,-2.0493872198813086,funding_record
AVAXUSDT,1715140800000,1715270400000,1715270400000,5148.744444403239,SHORT,5.879e-05,34.32938315,10.391321849265402,funding_record
ETHUSDT,1715371200000,1715385600000,1715385600000,90.84098744081342,SHORT,7.578e-05,2908.85,20.024319862718183,funding_record
ETHUSDT,1715371200000,1715414400000,1715414400000,90.84098744081342,SHORT,6.69e-05,2920.9,17.75107475044183,funding_record
LINKUSDT,1715385600000,1715414400000,1715414400000,16779.08073799597,SHORT,-1.935e-05,13.62241671,-4.422861037088893,funding_record
ETHUSDT,1715371200000,1715443200000,1715443200000,90.84098744081342,SHORT,8.517e-05,2924.5,22.626642720027014,funding_record
LINKUSDT,1715385600000,1715443200000,1715443200000,16779.08073799597,SHORT,5.454e-05,13.48415031,12.339764812913996,funding_record
ETHUSDT,1715371200000,1715472000000,1715472000000,90.84098744081342,SHORT,8.01e-05,2911.54623485,21.18546756976385,funding_record
LINKUSDT,1715385600000,1715472000000,1715472000000,16779.08073799597,SHORT,7.071e-05,13.29983117,15.779568718332412,funding_record
ETHUSDT,1715371200000,1715500800000,1715500800000,90.84098744081342,SHORT,7.264e-05,2906.48,19.178958557175495,funding_record
LINKUSDT,1715385600000,1715500800000,1715500800000,16779.08073799597,SHORT,-2.63e-06,13.304,-0.5870919810637247,funding_record
ETHUSDT,1715371200000,1715529600000,1715529600000,90.84098744081342,SHORT,6.269e-05,2936.83,16.724722633670456,funding_record
LINKUSDT,1715385600000,1715529600000,1715529600000,16779.08073799597,SHORT,2.58e-05,13.52,5.852811826704802,funding_record
LINKUSDT,1715385600000,1715558400000,1715558400001,16779.08073799597,SHORT,5.427e-05,13.551,12.339550243583261,funding_record
LINKUSDT,1715385600000,1715587200000,1715587200001,16779.08073799597,SHORT,8.993e-05,13.481,20.342056953483105,funding_record
BNBUSDT,1715702400000,1715731200000,1715731200000,563.5822143442629,SHORT,-0.00101022,566.59,-322.58349770387065,funding_record
LINKUSDT,1715716800000,1715731200000,1715731200000,17171.54634910752,SHORT,-0.00011551,12.975,-25.73572201124069,funding_record
LTCUSDT,1715716800000,1715731200000,1715731200000,3565.2417583333868,SHORT,-1.571e-05,78.74798622,-4.410670615130998,funding_record
BNBUSDT,1715702400000,1715760000000,1715760000000,563.5822143442629,SHORT,-0.00069557,568.79532728,-222.9739572598394,funding_record
LINKUSDT,1715716800000,1715760000000,1715760000000,17171.54634910752,SHORT,-6.929e-05,13.09229903,-15.577432708778314,funding_record
LTCUSDT,1715716800000,1715760000000,1715760000000,3565.2417583333868,SHORT,8.981e-05,78.77307419,25.22269425793182,funding_record
ADAUSDT,1717056000000,1717084800000,1717084800000,298566.87912401214,SHORT,0.0001,0.4506207,13.454041606767774,funding_record
BCHUSDT,1717200000000,1717228800000,1717228800000,252.293783639764,SHORT,0.0001,458.72,11.573220443123255,funding_record
BCHUSDT,1717200000000,1717257600000,1717257600001,252.293783639764,SHORT,0.0001,460.77,11.624940668769405,funding_record
SOLUSDT,1717603200000,1717632000000,1717632000000,1012.6993378395487,LONG,0.00016193,173.6462033,-28.475616408585367,funding_record
SOLUSDT,1717603200000,1717660800000,1717660800008,1012.6993378395487,LONG,0.00020255,172.729,-35.43056127214798,funding_record
SOLUSDT,1717603200000,1717689600000,1717689600000,1012.6993378395487,LONG,0.00020758,173.08969027,-36.38624458025878,funding_record
XRPUSDT,1717790400000,1717804800000,1717804800000,204364.6792820332,SHORT,0.0001,0.49895101,10.196796313609655,funding_record
DOGEUSDT,1717790400000,1717804800000,1717804800000,519955.9253536114,SHORT,0.0001,0.14821,7.706266769665876,funding_record
XRPUSDT,1717790400000,1717833600000,1717833600000,204364.6792820332,SHORT,0.0001,0.5003,10.22436490448012,funding_record
DOGEUSDT,1717790400000,1717833600000,1717833600000,519955.9253536114,SHORT,0.0001,0.14833156,7.712587353894475,funding_record
XRPUSDT,1717790400000,1717862400000,1717862400000,204364.6792820332,SHORT,0.0001,0.4931,10.077222335397057,funding_record
DOGEUSDT,1717790400000,1717862400000,1717862400000,519955.9253536114,SHORT,0.0001,0.14631666,7.607821434494974,funding_record
XRPUSDT,1717790400000,1717891200000,1717891200000,204364.6792820332,SHORT,0.0001,0.4926,10.067004101432957,funding_record
DOGEUSDT,1717790400000,1717891200000,1717891200000,519955.9253536114,SHORT,0.0001,0.14589,7.585636994983837,funding_record
XRPUSDT,1717790400000,1717920000000,1717920000000,204364.6792820332,SHORT,0.0001,0.4939205,10.093990457332147,funding_record
DOGEUSDT,1717790400000,1717920000000,1717920000000,519955.9253536114,SHORT,0.0001,0.14566593,7.57398634256444,funding_record
XRPUSDT,1717790400000,1717948800000,1717948800001,204364.6792820332,SHORT,0.0001,0.49515341,10.11918678300551,funding_record
DOGEUSDT,1717790400000,1717948800000,1717948800001,519955.9253536114,SHORT,0.0001,0.14681488,7.6337266786079425,funding_record
XRPUSDT,1717790400000,1717977600000,1717977600000,204364.6792820332,SHORT,0.0001,0.4985,10.187579262209356,funding_record
DOGEUSDT,1717790400000,1717977600000,1717977600000,519955.9253536114,SHORT,0.0001,0.14675626,7.6306786969735185,funding_record
XRPUSDT,1717790400000,1718006400000,1718006400000,204364.6792820332,SHORT,0.0001,0.4937,10.08948421615398,funding_record
DOGEUSDT,1717790400000,1718006400000,1718006400000,519955.9253536114,SHORT,0.0001,0.14341678,7.457040455613532,funding_record
DOGEUSDT,1717790400000,1718035200000,1718035200001,519955.9253536114,SHORT,0.0001,0.14705,7.645951882324856,funding_record
DOGEUSDT,1717790400000,1718064000000,1718064000001,519955.9253536114,SHORT,0.0001,0.14475486,7.5266147180732474,funding_record
DOGEUSDT,1717790400000,1718092800000,1718092800000,259977.9626768057,SHORT,0.0001,0.14105,3.666989163556345,funding_record
DOGEUSDT,1717790400000,1718121600000,1718121600000,259977.9626768057,SHORT,0.0001,0.13677,3.555718595530672,funding_record
DOGEUSDT,1717790400000,1718150400000,1718150400000,259977.9626768057,SHORT,0.0001,0.13801,3.5879558629025956,funding_record
BTCUSDT,1719216000000,1719244800000,1719244800000,3.862136918102372,SHORT,7.488e-05,60823.2,17.58987556164066,funding_record
BNBUSDT,1719216000000,1719244800000,1719244800000,586.1727686464056,SHORT,0.0,561.47837968,0.0,funding_record
BTCUSDT,1719216000000,1719273600000,1719273600000,3.862136918102372,SHORT,7.447e-05,60273.5,17.33546242494063,funding_record
BNBUSDT,1719216000000,1719273600000,1719273600000,293.0863843232028,SHORT,0.0,568.04703428,0.0,funding_record
BCHUSDT,1719979200000,1719993600000,1719993600001,621.627381996033,SHORT,8.99e-06,375.09570113,2.0961961306357613,funding_record
BCHUSDT,1719979200000,1720022400000,1720022400000,621.627381996033,SHORT,8.98e-05,373.08,20.826123582022184,funding_record
DOGEUSDT,1720008000000,1720022400000,1720022400000,1983196.1424222607,SHORT,1.45e-06,0.11818083,0.33984486093817845,funding_record
BCHUSDT,1719979200000,1720051200000,1720051200000,621.627381996033,SHORT,0.0001,372.96,23.18421483892405,funding_record
DOGEUSDT,1720008000000,1720051200000,1720051200000,1983196.1424222607,SHORT,0.0001,0.11842,23.485008718564412,funding_record
LTCUSDT,1720036800000,1720051200000,1720051200000,4441.32283169254,SHORT,0.0001,72.12526988,32.03316078600303,funding_record
BCHUSDT,1719979200000,1720080000000,1720080000000,310.8136909980165,SHORT,3.662e-05,356.17461934,4.053978578575306,funding_record
DOGEUSDT,1720008000000,1720080000000,1720080000000,991598.0712111304,SHORT,2.148e-05,0.11208,2.3872509379224582,funding_record
LTCUSDT,1720036800000,1720080000000,1720080000000,2220.66141584627,SHORT,8.322e-05,69.43388983,12.831621903322414,funding_record
BCHUSDT,1719979200000,1720108800000,1720108800000,310.8136909980165,SHORT,7.013e-05,345.29,7.52641186724677,funding_record
DOGEUSDT,1720008000000,1720108800000,1720108800000,991598.0712111304,SHORT,-5.403e-05,0.10972276,-5.878511394249455,funding_record
LTCUSDT,1720036800000,1720108800000,1720108800000,2220.66141584627,SHORT,7.724e-05,68.96,11.828287299927245,funding_record
BCHUSDT,1719979200000,1720137600000,1720137600000,310.8136909980165,SHORT,-0.0002032,331.23,-20.91960639423628,funding_record
DOGEUSDT,1720008000000,1720137600000,1720137600000,991598.0712111304,SHORT,-6.291e-05,0.10499321,-6.549627069347342,funding_record
LTCUSDT,1720036800000,1720137600000,1720137600000,2220.66141584627,SHORT,6.11e-05,65.37,8.869559305661497,funding_record
BCHUSDT,1719979200000,1720166400000,1720166400000,310.8136909980165,SHORT,-0.00023185,297.59,-21.444976485605522,funding_record
DOGEUSDT,1720008000000,1720166400000,1720166400000,991598.0712111304,SHORT,-6.251e-05,0.09638426,-5.974358638907617,funding_record
LTCUSDT,1720036800000,1720166400000,1720166400000,2220.66141584627,SHORT,-9.79e-05,58.67,-12.755019495707893,funding_record
LINKUSDT,1722369600000,1722384000000,1722384000000,11071.495942796413,SHORT,-4.84e-05,13.13171913,-7.036768313375273,funding_record
LINKUSDT,1722369600000,1722412800000,1722412800000,11071.495942796413,SHORT,4.445e-05,13.30042999,6.5455139390585195,funding_record
LINKUSDT,1722369600000,1722441600000,1722441600000,11071.495942796413,SHORT,4.33e-06,13.074,0.626762035350001,funding_record
LINKUSDT,1722369600000,1722470400000,1722470400000,11071.495942796413,SHORT,-5.39e-06,12.824,-0.7652768568005702,funding_record
LINKUSDT,1722369600000,1722499200000,1722499200000,11071.495942796413,SHORT,-5.403e-05,12.82,-7.6688333086187015,funding_record
LINKUSDT,1722369600000,1722528000000,1722528000000,5535.747971398207,SHORT,1.646e-05,12.505,1.1394357371732273,funding_record
ADAUSDT,1723752000000,1723766400000,1723766400000,818537.6183493909,SHORT,-0.00018201,0.32462843,-48.36380311902717,funding_record
DOGEUSDT,1723752000000,1723766400000,1723766400000,2227413.735306068,SHORT,-0.00015554,0.10013,-34.69023199016121,funding_record
AVAXUSDT,1723752000000,1723766400000,1723766400000,11311.622304234044,SHORT,-0.00039148,20.11052084,-89.05489454437154,funding_record
ETHUSDT,1724760000000,1724774400000,1724774400000,69.44007696443317,SHORT,7.429e-05,2578.03712121,13.299328650308178,funding_record
ETHUSDT,1724760000000,1724803200000,1724803200000,34.72003848221659,SHORT,-6.098e-05,2455.98,-5.1998694924025815,funding_record
ETHUSDT,1724760000000,1724832000000,1724832000000,34.72003848221659,SHORT,-7.62e-06,2435.86,-0.6444474253821658,funding_record
BTCUSDT,1724803200000,1724832000000,1724832000000,5.861260818761121,SHORT,2.433e-05,58578.22751773,8.353517423799596,funding_record
SOLUSDT,1724803200000,1724832000000,1724832000000,1608.838074041914,SHORT,1.753e-05,143.912,4.058740269098944,funding_record
BTCUSDT,1724803200000,1724860800000,1724860800001,5.861260818761121,SHORT,1.143e-05,58971.68549645,3.9507615505182625,funding_record
SOLUSDT,1724803200000,1724860800000,1724860800001,1608.838074041914,SHORT,2.718e-05,144.06792168,6.299833608841995,funding_record
BTCUSDT,1724803200000,1724889600000,1724889600000,5.861260818761121,SHORT,-9.76e-06,59009.8,-3.3757090477501968,funding_record
SOLUSDT,1724803200000,1724889600000,1724889600000,1608.838074041914,SHORT,-1.723e-05,143.875,-3.9882552872649057,funding_record
BTCUSDT,1724803200000,1724918400000,1724918400001,5.861260818761121,SHORT,-1.644e-05,59548.9,-5.738080069048128,funding_record
SOLUSDT,1724803200000,1724918400000,1724918400001,1608.838074041914,SHORT,-8.639e-05,144.58952991,-20.096140356047137,funding_record
SOLUSDT,1724803200000,1724947200000,1724947200000,1608.838074041914,SHORT,-9.711e-05,146.02427813,-22.813995819855812,funding_record
SOLUSDT,1724803200000,1724976000000,1724976000000,804.419037020957,SHORT,-3.891e-05,139.948,-4.380364665141976,funding_record
SOLUSDT,1724803200000,1725004800000,1725004800000,804.419037020957,SHORT,3.115e-05,138.93412925,3.48136320104863,funding_record
SOLUSDT,1724803200000,1725033600000,1725033600000,804.419037020957,SHORT,-5.69e-05,133.257,-6.0993652073675655,funding_record
SOLUSDT,1724803200000,1725062400000,1725062400000,804.419037020957,SHORT,-6.239e-05,137.916,-6.921687346211319,funding_record
SOLUSDT,1724803200000,1725091200000,1725091200000,804.419037020957,SHORT,4.9e-05,137.547,5.421625838970956,funding_record
SOLUSDT,1724803200000,1725120000000,1725120000000,804.419037020957,SHORT,1.853e-05,136.57,2.0356966811266926,funding_record
SOLUSDT,1724803200000,1725148800000,1725148800000,804.419037020957,SHORT,-9.59e-06,135.27756038,-1.043582312125156,funding_record
SOLUSDT,1724803200000,1725177600000,1725177600001,804.419037020957,SHORT,-2.631e-05,132.743,-2.80940801084479,funding_record
SOLUSDT,1724803200000,1725206400000,1725206400000,804.419037020957,SHORT,-2.877e-05,134.19245547,-3.1056342061999263,funding_record
BNBUSDT,1725177600000,1725206400000,1725206400000,726.0097450527638,SHORT,-5.365e-05,520.41595886,-20.2704216409556,funding_record
SOLUSDT,1724803200000,1725235200000,1725235200001,804.419037020957,SHORT,-4.426e-05,128.46565098,-4.573837927035902,funding_record
BNBUSDT,1725177600000,1725235200000,1725235200001,726.0097450527638,SHORT,0.0,512.22535575,0.0,funding_record
SOLUSDT,1724803200000,1725264000000,1725264000001,804.419037020957,SHORT,5.21e-06,127.599,0.5347703671122013,funding_record
BNBUSDT,1725177600000,1725264000000,1725264000001,363.0048725263819,SHORT,0.0,503.25,0.0,funding_record
SOLUSDT,1724803200000,1725292800000,1725292800000,804.419037020957,SHORT,-5.556e-05,132.45481665,-5.919872221803617,funding_record
BCHUSDT,1725393600000,1725408000000,1725408000000,1080.0521396010506,SHORT,-0.00017345,308.63,-57.817214510527776,funding_record
BTCUSDT,1725422400000,1725436800000,1725436800000,6.593576984173306,SHORT,1.05e-05,56717.4,3.9266907040425862,funding_record
BCHUSDT,1726430400000,1726444800000,1726444800000,693.4113417024963,SHORT,-6.704e-05,316.12130792,-14.695308801802817,funding_record
BCHUSDT,1726430400000,1726473600000,1726473600001,346.70567085124816,SHORT,-0.00012872,315.3769798,-14.074629332026614,funding_record
SOLUSDT,1726444800000,1726473600000,1726473600001,1458.375018540641,SHORT,-5.218e-05,131.18105959,-9.982617383448966,funding_record
BCHUSDT,1726430400000,1726502400000,1726502400000,346.70567085124816,SHORT,-0.00011977,312.14650771,-12.961864441333702,funding_record
SOLUSDT,1726444800000,1726502400000,1726502400000,1458.375018540641,SHORT,7.164e-05,131.41445866,13.729918015214054,funding_record
BCHUSDT,1726430400000,1726531200000,1726531200001,346.70567085124816,SHORT,-8.68e-06,311.61937962,-0.9377889886129682,funding_record
SOLUSDT,1726444800000,1726531200000,1726531200001,1458.375018540641,SHORT,0.0001,131.412,19.164797793646272,funding_record
BCHUSDT,1726430400000,1726560000000,1726560000000,346.70567085124816,SHORT,-0.00014484,314.86055394,-15.811305008530141,funding_record
SOLUSDT,1726444800000,1726560000000,1726560000000,1458.375018540641,SHORT,2.206e-05,132.191,4.252816188794483,funding_record
BTCUSDT,1727236800000,1727251200000,1727251200003,5.153924099261872,LONG,1.141e-05,63815.43419858,-3.7527479071607157,funding_record
BTCUSDT,1727236800000,1727280000000,1727280000000,5.153924099261872,LONG,1.336e-05,63470.0,-4.370317356070817,funding_record
BTCUSDT,1727409600000,1727424000000,1727424000000,5.066160325443053,LONG,6.722e-05,65443.4617305,-22.28659400363688,funding_record
BTCUSDT,1727409600000,1727452800000,1727452800000,5.066160325443053,LONG,2.275e-05,65974.85614184,-7.603941769574213,funding_record
BTCUSDT,1727409600000,1727481600000,1727481600000,5.066160325443053,LONG,5.455e-05,65749.6,-18.17049671463609,funding_record
BTCUSDT,1727409600000,1727510400000,1727510400001,5.066160325443053,LONG,8.3e-05,65794.28179433,-27.66592354559875,funding_record
BTCUSDT,1727409600000,1727539200000,1727539200000,5.066160325443053,LONG,1.414e-05,65595.27422695,-4.698950726167356,funding_record
BTCUSDT,1727409600000,1727568000000,1727568000001,5.066160325443053,LONG,7.25e-06,65826.6503617,-2.417790642039607,funding_record
BTCUSDT,1727409600000,1727596800000,1727596800000,5.066160325443053,LONG,3.128e-05,65444.82504255,-10.371008373538107,funding_record
BTCUSDT,1727409600000,1727625600000,1727625600000,5.066160325443053,LONG,7.253e-05,65720.0,-24.148722544336156,funding_record
BTCUSDT,1727409600000,1727654400000,1727654400000,5.066160325443053,LONG,3.077e-05,65571.63404255,-10.22168356218798,funding_record
SOLUSDT,1729425600000,1729440000000,1729440000000,1649.2512437167745,LONG,7.01e-05,159.94,-18.49106519879627,funding_record
SOLUSDT,1729425600000,1729468800000,1729468800000,1649.2512437167745,LONG,0.0001,167.39948646,-27.608381124170435,funding_record
SOLUSDT,1729425600000,1729497600000,1729497600000,1649.2512437167745,LONG,0.0001,168.69803437,-27.82254429972977,funding_record
SOLUSDT,1729425600000,1729526400000,1729526400000,1649.2512437167745,LONG,0.0001,165.35329266,-27.270912357216883,funding_record
SOLUSDT,1729425600000,1729555200000,1729555200000,1649.2512437167745,LONG,0.0001,166.17735196,-27.40682043975902,funding_record
SOLUSDT,1729425600000,1729584000000,1729584000000,1649.2512437167745,LONG,0.0001,167.09739629,-27.558558865311724,funding_record
SOLUSDT,1729425600000,1729612800000,1729612800000,1649.2512437167745,LONG,0.0001,167.76859178,-27.669255864977686,funding_record
XRPUSDT,1729598400000,1729612800000,1729612800000,419896.42342500587,SHORT,9.868e-05,0.5333,22.097487654606986,funding_record
SOLUSDT,1729425600000,1729641600000,1729641600000,1649.2512437167745,LONG,0.0001,167.56308353,-27.635362391287032,funding_record
XRPUSDT,1729598400000,1729641600000,1729641600000,419896.42342500587,SHORT,0.0001,0.5336545,22.40796158946598,funding_record
SOLUSDT,1729425600000,1729670400000,1729670400000,1649.2512437167745,LONG,0.0001,165.69,-27.32644385714324,funding_record
XRPUSDT,1729598400000,1729670400000,1729670400000,419896.42342500587,SHORT,0.0001,0.52652993,22.10880344332187,funding_record
SOLUSDT,1729425600000,1729699200000,1729699200000,1649.2512437167745,LONG,0.0001,168.0715563,-27.71922232611889,funding_record
XRPUSDT,1729598400000,1729699200000,1729699200000,419896.42342500587,SHORT,0.0001,0.523913,21.99891948858651,funding_record
SOLUSDT,1729425600000,1729728000000,1729728000000,1649.2512437167745,LONG,0.0001,170.81,-28.170860493926227,funding_record
SOLUSDT,1729425600000,1729756800000,1729756800000,1649.2512437167745,LONG,0.0001,173.52102122,-28.61797600580898,funding_record
SOLUSDT,1729425600000,1729785600000,1729785600000,1649.2512437167745,LONG,0.0001,175.36273498,-28.921720876734014,funding_record
SOLUSDT,1729425600000,1729814400000,1729814400000,1649.2512437167745,LONG,0.0001,177.1013816,-29.208467386775908,funding_record
SOLUSDT,1729425600000,1729843200000,1729843200000,1649.2512437167745,LONG,0.0001,171.86,-28.344031874516492,funding_record
SOLUSDT,1729425600000,1729872000000,1729872000000,1649.2512437167745,LONG,3.16e-05,172.37896655,-8.983760709153113,funding_record
ETHUSDT,1736265600000,1736294400000,1736294400001,99.64436790254882,SHORT,9.658e-05,3379.66537121,32.52472696447902,funding_record
SOLUSDT,1736265600000,1736294400000,1736294400001,1531.0057966954566,SHORT,9.47e-06,202.0757371,2.92982031253412,funding_record
DOGEUSDT,1736265600000,1736294400000,1736294400001,545482.1055679146,SHORT,-0.00017755,0.34780448,-33.68498486955659,funding_record
LINKUSDT,1736280000000,1736294400000,1736294400001,1551.542609483997,SHORT,6.319e-05,21.37826223,2.0959671043993926,funding_record
ETHUSDT,1736265600000,1736323200000,1736323200000,49.82218395127441,SHORT,0.0001,3353.51190909,16.70792872174714,funding_record
SOLUSDT,1736265600000,1736323200000,1736323200000,765.5028983477283,SHORT,9.384e-05,195.59194327,14.050306557950384,funding_record
DOGEUSDT,1736265600000,1736323200000,1736323200000,272741.0527839573,SHORT,0.0001,0.34437383,9.392488094544353,funding_record
LINKUSDT,1736280000000,1736323200000,1736323200000,1551.542609483997,SHORT,0.0001,20.87042349,3.2381351322710707,funding_record
ETHUSDT,1736265600000,1736352000000,1736352000000,49.82218395127441,SHORT,0.0001,3345.99,16.670452927912468,funding_record
SOLUSDT,1736265600000,1736352000000,1736352000000,765.5028983477283,SHORT,-2.658e-05,197.69578628,-4.022529416585614,funding_record
DOGEUSDT,1736265600000,1736352000000,1736352000000,272741.0527839573,SHORT,3.32e-05,0.34626632,3.135442549926165,funding_record
LINKUSDT,1736280000000,1736352000000,1736352000000,1551.542609483997,SHORT,3.857e-05,20.65931516,1.2363153650524445,funding_record
ETHUSDT,1736265600000,1736380800000,1736380800000,49.82218395127441,SHORT,6.609e-05,3325.60962121,10.950394885758298,funding_record
DOGEUSDT,1736265600000,1736380800000,1736380800000,272741.0527839573,SHORT,5.26e-06,0.34208135,0.49075604084334373,funding_record
LINKUSDT,1736280000000,1736380800000,1736380800000,775.7713047419985,SHORT,-3.481e-05,20.426,-0.5515959415856767,funding_record
DOGEUSDT,1736265600000,1736409600000,1736409600000,272741.0527839573,SHORT,9.592e-05,0.33169,8.677448822215602,funding_record
LINKUSDT,1736280000000,1736409600000,1736409600000,775.7713047419985,SHORT,4.432e-05,19.8,0.6807672476780745,funding_record
DOGEUSDT,1736265600000,1736438400000,1736438400000,272741.0527839573,SHORT,-2.099e-05,0.33288,-1.9056829742486905,funding_record
LINKUSDT,1736280000000,1736438400000,1736438400000,775.7713047419985,SHORT,7.029e-05,20.185,1.1006671587332097,funding_record
DOGEUSDT,1736265600000,1736467200000,1736467200000,272741.0527839573,SHORT,-0.00018591,0.32072824,-16.26261813913194,funding_record
LINKUSDT,1736280000000,1736467200000,1736467200000,775.7713047419985,SHORT,4.785e-05,19.63535625,0.7288773230919794,funding_record
LTCUSDT,1736740800000,1736755200000,1736755200000,2994.5149592029943,SHORT,-3.491e-05,98.85,-10.33363242776801,funding_record
AVAXUSDT,1736740800000,1736755200000,1736755200000,6850.845010880498,SHORT,-0.00015342,35.065,-36.85530113662701,funding_record
LTCUSDT,1736740800000,1736784000000,1736784000000,1497.2574796014972,SHORT,-3.644e-05,96.21,-5.249223618578044,funding_record
AVAXUSDT,1736740800000,1736784000000,1736784000000,3425.422505440249,SHORT,-3.098e-05,34.40383061,-3.650920371877395,funding_record
BNBUSDT,1737936000000,1737964800000,1737964800000,260.7382541881241,SHORT,-0.00011806,646.83,-19.9112115443649,funding_record
BCHUSDT,1737950400000,1737964800000,1737964800000,193.43108425818906,SHORT,-4.801e-05,404.96,-3.7607122088162317,funding_record
DOGEUSDT,1738468800000,1738483200000,1738483200000,811692.9813583111,SHORT,1.549e-05,0.30008,3.772943134314571,funding_record
DOGEUSDT,1738468800000,1738512000000,1738512000000,811692.9813583111,SHORT,3.098e-05,0.29451,7.405821664136125,funding_record
DOGEUSDT,1738468800000,1738540800000,1738540800000,405846.49067915557,SHORT,2.403e-05,0.26788,2.6124973348928666,funding_record
BTCUSDT,1739808000000,1739836800000,1739836800000,9.654069440383658,SHORT,9.488e-05,95743.1,87.69858364027117,funding_record
BTCUSDT,1739808000000,1739865600000,1739865600000,9.654069440383658,SHORT,0.0001,95416.39865926,92.11565384078263,funding_record
LINKUSDT,1739865600000,1739894400000,1739894400000,15146.647213995511,SHORT,-0.00020519,17.668,-54.911093493224506,funding_record
LINKUSDT,1739865600000,1739923200000,1739923200000,15146.647213995511,SHORT,-7.36e-05,17.86244832,-19.912936546781236,funding_record
ADAUSDT,1739894400000,1739923200000,1739923200000,314247.3717705538,SHORT,-0.00012793,0.7536,-30.2959757015294,funding_record
ETHUSDT,1739908800000,1739923200000,1739923200000,140.03809156174987,SHORT,4.964e-05,2670.57,18.564442959677574,funding_record
LINKUSDT,1739865600000,1739952000000,1739952000000,15146.647213995511,SHORT,2.228e-05,18.03110865,6.084909550820659,funding_record
ADAUSDT,1739894400000,1739952000000,1739952000000,314247.3717705538,SHORT,-0.00012198,0.76254025,-29.229612345286213,funding_record
LINKUSDT,1739865600000,1739980800000,1739980800000,15146.647213995511,SHORT,7.973e-05,17.798,21.493615561854398,funding_record
ADAUSDT,1739894400000,1739980800000,1739980800000,314247.3717705538,SHORT,6.845e-05,0.7587,16.31981347187075,funding_record
LINKUSDT,1739865600000,1740009600000,1740009600000,15146.647213995511,SHORT,-1.432e-05,17.96398348,-3.8963878031199206,funding_record
ADAUSDT,1739894400000,1740009600000,1740009600000,314247.3717705538,SHORT,1.986e-05,0.77333611,4.826354163646491,funding_record
DOGEUSDT,1740168000000,1740182400000,1740182400000,1162544.3566082888,SHORT,0.0001,0.23942,27.83363698591565,funding_record
DOGEUSDT,1740168000000,1740211200000,1740211200000,1162544.3566082888,SHORT,-4.646e-05,0.24377,-13.166459120671302,funding_record
DOGEUSDT,1740168000000,1740240000000,1740240000000,1162544.3566082888,SHORT,-1.782e-05,0.24553,-5.08653217294655,funding_record
SOLUSDT,1740326400000,1740355200000,1740355200000,1878.925188442971,SHORT,-6.07e-05,167.84,-19.14227938023588,funding_record
SOLUSDT,1740326400000,1740384000000,1740384000000,939.4625942214855,SHORT,-6.256e-05,160.90150419,-9.456628690452217,funding_record
SOLUSDT,1740326400000,1740412800000,1740412800000,939.4625942214855,SHORT,6.005e-05,152.61,8.609451759573663,funding_record
SOLUSDT,1740326400000,1740441600000,1740441600000,939.4625942214855,SHORT,2.735e-05,141.75021548,3.642172838298179,funding_record
SOLUSDT,1740326400000,1740470400000,1740470400000,939.4625942214855,SHORT,3.295e-05,136.27353948,4.218387271833438,funding_record
SOLUSDT,1740326400000,1740499200000,1740499200000,939.4625942214855,SHORT,-5.354e-05,138.79367504,-6.98115909042234,funding_record
BNBUSDT,1741507200000,1741536000000,1741536000000,437.1626863909454,SHORT,-3.136e-05,566.48992854,-7.76624940142342,funding_record
BNBUSDT,1741507200000,1741564800000,1741564800000,437.1626863909454,SHORT,-0.00010786,554.38,-26.14032941378113,funding_record
LTCUSDT,1741550400000,1741564800000,1741564800000,2376.063611241253,SHORT,3.931e-05,94.55,8.831259375748845,funding_record
BNBUSDT,1741507200000,1741593600000,1741593600000,437.1626863909454,SHORT,0.0,564.38,0.0,funding_record
LTCUSDT,1741550400000,1741593600000,1741593600000,2376.063611241253,SHORT,6.624e-05,96.28973333,15.155084806661815,funding_record
LTCUSDT,1741550400000,1741622400000,1741622400000,2376.063611241253,SHORT,1.65e-05,92.83167778,3.639470530468265,funding_record
LTCUSDT,1741550400000,1741651200000,1741651200000,1188.0318056206265,SHORT,7.274e-05,87.44,7.5563403888114316,funding_record
LTCUSDT,1741550400000,1741680000000,1741680000000,1188.0318056206265,SHORT,7.883e-05,88.00595716,8.241982060070809,funding_record
LTCUSDT,1741550400000,1741708800000,1741708800001,1188.0318056206265,SHORT,4.265e-05,89.92,4.556206521353998,funding_record
BTCUSDT,1742313600000,1742342400000,1742342400000,6.931348657095759,SHORT,2e-06,82670.47688148,1.1460357978278248,funding_record
BCHUSDT,1742601600000,1742630400000,1742630400004,1248.655774669692,SHORT,1.58e-06,324.64873041,0.6404917289056962,funding_record
BCHUSDT,1742601600000,1742659200000,1742659200000,1248.655774669692,SHORT,-5.663e-05,321.80675758,-22.75539880177321,funding_record
BCHUSDT,1742601600000,1742688000000,1742688000000,1248.655774669692,SHORT,-2.363e-05,322.11731313,-9.504308387891118,funding_record
BCHUSDT,1742601600000,1742716800000,1742716800000,1248.655774669692,SHORT,0.0001,324.41,40.50764198605948,funding_record
BCHUSDT,1742601600000,1742745600000,1742745600000,1248.655774669692,SHORT,0.0001,324.17,40.47767424746741,funding_record
BCHUSDT,1742601600000,1742774400000,1742774400000,1248.655774669692,SHORT,0.0001,325.2,40.60628579225838,funding_record
XRPUSDT,1743033600000,1743062400000,1743062400001,90080.3363957654,SHORT,-0.00013625,2.36287129,-29.00057279034685,funding_record
XRPUSDT,1743033600000,1743091200000,1743091200002,90080.3363957654,SHORT,-0.00012209,2.3388,-25.72190786318338,funding_record
XRPUSDT,1743033600000,1743120000000,1743120000001,90080.3363957654,SHORT,2.994e-05,2.34,6.310992335752765,funding_record
XRPUSDT,1743033600000,1743148800000,1743148800001,45040.1681978827,SHORT,-8.92e-06,2.2198,-0.8918230750616873,funding_record
XRPUSDT,1743033600000,1743177600000,1743177600000,45040.1681978827,SHORT,-5.613e-05,2.1776,-5.505200666126527,funding_record
BTCUSDT,1743148800000,1743177600000,1743177600000,8.135071250856031,SHORT,8.118e-05,84011.1,55.48135756457138,funding_record
SOLUSDT,1743148800000,1743177600000,1743177600000,2494.6453505661702,SHORT,-9.351e-05,129.85266281,-30.29128729718127,funding_record
ADAUSDT,1743148800000,1743177600000,1743177600000,351991.78956436564,SHORT,-0.00017243,0.69846187,-42.39240581570144,funding_record
XRPUSDT,1743033600000,1743206400000,1743206400000,45040.1681978827,SHORT,-0.00018043,2.2054,-17.922398232235643,funding_record
BTCUSDT,1743148800000,1743206400000,1743206400000,8.135071250856031,SHORT,5.364e-05,84380.7,36.82080287923284,funding_record
SOLUSDT,1743148800000,1743206400000,1743206400000,2494.6453505661702,SHORT,-4.899e-05,129.40185333,-15.814546739134526,funding_record
ADAUSDT,1743148800000,1743206400000,1743206400000,351991.78956436564,SHORT,-3.3e-05,0.7057,-8.197219994553905,funding_record
LINKUSDT,1743177600000,1743206400000,1743206400000,2482.9432667578844,SHORT,-6.319e-05,14.244,-2.2348435035164793,funding_record
XRPUSDT,1743033600000,1743235200000,1743235200000,45040.1681978827,SHORT,-1.932e-05,2.12083338,-1.8454984124323606,funding_record
BTCUSDT,1743148800000,1743235200000,1743235200000,8.135071250856031,SHORT,8.214e-05,83699.76590769,55.92941836410781,funding_record
SOLUSDT,1743148800000,1743235200000,1743235200000,2494.6453505661702,SHORT,2.251e-05,126.33,7.093993796054416,funding_record
ADAUSDT,1743148800000,1743235200000,1743235200000,351991.78956436564,SHORT,3.439e-05,0.68282252,8.265564995268258,funding_record
LINKUSDT,1743177600000,1743235200000,1743235200000,2482.9432667578844,SHORT,1.093e-05,13.9009479,0.3772518463391387,funding_record
XRPUSDT,1743033600000,1743264000000,1743264000000,45040.1681978827,SHORT,-7.694e-05,2.1055,-7.296379784380998,funding_record
BTCUSDT,1743148800000,1743264000000,1743264000000,4.0675356254280155,SHORT,2.53e-05,82371.6,8.476750263344709,funding_record
SOLUSDT,1743148800000,1743264000000,1743264000000,1247.3226752830851,SHORT,-8.909e-05,126.23,-14.02717963450465,funding_record
ADAUSDT,1743148800000,1743264000000,1743264000000,175995.89478218282,SHORT,-0.0001383,0.6707,-16.324993768985703,funding_record
LINKUSDT,1743177600000,1743264000000,1743264000000,2482.9432667578844,SHORT,0.0001,13.627,3.3835067896109696,funding_record
XRPUSDT,1743033600000,1743292800000,1743292800000,45040.1681978827,SHORT,-5.931e-05,2.1335,-5.699287623804339,funding_record
BTCUSDT,1743148800000,1743292800000,1743292800000,4.0675356254280155,SHORT,3.41e-06,82608.11504215,1.1457990475123978,funding_record
SOLUSDT,1743148800000,1743292800000,1743292800000,1247.3226752830851,SHORT,-0.00025778,124.5,-40.03108748469197,funding_record
ADAUSDT,1743148800000,1743292800000,1743292800000,175995.89478218282,SHORT,-0.00011502,0.6726,-13.61547396228367,funding_record
LINKUSDT,1743177600000,1743292800000,1743292800000,2482.9432667578844,SHORT,2.226e-05,13.54112857,0.7484224701999229,funding_record
BTCUSDT,1743148800000,1743321600000,1743321600000,4.0675356254280155,SHORT,4.27e-06,83037.5,1.4422266151499645,funding_record
SOLUSDT,1743148800000,1743321600000,1743321600000,1247.3226752830851,SHORT,-0.00040116,125.38,-62.7371384185486,funding_record
ADAUSDT,1743148800000,1743321600000,1743321600000,175995.89478218282,SHORT,1.133e-05,0.6808,1.357537998550155,funding_record
LINKUSDT,1743177600000,1743321600000,1743321600000,2482.9432667578844,SHORT,-0.00014902,13.659,-5.053942080457859,funding_record
BTCUSDT,1743148800000,1743350400000,1743350400000,4.0675356254280155,SHORT,4.588e-05,82699.9,15.433334140853058,funding_record
SOLUSDT,1743148800000,1743350400000,1743350400000,1247.3226752830851,SHORT,-0.00018023,124.85,-28.06689997591886,funding_record
ADAUSDT,1743148800000,1743350400000,1743350400000,175995.89478218282,SHORT,7.265e-05,0.6693,8.557737905240993,funding_record
LINKUSDT,1743177600000,1743350400000,1743350400000,2482.9432667578844,SHORT,-1.741e-05,13.588,-0.5873826384225738,funding_record
BTCUSDT,1743148800000,1743379200000,1743379200000,4.0675356254280155,SHORT,2.643e-05,82345.3,8.852528724525216,funding_record
SOLUSDT,1743148800000,1743379200000,1743379200000,1247.3226752830851,SHORT,-0.0002337,124.74,-36.36162383131157,funding_record
ADAUSDT,1743148800000,1743379200000,1743379200000,175995.89478218282,SHORT,-0.0001654,0.6606,-19.22988169060039,funding_record
LINKUSDT,1743177600000,1743379200000,1743379200000,1241.4716333789422,SHORT,3.051e-05,13.408,0.5078588321571217,funding_record
BTCUSDT,1743148800000,1743408000000,1743408000000,4.0675356254280155,SHORT,6.02e-05,81895.2,20.053320941803452,funding_record
SOLUSDT,1743148800000,1743408000000,1743408000000,1247.3226752830851,SHORT,-7.84e-06,125.83,-1.2304927998900255,funding_record
ADAUSDT,1743148800000,1743408000000,1743408000000,175995.89478218282,SHORT,-6.735e-05,0.6453,-7.648949663313181,funding_record
LINKUSDT,1743177600000,1743408000000,1743408000000,1241.4716333789422,SHORT,1.212e-05,13.20691429,0.19871963460068415,funding_record
SOLUSDT,1743148800000,1743436800000,1743436800000,1247.3226752830851,SHORT,-4.24e-06,126.71,-0.6701246062249075,funding_record
ADAUSDT,1743148800000,1743436800000,1743436800000,175995.89478218282,SHORT,-8.993e-05,0.65620048,-10.38588895572442,funding_record
SOLUSDT,1743148800000,1743465600000,1743465600000,1247.3226752830851,SHORT,-9.179e-05,124.49277192,-14.253395115830664,funding_record
SOLUSDT,1743148800000,1743494400000,1743494400001,1247.3226752830851,SHORT,-5.66e-06,126.62529522,-0.893955127276536,funding_record
BNBUSDT,1743998400000,1744012800000,1744012800000,459.07264694253934,SHORT,0.0,529.93402862,0.0,funding_record
DOGEUSDT,1744761600000,1744790400000,1744790400000,1084126.9551000372,SHORT,-1.894e-05,0.15272829,-3.1360256525516537,funding_record
DOGEUSDT,1744761600000,1744819200000,1744819200000,1084126.9551000372,SHORT,-1.668e-05,0.15509013,-2.8045316719215214,funding_record
DOGEUSDT,1744761600000,1744848000000,1744848000001,1084126.9551000372,SHORT,4.938e-05,0.15465008,8.279066618210305,funding_record
DOGEUSDT,1744761600000,1744876800000,1744876800000,1084126.9551000372,SHORT,4.145e-05,0.15664,7.038941436932753,funding_record
DOGEUSDT,1744761600000,1744905600000,1744905600001,1084126.9551000372,SHORT,-1.745e-05,0.15518649,-2.9358204024925234,funding_record
BTCUSDT,1745294400000,1745308800000,1745308800000,6.057340252989241,LONG,-7.44e-06,88436.16399259,3.9855182436337118,funding_record
BTCUSDT,1745294400000,1745337600000,1745337600000,6.057340252989241,LONG,-7.045e-05,90881.1,38.78256615398551,funding_record
BTCUSDT,1745294400000,1745366400000,1745366400000,6.057340252989241,LONG,-1.389e-05,93404.9,7.858757269684478,funding_record
BTCUSDT,1745294400000,1745395200000,1745395200002,6.057340252989241,LONG,1.374e-05,94110.36297318,-7.832603650688374,funding_record
BTCUSDT,1745294400000,1745424000000,1745424000000,6.057340252989241,LONG,4.587e-05,93149.55929437,-25.881623438093737,funding_record
BTCUSDT,1745294400000,1745452800000,1745452800000,6.057340252989241,LONG,-2.671e-05,93641.27053973,15.15036706845618,funding_record
BTCUSDT,1745294400000,1745481600000,1745481600001,6.057340252989241,LONG,5.21e-05,92167.24875325,-29.08682490436538,funding_record
BTCUSDT,1745294400000,1745510400000,1745510400001,6.057340252989241,LONG,-2.165e-05,93148.88519481,12.215676747721059,funding_record
BTCUSDT,1745294400000,1745539200000,1745539200007,6.057340252989241,LONG,-1.764e-05,93931.6,10.036730672523552,funding_record
BTCUSDT,1745294400000,1745568000000,1745568000002,6.057340252989241,LONG,1.7e-06,93734.0,-0.965223843165279,funding_record
BTCUSDT,1745294400000,1745596800000,1745596800003,6.057340252989241,LONG,1.2e-06,95000.28830833,-0.6905388844987566,funding_record
BTCUSDT,1745294400000,1745625600000,1745625600002,6.057340252989241,LONG,-0.00010085,94591.8,57.78450028435207,funding_record
BTCUSDT,1745294400000,1745654400000,1745654400000,6.057340252989241,LONG,-2.774e-05,94523.02069167,15.882761640455907,funding_record
BTCUSDT,1745294400000,1745683200000,1745683200002,6.057340252989241,LONG,2.855e-05,94326.89167892,-16.312615724218524,funding_record
BTCUSDT,1745294400000,1745712000000,1745712000001,6.057340252989241,LONG,-1.5e-05,94575.7,8.593157918469519,funding_record
BTCUSDT,1745294400000,1745740800000,1745740800000,6.057340252989241,LONG,-6.6e-06,94027.7,3.759081295899577,funding_record
BNBUSDT,1746374400000,1746403200000,1746403200000,1184.577728199346,SHORT,-0.0003023,585.65,-209.72000423297993,funding_record
AVAXUSDT,1748592000000,1748620800000,1748620800000,6943.680509940188,SHORT,-8.61e-05,21.46650716,-12.833770451709318,funding_record
LINKUSDT,1748606400000,1748620800000,1748620800000,11604.41521970536,SHORT,5.225e-05,14.235,8.631117446593429,funding_record
AVAXUSDT,1748592000000,1748649600000,1748649600000,6943.680509940188,SHORT,-0.00012519,20.53966765,-17.854709211833217,funding_record
LINKUSDT,1748606400000,1748649600000,1748649600000,11604.41521970536,SHORT,-0.00017475,13.87859981,-28.14401784237285,funding_record
AVAXUSDT,1748592000000,1748678400000,1748678400000,3471.840254970094,SHORT,-0.00017394,20.13,-12.156343825203399,funding_record
LINKUSDT,1748606400000,1748678400000,1748678400000,5802.20760985268,SHORT,-0.00011851,13.69740819,-9.418606667240612,funding_record
AVAXUSDT,1748592000000,1748707200000,1748707200000,3471.840254970094,SHORT,-9.842e-05,20.66120229,-7.059902200404355,funding_record
LINKUSDT,1748606400000,1748707200000,1748707200000,5802.20760985268,SHORT,-2.966e-05,13.869,-2.386764442335449,funding_record
LINKUSDT,1748606400000,1748736000000,1748736000001,5802.20760985268,SHORT,-7.833e-05,13.96739067,-6.3479963950938645,funding_record
LINKUSDT,1748606400000,1748764800000,1748764800002,5802.20760985268,SHORT,-4.452e-05,13.86070952,-3.5804192386282145,funding_record
LINKUSDT,1748606400000,1748793600000,1748793600000,5802.20760985268,SHORT,0.0001,13.9346501,8.085173285085443,funding_record
ETHUSDT,1748966400000,1748995200000,1748995200000,135.42134821543627,LONG,4.39e-05,2592.16,-15.4103839073665,funding_record
ETHUSDT,1748966400000,1749024000000,1749024000000,135.42134821543627,LONG,7.623e-05,2626.51640991,-27.11397376430665,funding_record
ETHUSDT,1748966400000,1749052800000,1749052800000,135.42134821543627,LONG,7.897e-05,2666.91,-28.52053257733602,funding_record
ETHUSDT,1748966400000,1749081600000,1749081600016,135.42134821543627,LONG,2.359e-05,2606.63,-8.327113100522755,funding_record
ETHUSDT,1748966400000,1749110400000,1749110400000,135.42134821543627,LONG,8.508e-05,2603.21,-29.993270087103028,funding_record
ETHUSDT,1748966400000,1749139200000,1749139200000,135.42134821543627,LONG,6.396e-05,2588.34,-22.419034856458712,funding_record
LINKUSDT,1749153600000,1749168000000,1749168000002,30386.410129898217,SHORT,-0.00017716,12.87988905,-69.3357453994328,funding_record
LINKUSDT,1749153600000,1749196800000,1749196800000,30386.410129898217,SHORT,-0.00010808,13.17042452,-43.25382362703945,funding_record
LTCUSDT,1749168000000,1749196800000,1749196800000,5696.610998778979,SHORT,6.182e-05,83.83,29.521949359708817,funding_record
DOGEUSDT,1750118400000,1750147200000,1750147200006,1120658.175565466,SHORT,5.482e-05,0.17374195,10.673746558233141,funding_record
DOGEUSDT,1750118400000,1750176000000,1750176000001,1120658.175565466,SHORT,2.74e-05,0.16781,5.152779567300959,funding_record
DOGEUSDT,1750118400000,1750204800000,1750204800001,560329.087782733,SHORT,6.803e-05,0.1692832,6.452938099271041,funding_record
DOGEUSDT,1750118400000,1750233600000,1750233600001,560329.087782733,SHORT,0.0001,0.17113,9.588911679225912,funding_record
DOGEUSDT,1750118400000,1750262400000,1750262400001,560329.087782733,SHORT,7.46e-05,0.16808,7.025836435359324,funding_record
DOGEUSDT,1750118400000,1750291200000,1750291200005,560329.087782733,SHORT,5.951e-05,0.17058312,5.68812552607379,funding_record
DOGEUSDT,1750118400000,1750320000000,1750320000003,560329.087782733,SHORT,7.045e-05,0.1699163,6.707477246909492,funding_record
DOGEUSDT,1750118400000,1750348800000,1750348800000,560329.087782733,SHORT,3.004e-05,0.16821,2.8313587939122433,funding_record
ETHUSDT,1750464000000,1750492800000,1750492800005,175.92618299133238,SHORT,-1.379e-05,2425.65727132,-5.8846980585913915,funding_record
SOLUSDT,1750464000000,1750492800000,1750492800005,2698.6106393959435,SHORT,-7.613e-05,140.55,-28.875326792197317,funding_record
DOGEUSDT,1750464000000,1750492800000,1750492800005,2404513.1458840934,SHORT,6.688e-05,0.16277,26.175668606051442,funding_record
ETHUSDT,1750464000000,1750521600000,1750521600000,175.92618299133238,SHORT,5.011e-05,2422.48512791,21.355807737133507,funding_record
SOLUSDT,1750464000000,1750521600000,1750521600000,2698.6106393959435,SHORT,2.732e-05,140.23,10.338602963375312,funding_record
DOGEUSDT,1750464000000,1750521600000,1750521600000,2404513.1458840934,SHORT,-5.45e-06,0.16013,-2.0984390607747887,funding_record
ETHUSDT,1750464000000,1750550400000,1750550400005,87.96309149566619,SHORT,-7.98e-06,2294.25720142,-1.6104434498623261,funding_record
SOLUSDT,1750464000000,1750550400000,1750550400005,1349.3053196979718,SHORT,-3.464e-05,135.33827939,-6.325702554167117,funding_record
DOGEUSDT,1750464000000,1750550400000,1750550400005,1202256.5729420467,SHORT,6.2e-06,0.15441073,1.150976153466734,funding_record
XRPUSDT,1750536000000,1750550400000,1750550400005,21178.394428247706,SHORT,-1.237e-05,2.0618,-0.540143640629833,funding_record
ETHUSDT,1750464000000,1750579200000,1750579200000,87.96309149566619,SHORT,-1.761e-05,2269.63,-3.515725052496549,funding_record
SOLUSDT,1750464000000,1750579200000,1750579200000,1349.3053196979718,SHORT,3.965e-05,134.75,7.209119061031812,funding_record
DOGEUSDT,1750464000000,1750579200000,1750579200000,1202256.5729420467,SHORT,0.0001,0.15622,18.781652182500654,funding_record
XRPUSDT,1750564800000,1750579200000,1750579200000,273470.52674288716,SHORT,0.0001,2.0676,56.54276610935936,funding_record
ETHUSDT,1750464000000,1750608000000,1750608000003,87.96309149566619,SHORT,4.714e-05,2174.25338195,9.01571587793176,funding_record
SOLUSDT,1750464000000,1750608000000,1750608000003,1349.3053196979718,SHORT,8.55e-06,128.53444605,1.482845411058409,funding_record
DOGEUSDT,1750464000000,1750608000000,1750608000003,1202256.5729420467,SHORT,1.954e-05,0.14619737,3.4344822760333105,funding_record
XRPUSDT,1750564800000,1750608000000,1750608000003,136735.26337144358,SHORT,-4.42e-06,1.93343644,-1.1685107184922303,funding_record
ETHUSDT,1750464000000,1750636800000,1750636800000,87.96309149566619,SHORT,2.289e-05,2226.66781783,4.483340350426494,funding_record
SOLUSDT,1750464000000,1750636800000,1750636800000,1349.3053196979718,SHORT,4.979e-05,131.675925,8.846240388456042,funding_record
DOGEUSDT,1750464000000,1750636800000,1750636800000,1202256.5729420467,SHORT,4.515e-05,0.15119,8.206878082529327,funding_record
DOGEUSDT,1751385600000,1751414400000,1751414400001,1874777.9462654667,SHORT,-6.097e-05,0.15769107,-18.02491108968847,funding_record
AVAXUSDT,1751385600000,1751414400000,1751414400001,15712.201970697703,SHORT,-9.383e-05,17.09204346,-25.19838794131447,funding_record
BTCUSDT,1751400000000,1751414400000,1751414400001,13.241738169208176,SHORT,1.807e-05,105638.0,25.27687141250896,funding_record
LINKUSDT,1751400000000,1751414400000,1751414400001,43154.14681448681,SHORT,-5.407e-05,12.88766067,-30.07135495506264,funding_record
DOGEUSDT,1751385600000,1751443200000,1751443200000,1874777.9462654667,SHORT,-5.59e-06,0.16077,-1.6848710018539437,funding_record
SOLUSDT,1752120000000,1752134400000,1752134400000,2648.5100458073152,LONG,2.127e-05,157.83,-8.89116502306818,funding_record
SOLUSDT,1752120000000,1752163200000,1752163200004,2648.5100458073152,LONG,1.69e-05,156.37,-6.9990930180828395,funding_record
BTCUSDT,1752134400000,1752163200000,1752163200004,7.451599787886611,LONG,1.908e-05,111349.5,-15.831284853890825,funding_record
SOLUSDT,1752120000000,1752192000000,1752192000004,2648.5100458073152,LONG,0.0001,164.28716754,-43.51162136269195,funding_record
BTCUSDT,1752134400000,1752192000000,1752192000004,7.451599787886611,LONG,0.0001,115979.2,-86.42305821192589,funding_record
SOLUSDT,1752120000000,1752220800000,1752220800007,2648.5100458073152,LONG,4.064e-05,163.18,-17.563952447329402,funding_record
BTCUSDT,1752134400000,1752220800000,1752220800007,7.451599787886611,LONG,0.0001,117522.8,-87.57328715518406,funding_record
SOLUSDT,1752120000000,1752249600000,1752249600001,2648.5100458073152,LONG,0.0001,162.27551842,-42.978834072396005,funding_record
BTCUSDT,1752134400000,1752249600000,1752249600001,7.451599787886611,LONG,0.0001,116897.42130435,-87.10727997959863,funding_record
SOLUSDT,1752120000000,1752278400000,1752278400000,2648.5100458073152,LONG,0.0001,162.8788386,-43.138624028152826,funding_record
BTCUSDT,1752134400000,1752278400000,1752278400000,7.451599787886611,LONG,0.0001,117501.26688406,-87.55724153896695,funding_record
SOLUSDT,1752120000000,1752307200000,1752307200001,2648.5100458073152,LONG,0.0001,163.16,-43.21308990739216,funding_record
BTCUSDT,1752134400000,1752307200000,1752307200001,7.451599787886611,LONG,0.0001,117689.7,-87.69765435564389,funding_record
SOLUSDT,1752120000000,1752336000000,1752336000002,2648.5100458073152,LONG,0.0001,158.07,-41.86499829407623,funding_record
BTCUSDT,1752134400000,1752336000000,1752336000002,7.451599787886611,LONG,0.0001,117075.5,-87.2399770966719,funding_record
BTCUSDT,1752134400000,1752364800000,1752364800006,7.451599787886611,LONG,0.0001,117389.4,-87.47388281401365,funding_record
BTCUSDT,1752134400000,1752393600000,1752393600001,7.451599787886611,LONG,0.0001,117957.51349275,-87.8972182522208,funding_record
BTCUSDT,1752134400000,1752422400000,1752422400003,7.451599787886611,LONG,0.0001,118611.53782971,-88.38457101327718,funding_record
BTCUSDT,1752134400000,1752451200000,1752451200000,7.451599787886611,LONG,8.051e-05,119041.56046377,-71.41640087013936,funding_record
BTCUSDT,1752134400000,1752480000000,1752480000000,7.451599787886611,LONG,0.0001,122717.44717391,-91.44413033310941,funding_record
BTCUSDT,1752134400000,1752508800000,1752508800000,7.451599787886611,LONG,0.0001,119867.57057971,-89.32051635062504,funding_record
BTCUSDT,1752134400000,1752537600000,1752537600002,7.451599787886611,LONG,0.0001,119818.52750362,-89.28397141308609,funding_record
XRPUSDT,1756483200000,1756512000000,1756512000000,195145.43674196053,SHORT,-1.899e-05,2.818,-10.442977775630663,funding_record
XRPUSDT,1756483200000,1756540800000,1756540800002,195145.43674196053,SHORT,3.432e-05,2.8304,18.956296587380553,funding_record
XRPUSDT,1756483200000,1756569600000,1756569600003,195145.43674196053,SHORT,-5.81e-06,2.8056,-3.1809752168480507,funding_record
XRPUSDT,1756483200000,1756598400000,1756598400016,195145.43674196053,SHORT,3.458e-05,2.81664978,19.0071166337374,funding_record
SOLUSDT,1756900800000,1756915200000,1756915200002,1544.097141460216,LONG,7.61e-06,211.25311404,-2.4823464575995082,funding_record
SOLUSDT,1756900800000,1756944000000,1756944000002,1544.097141460216,LONG,3.074e-05,210.64,-9.99814263650451,funding_record
SOLUSDT,1756900800000,1756972800000,1756972800000,1544.097141460216,LONG,6.703e-05,206.56035526,-21.379168502053048,funding_record
SOLUSDT,1756900800000,1757001600000,1757001600000,1544.097141460216,LONG,6.691e-05,203.71,-21.046408599437843,funding_record
SOLUSDT,1757390400000,1757404800000,1757404800000,2037.963547264482,LONG,0.0001,219.17894737,-44.667870506786045,funding_record
SOLUSDT,1757390400000,1757433600000,1757433600000,2037.963547264482,LONG,0.0001,212.97179386,-43.40287524822057,funding_record
SOLUSDT,1757390400000,1757462400000,1757462400000,2037.963547264482,LONG,3.617e-05,217.11,-16.003860152054223,funding_record
SOLUSDT,1757390400000,1757491200000,1757491200002,2037.963547264482,LONG,0.0001,222.14,-45.2713222389332,funding_record
SOLUSDT,1757390400000,1757520000000,1757520000000,2037.963547264482,LONG,0.0001,223.04,-45.45473895818701,funding_record
SOLUSDT,1757390400000,1757548800000,1757548800000,2037.963547264482,LONG,4.953e-05,223.94159233,-22.60473923735926,funding_record
SOLUSDT,1757390400000,1757577600000,1757577600000,2037.963547264482,LONG,-1.99e-05,223.09880702,9.047877999284571,funding_record
SOLUSDT,1757390400000,1757606400000,1757606400001,2037.963547264482,LONG,9.486e-05,226.71,-43.82785426081937,funding_record
SOLUSDT,1757390400000,1757635200000,1757635200002,2037.963547264482,LONG,2.36e-06,228.62782018,-1.0996069856650141,funding_record
ETHUSDT,1757620800000,1757635200000,1757635200002,121.2444938592179,LONG,4.858e-05,4456.91765504,-26.25150131301115,funding_record
SOLUSDT,1757390400000,1757664000000,1757664000001,2037.963547264482,LONG,4.69e-06,237.24,-2.2675515534596906,funding_record
ETHUSDT,1757620800000,1757664000000,1757664000001,121.2444938592179,LONG,0.0001,4524.39,-54.85573755717069,funding_record
SOLUSDT,1757390400000,1757692800000,1757692800005,2037.963547264482,LONG,7.19e-06,239.21,-3.505134060414773,funding_record
ETHUSDT,1757620800000,1757692800000,1757692800005,121.2444938592179,LONG,0.0001,4540.16,-55.04694012398668,funding_record
SOLUSDT,1757390400000,1757721600000,1757721600005,2037.963547264482,LONG,1.709e-05,242.08,-8.43135518326732,funding_record
ETHUSDT,1757620800000,1757721600000,1757721600005,121.2444938592179,LONG,0.0001,4710.92940698,-57.11742515557956,funding_record
SOLUSDT,1757390400000,1757750400000,1757750400002,2037.963547264482,LONG,6.327e-05,242.34618421,-31.248590448127686,funding_record
ETHUSDT,1757620800000,1757750400000,1757750400002,121.2444938592179,LONG,9.815e-05,4709.88593023,-56.04833526340983,funding_record
SOLUSDT,1757390400000,1757779200000,1757779200000,2037.963547264482,LONG,5.623e-05,239.39,-27.432822901983403,funding_record
ETHUSDT,1757620800000,1757779200000,1757779200000,121.2444938592179,LONG,0.0001,4651.44,-56.39614885165205,funding_record
SOLUSDT,1757390400000,1757808000000,1757808000006,2037.963547264482,LONG,-3.76e-06,242.23,1.8561462218025717,funding_record
ETHUSDT,1757620800000,1757808000000,1757808000006,121.2444938592179,LONG,3.75e-06,4664.46632946,-2.1207782221452813,funding_record
SOLUSDT,1757390400000,1757836800000,1757836800000,2037.963547264482,LONG,5.813e-05,246.27228509,-29.17509471562982,funding_record
ETHUSDT,1757620800000,1757836800000,1757836800000,121.2444938592179,LONG,8.307e-05,4648.8,-46.82169135159047,funding_record
SOLUSDT,1757390400000,1757865600000,1757865600001,2037.963547264482,LONG,2.92e-05,243.74238158,-14.504752186637317,funding_record
ETHUSDT,1757620800000,1757865600000,1757865600001,121.2444938592179,LONG,5.553e-05,4580.66847655,-30.84029754410725,funding_record
SOLUSDT,1757390400000,1757894400000,1757894400006,2037.963547264482,LONG,-7.17e-06,239.63640789,3.5016147919996863,funding_record
ETHUSDT,1759809600000,1759824000000,1759824000003,121.33909019181664,LONG,0.0001,4676.83,-56.74822971817939,funding_record
BCHUSDT,1759852800000,1759881600000,1759881600000,695.5231483254618,SHORT,4.223e-05,576.02,16.918826349830802,funding_record
BCHUSDT,1759852800000,1759910400000,1759910400006,695.5231483254618,SHORT,0.0001,577.92,40.19567378802509,funding_record
BCHUSDT,1759852800000,1759939200000,1759939200002,695.5231483254618,SHORT,9.387e-05,577.2188172,37.68589963072294,funding_record
XRPUSDT,1761782400000,1761811200000,1761811200008,217734.69813756275,SHORT,4.474e-05,2.58228746,25.15522519638016,funding_record
XRPUSDT,1761782400000,1761840000000,1761840000001,217734.69813756275,SHORT,1.958e-05,2.45265158,10.456255540567,funding_record
XRPUSDT,1761782400000,1761868800000,1761868800000,108867.34906878138,SHORT,-6.577e-05,2.4377,-17.454433064978172,funding_record
SOLUSDT,1761840000000,1761868800000,1761868800000,2411.676798132812,SHORT,-0.00022069,184.51346491,-98.20414621980267,funding_record
XRPUSDT,1761782400000,1761897600000,1761897600008,108867.34906878138,SHORT,1.634e-05,2.47413088,4.4012128263296155,funding_record
SOLUSDT,1761840000000,1761897600000,1761897600008,2411.676798132812,SHORT,-7.523e-05,185.23,-33.60636142432373,funding_record
ADAUSDT,1762142400000,1762156800000,1762156800010,852849.2354424127,SHORT,-2.81e-06,0.57691464,-1.3825795990870928,funding_record
ADAUSDT,1762142400000,1762185600000,1762185600000,426424.61772120633,SHORT,4.75e-05,0.5502,11.144394171834868,funding_record
SOLUSDT,1762156800000,1762185600000,1762185600000,1401.3183584581805,SHORT,-0.00015146,166.7,-35.38102121796506,funding_record
DOGEUSDT,1762156800000,1762185600000,1762185600000,1433265.4839285556,SHORT,-0.00010886,0.16689,-26.039059076073396,funding_record
SOLUSDT,1762156800000,1762214400000,1762214400002,1401.3183584581805,SHORT,-4.994e-05,165.96408772,-11.614472036961986,funding_record
SOLUSDT,1762156800000,1762243200000,1762243200004,1401.3183584581805,SHORT,-0.00013832,157.0,-30.431365788683873,funding_record
SOLUSDT,1762156800000,1762272000000,1762272000000,1401.3183584581805,SHORT,1.759e-05,161.4,3.978379253940094,funding_record
SOLUSDT,1762156800000,1762300800000,1762300800000,1401.3183584581805,SHORT,3.273e-05,154.95,7.106804972718501,funding_record
LTCUSDT,1763683200000,1763712000000,1763712000000,2336.8447483187542,SHORT,7.522e-05,84.5757549,14.866511540395033,funding_record
LTCUSDT,1763683200000,1763740800000,1763740800001,2336.8447483187542,SHORT,3.424e-05,81.98686275,6.560061104763544,funding_record
LTCUSDT,1763683200000,1763769600000,1763769600004,2336.8447483187542,SHORT,1.09e-05,82.60638235,2.1041173694170734,funding_record
LTCUSDT,1763683200000,1763798400000,1763798400000,2336.8447483187542,SHORT,7.6e-05,83.16204902,14.769596610897848,funding_record
LTCUSDT,1763683200000,1763827200000,1763827200000,2336.8447483187542,SHORT,-4.52e-06,81.4792549,-0.8606277474731553,funding_record
LTCUSDT,1763683200000,1763856000000,1763856000000,2336.8447483187542,SHORT,3.615e-05,82.06321569,6.932449155344024,funding_record
LTCUSDT,1763683200000,1763884800000,1763884800008,2336.8447483187542,SHORT,-9.78e-05,83.0809902,-18.987613337004408,funding_record
LTCUSDT,1763683200000,1763913600000,1763913600003,2336.8447483187542,SHORT,-3.088e-05,83.71,-6.040661417468839,funding_record
LTCUSDT,1763683200000,1763942400000,1763942400004,2336.8447483187542,SHORT,-2.792e-05,83.03,-5.41726788712514,funding_record
AVAXUSDT,1764489600000,1764518400000,1764518400004,57616.98374718348,SHORT,-0.0002221,14.16361351,-181.24796751730767,funding_record
AVAXUSDT,1764489600000,1764547200000,1764547200000,28808.49187359174,SHORT,-0.00022615,13.705,-89.28862919200104,funding_record
AVAXUSDT,1764489600000,1764576000000,1764576000004,28808.49187359174,SHORT,-0.00029747,13.065,-111.96263504433178,funding_record
XRPUSDT,1764547200000,1764576000000,1764576000004,182451.17676741947,SHORT,-2.72e-05,2.05503269,-10.198453206339623,funding_record
BTCUSDT,1764561600000,1764576000000,1764576000004,12.34458926509817,SHORT,3.153e-05,86498.90961019,33.66752940235492,funding_record
ETHUSDT,1764561600000,1764576000000,1764576000004,274.3132966122547,SHORT,7.757e-05,2838.6039575,60.40118440193245,funding_record
AVAXUSDT,1764489600000,1764604800000,1764604800000,28808.49187359174,SHORT,-7.768e-05,12.69495795,-28.409331019436568,funding_record
XRPUSDT,1764547200000,1764604800000,1764604800000,182451.17676741947,SHORT,2.226e-05,2.00640274,8.148730242267662,funding_record
BTCUSDT,1764561600000,1764604800000,1764604800000,6.172294632549085,SHORT,1.491e-05,84650.79218841,7.790320387259366,funding_record
ETHUSDT,1764561600000,1764604800000,1764604800000,274.3132966122547,SHORT,-2.535e-05,2745.14208527,-19.08928451826413,funding_record
AVAXUSDT,1764489600000,1764633600000,1764633600004,28808.49187359174,SHORT,-0.00031049,12.74833555,-114.03065709647473,funding_record
XRPUSDT,1764547200000,1764633600000,1764633600004,182451.17676741947,SHORT,-7.74e-06,2.02886054,-2.865100265974662,funding_record
ETHUSDT,1764561600000,1764633600000,1764633600004,274.3132966122547,SHORT,6.949e-05,2797.62505426,53.328415459164155,funding_record
AVAXUSDT,1764489600000,1764662400000,1764662400000,28808.49187359174,SHORT,-0.00015567,13.016504,-58.37404722382244,funding_record
XRPUSDT,1764547200000,1764662400000,1764662400000,182451.17676741947,SHORT,1.713e-05,2.0162581,6.301590197392842,funding_record
ETHUSDT,1764561600000,1764662400000,1764662400000,274.3132966122547,SHORT,5.552e-05,2804.33772093,42.70971078235435,funding_record
BNBUSDT,1765425600000,1765440000000,1765440000000,963.3705159959256,SHORT,0.0,866.92545342,0.0,funding_record
BNBUSDT,1765425600000,1765468800000,1765468800000,963.3705159959256,SHORT,0.0,865.74,0.0,funding_record
DOGEUSDT,1765742400000,1765756800000,1765756800000,6146174.9753607595,SHORT,-8.026e-05,0.134,-66.10112847200891,funding_record
LTCUSDT,1765742400000,1765756800000,1765756800000,11357.35591951053,SHORT,-1.431e-05,78.92,-12.826375392390803,funding_record
BNBUSDT,1765814400000,1765843200000,1765843200002,1045.5005558739376,SHORT,0.0,858.65250971,0.0,funding_record
BNBUSDT,1765814400000,1765872000000,1765872000000,1045.5005558739376,SHORT,0.0,860.01,0.0,funding_record
BNBUSDT,1766505600000,1766534400000,1766534400001,1321.597696630975,SHORT,0.0,844.28121659,0.0,funding_record
BNBUSDT,1766505600000,1766563200000,1766563200001,1321.597696630975,SHORT,0.0,838.11,0.0,funding_record
SOLUSDT,1766548800000,1766563200000,1766563200001,5628.477869304937,SHORT,-3.47e-06,121.24,-2.3679163993546206,funding_record
XRPUSDT,1766548800000,1766563200000,1766563200001,413770.166558741,SHORT,-3.759e-05,1.8535,-28.828635709707985,funding_record
BNBUSDT,1766505600000,1766592000000,1766592000000,1321.597696630975,SHORT,0.0,841.2,0.0,funding_record
SOLUSDT,1766548800000,1766592000000,1766592000000,5628.477869304937,SHORT,2.942e-05,122.688692,20.315998291192226,funding_record
XRPUSDT,1766548800000,1766592000000,1766592000000,413770.166558741,SHORT,-8.4e-06,1.8627,-6.4741293896913215,funding_record
BNBUSDT,1766505600000,1766620800000,1766620800000,1321.597696630975,SHORT,0.0,846.9,0.0,funding_record
SOLUSDT,1766548800000,1766620800000,1766620800000,5628.477869304937,SHORT,0.0001,122.49,68.94322542111617,funding_record
XRPUSDT,1766548800000,1766620800000,1766620800000,413770.166558741,SHORT,7.247e-05,1.86192479,55.83153519175145,funding_record
BNBUSDT,1766505600000,1766649600000,1766649600001,1321.597696630975,SHORT,0.0,843.52,0.0,funding_record
SOLUSDT,1766548800000,1766649600000,1766649600001,5628.477869304937,SHORT,0.0001,122.25,68.80814195225285,funding_record
XRPUSDT,1766548800000,1766649600000,1766649600001,413770.166558741,SHORT,6.586e-05,1.87357773,51.05668530087156,funding_record
BNBUSDT,1766505600000,1766678400000,1766678400005,1321.597696630975,SHORT,0.0,842.27413802,0.0,funding_record
SOLUSDT,1766548800000,1766678400000,1766678400005,5628.477869304937,SHORT,2.98e-05,123.6,20.731259966453482,funding_record
BNBUSDT,1766505600000,1766707200000,1766707200004,1321.597696630975,SHORT,0.0,829.57485074,0.0,funding_record
DOGEUSDT,1767196800000,1767225600000,1767225600008,3713147.279770732,SHORT,-9.368e-05,0.11741,-40.84079108000315,funding_record
XRPUSDT,1767211200000,1767225600000,1767225600008,621117.3508018148,SHORT,-0.00019048,1.841,-217.80950711752334,funding_record
DOGEUSDT,1767196800000,1767254400000,1767254400002,3713147.279770732,SHORT,-2.743e-05,0.11838102,-12.057299834343564,funding_record
ETHUSDT,1767412800000,1767427200000,1767427200000,221.53419166179884,LONG,3.421e-05,3089.51,-23.41442215745652,funding_record
ETHUSDT,1767412800000,1767456000000,1767456000000,221.53419166179884,LONG,3.231e-05,3099.91,-22.188441971761502,funding_record
ETHUSDT,1767412800000,1767484800000,1767484800000,221.53419166179884,LONG,7.598e-05,3125.59455039,-52.61053220467743,funding_record
ETHUSDT,1767412800000,1767513600000,1767513600000,221.53419166179884,LONG,2.12e-06,3139.60639535,-1.474523949651762,funding_record
ETHUSDT,1767412800000,1767542400000,1767542400001,221.53419166179884,LONG,7.231e-05,3134.42257364,-50.21074587386907,funding_record
ETHUSDT,1767412800000,1767571200000,1767571200000,221.53419166179884,LONG,7.926e-05,3143.75382171,-55.20054470245686,funding_record
ETHUSDT,1767412800000,1767600000000,1767600000000,221.53419166179884,LONG,9.66e-06,3156.17,-6.754267843275143,funding_record
ETHUSDT,1767412800000,1767628800000,1767628800000,221.53419166179884,LONG,5.085e-05,3195.50585806,-35.99741709692674,funding_record
ETHUSDT,1767412800000,1767657600000,1767657600010,221.53419166179884,LONG,8.035e-05,3223.72,-57.38309381903832,funding_record
ETHUSDT,1767412800000,1767686400000,1767686400000,221.53419166179884,LONG,6.876e-05,3218.05831783,-49.01968803555016,funding_record
ETHUSDT,1767412800000,1767715200000,1767715200000,221.53419166179884,LONG,4.25e-05,3270.74,-30.79468153652626,funding_record
ETHUSDT,1767412800000,1767744000000,1767744000001,221.53419166179884,LONG,7.658e-05,3295.45,-55.907600559411385,funding_record
ETHUSDT,1767412800000,1767772800000,1767772800001,221.53419166179884,LONG,7.268e-05,3254.0,-52.392995832633424,funding_record
ETHUSDT,1767412800000,1767801600000,1767801600001,221.53419166179884,LONG,3.902e-05,3163.52,-27.34630255115154,funding_record
LTCUSDT,1768204800000,1768233600000,1768233600000,2613.538511825544,SHORT,4.422e-05,77.15697059,8.917083017181664,funding_record
LTCUSDT,1768204800000,1768262400000,1768262400007,2613.538511825544,SHORT,5.729e-05,76.08,11.39142959173629,funding_record
LTCUSDT,1768204800000,1768291200000,1768291200009,2613.538511825544,SHORT,0.0001,76.76566667,20.06300262280076,funding_record
LTCUSDT,1768204800000,1768320000000,1768320000002,2613.538511825544,SHORT,5.037e-05,77.01292157,10.138284029049373,funding_record
ADAUSDT,1768795200000,1768809600000,1768809600007,627712.9390817144,SHORT,-2.603e-05,0.3638,-5.944262007203258,funding_record
ADAUSDT,1768795200000,1768838400000,1768838400007,627712.9390817144,SHORT,5.059e-05,0.36662272,11.642470212078768,funding_record
ADAUSDT,1768795200000,1768867200000,1768867200005,627712.9390817144,SHORT,0.0001,0.37007197,23.229896396046,funding_record
ADAUSDT,1768795200000,1768896000000,1768896000001,627712.9390817144,SHORT,3.332e-05,0.36570033,7.648766901195529,funding_record
ADAUSDT,1768795200000,1768924800000,1768924800009,627712.9390817144,SHORT,9.152e-05,0.35921382,20.636219051307968,funding_record
ADAUSDT,1768795200000,1768953600000,1768953600001,627712.9390817144,SHORT,1.114e-05,0.35049175,2.4508914205926233,funding_record
ADAUSDT,1768795200000,1768982400000,1768982400011,627712.9390817144,SHORT,8.031e-05,0.3595,18.122979596486065,funding_record
SOLUSDT,1769371200000,1769385600000,1769385600000,6058.556298267124,SHORT,-0.00020746,118.77551437,-149.2899048626266,funding_record
XRPUSDT,1769371200000,1769385600000,1769385600000,458253.08720780496,SHORT,-0.00014795,1.83453362,-124.3787088180759,funding_record
ADAUSDT,1769371200000,1769385600000,1769385600000,1799620.586497237,SHORT,-0.0001038,0.3389,-63.306729060094234,funding_record
XRPUSDT,1771502400000,1771516800000,1771516800003,351040.7752499933,SHORT,5.176e-05,1.39688318,25.381186521859735,funding_record
LTCUSDT,1771502400000,1771516800000,1771516800003,11593.789313743244,SHORT,-7.942e-05,51.79,-47.68713132253692,funding_record
AVAXUSDT,1771502400000,1771516800000,1771516800003,69194.89620183331,SHORT,-0.00020288,8.81970061,-123.81325506057095,funding_record
XRPUSDT,1771502400000,1771545600000,1771545600000,351040.7752499933,SHORT,2.745e-05,1.406,13.548313408540915,funding_record
LTCUSDT,1771502400000,1771545600000,1771545600000,11593.789313743244,SHORT,-1.051e-05,52.68,-6.419096229214417,funding_record
AVAXUSDT,1771502400000,1771545600000,1771545600000,69194.89620183331,SHORT,7.332e-05,8.895,45.12762427776632,funding_record
XRPUSDT,1771502400000,1771574400000,1771574400000,351040.7752499933,SHORT,-6.986e-05,1.41879017,-34.793996635403744,funding_record
XRPUSDT,1771502400000,1771603200000,1771603200000,351040.7752499933,SHORT,-7.59e-05,1.42841979,-38.05880951622007,funding_record
XRPUSDT,1771502400000,1771632000000,1771632000004,351040.7752499933,SHORT,4.577e-05,1.42836505,22.949735920498632,funding_record
XRPUSDT,1771502400000,1771660800000,1771660800000,351040.7752499933,SHORT,1.049e-05,1.4304,5.267330324385523,funding_record
DOGEUSDT,1771776000000,1771804800000,1771804800001,6264482.05767822,SHORT,-8.585e-05,0.09552,-51.37120854992801,funding_record
XRPUSDT,1771790400000,1771804800000,1771804800001,478545.38834729727,SHORT,-0.00020927,1.3923,-139.4321527978848,funding_record
XRPUSDT,1771790400000,1771833600000,1771833600000,239272.69417364863,SHORT,-0.00021254,1.3704,-69.69171724231205,funding_record
ETHUSDT,1771819200000,1771833600000,1771833600000,354.87020030605277,SHORT,-0.00036526,1884.2925814,-244.24179593007608,funding_record
BTCUSDT,1771833600000,1771862400000,1771862400000,11.67626740670947,SHORT,2.251e-05,65638.07392029,17.2518373980116,funding_record
SOLUSDT,1771833600000,1771862400000,1771862400000,2710.4910080180457,SHORT,-0.00014788,79.37381545,-31.815200889731788,funding_record
BTCUSDT,1771833600000,1771891200000,1771891200007,5.838133703354735,SHORT,5.706e-05,64630.15072464,21.529848455981686,funding_record
SOLUSDT,1771833600000,1771891200000,1771891200007,2710.4910080180457,SHORT,-4.143e-05,77.87,-8.744461678530552,funding_record
BTCUSDT,1771833600000,1771920000000,1771920000000,5.838133703354735,SHORT,-1.193e-05,63164.8,-4.3993610546057385,funding_record
SOLUSDT,1771833600000,1771920000000,1771920000000,1355.2455040090229,SHORT,-7.491e-05,76.81006723,-7.797868685861773,funding_record
BTCUSDT,1771833600000,1771948800000,1771948800001,5.838133703354735,SHORT,-1.82e-06,63936.83454348,-0.6793546553140727,funding_record
SOLUSDT,1771833600000,1771948800000,1771948800001,1355.2455040090229,SHORT,-5.768e-05,77.25,-6.038675811853323,funding_record
ETHUSDT,1773417600000,1773446400000,1773446400001,163.31937306264115,LONG,2.679e-05,2091.60681395,-9.151461683947229,funding_record
ETHUSDT,1773417600000,1773475200000,1773475200000,163.31937306264115,LONG,-2.367e-05,2076.46232663,8.027124855588491,funding_record
ETHUSDT,1773417600000,1773504000000,1773504000007,163.31937306264115,LONG,-4.1e-05,2073.66222481,13.885437794485686,funding_record
BTCUSDT,1773662400000,1773676800000,1773676800000,7.489116935862136,LONG,2.015e-05,73241.19793478,-11.052514701502263,funding_record
BTCUSDT,1773662400000,1773705600000,1773705600000,7.489116935862136,LONG,2.41e-06,74854.37298551,-1.351029497402389,funding_record
SOLUSDT,1773691200000,1773705600000,1773705600000,3992.6969497288114,LONG,8.675e-05,96.15546577,-33.30502832580809,funding_record
BTCUSDT,1773662400000,1773734400000,1773734400002,7.489116935862136,LONG,-2.505e-05,74212.7,13.922479090072702,funding_record
SOLUSDT,1773691200000,1773734400000,1773734400002,3992.6969497288114,LONG,4.97e-06,94.38,-1.8728487684335637,funding_record
BTCUSDT,1773662400000,1773763200000,1773763200011,7.489116935862136,LONG,-1.26e-05,73882.60358696,6.971774768137504,funding_record
SOLUSDT,1773691200000,1773763200000,1773763200011,3992.6969497288114,LONG,-1.43e-05,93.77,5.3538512595578105,funding_record
BTCUSDT,1773662400000,1773792000000,1773792000002,7.489116935862136,LONG,-6.569e-05,73872.4,36.342272664564454,funding_record
SOLUSDT,1773691200000,1773792000000,1773792000002,3992.6969497288114,LONG,-8.83e-06,94.57,3.334113965231588,funding_record
BTCUSDT,1773662400000,1773820800000,1773820800002,7.489116935862136,LONG,-4.813e-05,73840.08823913,26.615748275305748,funding_record
SOLUSDT,1773691200000,1773820800000,1773820800002,3992.6969497288114,LONG,-4.951e-05,93.89326824,18.560673475901915,funding_record
XRPUSDT,1774166400000,1774195200000,1774195200002,473415.9649531324,SHORT,-4.342e-05,1.392,-28.61356390798489,funding_record
ADAUSDT,1774166400000,1774195200000,1774195200002,2135792.313649319,SHORT,-0.00028244,0.25544423,-154.09243544813944,funding_record
DOGEUSDT,1774166400000,1774195200000,1774195200002,5975772.193201497,SHORT,-4.447e-05,0.09158182,-24.337189991665156,funding_record
XRPUSDT,1774166400000,1774224000000,1774224000000,473415.9649531324,SHORT,3.651e-05,1.3841,23.923361404215434,funding_record
ADAUSDT,1774166400000,1774224000000,1774224000000,2135792.313649319,SHORT,-0.0002475,0.25045525,-132.39279847112186,funding_record
DOGEUSDT,1774166400000,1774224000000,1774224000000,5975772.193201497,SHORT,-0.00011686,0.0900991,-62.91879084276253,funding_record
LINKUSDT,1774209600000,1774224000000,1774224000000,9438.498797585025,SHORT,0.0001,8.68436258,8.19673457691224,funding_record
XRPUSDT,1774166400000,1774252800000,1774252800003,473415.9649531324,SHORT,5.738e-05,1.3719,37.26712580987583,funding_record
ADAUSDT,1774166400000,1774252800000,1774252800003,2135792.313649319,SHORT,-0.00014067,0.2498,-75.05038780931021,funding_record
DOGEUSDT,1774166400000,1774252800000,1774252800003,5975772.193201497,SHORT,-4.453e-05,0.09039,-24.052881661641315,funding_record
LINKUSDT,1774209600000,1774252800000,1774252800003,9438.498797585025,SHORT,9.535e-05,8.642,7.777461755142386,funding_record
BCHUSDT,1774540800000,1774569600000,1774569600006,1673.8247964019706,SHORT,5.103e-05,461.70394647,39.43657156953078,funding_record
LTCUSDT,1775102400000,1775116800000,1775116800001,13275.666835858907,SHORT,-6.943e-05,52.4244902,-48.3212016778636,funding_record
LTCUSDT,1775102400000,1775145600000,1775145600001,13275.666835858907,SHORT,-7.943e-05,51.94362745,-54.77383919517889,funding_record
LTCUSDT,1775102400000,1775174400000,1775174400000,13275.666835858907,SHORT,-6.502e-05,52.24,-45.09272472455261,funding_record
BCHUSDT,1775419200000,1775433600000,1775433600004,1872.8718208033781,SHORT,-8.621e-05,428.33,-69.15828159167613,funding_record
BNBUSDT,1775966400000,1775980800000,1775980800000,708.7518920138618,SHORT,0.0,594.32302975,0.0,funding_record
ADAUSDT,1775966400000,1775980800000,1775980800000,957511.3752184141,SHORT,-0.00025251,0.2413297,-58.34898382366123,funding_record
BCHUSDT,1775966400000,1775980800000,1775980800000,931.766931263044,SHORT,-0.00015956,425.13,-63.2052383648426,funding_record
BNBUSDT,1775966400000,1776009600000,1776009600000,708.7518920138618,SHORT,0.0,591.81,0.0,funding_record
ADAUSDT,1775966400000,1776009600000,1776009600000,957511.3752184141,SHORT,-0.0003132,0.23818439,-71.4297271166206,funding_record
BCHUSDT,1775966400000,1776009600000,1776009600000,931.766931263044,SHORT,-7.033e-05,421.92,-27.648910518895953,funding_record
BNBUSDT,1775966400000,1776038400000,1776038400011,708.7518920138618,SHORT,0.0,592.36823608,0.0,funding_record
ADAUSDT,1775966400000,1776038400000,1776038400011,957511.3752184141,SHORT,-0.00015254,0.23592805,-34.45936437189939,funding_record
BCHUSDT,1775966400000,1776038400000,1776038400011,931.766931263044,SHORT,-6.013e-05,421.01,-23.587988559308286,funding_record
BNBUSDT,1775966400000,1776067200000,1776067200006,708.7518920138618,SHORT,0.0,597.58911137,0.0,funding_record
ADAUSDT,1775966400000,1776067200000,1776067200006,957511.3752184141,SHORT,-0.00019328,0.23789043,-44.025858188634345,funding_record
BCHUSDT,1775966400000,1776067200000,1776067200006,931.766931263044,SHORT,-4.211e-05,424.51,-16.656373841398892,funding_record
ADAUSDT,1775966400000,1776096000000,1776096000000,957511.3752184141,SHORT,8.932e-05,0.2392133,20.458697396837753,funding_record
BCHUSDT,1775966400000,1776096000000,1776096000000,931.766931263044,SHORT,-6.387e-05,426.28178005,-25.368861642647754,funding_record
SOLUSDT,1777305600000,1777334400000,1777334400001,4195.177556344084,SHORT,-0.00011394,84.78027685,-40.524847772560705,funding_record
SOLUSDT,1777305600000,1777363200000,1777363200000,4195.177556344084,SHORT,8.41e-06,83.96785907,2.962507254505955,funding_record
SOLUSDT,1777305600000,1777392000000,1777392000004,4195.177556344084,SHORT,-4.511e-05,83.43,-15.78866526164825,funding_record
SOLUSDT,1777305600000,1777420800000,1777420800006,4195.177556344084,SHORT,-1.641e-05,84.02,-5.784177408040931,funding_record
BTCUSDT,1777694400000,1777708800000,1777708800000,8.287970949575495,LONG,-5.103e-05,78181.6,33.065747314045645,funding_record
BTCUSDT,1777694400000,1777737600000,1777737600010,8.287970949575495,LONG,-2.54e-05,78452.73851449,16.51543605015749,funding_record
BTCUSDT,1777694400000,1777766400000,1777766400005,8.287970949575495,LONG,2.29e-05,78654.45395802,-14.928185494606364,funding_record
BTCUSDT,1777694400000,1777795200000,1777795200003,8.287970949575495,LONG,-1.398e-05,78316.5,9.074206578676561,funding_record
BTCUSDT,1777694400000,1777824000000,1777824000000,8.287970949575495,LONG,7.03e-06,78627.03676124,-4.581159933594383,funding_record
BTCUSDT,1777694400000,1777852800000,1777852800000,8.287970949575495,LONG,4.304e-05,78528.9,-28.012379211467202,funding_record
BTCUSDT,1777694400000,1777881600000,1777881600000,8.287970949575495,LONG,-1.58e-06,79663.3,1.0431904435127617,funding_record
BTCUSDT,1777694400000,1777910400000,1777910400003,8.287970949575495,LONG,-3.16e-05,79981.2,20.947066842745127,funding_record
BTCUSDT,1777694400000,1777939200000,1777939200000,8.287970949575495,LONG,-3.83e-06,79826.1,2.5339142036425892,funding_record
BTCUSDT,1777694400000,1777968000000,1777968000011,8.287970949575495,LONG,-4.626e-05,80823.36977536,30.98780412686286,funding_record
BTCUSDT,1777694400000,1777996800000,1777996800000,8.287970949575495,LONG,-8.24e-05,81488.7,55.65098061345862,funding_record
BTCUSDT,1777694400000,1778025600000,1778025600010,8.287970949575495,LONG,-9.153e-05,80861.9,61.34167408100813,funding_record
BTCUSDT,1777694400000,1778054400000,1778054400000,8.287970949575495,LONG,-6.15e-05,81333.3,41.45641369943618,funding_record
SOLUSDT,1778040000000,1778054400000,1778054400000,6383.61881381817,LONG,5.677e-05,87.65494104,-31.765978834510957,funding_record
BTCUSDT,1777694400000,1778083200000,1778083200002,8.287970949575495,LONG,-3.756e-05,81656.9427971,25.41949508719074,funding_record
SOLUSDT,1778040000000,1778083200000,1778083200002,6383.61881381817,LONG,0.0001,88.92707819,-56.767656939156346,funding_record
BTCUSDT,1777694400000,1778112000000,1778112000000,8.287970949575495,LONG,-5.856e-05,81396.64037069,39.5053367403885,funding_record
SOLUSDT,1778040000000,1778112000000,1778112000000,6383.61881381817,LONG,8.995e-05,89.10517415,-51.16477127681798,funding_record
BTCUSDT,1777694400000,1778140800000,1778140800000,8.287970949575495,LONG,-4.568e-05,81484.05472464,30.849416013834407,funding_record
SOLUSDT,1778040000000,1778140800000,1778140800000,6383.61881381817,LONG,8.232e-05,90.12,-47.35801500790648,funding_record
SOLUSDT,1778040000000,1778169600000,1778169600004,6383.61881381817,LONG,-5.96e-05,88.26193722,33.580461553705156,funding_record
SOLUSDT,1778040000000,1778198400000,1778198400003,6383.61881381817,LONG,9.448e-05,88.39,-53.310157365756105,funding_record
SOLUSDT,1778040000000,1778227200000,1778227200002,6383.61881381817,LONG,0.0001,88.19147377,-56.29807511765237,funding_record
SOLUSDT,1778040000000,1778256000000,1778256000003,6383.61881381817,LONG,-9.97e-06,89.54273567,5.69891871987568,funding_record
SOLUSDT,1778040000000,1778284800000,1778284800000,6383.61881381817,LONG,0.0001,91.98810768,-58.72170148335797,funding_record
SOLUSDT,1778040000000,1778313600000,1778313600001,6383.61881381817,LONG,4.331e-05,93.71,-25.908428283748027,funding_record
SOLUSDT,1778040000000,1778342400000,1778342400002,6383.61881381817,LONG,1.497e-05,92.95,-8.882559810103652,funding_record
SOLUSDT,1778040000000,1778371200000,1778371200003,6383.61881381817,LONG,-5.236e-05,93.07,31.108301381187704,funding_record
SOLUSDT,1778040000000,1778400000000,1778400000000,6383.61881381817,LONG,1.717e-05,93.40574662,-10.237898920361971,funding_record
SOLUSDT,1778040000000,1778428800000,1778428800000,6383.61881381817,LONG,-8.59e-06,94.49775782,5.181811539630278,funding_record
SOLUSDT,1778040000000,1778457600000,1778457600000,6383.61881381817,LONG,8.884e-05,96.43,-54.68744865931262,funding_record
SOLUSDT,1778040000000,1778486400000,1778486400000,6383.61881381817,LONG,3.592e-05,95.30114782,-21.852513911263685,funding_record
SOLUSDT,1778040000000,1778515200000,1778515200000,6383.61881381817,LONG,6.498e-05,96.76564182,-40.13911885803418,funding_record
SOLUSDT,1778040000000,1778544000000,1778544000002,6383.61881381817,LONG,3.539e-05,97.32,-21.986171378982153,funding_record
SOLUSDT,1778040000000,1778572800000,1778572800008,6383.61881381817,LONG,-6.049e-05,95.98771708,37.06518680719781,funding_record
XRPUSDT,1779926400000,1779955200000,1779955200000,305779.89371952304,SHORT,-0.00011609,1.2925,-45.881149311505006,funding_record
SOLUSDT,1779940800000,1779955200000,1779955200000,7736.493825471046,SHORT,-0.00014123,81.19948918,-88.72059373055336,funding_record
ADAUSDT,1779940800000,1779955200000,1779955200000,2617906.1885514515,SHORT,-0.00017526,0.2314,-106.16961481331904,funding_record
SOLUSDT,1779940800000,1779984000000,1779984000001,7736.493825471046,SHORT,-3.559e-05,81.1,-22.330221216654525,funding_record
ADAUSDT,1779940800000,1779984000000,1779984000001,2617906.1885514515,SHORT,-2.085e-05,0.233,-12.717919159292379,funding_record
LTCUSDT,1779955200000,1779984000000,1779984000001,7583.960247342592,SHORT,1.28e-06,51.39679412,0.4989327916120723,funding_record
ETHUSDT,1780300800000,1780329600000,1780329600000,420.64786506996177,SHORT,9.572e-05,1967.67821705,79.22740965056704,funding_record
ADAUSDT,1780300800000,1780329600000,1780329600000,2573028.3895527464,SHORT,-4.339e-05,0.22689914,-25.331859929985626,funding_record
BTCUSDT,1780315200000,1780329600000,1780329600000,7.4552912305592285,SHORT,0.0001,71103.48761594,53.00972076852943,funding_record
ADAUSDT,1780300800000,1780358400000,1780358400000,2573028.3895527464,SHORT,7.827e-05,0.23095657,46.51255889543884,funding_record
BTCUSDT,1780315200000,1780358400000,1780358400000,7.4552912305592285,SHORT,0.0001,71391.5,53.22444238864692,funding_record
ADAUSDT,1780300800000,1780387200000,1780387200000,1286514.1947763732,SHORT,-6.054e-05,0.2239,-17.43857897785943,funding_record
BTCUSDT,1780315200000,1780387200000,1780387200000,7.4552912305592285,SHORT,5.99e-05,70082.59501449,31.296920745979033,funding_record
ADAUSDT,1780300800000,1780416000000,1780416000000,1286514.1947763732,SHORT,-0.00011681,0.2152883,-32.35303553231043,funding_record
BTCUSDT,1780315200000,1780416000000,1780416000000,7.4552912305592285,SHORT,8.345e-05,67276.04778261,41.85539305008837,funding_record
ADAUSDT,1780300800000,1780444800000,1780444800013,1286514.1947763732,SHORT,-5e-05,0.21273883,-13.684576228755887,funding_record
BTCUSDT,1780315200000,1780444800000,1780444800013,7.4552912305592285,SHORT,7.165e-05,66731.44419565,35.64604342868546,funding_record
DOGEUSDT,1780416000000,1780444800000,1780444800013,5945595.929254957,SHORT,-3.611e-05,0.09271,-19.904416931490307,funding_record
BTCUSDT,1780315200000,1780473600000,1780473600000,7.4552912305592285,SHORT,5.229e-05,67191.49618116,26.193743286824702,funding_record
DOGEUSDT,1780416000000,1780473600000,1780473600000,2972797.9646274783,SHORT,8.397e-05,0.09414,23.499777056750887,funding_record
BTCUSDT,1780315200000,1780502400000,1780502400001,7.4552912305592285,SHORT,0.0001,66044.3001087,49.237949142881305,funding_record
DOGEUSDT,1780416000000,1780502400000,1780502400001,2972797.9646274783,SHORT,8.395e-05,0.09277,23.152273919634332,funding_record
BTCUSDT,1780315200000,1780531200000,1780531200009,7.4552912305592285,SHORT,2.705e-05,64117.6,12.930316056171844,funding_record
DOGEUSDT,1780416000000,1780531200000,1780531200009,2972797.9646274783,SHORT,1.319e-05,0.09137,3.582727814869488,funding_record
DOGEUSDT,1782187200000,1782201600000,1782201600005,4980597.81550382,SHORT,-7.829e-05,0.07994,-31.171084377884977,funding_record
DOGEUSDT,1782187200000,1782230400000,1782230400002,4980597.81550382,SHORT,-3.316e-05,0.07879,-13.012690370458383,funding_record
XRPUSDT,1782201600000,1782230400000,1782230400002,731692.5601952501,SHORT,-7.911e-05,1.09859356,-63.59120762870106,funding_record
ADAUSDT,1782201600000,1782230400000,1782230400002,3409185.1061259126,SHORT,-0.00012289,0.15085205,-63.20018405506332,funding_record
LINKUSDT,1782201600000,1782230400000,1782230400002,43772.966001521905,SHORT,-3.889e-05,7.6190397,-12.970124788108725,funding_record
DOGEUSDT,1782187200000,1782259200000,1782259200005,4980597.81550382,SHORT,-1.024e-05,0.07882841,-4.020353092051348,funding_record
XRPUSDT,1782201600000,1782259200000,1782259200005,731692.5601952501,SHORT,6.87e-06,1.10937887,5.5765457047875095,funding_record
ADAUSDT,1782201600000,1782259200000,1782259200005,3409185.1061259126,SHORT,-8.589e-05,0.1514,-44.332177187044415,funding_record
LINKUSDT,1782201600000,1782259200000,1782259200005,43772.966001521905,SHORT,5.287e-05,7.629,17.65561703966603,funding_record
BTCUSDT,1782230400000,1782259200000,1782259200005,2.168883069652459,SHORT,2.154e-05,62696.8,2.929052884011461,funding_record
DOGEUSDT,1782187200000,1782288000000,1782288000005,4980597.81550382,SHORT,-5.068e-05,0.07882,-19.895484080376804,funding_record
XRPUSDT,1782201600000,1782288000000,1782288000005,731692.5601952501,SHORT,3.248e-05,1.0982,26.099134116816643,funding_record
ADAUSDT,1782201600000,1782288000000,1782288000005,3409185.1061259126,SHORT,-6.258e-05,0.15048615,-32.105739139940034,funding_record
LINKUSDT,1782201600000,1782288000000,1782288000005,43772.966001521905,SHORT,-3.21e-06,7.602,-1.0681663010148583,funding_record
BTCUSDT,1782230400000,1782288000000,1782288000005,2.168883069652459,SHORT,2.134e-05,62630.1,2.8987693379572677,funding_record
DOGEUSDT,1782187200000,1782316800000,1782316800003,4980597.81550382,SHORT,-8.076e-05,0.07474,-30.062900367815818,funding_record
XRPUSDT,1782201600000,1782316800000,1782316800003,365846.28009762504,SHORT,-7.712e-05,1.05784442,-29.846091353902768,funding_record
ADAUSDT,1782201600000,1782316800000,1782316800003,1704592.5530629563,SHORT,-0.00018974,0.14370415,-46.478145721283084,funding_record
LINKUSDT,1782201600000,1782316800000,1782316800003,21886.483000760953,SHORT,1.041e-05,7.363,1.6775733148232161,funding_record
BTCUSDT,1782230400000,1782316800000,1782316800003,1.0844415348262295,SHORT,2.7e-07,60256.3,0.01764299730283643,funding_record
XRPUSDT,1782201600000,1782345600000,1782345600000,365846.28009762504,SHORT,-0.0001523,1.07291156,-59.780903082090376,funding_record
AVAXUSDT,1783483200000,1783497600000,1783497600000,47587.14554636725,SHORT,-0.00017907,6.44412294,-54.91314353047756,funding_record
AVAXUSDT,1783483200000,1783526400000,1783526400000,47587.14554636725,SHORT,-4.09e-06,6.37801726,-1.2413625898038472,funding_record
AVAXUSDT,1783483200000,1783555200000,1783555200000,47587.14554636725,SHORT,3.293e-05,6.472,10.141913316792603,funding_record
ADAUSDT,1783900800000,1783929600000,1783929600001,2096580.9516908033,SHORT,-1.699e-05,0.1603522,-5.711891343708322,funding_record
XRPUSDT,1783915200000,1783929600000,1783929600001,479843.71615169203,SHORT,-3.91e-05,1.07904815,-20.24498194132199,funding_record
ADAUSDT,1783900800000,1783958400000,1783958400004,2096580.9516908033,SHORT,9.16e-06,0.15885709,3.0507998202448894,funding_record
XRPUSDT,1783915200000,1783958400000,1783958400004,479843.71615169203,SHORT,-6.04e-05,1.07202737,-31.070098061042348,funding_record
ADAUSDT,1783900800000,1783987200000,1783987200000,1048290.4758454016,SHORT,-5.989e-05,0.15738267,-9.880817138504534,funding_record
XRPUSDT,1783915200000,1783987200000,1783987200000,479843.71615169203,SHORT,-2.766e-05,1.06688886,-14.160258057287681,funding_record
ADAUSDT,1783900800000,1784016000000,1784016000002,1048290.4758454016,SHORT,5.489e-05,0.1586,9.125949345157839,funding_record
XRPUSDT,1783915200000,1784016000000,1784016000002,479843.71615169203,SHORT,1.36e-05,1.0682,6.97093918326803,funding_record
ETHUSDT,1784592000000,1784620800000,1784620800000,358.3770700205759,LONG,4.126e-05,1933.3142093,-28.5872171773384,funding_record
SOLUSDT,1784592000000,1784620800000,1784620800000,8679.845391878207,LONG,6.58e-05,78.53634557,-44.8547635871493,funding_record
ETHUSDT,1784592000000,1784649600000,1784649600002,358.3770700205759,LONG,3.598e-05,1931.0515838,-24.8997650196169,funding_record
SOLUSDT,1784592000000,1784649600000,1784649600002,8679.845391878207,LONG,2.609e-05,78.1,-17.686304686007396,funding_record
ETHUSDT,1784592000000,1784678400000,1784678400000,358.3770700205759,LONG,1.055e-05,1929.3,-7.2944480965618546,funding_record
SOLUSDT,1784592000000,1784678400000,1784678400000,8679.845391878207,LONG,2.725e-05,78.1,-18.472663959129996,funding_record
ETHUSDT,1784592000000,1784707200000,1784707200000,358.3770700205759,LONG,1.429e-05,1913.32614729,-9.798541804644927,funding_record
SOLUSDT,1784592000000,1784707200000,1784707200000,8679.845391878207,LONG,-3.237e-05,77.06461665,21.65258296095497,funding_record
ETHUSDT,1784592000000,1784736000000,1784736000001,358.3770700205759,LONG,6.454e-05,1942.33989922,-44.92565389657348,funding_record
ETHUSDT,1784592000000,1784764800000,1784764800000,358.3770700205759,LONG,4.14e-06,1933.31,-2.8684154492197256,funding_record
ETHUSDT,1784592000000,1784793600000,1784793600000,358.3770700205759,LONG,-3.313e-05,1914.61,22.732226428923305,funding_record
DOGEUSDT,1784822400000,1784851200000,1784851200000,6032897.589489573,SHORT,-0.00013699,0.06916423,-57.160545545924165,funding_record
DOGEUSDT,1784822400000,1784880000000,1784880000000,6032897.589489573,SHORT,-3.38e-05,0.0700207,-14.278056673859794,funding_record
DOGEUSDT,1784822400000,1784908800000,1784908800008,6032897.589489573,SHORT,-2.812e-05,0.06918,-11.736046649373788,funding_record
DOGEUSDT,1784822400000,1784937600000,1784937600002,6032897.589489573,SHORT,-1.336e-05,0.06953938,-5.604840078567368,funding_record
DOGEUSDT,1784822400000,1784966400000,1784966400000,6032897.589489573,SHORT,5.9e-07,0.06931,0.24670267783723812,funding_record
XRPUSDT,1785196800000,1785225600000,1785225600000,533878.383106928,SHORT,-0.00016009,1.0554,-90.20355025706607,funding_record
XRPUSDT,1785196800000,1785254400000,1785254400000,533878.383106928,SHORT,-5.592e-05,1.06469859,-31.78602189168582,funding_record
AVAXUSDT,1785614400000,1785628800000,1785628800000,116098.3381576154,SHORT,-0.00021252,6.18703277,-152.6540134132424,funding_record
XRPUSDT,1785988800000,1786003200000,1786003200000,550958.7328848259,SHORT,-6.991e-05,1.04875046,-40.395272078568624,funding_record
ETHUSDT,1786003200000,1786032000000,1786032000000,366.1777789848795,LONG,9.87e-06,1909.87,-6.902603793381038,funding_record
ETHUSDT,1786003200000,1786060800000,1786060800000,366.1777789848795,LONG,-5.62e-06,1903.1764031,3.916583104666175,funding_record
DOGEUSDT,1786046400000,1786060800000,1786060800000,7853333.574185608,SHORT,-9.48e-06,0.06906,-5.141489533683287,funding_record
ETHUSDT,1786003200000,1786089600000,1786089600000,366.1777789848795,LONG,5.102e-05,1901.66,-35.52755430710738,funding_record
DOGEUSDT,1786046400000,1786089600000,1786089600000,7853333.574185608,SHORT,8.367e-05,0.06927,45.51651486393665,funding_record
ETHUSDT,1786003200000,1786118400000,1786118400000,366.1777789848795,LONG,3.625e-05,1916.99,-25.44601884443813,funding_record
ETHUSDT,1786003200000,1786147200000,1786147200001,366.1777789848795,LONG,3.4e-07,1913.09973643,-0.23818176823724854,funding_record
ETHUSDT,1786003200000,1786176000000,1786176000000,366.1777789848795,LONG,2.738e-05,1914.2934031,-19.19260532869482,funding_record
ETHUSDT,1786003200000,1786204800000,1786204800002,366.1777789848795,LONG,7.172e-05,1921.85,-50.472144192958744,funding_record
ETHUSDT,1786003200000,1786233600000,1786233600000,366.1777789848795,LONG,3.196e-05,1915.98186822,-22.422815923159988,funding_record
ETHUSDT,1786003200000,1786262400000,1786262400005,366.1777789848795,LONG,4.185e-05,1918.29,-29.396911933506658,funding_record
ETHUSDT,1786003200000,1786291200000,1786291200000,366.1777789848795,LONG,7.977e-05,1925.74613178,-56.25104726238638,funding_record
ETHUSDT,1786003200000,1786320000000,1786320000001,366.1777789848795,LONG,4.828e-05,1909.65627132,-33.760933852488016,funding_record
BCHUSDT,1786636800000,1786665600000,1786665600000,4516.809514495539,SHORT,-0.00070893,206.35255442,-660.7618795689224,funding_record
BCHUSDT,1786636800000,1786694400000,1786694400001,4516.809514495539,SHORT,-0.00050392,205.4,-467.51312762185927,funding_record
BCHUSDT,1786636800000,1786723200000,1786723200001,2258.4047572477693,SHORT,-0.00055113,201.36430691,-250.63304094878612,funding_record
LTCUSDT,1786723200000,1786752000000,1786752000003,35378.44904508798,SHORT,-3.887e-05,43.82586275,-60.26758719737736,funding_record
LTCUSDT,1786723200000,1786780800000,1786780800002,35378.44904508798,SHORT,-2.382e-05,43.99,-37.07101772861327,funding_record
