time_ms,equity,cash,positions,gross,initial_risk,short_initial_risk,short_gross
1609473600000,100000.0,100000.0,0,0.0,0.0,0.0,0.0
1609488000000,100000.0,100000.0,0,0.0,0.0,0.0,0.0
1609502400000,100000.0,100000.0,0,0.0,0.0,0.0,0.0
1609516800000,100000.0,100000.0,0,0.0,0.0,0.0,0.0
1609531200000,100000.0,100000.0,0,0.0,0.0,0.0,0.0
1609545600000,100000.0,100000.0,0,0.0,0.0,0.0,0.0
1609560000000,100000.0,100000.0,0,0.0,0.0,0.0,0.0
1609574400000,100000.0,100000.0,0,0.0,0.0,0.0,0.0
1609588800000,100000.0,100000.0,0,0.0,0.0,0.0,0.0
1609603200000,100000.0,100000.0,0,0.0,0.0,0.0,0.0
1609617600000,100000.0,100000.0,0,0.0,0.0,0.0,0.0
1609632000000,100000.0,100000.0,0,0.0,0.0,0.0,0.0
1609646400000,100000.0,100000.0,0,0.0,0.0,0.0,0.0
1609660800000,100000.0,100000.0,0,0.0,0.0,0.0,0.0
1609675200000,100000.0,100000.0,0,0.0,0.0,0.0,0.0
1609689600000,100000.0,100000.0,0,0.0,0.0,0.0,0.0
1609704000000,100000.0,100000.0,0,0.0,0.0,0.0,0.0
1609718400000,100000.0,100000.0,0,0.0,0.0,0.0,0.0
1609732800000,100000.0,100000.0,0,0.0,0.0,0.0,0.0
1609747200000,100000.0,100000.0,0,0.0,0.0,0.0,0.0
1609761600000,100000.0,100000.0,0,0.0,0.0,0.0,0.0
1609776000000,100000.0,100000.0,0,0.0,0.0,0.0,0.0
1609790400000,100000.0,100000.0,0,0.0,0.0,0.0,0.0
1609804800000,100000.0,100000.0,0,0.0,0.0,0.0,0.0
1609819200000,100000.0,100000.0,0,0.0,0.0,0.0,0.0
1609833600000,100000.0,100000.0,0,0.0,0.0,0.0,0.0
1609848000000,100000.0,100000.0,0,0.0,0.0,0.0,0.0
1609862400000,100000.0,100000.0,0,0.0,0.0,0.0,0.0
1609876800000,100000.0,100000.0,0,0.0,0.0,0.0,0.0
1609891200000,100000.0,100000.0,0,0.0,0.0,0.0,0.0
1609905600000,100000.0,100000.0,0,0.0,0.0,0.0,0.0
1609920000000,100000.0,100000.0,0,0.0,0.0,0.0,0.0
1609934400000,100000.0,100000.0,0,0.0,0.0,0.0,0.0
1609948800000,100000.0,100000.0,0,0.0,0.0,0.0,0.0
1609963200000,100000.0,100000.0,0,0.0,0.0,0.0,0.0
1609977600000,100000.0,100000.0,0,0.0,0.0,0.0,0.0
1609992000000,100000.0,100000.0,0,0.0,0.0,0.0,0.0
1610006400000,100000.0,100000.0,0,0.0,0.0,0.0,0.0
1610020800000,100000.0,100000.0,0,0.0,0.0,0.0,0.0
1610035200000,100000.0,100000.0,0,0.0,0.0,0.0,0.0
1610049600000,100000.0,100000.0,0,0.0,0.0,0.0,0.0
1610064000000,100000.0,100000.0,0,0.0,0.0,0.0,0.0
1610078400000,100000.0,100000.0,0,0.0,0.0,0.0,0.0
1610092800000,100000.0,100000.0,0,0.0,0.0,0.0,0.0
1610107200000,100000.0,100000.0,0,0.0,0.0,0.0,0.0
1610121600000,100000.0,100000.0,0,0.0,0.0,0.0,0.0
1610136000000,100000.0,100000.0,0,0.0,0.0,0.0,0.0
1610150400000,100000.0,100000.0,0,0.0,0.0,0.0,0.0
1610164800000,100000.0,100000.0,0,0.0,0.0,0.0,0.0
1610179200000,100000.0,100000.0,0,0.0,0.0,0.0,0.0
1610193600000,100000.0,100000.0,0,0.0,0.0,0.0,0.0
1610208000000,100000.0,100000.0,0,0.0,0.0,0.0,0.0
1610222400000,100000.0,100000.0,0,0.0,0.0,0.0,0.0
1610236800000,100000.0,100000.0,0,0.0,0.0,0.0,0.0
1610251200000,100000.0,100000.0,0,0.0,0.0,0.0,0.0
1610265600000,100000.0,100000.0,0,0.0,0.0,0.0,0.0
1610280000000,100000.0,100000.0,0,0.0,0.0,0.0,0.0
1610294400000,100000.0,100000.0,0,0.0,0.0,0.0,0.0
1610308800000,100000.0,100000.0,0,0.0,0.0,0.0,0.0
1610323200000,100000.0,100000.0,0,0.0,0.0,0.0,0.0
1610337600000,100000.0,100000.0,0,0.0,0.0,0.0,0.0
1610352000000,100000.0,100000.0,0,0.0,0.0,0.0,0.0
1610366400000,100000.0,100000.0,0,0.0,0.0,0.0,0.0
1610380800000,100000.0,100000.0,0,0.0,0.0,0.0,0.0
1610395200000,100000.0,100000.0,0,0.0,0.0,0.0,0.0
1610409600000,100000.0,100000.0,0,0.0,0.0,0.0,0.0
1610424000000,100000.0,100000.0,0,0.0,0.0,0.0,0.0
1610438400000,100000.0,100000.0,0,0.0,0.0,0.0,0.0
1610452800000,100000.0,100000.0,0,0.0,0.0,0.0,0.0
1610467200000,100000.0,100000.0,0,0.0,0.0,0.0,0.0
1610481600000,100000.0,100000.0,0,0.0,0.0,0.0,0.0
1610496000000,100000.0,100000.0,0,0.0,0.0,0.0,0.0
1610510400000,100000.0,100000.0,0,0.0,0.0,0.0,0.0
1610524800000,100000.0,100000.0,0,0.0,0.0,0.0,0.0
1610539200000,100000.0,100000.0,0,0.0,0.0,0.0,0.0
1610553600000,100000.0,100000.0,0,0.0,0.0,0.0,0.0
1610568000000,100000.0,100000.0,0,0.0,0.0,0.0,0.0
1610582400000,100000.0,100000.0,0,0.0,0.0,0.0,0.0
1610596800000,100000.0,100000.0,0,0.0,0.0,0.0,0.0
1610611200000,100000.0,100000.0,0,0.0,0.0,0.0,0.0
1610625600000,100000.0,100000.0,0,0.0,0.0,0.0,0.0
1610640000000,100000.0,100000.0,0,0.0,0.0,0.0,0.0
1610654400000,100000.0,100000.0,0,0.0,0.0,0.0,0.0
1610668800000,100000.0,100000.0,0,0.0,0.0,0.0,0.0
1610683200000,100000.0,100000.0,0,0.0,0.0,0.0,0.0
1610697600000,100000.0,100000.0,0,0.0,0.0,0.0,0.0
1610712000000,100000.0,100000.0,0,0.0,0.0,0.0,0.0
1610726400000,100000.0,100000.0,0,0.0,0.0,0.0,0.0
1610740800000,99910.1541753271,99991.04560631939,1,17989.67879221978,1000.0,1000.0,17989.67879221978
1610755200000,99570.10935628114,99991.04560631939,1,18329.723611265737,1000.0,1000.0,18329.723611265737
1610769600000,99608.49951941783,99996.73915224012,1,18297.02699404978,1000.0,1000.0,18297.02699404978
1610784000000,99477.71305055401,99996.73915224012,1,18427.81346291361,1000.0,1000.0,18427.81346291361
1610798400000,98992.88466086559,98992.88466086559,0,0.0,0.0,0.0,0.0
1610812800000,98992.88466086559,98992.88466086559,0,0.0,0.0,0.0,0.0
1610827200000,98992.88466086559,98992.88466086559,0,0.0,0.0,0.0,0.0
1610841600000,98992.88466086559,98992.88466086559,0,0.0,0.0,0.0,0.0
1610856000000,98992.88466086559,98992.88466086559,0,0.0,0.0,0.0,0.0
1610870400000,98992.88466086559,98992.88466086559,0,0.0,0.0,0.0,0.0
1610884800000,98992.88466086559,98992.88466086559,0,0.0,0.0,0.0,0.0
1610899200000,98992.88466086559,98992.88466086559,0,0.0,0.0,0.0,0.0
1610913600000,98992.88466086559,98992.88466086559,0,0.0,0.0,0.0,0.0
1610928000000,98992.88466086559,98992.88466086559,0,0.0,0.0,0.0,0.0
1610942400000,98992.88466086559,98992.88466086559,0,0.0,0.0,0.0,0.0
1610956800000,98992.88466086559,98992.88466086559,0,0.0,0.0,0.0,0.0
1610971200000,98992.88466086559,98992.88466086559,0,0.0,0.0,0.0,0.0
1610985600000,98992.88466086559,98992.88466086559,0,0.0,0.0,0.0,0.0
1611000000000,98992.88466086559,98992.88466086559,0,0.0,0.0,0.0,0.0
1611014400000,98992.88466086559,98992.88466086559,0,0.0,0.0,0.0,0.0
1611028800000,98992.88466086559,98992.88466086559,0,0.0,0.0,0.0,0.0
1611043200000,98992.88466086559,98992.88466086559,0,0.0,0.0,0.0,0.0
1611057600000,98992.88466086559,98992.88466086559,0,0.0,0.0,0.0,0.0
1611072000000,98992.88466086559,98992.88466086559,0,0.0,0.0,0.0,0.0
1611086400000,98992.88466086559,98992.88466086559,0,0.0,0.0,0.0,0.0
1611100800000,98992.88466086559,98992.88466086559,0,0.0,0.0,0.0,0.0
1611115200000,98992.88466086559,98992.88466086559,0,0.0,0.0,0.0,0.0
1611129600000,98992.88466086559,98992.88466086559,0,0.0,0.0,0.0,0.0
1611144000000,98992.88466086559,98992.88466086559,0,0.0,0.0,0.0,0.0
1611158400000,98992.88466086559,98992.88466086559,0,0.0,0.0,0.0,0.0
1611172800000,98992.88466086559,98992.88466086559,0,0.0,0.0,0.0,0.0
1611187200000,98992.88466086559,98992.88466086559,0,0.0,0.0,0.0,0.0
1611201600000,98992.88466086559,98992.88466086559,0,0.0,0.0,0.0,0.0
1611216000000,98992.88466086559,98992.88466086559,0,0.0,0.0,0.0,0.0
1611230400000,98992.88466086559,98992.88466086559,0,0.0,0.0,0.0,0.0
1611244800000,98992.88466086559,98992.88466086559,0,0.0,0.0,0.0,0.0
1611259200000,98992.88466086559,98992.88466086559,0,0.0,0.0,0.0,0.0
1611273600000,98992.88466086559,98992.88466086559,0,0.0,0.0,0.0,0.0
1611288000000,98992.88466086559,98992.88466086559,0,0.0,0.0,0.0,0.0
1611302400000,98992.88466086559,98992.88466086559,0,0.0,0.0,0.0,0.0
1611316800000,98992.88466086559,98992.88466086559,0,0.0,0.0,0.0,0.0
1611331200000,98992.88466086559,98992.88466086559,0,0.0,0.0,0.0,0.0
1611345600000,98992.88466086559,98992.88466086559,0,0.0,0.0,0.0,0.0
1611360000000,98992.88466086559,98992.88466086559,0,0.0,0.0,0.0,0.0
1611374400000,98992.88466086559,98992.88466086559,0,0.0,0.0,0.0,0.0
1611388800000,98992.88466086559,98992.88466086559,0,0.0,0.0,0.0,0.0
1611403200000,98992.88466086559,98992.88466086559,0,0.0,0.0,0.0,0.0
1611417600000,98992.88466086559,98992.88466086559,0,0.0,0.0,0.0,0.0
1611432000000,98992.88466086559,98992.88466086559,0,0.0,0.0,0.0,0.0
1611446400000,98992.88466086559,98992.88466086559,0,0.0,0.0,0.0,0.0
1611460800000,98992.88466086559,98992.88466086559,0,0.0,0.0,0.0,0.0
1611475200000,98992.88466086559,98992.88466086559,0,0.0,0.0,0.0,0.0
1611489600000,98992.88466086559,98992.88466086559,0,0.0,0.0,0.0,0.0
1611504000000,98992.88466086559,98992.88466086559,0,0.0,0.0,0.0,0.0
1611518400000,98992.88466086559,98992.88466086559,0,0.0,0.0,0.0,0.0
1611532800000,98992.88466086559,98992.88466086559,0,0.0,0.0,0.0,0.0
1611547200000,98992.88466086559,98992.88466086559,0,0.0,0.0,0.0,0.0
1611561600000,98992.88466086559,98992.88466086559,0,0.0,0.0,0.0,0.0
1611576000000,98992.88466086559,98992.88466086559,0,0.0,0.0,0.0,0.0
1611590400000,98992.88466086559,98992.88466086559,0,0.0,0.0,0.0,0.0
1611604800000,98992.88466086559,98992.88466086559,0,0.0,0.0,0.0,0.0
1611619200000,98992.88466086559,98992.88466086559,0,0.0,0.0,0.0,0.0
1611633600000,98992.88466086559,98992.88466086559,0,0.0,0.0,0.0,0.0
1611648000000,98447.7939340865,98963.68731960087,1,58910.57591495857,1979.8576932173119,1979.8576932173119,58910.57591495857
1611662400000,98584.55140010212,98989.83536782648,1,58799.96649716856,1979.8576932173119,1979.8576932173119,58799.96649716856
1611676800000,99226.08602328417,98989.83536782648,1,58158.43187398652,1979.8576932173119,1979.8576932173119,58158.43187398652
1611691200000,98336.76140009964,99007.50797052003,1,59065.42909986459,1979.8576932173119,1979.8576932173119,59065.42909986459
1611705600000,97982.81126317162,99007.50797052003,1,59419.379236792614,1979.8576932173119,1979.8576932173119,59419.379236792614
1611720000000,98840.27694270726,99024.34207485161,1,58578.747661588546,1979.8576932173119,1979.8576932173119,58578.747661588546
1611734400000,99083.61766184527,99024.34207485161,1,58335.40694245053,1979.8576932173119,1979.8576932173119,58335.40694245053
1611748800000,101621.7597070579,99040.58939445205,1,55813.51221683834,1979.8576932173119,1979.8576932173119,55813.51221683834
1611763200000,102250.62513069289,100993.22279972697,1,27939.93893375617,989.9288466086559,989.9288466086559,27939.93893375617
1611777600000,102175.99253213326,100996.01679362034,1,28017.365526209178,989.9288466086559,989.9288466086559,28017.365526209178
1611792000000,102463.57701838728,100996.01679362034,1,27729.781039955153,989.9288466086559,989.9288466086559,27729.781039955153
1611806400000,101869.66535148841,100999.39598278751,1,28327.0718960212,989.9288466086559,989.9288466086559,28327.0718960212
1611820800000,101323.39862738877,101323.39862738877,0,0.0,0.0,0.0,0.0
1611835200000,101323.39862738877,101323.39862738877,0,0.0,0.0,0.0,0.0
1611849600000,101323.39862738877,101323.39862738877,0,0.0,0.0,0.0,0.0
1611864000000,101323.39862738877,101323.39862738877,0,0.0,0.0,0.0,0.0
1611878400000,101323.39862738877,101323.39862738877,0,0.0,0.0,0.0,0.0
1611892800000,101323.39862738877,101323.39862738877,0,0.0,0.0,0.0,0.0
1611907200000,101323.39862738877,101323.39862738877,0,0.0,0.0,0.0,0.0
1611921600000,101323.39862738877,101323.39862738877,0,0.0,0.0,0.0,0.0
1611936000000,101323.39862738877,101323.39862738877,0,0.0,0.0,0.0,0.0
1611950400000,101323.39862738877,101323.39862738877,0,0.0,0.0,0.0,0.0
1611964800000,101323.39862738877,101323.39862738877,0,0.0,0.0,0.0,0.0
1611979200000,101323.39862738877,101323.39862738877,0,0.0,0.0,0.0,0.0
1611993600000,101323.39862738877,101323.39862738877,0,0.0,0.0,0.0,0.0
1612008000000,101323.39862738877,101323.39862738877,0,0.0,0.0,0.0,0.0
1612022400000,101323.39862738877,101323.39862738877,0,0.0,0.0,0.0,0.0
1612036800000,101323.39862738877,101323.39862738877,0,0.0,0.0,0.0,0.0
1612051200000,101323.39862738877,101323.39862738877,0,0.0,0.0,0.0,0.0
1612065600000,101323.39862738877,101323.39862738877,0,0.0,0.0,0.0,0.0
1612080000000,101323.39862738877,101323.39862738877,0,0.0,0.0,0.0,0.0
1612094400000,101323.39862738877,101323.39862738877,0,0.0,0.0,0.0,0.0
1612108800000,101323.39862738877,101323.39862738877,0,0.0,0.0,0.0,0.0
1612123200000,101323.39862738877,101323.39862738877,0,0.0,0.0,0.0,0.0
1612137600000,101323.39862738877,101323.39862738877,0,0.0,0.0,0.0,0.0
1612152000000,101323.39862738877,101323.39862738877,0,0.0,0.0,0.0,0.0
1612166400000,101323.39862738877,101323.39862738877,0,0.0,0.0,0.0,0.0
1612180800000,101323.39862738877,101323.39862738877,0,0.0,0.0,0.0,0.0
1612195200000,101323.39862738877,101323.39862738877,0,0.0,0.0,0.0,0.0
1612209600000,101323.39862738877,101323.39862738877,0,0.0,0.0,0.0,0.0
1612224000000,101323.39862738877,101323.39862738877,0,0.0,0.0,0.0,0.0
1612238400000,101323.39862738877,101323.39862738877,0,0.0,0.0,0.0,0.0
1612252800000,101323.39862738877,101323.39862738877,0,0.0,0.0,0.0,0.0
1612267200000,101323.39862738877,101323.39862738877,0,0.0,0.0,0.0,0.0
1612281600000,101323.39862738877,101323.39862738877,0,0.0,0.0,0.0,0.0
1612296000000,103821.85267216287,101303.8576489602,1,41599.95188036034,2026.4679725477754,0.0,0.0
1612310400000,103687.03206279116,101303.8576489602,1,41465.13127098861,2026.4679725477754,0.0,0.0
1612324800000,104337.84251218091,101240.91193108789,1,42178.88743825069,2026.4679725477754,0.0,0.0
1612339200000,104536.65505378995,101240.91193108789,1,42377.69997985972,2026.4679725477754,0.0,0.0
1612353600000,104251.17158846438,101175.02471185867,1,42158.10373376337,2026.4679725477754,0.0,0.0
1612368000000,105892.53730337128,101175.02471185867,1,43799.469448670265,2026.4679725477754,0.0,0.0
1612382400000,106199.64459634204,101077.680238395,2,91787.67291626186,4142.880483038445,0.0,0.0
1612396800000,108513.62045187088,101077.680238395,2,94101.64877179069,4142.880483038445,0.0,0.0
1612411200000,107852.1747776701,100997.01350129736,2,93520.86983468753,4142.880483038445,0.0,0.0
1612425600000,108686.27530657133,100997.01350129736,2,94354.97036358877,4142.880483038445,0.0,0.0
1612440000000,106584.4008490674,100899.07491759211,2,92351.0344897901,4142.880483038445,0.0,0.0
1612454400000,104715.3580016722,100899.07491759211,2,90481.99164239489,4142.880483038445,0.0,0.0
1612468800000,107839.69234096886,100807.08616673069,2,93698.31473255297,4142.880483038445,0.0,0.0
1612483200000,105457.7807030526,100807.08616673069,2,91316.40309463671,4142.880483038445,0.0,0.0
1612497600000,107287.27183632368,100730.44280544766,2,93222.53758919082,4142.880483038445,0.0,0.0
1612512000000,108252.18719653877,100730.44280544766,2,94187.45294940591,4142.880483038445,0.0,0.0
1612526400000,108157.60977529046,100613.66216967636,2,94209.6561639289,4142.880483038445,0.0,0.0
1612540800000,110673.12111148954,100613.66216967636,2,96725.16750012798,4142.880483038445,0.0,0.0
1612555200000,109183.35822023536,100490.92447301274,2,95358.14230553742,4142.880483038445,0.0,0.0
1612569600000,110350.83590631727,100490.92447301274,2,96525.61999161933,4142.880483038445,0.0,0.0
1612584000000,110685.71288456146,100418.59137122256,2,96932.8300716537,4142.880483038445,0.0,0.0
1612598400000,110367.0120555276,100418.59137122256,2,96614.12924261983,4142.880483038445,0.0,0.0
1612612800000,111615.5190266628,100334.11133997953,2,97947.11624499809,4142.880483038445,0.0,0.0
1612627200000,112244.20889986961,100334.11133997953,2,98575.8061182049,4142.880483038445,0.0,0.0
1612641600000,112251.88504829802,100214.1203763079,2,98703.47323030492,4142.880483038445,0.0,0.0
1612656000000,110073.7588841027,100214.1203763079,2,96525.3470661096,4142.880483038445,0.0,0.0
1612670400000,108073.09739447072,100056.84186903985,2,94681.96408374567,4142.880483038445,0.0,0.0
1612684800000,108224.96532102657,105457.2683502279,1,50351.44867195581,2116.4125104906702,0.0,0.0
1612699200000,108281.90378106278,105424.47855517318,1,50441.17692704674,2116.4125104906702,0.0,0.0
1612713600000,106786.18791505788,105424.47855517318,1,48945.46106104184,2116.4125104906702,0.0,0.0
1612728000000,106685.27166029553,106685.27166029553,0,0.0,0.0,0.0,0.0
1612742400000,106685.27166029553,106685.27166029553,0,0.0,0.0,0.0,0.0
1612756800000,106685.27166029553,106685.27166029553,0,0.0,0.0,0.0,0.0
1612771200000,106685.27166029553,106685.27166029553,0,0.0,0.0,0.0,0.0
1612785600000,106685.27166029553,106685.27166029553,0,0.0,0.0,0.0,0.0
1612800000000,106685.27166029553,106685.27166029553,0,0.0,0.0,0.0,0.0
1612814400000,106685.27166029553,106685.27166029553,0,0.0,0.0,0.0,0.0
1612828800000,106685.27166029553,106685.27166029553,0,0.0,0.0,0.0,0.0
1612843200000,106685.27166029553,106685.27166029553,0,0.0,0.0,0.0,0.0
1612857600000,106685.27166029553,106685.27166029553,0,0.0,0.0,0.0,0.0
1612872000000,106685.27166029553,106685.27166029553,0,0.0,0.0,0.0,0.0
1612886400000,106685.27166029553,106685.27166029553,0,0.0,0.0,0.0,0.0
1612900800000,106685.27166029553,106685.27166029553,0,0.0,0.0,0.0,0.0
1612915200000,106685.27166029553,106685.27166029553,0,0.0,0.0,0.0,0.0
1612929600000,106685.27166029553,106685.27166029553,0,0.0,0.0,0.0,0.0
1612944000000,106685.27166029553,106685.27166029553,0,0.0,0.0,0.0,0.0
1612958400000,106685.27166029553,106685.27166029553,0,0.0,0.0,0.0,0.0
1612972800000,106685.27166029553,106685.27166029553,0,0.0,0.0,0.0,0.0
1612987200000,106685.27166029553,106685.27166029553,0,0.0,0.0,0.0,0.0
1613001600000,106685.27166029553,106685.27166029553,0,0.0,0.0,0.0,0.0
1613016000000,106685.27166029553,106685.27166029553,0,0.0,0.0,0.0,0.0
1613030400000,106685.27166029553,106685.27166029553,0,0.0,0.0,0.0,0.0
1613044800000,106685.27166029553,106685.27166029553,0,0.0,0.0,0.0,0.0
1613059200000,106685.27166029553,106685.27166029553,0,0.0,0.0,0.0,0.0
1613073600000,106685.27166029553,106685.27166029553,0,0.0,0.0,0.0,0.0
1613088000000,106685.27166029553,106685.27166029553,0,0.0,0.0,0.0,0.0
1613102400000,106685.27166029553,106685.27166029553,0,0.0,0.0,0.0,0.0
1613116800000,106685.27166029553,106685.27166029553,0,0.0,0.0,0.0,0.0
1613131200000,106685.27166029553,106685.27166029553,0,0.0,0.0,0.0,0.0
1613145600000,106685.27166029553,106685.27166029553,0,0.0,0.0,0.0,0.0
1613160000000,106685.27166029553,106685.27166029553,0,0.0,0.0,0.0,0.0
1613174400000,106685.27166029553,106685.27166029553,0,0.0,0.0,0.0,0.0
1613188800000,106685.27166029553,106685.27166029553,0,0.0,0.0,0.0,0.0
1613203200000,106685.27166029553,106685.27166029553,0,0.0,0.0,0.0,0.0
1613217600000,106685.27166029553,106685.27166029553,0,0.0,0.0,0.0,0.0
1613232000000,106685.27166029553,106685.27166029553,0,0.0,0.0,0.0,0.0
1613246400000,106685.27166029553,106685.27166029553,0,0.0,0.0,0.0,0.0
1613260800000,106685.27166029553,106685.27166029553,0,0.0,0.0,0.0,0.0
1613275200000,106685.27166029553,106685.27166029553,0,0.0,0.0,0.0,0.0
1613289600000,106685.27166029553,106685.27166029553,0,0.0,0.0,0.0,0.0
1613304000000,106685.27166029553,106685.27166029553,0,0.0,0.0,0.0,0.0
1613318400000,106685.27166029553,106685.27166029553,0,0.0,0.0,0.0,0.0
1613332800000,106685.27166029553,106685.27166029553,0,0.0,0.0,0.0,0.0
1613347200000,106685.27166029553,106685.27166029553,0,0.0,0.0,0.0,0.0
1613361600000,106685.27166029553,106685.27166029553,0,0.0,0.0,0.0,0.0
1613376000000,106685.27166029553,106685.27166029553,0,0.0,0.0,0.0,0.0
1613390400000,106685.27166029553,106685.27166029553,0,0.0,0.0,0.0,0.0
1613404800000,106685.27166029553,106685.27166029553,0,0.0,0.0,0.0,0.0
1613419200000,106685.27166029553,106685.27166029553,0,0.0,0.0,0.0,0.0
1613433600000,106685.27166029553,106685.27166029553,0,0.0,0.0,0.0,0.0
1613448000000,106685.27166029553,106685.27166029553,0,0.0,0.0,0.0,0.0
1613462400000,106685.27166029553,106685.27166029553,0,0.0,0.0,0.0,0.0
1613476800000,106685.27166029553,106685.27166029553,0,0.0,0.0,0.0,0.0
1613491200000,106685.27166029553,106685.27166029553,0,0.0,0.0,0.0,0.0
1613505600000,106685.27166029553,106685.27166029553,0,0.0,0.0,0.0,0.0
1613520000000,106685.27166029553,106685.27166029553,0,0.0,0.0,0.0,0.0
1613534400000,106685.27166029553,106685.27166029553,0,0.0,0.0,0.0,0.0
1613548800000,106685.27166029553,106685.27166029553,0,0.0,0.0,0.0,0.0
1613563200000,106685.27166029553,106685.27166029553,0,0.0,0.0,0.0,0.0
1613577600000,106685.27166029553,106685.27166029553,0,0.0,0.0,0.0,0.0
1613592000000,106685.27166029553,106685.27166029553,0,0.0,0.0,0.0,0.0
1613606400000,106685.27166029553,106685.27166029553,0,0.0,0.0,0.0,0.0
1613620800000,106685.27166029553,106685.27166029553,0,0.0,0.0,0.0,0.0
1613635200000,106685.27166029553,106685.27166029553,0,0.0,0.0,0.0,0.0
1613649600000,106685.27166029553,106685.27166029553,0,0.0,0.0,0.0,0.0
1613664000000,106685.27166029553,106685.27166029553,0,0.0,0.0,0.0,0.0
1613678400000,107015.5092126034,106659.3486814352,1,52202.11825180865,2133.7054332059106,0.0,0.0
1613692800000,107453.43962165364,106659.3486814352,1,52640.04866085889,2133.7054332059106,0.0,0.0
1613707200000,106665.65755749974,106616.18389483671,1,51895.4313833035,2133.7054332059106,0.0,0.0
1613721600000,106888.28348061445,106616.18389483671,1,52118.0573064182,2133.7054332059106,0.0,0.0
1613736000000,107294.58389710111,106543.33692259781,1,52597.204695143766,2133.7054332059106,0.0,0.0
1613750400000,107124.0215272605,106543.33692259781,1,52426.642325303146,2133.7054332059106,0.0,0.0
1613764800000,107757.7902452809,106454.7238389403,1,53149.024126981065,2133.7054332059106,0.0,0.0
1613779200000,107718.47141598538,106454.7238389403,1,53109.70529768553,2133.7054332059106,0.0,0.0
1613793600000,109412.05575797566,106350.48860693486,1,54907.524871681264,2133.7054332059106,0.0,0.0
1613808000000,108454.30330920448,106350.48860693486,1,53949.77242291008,2133.7054332059106,0.0,0.0
1613822400000,108799.6468572571,106248.13982969835,1,54397.46474819921,2133.7054332059106,0.0,0.0
1613836800000,108124.17648639386,106248.13982969835,1,53721.99437733596,2133.7054332059106,0.0,0.0
1613851200000,108419.20439191921,106148.35245622856,1,54116.809656331105,2133.7054332059106,0.0,0.0
1613865600000,103964.9471987983,103964.9471987983,0,0.0,0.0,0.0,0.0
1613880000000,103964.9471987983,103964.9471987983,0,0.0,0.0,0.0,0.0
1613894400000,103964.9471987983,103964.9471987983,0,0.0,0.0,0.0,0.0
1613908800000,103964.9471987983,103964.9471987983,0,0.0,0.0,0.0,0.0
1613923200000,103964.9471987983,103964.9471987983,0,0.0,0.0,0.0,0.0
1613937600000,103964.9471987983,103964.9471987983,0,0.0,0.0,0.0,0.0
1613952000000,103964.9471987983,103964.9471987983,0,0.0,0.0,0.0,0.0
1613966400000,103964.9471987983,103964.9471987983,0,0.0,0.0,0.0,0.0
1613980800000,103964.9471987983,103964.9471987983,0,0.0,0.0,0.0,0.0
1613995200000,103964.9471987983,103964.9471987983,0,0.0,0.0,0.0,0.0
1614009600000,103964.9471987983,103964.9471987983,0,0.0,0.0,0.0,0.0
1614024000000,103964.9471987983,103964.9471987983,0,0.0,0.0,0.0,0.0
1614038400000,103964.9471987983,103964.9471987983,0,0.0,0.0,0.0,0.0
1614052800000,103964.9471987983,103964.9471987983,0,0.0,0.0,0.0,0.0
1614067200000,103964.9471987983,103964.9471987983,0,0.0,0.0,0.0,0.0
1614081600000,103964.9471987983,103964.9471987983,0,0.0,0.0,0.0,0.0
1614096000000,103964.9471987983,103964.9471987983,0,0.0,0.0,0.0,0.0
1614110400000,103964.9471987983,103964.9471987983,0,0.0,0.0,0.0,0.0
1614124800000,103964.9471987983,103964.9471987983,0,0.0,0.0,0.0,0.0
1614139200000,103964.9471987983,103964.9471987983,0,0.0,0.0,0.0,0.0
1614153600000,103964.9471987983,103964.9471987983,0,0.0,0.0,0.0,0.0
1614168000000,103964.9471987983,103964.9471987983,0,0.0,0.0,0.0,0.0
1614182400000,103964.9471987983,103964.9471987983,0,0.0,0.0,0.0,0.0
1614196800000,103964.9471987983,103964.9471987983,0,0.0,0.0,0.0,0.0
1614211200000,103964.9471987983,103964.9471987983,0,0.0,0.0,0.0,0.0
1614225600000,103964.9471987983,103964.9471987983,0,0.0,0.0,0.0,0.0
1614240000000,103964.9471987983,103964.9471987983,0,0.0,0.0,0.0,0.0
1614254400000,103964.9471987983,103964.9471987983,0,0.0,0.0,0.0,0.0
1614268800000,103964.9471987983,103964.9471987983,0,0.0,0.0,0.0,0.0
1614283200000,103964.9471987983,103964.9471987983,0,0.0,0.0,0.0,0.0
1614297600000,103964.9471987983,103964.9471987983,0,0.0,0.0,0.0,0.0
1614312000000,103964.9471987983,103964.9471987983,0,0.0,0.0,0.0,0.0
1614326400000,103964.9471987983,103964.9471987983,0,0.0,0.0,0.0,0.0
1614340800000,103964.9471987983,103964.9471987983,0,0.0,0.0,0.0,0.0
1614355200000,103964.9471987983,103964.9471987983,0,0.0,0.0,0.0,0.0
1614369600000,103964.9471987983,103964.9471987983,0,0.0,0.0,0.0,0.0
1614384000000,103964.9471987983,103964.9471987983,0,0.0,0.0,0.0,0.0
1614398400000,103964.9471987983,103964.9471987983,0,0.0,0.0,0.0,0.0
1614412800000,103964.9471987983,103964.9471987983,0,0.0,0.0,0.0,0.0
1614427200000,103964.9471987983,103964.9471987983,0,0.0,0.0,0.0,0.0
1614441600000,103964.9471987983,103964.9471987983,0,0.0,0.0,0.0,0.0
1614456000000,103964.9471987983,103964.9471987983,0,0.0,0.0,0.0,0.0
1614470400000,103964.9471987983,103964.9471987983,0,0.0,0.0,0.0,0.0
1614484800000,103964.9471987983,103964.9471987983,0,0.0,0.0,0.0,0.0
1614499200000,103964.9471987983,103964.9471987983,0,0.0,0.0,0.0,0.0
1614513600000,103964.9471987983,103964.9471987983,0,0.0,0.0,0.0,0.0
1614528000000,103964.9471987983,103964.9471987983,0,0.0,0.0,0.0,0.0
1614542400000,103964.9471987983,103964.9471987983,0,0.0,0.0,0.0,0.0
1614556800000,103964.9471987983,103964.9471987983,0,0.0,0.0,0.0,0.0
1614571200000,103964.9471987983,103964.9471987983,0,0.0,0.0,0.0,0.0
1614585600000,103964.9471987983,103964.9471987983,0,0.0,0.0,0.0,0.0
1614600000000,103964.9471987983,103964.9471987983,0,0.0,0.0,0.0,0.0
1614614400000,103964.9471987983,103964.9471987983,0,0.0,0.0,0.0,0.0
1614628800000,103964.9471987983,103964.9471987983,0,0.0,0.0,0.0,0.0
1614643200000,103964.9471987983,103964.9471987983,0,0.0,0.0,0.0,0.0
1614657600000,103964.9471987983,103964.9471987983,0,0.0,0.0,0.0,0.0
1614672000000,103964.9471987983,103964.9471987983,0,0.0,0.0,0.0,0.0
1614686400000,103964.9471987983,103964.9471987983,0,0.0,0.0,0.0,0.0
1614700800000,103964.9471987983,103964.9471987983,0,0.0,0.0,0.0,0.0
1614715200000,103964.9471987983,103964.9471987983,0,0.0,0.0,0.0,0.0
1614729600000,103964.9471987983,103964.9471987983,0,0.0,0.0,0.0,0.0
1614744000000,103964.9471987983,103964.9471987983,0,0.0,0.0,0.0,0.0
1614758400000,103964.9471987983,103964.9471987983,0,0.0,0.0,0.0,0.0
1614772800000,103964.9471987983,103964.9471987983,0,0.0,0.0,0.0,0.0
1614787200000,103964.9471987983,103964.9471987983,0,0.0,0.0,0.0,0.0
1614801600000,103964.9471987983,103964.9471987983,0,0.0,0.0,0.0,0.0
1614816000000,103964.9471987983,103964.9471987983,0,0.0,0.0,0.0,0.0
1614830400000,103964.9471987983,103964.9471987983,0,0.0,0.0,0.0,0.0
1614844800000,103964.9471987983,103964.9471987983,0,0.0,0.0,0.0,0.0
1614859200000,103964.9471987983,103964.9471987983,0,0.0,0.0,0.0,0.0
1614873600000,103964.9471987983,103964.9471987983,0,0.0,0.0,0.0,0.0
1614888000000,103964.9471987983,103964.9471987983,0,0.0,0.0,0.0,0.0
1614902400000,103964.9471987983,103964.9471987983,0,0.0,0.0,0.0,0.0
1614916800000,103964.9471987983,103964.9471987983,0,0.0,0.0,0.0,0.0
1614931200000,103964.9471987983,103964.9471987983,0,0.0,0.0,0.0,0.0
1614945600000,103964.9471987983,103964.9471987983,0,0.0,0.0,0.0,0.0
1614960000000,103964.9471987983,103964.9471987983,0,0.0,0.0,0.0,0.0
1614974400000,103964.9471987983,103964.9471987983,0,0.0,0.0,0.0,0.0
1614988800000,103964.9471987983,103964.9471987983,0,0.0,0.0,0.0,0.0
1615003200000,103964.9471987983,103964.9471987983,0,0.0,0.0,0.0,0.0
1615017600000,103964.9471987983,103964.9471987983,0,0.0,0.0,0.0,0.0
1615032000000,103964.9471987983,103964.9471987983,0,0.0,0.0,0.0,0.0
1615046400000,103964.9471987983,103964.9471987983,0,0.0,0.0,0.0,0.0
1615060800000,103964.9471987983,103964.9471987983,0,0.0,0.0,0.0,0.0
1615075200000,103964.9471987983,103964.9471987983,0,0.0,0.0,0.0,0.0
1615089600000,103964.9471987983,103964.9471987983,0,0.0,0.0,0.0,0.0
1615104000000,103964.9471987983,103964.9471987983,0,0.0,0.0,0.0,0.0
1615118400000,103964.9471987983,103964.9471987983,0,0.0,0.0,0.0,0.0
1615132800000,103964.9471987983,103964.9471987983,0,0.0,0.0,0.0,0.0
1615147200000,103964.9471987983,103964.9471987983,0,0.0,0.0,0.0,0.0
1615161600000,103964.9471987983,103964.9471987983,0,0.0,0.0,0.0,0.0
1615176000000,103964.9471987983,103964.9471987983,0,0.0,0.0,0.0,0.0
1615190400000,103964.9471987983,103964.9471987983,0,0.0,0.0,0.0,0.0
1615204800000,103964.9471987983,103964.9471987983,0,0.0,0.0,0.0,0.0
1615219200000,103964.9471987983,103964.9471987983,0,0.0,0.0,0.0,0.0
1615233600000,103964.9471987983,103964.9471987983,0,0.0,0.0,0.0,0.0
1615248000000,103964.9471987983,103964.9471987983,0,0.0,0.0,0.0,0.0
1615262400000,103964.9471987983,103964.9471987983,0,0.0,0.0,0.0,0.0
1615276800000,103964.9471987983,103964.9471987983,0,0.0,0.0,0.0,0.0
1615291200000,103964.9471987983,103964.9471987983,0,0.0,0.0,0.0,0.0
1615305600000,103732.08977159511,103937.0462705128,1,55596.9000720767,2079.298943975966,0.0,0.0
1615320000000,103716.28872848254,103905.3347524667,1,55612.81054701022,2079.298943975966,0.0,0.0
1615334400000,104511.99736124568,103905.3347524667,1,56408.51917977336,2079.298943975966,0.0,0.0
1615348800000,103100.69925800135,103891.6008525018,1,55010.95497649393,2079.298943975966,0.0,0.0
1615363200000,103751.65235607234,103891.6008525018,1,55661.908074564926,2079.298943975966,0.0,0.0
1615377600000,104478.37616603318,103864.55435710658,1,56415.67837992098,2079.298943975966,0.0,0.0
1615392000000,105966.4729232597,103864.55435710658,1,57903.77513714751,2079.298943975966,0.0,0.0
1615406400000,106403.49583859596,103831.59683922253,1,58373.755570367815,2079.298943975966,0.0,0.0
1615420800000,105496.42415274745,103831.59683922253,1,57466.683884519305,2079.298943975966,0.0,0.0
1615435200000,105580.19855591911,103776.46016234193,1,57605.59496457156,2079.298943975966,0.0,0.0
1615449600000,104575.93841699055,103776.46016234193,1,56601.334825643,2079.298943975966,0.0,0.0
1615464000000,105730.52315988348,103720.27727854745,1,57812.102452330415,2079.298943975966,0.0,0.0
1615478400000,105879.75704646137,103720.27727854745,1,57961.336338908295,2079.298943975966,0.0,0.0
1615492800000,106318.51164228082,103670.76826142958,1,58449.59995184562,2079.298943975966,0.0,0.0
1615507200000,107283.61701655696,103670.76826142958,1,59414.705326121766,2079.298943975966,0.0,0.0
1615521600000,106536.92542714799,103610.14785517727,1,58728.6341429651,2079.298943975966,0.0,0.0
1615536000000,106066.70875059426,103610.14785517727,1,58258.417466411374,2079.298943975966,0.0,0.0
1615550400000,105866.08733062481,103571.01416077583,1,58096.92974084337,2079.298943975966,0.0,0.0
1615564800000,106331.281268481,103571.01416077583,1,58562.12367869955,2079.298943975966,0.0,0.0
1615579200000,106291.18238324505,103541.0326530799,1,58552.00630115952,2079.298943975966,0.0,0.0
1615593600000,106585.36696205137,103541.0326530799,1,58846.19087996585,2079.298943975966,0.0,0.0
1615608000000,106008.3359959748,103512.87712213738,1,58297.31544483181,2079.298943975966,0.0,0.0
1615622400000,106658.82687882823,103512.87712213738,1,58947.80632768524,2079.298943975966,0.0,0.0
1615636800000,109207.38741463411,103477.18210508692,1,61532.06188054157,2079.298943975966,0.0,0.0
1615651200000,109037.76470123696,103477.18210508692,1,61362.439167144425,2079.298943975966,0.0,0.0
1615665600000,110095.57310920404,103442.13912409211,1,62455.29055610631,2079.298943975966,0.0,0.0
1615680000000,110570.79198155674,103442.13912409211,1,62930.50942845902,2079.298943975966,0.0,0.0
1615694400000,110688.77256926161,103390.66134158829,1,63099.9677986677,2079.298943975966,0.0,0.0
1615708800000,109834.47558980976,103390.66134158829,1,62245.67081921585,2079.298943975966,0.0,0.0
1615723200000,109593.9403296255,103338.01143161966,1,62057.785469000235,2079.298943975966,0.0,0.0
1615737600000,108920.31814299527,103338.01143161966,1,61384.16328236999,2079.298943975966,0.0,0.0
1615752000000,109113.89942061483,103267.39049087896,1,61648.36550073026,2079.298943975966,0.0,0.0
1615766400000,108105.21228704693,103267.39049087896,1,60639.678367162356,2079.298943975966,0.0,0.0
1615780800000,109545.73659706682,103217.6507678744,1,62129.9424001868,2079.298943975966,0.0,0.0
1615795200000,106816.21193705438,103217.6507678744,1,59400.417740174365,2079.298943975966,0.0,0.0
1615809600000,106696.1315217051,106696.1315217051,0,0.0,0.0,0.0,0.0
1615824000000,106696.1315217051,106696.1315217051,0,0.0,0.0,0.0,0.0
1615838400000,106696.1315217051,106696.1315217051,0,0.0,0.0,0.0,0.0
1615852800000,106696.1315217051,106696.1315217051,0,0.0,0.0,0.0,0.0
1615867200000,106696.1315217051,106696.1315217051,0,0.0,0.0,0.0,0.0
1615881600000,106696.1315217051,106696.1315217051,0,0.0,0.0,0.0,0.0
1615896000000,106696.1315217051,106696.1315217051,0,0.0,0.0,0.0,0.0
1615910400000,106696.1315217051,106696.1315217051,0,0.0,0.0,0.0,0.0
1615924800000,106696.1315217051,106696.1315217051,0,0.0,0.0,0.0,0.0
1615939200000,106696.1315217051,106696.1315217051,0,0.0,0.0,0.0,0.0
1615953600000,106696.1315217051,106696.1315217051,0,0.0,0.0,0.0,0.0
1615968000000,106696.1315217051,106696.1315217051,0,0.0,0.0,0.0,0.0
1615982400000,106696.1315217051,106696.1315217051,0,0.0,0.0,0.0,0.0
1615996800000,106696.1315217051,106696.1315217051,0,0.0,0.0,0.0,0.0
1616011200000,106696.1315217051,106696.1315217051,0,0.0,0.0,0.0,0.0
1616025600000,106696.1315217051,106696.1315217051,0,0.0,0.0,0.0,0.0
1616040000000,106696.1315217051,106696.1315217051,0,0.0,0.0,0.0,0.0
1616054400000,106696.1315217051,106696.1315217051,0,0.0,0.0,0.0,0.0
1616068800000,106696.1315217051,106696.1315217051,0,0.0,0.0,0.0,0.0
1616083200000,106696.1315217051,106696.1315217051,0,0.0,0.0,0.0,0.0
1616097600000,106696.1315217051,106696.1315217051,0,0.0,0.0,0.0,0.0
1616112000000,106696.1315217051,106696.1315217051,0,0.0,0.0,0.0,0.0
1616126400000,106696.1315217051,106696.1315217051,0,0.0,0.0,0.0,0.0
1616140800000,106696.1315217051,106696.1315217051,0,0.0,0.0,0.0,0.0
1616155200000,106696.1315217051,106696.1315217051,0,0.0,0.0,0.0,0.0
1616169600000,106696.1315217051,106696.1315217051,0,0.0,0.0,0.0,0.0
1616184000000,106696.1315217051,106696.1315217051,0,0.0,0.0,0.0,0.0
1616198400000,106696.1315217051,106696.1315217051,0,0.0,0.0,0.0,0.0
1616212800000,106696.1315217051,106696.1315217051,0,0.0,0.0,0.0,0.0
1616227200000,106696.1315217051,106696.1315217051,0,0.0,0.0,0.0,0.0
1616241600000,106696.1315217051,106696.1315217051,0,0.0,0.0,0.0,0.0
1616256000000,106696.1315217051,106696.1315217051,0,0.0,0.0,0.0,0.0
1616270400000,106696.1315217051,106696.1315217051,0,0.0,0.0,0.0,0.0
1616284800000,106696.1315217051,106696.1315217051,0,0.0,0.0,0.0,0.0
1616299200000,106696.1315217051,106696.1315217051,0,0.0,0.0,0.0,0.0
1616313600000,106696.1315217051,106696.1315217051,0,0.0,0.0,0.0,0.0
1616328000000,106696.1315217051,106696.1315217051,0,0.0,0.0,0.0,0.0
1616342400000,106228.20238709518,106654.52202394696,2,83645.31515312844,2133.489929386558,2133.489929386558,83645.31515312844
1616356800000,105623.2512006183,106686.47705956493,2,84282.22137522331,2133.489929386558,2133.489929386558,84282.22137522331
1616371200000,106180.41819835761,106686.47705956493,2,83725.05437748399,2133.489929386558,2133.489929386558,83725.05437748399
1616385600000,106620.22381634964,106735.12090652208,2,83333.89260644911,2133.489929386558,2133.489929386558,83333.89260644911
1616400000000,106452.42027557208,106735.12090652208,2,83501.69614722666,2133.489929386558,2133.489929386558,83501.69614722666
1616414400000,105949.76099659907,106793.24854591623,2,84062.48306559381,2133.489929386558,2133.489929386558,84062.48306559381
1616428800000,105172.39124233207,105685.68343557954,1,43772.57671641827,1066.961315217051,1066.961315217051,43772.57671641827
1616443200000,106038.84140121922,105711.2089147144,1,42931.652036665975,1066.961315217051,1066.961315217051,42931.652036665975
1616457600000,107730.08563857773,106757.60240831485,1,20657.159031322517,533.4806576085255,533.4806576085255,20657.159031322517
1616472000000,106486.70600359321,106722.45325330415,3,102081.95683630253,2687.6664200180526,2687.6664200180526,102081.95683630253
1616486400000,107745.25306278135,106722.45325330415,3,100823.4097771144,2687.6664200180526,2687.6664200180526,100823.4097771144
1616500800000,108003.56173190748,106746.77115232604,3,100589.41900701016,2687.6664200180526,2687.6664200180526,100589.41900701016
1616515200000,107005.83024028924,106746.77115232604,3,101587.1504986284,2687.6664200180526,2687.6664200180526,101587.1504986284
1616529600000,106417.03250737302,105658.58094808499,2,56259.682540960435,1610.3493423727314,1610.3493423727314,56259.682540960435
1616544000000,107206.42786048866,105658.58094808499,2,55470.287187844806,1610.3493423727314,1610.3493423727314,55470.287187844806
1616558400000,106524.00578960513,106057.65248890668,1,34922.13853796464,1076.868684764206,1076.868684764206,34922.13853796464
1616572800000,105884.22079149229,106057.65248890668,1,35561.92353607748,1076.868684764206,1076.868684764206,35561.92353607748
1616587200000,105774.0058369568,106078.50910599269,1,35692.995107698975,1076.868684764206,1076.868684764206,35692.995107698975
1616601600000,105277.98059062022,105277.98059062022,0,0.0,0.0,0.0,0.0
1616616000000,105277.98059062022,105277.98059062022,0,0.0,0.0,0.0,0.0
1616630400000,105277.98059062022,105277.98059062022,0,0.0,0.0,0.0,0.0
1616644800000,106535.11825817978,105249.14682622443,1,56381.55735961659,2105.5596118124045,2105.5596118124045,56381.55735961659
1616659200000,106029.91873907566,105218.72384414045,2,117702.29806458924,4236.261976976,4236.261976976,117702.29806458924
1616673600000,105247.83116861331,105224.37358299794,2,118490.03537390908,4236.261976976,4236.261976976,118490.03537390908
1616688000000,109318.55126773073,107326.7765953728,2,86098.73620319026,3170.910794394202,3170.910794394202,86098.73620319026
1616702400000,107111.67143410392,107320.12970108973,2,88298.96914253401,3170.910794394202,3170.910794394202,88298.96914253401
1616716800000,108327.69301409555,107320.12970108973,2,87082.94756254237,3170.910794394202,3170.910794394202,87082.94756254237
1616731200000,106973.47708859721,107295.45342558615,1,57989.50512856089,2105.5596118124045,2105.5596118124045,57989.50512856089
1616745600000,106950.36740054128,107295.45342558615,1,58012.61481661683,2105.5596118124045,2105.5596118124045,58012.61481661683
1616760000000,106202.60838730601,106202.60838730601,0,0.0,0.0,0.0,0.0
1616774400000,106202.60838730601,106202.60838730601,0,0.0,0.0,0.0,0.0
1616788800000,106202.60838730601,106202.60838730601,0,0.0,0.0,0.0,0.0
1616803200000,106202.60838730601,106202.60838730601,0,0.0,0.0,0.0,0.0
1616817600000,106202.60838730601,106202.60838730601,0,0.0,0.0,0.0,0.0
1616832000000,106202.60838730601,106202.60838730601,0,0.0,0.0,0.0,0.0
1616846400000,106202.60838730601,106202.60838730601,0,0.0,0.0,0.0,0.0
1616860800000,106202.60838730601,106202.60838730601,0,0.0,0.0,0.0,0.0
1616875200000,106202.60838730601,106202.60838730601,0,0.0,0.0,0.0,0.0
1616889600000,106202.60838730601,106202.60838730601,0,0.0,0.0,0.0,0.0
1616904000000,106202.60838730601,106202.60838730601,0,0.0,0.0,0.0,0.0
1616918400000,106202.60838730601,106202.60838730601,0,0.0,0.0,0.0,0.0
1616932800000,106202.60838730601,106202.60838730601,0,0.0,0.0,0.0,0.0
1616947200000,106202.60838730601,106202.60838730601,0,0.0,0.0,0.0,0.0
1616961600000,106202.60838730601,106202.60838730601,0,0.0,0.0,0.0,0.0
1616976000000,106202.60838730601,106202.60838730601,0,0.0,0.0,0.0,0.0
1616990400000,106202.60838730601,106202.60838730601,0,0.0,0.0,0.0,0.0
1617004800000,106202.60838730601,106202.60838730601,0,0.0,0.0,0.0,0.0
1617019200000,106202.60838730601,106202.60838730601,0,0.0,0.0,0.0,0.0
1617033600000,106202.60838730601,106202.60838730601,0,0.0,0.0,0.0,0.0
1617048000000,106202.60838730601,106202.60838730601,0,0.0,0.0,0.0,0.0
1617062400000,106202.60838730601,106202.60838730601,0,0.0,0.0,0.0,0.0
1617076800000,106202.60838730601,106202.60838730601,0,0.0,0.0,0.0,0.0
1617091200000,106202.60838730601,106202.60838730601,0,0.0,0.0,0.0,0.0
1617105600000,106202.60838730601,106202.60838730601,0,0.0,0.0,0.0,0.0
1617120000000,106202.60838730601,106202.60838730601,0,0.0,0.0,0.0,0.0
1617134400000,106202.60838730601,106202.60838730601,0,0.0,0.0,0.0,0.0
1617148800000,106202.60838730601,106202.60838730601,0,0.0,0.0,0.0,0.0
1617163200000,106202.60838730601,106202.60838730601,0,0.0,0.0,0.0,0.0
1617177600000,106202.60838730601,106202.60838730601,0,0.0,0.0,0.0,0.0
1617192000000,106202.60838730601,106202.60838730601,0,0.0,0.0,0.0,0.0
1617206400000,106202.60838730601,106202.60838730601,0,0.0,0.0,0.0,0.0
1617220800000,106202.60838730601,106202.60838730601,0,0.0,0.0,0.0,0.0
1617235200000,106202.60838730601,106202.60838730601,0,0.0,0.0,0.0,0.0
1617249600000,106202.60838730601,106202.60838730601,0,0.0,0.0,0.0,0.0
1617264000000,106202.60838730601,106202.60838730601,0,0.0,0.0,0.0,0.0
1617278400000,106202.60838730601,106202.60838730601,0,0.0,0.0,0.0,0.0
1617292800000,106202.60838730601,106202.60838730601,0,0.0,0.0,0.0,0.0
1617307200000,106202.60838730601,106202.60838730601,0,0.0,0.0,0.0,0.0
1617321600000,106202.60838730601,106202.60838730601,0,0.0,0.0,0.0,0.0
1617336000000,106202.60838730601,106202.60838730601,0,0.0,0.0,0.0,0.0
1617350400000,106202.60838730601,106202.60838730601,0,0.0,0.0,0.0,0.0
1617364800000,106202.60838730601,106202.60838730601,0,0.0,0.0,0.0,0.0
1617379200000,106202.60838730601,106202.60838730601,0,0.0,0.0,0.0,0.0
1617393600000,106202.60838730601,106202.60838730601,0,0.0,0.0,0.0,0.0
1617408000000,106202.60838730601,106202.60838730601,0,0.0,0.0,0.0,0.0
1617422400000,106202.60838730601,106202.60838730601,0,0.0,0.0,0.0,0.0
1617436800000,106202.60838730601,106202.60838730601,0,0.0,0.0,0.0,0.0
1617451200000,106202.60838730601,106202.60838730601,0,0.0,0.0,0.0,0.0
1617465600000,106202.60838730601,106202.60838730601,0,0.0,0.0,0.0,0.0
1617480000000,106202.60838730601,106202.60838730601,0,0.0,0.0,0.0,0.0
1617494400000,106202.60838730601,106202.60838730601,0,0.0,0.0,0.0,0.0
1617508800000,106202.60838730601,106202.60838730601,0,0.0,0.0,0.0,0.0
1617523200000,106202.60838730601,106202.60838730601,0,0.0,0.0,0.0,0.0
1617537600000,106202.60838730601,106202.60838730601,0,0.0,0.0,0.0,0.0
1617552000000,106202.60838730601,106202.60838730601,0,0.0,0.0,0.0,0.0
1617566400000,106202.60838730601,106202.60838730601,0,0.0,0.0,0.0,0.0
1617580800000,106202.60838730601,106202.60838730601,0,0.0,0.0,0.0,0.0
1617595200000,106202.60838730601,106202.60838730601,0,0.0,0.0,0.0,0.0
1617609600000,106202.60838730601,106202.60838730601,0,0.0,0.0,0.0,0.0
1617624000000,106202.60838730601,106202.60838730601,0,0.0,0.0,0.0,0.0
1617638400000,106202.60838730601,106202.60838730601,0,0.0,0.0,0.0,0.0
1617652800000,106202.60838730601,106202.60838730601,0,0.0,0.0,0.0,0.0
1617667200000,106202.60838730601,106202.60838730601,0,0.0,0.0,0.0,0.0
1617681600000,106202.60838730601,106202.60838730601,0,0.0,0.0,0.0,0.0
1617696000000,106202.60838730601,106202.60838730601,0,0.0,0.0,0.0,0.0
1617710400000,106202.60838730601,106202.60838730601,0,0.0,0.0,0.0,0.0
1617724800000,106202.60838730601,106202.60838730601,0,0.0,0.0,0.0,0.0
1617739200000,106202.60838730601,106202.60838730601,0,0.0,0.0,0.0,0.0
1617753600000,106202.60838730601,106202.60838730601,0,0.0,0.0,0.0,0.0
1617768000000,106202.60838730601,106202.60838730601,0,0.0,0.0,0.0,0.0
1617782400000,106202.60838730601,106202.60838730601,0,0.0,0.0,0.0,0.0
1617796800000,106202.60838730601,106202.60838730601,0,0.0,0.0,0.0,0.0
1617811200000,106202.60838730601,106202.60838730601,0,0.0,0.0,0.0,0.0
1617825600000,106202.60838730601,106202.60838730601,0,0.0,0.0,0.0,0.0
1617840000000,106202.60838730601,106202.60838730601,0,0.0,0.0,0.0,0.0
1617854400000,106202.60838730601,106202.60838730601,0,0.0,0.0,0.0,0.0
1617868800000,106202.60838730601,106202.60838730601,0,0.0,0.0,0.0,0.0
1617883200000,106202.60838730601,106202.60838730601,0,0.0,0.0,0.0,0.0
1617897600000,106202.60838730601,106202.60838730601,0,0.0,0.0,0.0,0.0
1617912000000,106202.60838730601,106202.60838730601,0,0.0,0.0,0.0,0.0
1617926400000,106202.60838730601,106202.60838730601,0,0.0,0.0,0.0,0.0
1617940800000,106202.60838730601,106202.60838730601,0,0.0,0.0,0.0,0.0
1617955200000,106202.60838730601,106202.60838730601,0,0.0,0.0,0.0,0.0
1617969600000,106202.60838730601,106202.60838730601,0,0.0,0.0,0.0,0.0
1617984000000,106202.60838730601,106202.60838730601,0,0.0,0.0,0.0,0.0
1617998400000,106202.60838730601,106202.60838730601,0,0.0,0.0,0.0,0.0
1618012800000,106202.60838730601,106202.60838730601,0,0.0,0.0,0.0,0.0
1618027200000,106202.60838730601,106202.60838730601,0,0.0,0.0,0.0,0.0
1618041600000,106202.60838730601,106202.60838730601,0,0.0,0.0,0.0,0.0
1618056000000,106202.60838730601,106202.60838730601,0,0.0,0.0,0.0,0.0
1618070400000,106202.60838730601,106202.60838730601,0,0.0,0.0,0.0,0.0
1618084800000,106202.60838730601,106202.60838730601,0,0.0,0.0,0.0,0.0
1618099200000,106202.60838730601,106202.60838730601,0,0.0,0.0,0.0,0.0
1618113600000,106202.60838730601,106202.60838730601,0,0.0,0.0,0.0,0.0
1618128000000,106202.60838730601,106202.60838730601,0,0.0,0.0,0.0,0.0
1618142400000,106202.60838730601,106202.60838730601,0,0.0,0.0,0.0,0.0
1618156800000,106202.60838730601,106202.60838730601,0,0.0,0.0,0.0,0.0
1618171200000,106202.60838730601,106202.60838730601,0,0.0,0.0,0.0,0.0
1618185600000,106202.60838730601,106202.60838730601,0,0.0,0.0,0.0,0.0
1618200000000,106202.60838730601,106202.60838730601,0,0.0,0.0,0.0,0.0
1618214400000,106202.60838730601,106202.60838730601,0,0.0,0.0,0.0,0.0
1618228800000,106202.60838730601,106202.60838730601,0,0.0,0.0,0.0,0.0
1618243200000,106202.60838730601,106202.60838730601,0,0.0,0.0,0.0,0.0
1618257600000,106202.60838730601,106202.60838730601,0,0.0,0.0,0.0,0.0
1618272000000,106202.60838730601,106202.60838730601,0,0.0,0.0,0.0,0.0
1618286400000,106202.60838730601,106202.60838730601,0,0.0,0.0,0.0,0.0
1618300800000,106202.60838730601,106202.60838730601,0,0.0,0.0,0.0,0.0
1618315200000,106202.60838730601,106202.60838730601,0,0.0,0.0,0.0,0.0
1618329600000,106202.60838730601,106202.60838730601,0,0.0,0.0,0.0,0.0
1618344000000,106202.60838730601,106202.60838730601,0,0.0,0.0,0.0,0.0
1618358400000,106202.60838730601,106202.60838730601,0,0.0,0.0,0.0,0.0
1618372800000,106396.41496716565,106161.23980185292,1,82972.34607150439,2124.05216774612,0.0,0.0
1618387200000,107077.88674296372,106161.23980185292,1,83653.81784730246,2124.05216774612,0.0,0.0
1618401600000,107299.80590669854,106070.4365986737,1,83966.54021421651,2124.05216774612,0.0,0.0
1618416000000,103123.34464817122,103830.68933384644,1,82029.82622051642,2124.05216774612,0.0,0.0
1618430400000,101540.07104420674,101540.07104420674,0,0.0,0.0,0.0,0.0
1618444800000,101540.07104420674,101540.07104420674,0,0.0,0.0,0.0,0.0
1618459200000,101540.07104420674,101540.07104420674,0,0.0,0.0,0.0,0.0
1618473600000,101540.07104420674,101540.07104420674,0,0.0,0.0,0.0,0.0
1618488000000,101540.07104420674,101540.07104420674,0,0.0,0.0,0.0,0.0
1618502400000,101540.07104420674,101540.07104420674,0,0.0,0.0,0.0,0.0
1618516800000,101540.07104420674,101540.07104420674,0,0.0,0.0,0.0,0.0
1618531200000,101540.07104420674,101540.07104420674,0,0.0,0.0,0.0,0.0
1618545600000,101540.07104420674,101540.07104420674,0,0.0,0.0,0.0,0.0
1618560000000,101540.07104420674,101540.07104420674,0,0.0,0.0,0.0,0.0
1618574400000,101540.07104420674,101540.07104420674,0,0.0,0.0,0.0,0.0
1618588800000,101540.07104420674,101540.07104420674,0,0.0,0.0,0.0,0.0
1618603200000,101540.07104420674,101540.07104420674,0,0.0,0.0,0.0,0.0
1618617600000,101540.07104420674,101540.07104420674,0,0.0,0.0,0.0,0.0
1618632000000,101540.07104420674,101540.07104420674,0,0.0,0.0,0.0,0.0
1618646400000,101540.07104420674,101540.07104420674,0,0.0,0.0,0.0,0.0
1618660800000,101540.07104420674,101540.07104420674,0,0.0,0.0,0.0,0.0
1618675200000,101540.07104420674,101540.07104420674,0,0.0,0.0,0.0,0.0
1618689600000,101540.07104420674,101540.07104420674,0,0.0,0.0,0.0,0.0
1618704000000,101540.07104420674,101540.07104420674,0,0.0,0.0,0.0,0.0
1618718400000,101540.07104420674,101540.07104420674,0,0.0,0.0,0.0,0.0
1618732800000,101540.07104420674,101540.07104420674,0,0.0,0.0,0.0,0.0
1618747200000,101540.07104420674,101540.07104420674,0,0.0,0.0,0.0,0.0
1618761600000,101540.07104420674,101540.07104420674,0,0.0,0.0,0.0,0.0
1618776000000,101540.07104420674,101540.07104420674,0,0.0,0.0,0.0,0.0
1618790400000,101540.07104420674,101540.07104420674,0,0.0,0.0,0.0,0.0
1618804800000,101540.07104420674,101540.07104420674,0,0.0,0.0,0.0,0.0
1618819200000,101540.07104420674,101540.07104420674,0,0.0,0.0,0.0,0.0
1618833600000,101540.07104420674,101540.07104420674,0,0.0,0.0,0.0,0.0
1618848000000,101540.07104420674,101540.07104420674,0,0.0,0.0,0.0,0.0
1618862400000,101540.07104420674,101540.07104420674,0,0.0,0.0,0.0,0.0
1618876800000,101540.07104420674,101540.07104420674,0,0.0,0.0,0.0,0.0
1618891200000,101540.07104420674,101540.07104420674,0,0.0,0.0,0.0,0.0
1618905600000,101540.07104420674,101540.07104420674,0,0.0,0.0,0.0,0.0
1618920000000,101540.07104420674,101540.07104420674,0,0.0,0.0,0.0,0.0
1618934400000,101540.07104420674,101540.07104420674,0,0.0,0.0,0.0,0.0
1618948800000,101540.07104420674,101540.07104420674,0,0.0,0.0,0.0,0.0
1618963200000,101540.07104420674,101540.07104420674,0,0.0,0.0,0.0,0.0
1618977600000,101540.07104420674,101540.07104420674,0,0.0,0.0,0.0,0.0
1618992000000,101540.07104420674,101540.07104420674,0,0.0,0.0,0.0,0.0
1619006400000,101540.07104420674,101540.07104420674,0,0.0,0.0,0.0,0.0
1619020800000,101540.07104420674,101540.07104420674,0,0.0,0.0,0.0,0.0
1619035200000,101540.07104420674,101540.07104420674,0,0.0,0.0,0.0,0.0
1619049600000,101540.07104420674,101540.07104420674,0,0.0,0.0,0.0,0.0
1619064000000,101540.07104420674,101540.07104420674,0,0.0,0.0,0.0,0.0
1619078400000,101540.07104420674,101540.07104420674,0,0.0,0.0,0.0,0.0
1619092800000,101540.07104420674,101540.07104420674,0,0.0,0.0,0.0,0.0
1619107200000,101540.07104420674,101540.07104420674,0,0.0,0.0,0.0,0.0
1619121600000,101540.07104420674,101540.07104420674,0,0.0,0.0,0.0,0.0
1619136000000,101540.07104420674,101540.07104420674,0,0.0,0.0,0.0,0.0
1619150400000,101540.07104420674,101540.07104420674,0,0.0,0.0,0.0,0.0
1619164800000,101540.07104420674,101540.07104420674,0,0.0,0.0,0.0,0.0
1619179200000,101540.07104420674,101540.07104420674,0,0.0,0.0,0.0,0.0
1619193600000,101540.07104420674,101540.07104420674,0,0.0,0.0,0.0,0.0
1619208000000,101540.07104420674,101540.07104420674,0,0.0,0.0,0.0,0.0
1619222400000,101540.07104420674,101540.07104420674,0,0.0,0.0,0.0,0.0
1619236800000,101540.07104420674,101540.07104420674,0,0.0,0.0,0.0,0.0
1619251200000,101540.07104420674,101540.07104420674,0,0.0,0.0,0.0,0.0
1619265600000,101540.07104420674,101540.07104420674,0,0.0,0.0,0.0,0.0
1619280000000,101540.07104420674,101540.07104420674,0,0.0,0.0,0.0,0.0
1619294400000,101540.07104420674,101540.07104420674,0,0.0,0.0,0.0,0.0
1619308800000,101540.07104420674,101540.07104420674,0,0.0,0.0,0.0,0.0
1619323200000,101540.07104420674,101540.07104420674,0,0.0,0.0,0.0,0.0
1619337600000,101540.07104420674,101540.07104420674,0,0.0,0.0,0.0,0.0
1619352000000,101540.07104420674,101540.07104420674,0,0.0,0.0,0.0,0.0
1619366400000,101540.07104420674,101540.07104420674,0,0.0,0.0,0.0,0.0
1619380800000,101540.07104420674,101540.07104420674,0,0.0,0.0,0.0,0.0
1619395200000,101540.07104420674,101540.07104420674,0,0.0,0.0,0.0,0.0
1619409600000,101540.07104420674,101540.07104420674,0,0.0,0.0,0.0,0.0
1619424000000,101540.07104420674,101540.07104420674,0,0.0,0.0,0.0,0.0
1619438400000,101540.07104420674,101540.07104420674,0,0.0,0.0,0.0,0.0
1619452800000,101540.07104420674,101540.07104420674,0,0.0,0.0,0.0,0.0
1619467200000,101540.07104420674,101540.07104420674,0,0.0,0.0,0.0,0.0
1619481600000,101540.07104420674,101540.07104420674,0,0.0,0.0,0.0,0.0
1619496000000,101540.07104420674,101540.07104420674,0,0.0,0.0,0.0,0.0
1619510400000,101540.07104420674,101540.07104420674,0,0.0,0.0,0.0,0.0
1619524800000,101540.07104420674,101540.07104420674,0,0.0,0.0,0.0,0.0
1619539200000,101540.07104420674,101540.07104420674,0,0.0,0.0,0.0,0.0
1619553600000,101540.07104420674,101540.07104420674,0,0.0,0.0,0.0,0.0
1619568000000,101540.07104420674,101540.07104420674,0,0.0,0.0,0.0,0.0
1619582400000,101540.07104420674,101540.07104420674,0,0.0,0.0,0.0,0.0
1619596800000,101540.07104420674,101540.07104420674,0,0.0,0.0,0.0,0.0
1619611200000,101540.07104420674,101540.07104420674,0,0.0,0.0,0.0,0.0
1619625600000,101540.07104420674,101540.07104420674,0,0.0,0.0,0.0,0.0
1619640000000,101540.07104420674,101540.07104420674,0,0.0,0.0,0.0,0.0
1619654400000,101540.07104420674,101540.07104420674,0,0.0,0.0,0.0,0.0
1619668800000,101540.07104420674,101540.07104420674,0,0.0,0.0,0.0,0.0
1619683200000,101540.07104420674,101540.07104420674,0,0.0,0.0,0.0,0.0
1619697600000,101540.07104420674,101540.07104420674,0,0.0,0.0,0.0,0.0
1619712000000,101540.07104420674,101540.07104420674,0,0.0,0.0,0.0,0.0
1619726400000,101540.07104420674,101540.07104420674,0,0.0,0.0,0.0,0.0
1619740800000,101540.07104420674,101540.07104420674,0,0.0,0.0,0.0,0.0
1619755200000,101540.07104420674,101540.07104420674,0,0.0,0.0,0.0,0.0
1619769600000,101540.07104420674,101540.07104420674,0,0.0,0.0,0.0,0.0
1619784000000,101540.07104420674,101540.07104420674,0,0.0,0.0,0.0,0.0
1619798400000,101540.07104420674,101540.07104420674,0,0.0,0.0,0.0,0.0
1619812800000,101540.07104420674,101540.07104420674,0,0.0,0.0,0.0,0.0
1619827200000,101540.07104420674,101540.07104420674,0,0.0,0.0,0.0,0.0
1619841600000,101540.07104420674,101540.07104420674,0,0.0,0.0,0.0,0.0
1619856000000,101540.07104420674,101540.07104420674,0,0.0,0.0,0.0,0.0
1619870400000,101540.07104420674,101540.07104420674,0,0.0,0.0,0.0,0.0
1619884800000,101540.07104420674,101540.07104420674,0,0.0,0.0,0.0,0.0
1619899200000,101540.07104420674,101540.07104420674,0,0.0,0.0,0.0,0.0
1619913600000,101540.07104420674,101540.07104420674,0,0.0,0.0,0.0,0.0
1619928000000,101540.07104420674,101540.07104420674,0,0.0,0.0,0.0,0.0
1619942400000,101540.07104420674,101540.07104420674,0,0.0,0.0,0.0,0.0
1619956800000,101540.07104420674,101540.07104420674,0,0.0,0.0,0.0,0.0
1619971200000,101340.05190135316,101511.13085904514,1,57709.29136551659,2030.8014208841348,0.0,0.0
1619985600000,102013.34926793192,101505.36103882977,1,58388.35855231072,2030.8014208841348,0.0,0.0
1620000000000,101726.28636322162,101505.36103882977,1,58101.29564760041,2030.8014208841348,0.0,0.0
1620014400000,103755.90578052092,101499.55088898563,1,60136.72521474385,2030.8014208841348,0.0,0.0
1620028800000,105614.72668818208,101499.55088898563,1,61995.546122405016,2030.8014208841348,0.0,0.0
1620043200000,105745.3680851631,101493.35503029199,1,62132.38337807968,2030.8014208841348,0.0,0.0
1620057600000,105914.10121913892,101493.35503029199,1,62301.11651205549,2030.8014208841348,0.0,0.0
1620072000000,108636.86226986926,101454.95683845902,1,65062.27575461881,2030.8014208841348,0.0,0.0
1620086400000,111173.37214736093,101454.95683845902,1,67598.78563211048,2030.8014208841348,0.0,0.0
1620100800000,107321.50242346278,101433.5458327632,1,63768.32691390815,2030.8014208841348,0.0,0.0
1620115200000,108919.44654872261,101433.5458327632,1,65366.27103916798,2030.8014208841348,0.0,0.0
1620129600000,112101.81320455886,101387.34080722799,1,68594.84272053943,2030.8014208841348,0.0,0.0
1620144000000,107180.59420371245,101387.34080722799,1,63673.62371969303,2030.8014208841348,0.0,0.0
1620158400000,110708.32028031828,101341.74407341729,1,67246.94653010956,2030.8014208841348,0.0,0.0
1620172800000,107325.38829902031,101341.74407341729,1,63864.014548811596,2030.8014208841348,0.0,0.0
1620187200000,108450.2884236982,101317.211250428,1,65013.44749647878,2030.8014208841348,0.0,0.0
1620201600000,109267.1773068553,101317.211250428,1,65830.33637963588,2030.8014208841348,0.0,0.0
1620216000000,109518.08929837022,101265.70306249501,1,66132.75655908378,2030.8014208841348,0.0,0.0
1620230400000,108582.67375634096,101265.70306249501,1,65197.34101705451,2030.8014208841348,0.0,0.0
1620244800000,111915.5483476422,101208.3608114048,1,68587.55785944597,2030.8014208841348,0.0,0.0
1620259200000,112799.77297387949,101208.3608114048,1,69471.78248568326,2030.8014208841348,0.0,0.0
1620273600000,111679.52877941253,101160.96007905474,1,68398.93902356634,2030.8014208841348,0.0,0.0
1620288000000,111025.86016237672,101160.96007905474,1,67745.27040653054,2030.8014208841348,0.0,0.0
1620302400000,112763.33449294239,101115.8092112342,1,69527.89560491676,2030.8014208841348,0.0,0.0
1620316800000,113252.60151503094,101115.8092112342,1,70017.16262700531,2030.8014208841348,0.0,0.0
1620331200000,111738.86151790648,101038.1712902119,1,68581.06055090313,2030.8014208841348,0.0,0.0
1620345600000,111933.9776623289,101038.1712902119,1,68776.17669532557,2030.8014208841348,0.0,0.0
1620360000000,110642.4084283553,101020.27141876981,1,67502.50733279405,2030.8014208841348,0.0,0.0
1620374400000,110825.31750824273,101020.27141876981,1,67685.41641268149,2030.8014208841348,0.0,0.0
1620388800000,110958.81660276682,100987.0062606947,1,67852.18066528067,2030.8014208841348,0.0,0.0
1620403200000,113277.17442372967,100987.0062606947,1,70170.53848624353,2030.8014208841348,0.0,0.0
1620417600000,112305.8346004266,100960.335721891,1,69225.86920174418,2030.8014208841348,0.0,0.0
1620432000000,111616.33234233643,100960.335721891,1,68536.36694365401,2030.8014208841348,0.0,0.0
1620446400000,112704.27876103921,100927.98863730047,1,69656.66044694731,2030.8014208841348,0.0,0.0
1620460800000,112582.79878010214,100927.98863730047,1,69535.18046601022,2030.8014208841348,0.0,0.0
1620475200000,112771.11219630852,100879.24873576255,1,69772.23378375453,2030.8014208841348,0.0,0.0
1620489600000,114592.72124595169,100879.24873576255,1,71593.8428333977,2030.8014208841348,0.0,0.0
1620504000000,118124.77385779492,100857.66735095538,1,75147.47683004811,2030.8014208841348,0.0,0.0
1620518400000,120048.56785088434,100857.66735095538,1,77071.27082313753,2030.8014208841348,0.0,0.0
1620532800000,119206.30411005199,100812.20990323866,1,76274.46453002188,2030.8014208841348,0.0,0.0
1620547200000,120498.67784566134,100812.20990323866,1,77566.83826563125,2030.8014208841348,0.0,0.0
1620561600000,118835.44888368217,100780.00227364643,1,75935.8169332443,2030.8014208841348,0.0,0.0
1620576000000,119261.90858985673,100780.00227364643,1,76362.27663941887,2030.8014208841348,0.0,0.0
1620590400000,119038.43863018723,100738.6538413137,1,76180.15511208208,2030.8014208841348,0.0,0.0
1620604800000,120196.1408796362,100738.6538413137,1,77337.85736153106,2030.8014208841348,0.0,0.0
1620619200000,122745.81146824606,100685.46325004002,1,79940.71854141461,2030.8014208841348,0.0,0.0
1620633600000,123716.07621064137,100685.46325004002,1,80910.98328380992,2030.8014208841348,0.0,0.0
1620648000000,122962.4307648805,100631.75513366537,1,80211.0459544237,2030.8014208841348,0.0,0.0
1620662400000,124666.69448447748,100631.75513366537,1,81915.30967402067,2030.8014208841348,0.0,0.0
1620676800000,121404.63229327922,100569.71584387767,1,78715.28677261012,2030.8014208841348,0.0,0.0
1620691200000,120466.65720546037,100569.71584387767,1,77777.31168479126,2030.8014208841348,0.0,0.0
1620705600000,118695.32733696903,100537.69578348703,1,76038.00187669056,2030.8014208841348,0.0,0.0
1620720000000,119721.6890683365,100497.01237009106,2,160309.0172604954,4404.711905386269,2373.910484502134,82285.39851548974
1620734400000,120739.72742599781,100505.16316620972,2,159796.0753584101,4404.711905386269,2373.910484502134,81523.98378367577
1620748800000,120506.1792394529,100505.16316620972,2,161944.951348125,4404.711905386269,2373.910484502134,82715.19587180566
1620763200000,120303.61601945097,98045.19833475757,1,80138.78800790197,2030.8014208841348,0.0,0.0
1620777600000,122383.54230570588,98045.19833475757,1,82218.71429415686,2030.8014208841348,0.0,0.0
1620792000000,125574.75232160857,98036.9761136627,1,85418.14653115443,2030.8014208841348,0.0,0.0
1620806400000,125047.48588895137,98036.9761136627,1,84890.88009849723,2030.8014208841348,0.0,0.0
1620820800000,124377.15293892259,97996.68520415036,1,84260.8380579808,2030.8014208841348,0.0,0.0
1620835200000,122740.42185054347,97996.68520415036,1,82624.10696960166,2030.8014208841348,0.0,0.0
1620849600000,120513.02269788078,97951.79105746416,1,80441.60196362517,2030.8014208841348,0.0,0.0
1620864000000,115459.69175666357,97951.79105746416,1,75388.27102240798,2030.8014208841348,0.0,0.0
1620878400000,115371.1277710296,115371.1277710296,0,0.0,0.0,0.0,0.0
1620892800000,115371.1277710296,115371.1277710296,0,0.0,0.0,0.0,0.0
1620907200000,115371.1277710296,115371.1277710296,0,0.0,0.0,0.0,0.0
1620921600000,115371.1277710296,115371.1277710296,0,0.0,0.0,0.0,0.0
1620936000000,115371.1277710296,115371.1277710296,0,0.0,0.0,0.0,0.0
1620950400000,115371.1277710296,115371.1277710296,0,0.0,0.0,0.0,0.0
1620964800000,115371.1277710296,115371.1277710296,0,0.0,0.0,0.0,0.0
1620979200000,115371.1277710296,115371.1277710296,0,0.0,0.0,0.0,0.0
1620993600000,115371.1277710296,115371.1277710296,0,0.0,0.0,0.0,0.0
1621008000000,115371.1277710296,115371.1277710296,0,0.0,0.0,0.0,0.0
1621022400000,115371.1277710296,115371.1277710296,0,0.0,0.0,0.0,0.0
1621036800000,115371.1277710296,115371.1277710296,0,0.0,0.0,0.0,0.0
1621051200000,115371.1277710296,115371.1277710296,0,0.0,0.0,0.0,0.0
1621065600000,115371.1277710296,115371.1277710296,0,0.0,0.0,0.0,0.0
1621080000000,115371.1277710296,115371.1277710296,0,0.0,0.0,0.0,0.0
1621094400000,115371.1277710296,115371.1277710296,0,0.0,0.0,0.0,0.0
1621108800000,115371.1277710296,115371.1277710296,0,0.0,0.0,0.0,0.0
1621123200000,115371.1277710296,115371.1277710296,0,0.0,0.0,0.0,0.0
1621137600000,115371.1277710296,115371.1277710296,0,0.0,0.0,0.0,0.0
1621152000000,115371.1277710296,115371.1277710296,0,0.0,0.0,0.0,0.0
1621166400000,115371.1277710296,115371.1277710296,0,0.0,0.0,0.0,0.0
1621180800000,115371.1277710296,115371.1277710296,0,0.0,0.0,0.0,0.0
1621195200000,115371.1277710296,115371.1277710296,0,0.0,0.0,0.0,0.0
1621209600000,115371.1277710296,115371.1277710296,0,0.0,0.0,0.0,0.0
1621224000000,115371.1277710296,115371.1277710296,0,0.0,0.0,0.0,0.0
1621238400000,115371.1277710296,115371.1277710296,0,0.0,0.0,0.0,0.0
1621252800000,115371.1277710296,115371.1277710296,0,0.0,0.0,0.0,0.0
1621267200000,115371.1277710296,115371.1277710296,0,0.0,0.0,0.0,0.0
1621281600000,115371.1277710296,115371.1277710296,0,0.0,0.0,0.0,0.0
1621296000000,115371.1277710296,115371.1277710296,0,0.0,0.0,0.0,0.0
1621310400000,115371.1277710296,115371.1277710296,0,0.0,0.0,0.0,0.0
1621324800000,115371.1277710296,115371.1277710296,0,0.0,0.0,0.0,0.0
1621339200000,115371.1277710296,115371.1277710296,0,0.0,0.0,0.0,0.0
1621353600000,115371.1277710296,115371.1277710296,0,0.0,0.0,0.0,0.0
1621368000000,115371.1277710296,115371.1277710296,0,0.0,0.0,0.0,0.0
1621382400000,115371.1277710296,115371.1277710296,0,0.0,0.0,0.0,0.0
1621396800000,115371.1277710296,115371.1277710296,0,0.0,0.0,0.0,0.0
1621411200000,115371.1277710296,115371.1277710296,0,0.0,0.0,0.0,0.0
1621425600000,115371.1277710296,115371.1277710296,0,0.0,0.0,0.0,0.0
1621440000000,115371.1277710296,115371.1277710296,0,0.0,0.0,0.0,0.0
1621454400000,115371.1277710296,115371.1277710296,0,0.0,0.0,0.0,0.0
1621468800000,115371.1277710296,115371.1277710296,0,0.0,0.0,0.0,0.0
1621483200000,115371.1277710296,115371.1277710296,0,0.0,0.0,0.0,0.0
1621497600000,115371.1277710296,115371.1277710296,0,0.0,0.0,0.0,0.0
1621512000000,115371.1277710296,115371.1277710296,0,0.0,0.0,0.0,0.0
1621526400000,115371.1277710296,115371.1277710296,0,0.0,0.0,0.0,0.0
1621540800000,115371.1277710296,115371.1277710296,0,0.0,0.0,0.0,0.0
1621555200000,115371.1277710296,115371.1277710296,0,0.0,0.0,0.0,0.0
1621569600000,115371.1277710296,115371.1277710296,0,0.0,0.0,0.0,0.0
1621584000000,115371.1277710296,115371.1277710296,0,0.0,0.0,0.0,0.0
1621598400000,115371.1277710296,115371.1277710296,0,0.0,0.0,0.0,0.0
1621612800000,115371.1277710296,115371.1277710296,0,0.0,0.0,0.0,0.0
1621627200000,115371.1277710296,115371.1277710296,0,0.0,0.0,0.0,0.0
1621641600000,115371.1277710296,115371.1277710296,0,0.0,0.0,0.0,0.0
1621656000000,115371.1277710296,115371.1277710296,0,0.0,0.0,0.0,0.0
1621670400000,115371.1277710296,115371.1277710296,0,0.0,0.0,0.0,0.0
1621684800000,115371.1277710296,115371.1277710296,0,0.0,0.0,0.0,0.0
1621699200000,115371.1277710296,115371.1277710296,0,0.0,0.0,0.0,0.0
1621713600000,115371.1277710296,115371.1277710296,0,0.0,0.0,0.0,0.0
1621728000000,115371.1277710296,115371.1277710296,0,0.0,0.0,0.0,0.0
1621742400000,115371.1277710296,115371.1277710296,0,0.0,0.0,0.0,0.0
1621756800000,115371.1277710296,115371.1277710296,0,0.0,0.0,0.0,0.0
1621771200000,115371.1277710296,115371.1277710296,0,0.0,0.0,0.0,0.0
1621785600000,115371.1277710296,115371.1277710296,0,0.0,0.0,0.0,0.0
1621800000000,115371.1277710296,115371.1277710296,0,0.0,0.0,0.0,0.0
1621814400000,115371.1277710296,115371.1277710296,0,0.0,0.0,0.0,0.0
1621828800000,115371.1277710296,115371.1277710296,0,0.0,0.0,0.0,0.0
1621843200000,115371.1277710296,115371.1277710296,0,0.0,0.0,0.0,0.0
1621857600000,115371.1277710296,115371.1277710296,0,0.0,0.0,0.0,0.0
1621872000000,115371.1277710296,115371.1277710296,0,0.0,0.0,0.0,0.0
1621886400000,115371.1277710296,115371.1277710296,0,0.0,0.0,0.0,0.0
1621900800000,115371.1277710296,115371.1277710296,0,0.0,0.0,0.0,0.0
1621915200000,115371.1277710296,115371.1277710296,0,0.0,0.0,0.0,0.0
1621929600000,115371.1277710296,115371.1277710296,0,0.0,0.0,0.0,0.0
1621944000000,115371.1277710296,115371.1277710296,0,0.0,0.0,0.0,0.0
1621958400000,115371.1277710296,115371.1277710296,0,0.0,0.0,0.0,0.0
1621972800000,115371.1277710296,115371.1277710296,0,0.0,0.0,0.0,0.0
1621987200000,115371.1277710296,115371.1277710296,0,0.0,0.0,0.0,0.0
1622001600000,115371.1277710296,115371.1277710296,0,0.0,0.0,0.0,0.0
1622016000000,115371.1277710296,115371.1277710296,0,0.0,0.0,0.0,0.0
1622030400000,115371.1277710296,115371.1277710296,0,0.0,0.0,0.0,0.0
1622044800000,115371.1277710296,115371.1277710296,0,0.0,0.0,0.0,0.0
1622059200000,115371.1277710296,115371.1277710296,0,0.0,0.0,0.0,0.0
1622073600000,115371.1277710296,115371.1277710296,0,0.0,0.0,0.0,0.0
1622088000000,115371.1277710296,115371.1277710296,0,0.0,0.0,0.0,0.0
1622102400000,115371.1277710296,115371.1277710296,0,0.0,0.0,0.0,0.0
1622116800000,115371.1277710296,115371.1277710296,0,0.0,0.0,0.0,0.0
1622131200000,115371.1277710296,115371.1277710296,0,0.0,0.0,0.0,0.0
1622145600000,115371.1277710296,115371.1277710296,0,0.0,0.0,0.0,0.0
1622160000000,115371.1277710296,115371.1277710296,0,0.0,0.0,0.0,0.0
1622174400000,115371.1277710296,115371.1277710296,0,0.0,0.0,0.0,0.0
1622188800000,115371.1277710296,115371.1277710296,0,0.0,0.0,0.0,0.0
1622203200000,115371.1277710296,115371.1277710296,0,0.0,0.0,0.0,0.0
1622217600000,115371.1277710296,115371.1277710296,0,0.0,0.0,0.0,0.0
1622232000000,115371.1277710296,115371.1277710296,0,0.0,0.0,0.0,0.0
1622246400000,115371.1277710296,115371.1277710296,0,0.0,0.0,0.0,0.0
1622260800000,115371.1277710296,115371.1277710296,0,0.0,0.0,0.0,0.0
1622275200000,115371.1277710296,115371.1277710296,0,0.0,0.0,0.0,0.0
1622289600000,115371.1277710296,115371.1277710296,0,0.0,0.0,0.0,0.0
1622304000000,115371.1277710296,115371.1277710296,0,0.0,0.0,0.0,0.0
1622318400000,115371.1277710296,115371.1277710296,0,0.0,0.0,0.0,0.0
1622332800000,115371.1277710296,115371.1277710296,0,0.0,0.0,0.0,0.0
1622347200000,115371.1277710296,115371.1277710296,0,0.0,0.0,0.0,0.0
1622361600000,115371.1277710296,115371.1277710296,0,0.0,0.0,0.0,0.0
1622376000000,115371.1277710296,115371.1277710296,0,0.0,0.0,0.0,0.0
1622390400000,115371.1277710296,115371.1277710296,0,0.0,0.0,0.0,0.0
1622404800000,115371.1277710296,115371.1277710296,0,0.0,0.0,0.0,0.0
1622419200000,115371.1277710296,115371.1277710296,0,0.0,0.0,0.0,0.0
1622433600000,115371.1277710296,115371.1277710296,0,0.0,0.0,0.0,0.0
1622448000000,115371.1277710296,115371.1277710296,0,0.0,0.0,0.0,0.0
1622462400000,115371.1277710296,115371.1277710296,0,0.0,0.0,0.0,0.0
1622476800000,115371.1277710296,115371.1277710296,0,0.0,0.0,0.0,0.0
1622491200000,115371.1277710296,115371.1277710296,0,0.0,0.0,0.0,0.0
1622505600000,115371.1277710296,115371.1277710296,0,0.0,0.0,0.0,0.0
1622520000000,115371.1277710296,115371.1277710296,0,0.0,0.0,0.0,0.0
1622534400000,115371.1277710296,115371.1277710296,0,0.0,0.0,0.0,0.0
1622548800000,115371.1277710296,115371.1277710296,0,0.0,0.0,0.0,0.0
1622563200000,115371.1277710296,115371.1277710296,0,0.0,0.0,0.0,0.0
1622577600000,115371.1277710296,115371.1277710296,0,0.0,0.0,0.0,0.0
1622592000000,115371.1277710296,115371.1277710296,0,0.0,0.0,0.0,0.0
1622606400000,115371.1277710296,115371.1277710296,0,0.0,0.0,0.0,0.0
1622620800000,115371.1277710296,115371.1277710296,0,0.0,0.0,0.0,0.0
1622635200000,115371.1277710296,115371.1277710296,0,0.0,0.0,0.0,0.0
1622649600000,115371.1277710296,115371.1277710296,0,0.0,0.0,0.0,0.0
1622664000000,115371.1277710296,115371.1277710296,0,0.0,0.0,0.0,0.0
1622678400000,115371.1277710296,115371.1277710296,0,0.0,0.0,0.0,0.0
1622692800000,115371.1277710296,115371.1277710296,0,0.0,0.0,0.0,0.0
1622707200000,115371.1277710296,115371.1277710296,0,0.0,0.0,0.0,0.0
1622721600000,115371.1277710296,115371.1277710296,0,0.0,0.0,0.0,0.0
1622736000000,115371.1277710296,115371.1277710296,0,0.0,0.0,0.0,0.0
1622750400000,115371.1277710296,115371.1277710296,0,0.0,0.0,0.0,0.0
1622764800000,115371.1277710296,115371.1277710296,0,0.0,0.0,0.0,0.0
1622779200000,115371.1277710296,115371.1277710296,0,0.0,0.0,0.0,0.0
1622793600000,115371.1277710296,115371.1277710296,0,0.0,0.0,0.0,0.0
1622808000000,115203.12180282331,115305.00193074722,3,132353.56069265032,6917.271826447046,6917.271826447046,132353.56069265032
1622822400000,112346.58433966817,115305.00193074722,3,135210.09815580546,6917.271826447046,6917.271826447046,135210.09815580546
1622836800000,111794.3871910546,115318.5270657202,3,135775.820439392,6917.271826447046,6917.271826447046,135775.820439392
1622851200000,110758.26062758075,112963.69826554784,2,89370.1446053779,4609.849271026454,4609.849271026454,89370.1446053779
1622865600000,108981.11192057683,110617.97984715775,1,39793.07003691773,2306.5205904010036,2306.5205904010036,39793.07003691773
1622880000000,108270.98641837534,108270.98641837534,0,0.0,0.0,0.0,0.0
1622894400000,108270.98641837534,108270.98641837534,0,0.0,0.0,0.0,0.0
1622908800000,108270.98641837534,108270.98641837534,0,0.0,0.0,0.0,0.0
1622923200000,108270.98641837534,108270.98641837534,0,0.0,0.0,0.0,0.0
1622937600000,108270.98641837534,108270.98641837534,0,0.0,0.0,0.0,0.0
1622952000000,108270.98641837534,108270.98641837534,0,0.0,0.0,0.0,0.0
1622966400000,108270.98641837534,108270.98641837534,0,0.0,0.0,0.0,0.0
1622980800000,108270.98641837534,108270.98641837534,0,0.0,0.0,0.0,0.0
1622995200000,108270.98641837534,108270.98641837534,0,0.0,0.0,0.0,0.0
1623009600000,108270.98641837534,108270.98641837534,0,0.0,0.0,0.0,0.0
1623024000000,108270.98641837534,108270.98641837534,0,0.0,0.0,0.0,0.0
1623038400000,108270.98641837534,108270.98641837534,0,0.0,0.0,0.0,0.0
1623052800000,108270.98641837534,108270.98641837534,0,0.0,0.0,0.0,0.0
1623067200000,108270.98641837534,108270.98641837534,0,0.0,0.0,0.0,0.0
1623081600000,108270.98641837534,108270.98641837534,0,0.0,0.0,0.0,0.0
1623096000000,108270.98641837534,108270.98641837534,0,0.0,0.0,0.0,0.0
1623110400000,108270.98641837534,108270.98641837534,0,0.0,0.0,0.0,0.0
1623124800000,112152.72397035119,108188.97031654791,3,160068.45000102452,6489.595664864211,6489.595664864211,160068.45000102452
1623139200000,110141.30608563652,108186.14575027482,4,167726.17586565865,6729.973543252141,6729.973543252141,167726.17586565865
1623153600000,109229.5510711828,108190.04880969826,4,168641.8339395358,6729.973543252141,6729.973543252141,168641.8339395358
1623168000000,119975.02075766535,114604.09908677338,4,82294.31270271447,3485.1757108200354,3485.1757108200354,82294.31270271447
1623182400000,112070.46841279489,110781.39235016918,3,59875.50599753424,2405.1253712596354,2405.1253712596354,59875.50599753424
1623196800000,111172.4591623282,110835.00824564253,1,21574.62885219776,1082.0376286879525,1082.0376286879525,21574.62885219776
1623211200000,111863.16079555971,110835.00824564253,1,20883.92721896625,1082.0376286879525,1082.0376286879525,20883.92721896625
1623225600000,110824.7511221476,110824.7511221476,0,0.0,0.0,0.0,0.0
1623240000000,110824.7511221476,110824.7511221476,0,0.0,0.0,0.0,0.0
1623254400000,110824.7511221476,110824.7511221476,0,0.0,0.0,0.0,0.0
1623268800000,110824.7511221476,110824.7511221476,0,0.0,0.0,0.0,0.0
1623283200000,110824.7511221476,110824.7511221476,0,0.0,0.0,0.0,0.0
1623297600000,110824.7511221476,110824.7511221476,0,0.0,0.0,0.0,0.0
1623312000000,110824.7511221476,110824.7511221476,0,0.0,0.0,0.0,0.0
1623326400000,110824.7511221476,110824.7511221476,0,0.0,0.0,0.0,0.0
1623340800000,110824.7511221476,110824.7511221476,0,0.0,0.0,0.0,0.0
1623355200000,110824.7511221476,110824.7511221476,0,0.0,0.0,0.0,0.0
1623369600000,110824.7511221476,110824.7511221476,0,0.0,0.0,0.0,0.0
1623384000000,110824.7511221476,110824.7511221476,0,0.0,0.0,0.0,0.0
1623398400000,110824.7511221476,110824.7511221476,0,0.0,0.0,0.0,0.0
1623412800000,110824.7511221476,110824.7511221476,0,0.0,0.0,0.0,0.0
1623427200000,110824.7511221476,110824.7511221476,0,0.0,0.0,0.0,0.0
1623441600000,110824.7511221476,110824.7511221476,0,0.0,0.0,0.0,0.0
1623456000000,110824.7511221476,110824.7511221476,0,0.0,0.0,0.0,0.0
1623470400000,115537.59056701636,110747.80910833625,3,149094.24616402696,6642.784802814767,6642.784802814767,149094.24616402696
1623484800000,114762.53788637344,110745.40833957268,4,154668.4356030651,6932.151326972153,6932.151326972153,154668.4356030651
1623499200000,110858.48006074563,110760.87712626699,4,158587.96221538723,6932.151326972153,6932.151326972153,158587.96221538723
1623513600000,106726.71073569565,106960.55014126418,1,42474.71654347884,2210.964028454463,2210.964028454463,42474.71654347884
1623528000000,105461.57574461312,105461.57574461312,0,0.0,0.0,0.0,0.0
1623542400000,105461.57574461312,105461.57574461312,0,0.0,0.0,0.0,0.0
1623556800000,105461.57574461312,105461.57574461312,0,0.0,0.0,0.0,0.0
1623571200000,105461.57574461312,105461.57574461312,0,0.0,0.0,0.0,0.0
1623585600000,105461.57574461312,105461.57574461312,0,0.0,0.0,0.0,0.0
1623600000000,105461.57574461312,105461.57574461312,0,0.0,0.0,0.0,0.0
1623614400000,105461.57574461312,105461.57574461312,0,0.0,0.0,0.0,0.0
1623628800000,105461.57574461312,105461.57574461312,0,0.0,0.0,0.0,0.0
1623643200000,105461.57574461312,105461.57574461312,0,0.0,0.0,0.0,0.0
1623657600000,105461.57574461312,105461.57574461312,0,0.0,0.0,0.0,0.0
1623672000000,105461.57574461312,105461.57574461312,0,0.0,0.0,0.0,0.0
1623686400000,105461.57574461312,105461.57574461312,0,0.0,0.0,0.0,0.0
1623700800000,105461.57574461312,105461.57574461312,0,0.0,0.0,0.0,0.0
1623715200000,105461.57574461312,105461.57574461312,0,0.0,0.0,0.0,0.0
1623729600000,105461.57574461312,105461.57574461312,0,0.0,0.0,0.0,0.0
1623744000000,105461.57574461312,105461.57574461312,0,0.0,0.0,0.0,0.0
1623758400000,105461.57574461312,105461.57574461312,0,0.0,0.0,0.0,0.0
1623772800000,105461.57574461312,105461.57574461312,0,0.0,0.0,0.0,0.0
1623787200000,105461.57574461312,105461.57574461312,0,0.0,0.0,0.0,0.0
1623801600000,105461.57574461312,105461.57574461312,0,0.0,0.0,0.0,0.0
1623816000000,105461.57574461312,105461.57574461312,0,0.0,0.0,0.0,0.0
1623830400000,105461.57574461312,105461.57574461312,0,0.0,0.0,0.0,0.0
1623844800000,105461.57574461312,105461.57574461312,0,0.0,0.0,0.0,0.0
1623859200000,105461.57574461312,105461.57574461312,0,0.0,0.0,0.0,0.0
1623873600000,105461.57574461312,105461.57574461312,0,0.0,0.0,0.0,0.0
1623888000000,105461.57574461312,105461.57574461312,0,0.0,0.0,0.0,0.0
1623902400000,105461.57574461312,105461.57574461312,0,0.0,0.0,0.0,0.0
1623916800000,105461.57574461312,105461.57574461312,0,0.0,0.0,0.0,0.0
1623931200000,105461.57574461312,105461.57574461312,0,0.0,0.0,0.0,0.0
1623945600000,105461.57574461312,105461.57574461312,0,0.0,0.0,0.0,0.0
1623960000000,105461.57574461312,105461.57574461312,0,0.0,0.0,0.0,0.0
1623974400000,103830.77241008262,105385.63349838615,2,153439.35354223844,4216.906364238826,4216.906364238826,153439.35354223844
1623988800000,104523.59509010558,105389.2738704075,2,152750.17123423686,4216.906364238826,4216.906364238826,152750.17123423686
1624003200000,104605.38257896935,105389.2738704075,2,152668.38374537305,4216.906364238826,4216.906364238826,152668.38374537305
1624017600000,104782.74360462645,105397.02179399627,2,152498.77064330474,4216.906364238826,4216.906364238826,152498.77064330474
1624032000000,111287.55259270061,105397.02179399627,2,145993.96165523058,4216.906364238826,4216.906364238826,145993.96165523058
1624046400000,114435.86540355955,109529.64270052178,4,125309.97578913264,4567.037506756729,4567.037506756729,125309.97578913264
1624060800000,109154.92503454468,109492.80664031957,5,204226.20050238282,6855.852992627812,6855.852992627812,204226.20050238282
1624075200000,109272.07248533546,104827.1558877978,3,76763.3424164623,2340.8935398461726,2340.8935398461726,76763.3424164623
1624089600000,107671.65326981098,104827.1558877978,3,78363.76163198678,2340.8935398461726,2340.8935398461726,78363.76163198678
1624104000000,107570.21073075045,104827.80871534684,3,78465.85699859635,2340.8935398461726,2340.8935398461726,78465.85699859635
1624118400000,107383.5382628182,104827.80871534684,3,78652.5294665286,2340.8935398461726,2340.8935398461726,78652.5294665286
1624132800000,107969.96188201552,104834.7317174592,3,78073.02884944365,2340.8935398461726,2340.8935398461726,78073.02884944365
1624147200000,109426.96861725311,104834.7317174592,3,76616.02211420608,2340.8935398461726,2340.8935398461726,76616.02211420608
1624161600000,109079.70436939101,104842.39481483558,3,76970.94945944454,2340.8935398461726,2340.8935398461726,76970.94945944454
1624176000000,108773.60779257384,104842.39481483558,3,77277.04603626173,2340.8935398461726,2340.8935398461726,77277.04603626173
1624190400000,112699.31338549602,105078.84486034705,3,70954.78409533475,2224.6733609827925,2224.6733609827925,70954.78409533475
1624204800000,109396.7675724373,105041.31739137982,4,149274.7403738791,4478.71241822283,4478.71241822283,149274.7403738791
1624219200000,106809.7264784881,106809.7264784881,0,0.0,0.0,0.0,0.0
1624233600000,106809.7264784881,106809.7264784881,0,0.0,0.0,0.0,0.0
1624248000000,106809.7264784881,106809.7264784881,0,0.0,0.0,0.0,0.0
1624262400000,106809.7264784881,106809.7264784881,0,0.0,0.0,0.0,0.0
1624276800000,106809.7264784881,106809.7264784881,0,0.0,0.0,0.0,0.0
1624291200000,106809.7264784881,106809.7264784881,0,0.0,0.0,0.0,0.0
1624305600000,106809.7264784881,106809.7264784881,0,0.0,0.0,0.0,0.0
1624320000000,106809.7264784881,106809.7264784881,0,0.0,0.0,0.0,0.0
1624334400000,106809.7264784881,106809.7264784881,0,0.0,0.0,0.0,0.0
1624348800000,106809.7264784881,106809.7264784881,0,0.0,0.0,0.0,0.0
1624363200000,106809.7264784881,106809.7264784881,0,0.0,0.0,0.0,0.0
1624377600000,106809.7264784881,106809.7264784881,0,0.0,0.0,0.0,0.0
1624392000000,106809.7264784881,106809.7264784881,0,0.0,0.0,0.0,0.0
1624406400000,106809.7264784881,106809.7264784881,0,0.0,0.0,0.0,0.0
1624420800000,106809.7264784881,106809.7264784881,0,0.0,0.0,0.0,0.0
1624435200000,106809.7264784881,106809.7264784881,0,0.0,0.0,0.0,0.0
1624449600000,106809.7264784881,106809.7264784881,0,0.0,0.0,0.0,0.0
1624464000000,106809.7264784881,106809.7264784881,0,0.0,0.0,0.0,0.0
1624478400000,106809.7264784881,106809.7264784881,0,0.0,0.0,0.0,0.0
1624492800000,106809.7264784881,106809.7264784881,0,0.0,0.0,0.0,0.0
1624507200000,106809.7264784881,106809.7264784881,0,0.0,0.0,0.0,0.0
1624521600000,106809.7264784881,106809.7264784881,0,0.0,0.0,0.0,0.0
1624536000000,106809.7264784881,106809.7264784881,0,0.0,0.0,0.0,0.0
1624550400000,106809.7264784881,106809.7264784881,0,0.0,0.0,0.0,0.0
1624564800000,106809.7264784881,106809.7264784881,0,0.0,0.0,0.0,0.0
1624579200000,106809.7264784881,106809.7264784881,0,0.0,0.0,0.0,0.0
1624593600000,106809.7264784881,106809.7264784881,0,0.0,0.0,0.0,0.0
1624608000000,106809.7264784881,106809.7264784881,0,0.0,0.0,0.0,0.0
1624622400000,106809.7264784881,106809.7264784881,0,0.0,0.0,0.0,0.0
1624636800000,106809.7264784881,106809.7264784881,0,0.0,0.0,0.0,0.0
1624651200000,106809.7264784881,106809.7264784881,0,0.0,0.0,0.0,0.0
1624665600000,106809.7264784881,106809.7264784881,0,0.0,0.0,0.0,0.0
1624680000000,106809.7264784881,106809.7264784881,0,0.0,0.0,0.0,0.0
1624694400000,106809.7264784881,106809.7264784881,0,0.0,0.0,0.0,0.0
1624708800000,106809.7264784881,106809.7264784881,0,0.0,0.0,0.0,0.0
1624723200000,106809.7264784881,106809.7264784881,0,0.0,0.0,0.0,0.0
1624737600000,106809.7264784881,106809.7264784881,0,0.0,0.0,0.0,0.0
1624752000000,106809.7264784881,106809.7264784881,0,0.0,0.0,0.0,0.0
1624766400000,106809.7264784881,106809.7264784881,0,0.0,0.0,0.0,0.0
1624780800000,106809.7264784881,106809.7264784881,0,0.0,0.0,0.0,0.0
1624795200000,106809.7264784881,106809.7264784881,0,0.0,0.0,0.0,0.0
1624809600000,106809.7264784881,106809.7264784881,0,0.0,0.0,0.0,0.0
1624824000000,106809.7264784881,106809.7264784881,0,0.0,0.0,0.0,0.0
1624838400000,106809.7264784881,106809.7264784881,0,0.0,0.0,0.0,0.0
1624852800000,106809.7264784881,106809.7264784881,0,0.0,0.0,0.0,0.0
1624867200000,106809.7264784881,106809.7264784881,0,0.0,0.0,0.0,0.0
1624881600000,106809.7264784881,106809.7264784881,0,0.0,0.0,0.0,0.0
1624896000000,106809.7264784881,106809.7264784881,0,0.0,0.0,0.0,0.0
1624910400000,106809.7264784881,106809.7264784881,0,0.0,0.0,0.0,0.0
1624924800000,106809.7264784881,106809.7264784881,0,0.0,0.0,0.0,0.0
1624939200000,106809.7264784881,106809.7264784881,0,0.0,0.0,0.0,0.0
1624953600000,106809.7264784881,106809.7264784881,0,0.0,0.0,0.0,0.0
1624968000000,106809.7264784881,106809.7264784881,0,0.0,0.0,0.0,0.0
1624982400000,106809.7264784881,106809.7264784881,0,0.0,0.0,0.0,0.0
1624996800000,106809.7264784881,106809.7264784881,0,0.0,0.0,0.0,0.0
1625011200000,106809.7264784881,106809.7264784881,0,0.0,0.0,0.0,0.0
1625025600000,106809.7264784881,106809.7264784881,0,0.0,0.0,0.0,0.0
1625040000000,106809.7264784881,106809.7264784881,0,0.0,0.0,0.0,0.0
1625054400000,106809.7264784881,106809.7264784881,0,0.0,0.0,0.0,0.0
1625068800000,106809.7264784881,106809.7264784881,0,0.0,0.0,0.0,0.0
1625083200000,106809.7264784881,106809.7264784881,0,0.0,0.0,0.0,0.0
1625097600000,106809.7264784881,106809.7264784881,0,0.0,0.0,0.0,0.0
1625112000000,106809.7264784881,106809.7264784881,0,0.0,0.0,0.0,0.0
1625126400000,106809.7264784881,106809.7264784881,0,0.0,0.0,0.0,0.0
1625140800000,106809.7264784881,106809.7264784881,0,0.0,0.0,0.0,0.0
1625155200000,106809.7264784881,106809.7264784881,0,0.0,0.0,0.0,0.0
1625169600000,106809.7264784881,106809.7264784881,0,0.0,0.0,0.0,0.0
1625184000000,106809.7264784881,106809.7264784881,0,0.0,0.0,0.0,0.0
1625198400000,106809.7264784881,106809.7264784881,0,0.0,0.0,0.0,0.0
1625212800000,106809.7264784881,106809.7264784881,0,0.0,0.0,0.0,0.0
1625227200000,106809.7264784881,106809.7264784881,0,0.0,0.0,0.0,0.0
1625241600000,106809.7264784881,106809.7264784881,0,0.0,0.0,0.0,0.0
1625256000000,106809.7264784881,106809.7264784881,0,0.0,0.0,0.0,0.0
1625270400000,106809.7264784881,106809.7264784881,0,0.0,0.0,0.0,0.0
1625284800000,106809.7264784881,106809.7264784881,0,0.0,0.0,0.0,0.0
1625299200000,106809.7264784881,106809.7264784881,0,0.0,0.0,0.0,0.0
1625313600000,106809.7264784881,106809.7264784881,0,0.0,0.0,0.0,0.0
1625328000000,106809.7264784881,106809.7264784881,0,0.0,0.0,0.0,0.0
1625342400000,106809.7264784881,106809.7264784881,0,0.0,0.0,0.0,0.0
1625356800000,106809.7264784881,106809.7264784881,0,0.0,0.0,0.0,0.0
1625371200000,106809.7264784881,106809.7264784881,0,0.0,0.0,0.0,0.0
1625385600000,106809.7264784881,106809.7264784881,0,0.0,0.0,0.0,0.0
1625400000000,106809.7264784881,106809.7264784881,0,0.0,0.0,0.0,0.0
1625414400000,106809.7264784881,106809.7264784881,0,0.0,0.0,0.0,0.0
1625428800000,106809.7264784881,106809.7264784881,0,0.0,0.0,0.0,0.0
1625443200000,106809.7264784881,106809.7264784881,0,0.0,0.0,0.0,0.0
1625457600000,106809.7264784881,106809.7264784881,0,0.0,0.0,0.0,0.0
1625472000000,106809.7264784881,106809.7264784881,0,0.0,0.0,0.0,0.0
1625486400000,106809.7264784881,106809.7264784881,0,0.0,0.0,0.0,0.0
1625500800000,105733.4372575092,106776.87079526404,1,66754.79998586602,2136.194529569762,2136.194529569762,66754.79998586602
1625515200000,104551.07798758092,104551.07798758092,0,0.0,0.0,0.0,0.0
1625529600000,104551.07798758092,104551.07798758092,0,0.0,0.0,0.0,0.0
1625544000000,104551.07798758092,104551.07798758092,0,0.0,0.0,0.0,0.0
1625558400000,104551.07798758092,104551.07798758092,0,0.0,0.0,0.0,0.0
1625572800000,104551.07798758092,104551.07798758092,0,0.0,0.0,0.0,0.0
1625587200000,104551.07798758092,104551.07798758092,0,0.0,0.0,0.0,0.0
1625601600000,104551.07798758092,104551.07798758092,0,0.0,0.0,0.0,0.0
1625616000000,104551.07798758092,104551.07798758092,0,0.0,0.0,0.0,0.0
1625630400000,104551.07798758092,104551.07798758092,0,0.0,0.0,0.0,0.0
1625644800000,104551.07798758092,104551.07798758092,0,0.0,0.0,0.0,0.0
1625659200000,104551.07798758092,104551.07798758092,0,0.0,0.0,0.0,0.0
1625673600000,104551.07798758092,104551.07798758092,0,0.0,0.0,0.0,0.0
1625688000000,104551.07798758092,104551.07798758092,0,0.0,0.0,0.0,0.0
1625702400000,104551.07798758092,104551.07798758092,0,0.0,0.0,0.0,0.0
1625716800000,104551.07798758092,104551.07798758092,0,0.0,0.0,0.0,0.0
1625731200000,104551.07798758092,104551.07798758092,0,0.0,0.0,0.0,0.0
1625745600000,104551.07798758092,104551.07798758092,0,0.0,0.0,0.0,0.0
1625760000000,103078.23939409136,104436.71420049453,3,230086.048979189,6263.155422698501,6263.155422698501,230086.048979189
1625774400000,103537.36005864135,104419.87743383984,3,229610.0915479843,6263.155422698501,6263.155422698501,229610.0915479843
1625788800000,106157.99998743054,104419.87743383984,3,226989.45161919514,6263.155422698501,6263.155422698501,226989.45161919514
1625803200000,108216.63060702574,106476.95654523686,3,195180.60154738417,5221.705084571271,5221.705084571271,195180.60154738417
1625817600000,105355.69989384264,106484.30166245892,2,139200.11971116296,3362.401834454178,3362.401834454178,139200.11971116296
1625832000000,106060.52614125193,106466.36664694808,2,138477.35844824283,3362.401834454178,3362.401834454178,138477.35844824283
1625846400000,102962.49553423698,102962.49553423698,0,0.0,0.0,0.0,0.0
1625860800000,102962.49553423698,102962.49553423698,0,0.0,0.0,0.0,0.0
1625875200000,102962.49553423698,102962.49553423698,0,0.0,0.0,0.0,0.0
1625889600000,102962.49553423698,102962.49553423698,0,0.0,0.0,0.0,0.0
1625904000000,102962.49553423698,102962.49553423698,0,0.0,0.0,0.0,0.0
1625918400000,102962.49553423698,102962.49553423698,0,0.0,0.0,0.0,0.0
1625932800000,102962.49553423698,102962.49553423698,0,0.0,0.0,0.0,0.0
1625947200000,102962.49553423698,102962.49553423698,0,0.0,0.0,0.0,0.0
1625961600000,102962.49553423698,102962.49553423698,0,0.0,0.0,0.0,0.0
1625976000000,102962.49553423698,102962.49553423698,0,0.0,0.0,0.0,0.0
1625990400000,102962.49553423698,102962.49553423698,0,0.0,0.0,0.0,0.0
1626004800000,102962.49553423698,102962.49553423698,0,0.0,0.0,0.0,0.0
1626019200000,102962.49553423698,102962.49553423698,0,0.0,0.0,0.0,0.0
1626033600000,102962.49553423698,102962.49553423698,0,0.0,0.0,0.0,0.0
1626048000000,102962.49553423698,102962.49553423698,0,0.0,0.0,0.0,0.0
1626062400000,102962.49553423698,102962.49553423698,0,0.0,0.0,0.0,0.0
1626076800000,102962.49553423698,102962.49553423698,0,0.0,0.0,0.0,0.0
1626091200000,102962.49553423698,102962.49553423698,0,0.0,0.0,0.0,0.0
1626105600000,102962.49553423698,102962.49553423698,0,0.0,0.0,0.0,0.0
1626120000000,102962.49553423698,102962.49553423698,0,0.0,0.0,0.0,0.0
1626134400000,100416.24259456628,102845.33857116723,3,236743.022116077,6169.497499322355,6169.497499322355,236743.022116077
1626148800000,100822.31789065702,102853.84641156522,3,236345.45466038422,6169.497499322355,6169.497499322355,236345.45466038422
1626163200000,100952.5018127785,102853.84641156522,3,236215.27073826277,6169.497499322355,6169.497499322355,236215.27073826277
1626177600000,104239.91563519867,102868.79221134508,3,232942.80271562247,6169.497499322355,6169.497499322355,232942.80271562247
1626192000000,104485.82955175205,102868.79221134508,3,232696.88879906907,6169.497499322355,6169.497499322355,232696.88879906907
1626206400000,112433.2306274609,102892.06022932431,3,224772.75574133947,6169.497499322355,6169.497499322355,224772.75574133947
1626220800000,110236.22524681652,102876.64795867848,4,257778.89014300477,6746.686866830367,6746.686866830367,257778.89014300477
1626235200000,117205.28351935375,108960.90704893008,4,139737.12789098112,3661.9381171691903,3661.9381171691903,139737.12789098112
1626249600000,115887.7344769389,108900.21110312552,6,262385.872596704,7027.082473845583,7027.082473845583,262385.872596704
1626264000000,109737.7739386793,105418.62648808707,4,143662.35691081255,3661.9381171691903,3661.9381171691903,143662.35691081255
1626278400000,107930.23267722595,107930.23267722595,0,0.0,0.0,0.0,0.0
1626292800000,107930.23267722595,107930.23267722595,0,0.0,0.0,0.0,0.0
1626307200000,107930.23267722595,107930.23267722595,0,0.0,0.0,0.0,0.0
1626321600000,107930.23267722595,107930.23267722595,0,0.0,0.0,0.0,0.0
1626336000000,107930.23267722595,107930.23267722595,0,0.0,0.0,0.0,0.0
1626350400000,107930.23267722595,107930.23267722595,0,0.0,0.0,0.0,0.0
1626364800000,107930.23267722595,107930.23267722595,0,0.0,0.0,0.0,0.0
1626379200000,107930.23267722595,107930.23267722595,0,0.0,0.0,0.0,0.0
1626393600000,107930.23267722595,107930.23267722595,0,0.0,0.0,0.0,0.0
1626408000000,107930.23267722595,107930.23267722595,0,0.0,0.0,0.0,0.0
1626422400000,107930.23267722595,107930.23267722595,0,0.0,0.0,0.0,0.0
1626436800000,107930.23267722595,107930.23267722595,0,0.0,0.0,0.0,0.0
1626451200000,107930.23267722595,107930.23267722595,0,0.0,0.0,0.0,0.0
1626465600000,107930.23267722595,107930.23267722595,0,0.0,0.0,0.0,0.0
1626480000000,107930.23267722595,107930.23267722595,0,0.0,0.0,0.0,0.0
1626494400000,107930.23267722595,107930.23267722595,0,0.0,0.0,0.0,0.0
1626508800000,107930.23267722595,107930.23267722595,0,0.0,0.0,0.0,0.0
1626523200000,107930.23267722595,107930.23267722595,0,0.0,0.0,0.0,0.0
1626537600000,107930.23267722595,107930.23267722595,0,0.0,0.0,0.0,0.0
1626552000000,107930.23267722595,107930.23267722595,0,0.0,0.0,0.0,0.0
1626566400000,107930.23267722595,107930.23267722595,0,0.0,0.0,0.0,0.0
1626580800000,107930.23267722595,107930.23267722595,0,0.0,0.0,0.0,0.0
1626595200000,107930.23267722595,107930.23267722595,0,0.0,0.0,0.0,0.0
1626609600000,107930.23267722595,107930.23267722595,0,0.0,0.0,0.0,0.0
1626624000000,107930.23267722595,107930.23267722595,0,0.0,0.0,0.0,0.0
1626638400000,107930.23267722595,107930.23267722595,0,0.0,0.0,0.0,0.0
1626652800000,107930.23267722595,107930.23267722595,0,0.0,0.0,0.0,0.0
1626667200000,107930.23267722595,107930.23267722595,0,0.0,0.0,0.0,0.0
1626681600000,107930.23267722595,107930.23267722595,0,0.0,0.0,0.0,0.0
1626696000000,107930.23267722595,107930.23267722595,0,0.0,0.0,0.0,0.0
1626710400000,107930.23267722595,107930.23267722595,0,0.0,0.0,0.0,0.0
1626724800000,107585.67516928512,107873.2354937531,1,114281.92727017275,2158.6046535445194,2158.6046535445194,114281.92727017275
1626739200000,108402.21722767786,107792.6809757787,3,274493.8666426032,6450.4902565992725,6450.4902565992725,274493.8666426032
1626753600000,121814.42901615224,114091.23114473882,3,129828.50357583776,3225.2451282996362,3225.2451282996362,129828.50357583776
1626768000000,120127.5185819199,114091.23114473882,3,131515.4140100701,3225.2451282996362,3225.2451282996362,131515.4140100701
1626782400000,121252.93575411165,114043.43573799249,3,130342.20143113202,3225.2451282996362,3225.2451282996362,130342.20143113202
1626796800000,118824.22841157173,114043.43573799249,3,132770.90877367192,3225.2451282996362,3225.2451282996362,132770.90877367192
1626811200000,119262.60904529215,114014.8819834562,3,132303.97438541523,3225.2451282996362,3225.2451282996362,132303.97438541523
1626825600000,120127.42647353688,114014.8819834562,3,131439.1569571705,3225.2451282996362,3225.2451282996362,131439.1569571705
1626840000000,118971.62173116216,113992.32821770066,3,132572.40793378968,3225.2451282996362,3225.2451282996362,132572.40793378968
1626854400000,116968.56832264198,116968.56832264198,0,0.0,0.0,0.0,0.0
1626868800000,116968.56832264198,116968.56832264198,0,0.0,0.0,0.0,0.0
1626883200000,116968.56832264198,116968.56832264198,0,0.0,0.0,0.0,0.0
1626897600000,116968.56832264198,116968.56832264198,0,0.0,0.0,0.0,0.0
1626912000000,116968.56832264198,116968.56832264198,0,0.0,0.0,0.0,0.0
1626926400000,116968.56832264198,116968.56832264198,0,0.0,0.0,0.0,0.0
1626940800000,116968.56832264198,116968.56832264198,0,0.0,0.0,0.0,0.0
1626955200000,116968.56832264198,116968.56832264198,0,0.0,0.0,0.0,0.0
1626969600000,116968.56832264198,116968.56832264198,0,0.0,0.0,0.0,0.0
1626984000000,116968.56832264198,116968.56832264198,0,0.0,0.0,0.0,0.0
1626998400000,116968.56832264198,116968.56832264198,0,0.0,0.0,0.0,0.0
1627012800000,116968.56832264198,116968.56832264198,0,0.0,0.0,0.0,0.0
1627027200000,116968.56832264198,116968.56832264198,0,0.0,0.0,0.0,0.0
1627041600000,116968.56832264198,116968.56832264198,0,0.0,0.0,0.0,0.0
1627056000000,116968.56832264198,116968.56832264198,0,0.0,0.0,0.0,0.0
1627070400000,116968.56832264198,116968.56832264198,0,0.0,0.0,0.0,0.0
1627084800000,116968.56832264198,116968.56832264198,0,0.0,0.0,0.0,0.0
1627099200000,116968.56832264198,116968.56832264198,0,0.0,0.0,0.0,0.0
1627113600000,116968.56832264198,116968.56832264198,0,0.0,0.0,0.0,0.0
1627128000000,116968.56832264198,116968.56832264198,0,0.0,0.0,0.0,0.0
1627142400000,116968.56832264198,116968.56832264198,0,0.0,0.0,0.0,0.0
1627156800000,116968.56832264198,116968.56832264198,0,0.0,0.0,0.0,0.0
1627171200000,116968.56832264198,116968.56832264198,0,0.0,0.0,0.0,0.0
1627185600000,116968.56832264198,116968.56832264198,0,0.0,0.0,0.0,0.0
1627200000000,116968.56832264198,116968.56832264198,0,0.0,0.0,0.0,0.0
1627214400000,116968.56832264198,116968.56832264198,0,0.0,0.0,0.0,0.0
1627228800000,116968.56832264198,116968.56832264198,0,0.0,0.0,0.0,0.0
1627243200000,116968.56832264198,116968.56832264198,0,0.0,0.0,0.0,0.0
1627257600000,116968.56832264198,116968.56832264198,0,0.0,0.0,0.0,0.0
1627272000000,116968.56832264198,116968.56832264198,0,0.0,0.0,0.0,0.0
1627286400000,116968.56832264198,116968.56832264198,0,0.0,0.0,0.0,0.0
1627300800000,116968.56832264198,116968.56832264198,0,0.0,0.0,0.0,0.0
1627315200000,116968.56832264198,116968.56832264198,0,0.0,0.0,0.0,0.0
1627329600000,116968.56832264198,116968.56832264198,0,0.0,0.0,0.0,0.0
1627344000000,116968.56832264198,116968.56832264198,0,0.0,0.0,0.0,0.0
1627358400000,116968.56832264198,116968.56832264198,0,0.0,0.0,0.0,0.0
1627372800000,116968.56832264198,116968.56832264198,0,0.0,0.0,0.0,0.0
1627387200000,116968.56832264198,116968.56832264198,0,0.0,0.0,0.0,0.0
1627401600000,116968.56832264198,116968.56832264198,0,0.0,0.0,0.0,0.0
1627416000000,116968.56832264198,116968.56832264198,0,0.0,0.0,0.0,0.0
1627430400000,116968.56832264198,116968.56832264198,0,0.0,0.0,0.0,0.0
1627444800000,116968.56832264198,116968.56832264198,0,0.0,0.0,0.0,0.0
1627459200000,116968.56832264198,116968.56832264198,0,0.0,0.0,0.0,0.0
1627473600000,116968.56832264198,116968.56832264198,0,0.0,0.0,0.0,0.0
1627488000000,116968.56832264198,116968.56832264198,0,0.0,0.0,0.0,0.0
1627502400000,116968.56832264198,116968.56832264198,0,0.0,0.0,0.0,0.0
1627516800000,116968.56832264198,116968.56832264198,0,0.0,0.0,0.0,0.0
1627531200000,116968.56832264198,116968.56832264198,0,0.0,0.0,0.0,0.0
1627545600000,116968.56832264198,116968.56832264198,0,0.0,0.0,0.0,0.0
1627560000000,116968.56832264198,116968.56832264198,0,0.0,0.0,0.0,0.0
1627574400000,116968.56832264198,116968.56832264198,0,0.0,0.0,0.0,0.0
1627588800000,116968.56832264198,116968.56832264198,0,0.0,0.0,0.0,0.0
1627603200000,116968.56832264198,116968.56832264198,0,0.0,0.0,0.0,0.0
1627617600000,116968.56832264198,116968.56832264198,0,0.0,0.0,0.0,0.0
1627632000000,116968.56832264198,116968.56832264198,0,0.0,0.0,0.0,0.0
1627646400000,116968.56832264198,116968.56832264198,0,0.0,0.0,0.0,0.0
1627660800000,116968.56832264198,116968.56832264198,0,0.0,0.0,0.0,0.0
1627675200000,116968.56832264198,116968.56832264198,0,0.0,0.0,0.0,0.0
1627689600000,116968.56832264198,116968.56832264198,0,0.0,0.0,0.0,0.0
1627704000000,116968.56832264198,116968.56832264198,0,0.0,0.0,0.0,0.0
1627718400000,116968.56832264198,116968.56832264198,0,0.0,0.0,0.0,0.0
1627732800000,116968.56832264198,116968.56832264198,0,0.0,0.0,0.0,0.0
1627747200000,116968.56832264198,116968.56832264198,0,0.0,0.0,0.0,0.0
1627761600000,116968.56832264198,116968.56832264198,0,0.0,0.0,0.0,0.0
1627776000000,116968.56832264198,116968.56832264198,0,0.0,0.0,0.0,0.0
1627790400000,116968.56832264198,116968.56832264198,0,0.0,0.0,0.0,0.0
1627804800000,116968.56832264198,116968.56832264198,0,0.0,0.0,0.0,0.0
1627819200000,116968.56832264198,116968.56832264198,0,0.0,0.0,0.0,0.0
1627833600000,116968.56832264198,116968.56832264198,0,0.0,0.0,0.0,0.0
1627848000000,116968.56832264198,116968.56832264198,0,0.0,0.0,0.0,0.0
1627862400000,116968.56832264198,116968.56832264198,0,0.0,0.0,0.0,0.0
1627876800000,116968.56832264198,116968.56832264198,0,0.0,0.0,0.0,0.0
1627891200000,116968.56832264198,116968.56832264198,0,0.0,0.0,0.0,0.0
1627905600000,116968.56832264198,116968.56832264198,0,0.0,0.0,0.0,0.0
1627920000000,116968.56832264198,116968.56832264198,0,0.0,0.0,0.0,0.0
1627934400000,116968.56832264198,116968.56832264198,0,0.0,0.0,0.0,0.0
1627948800000,116968.56832264198,116968.56832264198,0,0.0,0.0,0.0,0.0
1627963200000,116968.56832264198,116968.56832264198,0,0.0,0.0,0.0,0.0
1627977600000,116968.56832264198,116968.56832264198,0,0.0,0.0,0.0,0.0
1627992000000,117153.44101188214,116947.48692985893,1,41956.831484079135,1169.6856832264198,1169.6856832264198,41956.831484079135
1628006400000,117437.77901920861,116947.48692985893,1,41672.49347675265,1169.6856832264198,1169.6856832264198,41672.49347675265
1628020800000,117772.9666352946,116951.65417920661,1,41341.473110014354,1169.6856832264198,1169.6856832264198,41341.473110014354
1628035200000,117458.92167197878,116951.65417920661,1,41655.518073330175,1169.6856832264198,1169.6856832264198,41655.518073330175
1628049600000,117624.35294730704,116955.81912202135,1,41494.251740816646,1169.6856832264198,1169.6856832264198,41494.251740816646
1628064000000,117586.15828960646,116955.81912202135,1,41532.44639851721,1169.6856832264198,1169.6856832264198,41532.44639851721
1628078400000,117386.60560759954,116959.97128108414,1,41736.151239586936,1169.6856832264198,1169.6856832264198,41736.151239586936
1628092800000,116631.20015529933,116959.97128108414,1,42491.556691887155,1169.6856832264198,1169.6856832264198,42491.556691887155
1628107200000,116043.93201131753,116043.93201131753,0,0.0,0.0,0.0,0.0
1628121600000,116043.93201131753,116043.93201131753,0,0.0,0.0,0.0,0.0
1628136000000,116043.93201131753,116043.93201131753,0,0.0,0.0,0.0,0.0
1628150400000,116043.93201131753,116043.93201131753,0,0.0,0.0,0.0,0.0
1628164800000,116043.93201131753,116043.93201131753,0,0.0,0.0,0.0,0.0
1628179200000,115833.09050451108,116022.07088863853,1,43533.264973897945,2320.878640226351,0.0,0.0
1628193600000,116107.20194690756,116017.63202012297,1,43811.81528480998,2320.878640226351,0.0,0.0
1628208000000,116625.18699315673,116017.63202012297,1,44329.800331059145,2320.878640226351,0.0,0.0
1628222400000,114894.92911249788,116013.20074664672,1,42603.973723876545,2320.878640226351,0.0,0.0
1628236800000,116184.55778599696,116013.20074664672,1,43893.60239737563,2320.878640226351,0.0,0.0
1628251200000,116132.75573098757,116008.81151051597,1,43846.18957849699,2320.878640226351,0.0,0.0
1628265600000,119329.56504388007,116008.81151051597,1,47042.99889138949,2320.878640226351,0.0,0.0
1628280000000,119578.5193344766,116004.10722011176,1,47296.65747239023,2320.878640226351,0.0,0.0
1628294400000,119156.54524645668,116004.10722011176,1,46874.683384370306,2320.878640226351,0.0,0.0
1628308800000,119819.01886644973,115995.689452972,1,47545.5747715031,2320.878640226351,0.0,0.0
1628323200000,119079.37889194289,115995.689452972,1,46805.93479699627,2320.878640226351,0.0,0.0
1628337600000,119763.8707045836,115989.1394304565,1,47496.97663215249,2320.878640226351,0.0,0.0
1628352000000,117982.3340352186,115989.1394304565,1,45715.43996278748,2320.878640226351,0.0,0.0
1628366400000,118017.66293353299,115962.83166422867,1,45777.07662732972,2320.878640226351,0.0,0.0
1628380800000,119047.70642367151,115962.83166422867,1,46807.120117468236,2320.878640226351,0.0,0.0
1628395200000,118172.64700079091,115948.31490399543,1,45946.577454820865,2320.878640226351,0.0,0.0
1628409600000,118218.87449919758,115948.31490399543,1,45992.80495322755,2320.878640226351,0.0,0.0
1628424000000,117566.05453125993,115937.93863186338,1,45350.36125742193,2320.878640226351,0.0,0.0
1628438400000,117518.34723669717,117518.34723669717,0,0.0,0.0,0.0,0.0
1628452800000,117518.34723669717,117518.34723669717,0,0.0,0.0,0.0,0.0
1628467200000,117518.34723669717,117518.34723669717,0,0.0,0.0,0.0,0.0
1628481600000,117518.34723669717,117518.34723669717,0,0.0,0.0,0.0,0.0
1628496000000,117518.34723669717,117518.34723669717,0,0.0,0.0,0.0,0.0
1628510400000,117518.34723669717,117518.34723669717,0,0.0,0.0,0.0,0.0
1628524800000,117518.34723669717,117518.34723669717,0,0.0,0.0,0.0,0.0
1628539200000,117518.34723669717,117518.34723669717,0,0.0,0.0,0.0,0.0
1628553600000,117518.34723669717,117518.34723669717,0,0.0,0.0,0.0,0.0
1628568000000,117518.34723669717,117518.34723669717,0,0.0,0.0,0.0,0.0
1628582400000,117518.34723669717,117518.34723669717,0,0.0,0.0,0.0,0.0
1628596800000,117518.34723669717,117518.34723669717,0,0.0,0.0,0.0,0.0
1628611200000,117518.34723669717,117518.34723669717,0,0.0,0.0,0.0,0.0
1628625600000,117518.34723669717,117518.34723669717,0,0.0,0.0,0.0,0.0
1628640000000,117518.34723669717,117518.34723669717,0,0.0,0.0,0.0,0.0
1628654400000,117518.34723669717,117518.34723669717,0,0.0,0.0,0.0,0.0
1628668800000,117518.34723669717,117518.34723669717,0,0.0,0.0,0.0,0.0
1628683200000,117518.34723669717,117518.34723669717,0,0.0,0.0,0.0,0.0
1628697600000,117542.22548108971,117494.60357652963,1,47534.9422396377,2350.3669447339435,0.0,0.0
1628712000000,118416.70006328945,117474.92712025977,1,48429.09327810729,2350.3669447339435,0.0,0.0
1628726400000,116423.2561022126,117474.92712025977,1,46435.649317030446,2350.3669447339435,0.0,0.0
1628740800000,117951.90331946971,117461.66550185173,1,47977.55815269559,2350.3669447339435,0.0,0.0
1628755200000,115066.17288796579,115066.17288796579,0,0.0,0.0,0.0,0.0
1628769600000,115066.17288796579,115066.17288796579,0,0.0,0.0,0.0,0.0
1628784000000,115066.17288796579,115066.17288796579,0,0.0,0.0,0.0,0.0
1628798400000,115066.17288796579,115066.17288796579,0,0.0,0.0,0.0,0.0
1628812800000,115066.17288796579,115066.17288796579,0,0.0,0.0,0.0,0.0
1628827200000,115066.17288796579,115066.17288796579,0,0.0,0.0,0.0,0.0
1628841600000,115066.17288796579,115066.17288796579,0,0.0,0.0,0.0,0.0
1628856000000,115066.17288796579,115066.17288796579,0,0.0,0.0,0.0,0.0
1628870400000,115066.17288796579,115066.17288796579,0,0.0,0.0,0.0,0.0
1628884800000,115066.17288796579,115066.17288796579,0,0.0,0.0,0.0,0.0
1628899200000,115066.17288796579,115066.17288796579,0,0.0,0.0,0.0,0.0
1628913600000,115066.17288796579,115066.17288796579,0,0.0,0.0,0.0,0.0
1628928000000,115066.17288796579,115066.17288796579,0,0.0,0.0,0.0,0.0
1628942400000,112643.28143159716,112643.28143159716,0,0.0,0.0,0.0,0.0
1628956800000,112643.28143159716,112643.28143159716,0,0.0,0.0,0.0,0.0
1628971200000,112643.28143159716,112643.28143159716,0,0.0,0.0,0.0,0.0
1628985600000,112643.28143159716,112643.28143159716,0,0.0,0.0,0.0,0.0
1629000000000,112643.28143159716,112643.28143159716,0,0.0,0.0,0.0,0.0
1629014400000,112643.28143159716,112643.28143159716,0,0.0,0.0,0.0,0.0
1629028800000,112643.28143159716,112643.28143159716,0,0.0,0.0,0.0,0.0
1629043200000,112643.28143159716,112643.28143159716,0,0.0,0.0,0.0,0.0
1629057600000,112643.28143159716,112643.28143159716,0,0.0,0.0,0.0,0.0
1629072000000,112643.28143159716,112643.28143159716,0,0.0,0.0,0.0,0.0
1629086400000,112643.28143159716,112643.28143159716,0,0.0,0.0,0.0,0.0
1629100800000,112643.28143159716,112643.28143159716,0,0.0,0.0,0.0,0.0
1629115200000,112643.28143159716,112643.28143159716,0,0.0,0.0,0.0,0.0
1629129600000,112643.28143159716,112643.28143159716,0,0.0,0.0,0.0,0.0
1629144000000,112643.28143159716,112643.28143159716,0,0.0,0.0,0.0,0.0
1629158400000,112643.28143159716,112643.28143159716,0,0.0,0.0,0.0,0.0
1629172800000,112643.28143159716,112643.28143159716,0,0.0,0.0,0.0,0.0
1629187200000,112643.28143159716,112643.28143159716,0,0.0,0.0,0.0,0.0
1629201600000,112643.28143159716,112643.28143159716,0,0.0,0.0,0.0,0.0
1629216000000,112643.28143159716,112643.28143159716,0,0.0,0.0,0.0,0.0
1629230400000,112643.28143159716,112643.28143159716,0,0.0,0.0,0.0,0.0
1629244800000,112643.28143159716,112643.28143159716,0,0.0,0.0,0.0,0.0
1629259200000,112643.28143159716,112643.28143159716,0,0.0,0.0,0.0,0.0
1629273600000,112643.28143159716,112643.28143159716,0,0.0,0.0,0.0,0.0
1629288000000,112643.28143159716,112643.28143159716,0,0.0,0.0,0.0,0.0
1629302400000,112643.28143159716,112643.28143159716,0,0.0,0.0,0.0,0.0
1629316800000,112643.28143159716,112643.28143159716,0,0.0,0.0,0.0,0.0
1629331200000,112643.28143159716,112643.28143159716,0,0.0,0.0,0.0,0.0
1629345600000,112643.28143159716,112643.28143159716,0,0.0,0.0,0.0,0.0
1629360000000,112643.28143159716,112643.28143159716,0,0.0,0.0,0.0,0.0
1629374400000,112643.28143159716,112643.28143159716,0,0.0,0.0,0.0,0.0
1629388800000,112643.28143159716,112643.28143159716,0,0.0,0.0,0.0,0.0
1629403200000,112643.28143159716,112643.28143159716,0,0.0,0.0,0.0,0.0
1629417600000,112643.28143159716,112643.28143159716,0,0.0,0.0,0.0,0.0
1629432000000,112643.28143159716,112643.28143159716,0,0.0,0.0,0.0,0.0
1629446400000,112643.28143159716,112643.28143159716,0,0.0,0.0,0.0,0.0
1629460800000,112643.28143159716,112643.28143159716,0,0.0,0.0,0.0,0.0
1629475200000,112643.28143159716,112643.28143159716,0,0.0,0.0,0.0,0.0
1629489600000,112643.28143159716,112643.28143159716,0,0.0,0.0,0.0,0.0
1629504000000,112643.28143159716,112643.28143159716,0,0.0,0.0,0.0,0.0
1629518400000,112643.28143159716,112643.28143159716,0,0.0,0.0,0.0,0.0
1629532800000,112643.28143159716,112643.28143159716,0,0.0,0.0,0.0,0.0
1629547200000,112643.28143159716,112643.28143159716,0,0.0,0.0,0.0,0.0
1629561600000,112643.28143159716,112643.28143159716,0,0.0,0.0,0.0,0.0
1629576000000,112643.28143159716,112643.28143159716,0,0.0,0.0,0.0,0.0
1629590400000,112643.28143159716,112643.28143159716,0,0.0,0.0,0.0,0.0
1629604800000,112643.28143159716,112643.28143159716,0,0.0,0.0,0.0,0.0
1629619200000,112643.28143159716,112643.28143159716,0,0.0,0.0,0.0,0.0
1629633600000,112643.28143159716,112643.28143159716,0,0.0,0.0,0.0,0.0
1629648000000,112643.28143159716,112643.28143159716,0,0.0,0.0,0.0,0.0
1629662400000,112643.28143159716,112643.28143159716,0,0.0,0.0,0.0,0.0
1629676800000,112643.28143159716,112643.28143159716,0,0.0,0.0,0.0,0.0
1629691200000,112643.28143159716,112643.28143159716,0,0.0,0.0,0.0,0.0
1629705600000,112643.28143159716,112643.28143159716,0,0.0,0.0,0.0,0.0
1629720000000,112643.28143159716,112643.28143159716,0,0.0,0.0,0.0,0.0
1629734400000,112643.28143159716,112643.28143159716,0,0.0,0.0,0.0,0.0
1629748800000,112643.28143159716,112643.28143159716,0,0.0,0.0,0.0,0.0
1629763200000,112643.28143159716,112643.28143159716,0,0.0,0.0,0.0,0.0
1629777600000,112643.28143159716,112643.28143159716,0,0.0,0.0,0.0,0.0
1629792000000,112643.28143159716,112643.28143159716,0,0.0,0.0,0.0,0.0
1629806400000,112643.28143159716,112643.28143159716,0,0.0,0.0,0.0,0.0
1629820800000,112643.28143159716,112643.28143159716,0,0.0,0.0,0.0,0.0
1629835200000,112643.28143159716,112643.28143159716,0,0.0,0.0,0.0,0.0
1629849600000,112643.28143159716,112643.28143159716,0,0.0,0.0,0.0,0.0
1629864000000,112643.28143159716,112643.28143159716,0,0.0,0.0,0.0,0.0
1629878400000,112643.28143159716,112643.28143159716,0,0.0,0.0,0.0,0.0
1629892800000,112643.28143159716,112643.28143159716,0,0.0,0.0,0.0,0.0
1629907200000,112643.28143159716,112643.28143159716,0,0.0,0.0,0.0,0.0
1629921600000,112643.28143159716,112643.28143159716,0,0.0,0.0,0.0,0.0
1629936000000,112643.28143159716,112643.28143159716,0,0.0,0.0,0.0,0.0
1629950400000,112643.28143159716,112643.28143159716,0,0.0,0.0,0.0,0.0
1629964800000,112643.28143159716,112643.28143159716,0,0.0,0.0,0.0,0.0
1629979200000,112643.28143159716,112643.28143159716,0,0.0,0.0,0.0,0.0
1629993600000,112643.28143159716,112643.28143159716,0,0.0,0.0,0.0,0.0
1630008000000,112643.28143159716,112643.28143159716,0,0.0,0.0,0.0,0.0
1630022400000,112643.28143159716,112643.28143159716,0,0.0,0.0,0.0,0.0
1630036800000,112643.28143159716,112643.28143159716,0,0.0,0.0,0.0,0.0
1630051200000,112643.28143159716,112643.28143159716,0,0.0,0.0,0.0,0.0
1630065600000,112643.28143159716,112643.28143159716,0,0.0,0.0,0.0,0.0
1630080000000,112643.28143159716,112643.28143159716,0,0.0,0.0,0.0,0.0
1630094400000,112643.28143159716,112643.28143159716,0,0.0,0.0,0.0,0.0
1630108800000,112643.28143159716,112643.28143159716,0,0.0,0.0,0.0,0.0
1630123200000,112643.28143159716,112643.28143159716,0,0.0,0.0,0.0,0.0
1630137600000,112643.28143159716,112643.28143159716,0,0.0,0.0,0.0,0.0
1630152000000,112643.28143159716,112643.28143159716,0,0.0,0.0,0.0,0.0
1630166400000,112643.28143159716,112643.28143159716,0,0.0,0.0,0.0,0.0
1630180800000,112643.28143159716,112643.28143159716,0,0.0,0.0,0.0,0.0
1630195200000,112643.28143159716,112643.28143159716,0,0.0,0.0,0.0,0.0
1630209600000,112643.28143159716,112643.28143159716,0,0.0,0.0,0.0,0.0
1630224000000,112643.28143159716,112643.28143159716,0,0.0,0.0,0.0,0.0
1630238400000,112643.28143159716,112643.28143159716,0,0.0,0.0,0.0,0.0
1630252800000,112643.28143159716,112643.28143159716,0,0.0,0.0,0.0,0.0
1630267200000,112643.28143159716,112643.28143159716,0,0.0,0.0,0.0,0.0
1630281600000,112643.28143159716,112643.28143159716,0,0.0,0.0,0.0,0.0
1630296000000,112643.28143159716,112643.28143159716,0,0.0,0.0,0.0,0.0
1630310400000,112643.28143159716,112643.28143159716,0,0.0,0.0,0.0,0.0
1630324800000,112643.28143159716,112643.28143159716,0,0.0,0.0,0.0,0.0
1630339200000,112643.28143159716,112643.28143159716,0,0.0,0.0,0.0,0.0
1630353600000,112643.28143159716,112643.28143159716,0,0.0,0.0,0.0,0.0
1630368000000,112643.28143159716,112643.28143159716,0,0.0,0.0,0.0,0.0
1630382400000,112643.28143159716,112643.28143159716,0,0.0,0.0,0.0,0.0
1630396800000,112643.28143159716,112643.28143159716,0,0.0,0.0,0.0,0.0
1630411200000,112643.28143159716,112643.28143159716,0,0.0,0.0,0.0,0.0
1630425600000,112643.28143159716,112643.28143159716,0,0.0,0.0,0.0,0.0
1630440000000,112643.28143159716,112643.28143159716,0,0.0,0.0,0.0,0.0
1630454400000,112844.43714591986,112612.23824413777,1,62318.57382056088,2252.8656286319433,0.0,0.0
1630468800000,113084.53740465149,112606.00638675572,1,62564.905936674564,2252.8656286319433,0.0,0.0
1630483200000,114434.45920025674,112606.00638675572,1,63914.82773227982,2252.8656286319433,0.0,0.0
1630497600000,114693.29277131769,112599.6151130335,1,64180.052577062976,2252.8656286319433,0.0,0.0
1630512000000,115563.44825522957,112599.6151130335,1,65050.20806097486,2252.8656286319433,0.0,0.0
1630526400000,118015.7222021003,112593.10942008226,1,67508.98770079685,2252.8656286319433,0.0,0.0
1630540800000,120109.00020650878,112593.10942008226,1,69602.26570520531,2252.8656286319433,0.0,0.0
1630555200000,118980.40654066089,112575.190206977,1,68491.59125246268,2252.8656286319433,0.0,0.0
1630569600000,118368.39112828112,112575.190206977,1,67879.5758400829,2252.8656286319433,0.0,0.0
1630584000000,118801.24996227211,112521.01629517098,1,68366.60858587993,2252.8656286319433,0.0,0.0
1630598400000,118733.308803403,112521.01629517098,1,68298.66742701082,2252.8656286319433,0.0,0.0
1630612800000,119209.87476766252,112501.28481015132,1,68794.96487628999,2252.8656286319433,0.0,0.0
1630627200000,119245.2986339178,112501.28481015132,1,68830.38874254527,2252.8656286319433,0.0,0.0
1630641600000,119606.64535521522,112482.41536697534,1,69210.60490701867,2252.8656286319433,0.0,0.0
1630656000000,119442.78726617795,112482.41536697534,1,69046.7468179814,2252.8656286319433,0.0,0.0
1630670400000,122285.68045354953,112456.33870937399,1,71915.71666295434,2252.8656286319433,0.0,0.0
1630684800000,122516.75305804555,112456.33870937399,1,72146.78926745035,2252.8656286319433,0.0,0.0
1630699200000,122053.99373158709,112409.21941364421,1,71731.14923672167,2252.8656286319433,0.0,0.0
1630713600000,121947.90379367382,112409.21941364421,1,71625.0592988084,2252.8656286319433,0.0,0.0
1630728000000,121541.87501324473,112354.15940042134,1,71274.09053160218,2252.8656286319433,0.0,0.0
1630742400000,121493.00824389771,112354.15940042134,1,71225.22376225516,2252.8656286319433,0.0,0.0
1630756800000,120915.70719181998,112303.31149915293,1,70698.77061144584,2252.8656286319433,0.0,0.0
1630771200000,121464.32296664541,112303.31149915293,1,71247.38638627129,2252.8656286319433,0.0,0.0
1630785600000,120373.3091898759,112249.39952982661,1,70210.28457882808,2252.8656286319433,0.0,0.0
1630800000000,120823.8281043021,112249.39952982661,1,70660.80349325428,2252.8656286319433,0.0,0.0
1630814400000,120017.32613175455,112199.69666917404,1,69904.00438135931,2252.8656286319433,0.0,0.0
1630828800000,119946.71368642568,119946.71368642568,0,0.0,0.0,0.0,0.0
1630843200000,119946.71368642568,119946.71368642568,0,0.0,0.0,0.0,0.0
1630857600000,119946.71368642568,119946.71368642568,0,0.0,0.0,0.0,0.0
1630872000000,119946.71368642568,119946.71368642568,0,0.0,0.0,0.0,0.0
1630886400000,119946.71368642568,119946.71368642568,0,0.0,0.0,0.0,0.0
1630900800000,119946.71368642568,119946.71368642568,0,0.0,0.0,0.0,0.0
1630915200000,119946.71368642568,119946.71368642568,0,0.0,0.0,0.0,0.0
1630929600000,119946.71368642568,119946.71368642568,0,0.0,0.0,0.0,0.0
1630944000000,119946.71368642568,119946.71368642568,0,0.0,0.0,0.0,0.0
1630958400000,119946.71368642568,119946.71368642568,0,0.0,0.0,0.0,0.0
1630972800000,121828.60240015217,119891.07780531535,1,113209.28681550483,2398.9342737285137,0.0,0.0
1630987200000,121810.68453195826,119879.75686803844,1,113202.68988458783,2398.9342737285137,0.0,0.0
1631001600000,121163.06790662692,119879.75686803844,1,112555.07325925649,2398.9342737285137,0.0,0.0
1631016000000,117360.72255887753,117360.72255887753,0,0.0,0.0,0.0,0.0
1631030400000,117360.72255887753,117360.72255887753,0,0.0,0.0,0.0,0.0
1631044800000,117360.72255887753,117360.72255887753,0,0.0,0.0,0.0,0.0
1631059200000,117360.72255887753,117360.72255887753,0,0.0,0.0,0.0,0.0
1631073600000,117360.72255887753,117360.72255887753,0,0.0,0.0,0.0,0.0
1631088000000,117360.72255887753,117360.72255887753,0,0.0,0.0,0.0,0.0
1631102400000,117360.72255887753,117360.72255887753,0,0.0,0.0,0.0,0.0
1631116800000,117360.72255887753,117360.72255887753,0,0.0,0.0,0.0,0.0
1631131200000,117360.72255887753,117360.72255887753,0,0.0,0.0,0.0,0.0
1631145600000,117360.72255887753,117360.72255887753,0,0.0,0.0,0.0,0.0
1631160000000,117360.72255887753,117360.72255887753,0,0.0,0.0,0.0,0.0
1631174400000,117360.72255887753,117360.72255887753,0,0.0,0.0,0.0,0.0
1631188800000,117360.72255887753,117360.72255887753,0,0.0,0.0,0.0,0.0
1631203200000,117360.72255887753,117360.72255887753,0,0.0,0.0,0.0,0.0
1631217600000,117360.72255887753,117360.72255887753,0,0.0,0.0,0.0,0.0
1631232000000,117360.72255887753,117360.72255887753,0,0.0,0.0,0.0,0.0
1631246400000,117360.72255887753,117360.72255887753,0,0.0,0.0,0.0,0.0
1631260800000,117360.72255887753,117360.72255887753,0,0.0,0.0,0.0,0.0
1631275200000,117360.72255887753,117360.72255887753,0,0.0,0.0,0.0,0.0
1631289600000,117360.72255887753,117360.72255887753,0,0.0,0.0,0.0,0.0
1631304000000,117360.72255887753,117360.72255887753,0,0.0,0.0,0.0,0.0
1631318400000,117360.72255887753,117360.72255887753,0,0.0,0.0,0.0,0.0
1631332800000,117360.72255887753,117360.72255887753,0,0.0,0.0,0.0,0.0
1631347200000,117360.72255887753,117360.72255887753,0,0.0,0.0,0.0,0.0
1631361600000,117360.72255887753,117360.72255887753,0,0.0,0.0,0.0,0.0
1631376000000,117360.72255887753,117360.72255887753,0,0.0,0.0,0.0,0.0
1631390400000,117360.72255887753,117360.72255887753,0,0.0,0.0,0.0,0.0
1631404800000,117360.72255887753,117360.72255887753,0,0.0,0.0,0.0,0.0
1631419200000,117360.72255887753,117360.72255887753,0,0.0,0.0,0.0,0.0
1631433600000,117360.72255887753,117360.72255887753,0,0.0,0.0,0.0,0.0
1631448000000,117360.72255887753,117360.72255887753,0,0.0,0.0,0.0,0.0
1631462400000,117360.72255887753,117360.72255887753,0,0.0,0.0,0.0,0.0
1631476800000,117360.72255887753,117360.72255887753,0,0.0,0.0,0.0,0.0
1631491200000,117360.72255887753,117360.72255887753,0,0.0,0.0,0.0,0.0
1631505600000,117360.72255887753,117360.72255887753,0,0.0,0.0,0.0,0.0
1631520000000,117360.72255887753,117360.72255887753,0,0.0,0.0,0.0,0.0
1631534400000,117360.72255887753,117360.72255887753,0,0.0,0.0,0.0,0.0
1631548800000,117360.72255887753,117360.72255887753,0,0.0,0.0,0.0,0.0
1631563200000,117360.72255887753,117360.72255887753,0,0.0,0.0,0.0,0.0
1631577600000,117360.72255887753,117360.72255887753,0,0.0,0.0,0.0,0.0
1631592000000,117360.72255887753,117360.72255887753,0,0.0,0.0,0.0,0.0
1631606400000,117360.72255887753,117360.72255887753,0,0.0,0.0,0.0,0.0
1631620800000,117360.72255887753,117360.72255887753,0,0.0,0.0,0.0,0.0
1631635200000,117360.72255887753,117360.72255887753,0,0.0,0.0,0.0,0.0
1631649600000,117360.72255887753,117360.72255887753,0,0.0,0.0,0.0,0.0
1631664000000,117360.72255887753,117360.72255887753,0,0.0,0.0,0.0,0.0
1631678400000,117360.72255887753,117360.72255887753,0,0.0,0.0,0.0,0.0
1631692800000,117360.72255887753,117360.72255887753,0,0.0,0.0,0.0,0.0
1631707200000,117360.72255887753,117360.72255887753,0,0.0,0.0,0.0,0.0
1631721600000,117360.72255887753,117360.72255887753,0,0.0,0.0,0.0,0.0
1631736000000,117360.72255887753,117360.72255887753,0,0.0,0.0,0.0,0.0
1631750400000,117360.72255887753,117360.72255887753,0,0.0,0.0,0.0,0.0
1631764800000,117360.72255887753,117360.72255887753,0,0.0,0.0,0.0,0.0
1631779200000,117360.72255887753,117360.72255887753,0,0.0,0.0,0.0,0.0
1631793600000,117360.72255887753,117360.72255887753,0,0.0,0.0,0.0,0.0
1631808000000,117360.72255887753,117360.72255887753,0,0.0,0.0,0.0,0.0
1631822400000,117360.72255887753,117360.72255887753,0,0.0,0.0,0.0,0.0
1631836800000,117360.72255887753,117360.72255887753,0,0.0,0.0,0.0,0.0
1631851200000,117360.72255887753,117360.72255887753,0,0.0,0.0,0.0,0.0
1631865600000,117360.72255887753,117360.72255887753,0,0.0,0.0,0.0,0.0
1631880000000,117360.72255887753,117360.72255887753,0,0.0,0.0,0.0,0.0
1631894400000,117360.72255887753,117360.72255887753,0,0.0,0.0,0.0,0.0
1631908800000,117360.72255887753,117360.72255887753,0,0.0,0.0,0.0,0.0
1631923200000,117360.72255887753,117360.72255887753,0,0.0,0.0,0.0,0.0
1631937600000,117360.72255887753,117360.72255887753,0,0.0,0.0,0.0,0.0
1631952000000,117360.72255887753,117360.72255887753,0,0.0,0.0,0.0,0.0
1631966400000,117360.72255887753,117360.72255887753,0,0.0,0.0,0.0,0.0
1631980800000,117360.72255887753,117360.72255887753,0,0.0,0.0,0.0,0.0
1631995200000,117360.72255887753,117360.72255887753,0,0.0,0.0,0.0,0.0
1632009600000,117360.72255887753,117360.72255887753,0,0.0,0.0,0.0,0.0
1632024000000,117360.72255887753,117360.72255887753,0,0.0,0.0,0.0,0.0
1632038400000,117360.72255887753,117360.72255887753,0,0.0,0.0,0.0,0.0
1632052800000,117360.72255887753,117360.72255887753,0,0.0,0.0,0.0,0.0
1632067200000,116076.50012943847,117314.29889128043,1,94085.13395604992,2347.214451177551,2347.214451177551,94085.13395604992
1632081600000,116921.04215155216,117323.70720994343,1,93250.00025259923,2347.214451177551,2347.214451177551,93250.00025259923
1632096000000,118268.97168594437,117271.91495763868,2,195434.78307540694,4685.714453801338,4685.714453801338,195434.78307540694
1632110400000,126849.20770444295,121883.61500548362,2,93250.32720289698,2342.857226900669,2342.857226900669,93250.32720289698
1632124800000,130886.14770818094,121837.47316322631,3,181450.92987150245,4880.123881961156,4880.123881961156,181450.92987150245
1632139200000,141093.49929201318,124301.23954452945,4,223641.89089731546,6229.655736131908,6229.655736131908,223641.89089731546
1632153600000,139691.2234758122,126873.97334216208,4,179578.70626832783,4920.573145281411,4920.573145281411,179578.70626832783
1632168000000,139618.67195629413,132615.98358712124,2,92827.75817840069,2478.3325921623914,2478.3325921623914,92827.75817840069
1632182400000,140703.97632217183,132615.98358712124,2,91742.45381252302,2478.3325921623914,2478.3325921623914,91742.45381252302
1632196800000,141188.3253988474,132620.57932807732,2,91262.7004768035,2478.3325921623914,2478.3325921623914,91262.7004768035
1632211200000,139991.36819696365,134229.6732811885,1,46030.55738897717,1169.2500013118938,1169.2500013118938,46030.55738897717
1632225600000,139541.8942264505,139541.8942264505,0,0.0,0.0,0.0,0.0
1632240000000,139541.8942264505,139541.8942264505,0,0.0,0.0,0.0,0.0
1632254400000,139541.8942264505,139541.8942264505,0,0.0,0.0,0.0,0.0
1632268800000,139541.8942264505,139541.8942264505,0,0.0,0.0,0.0,0.0
1632283200000,139541.8942264505,139541.8942264505,0,0.0,0.0,0.0,0.0
1632297600000,139541.8942264505,139541.8942264505,0,0.0,0.0,0.0,0.0
1632312000000,139541.8942264505,139541.8942264505,0,0.0,0.0,0.0,0.0
1632326400000,139541.8942264505,139541.8942264505,0,0.0,0.0,0.0,0.0
1632340800000,139541.8942264505,139541.8942264505,0,0.0,0.0,0.0,0.0
1632355200000,139541.8942264505,139541.8942264505,0,0.0,0.0,0.0,0.0
1632369600000,139541.8942264505,139541.8942264505,0,0.0,0.0,0.0,0.0
1632384000000,139541.8942264505,139541.8942264505,0,0.0,0.0,0.0,0.0
1632398400000,139541.8942264505,139541.8942264505,0,0.0,0.0,0.0,0.0
1632412800000,139541.8942264505,139541.8942264505,0,0.0,0.0,0.0,0.0
1632427200000,139541.8942264505,139541.8942264505,0,0.0,0.0,0.0,0.0
1632441600000,139541.8942264505,139541.8942264505,0,0.0,0.0,0.0,0.0
1632456000000,139541.8942264505,139541.8942264505,0,0.0,0.0,0.0,0.0
1632470400000,139541.8942264505,139541.8942264505,0,0.0,0.0,0.0,0.0
1632484800000,139541.8942264505,139541.8942264505,0,0.0,0.0,0.0,0.0
1632499200000,139541.8942264505,139541.8942264505,0,0.0,0.0,0.0,0.0
1632513600000,139541.8942264505,139541.8942264505,0,0.0,0.0,0.0,0.0
1632528000000,139541.8942264505,139541.8942264505,0,0.0,0.0,0.0,0.0
1632542400000,139541.8942264505,139541.8942264505,0,0.0,0.0,0.0,0.0
1632556800000,139541.8942264505,139541.8942264505,0,0.0,0.0,0.0,0.0
1632571200000,139541.8942264505,139541.8942264505,0,0.0,0.0,0.0,0.0
1632585600000,139541.8942264505,139541.8942264505,0,0.0,0.0,0.0,0.0
1632600000000,139541.8942264505,139541.8942264505,0,0.0,0.0,0.0,0.0
1632614400000,139541.8942264505,139541.8942264505,0,0.0,0.0,0.0,0.0
1632628800000,139541.8942264505,139541.8942264505,0,0.0,0.0,0.0,0.0
1632643200000,139541.8942264505,139541.8942264505,0,0.0,0.0,0.0,0.0
1632657600000,139541.8942264505,139541.8942264505,0,0.0,0.0,0.0,0.0
1632672000000,139541.8942264505,139541.8942264505,0,0.0,0.0,0.0,0.0
1632686400000,139541.8942264505,139541.8942264505,0,0.0,0.0,0.0,0.0
1632700800000,139541.8942264505,139541.8942264505,0,0.0,0.0,0.0,0.0
1632715200000,139541.8942264505,139541.8942264505,0,0.0,0.0,0.0,0.0
1632729600000,139541.8942264505,139541.8942264505,0,0.0,0.0,0.0,0.0
1632744000000,139541.8942264505,139541.8942264505,0,0.0,0.0,0.0,0.0
1632758400000,139541.8942264505,139541.8942264505,0,0.0,0.0,0.0,0.0
1632772800000,139541.8942264505,139541.8942264505,0,0.0,0.0,0.0,0.0
1632787200000,139541.8942264505,139541.8942264505,0,0.0,0.0,0.0,0.0
1632801600000,139541.8942264505,139541.8942264505,0,0.0,0.0,0.0,0.0
1632816000000,139541.8942264505,139541.8942264505,0,0.0,0.0,0.0,0.0
1632830400000,139541.8942264505,139541.8942264505,0,0.0,0.0,0.0,0.0
1632844800000,139541.8942264505,139541.8942264505,0,0.0,0.0,0.0,0.0
1632859200000,139541.8942264505,139541.8942264505,0,0.0,0.0,0.0,0.0
1632873600000,139541.8942264505,139541.8942264505,0,0.0,0.0,0.0,0.0
1632888000000,137102.42115080802,139495.57813038348,1,95025.3491136081,2790.83788452901,2790.83788452901,95025.3491136081
1632902400000,136609.29336007842,136609.29336007842,0,0.0,0.0,0.0,0.0
1632916800000,136609.29336007842,136609.29336007842,0,0.0,0.0,0.0,0.0
1632931200000,136609.29336007842,136609.29336007842,0,0.0,0.0,0.0,0.0
1632945600000,136609.29336007842,136609.29336007842,0,0.0,0.0,0.0,0.0
1632960000000,136609.29336007842,136609.29336007842,0,0.0,0.0,0.0,0.0
1632974400000,136609.29336007842,136609.29336007842,0,0.0,0.0,0.0,0.0
1632988800000,136609.29336007842,136609.29336007842,0,0.0,0.0,0.0,0.0
1633003200000,136609.29336007842,136609.29336007842,0,0.0,0.0,0.0,0.0
1633017600000,136609.29336007842,136609.29336007842,0,0.0,0.0,0.0,0.0
1633032000000,136609.29336007842,136609.29336007842,0,0.0,0.0,0.0,0.0
1633046400000,136609.29336007842,136609.29336007842,0,0.0,0.0,0.0,0.0
1633060800000,136609.29336007842,136609.29336007842,0,0.0,0.0,0.0,0.0
1633075200000,136609.29336007842,136609.29336007842,0,0.0,0.0,0.0,0.0
1633089600000,136609.29336007842,136609.29336007842,0,0.0,0.0,0.0,0.0
1633104000000,136609.29336007842,136609.29336007842,0,0.0,0.0,0.0,0.0
1633118400000,136609.29336007842,136609.29336007842,0,0.0,0.0,0.0,0.0
1633132800000,136609.29336007842,136609.29336007842,0,0.0,0.0,0.0,0.0
1633147200000,136609.29336007842,136609.29336007842,0,0.0,0.0,0.0,0.0
1633161600000,136609.29336007842,136609.29336007842,0,0.0,0.0,0.0,0.0
1633176000000,136741.08588763681,136586.29151641502,1,46158.48169800095,2732.1858672015683,0.0,0.0
1633190400000,140009.07646137718,136586.29151641502,1,49426.47227174132,2732.1858672015683,0.0,0.0
1633204800000,141279.07788214245,136581.34737788292,1,50701.417831038685,2732.1858672015683,0.0,0.0
1633219200000,139559.52551156146,136581.34737788292,1,48981.86546045769,2732.1858672015683,0.0,0.0
1633233600000,140057.23849594034,136576.44874846237,1,49484.47707425713,2732.1858672015683,0.0,0.0
1633248000000,140359.73354106024,136576.44874846237,1,49786.97211937704,2732.1858672015683,0.0,0.0
1633262400000,140134.91584409977,136571.46925303678,1,49567.13391784215,2732.1858672015683,0.0,0.0
1633276800000,140633.17709771052,136571.46925303678,1,50065.395171452896,2732.1858672015683,0.0,0.0
1633291200000,141500.56275902866,136566.46268451723,1,50937.78740129058,2732.1858672015683,0.0,0.0
1633305600000,140749.98061447416,136566.46268451723,1,50187.20525673608,2732.1858672015683,0.0,0.0
1633320000000,139068.9136224808,136561.444461218,1,48511.15648804194,2732.1858672015683,0.0,0.0
1633334400000,139776.28218916102,136561.444461218,1,49218.525054722166,2732.1858672015683,0.0,0.0
1633348800000,138683.1886695556,136556.52103680905,1,48130.35495952569,2732.1858672015683,0.0,0.0
1633363200000,138834.29118010926,136556.52103680905,1,48281.45747007935,2732.1858672015683,0.0,0.0
1633377600000,139655.16064599657,136551.6921388839,1,49107.15583389182,2732.1858672015683,0.0,0.0
1633392000000,139052.78077186993,136551.6921388839,1,48504.775959765204,2732.1858672015683,0.0,0.0
1633406400000,138999.43886260904,138999.43886260904,0,0.0,0.0,0.0,0.0
1633420800000,138999.43886260904,138999.43886260904,0,0.0,0.0,0.0,0.0
1633435200000,138999.43886260904,138999.43886260904,0,0.0,0.0,0.0,0.0
1633449600000,138999.43886260904,138999.43886260904,0,0.0,0.0,0.0,0.0
1633464000000,138999.43886260904,138999.43886260904,0,0.0,0.0,0.0,0.0
1633478400000,138999.43886260904,138999.43886260904,0,0.0,0.0,0.0,0.0
1633492800000,138999.43886260904,138999.43886260904,0,0.0,0.0,0.0,0.0
1633507200000,138999.43886260904,138999.43886260904,0,0.0,0.0,0.0,0.0
1633521600000,138999.43886260904,138999.43886260904,0,0.0,0.0,0.0,0.0
1633536000000,137545.56324312874,137545.56324312874,0,0.0,0.0,0.0,0.0
1633550400000,137545.56324312874,137545.56324312874,0,0.0,0.0,0.0,0.0
1633564800000,137545.56324312874,137545.56324312874,0,0.0,0.0,0.0,0.0
1633579200000,137545.56324312874,137545.56324312874,0,0.0,0.0,0.0,0.0
1633593600000,137545.56324312874,137545.56324312874,0,0.0,0.0,0.0,0.0
1633608000000,137545.56324312874,137545.56324312874,0,0.0,0.0,0.0,0.0
1633622400000,137545.56324312874,137545.56324312874,0,0.0,0.0,0.0,0.0
1633636800000,137545.56324312874,137545.56324312874,0,0.0,0.0,0.0,0.0
1633651200000,137545.56324312874,137545.56324312874,0,0.0,0.0,0.0,0.0
1633665600000,137545.56324312874,137545.56324312874,0,0.0,0.0,0.0,0.0
1633680000000,137545.56324312874,137545.56324312874,0,0.0,0.0,0.0,0.0
1633694400000,137545.56324312874,137545.56324312874,0,0.0,0.0,0.0,0.0
1633708800000,137545.56324312874,137545.56324312874,0,0.0,0.0,0.0,0.0
1633723200000,137545.56324312874,137545.56324312874,0,0.0,0.0,0.0,0.0
1633737600000,137545.56324312874,137545.56324312874,0,0.0,0.0,0.0,0.0
1633752000000,137545.56324312874,137545.56324312874,0,0.0,0.0,0.0,0.0
1633766400000,137545.56324312874,137545.56324312874,0,0.0,0.0,0.0,0.0
1633780800000,137545.56324312874,137545.56324312874,0,0.0,0.0,0.0,0.0
1633795200000,137545.56324312874,137545.56324312874,0,0.0,0.0,0.0,0.0
1633809600000,137545.56324312874,137545.56324312874,0,0.0,0.0,0.0,0.0
1633824000000,137545.56324312874,137545.56324312874,0,0.0,0.0,0.0,0.0
1633838400000,137545.56324312874,137545.56324312874,0,0.0,0.0,0.0,0.0
1633852800000,137545.56324312874,137545.56324312874,0,0.0,0.0,0.0,0.0
1633867200000,137545.56324312874,137545.56324312874,0,0.0,0.0,0.0,0.0
1633881600000,137545.56324312874,137545.56324312874,0,0.0,0.0,0.0,0.0
1633896000000,137545.56324312874,137545.56324312874,0,0.0,0.0,0.0,0.0
1633910400000,137545.56324312874,137545.56324312874,0,0.0,0.0,0.0,0.0
1633924800000,133735.52270941137,136049.30862873766,2,106940.81882781928,2750.507978931434,2750.507978931434,106940.81882781928
1633939200000,133191.3962645336,133191.3962645336,0,0.0,0.0,0.0,0.0
1633953600000,133191.3962645336,133191.3962645336,0,0.0,0.0,0.0,0.0
1633968000000,133191.3962645336,133191.3962645336,0,0.0,0.0,0.0,0.0
1633982400000,133109.74789765567,133149.16681858525,1,84419.47297577556,2663.827925290672,0.0,0.0
1633996800000,131809.76010296238,133077.97946509335,4,228017.43092139025,6655.765207714601,3991.937282423929,143600.73268530023
1634011200000,134497.958369296,133083.898048165,4,223113.15731533902,6655.765207714601,3991.937282423929,139807.45604064362
1634025600000,135017.62137006727,133083.898048165,4,224331.86138698022,6655.765207714601,3991.937282423929,140156.97657607857
1634040000000,136177.46468857286,134399.0821475499,4,202419.29636507656,5990.709997393033,3326.882072102361,118354.97538788838
1634054400000,131749.58473060417,132948.74208835067,4,202731.26570159092,5990.709997393033,3326.882072102361,119999.73000553029
1634068800000,130383.25827637671,128837.62846466283,2,82181.88651011465,1995.7845931258043,1995.7845931258043,82181.88651011465
1634083200000,130362.59083551081,128837.62846466283,2,82202.55395098055,1995.7845931258043,1995.7845931258043,82202.55395098055
1634097600000,129560.40936216521,128947.9776209889,1,61268.306445296104,1330.7293828042361,1330.7293828042361,61268.306445296104
1634112000000,130907.50212494445,128947.9776209889,1,59921.213682516856,1330.7293828042361,1330.7293828042361,59921.213682516856
1634126400000,129810.54478624924,128953.9704334818,1,61024.16383370497,1330.7293828042361,1330.7293828042361,61024.16383370497
1634140800000,130051.81513182164,128953.9704334818,1,60782.89348813258,1330.7293828042361,1330.7293828042361,60782.89348813258
1634155200000,128377.34761974205,128377.34761974205,0,0.0,0.0,0.0,0.0
1634169600000,128377.34761974205,128377.34761974205,0,0.0,0.0,0.0,0.0
1634184000000,128377.34761974205,128377.34761974205,0,0.0,0.0,0.0,0.0
1634198400000,128377.34761974205,128377.34761974205,0,0.0,0.0,0.0,0.0
1634212800000,128377.34761974205,128377.34761974205,0,0.0,0.0,0.0,0.0
1634227200000,128377.34761974205,128377.34761974205,0,0.0,0.0,0.0,0.0
1634241600000,128377.34761974205,128377.34761974205,0,0.0,0.0,0.0,0.0
1634256000000,128377.34761974205,128377.34761974205,0,0.0,0.0,0.0,0.0
1634270400000,128377.34761974205,128377.34761974205,0,0.0,0.0,0.0,0.0
1634284800000,128377.34761974205,128377.34761974205,0,0.0,0.0,0.0,0.0
1634299200000,128377.34761974205,128377.34761974205,0,0.0,0.0,0.0,0.0
1634313600000,128377.34761974205,128377.34761974205,0,0.0,0.0,0.0,0.0
1634328000000,128377.34761974205,128377.34761974205,0,0.0,0.0,0.0,0.0
1634342400000,128377.34761974205,128377.34761974205,0,0.0,0.0,0.0,0.0
1634356800000,128377.34761974205,128377.34761974205,0,0.0,0.0,0.0,0.0
1634371200000,128377.34761974205,128377.34761974205,0,0.0,0.0,0.0,0.0
1634385600000,128377.34761974205,128377.34761974205,0,0.0,0.0,0.0,0.0
1634400000000,128377.34761974205,128377.34761974205,0,0.0,0.0,0.0,0.0
1634414400000,128377.34761974205,128377.34761974205,0,0.0,0.0,0.0,0.0
1634428800000,128377.34761974205,128377.34761974205,0,0.0,0.0,0.0,0.0
1634443200000,128377.34761974205,128377.34761974205,0,0.0,0.0,0.0,0.0
1634457600000,128377.34761974205,128377.34761974205,0,0.0,0.0,0.0,0.0
1634472000000,128377.34761974205,128377.34761974205,0,0.0,0.0,0.0,0.0
1634486400000,128377.34761974205,128377.34761974205,0,0.0,0.0,0.0,0.0
1634500800000,128377.34761974205,128377.34761974205,0,0.0,0.0,0.0,0.0
1634515200000,128377.34761974205,128377.34761974205,0,0.0,0.0,0.0,0.0
1634529600000,128377.34761974205,128377.34761974205,0,0.0,0.0,0.0,0.0
1634544000000,128377.34761974205,128377.34761974205,0,0.0,0.0,0.0,0.0
1634558400000,128377.34761974205,128377.34761974205,0,0.0,0.0,0.0,0.0
1634572800000,128377.34761974205,128377.34761974205,0,0.0,0.0,0.0,0.0
1634587200000,128377.34761974205,128377.34761974205,0,0.0,0.0,0.0,0.0
1634601600000,128377.34761974205,128377.34761974205,0,0.0,0.0,0.0,0.0
1634616000000,128377.34761974205,128377.34761974205,0,0.0,0.0,0.0,0.0
1634630400000,128377.34761974205,128377.34761974205,0,0.0,0.0,0.0,0.0
1634644800000,128377.34761974205,128377.34761974205,0,0.0,0.0,0.0,0.0
1634659200000,128377.34761974205,128377.34761974205,0,0.0,0.0,0.0,0.0
1634673600000,128377.34761974205,128377.34761974205,0,0.0,0.0,0.0,0.0
1634688000000,128377.34761974205,128377.34761974205,0,0.0,0.0,0.0,0.0
1634702400000,128377.34761974205,128377.34761974205,0,0.0,0.0,0.0,0.0
1634716800000,128377.34761974205,128377.34761974205,0,0.0,0.0,0.0,0.0
1634731200000,128377.34761974205,128377.34761974205,0,0.0,0.0,0.0,0.0
1634745600000,128377.34761974205,128377.34761974205,0,0.0,0.0,0.0,0.0
1634760000000,128377.34761974205,128377.34761974205,0,0.0,0.0,0.0,0.0
1634774400000,128377.34761974205,128377.34761974205,0,0.0,0.0,0.0,0.0
1634788800000,128377.34761974205,128377.34761974205,0,0.0,0.0,0.0,0.0
1634803200000,128377.34761974205,128377.34761974205,0,0.0,0.0,0.0,0.0
1634817600000,128377.34761974205,128377.34761974205,0,0.0,0.0,0.0,0.0
1634832000000,128377.34761974205,128377.34761974205,0,0.0,0.0,0.0,0.0
1634846400000,128377.34761974205,128377.34761974205,0,0.0,0.0,0.0,0.0
1634860800000,128377.34761974205,128377.34761974205,0,0.0,0.0,0.0,0.0
1634875200000,128377.34761974205,128377.34761974205,0,0.0,0.0,0.0,0.0
1634889600000,128377.34761974205,128377.34761974205,0,0.0,0.0,0.0,0.0
1634904000000,128377.34761974205,128377.34761974205,0,0.0,0.0,0.0,0.0
1634918400000,128377.34761974205,128377.34761974205,0,0.0,0.0,0.0,0.0
1634932800000,128377.34761974205,128377.34761974205,0,0.0,0.0,0.0,0.0
1634947200000,128377.34761974205,128377.34761974205,0,0.0,0.0,0.0,0.0
1634961600000,128377.34761974205,128377.34761974205,0,0.0,0.0,0.0,0.0
1634976000000,128377.34761974205,128377.34761974205,0,0.0,0.0,0.0,0.0
1634990400000,128377.34761974205,128377.34761974205,0,0.0,0.0,0.0,0.0
1635004800000,128377.34761974205,128377.34761974205,0,0.0,0.0,0.0,0.0
1635019200000,128377.34761974205,128377.34761974205,0,0.0,0.0,0.0,0.0
1635033600000,128377.34761974205,128377.34761974205,0,0.0,0.0,0.0,0.0
1635048000000,128377.34761974205,128377.34761974205,0,0.0,0.0,0.0,0.0
1635062400000,128377.34761974205,128377.34761974205,0,0.0,0.0,0.0,0.0
1635076800000,128377.34761974205,128377.34761974205,0,0.0,0.0,0.0,0.0
1635091200000,128377.34761974205,128377.34761974205,0,0.0,0.0,0.0,0.0
1635105600000,128377.34761974205,128377.34761974205,0,0.0,0.0,0.0,0.0
1635120000000,128377.34761974205,128377.34761974205,0,0.0,0.0,0.0,0.0
1635134400000,128377.34761974205,128377.34761974205,0,0.0,0.0,0.0,0.0
1635148800000,128377.34761974205,128377.34761974205,0,0.0,0.0,0.0,0.0
1635163200000,128377.34761974205,128377.34761974205,0,0.0,0.0,0.0,0.0
1635177600000,128377.34761974205,128377.34761974205,0,0.0,0.0,0.0,0.0
1635192000000,128377.34761974205,128377.34761974205,0,0.0,0.0,0.0,0.0
1635206400000,128377.34761974205,128377.34761974205,0,0.0,0.0,0.0,0.0
1635220800000,128377.34761974205,128377.34761974205,0,0.0,0.0,0.0,0.0
1635235200000,128377.34761974205,128377.34761974205,0,0.0,0.0,0.0,0.0
1635249600000,128377.34761974205,128377.34761974205,0,0.0,0.0,0.0,0.0
1635264000000,128377.34761974205,128377.34761974205,0,0.0,0.0,0.0,0.0
1635278400000,128377.34761974205,128377.34761974205,0,0.0,0.0,0.0,0.0
1635292800000,128377.34761974205,128377.34761974205,0,0.0,0.0,0.0,0.0
1635307200000,128377.34761974205,128377.34761974205,0,0.0,0.0,0.0,0.0
1635321600000,128377.34761974205,128377.34761974205,0,0.0,0.0,0.0,0.0
1635336000000,128377.34761974205,128377.34761974205,0,0.0,0.0,0.0,0.0
1635350400000,128580.76364338434,128355.31377287475,1,43842.24386409405,1283.7734761974205,1283.7734761974205,43842.24386409405
1635364800000,129104.66492905185,128359.69907317207,1,43322.727878723876,1283.7734761974205,1283.7734761974205,43322.727878723876
1635379200000,129778.0289959265,128359.69907317207,1,42649.363811849216,1283.7734761974205,1283.7734761974205,42649.363811849216
1635393600000,129309.59715800155,128363.95989146376,1,43122.056468065864,1283.7734761974205,1283.7734761974205,43122.056468065864
1635408000000,129117.84447670612,128363.95989146376,1,43313.809149361296,1283.7734761974205,1283.7734761974205,43313.809149361296
1635422400000,127345.67427117865,127345.67427117865,0,0.0,0.0,0.0,0.0
1635436800000,127345.67427117865,127345.67427117865,0,0.0,0.0,0.0,0.0
1635451200000,127345.67427117865,127345.67427117865,0,0.0,0.0,0.0,0.0
1635465600000,127345.67427117865,127345.67427117865,0,0.0,0.0,0.0,0.0
1635480000000,127345.67427117865,127345.67427117865,0,0.0,0.0,0.0,0.0
1635494400000,127345.67427117865,127345.67427117865,0,0.0,0.0,0.0,0.0
1635508800000,127345.67427117865,127345.67427117865,0,0.0,0.0,0.0,0.0
1635523200000,127345.67427117865,127345.67427117865,0,0.0,0.0,0.0,0.0
1635537600000,127345.67427117865,127345.67427117865,0,0.0,0.0,0.0,0.0
1635552000000,127345.67427117865,127345.67427117865,0,0.0,0.0,0.0,0.0
1635566400000,127345.67427117865,127345.67427117865,0,0.0,0.0,0.0,0.0
1635580800000,127345.67427117865,127345.67427117865,0,0.0,0.0,0.0,0.0
1635595200000,127345.67427117865,127345.67427117865,0,0.0,0.0,0.0,0.0
1635609600000,127345.67427117865,127345.67427117865,0,0.0,0.0,0.0,0.0
1635624000000,127345.67427117865,127345.67427117865,0,0.0,0.0,0.0,0.0
1635638400000,127345.67427117865,127345.67427117865,0,0.0,0.0,0.0,0.0
1635652800000,127345.67427117865,127345.67427117865,0,0.0,0.0,0.0,0.0
1635667200000,127345.67427117865,127345.67427117865,0,0.0,0.0,0.0,0.0
1635681600000,127345.67427117865,127345.67427117865,0,0.0,0.0,0.0,0.0
1635696000000,127345.67427117865,127345.67427117865,0,0.0,0.0,0.0,0.0
1635710400000,127345.67427117865,127345.67427117865,0,0.0,0.0,0.0,0.0
1635724800000,127345.67427117865,127345.67427117865,0,0.0,0.0,0.0,0.0
1635739200000,127345.67427117865,127345.67427117865,0,0.0,0.0,0.0,0.0
1635753600000,127345.67427117865,127345.67427117865,0,0.0,0.0,0.0,0.0
1635768000000,127345.67427117865,127345.67427117865,0,0.0,0.0,0.0,0.0
1635782400000,127345.67427117865,127345.67427117865,0,0.0,0.0,0.0,0.0
1635796800000,127345.67427117865,127345.67427117865,0,0.0,0.0,0.0,0.0
1635811200000,127345.67427117865,127345.67427117865,0,0.0,0.0,0.0,0.0
1635825600000,127345.67427117865,127345.67427117865,0,0.0,0.0,0.0,0.0
1635840000000,127345.67427117865,127345.67427117865,0,0.0,0.0,0.0,0.0
1635854400000,127345.67427117865,127345.67427117865,0,0.0,0.0,0.0,0.0
1635868800000,127345.67427117865,127345.67427117865,0,0.0,0.0,0.0,0.0
1635883200000,127345.67427117865,127345.67427117865,0,0.0,0.0,0.0,0.0
1635897600000,127345.67427117865,127345.67427117865,0,0.0,0.0,0.0,0.0
1635912000000,127345.67427117865,127345.67427117865,0,0.0,0.0,0.0,0.0
1635926400000,127345.67427117865,127345.67427117865,0,0.0,0.0,0.0,0.0
1635940800000,127345.67427117865,127345.67427117865,0,0.0,0.0,0.0,0.0
1635955200000,127345.67427117865,127345.67427117865,0,0.0,0.0,0.0,0.0
1635969600000,127345.67427117865,127345.67427117865,0,0.0,0.0,0.0,0.0
1635984000000,127345.67427117865,127345.67427117865,0,0.0,0.0,0.0,0.0
1635998400000,127345.67427117865,127345.67427117865,0,0.0,0.0,0.0,0.0
1636012800000,127345.67427117865,127345.67427117865,0,0.0,0.0,0.0,0.0
1636027200000,127345.67427117865,127345.67427117865,0,0.0,0.0,0.0,0.0
1636041600000,127345.67427117865,127345.67427117865,0,0.0,0.0,0.0,0.0
1636056000000,127345.67427117865,127345.67427117865,0,0.0,0.0,0.0,0.0
1636070400000,127345.67427117865,127345.67427117865,0,0.0,0.0,0.0,0.0
1636084800000,127345.67427117865,127345.67427117865,0,0.0,0.0,0.0,0.0
1636099200000,127345.67427117865,127345.67427117865,0,0.0,0.0,0.0,0.0
1636113600000,127345.67427117865,127345.67427117865,0,0.0,0.0,0.0,0.0
1636128000000,127345.67427117865,127345.67427117865,0,0.0,0.0,0.0,0.0
1636142400000,127345.67427117865,127345.67427117865,0,0.0,0.0,0.0,0.0
1636156800000,127345.67427117865,127345.67427117865,0,0.0,0.0,0.0,0.0
1636171200000,127345.67427117865,127345.67427117865,0,0.0,0.0,0.0,0.0
1636185600000,127345.67427117865,127345.67427117865,0,0.0,0.0,0.0,0.0
1636200000000,127345.67427117865,127345.67427117865,0,0.0,0.0,0.0,0.0
1636214400000,127345.67427117865,127345.67427117865,0,0.0,0.0,0.0,0.0
1636228800000,127345.67427117865,127345.67427117865,0,0.0,0.0,0.0,0.0
1636243200000,127345.67427117865,127345.67427117865,0,0.0,0.0,0.0,0.0
1636257600000,127345.67427117865,127345.67427117865,0,0.0,0.0,0.0,0.0
1636272000000,127345.67427117865,127345.67427117865,0,0.0,0.0,0.0,0.0
1636286400000,127345.67427117865,127345.67427117865,0,0.0,0.0,0.0,0.0
1636300800000,127345.67427117865,127345.67427117865,0,0.0,0.0,0.0,0.0
1636315200000,127345.67427117865,127345.67427117865,0,0.0,0.0,0.0,0.0
1636329600000,127345.67427117865,127345.67427117865,0,0.0,0.0,0.0,0.0
1636344000000,127345.67427117865,127345.67427117865,0,0.0,0.0,0.0,0.0
1636358400000,127345.67427117865,127345.67427117865,0,0.0,0.0,0.0,0.0
1636372800000,127345.67427117865,127345.67427117865,0,0.0,0.0,0.0,0.0
1636387200000,127983.75146497977,127291.9830833035,1,108074.14413198829,2546.913485423573,0.0,0.0
1636401600000,126649.63391961371,127213.51015778925,2,214050.2442399267,5106.086839397769,0.0,0.0
1636416000000,130800.49193912651,127213.51015778925,2,218201.10225943947,5106.086839397769,0.0,0.0
1636430400000,132415.5959477268,127160.41059079947,2,219869.30583502958,5106.086839397769,0.0,0.0
1636444800000,130550.11222306517,127160.41059079947,2,218003.82211036794,5106.086839397769,0.0,0.0
1636459200000,129947.44000106223,127106.57451123229,2,217454.98596793215,5106.086839397769,0.0,0.0
1636473600000,129011.81924714832,127106.57451123229,2,216519.36521401827,5106.086839397769,0.0,0.0
1636488000000,128041.2258821315,127022.54525195884,2,215632.8011082749,5106.086839397769,0.0,0.0
1636502400000,127848.26939864077,127022.54525195884,2,215439.84462478413,5106.086839397769,0.0,0.0
1636516800000,126187.71549067475,126959.24256048564,2,213842.59340829134,5106.086839397769,0.0,0.0
1636531200000,125962.94316619044,125918.60290251131,1,107276.08499146934,2559.1733539741954,0.0,0.0
1636545600000,126058.9788073092,125845.42773941693,1,107445.29579568248,2559.1733539741954,0.0,0.0
1636560000000,128945.83772033261,125845.42773941693,1,110332.15470870589,2559.1733539741954,0.0,0.0
1636574400000,126206.46158091107,125781.95351611699,1,107656.25279258427,2559.1733539741954,0.0,0.0
1636588800000,123118.13375891183,123118.13375891183,0,0.0,0.0,0.0,0.0
1636603200000,123118.13375891183,123118.13375891183,0,0.0,0.0,0.0,0.0
1636617600000,123118.13375891183,123118.13375891183,0,0.0,0.0,0.0,0.0
1636632000000,123118.13375891183,123118.13375891183,0,0.0,0.0,0.0,0.0
1636646400000,123118.13375891183,123118.13375891183,0,0.0,0.0,0.0,0.0
1636660800000,123118.13375891183,123118.13375891183,0,0.0,0.0,0.0,0.0
1636675200000,123118.13375891183,123118.13375891183,0,0.0,0.0,0.0,0.0
1636689600000,123118.13375891183,123118.13375891183,0,0.0,0.0,0.0,0.0
1636704000000,123118.13375891183,123118.13375891183,0,0.0,0.0,0.0,0.0
1636718400000,123118.13375891183,123118.13375891183,0,0.0,0.0,0.0,0.0
1636732800000,123118.13375891183,123118.13375891183,0,0.0,0.0,0.0,0.0
1636747200000,123118.13375891183,123118.13375891183,0,0.0,0.0,0.0,0.0
1636761600000,123118.13375891183,123118.13375891183,0,0.0,0.0,0.0,0.0
1636776000000,123118.13375891183,123118.13375891183,0,0.0,0.0,0.0,0.0
1636790400000,123118.13375891183,123118.13375891183,0,0.0,0.0,0.0,0.0
1636804800000,123118.13375891183,123118.13375891183,0,0.0,0.0,0.0,0.0
1636819200000,123118.13375891183,123118.13375891183,0,0.0,0.0,0.0,0.0
1636833600000,123118.13375891183,123118.13375891183,0,0.0,0.0,0.0,0.0
1636848000000,123118.13375891183,123118.13375891183,0,0.0,0.0,0.0,0.0
1636862400000,123118.13375891183,123118.13375891183,0,0.0,0.0,0.0,0.0
1636876800000,123118.13375891183,123118.13375891183,0,0.0,0.0,0.0,0.0
1636891200000,123118.13375891183,123118.13375891183,0,0.0,0.0,0.0,0.0
1636905600000,123118.13375891183,123118.13375891183,0,0.0,0.0,0.0,0.0
1636920000000,123118.13375891183,123118.13375891183,0,0.0,0.0,0.0,0.0
1636934400000,123118.13375891183,123118.13375891183,0,0.0,0.0,0.0,0.0
1636948800000,123118.13375891183,123118.13375891183,0,0.0,0.0,0.0,0.0
1636963200000,123118.13375891183,123118.13375891183,0,0.0,0.0,0.0,0.0
1636977600000,123118.13375891183,123118.13375891183,0,0.0,0.0,0.0,0.0
1636992000000,120498.12471888983,120498.12471888983,0,0.0,0.0,0.0,0.0
1637006400000,120498.12471888983,120498.12471888983,0,0.0,0.0,0.0,0.0
1637020800000,120498.12471888983,120498.12471888983,0,0.0,0.0,0.0,0.0
1637035200000,120498.12471888983,120498.12471888983,0,0.0,0.0,0.0,0.0
1637049600000,119480.67977475871,120445.73159957472,1,105751.29045504211,2409.9624943777967,2409.9624943777967,105751.29045504211
1637064000000,123615.77596228459,122816.27051149384,1,51593.61386432231,1204.9812471888984,1204.9812471888984,51593.61386432231
1637078400000,123566.88833500636,123566.88833500636,0,0.0,0.0,0.0,0.0
1637092800000,123566.88833500636,123566.88833500636,0,0.0,0.0,0.0,0.0
1637107200000,123566.88833500636,123566.88833500636,0,0.0,0.0,0.0,0.0
1637121600000,123566.88833500636,123566.88833500636,0,0.0,0.0,0.0,0.0
1637136000000,123566.88833500636,123566.88833500636,0,0.0,0.0,0.0,0.0
1637150400000,123566.88833500636,123566.88833500636,0,0.0,0.0,0.0,0.0
1637164800000,123566.88833500636,123566.88833500636,0,0.0,0.0,0.0,0.0
1637179200000,123566.88833500636,123566.88833500636,0,0.0,0.0,0.0,0.0
1637193600000,123566.88833500636,123566.88833500636,0,0.0,0.0,0.0,0.0
1637208000000,123566.88833500636,123566.88833500636,0,0.0,0.0,0.0,0.0
1637222400000,123566.88833500636,123566.88833500636,0,0.0,0.0,0.0,0.0
1637236800000,123566.88833500636,123566.88833500636,0,0.0,0.0,0.0,0.0
1637251200000,123566.88833500636,123566.88833500636,0,0.0,0.0,0.0,0.0
1637265600000,123566.88833500636,123566.88833500636,0,0.0,0.0,0.0,0.0
1637280000000,123566.88833500636,123566.88833500636,0,0.0,0.0,0.0,0.0
1637294400000,123566.88833500636,123566.88833500636,0,0.0,0.0,0.0,0.0
1637308800000,123566.88833500636,123566.88833500636,0,0.0,0.0,0.0,0.0
1637323200000,123566.88833500636,123566.88833500636,0,0.0,0.0,0.0,0.0
1637337600000,123566.88833500636,123566.88833500636,0,0.0,0.0,0.0,0.0
1637352000000,123566.88833500636,123566.88833500636,0,0.0,0.0,0.0,0.0
1637366400000,123566.88833500636,123566.88833500636,0,0.0,0.0,0.0,0.0
1637380800000,123566.88833500636,123566.88833500636,0,0.0,0.0,0.0,0.0
1637395200000,123566.88833500636,123566.88833500636,0,0.0,0.0,0.0,0.0
1637409600000,123566.88833500636,123566.88833500636,0,0.0,0.0,0.0,0.0
1637424000000,123566.88833500636,123566.88833500636,0,0.0,0.0,0.0,0.0
1637438400000,123566.88833500636,123566.88833500636,0,0.0,0.0,0.0,0.0
1637452800000,123566.88833500636,123566.88833500636,0,0.0,0.0,0.0,0.0
1637467200000,123566.88833500636,123566.88833500636,0,0.0,0.0,0.0,0.0
1637481600000,123566.88833500636,123566.88833500636,0,0.0,0.0,0.0,0.0
1637496000000,123566.88833500636,123566.88833500636,0,0.0,0.0,0.0,0.0
1637510400000,123566.88833500636,123566.88833500636,0,0.0,0.0,0.0,0.0
1637524800000,123566.88833500636,123566.88833500636,0,0.0,0.0,0.0,0.0
1637539200000,123566.88833500636,123566.88833500636,0,0.0,0.0,0.0,0.0
1637553600000,123566.88833500636,123566.88833500636,0,0.0,0.0,0.0,0.0
1637568000000,123566.88833500636,123566.88833500636,0,0.0,0.0,0.0,0.0
1637582400000,123566.88833500636,123566.88833500636,0,0.0,0.0,0.0,0.0
1637596800000,123566.88833500636,123566.88833500636,0,0.0,0.0,0.0,0.0
1637611200000,123566.88833500636,123566.88833500636,0,0.0,0.0,0.0,0.0
1637625600000,123566.88833500636,123566.88833500636,0,0.0,0.0,0.0,0.0
1637640000000,123566.88833500636,123566.88833500636,0,0.0,0.0,0.0,0.0
1637654400000,123566.88833500636,123566.88833500636,0,0.0,0.0,0.0,0.0
1637668800000,123566.88833500636,123566.88833500636,0,0.0,0.0,0.0,0.0
1637683200000,123566.88833500636,123566.88833500636,0,0.0,0.0,0.0,0.0
1637697600000,123566.88833500636,123566.88833500636,0,0.0,0.0,0.0,0.0
1637712000000,123566.88833500636,123566.88833500636,0,0.0,0.0,0.0,0.0
1637726400000,123566.88833500636,123566.88833500636,0,0.0,0.0,0.0,0.0
1637740800000,123566.88833500636,123566.88833500636,0,0.0,0.0,0.0,0.0
1637755200000,123566.88833500636,123566.88833500636,0,0.0,0.0,0.0,0.0
1637769600000,123566.88833500636,123566.88833500636,0,0.0,0.0,0.0,0.0
1637784000000,123566.88833500636,123566.88833500636,0,0.0,0.0,0.0,0.0
1637798400000,123566.88833500636,123566.88833500636,0,0.0,0.0,0.0,0.0
1637812800000,123566.88833500636,123566.88833500636,0,0.0,0.0,0.0,0.0
1637827200000,123566.88833500636,123566.88833500636,0,0.0,0.0,0.0,0.0
1637841600000,123566.88833500636,123566.88833500636,0,0.0,0.0,0.0,0.0
1637856000000,123566.88833500636,123566.88833500636,0,0.0,0.0,0.0,0.0
1637870400000,123566.88833500636,123566.88833500636,0,0.0,0.0,0.0,0.0
1637884800000,123566.88833500636,123566.88833500636,0,0.0,0.0,0.0,0.0
1637899200000,123566.88833500636,123566.88833500636,0,0.0,0.0,0.0,0.0
1637913600000,123566.88833500636,123566.88833500636,0,0.0,0.0,0.0,0.0
1637928000000,123566.88833500636,123566.88833500636,0,0.0,0.0,0.0,0.0
1637942400000,122506.20279072164,123529.46958405989,1,75860.76868628418,2471.3377667001273,2471.3377667001273,75860.76868628418
1637956800000,121888.62975075397,123537.05660299663,1,76485.92874518858,2471.3377667001273,2471.3377667001273,76485.92874518858
1637971200000,123098.8755058125,123537.05660299663,1,75275.68299013005,2471.3377667001273,2471.3377667001273,75275.68299013005
1637985600000,121936.2340636631,123544.58655315546,1,76445.8543824383,2471.3377667001273,2471.3377667001273,76445.8543824383
1638000000000,122481.24539706693,123544.58655315546,1,75900.84304903445,2471.3377667001273,2471.3377667001273,75900.84304903445
1638014400000,121003.50976639104,121003.50976639104,0,0.0,0.0,0.0,0.0
1638028800000,121003.50976639104,121003.50976639104,0,0.0,0.0,0.0,0.0
1638043200000,121003.50976639104,121003.50976639104,0,0.0,0.0,0.0,0.0
1638057600000,121003.50976639104,121003.50976639104,0,0.0,0.0,0.0,0.0
1638072000000,121003.50976639104,121003.50976639104,0,0.0,0.0,0.0,0.0
1638086400000,121003.50976639104,121003.50976639104,0,0.0,0.0,0.0,0.0
1638100800000,121003.50976639104,121003.50976639104,0,0.0,0.0,0.0,0.0
1638115200000,121003.50976639104,121003.50976639104,0,0.0,0.0,0.0,0.0
1638129600000,121003.50976639104,121003.50976639104,0,0.0,0.0,0.0,0.0
1638144000000,121003.50976639104,121003.50976639104,0,0.0,0.0,0.0,0.0
1638158400000,121003.50976639104,121003.50976639104,0,0.0,0.0,0.0,0.0
1638172800000,121003.50976639104,121003.50976639104,0,0.0,0.0,0.0,0.0
1638187200000,121003.50976639104,121003.50976639104,0,0.0,0.0,0.0,0.0
1638201600000,121003.50976639104,121003.50976639104,0,0.0,0.0,0.0,0.0
1638216000000,121003.50976639104,121003.50976639104,0,0.0,0.0,0.0,0.0
1638230400000,121003.50976639104,121003.50976639104,0,0.0,0.0,0.0,0.0
1638244800000,121003.50976639104,121003.50976639104,0,0.0,0.0,0.0,0.0
1638259200000,121003.50976639104,121003.50976639104,0,0.0,0.0,0.0,0.0
1638273600000,121003.50976639104,121003.50976639104,0,0.0,0.0,0.0,0.0
1638288000000,121003.50976639104,121003.50976639104,0,0.0,0.0,0.0,0.0
1638302400000,121003.50976639104,121003.50976639104,0,0.0,0.0,0.0,0.0
1638316800000,121003.50976639104,121003.50976639104,0,0.0,0.0,0.0,0.0
1638331200000,121003.50976639104,121003.50976639104,0,0.0,0.0,0.0,0.0
1638345600000,121003.50976639104,121003.50976639104,0,0.0,0.0,0.0,0.0
1638360000000,121003.50976639104,121003.50976639104,0,0.0,0.0,0.0,0.0
1638374400000,121003.50976639104,121003.50976639104,0,0.0,0.0,0.0,0.0
1638388800000,121003.50976639104,121003.50976639104,0,0.0,0.0,0.0,0.0
1638403200000,121003.50976639104,121003.50976639104,0,0.0,0.0,0.0,0.0
1638417600000,121003.50976639104,121003.50976639104,0,0.0,0.0,0.0,0.0
1638432000000,121003.50976639104,121003.50976639104,0,0.0,0.0,0.0,0.0
1638446400000,121003.50976639104,121003.50976639104,0,0.0,0.0,0.0,0.0
1638460800000,121003.50976639104,121003.50976639104,0,0.0,0.0,0.0,0.0
1638475200000,121003.50976639104,121003.50976639104,0,0.0,0.0,0.0,0.0
1638489600000,121003.50976639104,121003.50976639104,0,0.0,0.0,0.0,0.0
1638504000000,121003.50976639104,121003.50976639104,0,0.0,0.0,0.0,0.0
1638518400000,120005.95526977962,120945.82961183584,1,116300.18345244775,2420.070195327821,2420.070195327821,116300.18345244775
1638532800000,119353.88070976194,120957.45963018108,1,116963.88803081066,2420.070195327821,2420.070195327821,116963.88803081066
1638547200000,118419.57961045273,118419.57961045273,0,0.0,0.0,0.0,0.0
1638561600000,118419.57961045273,118419.57961045273,0,0.0,0.0,0.0,0.0
1638576000000,118419.57961045273,118419.57961045273,0,0.0,0.0,0.0,0.0
1638590400000,118419.57961045273,118419.57961045273,0,0.0,0.0,0.0,0.0
1638604800000,118419.57961045273,118419.57961045273,0,0.0,0.0,0.0,0.0
1638619200000,118419.57961045273,118419.57961045273,0,0.0,0.0,0.0,0.0
1638633600000,118419.57961045273,118419.57961045273,0,0.0,0.0,0.0,0.0
1638648000000,118419.57961045273,118419.57961045273,0,0.0,0.0,0.0,0.0
1638662400000,118419.57961045273,118419.57961045273,0,0.0,0.0,0.0,0.0
1638676800000,118419.57961045273,118419.57961045273,0,0.0,0.0,0.0,0.0
1638691200000,118419.57961045273,118419.57961045273,0,0.0,0.0,0.0,0.0
1638705600000,118419.57961045273,118419.57961045273,0,0.0,0.0,0.0,0.0
1638720000000,118419.57961045273,118419.57961045273,0,0.0,0.0,0.0,0.0
1638734400000,118419.57961045273,118419.57961045273,0,0.0,0.0,0.0,0.0
1638748800000,118419.57961045273,118419.57961045273,0,0.0,0.0,0.0,0.0
1638763200000,118419.57961045273,118419.57961045273,0,0.0,0.0,0.0,0.0
1638777600000,118419.57961045273,118419.57961045273,0,0.0,0.0,0.0,0.0
1638792000000,118419.57961045273,118419.57961045273,0,0.0,0.0,0.0,0.0
1638806400000,118419.57961045273,118419.57961045273,0,0.0,0.0,0.0,0.0
1638820800000,118419.57961045273,118419.57961045273,0,0.0,0.0,0.0,0.0
1638835200000,118419.57961045273,118419.57961045273,0,0.0,0.0,0.0,0.0
1638849600000,118419.57961045273,118419.57961045273,0,0.0,0.0,0.0,0.0
1638864000000,118419.57961045273,118419.57961045273,0,0.0,0.0,0.0,0.0
1638878400000,118419.57961045273,118419.57961045273,0,0.0,0.0,0.0,0.0
1638892800000,118419.57961045273,118419.57961045273,0,0.0,0.0,0.0,0.0
1638907200000,118419.57961045273,118419.57961045273,0,0.0,0.0,0.0,0.0
1638921600000,118419.57961045273,118419.57961045273,0,0.0,0.0,0.0,0.0
1638936000000,118419.57961045273,118419.57961045273,0,0.0,0.0,0.0,0.0
1638950400000,118419.57961045273,118419.57961045273,0,0.0,0.0,0.0,0.0
1638964800000,118419.57961045273,118419.57961045273,0,0.0,0.0,0.0,0.0
1638979200000,118419.57961045273,118419.57961045273,0,0.0,0.0,0.0,0.0
1638993600000,118419.57961045273,118419.57961045273,0,0.0,0.0,0.0,0.0
1639008000000,118419.57961045273,118419.57961045273,0,0.0,0.0,0.0,0.0
1639022400000,118419.57961045273,118419.57961045273,0,0.0,0.0,0.0,0.0
1639036800000,118419.57961045273,118419.57961045273,0,0.0,0.0,0.0,0.0
1639051200000,118419.57961045273,118419.57961045273,0,0.0,0.0,0.0,0.0
1639065600000,118419.57961045273,118419.57961045273,0,0.0,0.0,0.0,0.0
1639080000000,118419.57961045273,118419.57961045273,0,0.0,0.0,0.0,0.0
1639094400000,118419.57961045273,118419.57961045273,0,0.0,0.0,0.0,0.0
1639108800000,118419.57961045273,118419.57961045273,0,0.0,0.0,0.0,0.0
1639123200000,118419.57961045273,118419.57961045273,0,0.0,0.0,0.0,0.0
1639137600000,118419.57961045273,118419.57961045273,0,0.0,0.0,0.0,0.0
1639152000000,118419.57961045273,118419.57961045273,0,0.0,0.0,0.0,0.0
1639166400000,118419.57961045273,118419.57961045273,0,0.0,0.0,0.0,0.0
1639180800000,118419.57961045273,118419.57961045273,0,0.0,0.0,0.0,0.0
1639195200000,118419.57961045273,118419.57961045273,0,0.0,0.0,0.0,0.0
1639209600000,118419.57961045273,118419.57961045273,0,0.0,0.0,0.0,0.0
1639224000000,118419.57961045273,118419.57961045273,0,0.0,0.0,0.0,0.0
1639238400000,118419.57961045273,118419.57961045273,0,0.0,0.0,0.0,0.0
1639252800000,118419.57961045273,118419.57961045273,0,0.0,0.0,0.0,0.0
1639267200000,118419.57961045273,118419.57961045273,0,0.0,0.0,0.0,0.0
1639281600000,118419.57961045273,118419.57961045273,0,0.0,0.0,0.0,0.0
1639296000000,118419.57961045273,118419.57961045273,0,0.0,0.0,0.0,0.0
1639310400000,118419.57961045273,118419.57961045273,0,0.0,0.0,0.0,0.0
1639324800000,118419.57961045273,118419.57961045273,0,0.0,0.0,0.0,0.0
1639339200000,118419.57961045273,118419.57961045273,0,0.0,0.0,0.0,0.0
1639353600000,118419.57961045273,118419.57961045273,0,0.0,0.0,0.0,0.0
1639368000000,118419.57961045273,118419.57961045273,0,0.0,0.0,0.0,0.0
1639382400000,118419.57961045273,118419.57961045273,0,0.0,0.0,0.0,0.0
1639396800000,118419.57961045273,118419.57961045273,0,0.0,0.0,0.0,0.0
1639411200000,118419.57961045273,118419.57961045273,0,0.0,0.0,0.0,0.0
1639425600000,120312.01411874592,118341.54162589007,2,154105.49663248012,4735.114313014131,4735.114313014131,154105.49663248012
1639440000000,118624.81359851724,118313.18704449876,3,212473.50535394656,7141.167363002829,7141.167363002829,212473.50535394656
1639454400000,118228.21906716349,118262.36779172656,3,212819.2806325281,7141.167363002829,7141.167363002829,212819.2806325281
1639468800000,116145.45416751335,118262.36779172656,3,214902.04553217825,7141.167363002829,7141.167363002829,214902.04553217825
1639483200000,114679.87012634428,116252.8564468104,2,141704.85319294003,4774.444642197753,4774.444642197753,141704.85319294003
1639497600000,115092.73024466957,113787.67340218513,1,82117.6472473604,2368.3915922090546,2368.3915922090546,82117.6472473604
1639512000000,115879.54693969506,113787.67340218513,1,81330.83055233488,2368.3915922090546,2368.3915922090546,81330.83055233488
1639526400000,113474.67978312516,113787.67340218513,1,83735.6977089048,2368.3915922090546,2368.3915922090546,83735.6977089048
1639540800000,113393.77726004794,113787.67340218513,1,83816.60023198201,2368.3915922090546,2368.3915922090546,83816.60023198201
1639555200000,112794.14679488738,113787.67340218513,1,84416.23069714259,2368.3915922090546,2368.3915922090546,84416.23069714259
1639569600000,113620.62158946053,113787.67340218513,1,83589.75590256942,2368.3915922090546,2368.3915922090546,83589.75590256942
1639584000000,117472.21621752897,113787.67340218513,1,79738.16127450098,2368.3915922090546,2368.3915922090546,79738.16127450098
1639598400000,112827.44211811024,112827.44211811024,0,0.0,0.0,0.0,0.0
1639612800000,112827.44211811024,112827.44211811024,0,0.0,0.0,0.0,0.0
1639627200000,112827.44211811024,112827.44211811024,0,0.0,0.0,0.0,0.0
1639641600000,112827.44211811024,112827.44211811024,0,0.0,0.0,0.0,0.0
1639656000000,112827.44211811024,112827.44211811024,0,0.0,0.0,0.0,0.0
1639670400000,112827.44211811024,112827.44211811024,0,0.0,0.0,0.0,0.0
1639684800000,112827.44211811024,112827.44211811024,0,0.0,0.0,0.0,0.0
1639699200000,112827.44211811024,112827.44211811024,0,0.0,0.0,0.0,0.0
1639713600000,112827.44211811024,112827.44211811024,0,0.0,0.0,0.0,0.0
1639728000000,112827.44211811024,112827.44211811024,0,0.0,0.0,0.0,0.0
1639742400000,112827.44211811024,112827.44211811024,0,0.0,0.0,0.0,0.0
1639756800000,112827.44211811024,112827.44211811024,0,0.0,0.0,0.0,0.0
1639771200000,112827.44211811024,112827.44211811024,0,0.0,0.0,0.0,0.0
1639785600000,112827.44211811024,112827.44211811024,0,0.0,0.0,0.0,0.0
1639800000000,112827.44211811024,112827.44211811024,0,0.0,0.0,0.0,0.0
1639814400000,112827.44211811024,112827.44211811024,0,0.0,0.0,0.0,0.0
1639828800000,112827.44211811024,112827.44211811024,0,0.0,0.0,0.0,0.0
1639843200000,112827.44211811024,112827.44211811024,0,0.0,0.0,0.0,0.0
1639857600000,112827.44211811024,112827.44211811024,0,0.0,0.0,0.0,0.0
1639872000000,112827.44211811024,112827.44211811024,0,0.0,0.0,0.0,0.0
1639886400000,112827.44211811024,112827.44211811024,0,0.0,0.0,0.0,0.0
1639900800000,112827.44211811024,112827.44211811024,0,0.0,0.0,0.0,0.0
1639915200000,112827.44211811024,112827.44211811024,0,0.0,0.0,0.0,0.0
1639929600000,112827.44211811024,112827.44211811024,0,0.0,0.0,0.0,0.0
1639944000000,112827.44211811024,112827.44211811024,0,0.0,0.0,0.0,0.0
1639958400000,112827.44211811024,112827.44211811024,0,0.0,0.0,0.0,0.0
1639972800000,112827.44211811024,112827.44211811024,0,0.0,0.0,0.0,0.0
1639987200000,112827.44211811024,112827.44211811024,0,0.0,0.0,0.0,0.0
1640001600000,112827.44211811024,112827.44211811024,0,0.0,0.0,0.0,0.0
1640016000000,114138.1137946656,112736.63621784285,2,180210.32295795484,4510.9520127911,4510.9520127911,180210.32295795484
1640030400000,108046.535072123,110350.55448599685,2,183915.81994865142,4510.9520127911,4510.9520127911,183915.81994865142
1640044800000,105653.43318997005,105653.43318997005,0,0.0,0.0,0.0,0.0
1640059200000,105653.43318997005,105653.43318997005,0,0.0,0.0,0.0,0.0
1640073600000,105653.43318997005,105653.43318997005,0,0.0,0.0,0.0,0.0
1640088000000,105653.43318997005,105653.43318997005,0,0.0,0.0,0.0,0.0
1640102400000,105653.43318997005,105653.43318997005,0,0.0,0.0,0.0,0.0
1640116800000,105653.43318997005,105653.43318997005,0,0.0,0.0,0.0,0.0
1640131200000,105653.43318997005,105653.43318997005,0,0.0,0.0,0.0,0.0
1640145600000,105653.43318997005,105653.43318997005,0,0.0,0.0,0.0,0.0
1640160000000,105653.43318997005,105653.43318997005,0,0.0,0.0,0.0,0.0
1640174400000,105653.43318997005,105653.43318997005,0,0.0,0.0,0.0,0.0
1640188800000,105653.43318997005,105653.43318997005,0,0.0,0.0,0.0,0.0
1640203200000,105653.43318997005,105653.43318997005,0,0.0,0.0,0.0,0.0
1640217600000,105653.43318997005,105653.43318997005,0,0.0,0.0,0.0,0.0
1640232000000,105653.43318997005,105653.43318997005,0,0.0,0.0,0.0,0.0
1640246400000,105653.43318997005,105653.43318997005,0,0.0,0.0,0.0,0.0
1640260800000,105653.43318997005,105653.43318997005,0,0.0,0.0,0.0,0.0
1640275200000,105653.43318997005,105653.43318997005,0,0.0,0.0,0.0,0.0
1640289600000,105653.43318997005,105653.43318997005,0,0.0,0.0,0.0,0.0
1640304000000,105653.43318997005,105653.43318997005,0,0.0,0.0,0.0,0.0
1640318400000,105653.43318997005,105653.43318997005,0,0.0,0.0,0.0,0.0
1640332800000,105653.43318997005,105653.43318997005,0,0.0,0.0,0.0,0.0
1640347200000,105653.43318997005,105653.43318997005,0,0.0,0.0,0.0,0.0
1640361600000,105653.43318997005,105653.43318997005,0,0.0,0.0,0.0,0.0
1640376000000,105653.43318997005,105653.43318997005,0,0.0,0.0,0.0,0.0
1640390400000,105653.43318997005,105653.43318997005,0,0.0,0.0,0.0,0.0
1640404800000,105653.43318997005,105653.43318997005,0,0.0,0.0,0.0,0.0
1640419200000,105653.43318997005,105653.43318997005,0,0.0,0.0,0.0,0.0
1640433600000,105653.43318997005,105653.43318997005,0,0.0,0.0,0.0,0.0
1640448000000,105653.43318997005,105653.43318997005,0,0.0,0.0,0.0,0.0
1640462400000,105653.43318997005,105653.43318997005,0,0.0,0.0,0.0,0.0
1640476800000,105653.43318997005,105653.43318997005,0,0.0,0.0,0.0,0.0
1640491200000,105653.43318997005,105653.43318997005,0,0.0,0.0,0.0,0.0
1640505600000,105653.43318997005,105653.43318997005,0,0.0,0.0,0.0,0.0
1640520000000,105653.43318997005,105653.43318997005,0,0.0,0.0,0.0,0.0
1640534400000,105653.43318997005,105653.43318997005,0,0.0,0.0,0.0,0.0
1640548800000,105653.43318997005,105653.43318997005,0,0.0,0.0,0.0,0.0
1640563200000,105653.43318997005,105653.43318997005,0,0.0,0.0,0.0,0.0
1640577600000,105653.43318997005,105653.43318997005,0,0.0,0.0,0.0,0.0
1640592000000,105653.43318997005,105653.43318997005,0,0.0,0.0,0.0,0.0
1640606400000,105653.43318997005,105653.43318997005,0,0.0,0.0,0.0,0.0
1640620800000,105653.43318997005,105653.43318997005,0,0.0,0.0,0.0,0.0
1640635200000,105653.43318997005,105653.43318997005,0,0.0,0.0,0.0,0.0
1640649600000,105653.43318997005,105653.43318997005,0,0.0,0.0,0.0,0.0
1640664000000,105653.43318997005,105653.43318997005,0,0.0,0.0,0.0,0.0
1640678400000,106936.12355257402,105543.24283505065,2,218987.82912127714,4223.3982608473725,4223.3982608473725,218987.82912127714
1640692800000,106583.27647396093,105491.26321855634,3,346069.26051797566,6362.355864279885,6362.355864279885,346069.26051797566
1640707200000,109563.72293441289,105491.26321855634,3,343088.81405752373,6362.355864279885,6362.355864279885,343088.81405752373
1640721600000,117634.58375037034,111712.89183783442,3,167658.9449741542,3181.1779321399426,3181.1779321399426,167658.9449741542
1640736000000,119995.93286528467,111649.39055519522,5,292236.65985502186,7053.528921033478,7053.528921033478,292236.65985502186
1640750400000,116892.12751742669,111676.09198525085,5,295367.16663293546,7053.528921033478,7053.528921033478,295367.16663293546
1640764800000,120618.52543574803,111676.09198525085,5,291640.76871461415,7053.528921033478,7053.528921033478,291640.76871461415
1640779200000,120785.24708007093,111705.25505547335,5,291503.2101405137,7053.528921033478,7053.528921033478,291503.2101405137
1640793600000,121612.26448652463,113199.6127668294,5,265306.0449091811,6293.674498909872,6293.674498909872,265306.0449091811
1640808000000,125320.62977792058,113224.0837373558,5,261622.1505883115,6293.674498909872,6293.674498909872,261622.1505883115
1640822400000,130642.89682305252,113224.0837373558,5,256299.88354317955,6293.674498909872,6293.674498909872,256299.88354317955
1640836800000,130500.48957819528,115567.5801451306,5,222149.01009283605,5117.35342658671,5117.35342658671,222149.01009283605
1640851200000,126786.35041061729,115567.5801451306,5,225863.149260414,5117.35342658671,5117.35342658671,225863.149260414
1640865600000,124697.96438787288,120854.35850947397,3,123047.95872810154,3005.654296163024,3005.654296163024,123047.95872810154
1640880000000,125027.3567269061,121150.11078621352,2,96149.81312957284,2245.7998740394187,2245.7998740394187,96149.81312957284
1640894400000,124183.24923289301,123003.07247512999,1,35456.60034521252,1176.3210723231623,1176.3210723231623,35456.60034521252
1640908800000,124543.41096954166,123003.07247512999,1,35096.438608563876,1176.3210723231623,1176.3210723231623,35096.438608563876
1640923200000,124723.94926361965,123006.58211899085,1,34919.40995834675,1176.3210723231623,1176.3210723231623,34919.40995834675
1640937600000,124532.67692890229,123006.58211899085,1,35110.68229306411,1176.3210723231623,1176.3210723231623,35110.68229306411
1640952000000,123583.44664999607,123583.44664999607,0,0.0,0.0,0.0,0.0
1640966400000,123583.44664999607,123583.44664999607,0,0.0,0.0,0.0,0.0
1640980800000,123583.44664999607,123583.44664999607,0,0.0,0.0,0.0,0.0
1640995200000,123583.44664999607,123583.44664999607,0,0.0,0.0,0.0,0.0
1641009600000,123583.44664999607,123583.44664999607,0,0.0,0.0,0.0,0.0
1641024000000,123583.44664999607,123583.44664999607,0,0.0,0.0,0.0,0.0
1641038400000,123583.44664999607,123583.44664999607,0,0.0,0.0,0.0,0.0
1641052800000,123583.44664999607,123583.44664999607,0,0.0,0.0,0.0,0.0
1641067200000,123583.44664999607,123583.44664999607,0,0.0,0.0,0.0,0.0
1641081600000,123583.44664999607,123583.44664999607,0,0.0,0.0,0.0,0.0
1641096000000,123583.44664999607,123583.44664999607,0,0.0,0.0,0.0,0.0
1641110400000,123583.44664999607,123583.44664999607,0,0.0,0.0,0.0,0.0
1641124800000,123583.44664999607,123583.44664999607,0,0.0,0.0,0.0,0.0
1641139200000,123583.44664999607,123583.44664999607,0,0.0,0.0,0.0,0.0
1641153600000,123583.44664999607,123583.44664999607,0,0.0,0.0,0.0,0.0
1641168000000,123583.44664999607,123583.44664999607,0,0.0,0.0,0.0,0.0
1641182400000,123583.44664999607,123583.44664999607,0,0.0,0.0,0.0,0.0
1641196800000,123583.44664999607,123583.44664999607,0,0.0,0.0,0.0,0.0
1641211200000,123583.44664999607,123583.44664999607,0,0.0,0.0,0.0,0.0
1641225600000,123583.44664999607,123583.44664999607,0,0.0,0.0,0.0,0.0
1641240000000,123583.44664999607,123583.44664999607,0,0.0,0.0,0.0,0.0
1641254400000,123583.44664999607,123583.44664999607,0,0.0,0.0,0.0,0.0
1641268800000,123583.44664999607,123583.44664999607,0,0.0,0.0,0.0,0.0
1641283200000,123583.44664999607,123583.44664999607,0,0.0,0.0,0.0,0.0
1641297600000,123583.44664999607,123583.44664999607,0,0.0,0.0,0.0,0.0
1641312000000,123583.44664999607,123583.44664999607,0,0.0,0.0,0.0,0.0
1641326400000,123583.44664999607,123583.44664999607,0,0.0,0.0,0.0,0.0
1641340800000,124121.20292383702,123514.15102734361,1,137984.19340841746,2471.6689329999213,2471.6689329999213,137984.19340841746
1641355200000,120397.87801379837,123462.72470558231,2,272108.0954277713,4954.369587187451,4954.369587187451,272108.0954277713
1641369600000,120473.83848818208,123462.72470558231,2,272032.13495338755,4954.369587187451,4954.369587187451,272032.13495338755
1641384000000,118261.48952601924,118261.48952601924,0,0.0,0.0,0.0,0.0
1641398400000,118261.48952601924,118261.48952601924,0,0.0,0.0,0.0,0.0
1641412800000,118261.48952601924,118261.48952601924,0,0.0,0.0,0.0,0.0
1641427200000,128217.75688948692,122713.89987110114,3,200474.06953895866,4717.45043798806,4717.45043798806,200474.06953895866
1641441600000,133779.22955871504,124506.76916280865,4,239861.2469617909,6506.691911115053,6506.691911115053,239861.2469617909
1641456000000,129552.79148892709,124481.10972633754,5,295380.8985373185,8025.53616897826,8025.53616897826,295380.8985373185
1641470400000,134569.5494379648,124490.70585693313,5,290373.7367188764,8025.53616897826,8025.53616897826,290373.7367188764
1641484800000,131476.9203375094,126802.5957374047,5,251918.93765575858,6848.833084565878,6848.833084565878,251918.93765575858
1641499200000,127594.60311207888,125251.91537866814,4,202931.70158024173,5329.988826702671,5329.988826702671,202931.70158024173
1641513600000,128538.83730347664,125208.04509579459,3,158084.27906192563,4153.285742290289,4153.285742290289,158084.27906192563
1641528000000,135703.5477847674,125208.39759870806,3,150919.92108354834,4153.285742290289,4153.285742290289,150919.92108354834
1641542400000,137144.50511301478,128130.95017695575,3,101324.6032646611,2667.9503187752407,2667.9503187752407,101324.6032646611
1641556800000,135901.2969474744,128201.99002191005,2,95390.49165276345,2464.845233084542,2464.845233084542,95390.49165276345
1641571200000,138503.85999159026,128201.99002191005,2,92787.92860864758,2464.845233084542,2464.845233084542,92787.92860864758
1641585600000,137029.25313947862,128203.22175658436,2,94263.76719543355,2464.845233084542,2464.845233084542,94263.76719543355
1641600000000,136618.9700408366,128203.22175658436,2,94674.05029407555,2464.845233084542,2464.845233084542,94674.05029407555
1641614400000,136148.54517961227,128212.68892920927,2,95153.9423279248,2464.845233084542,2464.845233084542,95153.9423279248
1641628800000,135791.77174481837,128212.68892920927,2,95510.71576271868,2464.845233084542,2464.845233084542,95510.71576271868
1641643200000,135551.2359902742,134838.96173755234,1,43116.27919377335,1282.2303378243494,1282.2303378243494,43116.27919377335
1641657600000,136428.96320259222,134838.96173755234,1,42238.551981455326,1282.2303378243494,1282.2303378243494,42238.551981455326
1641672000000,138001.2378243802,134837.95173348725,1,40665.26735560225,1282.2303378243494,1282.2303378243494,40665.26735560225
1641686400000,135983.76219961647,135983.76219961647,0,0.0,0.0,0.0,0.0
1641700800000,135983.76219961647,135983.76219961647,0,0.0,0.0,0.0,0.0
1641715200000,135983.76219961647,135983.76219961647,0,0.0,0.0,0.0,0.0
1641729600000,135983.76219961647,135983.76219961647,0,0.0,0.0,0.0,0.0
1641744000000,135983.76219961647,135983.76219961647,0,0.0,0.0,0.0,0.0
1641758400000,135983.76219961647,135983.76219961647,0,0.0,0.0,0.0,0.0
1641772800000,135983.76219961647,135983.76219961647,0,0.0,0.0,0.0,0.0
1641787200000,135983.76219961647,135983.76219961647,0,0.0,0.0,0.0,0.0
1641801600000,135983.76219961647,135983.76219961647,0,0.0,0.0,0.0,0.0
1641816000000,135983.76219961647,135983.76219961647,0,0.0,0.0,0.0,0.0
1641830400000,135983.76219961647,135983.76219961647,0,0.0,0.0,0.0,0.0
1641844800000,135983.76219961647,135983.76219961647,0,0.0,0.0,0.0,0.0
1641859200000,135983.76219961647,135983.76219961647,0,0.0,0.0,0.0,0.0
1641873600000,135983.76219961647,135983.76219961647,0,0.0,0.0,0.0,0.0
1641888000000,135983.76219961647,135983.76219961647,0,0.0,0.0,0.0,0.0
1641902400000,135983.76219961647,135983.76219961647,0,0.0,0.0,0.0,0.0
1641916800000,135983.76219961647,135983.76219961647,0,0.0,0.0,0.0,0.0
1641931200000,135983.76219961647,135983.76219961647,0,0.0,0.0,0.0,0.0
1641945600000,135983.76219961647,135983.76219961647,0,0.0,0.0,0.0,0.0
1641960000000,135983.76219961647,135983.76219961647,0,0.0,0.0,0.0,0.0
1641974400000,135983.76219961647,135983.76219961647,0,0.0,0.0,0.0,0.0
1641988800000,135983.76219961647,135983.76219961647,0,0.0,0.0,0.0,0.0
1642003200000,135983.76219961647,135983.76219961647,0,0.0,0.0,0.0,0.0
1642017600000,135983.76219961647,135983.76219961647,0,0.0,0.0,0.0,0.0
1642032000000,135983.76219961647,135983.76219961647,0,0.0,0.0,0.0,0.0
1642046400000,135983.76219961647,135983.76219961647,0,0.0,0.0,0.0,0.0
1642060800000,135983.76219961647,135983.76219961647,0,0.0,0.0,0.0,0.0
1642075200000,135983.76219961647,135983.76219961647,0,0.0,0.0,0.0,0.0
1642089600000,135983.76219961647,135983.76219961647,0,0.0,0.0,0.0,0.0
1642104000000,135983.76219961647,135983.76219961647,0,0.0,0.0,0.0,0.0
1642118400000,135983.76219961647,135983.76219961647,0,0.0,0.0,0.0,0.0
1642132800000,135983.76219961647,135983.76219961647,0,0.0,0.0,0.0,0.0
1642147200000,135983.76219961647,135983.76219961647,0,0.0,0.0,0.0,0.0
1642161600000,135983.76219961647,135983.76219961647,0,0.0,0.0,0.0,0.0
1642176000000,135983.76219961647,135983.76219961647,0,0.0,0.0,0.0,0.0
1642190400000,135983.76219961647,135983.76219961647,0,0.0,0.0,0.0,0.0
1642204800000,135983.76219961647,135983.76219961647,0,0.0,0.0,0.0,0.0
1642219200000,135983.76219961647,135983.76219961647,0,0.0,0.0,0.0,0.0
1642233600000,135983.76219961647,135983.76219961647,0,0.0,0.0,0.0,0.0
1642248000000,135983.76219961647,135983.76219961647,0,0.0,0.0,0.0,0.0
1642262400000,135983.76219961647,135983.76219961647,0,0.0,0.0,0.0,0.0
1642276800000,135983.76219961647,135983.76219961647,0,0.0,0.0,0.0,0.0
1642291200000,135983.76219961647,135983.76219961647,0,0.0,0.0,0.0,0.0
1642305600000,135983.76219961647,135983.76219961647,0,0.0,0.0,0.0,0.0
1642320000000,135983.76219961647,135983.76219961647,0,0.0,0.0,0.0,0.0
1642334400000,135983.76219961647,135983.76219961647,0,0.0,0.0,0.0,0.0
1642348800000,135983.76219961647,135983.76219961647,0,0.0,0.0,0.0,0.0
1642363200000,135983.76219961647,135983.76219961647,0,0.0,0.0,0.0,0.0
1642377600000,135983.76219961647,135983.76219961647,0,0.0,0.0,0.0,0.0
1642392000000,135983.76219961647,135983.76219961647,0,0.0,0.0,0.0,0.0
1642406400000,135983.76219961647,135983.76219961647,0,0.0,0.0,0.0,0.0
1642420800000,135983.76219961647,135983.76219961647,0,0.0,0.0,0.0,0.0
1642435200000,135983.76219961647,135983.76219961647,0,0.0,0.0,0.0,0.0
1642449600000,134833.99505635057,135905.36039876414,1,157874.96704704216,2719.6752439923293,2719.6752439923293,157874.96704704216
1642464000000,135198.8933648447,135852.42338570693,2,263331.1578399221,5416.768863586445,5416.768863586445,263331.1578399221
1642478400000,136583.70391597322,135878.76000113544,2,261972.68390422207,5416.768863586445,5416.768863586445,261972.68390422207
1642492800000,135710.3773455615,135787.35591548172,3,445562.7776963869,8148.5944068227745,8148.5944068227745,445562.7776963869
1642507200000,140511.2149350195,135831.91043209197,3,440806.49462353915,8148.5944068227745,8148.5944068227745,440806.49462353915
1642521600000,143216.73327334467,135831.91043209197,3,438100.976285214,8148.5944068227745,8148.5944068227745,438100.976285214
1642536000000,141473.50651920226,135875.72408972774,3,439888.01669699216,8148.5944068227745,8148.5944068227745,439888.01669699216
1642550400000,134088.40060724,132511.96776018536,1,155227.1688575739,2719.6752439923293,2719.6752439923293,155227.1688575739
1642564800000,136089.7736008286,132527.4921116728,1,153241.32021547278,2719.6752439923293,2719.6752439923293,153241.32021547278
1642579200000,138255.8202254822,135171.4663095254,1,75317.44693635749,1359.8376219961647,1359.8376219961647,75317.44693635749
1642593600000,137274.5394095776,135172.7668529938,1,76300.02829573047,1359.8376219961647,1359.8376219961647,76300.02829573047
1642608000000,137233.1675628672,135172.7668529938,1,76341.4001424409,1359.8376219961647,1359.8376219961647,76341.4001424409
1642622400000,137013.0804199909,135180.22486702495,1,76568.94529934833,1359.8376219961647,1359.8376219961647,76568.94529934833
1642636800000,137261.31150025356,135180.22486702495,1,76320.7142190857,1359.8376219961647,1359.8376219961647,76320.7142190857
1642651200000,136731.10855496666,135187.8559289738,1,76858.54822632142,1359.8376219961647,1359.8376219961647,76858.54822632142
1642665600000,136493.22043638164,135187.8559289738,1,77096.43634490645,1359.8376219961647,1359.8376219961647,77096.43634490645
1642680000000,136831.90485369964,135195.5655726083,1,76765.46157122293,1359.8376219961647,1359.8376219961647,76765.46157122293
1642694400000,136182.71813778838,136182.71813778838,0,0.0,0.0,0.0,0.0
1642708800000,136182.71813778838,136182.71813778838,0,0.0,0.0,0.0,0.0
1642723200000,136182.71813778838,136182.71813778838,0,0.0,0.0,0.0,0.0
1642737600000,136182.71813778838,136182.71813778838,0,0.0,0.0,0.0,0.0
1642752000000,134442.50285221325,136146.73790080965,1,73664.7090060533,2723.6543627557676,2723.6543627557676,73664.7090060533
1642766400000,135321.29104698345,136139.33555761038,1,72778.51846808384,2723.6543627557676,2723.6543627557676,72778.51846808384
1642780800000,136668.4163805453,136139.33555761038,1,71431.39313452199,2723.6543627557676,2723.6543627557676,71431.39313452199
1642795200000,138458.54788188866,136146.47869692382,1,69648.40477249204,2723.6543627557676,2723.6543627557676,69648.40477249204
1642809600000,142982.22883560206,138836.86816291796,1,31834.87630604436,1361.8271813778838,1361.8271813778838,31834.87630604436
1642824000000,142782.42842698665,138840.0526381356,1,32037.861189877403,1361.8271813778838,1361.8271813778838,32037.861189877403
1642838400000,146412.04886759276,138840.0526381356,1,28408.240749271263,1361.8271813778838,1361.8271813778838,28408.240749271263
1642852800000,146471.7892637527,138842.8994088981,1,28351.347123873875,1361.8271813778838,1361.8271813778838,28351.347123873875
1642867200000,145604.27961453274,145604.27961453274,0,0.0,0.0,0.0,0.0
1642881600000,145604.27961453274,145604.27961453274,0,0.0,0.0,0.0,0.0
1642896000000,145604.27961453274,145604.27961453274,0,0.0,0.0,0.0,0.0
1642910400000,145604.27961453274,145604.27961453274,0,0.0,0.0,0.0,0.0
1642924800000,145604.27961453274,145604.27961453274,0,0.0,0.0,0.0,0.0
1642939200000,145604.27961453274,145604.27961453274,0,0.0,0.0,0.0,0.0
1642953600000,145604.27961453274,145604.27961453274,0,0.0,0.0,0.0,0.0
1642968000000,145604.27961453274,145604.27961453274,0,0.0,0.0,0.0,0.0
1642982400000,145604.27961453274,145604.27961453274,0,0.0,0.0,0.0,0.0
1642996800000,145604.27961453274,145604.27961453274,0,0.0,0.0,0.0,0.0
1643011200000,145604.27961453274,145604.27961453274,0,0.0,0.0,0.0,0.0
1643025600000,145604.27961453274,145604.27961453274,0,0.0,0.0,0.0,0.0
1643040000000,145604.27961453274,145604.27961453274,0,0.0,0.0,0.0,0.0
1643054400000,145604.27961453274,145604.27961453274,0,0.0,0.0,0.0,0.0
1643068800000,145604.27961453274,145604.27961453274,0,0.0,0.0,0.0,0.0
1643083200000,145604.27961453274,145604.27961453274,0,0.0,0.0,0.0,0.0
1643097600000,145604.27961453274,145604.27961453274,0,0.0,0.0,0.0,0.0
1643112000000,145604.27961453274,145604.27961453274,0,0.0,0.0,0.0,0.0
1643126400000,145604.27961453274,145604.27961453274,0,0.0,0.0,0.0,0.0
1643140800000,145604.27961453274,145604.27961453274,0,0.0,0.0,0.0,0.0
1643155200000,145604.27961453274,145604.27961453274,0,0.0,0.0,0.0,0.0
1643169600000,145604.27961453274,145604.27961453274,0,0.0,0.0,0.0,0.0
1643184000000,145604.27961453274,145604.27961453274,0,0.0,0.0,0.0,0.0
1643198400000,145604.27961453274,145604.27961453274,0,0.0,0.0,0.0,0.0
1643212800000,145604.27961453274,145604.27961453274,0,0.0,0.0,0.0,0.0
1643227200000,145604.27961453274,145604.27961453274,0,0.0,0.0,0.0,0.0
1643241600000,145604.27961453274,145604.27961453274,0,0.0,0.0,0.0,0.0
1643256000000,145604.27961453274,145604.27961453274,0,0.0,0.0,0.0,0.0
1643270400000,145604.27961453274,145604.27961453274,0,0.0,0.0,0.0,0.0
1643284800000,145604.27961453274,145604.27961453274,0,0.0,0.0,0.0,0.0
1643299200000,145604.27961453274,145604.27961453274,0,0.0,0.0,0.0,0.0
1643313600000,145604.27961453274,145604.27961453274,0,0.0,0.0,0.0,0.0
1643328000000,145604.27961453274,145604.27961453274,0,0.0,0.0,0.0,0.0
1643342400000,145604.27961453274,145604.27961453274,0,0.0,0.0,0.0,0.0
1643356800000,145604.27961453274,145604.27961453274,0,0.0,0.0,0.0,0.0
1643371200000,145604.27961453274,145604.27961453274,0,0.0,0.0,0.0,0.0
1643385600000,145604.27961453274,145604.27961453274,0,0.0,0.0,0.0,0.0
1643400000000,145604.27961453274,145604.27961453274,0,0.0,0.0,0.0,0.0
1643414400000,145604.27961453274,145604.27961453274,0,0.0,0.0,0.0,0.0
1643428800000,145604.27961453274,145604.27961453274,0,0.0,0.0,0.0,0.0
1643443200000,145604.27961453274,145604.27961453274,0,0.0,0.0,0.0,0.0
1643457600000,145604.27961453274,145604.27961453274,0,0.0,0.0,0.0,0.0
1643472000000,145604.27961453274,145604.27961453274,0,0.0,0.0,0.0,0.0
1643486400000,145604.27961453274,145604.27961453274,0,0.0,0.0,0.0,0.0
1643500800000,145604.27961453274,145604.27961453274,0,0.0,0.0,0.0,0.0
1643515200000,145604.27961453274,145604.27961453274,0,0.0,0.0,0.0,0.0
1643529600000,145604.27961453274,145604.27961453274,0,0.0,0.0,0.0,0.0
1643544000000,145604.27961453274,145604.27961453274,0,0.0,0.0,0.0,0.0
1643558400000,145604.27961453274,145604.27961453274,0,0.0,0.0,0.0,0.0
1643572800000,145604.27961453274,145604.27961453274,0,0.0,0.0,0.0,0.0
1643587200000,145604.27961453274,145604.27961453274,0,0.0,0.0,0.0,0.0
1643601600000,145604.27961453274,145604.27961453274,0,0.0,0.0,0.0,0.0
1643616000000,145970.1388861027,145547.29107749523,1,113554.22626642663,2912.085592290655,2912.085592290655,113554.22626642663
1643630400000,145009.11460167298,145529.44943746424,1,114497.40891082537,2912.085592290655,2912.085592290655,114497.40891082537
1643644800000,143619.16123098013,145529.44943746424,1,115887.36228151823,2912.085592290655,2912.085592290655,115887.36228151823
1643659200000,142484.362036553,142484.362036553,0,0.0,0.0,0.0,0.0
1643673600000,142484.362036553,142484.362036553,0,0.0,0.0,0.0,0.0
1643688000000,142484.362036553,142484.362036553,0,0.0,0.0,0.0,0.0
1643702400000,142484.362036553,142484.362036553,0,0.0,0.0,0.0,0.0
1643716800000,142484.362036553,142484.362036553,0,0.0,0.0,0.0,0.0
1643731200000,142484.362036553,142484.362036553,0,0.0,0.0,0.0,0.0
1643745600000,142484.362036553,142484.362036553,0,0.0,0.0,0.0,0.0
1643760000000,142484.362036553,142484.362036553,0,0.0,0.0,0.0,0.0
1643774400000,142484.362036553,142484.362036553,0,0.0,0.0,0.0,0.0
1643788800000,142484.362036553,142484.362036553,0,0.0,0.0,0.0,0.0
1643803200000,142484.362036553,142484.362036553,0,0.0,0.0,0.0,0.0
1643817600000,142484.362036553,142484.362036553,0,0.0,0.0,0.0,0.0
1643832000000,142484.362036553,142484.362036553,0,0.0,0.0,0.0,0.0
1643846400000,142484.362036553,142484.362036553,0,0.0,0.0,0.0,0.0
1643860800000,142484.362036553,142484.362036553,0,0.0,0.0,0.0,0.0
1643875200000,142484.362036553,142484.362036553,0,0.0,0.0,0.0,0.0
1643889600000,142484.362036553,142484.362036553,0,0.0,0.0,0.0,0.0
1643904000000,142484.362036553,142484.362036553,0,0.0,0.0,0.0,0.0
1643918400000,142484.362036553,142484.362036553,0,0.0,0.0,0.0,0.0
1643932800000,142484.362036553,142484.362036553,0,0.0,0.0,0.0,0.0
1643947200000,142484.362036553,142484.362036553,0,0.0,0.0,0.0,0.0
1643961600000,142484.362036553,142484.362036553,0,0.0,0.0,0.0,0.0
1643976000000,142484.362036553,142484.362036553,0,0.0,0.0,0.0,0.0
1643990400000,142484.362036553,142484.362036553,0,0.0,0.0,0.0,0.0
1644004800000,142484.362036553,142484.362036553,0,0.0,0.0,0.0,0.0
1644019200000,142484.362036553,142484.362036553,0,0.0,0.0,0.0,0.0
1644033600000,142484.362036553,142484.362036553,0,0.0,0.0,0.0,0.0
1644048000000,142484.362036553,142484.362036553,0,0.0,0.0,0.0,0.0
1644062400000,142484.362036553,142484.362036553,0,0.0,0.0,0.0,0.0
1644076800000,142484.362036553,142484.362036553,0,0.0,0.0,0.0,0.0
1644091200000,142484.362036553,142484.362036553,0,0.0,0.0,0.0,0.0
1644105600000,142484.362036553,142484.362036553,0,0.0,0.0,0.0,0.0
1644120000000,142484.362036553,142484.362036553,0,0.0,0.0,0.0,0.0
1644134400000,142484.362036553,142484.362036553,0,0.0,0.0,0.0,0.0
1644148800000,142484.362036553,142484.362036553,0,0.0,0.0,0.0,0.0
1644163200000,142484.362036553,142484.362036553,0,0.0,0.0,0.0,0.0
1644177600000,142484.362036553,142484.362036553,0,0.0,0.0,0.0,0.0
1644192000000,142484.362036553,142484.362036553,0,0.0,0.0,0.0,0.0
1644206400000,142484.362036553,142484.362036553,0,0.0,0.0,0.0,0.0
1644220800000,142484.362036553,142484.362036553,0,0.0,0.0,0.0,0.0
1644235200000,142484.362036553,142484.362036553,0,0.0,0.0,0.0,0.0
1644249600000,142484.362036553,142484.362036553,0,0.0,0.0,0.0,0.0
1644264000000,142484.362036553,142484.362036553,0,0.0,0.0,0.0,0.0
1644278400000,142484.362036553,142484.362036553,0,0.0,0.0,0.0,0.0
1644292800000,142484.362036553,142484.362036553,0,0.0,0.0,0.0,0.0
1644307200000,142484.362036553,142484.362036553,0,0.0,0.0,0.0,0.0
1644321600000,142484.362036553,142484.362036553,0,0.0,0.0,0.0,0.0
1644336000000,142484.362036553,142484.362036553,0,0.0,0.0,0.0,0.0
1644350400000,142484.362036553,142484.362036553,0,0.0,0.0,0.0,0.0
1644364800000,142484.362036553,142484.362036553,0,0.0,0.0,0.0,0.0
1644379200000,142484.362036553,142484.362036553,0,0.0,0.0,0.0,0.0
1644393600000,142484.362036553,142484.362036553,0,0.0,0.0,0.0,0.0
1644408000000,142484.362036553,142484.362036553,0,0.0,0.0,0.0,0.0
1644422400000,142484.362036553,142484.362036553,0,0.0,0.0,0.0,0.0
1644436800000,142484.362036553,142484.362036553,0,0.0,0.0,0.0,0.0
1644451200000,142484.362036553,142484.362036553,0,0.0,0.0,0.0,0.0
1644465600000,142484.362036553,142484.362036553,0,0.0,0.0,0.0,0.0
1644480000000,142484.362036553,142484.362036553,0,0.0,0.0,0.0,0.0
1644494400000,142484.362036553,142484.362036553,0,0.0,0.0,0.0,0.0
1644508800000,142484.362036553,142484.362036553,0,0.0,0.0,0.0,0.0
1644523200000,142484.362036553,142484.362036553,0,0.0,0.0,0.0,0.0
1644537600000,142484.362036553,142484.362036553,0,0.0,0.0,0.0,0.0
1644552000000,142908.04469430583,142462.77597952823,1,42726.84533476157,1424.8436203655301,1424.8436203655301,42726.84533476157
1644566400000,142451.05987688486,142462.77597952823,1,43183.83015218256,1424.8436203655301,1424.8436203655301,43183.83015218256
1644580800000,142231.90590331698,142465.93894416516,1,43406.14709038736,1424.8436203655301,1424.8436203655301,43406.14709038736
1644595200000,141940.42369544844,142465.93894416516,1,43697.629298255895,1424.8436203655301,1424.8436203655301,43697.629298255895
1644609600000,144161.81036957126,142466.6264244422,1,41476.9301044101,1424.8436203655301,1424.8436203655301,41476.9301044101
1644624000000,145462.4224125495,143871.30379109998,1,19994.938403320088,712.4218101827651,712.4218101827651,19994.938403320088
1644638400000,145544.7034765385,143873.30373851504,1,19914.657286746125,712.4218101827651,712.4218101827651,19914.657286746125
1644652800000,145831.24530800246,143873.30373851504,1,19628.115455282154,712.4218101827651,712.4218101827651,19628.115455282154
1644667200000,145570.13346743415,143875.26694148907,1,19891.19049882451,712.4218101827651,712.4218101827651,19891.19049882451
1644681600000,145888.7877455277,143875.26694148907,1,19572.53622073095,712.4218101827651,712.4218101827651,19572.53622073095
1644696000000,145447.34621684128,143877.22419511114,1,20015.935003039427,712.4218101827651,712.4218101827651,20015.935003039427
1644710400000,145764.7654008337,143877.22419511114,1,19698.51581904701,712.4218101827651,712.4218101827651,19698.51581904701
1644724800000,145773.22274444767,143878.27097411826,1,19691.105254440183,712.4218101827651,712.4218101827651,19691.105254440183
1644739200000,145503.9722303996,143878.27097411826,1,19960.35576848823,712.4218101827651,712.4218101827651,19960.35576848823
1644753600000,145440.27684929574,143878.80048627354,1,20024.580661747394,712.4218101827651,712.4218101827651,20024.580661747394
1644768000000,145637.8919054778,143878.80048627354,1,19826.965605565343,712.4218101827651,712.4218101827651,19826.965605565343
1644782400000,146146.88194774048,143878.93175886746,1,19318.106835896564,712.4218101827651,712.4218101827651,19318.106835896564
1644796800000,146196.28571178598,143878.93175886746,1,19268.70307185105,712.4218101827651,712.4218101827651,19268.70307185105
1644811200000,146513.35095946875,143879.81291665894,1,18952.518981959773,712.4218101827651,712.4218101827651,18952.518981959773
1644825600000,146148.9981996331,143879.81291665894,1,19316.871741795425,712.4218101827651,712.4218101827651,19316.871741795425
1644840000000,146278.12433728244,143881.72436189107,1,19189.65704937823,712.4218101827651,712.4218101827651,19189.65704937823
1644854400000,145960.70515329,143881.72436189107,1,19507.07623337065,712.4218101827651,712.4218101827651,19507.07623337065
1644868800000,146545.36859510292,143883.42338796693,1,18924.1118176336,712.4218101827651,712.4218101827651,18924.1118176336
1644883200000,145836.42458104983,143883.42338796693,1,19633.055831686706,712.4218101827651,712.4218101827651,19633.055831686706
1644897600000,145493.81021145536,145493.81021145536,0,0.0,0.0,0.0,0.0
1644912000000,145493.81021145536,145493.81021145536,0,0.0,0.0,0.0,0.0
1644926400000,145493.81021145536,145493.81021145536,0,0.0,0.0,0.0,0.0
1644940800000,145493.81021145536,145493.81021145536,0,0.0,0.0,0.0,0.0
1644955200000,145493.81021145536,145493.81021145536,0,0.0,0.0,0.0,0.0
1644969600000,145493.81021145536,145493.81021145536,0,0.0,0.0,0.0,0.0
1644984000000,145493.81021145536,145493.81021145536,0,0.0,0.0,0.0,0.0
1644998400000,145493.81021145536,145493.81021145536,0,0.0,0.0,0.0,0.0
1645012800000,145493.81021145536,145493.81021145536,0,0.0,0.0,0.0,0.0
1645027200000,145493.81021145536,145493.81021145536,0,0.0,0.0,0.0,0.0
1645041600000,145493.81021145536,145493.81021145536,0,0.0,0.0,0.0,0.0
1645056000000,145493.81021145536,145493.81021145536,0,0.0,0.0,0.0,0.0
1645070400000,145493.81021145536,145493.81021145536,0,0.0,0.0,0.0,0.0
1645084800000,145493.81021145536,145493.81021145536,0,0.0,0.0,0.0,0.0
1645099200000,145493.81021145536,145493.81021145536,0,0.0,0.0,0.0,0.0
1645113600000,145493.81021145536,145493.81021145536,0,0.0,0.0,0.0,0.0
1645128000000,145493.81021145536,145493.81021145536,0,0.0,0.0,0.0,0.0
1645142400000,145493.81021145536,145493.81021145536,0,0.0,0.0,0.0,0.0
1645156800000,145322.03262771576,145466.19861150472,1,55367.36588506382,1454.9381021145537,1454.9381021145537,55367.36588506382
1645171200000,145143.69023855927,145466.19861150472,1,55545.70827422033,1454.9381021145537,1454.9381021145537,55545.70827422033
1645185600000,145269.31691297723,145471.75318233215,1,55425.636170629805,1454.9381021145537,1454.9381021145537,55425.636170629805
1645200000000,146056.8486512327,145471.75318233215,1,54638.10443237434,1454.9381021145537,1454.9381021145537,54638.10443237434
1645214400000,145469.22277370974,145473.89322538616,1,55227.8703529513,1454.9381021145537,1454.9381021145537,55227.8703529513
1645228800000,145979.52921396945,145473.89322538616,1,54717.56391269159,1454.9381021145537,1454.9381021145537,54717.56391269159
1645243200000,145602.89897113288,145475.13695561388,1,55095.43788575587,1454.9381021145537,1454.9381021145537,55095.43788575587
1645257600000,145207.36733577587,145475.13695561388,1,55490.96952111288,1454.9381021145537,1454.9381021145537,55490.96952111288
1645272000000,146218.7120308695,145476.46336756373,1,54480.9512379691,1454.9381021145537,1454.9381021145537,54480.9512379691
1645286400000,145803.7569669905,145476.46336756373,1,54895.906301848096,1454.9381021145537,1454.9381021145537,54895.906301848096
1645300800000,146299.8296026763,145479.88722528255,1,54403.25752388112,1454.9381021145537,1454.9381021145537,54403.25752388112
1645315200000,145672.98259128464,145479.88722528255,1,55030.104535272796,1454.9381021145537,1454.9381021145537,55030.104535272796
1645329600000,146335.35364083006,145485.39323753866,1,54373.239497983486,1454.9381021145537,1454.9381021145537,54373.239497983486
1645344000000,147495.462053462,145485.39323753866,1,53213.13108535155,1454.9381021145537,1454.9381021145537,53213.13108535155
1645358400000,147479.92174165515,145487.51058802454,1,53230.78874764427,1454.9381021145537,1454.9381021145537,53230.78874764427
1645372800000,147672.39026064583,145487.51058802454,1,53038.32022865359,1454.9381021145537,1454.9381021145537,53038.32022865359
1645387200000,147562.92204085423,145492.81717313564,1,53153.09503355629,1454.9381021145537,1454.9381021145537,53153.09503355629
1645401600000,147299.82287269263,145492.81717313564,1,53416.194201717866,1454.9381021145537,1454.9381021145537,53416.194201717866
1645416000000,145898.22987752853,145898.22987752853,0,0.0,0.0,0.0,0.0
1645430400000,145898.22987752853,145898.22987752853,0,0.0,0.0,0.0,0.0
1645444800000,145898.22987752853,145898.22987752853,0,0.0,0.0,0.0,0.0
1645459200000,145898.22987752853,145898.22987752853,0,0.0,0.0,0.0,0.0
1645473600000,145898.22987752853,145898.22987752853,0,0.0,0.0,0.0,0.0
1645488000000,145898.22987752853,145898.22987752853,0,0.0,0.0,0.0,0.0
1645502400000,145898.22987752853,145898.22987752853,0,0.0,0.0,0.0,0.0
1645516800000,145898.22987752853,145898.22987752853,0,0.0,0.0,0.0,0.0
1645531200000,145898.22987752853,145898.22987752853,0,0.0,0.0,0.0,0.0
1645545600000,145898.22987752853,145898.22987752853,0,0.0,0.0,0.0,0.0
1645560000000,145898.22987752853,145898.22987752853,0,0.0,0.0,0.0,0.0
1645574400000,145898.22987752853,145898.22987752853,0,0.0,0.0,0.0,0.0
1645588800000,145898.22987752853,145898.22987752853,0,0.0,0.0,0.0,0.0
1645603200000,145898.22987752853,145898.22987752853,0,0.0,0.0,0.0,0.0
1645617600000,145898.22987752853,145898.22987752853,0,0.0,0.0,0.0,0.0
1645632000000,145898.22987752853,145898.22987752853,0,0.0,0.0,0.0,0.0
1645646400000,145898.22987752853,145898.22987752853,0,0.0,0.0,0.0,0.0
1645660800000,145898.22987752853,145898.22987752853,0,0.0,0.0,0.0,0.0
1645675200000,145898.22987752853,145898.22987752853,0,0.0,0.0,0.0,0.0
1645689600000,145898.22987752853,145898.22987752853,0,0.0,0.0,0.0,0.0
1645704000000,145898.22987752853,145898.22987752853,0,0.0,0.0,0.0,0.0
1645718400000,145898.22987752853,145898.22987752853,0,0.0,0.0,0.0,0.0
1645732800000,145898.22987752853,145898.22987752853,0,0.0,0.0,0.0,0.0
1645747200000,145898.22987752853,145898.22987752853,0,0.0,0.0,0.0,0.0
1645761600000,145898.22987752853,145898.22987752853,0,0.0,0.0,0.0,0.0
1645776000000,145898.22987752853,145898.22987752853,0,0.0,0.0,0.0,0.0
1645790400000,145898.22987752853,145898.22987752853,0,0.0,0.0,0.0,0.0
1645804800000,145898.22987752853,145898.22987752853,0,0.0,0.0,0.0,0.0
1645819200000,145898.22987752853,145898.22987752853,0,0.0,0.0,0.0,0.0
1645833600000,145898.22987752853,145898.22987752853,0,0.0,0.0,0.0,0.0
1645848000000,145898.22987752853,145898.22987752853,0,0.0,0.0,0.0,0.0
1645862400000,145898.22987752853,145898.22987752853,0,0.0,0.0,0.0,0.0
1645876800000,145898.22987752853,145898.22987752853,0,0.0,0.0,0.0,0.0
1645891200000,145898.22987752853,145898.22987752853,0,0.0,0.0,0.0,0.0
1645905600000,145898.22987752853,145898.22987752853,0,0.0,0.0,0.0,0.0
1645920000000,145898.22987752853,145898.22987752853,0,0.0,0.0,0.0,0.0
1645934400000,145898.22987752853,145898.22987752853,0,0.0,0.0,0.0,0.0
1645948800000,145898.22987752853,145898.22987752853,0,0.0,0.0,0.0,0.0
1645963200000,145898.22987752853,145898.22987752853,0,0.0,0.0,0.0,0.0
1645977600000,145898.22987752853,145898.22987752853,0,0.0,0.0,0.0,0.0
1645992000000,145898.22987752853,145898.22987752853,0,0.0,0.0,0.0,0.0
1646006400000,145898.22987752853,145898.22987752853,0,0.0,0.0,0.0,0.0
1646020800000,145898.22987752853,145898.22987752853,0,0.0,0.0,0.0,0.0
1646035200000,145898.22987752853,145898.22987752853,0,0.0,0.0,0.0,0.0
1646049600000,145898.22987752853,145898.22987752853,0,0.0,0.0,0.0,0.0
1646064000000,145898.22987752853,145898.22987752853,0,0.0,0.0,0.0,0.0
1646078400000,145898.22987752853,145898.22987752853,0,0.0,0.0,0.0,0.0
1646092800000,145898.22987752853,145898.22987752853,0,0.0,0.0,0.0,0.0
1646107200000,145898.22987752853,145898.22987752853,0,0.0,0.0,0.0,0.0
1646121600000,145898.22987752853,145898.22987752853,0,0.0,0.0,0.0,0.0
1646136000000,145898.22987752853,145898.22987752853,0,0.0,0.0,0.0,0.0
1646150400000,145898.22987752853,145898.22987752853,0,0.0,0.0,0.0,0.0
1646164800000,145898.22987752853,145898.22987752853,0,0.0,0.0,0.0,0.0
1646179200000,145898.22987752853,145898.22987752853,0,0.0,0.0,0.0,0.0
1646193600000,145898.22987752853,145898.22987752853,0,0.0,0.0,0.0,0.0
1646208000000,145898.22987752853,145898.22987752853,0,0.0,0.0,0.0,0.0
1646222400000,145898.22987752853,145898.22987752853,0,0.0,0.0,0.0,0.0
1646236800000,145898.22987752853,145898.22987752853,0,0.0,0.0,0.0,0.0
1646251200000,145898.22987752853,145898.22987752853,0,0.0,0.0,0.0,0.0
1646265600000,145898.22987752853,145898.22987752853,0,0.0,0.0,0.0,0.0
1646280000000,145898.22987752853,145898.22987752853,0,0.0,0.0,0.0,0.0
1646294400000,145898.22987752853,145898.22987752853,0,0.0,0.0,0.0,0.0
1646308800000,145898.22987752853,145898.22987752853,0,0.0,0.0,0.0,0.0
1646323200000,145898.22987752853,145898.22987752853,0,0.0,0.0,0.0,0.0
1646337600000,145898.22987752853,145898.22987752853,0,0.0,0.0,0.0,0.0
1646352000000,145898.22987752853,145898.22987752853,0,0.0,0.0,0.0,0.0
1646366400000,145898.22987752853,145898.22987752853,0,0.0,0.0,0.0,0.0
1646380800000,145898.22987752853,145898.22987752853,0,0.0,0.0,0.0,0.0
1646395200000,145898.22987752853,145898.22987752853,0,0.0,0.0,0.0,0.0
1646409600000,145898.22987752853,145898.22987752853,0,0.0,0.0,0.0,0.0
1646424000000,145898.22987752853,145898.22987752853,0,0.0,0.0,0.0,0.0
1646438400000,145898.22987752853,145898.22987752853,0,0.0,0.0,0.0,0.0
1646452800000,145898.22987752853,145898.22987752853,0,0.0,0.0,0.0,0.0
1646467200000,145898.22987752853,145898.22987752853,0,0.0,0.0,0.0,0.0
1646481600000,145898.22987752853,145898.22987752853,0,0.0,0.0,0.0,0.0
1646496000000,145898.22987752853,145898.22987752853,0,0.0,0.0,0.0,0.0
1646510400000,145898.22987752853,145898.22987752853,0,0.0,0.0,0.0,0.0
1646524800000,145898.22987752853,145898.22987752853,0,0.0,0.0,0.0,0.0
1646539200000,145898.22987752853,145898.22987752853,0,0.0,0.0,0.0,0.0
1646553600000,145898.22987752853,145898.22987752853,0,0.0,0.0,0.0,0.0
1646568000000,145898.22987752853,145898.22987752853,0,0.0,0.0,0.0,0.0
1646582400000,145898.22987752853,145898.22987752853,0,0.0,0.0,0.0,0.0
1646596800000,145898.22987752853,145898.22987752853,0,0.0,0.0,0.0,0.0
1646611200000,145898.22987752853,145898.22987752853,0,0.0,0.0,0.0,0.0
1646625600000,145898.22987752853,145898.22987752853,0,0.0,0.0,0.0,0.0
1646640000000,145898.22987752853,145898.22987752853,0,0.0,0.0,0.0,0.0
1646654400000,145898.22987752853,145898.22987752853,0,0.0,0.0,0.0,0.0
1646668800000,145898.22987752853,145898.22987752853,0,0.0,0.0,0.0,0.0
1646683200000,145898.22987752853,145898.22987752853,0,0.0,0.0,0.0,0.0
1646697600000,145898.22987752853,145898.22987752853,0,0.0,0.0,0.0,0.0
1646712000000,145898.22987752853,145898.22987752853,0,0.0,0.0,0.0,0.0
1646726400000,145898.22987752853,145898.22987752853,0,0.0,0.0,0.0,0.0
1646740800000,145898.22987752853,145898.22987752853,0,0.0,0.0,0.0,0.0
1646755200000,145898.22987752853,145898.22987752853,0,0.0,0.0,0.0,0.0
1646769600000,145898.22987752853,145898.22987752853,0,0.0,0.0,0.0,0.0
1646784000000,145898.22987752853,145898.22987752853,0,0.0,0.0,0.0,0.0
1646798400000,145898.22987752853,145898.22987752853,0,0.0,0.0,0.0,0.0
1646812800000,145898.22987752853,145898.22987752853,0,0.0,0.0,0.0,0.0
1646827200000,145898.22987752853,145898.22987752853,0,0.0,0.0,0.0,0.0
1646841600000,145898.22987752853,145898.22987752853,0,0.0,0.0,0.0,0.0
1646856000000,145898.22987752853,145898.22987752853,0,0.0,0.0,0.0,0.0
1646870400000,145898.22987752853,145898.22987752853,0,0.0,0.0,0.0,0.0
1646884800000,145898.22987752853,145898.22987752853,0,0.0,0.0,0.0,0.0
1646899200000,145898.22987752853,145898.22987752853,0,0.0,0.0,0.0,0.0
1646913600000,145898.22987752853,145898.22987752853,0,0.0,0.0,0.0,0.0
1646928000000,145898.22987752853,145898.22987752853,0,0.0,0.0,0.0,0.0
1646942400000,145898.22987752853,145898.22987752853,0,0.0,0.0,0.0,0.0
1646956800000,145898.22987752853,145898.22987752853,0,0.0,0.0,0.0,0.0
1646971200000,145898.22987752853,145898.22987752853,0,0.0,0.0,0.0,0.0
1646985600000,145898.22987752853,145898.22987752853,0,0.0,0.0,0.0,0.0
1647000000000,145898.22987752853,145898.22987752853,0,0.0,0.0,0.0,0.0
1647014400000,145898.22987752853,145898.22987752853,0,0.0,0.0,0.0,0.0
1647028800000,145898.22987752853,145898.22987752853,0,0.0,0.0,0.0,0.0
1647043200000,145898.22987752853,145898.22987752853,0,0.0,0.0,0.0,0.0
1647057600000,145898.22987752853,145898.22987752853,0,0.0,0.0,0.0,0.0
1647072000000,145898.22987752853,145898.22987752853,0,0.0,0.0,0.0,0.0
1647086400000,145898.22987752853,145898.22987752853,0,0.0,0.0,0.0,0.0
1647100800000,145898.22987752853,145898.22987752853,0,0.0,0.0,0.0,0.0
1647115200000,145898.22987752853,145898.22987752853,0,0.0,0.0,0.0,0.0
1647129600000,145898.22987752853,145898.22987752853,0,0.0,0.0,0.0,0.0
1647144000000,145898.22987752853,145898.22987752853,0,0.0,0.0,0.0,0.0
1647158400000,145898.22987752853,145898.22987752853,0,0.0,0.0,0.0,0.0
1647172800000,145898.22987752853,145898.22987752853,0,0.0,0.0,0.0,0.0
1647187200000,145898.22987752853,145898.22987752853,0,0.0,0.0,0.0,0.0
1647201600000,145898.22987752853,145898.22987752853,0,0.0,0.0,0.0,0.0
1647216000000,145898.22987752853,145898.22987752853,0,0.0,0.0,0.0,0.0
1647230400000,141947.30004540403,145704.3193975725,3,391577.9792642427,8737.470965751067,8737.470965751067,391577.9792642427
1647244800000,136570.1908613359,136570.1908613359,0,0.0,0.0,0.0,0.0
1647259200000,136570.1908613359,136570.1908613359,0,0.0,0.0,0.0,0.0
1647273600000,136570.1908613359,136570.1908613359,0,0.0,0.0,0.0,0.0
1647288000000,136570.1908613359,136570.1908613359,0,0.0,0.0,0.0,0.0
1647302400000,136570.1908613359,136570.1908613359,0,0.0,0.0,0.0,0.0
1647316800000,136570.1908613359,136570.1908613359,0,0.0,0.0,0.0,0.0
1647331200000,136570.1908613359,136570.1908613359,0,0.0,0.0,0.0,0.0
1647345600000,136570.1908613359,136570.1908613359,0,0.0,0.0,0.0,0.0
1647360000000,136570.1908613359,136570.1908613359,0,0.0,0.0,0.0,0.0
1647374400000,136570.1908613359,136570.1908613359,0,0.0,0.0,0.0,0.0
1647388800000,136570.1908613359,136570.1908613359,0,0.0,0.0,0.0,0.0
1647403200000,136570.1908613359,136570.1908613359,0,0.0,0.0,0.0,0.0
1647417600000,136570.1908613359,136570.1908613359,0,0.0,0.0,0.0,0.0
1647432000000,136570.1908613359,136570.1908613359,0,0.0,0.0,0.0,0.0
1647446400000,136570.1908613359,136570.1908613359,0,0.0,0.0,0.0,0.0
1647460800000,136570.1908613359,136570.1908613359,0,0.0,0.0,0.0,0.0
1647475200000,136570.1908613359,136570.1908613359,0,0.0,0.0,0.0,0.0
1647489600000,136570.1908613359,136570.1908613359,0,0.0,0.0,0.0,0.0
1647504000000,136570.1908613359,136570.1908613359,0,0.0,0.0,0.0,0.0
1647518400000,136570.1908613359,136570.1908613359,0,0.0,0.0,0.0,0.0
1647532800000,136570.1908613359,136570.1908613359,0,0.0,0.0,0.0,0.0
1647547200000,136570.1908613359,136570.1908613359,0,0.0,0.0,0.0,0.0
1647561600000,136570.1908613359,136570.1908613359,0,0.0,0.0,0.0,0.0
1647576000000,136570.1908613359,136570.1908613359,0,0.0,0.0,0.0,0.0
1647590400000,136570.1908613359,136570.1908613359,0,0.0,0.0,0.0,0.0
1647604800000,136570.1908613359,136570.1908613359,0,0.0,0.0,0.0,0.0
1647619200000,136570.1908613359,136570.1908613359,0,0.0,0.0,0.0,0.0
1647633600000,136570.1908613359,136570.1908613359,0,0.0,0.0,0.0,0.0
1647648000000,136570.1908613359,136570.1908613359,0,0.0,0.0,0.0,0.0
1647662400000,136570.1908613359,136570.1908613359,0,0.0,0.0,0.0,0.0
1647676800000,136570.1908613359,136570.1908613359,0,0.0,0.0,0.0,0.0
1647691200000,136570.1908613359,136570.1908613359,0,0.0,0.0,0.0,0.0
1647705600000,136570.1908613359,136570.1908613359,0,0.0,0.0,0.0,0.0
1647720000000,136570.1908613359,136570.1908613359,0,0.0,0.0,0.0,0.0
1647734400000,136570.1908613359,136570.1908613359,0,0.0,0.0,0.0,0.0
1647748800000,136570.1908613359,136570.1908613359,0,0.0,0.0,0.0,0.0
1647763200000,136570.1908613359,136570.1908613359,0,0.0,0.0,0.0,0.0
1647777600000,136570.1908613359,136570.1908613359,0,0.0,0.0,0.0,0.0
1647792000000,136570.1908613359,136570.1908613359,0,0.0,0.0,0.0,0.0
1647806400000,136570.1908613359,136570.1908613359,0,0.0,0.0,0.0,0.0
1647820800000,136570.1908613359,136570.1908613359,0,0.0,0.0,0.0,0.0
1647835200000,136570.1908613359,136570.1908613359,0,0.0,0.0,0.0,0.0
1647849600000,136570.1908613359,136570.1908613359,0,0.0,0.0,0.0,0.0
1647864000000,136570.1908613359,136570.1908613359,0,0.0,0.0,0.0,0.0
1647878400000,136570.1908613359,136570.1908613359,0,0.0,0.0,0.0,0.0
1647892800000,136570.1908613359,136570.1908613359,0,0.0,0.0,0.0,0.0
1647907200000,136570.1908613359,136570.1908613359,0,0.0,0.0,0.0,0.0
1647921600000,136570.1908613359,136570.1908613359,0,0.0,0.0,0.0,0.0
1647936000000,136570.1908613359,136570.1908613359,0,0.0,0.0,0.0,0.0
1647950400000,136570.1908613359,136570.1908613359,0,0.0,0.0,0.0,0.0
1647964800000,136570.1908613359,136570.1908613359,0,0.0,0.0,0.0,0.0
1647979200000,136570.1908613359,136570.1908613359,0,0.0,0.0,0.0,0.0
1647993600000,136570.1908613359,136570.1908613359,0,0.0,0.0,0.0,0.0
1648008000000,136570.1908613359,136570.1908613359,0,0.0,0.0,0.0,0.0
1648022400000,136570.1908613359,136570.1908613359,0,0.0,0.0,0.0,0.0
1648036800000,136570.1908613359,136570.1908613359,0,0.0,0.0,0.0,0.0
1648051200000,136570.1908613359,136570.1908613359,0,0.0,0.0,0.0,0.0
1648065600000,136570.1908613359,136570.1908613359,0,0.0,0.0,0.0,0.0
1648080000000,136570.1908613359,136570.1908613359,0,0.0,0.0,0.0,0.0
1648094400000,136570.1908613359,136570.1908613359,0,0.0,0.0,0.0,0.0
1648108800000,136570.1908613359,136570.1908613359,0,0.0,0.0,0.0,0.0
1648123200000,136570.1908613359,136570.1908613359,0,0.0,0.0,0.0,0.0
1648137600000,136570.1908613359,136570.1908613359,0,0.0,0.0,0.0,0.0
1648152000000,136570.1908613359,136570.1908613359,0,0.0,0.0,0.0,0.0
1648166400000,136570.1908613359,136570.1908613359,0,0.0,0.0,0.0,0.0
1648180800000,136570.1908613359,136570.1908613359,0,0.0,0.0,0.0,0.0
1648195200000,136570.1908613359,136570.1908613359,0,0.0,0.0,0.0,0.0
1648209600000,136570.1908613359,136570.1908613359,0,0.0,0.0,0.0,0.0
1648224000000,136570.1908613359,136570.1908613359,0,0.0,0.0,0.0,0.0
1648238400000,136570.1908613359,136570.1908613359,0,0.0,0.0,0.0,0.0
1648252800000,136570.1908613359,136570.1908613359,0,0.0,0.0,0.0,0.0
1648267200000,136570.1908613359,136570.1908613359,0,0.0,0.0,0.0,0.0
1648281600000,136570.1908613359,136570.1908613359,0,0.0,0.0,0.0,0.0
1648296000000,136570.1908613359,136570.1908613359,0,0.0,0.0,0.0,0.0
1648310400000,136570.1908613359,136570.1908613359,0,0.0,0.0,0.0,0.0
1648324800000,136570.1908613359,136570.1908613359,0,0.0,0.0,0.0,0.0
1648339200000,136570.1908613359,136570.1908613359,0,0.0,0.0,0.0,0.0
1648353600000,136570.1908613359,136570.1908613359,0,0.0,0.0,0.0,0.0
1648368000000,136570.1908613359,136570.1908613359,0,0.0,0.0,0.0,0.0
1648382400000,136570.1908613359,136570.1908613359,0,0.0,0.0,0.0,0.0
1648396800000,136570.1908613359,136570.1908613359,0,0.0,0.0,0.0,0.0
1648411200000,136570.1908613359,136570.1908613359,0,0.0,0.0,0.0,0.0
1648425600000,136570.1908613359,136570.1908613359,0,0.0,0.0,0.0,0.0
1648440000000,136570.1908613359,136570.1908613359,0,0.0,0.0,0.0,0.0
1648454400000,136570.1908613359,136570.1908613359,0,0.0,0.0,0.0,0.0
1648468800000,136570.1908613359,136570.1908613359,0,0.0,0.0,0.0,0.0
1648483200000,137124.2214436692,136446.02046238742,2,249018.99887824364,5460.223188842596,0.0,0.0
1648497600000,140353.4179797091,136421.117502702,2,252273.09837396897,5460.223188842596,0.0,0.0
1648512000000,135498.1364549909,136421.117502702,2,247417.81684925075,5460.223188842596,0.0,0.0
1648526400000,137337.7199414647,136396.3801152742,2,249282.13772315235,5460.223188842596,0.0,0.0
1648540800000,137912.23056880845,136396.3801152742,2,249856.6483504961,5460.223188842596,0.0,0.0
1648555200000,142133.41914357286,136371.39379357104,2,254102.82324696367,5460.223188842596,0.0,0.0
1648569600000,138678.961317387,136371.39379357104,2,250648.36542077782,5460.223188842596,0.0,0.0
1648584000000,140421.2573637185,136348.9486774377,2,252413.10658324265,5460.223188842596,0.0,0.0
1648598400000,138562.5121519181,136348.9486774377,2,250554.36137144227,5460.223188842596,0.0,0.0
1648612800000,137943.80787350406,136323.8917361588,2,249960.7140343071,5460.223188842596,0.0,0.0
1648627200000,138711.92503428453,136323.8917361588,2,250728.83119508758,5460.223188842596,0.0,0.0
1648641600000,138522.07445039714,136298.81661458145,2,250564.05573277755,5460.223188842596,0.0,0.0
1648656000000,137151.6597355445,136298.81661458145,2,249193.6410179249,5460.223188842596,0.0,0.0
1648670400000,137335.5280666812,136273.89480411285,2,249402.4311595302,5460.223188842596,0.0,0.0
1648684800000,136887.19189909432,135564.44402337974,1,120408.96773489655,2728.8193716158776,0.0,0.0
1648699200000,137290.611917255,135552.40312660625,1,120824.4286498307,2728.8193716158776,0.0,0.0
1648713600000,137448.8996802222,135552.40312660625,1,120982.7164127979,2728.8193716158776,0.0,0.0
1648728000000,137695.3939138447,135540.30139690926,1,121241.31237611736,2728.8193716158776,0.0,0.0
1648742400000,135596.03576320995,135540.30139690926,1,119141.95422548265,2728.8193716158776,0.0,0.0
1648756800000,135464.65344713145,135464.65344713145,0,0.0,0.0,0.0,0.0
1648771200000,135464.65344713145,135464.65344713145,0,0.0,0.0,0.0,0.0
1648785600000,135464.65344713145,135464.65344713145,0,0.0,0.0,0.0,0.0
1648800000000,135464.65344713145,135464.65344713145,0,0.0,0.0,0.0,0.0
1648814400000,135464.65344713145,135464.65344713145,0,0.0,0.0,0.0,0.0
1648828800000,135464.65344713145,135464.65344713145,0,0.0,0.0,0.0,0.0
1648843200000,135464.65344713145,135464.65344713145,0,0.0,0.0,0.0,0.0
1648857600000,135464.65344713145,135464.65344713145,0,0.0,0.0,0.0,0.0
1648872000000,135464.65344713145,135464.65344713145,0,0.0,0.0,0.0,0.0
1648886400000,135464.65344713145,135464.65344713145,0,0.0,0.0,0.0,0.0
1648900800000,135464.65344713145,135464.65344713145,0,0.0,0.0,0.0,0.0
1648915200000,135464.65344713145,135464.65344713145,0,0.0,0.0,0.0,0.0
1648929600000,135464.65344713145,135464.65344713145,0,0.0,0.0,0.0,0.0
1648944000000,135464.65344713145,135464.65344713145,0,0.0,0.0,0.0,0.0
1648958400000,135464.65344713145,135464.65344713145,0,0.0,0.0,0.0,0.0
1648972800000,135464.65344713145,135464.65344713145,0,0.0,0.0,0.0,0.0
1648987200000,135464.65344713145,135464.65344713145,0,0.0,0.0,0.0,0.0
1649001600000,135464.65344713145,135464.65344713145,0,0.0,0.0,0.0,0.0
1649016000000,135464.65344713145,135464.65344713145,0,0.0,0.0,0.0,0.0
1649030400000,135464.65344713145,135464.65344713145,0,0.0,0.0,0.0,0.0
1649044800000,135464.65344713145,135464.65344713145,0,0.0,0.0,0.0,0.0
1649059200000,135464.65344713145,135464.65344713145,0,0.0,0.0,0.0,0.0
1649073600000,135464.65344713145,135464.65344713145,0,0.0,0.0,0.0,0.0
1649088000000,135464.65344713145,135464.65344713145,0,0.0,0.0,0.0,0.0
1649102400000,135464.65344713145,135464.65344713145,0,0.0,0.0,0.0,0.0
1649116800000,135464.65344713145,135464.65344713145,0,0.0,0.0,0.0,0.0
1649131200000,135464.65344713145,135464.65344713145,0,0.0,0.0,0.0,0.0
1649145600000,135464.65344713145,135464.65344713145,0,0.0,0.0,0.0,0.0
1649160000000,135464.65344713145,135464.65344713145,0,0.0,0.0,0.0,0.0
1649174400000,135464.65344713145,135464.65344713145,0,0.0,0.0,0.0,0.0
1649188800000,135464.65344713145,135464.65344713145,0,0.0,0.0,0.0,0.0
1649203200000,135464.65344713145,135464.65344713145,0,0.0,0.0,0.0,0.0
1649217600000,135464.65344713145,135464.65344713145,0,0.0,0.0,0.0,0.0
1649232000000,135464.65344713145,135464.65344713145,0,0.0,0.0,0.0,0.0
1649246400000,135464.65344713145,135464.65344713145,0,0.0,0.0,0.0,0.0
1649260800000,135464.65344713145,135464.65344713145,0,0.0,0.0,0.0,0.0
1649275200000,135464.65344713145,135464.65344713145,0,0.0,0.0,0.0,0.0
1649289600000,135464.65344713145,135464.65344713145,0,0.0,0.0,0.0,0.0
1649304000000,135464.65344713145,135464.65344713145,0,0.0,0.0,0.0,0.0
1649318400000,135464.65344713145,135464.65344713145,0,0.0,0.0,0.0,0.0
1649332800000,135464.65344713145,135464.65344713145,0,0.0,0.0,0.0,0.0
1649347200000,135464.65344713145,135464.65344713145,0,0.0,0.0,0.0,0.0
1649361600000,135464.65344713145,135464.65344713145,0,0.0,0.0,0.0,0.0
1649376000000,135464.65344713145,135464.65344713145,0,0.0,0.0,0.0,0.0
1649390400000,135464.65344713145,135464.65344713145,0,0.0,0.0,0.0,0.0
1649404800000,135464.65344713145,135464.65344713145,0,0.0,0.0,0.0,0.0
1649419200000,135464.65344713145,135464.65344713145,0,0.0,0.0,0.0,0.0
1649433600000,135464.65344713145,135464.65344713145,0,0.0,0.0,0.0,0.0
1649448000000,135464.65344713145,135464.65344713145,0,0.0,0.0,0.0,0.0
1649462400000,135464.65344713145,135464.65344713145,0,0.0,0.0,0.0,0.0
1649476800000,135464.65344713145,135464.65344713145,0,0.0,0.0,0.0,0.0
1649491200000,135464.65344713145,135464.65344713145,0,0.0,0.0,0.0,0.0
1649505600000,135464.65344713145,135464.65344713145,0,0.0,0.0,0.0,0.0
1649520000000,135464.65344713145,135464.65344713145,0,0.0,0.0,0.0,0.0
1649534400000,135464.65344713145,135464.65344713145,0,0.0,0.0,0.0,0.0
1649548800000,135464.65344713145,135464.65344713145,0,0.0,0.0,0.0,0.0
1649563200000,135464.65344713145,135464.65344713145,0,0.0,0.0,0.0,0.0
1649577600000,135464.65344713145,135464.65344713145,0,0.0,0.0,0.0,0.0
1649592000000,135464.65344713145,135464.65344713145,0,0.0,0.0,0.0,0.0
1649606400000,135464.65344713145,135464.65344713145,0,0.0,0.0,0.0,0.0
1649620800000,135464.65344713145,135464.65344713145,0,0.0,0.0,0.0,0.0
1649635200000,135464.65344713145,135464.65344713145,0,0.0,0.0,0.0,0.0
1649649600000,135464.65344713145,135464.65344713145,0,0.0,0.0,0.0,0.0
1649664000000,135464.65344713145,135464.65344713145,0,0.0,0.0,0.0,0.0
1649678400000,135464.65344713145,135464.65344713145,0,0.0,0.0,0.0,0.0
1649692800000,135464.65344713145,135464.65344713145,0,0.0,0.0,0.0,0.0
1649707200000,135464.65344713145,135464.65344713145,0,0.0,0.0,0.0,0.0
1649721600000,135464.65344713145,135464.65344713145,0,0.0,0.0,0.0,0.0
1649736000000,135464.65344713145,135464.65344713145,0,0.0,0.0,0.0,0.0
1649750400000,135464.65344713145,135464.65344713145,0,0.0,0.0,0.0,0.0
1649764800000,135464.65344713145,135464.65344713145,0,0.0,0.0,0.0,0.0
1649779200000,135464.65344713145,135464.65344713145,0,0.0,0.0,0.0,0.0
1649793600000,135464.65344713145,135464.65344713145,0,0.0,0.0,0.0,0.0
1649808000000,135464.65344713145,135464.65344713145,0,0.0,0.0,0.0,0.0
1649822400000,135464.65344713145,135464.65344713145,0,0.0,0.0,0.0,0.0
1649836800000,135464.65344713145,135464.65344713145,0,0.0,0.0,0.0,0.0
1649851200000,135464.65344713145,135464.65344713145,0,0.0,0.0,0.0,0.0
1649865600000,135464.65344713145,135464.65344713145,0,0.0,0.0,0.0,0.0
1649880000000,135464.65344713145,135464.65344713145,0,0.0,0.0,0.0,0.0
1649894400000,135464.65344713145,135464.65344713145,0,0.0,0.0,0.0,0.0
1649908800000,135464.65344713145,135464.65344713145,0,0.0,0.0,0.0,0.0
1649923200000,135464.65344713145,135464.65344713145,0,0.0,0.0,0.0,0.0
1649937600000,135464.65344713145,135464.65344713145,0,0.0,0.0,0.0,0.0
1649952000000,135464.65344713145,135464.65344713145,0,0.0,0.0,0.0,0.0
1649966400000,135464.65344713145,135464.65344713145,0,0.0,0.0,0.0,0.0
1649980800000,135464.65344713145,135464.65344713145,0,0.0,0.0,0.0,0.0
1649995200000,135464.65344713145,135464.65344713145,0,0.0,0.0,0.0,0.0
1650009600000,135464.65344713145,135464.65344713145,0,0.0,0.0,0.0,0.0
1650024000000,135464.65344713145,135464.65344713145,0,0.0,0.0,0.0,0.0
1650038400000,135464.65344713145,135464.65344713145,0,0.0,0.0,0.0,0.0
1650052800000,135464.65344713145,135464.65344713145,0,0.0,0.0,0.0,0.0
1650067200000,135464.65344713145,135464.65344713145,0,0.0,0.0,0.0,0.0
1650081600000,135464.65344713145,135464.65344713145,0,0.0,0.0,0.0,0.0
1650096000000,135464.65344713145,135464.65344713145,0,0.0,0.0,0.0,0.0
1650110400000,135464.65344713145,135464.65344713145,0,0.0,0.0,0.0,0.0
1650124800000,135464.65344713145,135464.65344713145,0,0.0,0.0,0.0,0.0
1650139200000,135464.65344713145,135464.65344713145,0,0.0,0.0,0.0,0.0
1650153600000,135464.65344713145,135464.65344713145,0,0.0,0.0,0.0,0.0
1650168000000,135464.65344713145,135464.65344713145,0,0.0,0.0,0.0,0.0
1650182400000,135464.65344713145,135464.65344713145,0,0.0,0.0,0.0,0.0
1650196800000,135464.65344713145,135464.65344713145,0,0.0,0.0,0.0,0.0
1650211200000,135464.65344713145,135464.65344713145,0,0.0,0.0,0.0,0.0
1650225600000,135464.65344713145,135464.65344713145,0,0.0,0.0,0.0,0.0
1650240000000,135464.65344713145,135464.65344713145,0,0.0,0.0,0.0,0.0
1650254400000,135464.65344713145,135464.65344713145,0,0.0,0.0,0.0,0.0
1650268800000,135464.65344713145,135464.65344713145,0,0.0,0.0,0.0,0.0
1650283200000,135464.65344713145,135464.65344713145,0,0.0,0.0,0.0,0.0
1650297600000,135464.65344713145,135464.65344713145,0,0.0,0.0,0.0,0.0
1650312000000,135464.65344713145,135464.65344713145,0,0.0,0.0,0.0,0.0
1650326400000,135464.65344713145,135464.65344713145,0,0.0,0.0,0.0,0.0
1650340800000,135464.65344713145,135464.65344713145,0,0.0,0.0,0.0,0.0
1650355200000,135464.65344713145,135464.65344713145,0,0.0,0.0,0.0,0.0
1650369600000,135464.65344713145,135464.65344713145,0,0.0,0.0,0.0,0.0
1650384000000,135464.65344713145,135464.65344713145,0,0.0,0.0,0.0,0.0
1650398400000,135464.65344713145,135464.65344713145,0,0.0,0.0,0.0,0.0
1650412800000,135464.65344713145,135464.65344713145,0,0.0,0.0,0.0,0.0
1650427200000,135464.65344713145,135464.65344713145,0,0.0,0.0,0.0,0.0
1650441600000,135464.65344713145,135464.65344713145,0,0.0,0.0,0.0,0.0
1650456000000,135464.65344713145,135464.65344713145,0,0.0,0.0,0.0,0.0
1650470400000,135464.65344713145,135464.65344713145,0,0.0,0.0,0.0,0.0
1650484800000,135464.65344713145,135464.65344713145,0,0.0,0.0,0.0,0.0
1650499200000,135464.65344713145,135464.65344713145,0,0.0,0.0,0.0,0.0
1650513600000,135464.65344713145,135464.65344713145,0,0.0,0.0,0.0,0.0
1650528000000,135464.65344713145,135464.65344713145,0,0.0,0.0,0.0,0.0
1650542400000,135464.65344713145,135464.65344713145,0,0.0,0.0,0.0,0.0
1650556800000,135464.65344713145,135464.65344713145,0,0.0,0.0,0.0,0.0
1650571200000,135464.65344713145,135464.65344713145,0,0.0,0.0,0.0,0.0
1650585600000,135464.65344713145,135464.65344713145,0,0.0,0.0,0.0,0.0
1650600000000,135464.65344713145,135464.65344713145,0,0.0,0.0,0.0,0.0
1650614400000,135464.65344713145,135464.65344713145,0,0.0,0.0,0.0,0.0
1650628800000,135464.65344713145,135464.65344713145,0,0.0,0.0,0.0,0.0
1650643200000,135464.65344713145,135464.65344713145,0,0.0,0.0,0.0,0.0
1650657600000,134669.00838377766,135413.55926362294,1,102932.91789687763,2709.293068942629,2709.293068942629,102932.91789687763
1650672000000,135001.8553292809,135413.55926362294,1,102600.0709513744,2709.293068942629,2709.293068942629,102600.0709513744
1650686400000,135289.48779096207,135423.8192707181,1,102322.69849678835,2709.293068942629,2709.293068942629,102322.69849678835
1650700800000,135025.98395910536,135423.8192707181,1,102586.20232864509,2709.293068942629,2709.293068942629,102586.20232864509
1650715200000,135174.93214058847,135434.0812249082,1,102447.51610135207,2709.293068942629,2709.293068942629,102447.51610135207
1650729600000,134883.69106327315,135434.0812249082,1,102738.75717866741,2709.293068942629,2709.293068942629,102738.75717866741
1650744000000,135615.13054719017,135444.35232690154,1,102017.58879674372,2709.293068942629,2709.293068942629,102017.58879674372
1650758400000,136696.8831200757,135444.35232690154,1,100935.83622385818,2709.293068942629,2709.293068942629,100935.83622385818
1650772800000,136166.10041725534,135454.44591052394,1,101476.71251030095,2709.293068942629,2709.293068942629,101476.71251030095
1650787200000,136318.65526727765,135454.44591052394,1,101324.15766027862,2709.293068942629,2709.293068942629,101324.15766027862
1650801600000,136832.4117576523,135441.1947371851,1,100797.14999656517,2709.293068942629,2709.293068942629,100797.14999656517
1650816000000,137290.07630771925,135441.1947371851,1,100339.48544649819,2709.293068942629,2709.293068942629,100339.48544649819
1650830400000,137180.15078863638,135442.21819993667,1,100450.43442833262,2709.293068942629,2709.293068942629,100450.43442833262
1650844800000,138553.14443883728,135442.21819993667,1,99077.44077813174,2709.293068942629,2709.293068942629,99077.44077813174
1650859200000,140396.59043326072,138113.02462052208,1,48810.61769577753,1354.6465344713145,1354.6465344713145,48810.61769577753
1650873600000,142206.4456994346,138113.02462052208,1,47000.76242960365,1354.6465344713145,1354.6465344713145,47000.76242960365
1650888000000,135095.52024293446,131986.77137780236,1,47985.43464338408,1354.6465344713145,1354.6465344713145,47985.43464338408
1650902400000,135012.30850655865,131986.77137780236,1,48068.64637975988,1354.6465344713145,1354.6465344713145,48068.64637975988
1650916800000,134163.84246701884,134163.84246701884,0,0.0,0.0,0.0,0.0
1650931200000,134163.84246701884,134163.84246701884,0,0.0,0.0,0.0,0.0
1650945600000,134163.84246701884,134163.84246701884,0,0.0,0.0,0.0,0.0
1650960000000,134163.84246701884,134163.84246701884,0,0.0,0.0,0.0,0.0
1650974400000,134163.84246701884,134163.84246701884,0,0.0,0.0,0.0,0.0
1650988800000,134163.84246701884,134163.84246701884,0,0.0,0.0,0.0,0.0
1651003200000,134163.84246701884,134163.84246701884,0,0.0,0.0,0.0,0.0
1651017600000,135108.37825497868,134106.80798981496,1,113067.38414260732,2683.276849340377,2683.276849340377,113067.38414260732
1651032000000,131879.85239763284,134048.61442282042,2,236734.54256713606,5385.79125382317,5385.79125382317,236734.54256713606
1651046400000,128477.94174013963,128477.94174013963,0,0.0,0.0,0.0,0.0
1651060800000,128477.94174013963,128477.94174013963,0,0.0,0.0,0.0,0.0
1651075200000,128477.94174013963,128477.94174013963,0,0.0,0.0,0.0,0.0
1651089600000,128477.94174013963,128477.94174013963,0,0.0,0.0,0.0,0.0
1651104000000,128477.94174013963,128477.94174013963,0,0.0,0.0,0.0,0.0
1651118400000,128477.94174013963,128477.94174013963,0,0.0,0.0,0.0,0.0
1651132800000,128477.94174013963,128477.94174013963,0,0.0,0.0,0.0,0.0
1651147200000,128477.94174013963,128477.94174013963,0,0.0,0.0,0.0,0.0
1651161600000,128477.94174013963,128477.94174013963,0,0.0,0.0,0.0,0.0
1651176000000,128477.94174013963,128477.94174013963,0,0.0,0.0,0.0,0.0
1651190400000,128477.94174013963,128477.94174013963,0,0.0,0.0,0.0,0.0
1651204800000,128477.94174013963,128477.94174013963,0,0.0,0.0,0.0,0.0
1651219200000,128477.94174013963,128477.94174013963,0,0.0,0.0,0.0,0.0
1651233600000,128477.94174013963,128477.94174013963,0,0.0,0.0,0.0,0.0
1651248000000,128477.94174013963,128477.94174013963,0,0.0,0.0,0.0,0.0
1651262400000,128477.94174013963,128477.94174013963,0,0.0,0.0,0.0,0.0
1651276800000,127276.87554077829,128430.00453632933,1,97027.5366161635,2569.5588348027927,2569.5588348027927,97027.5366161635
1651291200000,127146.58482616204,128433.98654643206,1,97161.80934088248,2569.5588348027927,2569.5588348027927,97161.80934088248
1651305600000,127239.5428663521,128433.98654643206,1,97068.85130069243,2569.5588348027927,2569.5588348027927,97068.85130069243
1651320000000,127393.85137639438,128443.69366062313,1,96924.24990484121,2569.5588348027927,2569.5588348027927,96924.24990484121
1651334400000,129087.75344208001,128443.69366062313,1,95230.34783915558,2569.5588348027927,2569.5588348027927,95230.34783915558
1651348800000,129779.58773743978,128443.50699012353,1,94538.32687329622,2569.5588348027927,2569.5588348027927,94538.32687329622
1651363200000,135266.25511467634,130967.68683803958,1,43638.635533669454,1284.7794174013964,1284.7794174013964,43638.635533669454
1651377600000,133784.34243385133,133784.34243385133,0,0.0,0.0,0.0,0.0
1651392000000,133784.34243385133,133784.34243385133,0,0.0,0.0,0.0,0.0
1651406400000,133784.34243385133,133784.34243385133,0,0.0,0.0,0.0,0.0
1651420800000,133784.34243385133,133784.34243385133,0,0.0,0.0,0.0,0.0
1651435200000,133784.34243385133,133784.34243385133,0,0.0,0.0,0.0,0.0
1651449600000,133784.34243385133,133784.34243385133,0,0.0,0.0,0.0,0.0
1651464000000,133784.34243385133,133784.34243385133,0,0.0,0.0,0.0,0.0
1651478400000,133784.34243385133,133784.34243385133,0,0.0,0.0,0.0,0.0
1651492800000,133784.34243385133,133784.34243385133,0,0.0,0.0,0.0,0.0
1651507200000,133784.34243385133,133784.34243385133,0,0.0,0.0,0.0,0.0
1651521600000,133784.34243385133,133784.34243385133,0,0.0,0.0,0.0,0.0
1651536000000,133784.34243385133,133784.34243385133,0,0.0,0.0,0.0,0.0
1651550400000,133784.34243385133,133784.34243385133,0,0.0,0.0,0.0,0.0
1651564800000,133784.34243385133,133784.34243385133,0,0.0,0.0,0.0,0.0
1651579200000,133784.34243385133,133784.34243385133,0,0.0,0.0,0.0,0.0
1651593600000,133784.34243385133,133784.34243385133,0,0.0,0.0,0.0,0.0
1651608000000,133784.34243385133,133784.34243385133,0,0.0,0.0,0.0,0.0
1651622400000,133784.34243385133,133784.34243385133,0,0.0,0.0,0.0,0.0
1651636800000,133784.34243385133,133784.34243385133,0,0.0,0.0,0.0,0.0
1651651200000,133784.34243385133,133784.34243385133,0,0.0,0.0,0.0,0.0
1651665600000,133784.34243385133,133784.34243385133,0,0.0,0.0,0.0,0.0
1651680000000,133784.34243385133,133784.34243385133,0,0.0,0.0,0.0,0.0
1651694400000,133784.34243385133,133784.34243385133,0,0.0,0.0,0.0,0.0
1651708800000,133784.34243385133,133784.34243385133,0,0.0,0.0,0.0,0.0
1651723200000,133784.34243385133,133784.34243385133,0,0.0,0.0,0.0,0.0
1651737600000,133784.34243385133,133784.34243385133,0,0.0,0.0,0.0,0.0
1651752000000,133784.34243385133,133784.34243385133,0,0.0,0.0,0.0,0.0
1651766400000,133784.34243385133,133784.34243385133,0,0.0,0.0,0.0,0.0
1651780800000,133784.34243385133,133784.34243385133,0,0.0,0.0,0.0,0.0
1651795200000,133784.34243385133,133784.34243385133,0,0.0,0.0,0.0,0.0
1651809600000,133784.34243385133,133784.34243385133,0,0.0,0.0,0.0,0.0
1651824000000,133784.34243385133,133784.34243385133,0,0.0,0.0,0.0,0.0
1651838400000,133784.34243385133,133784.34243385133,0,0.0,0.0,0.0,0.0
1651852800000,133784.34243385133,133784.34243385133,0,0.0,0.0,0.0,0.0
1651867200000,133784.34243385133,133784.34243385133,0,0.0,0.0,0.0,0.0
1651881600000,133784.34243385133,133784.34243385133,0,0.0,0.0,0.0,0.0
1651896000000,133784.34243385133,133784.34243385133,0,0.0,0.0,0.0,0.0
1651910400000,133784.34243385133,133784.34243385133,0,0.0,0.0,0.0,0.0
1651924800000,133784.34243385133,133784.34243385133,0,0.0,0.0,0.0,0.0
1651939200000,133784.34243385133,133784.34243385133,0,0.0,0.0,0.0,0.0
1651953600000,133784.34243385133,133784.34243385133,0,0.0,0.0,0.0,0.0
1651968000000,133784.34243385133,133784.34243385133,0,0.0,0.0,0.0,0.0
1651982400000,133784.34243385133,133784.34243385133,0,0.0,0.0,0.0,0.0
1651996800000,133784.34243385133,133784.34243385133,0,0.0,0.0,0.0,0.0
1652011200000,133784.34243385133,133784.34243385133,0,0.0,0.0,0.0,0.0
1652025600000,133784.34243385133,133784.34243385133,0,0.0,0.0,0.0,0.0
1652040000000,133784.34243385133,133784.34243385133,0,0.0,0.0,0.0,0.0
1652054400000,133784.34243385133,133784.34243385133,0,0.0,0.0,0.0,0.0
1652068800000,133784.34243385133,133784.34243385133,0,0.0,0.0,0.0,0.0
1652083200000,133784.34243385133,133784.34243385133,0,0.0,0.0,0.0,0.0
1652097600000,133784.34243385133,133784.34243385133,0,0.0,0.0,0.0,0.0
1652112000000,133784.34243385133,133784.34243385133,0,0.0,0.0,0.0,0.0
1652126400000,133784.34243385133,133784.34243385133,0,0.0,0.0,0.0,0.0
1652140800000,133784.34243385133,133784.34243385133,0,0.0,0.0,0.0,0.0
1652155200000,133784.34243385133,133784.34243385133,0,0.0,0.0,0.0,0.0
1652169600000,133784.34243385133,133784.34243385133,0,0.0,0.0,0.0,0.0
1652184000000,133784.34243385133,133784.34243385133,0,0.0,0.0,0.0,0.0
1652198400000,133784.34243385133,133784.34243385133,0,0.0,0.0,0.0,0.0
1652212800000,133784.34243385133,133784.34243385133,0,0.0,0.0,0.0,0.0
1652227200000,133784.34243385133,133784.34243385133,0,0.0,0.0,0.0,0.0
1652241600000,133784.34243385133,133784.34243385133,0,0.0,0.0,0.0,0.0
1652256000000,133784.34243385133,133784.34243385133,0,0.0,0.0,0.0,0.0
1652270400000,133784.34243385133,133784.34243385133,0,0.0,0.0,0.0,0.0
1652284800000,133784.34243385133,133784.34243385133,0,0.0,0.0,0.0,0.0
1652299200000,133784.34243385133,133784.34243385133,0,0.0,0.0,0.0,0.0
1652313600000,133784.34243385133,133784.34243385133,0,0.0,0.0,0.0,0.0
1652328000000,133784.34243385133,133784.34243385133,0,0.0,0.0,0.0,0.0
1652342400000,133784.34243385133,133784.34243385133,0,0.0,0.0,0.0,0.0
1652356800000,133784.34243385133,133784.34243385133,0,0.0,0.0,0.0,0.0
1652371200000,133784.34243385133,133784.34243385133,0,0.0,0.0,0.0,0.0
1652385600000,133784.34243385133,133784.34243385133,0,0.0,0.0,0.0,0.0
1652400000000,133784.34243385133,133784.34243385133,0,0.0,0.0,0.0,0.0
1652414400000,133784.34243385133,133784.34243385133,0,0.0,0.0,0.0,0.0
1652428800000,133784.34243385133,133784.34243385133,0,0.0,0.0,0.0,0.0
1652443200000,133784.34243385133,133784.34243385133,0,0.0,0.0,0.0,0.0
1652457600000,133784.34243385133,133784.34243385133,0,0.0,0.0,0.0,0.0
1652472000000,133784.34243385133,133784.34243385133,0,0.0,0.0,0.0,0.0
1652486400000,133784.34243385133,133784.34243385133,0,0.0,0.0,0.0,0.0
1652500800000,133784.34243385133,133784.34243385133,0,0.0,0.0,0.0,0.0
1652515200000,133784.34243385133,133784.34243385133,0,0.0,0.0,0.0,0.0
1652529600000,133784.34243385133,133784.34243385133,0,0.0,0.0,0.0,0.0
1652544000000,133784.34243385133,133784.34243385133,0,0.0,0.0,0.0,0.0
1652558400000,133784.34243385133,133784.34243385133,0,0.0,0.0,0.0,0.0
1652572800000,133784.34243385133,133784.34243385133,0,0.0,0.0,0.0,0.0
1652587200000,133784.34243385133,133784.34243385133,0,0.0,0.0,0.0,0.0
1652601600000,133784.34243385133,133784.34243385133,0,0.0,0.0,0.0,0.0
1652616000000,133784.34243385133,133784.34243385133,0,0.0,0.0,0.0,0.0
1652630400000,133784.34243385133,133784.34243385133,0,0.0,0.0,0.0,0.0
1652644800000,133784.34243385133,133784.34243385133,0,0.0,0.0,0.0,0.0
1652659200000,133784.34243385133,133784.34243385133,0,0.0,0.0,0.0,0.0
1652673600000,133784.34243385133,133784.34243385133,0,0.0,0.0,0.0,0.0
1652688000000,133784.34243385133,133784.34243385133,0,0.0,0.0,0.0,0.0
1652702400000,133784.34243385133,133784.34243385133,0,0.0,0.0,0.0,0.0
1652716800000,133784.34243385133,133784.34243385133,0,0.0,0.0,0.0,0.0
1652731200000,133784.34243385133,133784.34243385133,0,0.0,0.0,0.0,0.0
1652745600000,133784.34243385133,133784.34243385133,0,0.0,0.0,0.0,0.0
1652760000000,133784.34243385133,133784.34243385133,0,0.0,0.0,0.0,0.0
1652774400000,133784.34243385133,133784.34243385133,0,0.0,0.0,0.0,0.0
1652788800000,133784.34243385133,133784.34243385133,0,0.0,0.0,0.0,0.0
1652803200000,133784.34243385133,133784.34243385133,0,0.0,0.0,0.0,0.0
1652817600000,133784.34243385133,133784.34243385133,0,0.0,0.0,0.0,0.0
1652832000000,133784.34243385133,133784.34243385133,0,0.0,0.0,0.0,0.0
1652846400000,133784.34243385133,133784.34243385133,0,0.0,0.0,0.0,0.0
1652860800000,133784.34243385133,133784.34243385133,0,0.0,0.0,0.0,0.0
1652875200000,133784.34243385133,133784.34243385133,0,0.0,0.0,0.0,0.0
1652889600000,133784.34243385133,133784.34243385133,0,0.0,0.0,0.0,0.0
1652904000000,133784.34243385133,133784.34243385133,0,0.0,0.0,0.0,0.0
1652918400000,133784.34243385133,133784.34243385133,0,0.0,0.0,0.0,0.0
1652932800000,133784.34243385133,133784.34243385133,0,0.0,0.0,0.0,0.0
1652947200000,133784.34243385133,133784.34243385133,0,0.0,0.0,0.0,0.0
1652961600000,133784.34243385133,133784.34243385133,0,0.0,0.0,0.0,0.0
1652976000000,133784.34243385133,133784.34243385133,0,0.0,0.0,0.0,0.0
1652990400000,133784.34243385133,133784.34243385133,0,0.0,0.0,0.0,0.0
1653004800000,133784.34243385133,133784.34243385133,0,0.0,0.0,0.0,0.0
1653019200000,133784.34243385133,133784.34243385133,0,0.0,0.0,0.0,0.0
1653033600000,133784.34243385133,133784.34243385133,0,0.0,0.0,0.0,0.0
1653048000000,133784.34243385133,133784.34243385133,0,0.0,0.0,0.0,0.0
1653062400000,133784.34243385133,133784.34243385133,0,0.0,0.0,0.0,0.0
1653076800000,133784.34243385133,133784.34243385133,0,0.0,0.0,0.0,0.0
1653091200000,133784.34243385133,133784.34243385133,0,0.0,0.0,0.0,0.0
1653105600000,133784.34243385133,133784.34243385133,0,0.0,0.0,0.0,0.0
1653120000000,133784.34243385133,133784.34243385133,0,0.0,0.0,0.0,0.0
1653134400000,133784.34243385133,133784.34243385133,0,0.0,0.0,0.0,0.0
1653148800000,133784.34243385133,133784.34243385133,0,0.0,0.0,0.0,0.0
1653163200000,133784.34243385133,133784.34243385133,0,0.0,0.0,0.0,0.0
1653177600000,133784.34243385133,133784.34243385133,0,0.0,0.0,0.0,0.0
1653192000000,133784.34243385133,133784.34243385133,0,0.0,0.0,0.0,0.0
1653206400000,133784.34243385133,133784.34243385133,0,0.0,0.0,0.0,0.0
1653220800000,133784.34243385133,133784.34243385133,0,0.0,0.0,0.0,0.0
1653235200000,133784.34243385133,133784.34243385133,0,0.0,0.0,0.0,0.0
1653249600000,133784.34243385133,133784.34243385133,0,0.0,0.0,0.0,0.0
1653264000000,133784.34243385133,133784.34243385133,0,0.0,0.0,0.0,0.0
1653278400000,133784.34243385133,133784.34243385133,0,0.0,0.0,0.0,0.0
1653292800000,133784.34243385133,133784.34243385133,0,0.0,0.0,0.0,0.0
1653307200000,133784.34243385133,133784.34243385133,0,0.0,0.0,0.0,0.0
1653321600000,133784.34243385133,133784.34243385133,0,0.0,0.0,0.0,0.0
1653336000000,133784.34243385133,133784.34243385133,0,0.0,0.0,0.0,0.0
1653350400000,133784.34243385133,133784.34243385133,0,0.0,0.0,0.0,0.0
1653364800000,133784.34243385133,133784.34243385133,0,0.0,0.0,0.0,0.0
1653379200000,133784.34243385133,133784.34243385133,0,0.0,0.0,0.0,0.0
1653393600000,133784.34243385133,133784.34243385133,0,0.0,0.0,0.0,0.0
1653408000000,133784.34243385133,133784.34243385133,0,0.0,0.0,0.0,0.0
1653422400000,133784.34243385133,133784.34243385133,0,0.0,0.0,0.0,0.0
1653436800000,133784.34243385133,133784.34243385133,0,0.0,0.0,0.0,0.0
1653451200000,133784.34243385133,133784.34243385133,0,0.0,0.0,0.0,0.0
1653465600000,133784.34243385133,133784.34243385133,0,0.0,0.0,0.0,0.0
1653480000000,133784.34243385133,133784.34243385133,0,0.0,0.0,0.0,0.0
1653494400000,130947.80375115875,130947.80375115875,0,0.0,0.0,0.0,0.0
1653508800000,130947.80375115875,130947.80375115875,0,0.0,0.0,0.0,0.0
1653523200000,130947.80375115875,130947.80375115875,0,0.0,0.0,0.0,0.0
1653537600000,130947.80375115875,130947.80375115875,0,0.0,0.0,0.0,0.0
1653552000000,130947.80375115875,130947.80375115875,0,0.0,0.0,0.0,0.0
1653566400000,130947.80375115875,130947.80375115875,0,0.0,0.0,0.0,0.0
1653580800000,128228.03497988265,128228.03497988265,0,0.0,0.0,0.0,0.0
1653595200000,128228.03497988265,128228.03497988265,0,0.0,0.0,0.0,0.0
1653609600000,128228.03497988265,128228.03497988265,0,0.0,0.0,0.0,0.0
1653624000000,128228.03497988265,128228.03497988265,0,0.0,0.0,0.0,0.0
1653638400000,128228.03497988265,128228.03497988265,0,0.0,0.0,0.0,0.0
1653652800000,128228.03497988265,128228.03497988265,0,0.0,0.0,0.0,0.0
1653667200000,128228.03497988265,128228.03497988265,0,0.0,0.0,0.0,0.0
1653681600000,128228.03497988265,128228.03497988265,0,0.0,0.0,0.0,0.0
1653696000000,128228.03497988265,128228.03497988265,0,0.0,0.0,0.0,0.0
1653710400000,128228.03497988265,128228.03497988265,0,0.0,0.0,0.0,0.0
1653724800000,128228.03497988265,128228.03497988265,0,0.0,0.0,0.0,0.0
1653739200000,128228.03497988265,128228.03497988265,0,0.0,0.0,0.0,0.0
1653753600000,128228.03497988265,128228.03497988265,0,0.0,0.0,0.0,0.0
1653768000000,128228.03497988265,128228.03497988265,0,0.0,0.0,0.0,0.0
1653782400000,128228.03497988265,128228.03497988265,0,0.0,0.0,0.0,0.0
1653796800000,128228.03497988265,128228.03497988265,0,0.0,0.0,0.0,0.0
1653811200000,128228.03497988265,128228.03497988265,0,0.0,0.0,0.0,0.0
1653825600000,128228.03497988265,128228.03497988265,0,0.0,0.0,0.0,0.0
1653840000000,128228.03497988265,128228.03497988265,0,0.0,0.0,0.0,0.0
1653854400000,128228.03497988265,128228.03497988265,0,0.0,0.0,0.0,0.0
1653868800000,128228.03497988265,128228.03497988265,0,0.0,0.0,0.0,0.0
1653883200000,128228.03497988265,128228.03497988265,0,0.0,0.0,0.0,0.0
1653897600000,128228.03497988265,128228.03497988265,0,0.0,0.0,0.0,0.0
1653912000000,128228.03497988265,128228.03497988265,0,0.0,0.0,0.0,0.0
1653926400000,128228.03497988265,128228.03497988265,0,0.0,0.0,0.0,0.0
1653940800000,128228.03497988265,128228.03497988265,0,0.0,0.0,0.0,0.0
1653955200000,128228.03497988265,128228.03497988265,0,0.0,0.0,0.0,0.0
1653969600000,128228.03497988265,128228.03497988265,0,0.0,0.0,0.0,0.0
1653984000000,128228.03497988265,128228.03497988265,0,0.0,0.0,0.0,0.0
1653998400000,128228.03497988265,128228.03497988265,0,0.0,0.0,0.0,0.0
1654012800000,128228.03497988265,128228.03497988265,0,0.0,0.0,0.0,0.0
1654027200000,128228.03497988265,128228.03497988265,0,0.0,0.0,0.0,0.0
1654041600000,128228.03497988265,128228.03497988265,0,0.0,0.0,0.0,0.0
1654056000000,128228.03497988265,128228.03497988265,0,0.0,0.0,0.0,0.0
1654070400000,128228.03497988265,128228.03497988265,0,0.0,0.0,0.0,0.0
1654084800000,128228.03497988265,128228.03497988265,0,0.0,0.0,0.0,0.0
1654099200000,128228.03497988265,128228.03497988265,0,0.0,0.0,0.0,0.0
1654113600000,128228.03497988265,128228.03497988265,0,0.0,0.0,0.0,0.0
1654128000000,128228.03497988265,128228.03497988265,0,0.0,0.0,0.0,0.0
1654142400000,128228.03497988265,128228.03497988265,0,0.0,0.0,0.0,0.0
1654156800000,128228.03497988265,128228.03497988265,0,0.0,0.0,0.0,0.0
1654171200000,128228.03497988265,128228.03497988265,0,0.0,0.0,0.0,0.0
1654185600000,128228.03497988265,128228.03497988265,0,0.0,0.0,0.0,0.0
1654200000000,128228.03497988265,128228.03497988265,0,0.0,0.0,0.0,0.0
1654214400000,128228.03497988265,128228.03497988265,0,0.0,0.0,0.0,0.0
1654228800000,128228.03497988265,128228.03497988265,0,0.0,0.0,0.0,0.0
1654243200000,128228.03497988265,128228.03497988265,0,0.0,0.0,0.0,0.0
1654257600000,128228.03497988265,128228.03497988265,0,0.0,0.0,0.0,0.0
1654272000000,128228.03497988265,128228.03497988265,0,0.0,0.0,0.0,0.0
1654286400000,128228.03497988265,128228.03497988265,0,0.0,0.0,0.0,0.0
1654300800000,128228.03497988265,128228.03497988265,0,0.0,0.0,0.0,0.0
1654315200000,128228.03497988265,128228.03497988265,0,0.0,0.0,0.0,0.0
1654329600000,128228.03497988265,128228.03497988265,0,0.0,0.0,0.0,0.0
1654344000000,128228.03497988265,128228.03497988265,0,0.0,0.0,0.0,0.0
1654358400000,128228.03497988265,128228.03497988265,0,0.0,0.0,0.0,0.0
1654372800000,128228.03497988265,128228.03497988265,0,0.0,0.0,0.0,0.0
1654387200000,128228.03497988265,128228.03497988265,0,0.0,0.0,0.0,0.0
1654401600000,128228.03497988265,128228.03497988265,0,0.0,0.0,0.0,0.0
1654416000000,128228.03497988265,128228.03497988265,0,0.0,0.0,0.0,0.0
1654430400000,128228.03497988265,128228.03497988265,0,0.0,0.0,0.0,0.0
1654444800000,128228.03497988265,128228.03497988265,0,0.0,0.0,0.0,0.0
1654459200000,128228.03497988265,128228.03497988265,0,0.0,0.0,0.0,0.0
1654473600000,128228.03497988265,128228.03497988265,0,0.0,0.0,0.0,0.0
1654488000000,128228.03497988265,128228.03497988265,0,0.0,0.0,0.0,0.0
1654502400000,128228.03497988265,128228.03497988265,0,0.0,0.0,0.0,0.0
1654516800000,128228.03497988265,128228.03497988265,0,0.0,0.0,0.0,0.0
1654531200000,128228.03497988265,128228.03497988265,0,0.0,0.0,0.0,0.0
1654545600000,128228.03497988265,128228.03497988265,0,0.0,0.0,0.0,0.0
1654560000000,128228.03497988265,128228.03497988265,0,0.0,0.0,0.0,0.0
1654574400000,128228.03497988265,128228.03497988265,0,0.0,0.0,0.0,0.0
1654588800000,128108.3718504843,128131.3264188992,2,193440.07653529826,5126.925353526746,5126.925353526746,193440.07653529826
1654603200000,131573.7407545491,128094.84433667625,2,189938.2255490105,5126.925353526746,5126.925353526746,189938.2255490105
1654617600000,128052.23345791416,128094.84433667625,2,193459.73284564546,5126.925353526746,5126.925353526746,193459.73284564546
1654632000000,123957.3896682101,123957.3896682101,0,0.0,0.0,0.0,0.0
1654646400000,123957.3896682101,123957.3896682101,0,0.0,0.0,0.0,0.0
1654660800000,123957.3896682101,123957.3896682101,0,0.0,0.0,0.0,0.0
1654675200000,123957.3896682101,123957.3896682101,0,0.0,0.0,0.0,0.0
1654689600000,123957.3896682101,123957.3896682101,0,0.0,0.0,0.0,0.0
1654704000000,123957.3896682101,123957.3896682101,0,0.0,0.0,0.0,0.0
1654718400000,123957.3896682101,123957.3896682101,0,0.0,0.0,0.0,0.0
1654732800000,123957.3896682101,123957.3896682101,0,0.0,0.0,0.0,0.0
1654747200000,123957.3896682101,123957.3896682101,0,0.0,0.0,0.0,0.0
1654761600000,123957.3896682101,123957.3896682101,0,0.0,0.0,0.0,0.0
1654776000000,123957.3896682101,123957.3896682101,0,0.0,0.0,0.0,0.0
1654790400000,123957.3896682101,123957.3896682101,0,0.0,0.0,0.0,0.0
1654804800000,123957.3896682101,123957.3896682101,0,0.0,0.0,0.0,0.0
1654819200000,123957.3896682101,123957.3896682101,0,0.0,0.0,0.0,0.0
1654833600000,123957.3896682101,123957.3896682101,0,0.0,0.0,0.0,0.0
1654848000000,123957.3896682101,123957.3896682101,0,0.0,0.0,0.0,0.0
1654862400000,123957.3896682101,123957.3896682101,0,0.0,0.0,0.0,0.0
1654876800000,123957.3896682101,123957.3896682101,0,0.0,0.0,0.0,0.0
1654891200000,126585.11392335508,123895.68000050596,1,120729.90148543855,2479.1477933642022,2479.1477933642022,120729.90148543855
1654905600000,127144.61947525325,123824.56713920883,3,262325.00566651014,7540.861828581487,7540.861828581487,262325.00566651014
1654920000000,124527.2718466998,123784.07595727981,3,264901.8621131346,7540.861828581487,7540.861828581487,264901.8621131346
1654934400000,122473.62328544201,123784.07595727981,3,266955.51067439234,7540.861828581487,7540.861828581487,266955.51067439234
1654948800000,135230.28573183678,126196.26102536186,3,194901.3655919358,6301.287931899386,6301.287931899386,194901.3655919358
1654963200000,142839.7763956698,131191.9074005304,3,121174.6600061379,3770.4309142907437,3770.4309142907437,121174.6600061379
1654977600000,140879.4382350404,131149.00842250715,3,123092.09918874402,3770.4309142907437,3770.4309142907437,123092.09918874402
1654992000000,142698.83418897062,131149.00842250715,3,121272.70323481382,3770.4309142907437,3770.4309142907437,121272.70323481382
1655006400000,149009.631462179,131123.21720244622,3,114936.11474154449,3770.4309142907437,3770.4309142907437,114936.11474154449
1655020800000,148079.83990570568,131123.21720244622,3,115865.90629801781,3770.4309142907437,3770.4309142907437,115865.90629801781
1655035200000,148979.67653623,131081.01001398542,3,114923.8624790327,3770.4309142907437,3770.4309142907437,114923.8624790327
1655049600000,146254.73118599935,131081.01001398542,3,117648.80782926333,3770.4309142907437,3770.4309142907437,117648.80782926333
1655064000000,146503.99460033933,137784.04450037755,2,62392.91119717168,2530.8570176086423,2530.8570176086423,62392.91119717168
1655078400000,149904.61944742678,137784.04450037755,2,58992.286350084236,2530.8570176086423,2530.8570176086423,58992.286350084236
1655092800000,152272.08903375364,137769.629508174,2,56610.40177155379,2530.8570176086423,2530.8570176086423,56610.40177155379
1655107200000,154396.97641865705,137769.629508174,2,54485.514386650386,2530.8570176086423,2530.8570176086423,54485.514386650386
1655121600000,156671.64242143487,137751.01597374183,2,52192.234849440414,2530.8570176086423,2530.8570176086423,52192.234849440414
1655136000000,154974.4327224864,137751.01597374183,2,53889.44454838887,2530.8570176086423,2530.8570176086423,53889.44454838887
1655150400000,154983.75784878572,137747.28353196173,2,53876.386980309435,2530.8570176086423,2530.8570176086423,53876.386980309435
1655164800000,154939.18830331322,144616.59445110062,1,31929.88066792224,1265.8511392335508,1265.8511392335508,31929.88066792224
1655179200000,154005.93538236138,144619.79025361672,1,32866.32939139016,1265.8511392335508,1265.8511392335508,32866.32939139016
1655193600000,153218.10645342403,153218.10645342403,0,0.0,0.0,0.0,0.0
1655208000000,153218.10645342403,153218.10645342403,0,0.0,0.0,0.0,0.0
1655222400000,153218.10645342403,153218.10645342403,0,0.0,0.0,0.0,0.0
1655236800000,153218.10645342403,153218.10645342403,0,0.0,0.0,0.0,0.0
1655251200000,153218.10645342403,153218.10645342403,0,0.0,0.0,0.0,0.0
1655265600000,153218.10645342403,153218.10645342403,0,0.0,0.0,0.0,0.0
1655280000000,153218.10645342403,153218.10645342403,0,0.0,0.0,0.0,0.0
1655294400000,153218.10645342403,153218.10645342403,0,0.0,0.0,0.0,0.0
1655308800000,153218.10645342403,153218.10645342403,0,0.0,0.0,0.0,0.0
1655323200000,153218.10645342403,153218.10645342403,0,0.0,0.0,0.0,0.0
1655337600000,153218.10645342403,153218.10645342403,0,0.0,0.0,0.0,0.0
1655352000000,153218.10645342403,153218.10645342403,0,0.0,0.0,0.0,0.0
1655366400000,153218.10645342403,153218.10645342403,0,0.0,0.0,0.0,0.0
1655380800000,153218.10645342403,153218.10645342403,0,0.0,0.0,0.0,0.0
1655395200000,153218.10645342403,153218.10645342403,0,0.0,0.0,0.0,0.0
1655409600000,153218.10645342403,153218.10645342403,0,0.0,0.0,0.0,0.0
1655424000000,153218.10645342403,153218.10645342403,0,0.0,0.0,0.0,0.0
1655438400000,153218.10645342403,153218.10645342403,0,0.0,0.0,0.0,0.0
1655452800000,153218.10645342403,153218.10645342403,0,0.0,0.0,0.0,0.0
1655467200000,153218.10645342403,153218.10645342403,0,0.0,0.0,0.0,0.0
1655481600000,153218.10645342403,153218.10645342403,0,0.0,0.0,0.0,0.0
1655496000000,153218.10645342403,153218.10645342403,0,0.0,0.0,0.0,0.0
1655510400000,153218.10645342403,153218.10645342403,0,0.0,0.0,0.0,0.0
1655524800000,153218.10645342403,153218.10645342403,0,0.0,0.0,0.0,0.0
1655539200000,153218.10645342403,153218.10645342403,0,0.0,0.0,0.0,0.0
1655553600000,153218.10645342403,153218.10645342403,0,0.0,0.0,0.0,0.0
1655568000000,153218.10645342403,153218.10645342403,0,0.0,0.0,0.0,0.0
1655582400000,153218.10645342403,153218.10645342403,0,0.0,0.0,0.0,0.0
1655596800000,153218.10645342403,153218.10645342403,0,0.0,0.0,0.0,0.0
1655611200000,153218.10645342403,153218.10645342403,0,0.0,0.0,0.0,0.0
1655625600000,153218.10645342403,153218.10645342403,0,0.0,0.0,0.0,0.0
1655640000000,153218.10645342403,153218.10645342403,0,0.0,0.0,0.0,0.0
1655654400000,153218.10645342403,153218.10645342403,0,0.0,0.0,0.0,0.0
1655668800000,153218.10645342403,153218.10645342403,0,0.0,0.0,0.0,0.0
1655683200000,153218.10645342403,153218.10645342403,0,0.0,0.0,0.0,0.0
1655697600000,153218.10645342403,153218.10645342403,0,0.0,0.0,0.0,0.0
1655712000000,153218.10645342403,153218.10645342403,0,0.0,0.0,0.0,0.0
1655726400000,153218.10645342403,153218.10645342403,0,0.0,0.0,0.0,0.0
1655740800000,153218.10645342403,153218.10645342403,0,0.0,0.0,0.0,0.0
1655755200000,153218.10645342403,153218.10645342403,0,0.0,0.0,0.0,0.0
1655769600000,153218.10645342403,153218.10645342403,0,0.0,0.0,0.0,0.0
1655784000000,153218.10645342403,153218.10645342403,0,0.0,0.0,0.0,0.0
1655798400000,153218.10645342403,153218.10645342403,0,0.0,0.0,0.0,0.0
1655812800000,153218.10645342403,153218.10645342403,0,0.0,0.0,0.0,0.0
1655827200000,153218.10645342403,153218.10645342403,0,0.0,0.0,0.0,0.0
1655841600000,153218.10645342403,153218.10645342403,0,0.0,0.0,0.0,0.0
1655856000000,153218.10645342403,153218.10645342403,0,0.0,0.0,0.0,0.0
1655870400000,153218.10645342403,153218.10645342403,0,0.0,0.0,0.0,0.0
1655884800000,153218.10645342403,153218.10645342403,0,0.0,0.0,0.0,0.0
1655899200000,153218.10645342403,153218.10645342403,0,0.0,0.0,0.0,0.0
1655913600000,153218.10645342403,153218.10645342403,0,0.0,0.0,0.0,0.0
1655928000000,153218.10645342403,153218.10645342403,0,0.0,0.0,0.0,0.0
1655942400000,153218.10645342403,153218.10645342403,0,0.0,0.0,0.0,0.0
1655956800000,153218.10645342403,153218.10645342403,0,0.0,0.0,0.0,0.0
1655971200000,153218.10645342403,153218.10645342403,0,0.0,0.0,0.0,0.0
1655985600000,153218.10645342403,153218.10645342403,0,0.0,0.0,0.0,0.0
1656000000000,153218.10645342403,153218.10645342403,0,0.0,0.0,0.0,0.0
1656014400000,153218.10645342403,153218.10645342403,0,0.0,0.0,0.0,0.0
1656028800000,153218.10645342403,153218.10645342403,0,0.0,0.0,0.0,0.0
1656043200000,153218.10645342403,153218.10645342403,0,0.0,0.0,0.0,0.0
1656057600000,153218.10645342403,153218.10645342403,0,0.0,0.0,0.0,0.0
1656072000000,153218.10645342403,153218.10645342403,0,0.0,0.0,0.0,0.0
1656086400000,153218.10645342403,153218.10645342403,0,0.0,0.0,0.0,0.0
1656100800000,153218.10645342403,153218.10645342403,0,0.0,0.0,0.0,0.0
1656115200000,153218.10645342403,153218.10645342403,0,0.0,0.0,0.0,0.0
1656129600000,153218.10645342403,153218.10645342403,0,0.0,0.0,0.0,0.0
1656144000000,153218.10645342403,153218.10645342403,0,0.0,0.0,0.0,0.0
1656158400000,153218.10645342403,153218.10645342403,0,0.0,0.0,0.0,0.0
1656172800000,153218.10645342403,153218.10645342403,0,0.0,0.0,0.0,0.0
1656187200000,153218.10645342403,153218.10645342403,0,0.0,0.0,0.0,0.0
1656201600000,153218.10645342403,153218.10645342403,0,0.0,0.0,0.0,0.0
1656216000000,153218.10645342403,153218.10645342403,0,0.0,0.0,0.0,0.0
1656230400000,153218.10645342403,153218.10645342403,0,0.0,0.0,0.0,0.0
1656244800000,153218.10645342403,153218.10645342403,0,0.0,0.0,0.0,0.0
1656259200000,153218.10645342403,153218.10645342403,0,0.0,0.0,0.0,0.0
1656273600000,153218.10645342403,153218.10645342403,0,0.0,0.0,0.0,0.0
1656288000000,153218.10645342403,153218.10645342403,0,0.0,0.0,0.0,0.0
1656302400000,153218.10645342403,153218.10645342403,0,0.0,0.0,0.0,0.0
1656316800000,153218.10645342403,153218.10645342403,0,0.0,0.0,0.0,0.0
1656331200000,153218.10645342403,153218.10645342403,0,0.0,0.0,0.0,0.0
1656345600000,153218.10645342403,153218.10645342403,0,0.0,0.0,0.0,0.0
1656360000000,153848.4074697688,153183.75703826515,1,68034.17988627983,3064.3621290684805,3064.3621290684805,68034.17988627983
1656374400000,153514.54858978707,153183.75703826515,1,68368.03876626158,3064.3621290684805,3064.3621290684805,68368.03876626158
1656388800000,154217.19778243656,153113.2913276518,2,205958.3172251818,6134.627420585577,6134.627420585577,205958.3172251818
1656403200000,150566.77567018828,153079.0766453443,3,278003.88927015045,9218.76271443432,9218.76271443432,278003.88927015045
1656417600000,145876.36445368014,146682.77971209603,1,69505.24557619939,3064.3621290684805,3064.3621290684805,69505.24557619939
1656432000000,143816.8275220844,143816.8275220844,0,0.0,0.0,0.0,0.0
1656446400000,143816.8275220844,143816.8275220844,0,0.0,0.0,0.0,0.0
1656460800000,145296.5992032577,143679.62253931852,3,272792.9888678654,8616.147130185595,8616.147130185595,272792.9888678654
1656475200000,145029.07131671323,143685.45700588875,3,273066.35122098005,8616.147130185595,8616.147130185595,273066.35122098005
1656489600000,147526.27180745886,143685.45700588875,3,270569.15073023445,8616.147130185595,8616.147130185595,270569.15073023445
1656504000000,148968.6028331338,143697.09254993175,3,269138.45524860255,8616.147130185595,8616.147130185595,269138.45524860255
1656518400000,149913.48477528073,143691.16915706175,4,280034.4356535838,8938.116169988029,8938.116169988029,280034.4356535838
1656532800000,148918.6809551508,143699.14588901174,4,281037.21620566375,8938.116169988029,8938.116169988029,281037.21620566375
1656547200000,151754.49027687003,143699.14588901174,4,278201.40688394447,8938.116169988029,8938.116169988029,278201.40688394447
1656561600000,154826.4338801203,146530.12021662714,4,235890.45181314042,7501.2500381193695,7501.2500381193695,235890.45181314042
1656576000000,162211.94615600293,152183.1201528256,4,139022.94250272316,4630.042604895231,4630.042604895231,139022.94250272316
1656590400000,165044.46881281826,152493.90597720505,4,130577.81280028819,4469.058084994014,4469.058084994014,130577.81280028819
1656604800000,162904.74178144586,152442.1044474696,5,236268.79777280826,7770.1202601544555,7770.1202601544555,236268.79777280826
1656619200000,163813.5072380488,152399.90062381804,5,235317.82849255373,7770.1202601544555,7770.1202601544555,235317.82849255373
1656633600000,155702.81709084086,155702.81709084086,0,0.0,0.0,0.0,0.0
1656648000000,155702.81709084086,155702.81709084086,0,0.0,0.0,0.0,0.0
1656662400000,155702.81709084086,155702.81709084086,0,0.0,0.0,0.0,0.0
1656676800000,155702.81709084086,155702.81709084086,0,0.0,0.0,0.0,0.0
1656691200000,155702.81709084086,155702.81709084086,0,0.0,0.0,0.0,0.0
1656705600000,155702.81709084086,155702.81709084086,0,0.0,0.0,0.0,0.0
1656720000000,155702.81709084086,155702.81709084086,0,0.0,0.0,0.0,0.0
1656734400000,155702.81709084086,155702.81709084086,0,0.0,0.0,0.0,0.0
1656748800000,155702.81709084086,155702.81709084086,0,0.0,0.0,0.0,0.0
1656763200000,155702.81709084086,155702.81709084086,0,0.0,0.0,0.0,0.0
1656777600000,155702.81709084086,155702.81709084086,0,0.0,0.0,0.0,0.0
1656792000000,155702.81709084086,155702.81709084086,0,0.0,0.0,0.0,0.0
1656806400000,155702.81709084086,155702.81709084086,0,0.0,0.0,0.0,0.0
1656820800000,155702.81709084086,155702.81709084086,0,0.0,0.0,0.0,0.0
1656835200000,155702.81709084086,155702.81709084086,0,0.0,0.0,0.0,0.0
1656849600000,155702.81709084086,155702.81709084086,0,0.0,0.0,0.0,0.0
1656864000000,155702.81709084086,155702.81709084086,0,0.0,0.0,0.0,0.0
1656878400000,155702.81709084086,155702.81709084086,0,0.0,0.0,0.0,0.0
1656892800000,155702.81709084086,155702.81709084086,0,0.0,0.0,0.0,0.0
1656907200000,155702.81709084086,155702.81709084086,0,0.0,0.0,0.0,0.0
1656921600000,155702.81709084086,155702.81709084086,0,0.0,0.0,0.0,0.0
1656936000000,155702.81709084086,155702.81709084086,0,0.0,0.0,0.0,0.0
1656950400000,155702.81709084086,155702.81709084086,0,0.0,0.0,0.0,0.0
1656964800000,155702.81709084086,155702.81709084086,0,0.0,0.0,0.0,0.0
1656979200000,155702.81709084086,155702.81709084086,0,0.0,0.0,0.0,0.0
1656993600000,155702.81709084086,155702.81709084086,0,0.0,0.0,0.0,0.0
1657008000000,155702.81709084086,155702.81709084086,0,0.0,0.0,0.0,0.0
1657022400000,155702.81709084086,155702.81709084086,0,0.0,0.0,0.0,0.0
1657036800000,155702.81709084086,155702.81709084086,0,0.0,0.0,0.0,0.0
1657051200000,152429.52847098277,152429.52847098277,0,0.0,0.0,0.0,0.0
1657065600000,152429.52847098277,152429.52847098277,0,0.0,0.0,0.0,0.0
1657080000000,152429.52847098277,152429.52847098277,0,0.0,0.0,0.0,0.0
1657094400000,152429.52847098277,152429.52847098277,0,0.0,0.0,0.0,0.0
1657108800000,152429.52847098277,152429.52847098277,0,0.0,0.0,0.0,0.0
1657123200000,152429.52847098277,152429.52847098277,0,0.0,0.0,0.0,0.0
1657137600000,152429.52847098277,152429.52847098277,0,0.0,0.0,0.0,0.0
1657152000000,152429.52847098277,152429.52847098277,0,0.0,0.0,0.0,0.0
1657166400000,152429.52847098277,152429.52847098277,0,0.0,0.0,0.0,0.0
1657180800000,152429.52847098277,152429.52847098277,0,0.0,0.0,0.0,0.0
1657195200000,152429.52847098277,152429.52847098277,0,0.0,0.0,0.0,0.0
1657209600000,152429.52847098277,152429.52847098277,0,0.0,0.0,0.0,0.0
1657224000000,152429.52847098277,152429.52847098277,0,0.0,0.0,0.0,0.0
1657238400000,152429.52847098277,152429.52847098277,0,0.0,0.0,0.0,0.0
1657252800000,152429.52847098277,152429.52847098277,0,0.0,0.0,0.0,0.0
1657267200000,152429.52847098277,152429.52847098277,0,0.0,0.0,0.0,0.0
1657281600000,152429.52847098277,152429.52847098277,0,0.0,0.0,0.0,0.0
1657296000000,152429.52847098277,152429.52847098277,0,0.0,0.0,0.0,0.0
1657310400000,152429.52847098277,152429.52847098277,0,0.0,0.0,0.0,0.0
1657324800000,152429.52847098277,152429.52847098277,0,0.0,0.0,0.0,0.0
1657339200000,152429.52847098277,152429.52847098277,0,0.0,0.0,0.0,0.0
1657353600000,152429.52847098277,152429.52847098277,0,0.0,0.0,0.0,0.0
1657368000000,152429.52847098277,152429.52847098277,0,0.0,0.0,0.0,0.0
1657382400000,152429.52847098277,152429.52847098277,0,0.0,0.0,0.0,0.0
1657396800000,152429.52847098277,152429.52847098277,0,0.0,0.0,0.0,0.0
1657411200000,152429.52847098277,152429.52847098277,0,0.0,0.0,0.0,0.0
1657425600000,152429.52847098277,152429.52847098277,0,0.0,0.0,0.0,0.0
1657440000000,152429.52847098277,152429.52847098277,0,0.0,0.0,0.0,0.0
1657454400000,152429.52847098277,152429.52847098277,0,0.0,0.0,0.0,0.0
1657468800000,152429.52847098277,152429.52847098277,0,0.0,0.0,0.0,0.0
1657483200000,150239.0022902475,152284.78437563175,2,291533.97278738575,6093.776503451452,6093.776503451452,291533.97278738575
1657497600000,150255.3648055719,152284.78437563175,2,291517.6102720613,6093.776503451452,6093.776503451452,291517.6102720613
1657512000000,152440.2857384861,152272.54607696424,2,289320.45104047965,6093.776503451452,6093.776503451452,289320.45104047965
1657526400000,152354.30483113514,152203.81079250315,3,426808.2655855497,9142.97025030579,9142.97025030579,426808.2655855497
1657540800000,150086.85695819868,149013.4806780628,2,306586.39345048676,6097.784316273995,6097.784316273995,306586.39345048676
1657555200000,151905.04885019947,148964.0941817206,3,403491.8077465313,9005.21141749192,9005.21141749192,403491.8077465313
1657569600000,151000.50412858592,148935.910906789,3,404368.1691932133,9005.21141749192,9005.21141749192,404368.1691932133
1657584000000,164971.79002907942,151919.40214140643,3,324645.09006624715,7480.614544064751,7480.614544064751,324645.09006624715
1657598400000,163624.16189220158,154797.8170577871,4,313403.2397434965,8372.50219961586,8372.50219961586,313403.2397434965
1657612800000,165792.10008123648,154797.8170577871,4,311235.30155446165,8372.50219961586,8372.50219961586,311235.30155446165
1657627200000,163193.7909469527,154777.20377397956,4,313812.9974049379,8372.50219961586,8372.50219961586,313812.9974049379
1657641600000,160101.00042906465,152288.95993302765,3,244790.8370536619,5956.319259354923,5956.319259354923,244790.8370536619
1657656000000,166142.405385034,155123.28820593227,3,192197.26402840336,4502.60570874596,4502.60570874596,192197.26402840336
1657670400000,168622.11247803108,155123.28820593227,3,189717.55693540632,4502.60570874596,4502.60570874596,189717.55693540632
1657684800000,166681.90101500796,155098.7799013333,3,191633.26009383047,4502.60570874596,4502.60570874596,191633.26009383047
1657699200000,163524.52011180422,155098.7799013333,3,194790.64099703418,4502.60570874596,4502.60570874596,194790.64099703418
1657713600000,162742.66363346195,155069.47181533952,3,195543.18938938266,4502.60570874596,4502.60570874596,195543.18938938266
1657728000000,160708.2314512442,160708.2314512442,0,0.0,0.0,0.0,0.0
1657742400000,160708.2314512442,160708.2314512442,0,0.0,0.0,0.0,0.0
1657756800000,160708.2314512442,160708.2314512442,0,0.0,0.0,0.0,0.0
1657771200000,160708.2314512442,160708.2314512442,0,0.0,0.0,0.0,0.0
1657785600000,160708.2314512442,160708.2314512442,0,0.0,0.0,0.0,0.0
1657800000000,160708.2314512442,160708.2314512442,0,0.0,0.0,0.0,0.0
1657814400000,160708.2314512442,160708.2314512442,0,0.0,0.0,0.0,0.0
1657828800000,160708.2314512442,160708.2314512442,0,0.0,0.0,0.0,0.0
1657843200000,160708.2314512442,160708.2314512442,0,0.0,0.0,0.0,0.0
1657857600000,160708.2314512442,160708.2314512442,0,0.0,0.0,0.0,0.0
1657872000000,160708.2314512442,160708.2314512442,0,0.0,0.0,0.0,0.0
1657886400000,160708.2314512442,160708.2314512442,0,0.0,0.0,0.0,0.0
1657900800000,160708.2314512442,160708.2314512442,0,0.0,0.0,0.0,0.0
1657915200000,160708.2314512442,160708.2314512442,0,0.0,0.0,0.0,0.0
1657929600000,160708.2314512442,160708.2314512442,0,0.0,0.0,0.0,0.0
1657944000000,160708.2314512442,160708.2314512442,0,0.0,0.0,0.0,0.0
1657958400000,160708.2314512442,160708.2314512442,0,0.0,0.0,0.0,0.0
1657972800000,160708.2314512442,160708.2314512442,0,0.0,0.0,0.0,0.0
1657987200000,160708.2314512442,160708.2314512442,0,0.0,0.0,0.0,0.0
1658001600000,160708.2314512442,160708.2314512442,0,0.0,0.0,0.0,0.0
1658016000000,160708.2314512442,160708.2314512442,0,0.0,0.0,0.0,0.0
1658030400000,160708.2314512442,160708.2314512442,0,0.0,0.0,0.0,0.0
1658044800000,160708.2314512442,160708.2314512442,0,0.0,0.0,0.0,0.0
1658059200000,160708.2314512442,160708.2314512442,0,0.0,0.0,0.0,0.0
1658073600000,160708.2314512442,160708.2314512442,0,0.0,0.0,0.0,0.0
1658088000000,160708.2314512442,160708.2314512442,0,0.0,0.0,0.0,0.0
1658102400000,160708.2314512442,160708.2314512442,0,0.0,0.0,0.0,0.0
1658116800000,160708.2314512442,160708.2314512442,0,0.0,0.0,0.0,0.0
1658131200000,160708.2314512442,160708.2314512442,0,0.0,0.0,0.0,0.0
1658145600000,160708.2314512442,160708.2314512442,0,0.0,0.0,0.0,0.0
1658160000000,160708.2314512442,160708.2314512442,0,0.0,0.0,0.0,0.0
1658174400000,160708.2314512442,160708.2314512442,0,0.0,0.0,0.0,0.0
1658188800000,160708.2314512442,160708.2314512442,0,0.0,0.0,0.0,0.0
1658203200000,160708.2314512442,160708.2314512442,0,0.0,0.0,0.0,0.0
1658217600000,160708.2314512442,160708.2314512442,0,0.0,0.0,0.0,0.0
1658232000000,160708.2314512442,160708.2314512442,0,0.0,0.0,0.0,0.0
1658246400000,160708.2314512442,160708.2314512442,0,0.0,0.0,0.0,0.0
1658260800000,160708.2314512442,160708.2314512442,0,0.0,0.0,0.0,0.0
1658275200000,160708.2314512442,160708.2314512442,0,0.0,0.0,0.0,0.0
1658289600000,160708.2314512442,160708.2314512442,0,0.0,0.0,0.0,0.0
1658304000000,160708.2314512442,160708.2314512442,0,0.0,0.0,0.0,0.0
1658318400000,160708.2314512442,160708.2314512442,0,0.0,0.0,0.0,0.0
1658332800000,160708.2314512442,160708.2314512442,0,0.0,0.0,0.0,0.0
1658347200000,160708.2314512442,160708.2314512442,0,0.0,0.0,0.0,0.0
1658361600000,160708.2314512442,160708.2314512442,0,0.0,0.0,0.0,0.0
1658376000000,160708.2314512442,160708.2314512442,0,0.0,0.0,0.0,0.0
1658390400000,160708.2314512442,160708.2314512442,0,0.0,0.0,0.0,0.0
1658404800000,160708.2314512442,160708.2314512442,0,0.0,0.0,0.0,0.0
1658419200000,160708.2314512442,160708.2314512442,0,0.0,0.0,0.0,0.0
1658433600000,160708.2314512442,160708.2314512442,0,0.0,0.0,0.0,0.0
1658448000000,160708.2314512442,160708.2314512442,0,0.0,0.0,0.0,0.0
1658462400000,160708.2314512442,160708.2314512442,0,0.0,0.0,0.0,0.0
1658476800000,160708.2314512442,160708.2314512442,0,0.0,0.0,0.0,0.0
1658491200000,160708.2314512442,160708.2314512442,0,0.0,0.0,0.0,0.0
1658505600000,160708.2314512442,160708.2314512442,0,0.0,0.0,0.0,0.0
1658520000000,160708.2314512442,160708.2314512442,0,0.0,0.0,0.0,0.0
1658534400000,160708.2314512442,160708.2314512442,0,0.0,0.0,0.0,0.0
1658548800000,160708.2314512442,160708.2314512442,0,0.0,0.0,0.0,0.0
1658563200000,160708.2314512442,160708.2314512442,0,0.0,0.0,0.0,0.0
1658577600000,160708.2314512442,160708.2314512442,0,0.0,0.0,0.0,0.0
1658592000000,160708.2314512442,160708.2314512442,0,0.0,0.0,0.0,0.0
1658606400000,160708.2314512442,160708.2314512442,0,0.0,0.0,0.0,0.0
1658620800000,160708.2314512442,160708.2314512442,0,0.0,0.0,0.0,0.0
1658635200000,160708.2314512442,160708.2314512442,0,0.0,0.0,0.0,0.0
1658649600000,160708.2314512442,160708.2314512442,0,0.0,0.0,0.0,0.0
1658664000000,160708.2314512442,160708.2314512442,0,0.0,0.0,0.0,0.0
1658678400000,160708.2314512442,160708.2314512442,0,0.0,0.0,0.0,0.0
1658692800000,160708.2314512442,160708.2314512442,0,0.0,0.0,0.0,0.0
1658707200000,160708.2314512442,160708.2314512442,0,0.0,0.0,0.0,0.0
1658721600000,160708.2314512442,160708.2314512442,0,0.0,0.0,0.0,0.0
1658736000000,160708.2314512442,160708.2314512442,0,0.0,0.0,0.0,0.0
1658750400000,160708.2314512442,160708.2314512442,0,0.0,0.0,0.0,0.0
1658764800000,160708.2314512442,160708.2314512442,0,0.0,0.0,0.0,0.0
1658779200000,160708.2314512442,160708.2314512442,0,0.0,0.0,0.0,0.0
1658793600000,160708.2314512442,160708.2314512442,0,0.0,0.0,0.0,0.0
1658808000000,160708.2314512442,160708.2314512442,0,0.0,0.0,0.0,0.0
1658822400000,160708.2314512442,160708.2314512442,0,0.0,0.0,0.0,0.0
1658836800000,160708.2314512442,160708.2314512442,0,0.0,0.0,0.0,0.0
1658851200000,160708.2314512442,160708.2314512442,0,0.0,0.0,0.0,0.0
1658865600000,160708.2314512442,160708.2314512442,0,0.0,0.0,0.0,0.0
1658880000000,160708.2314512442,160708.2314512442,0,0.0,0.0,0.0,0.0
1658894400000,160708.2314512442,160708.2314512442,0,0.0,0.0,0.0,0.0
1658908800000,160708.2314512442,160708.2314512442,0,0.0,0.0,0.0,0.0
1658923200000,160708.2314512442,160708.2314512442,0,0.0,0.0,0.0,0.0
1658937600000,160708.2314512442,160708.2314512442,0,0.0,0.0,0.0,0.0
1658952000000,160708.2314512442,160708.2314512442,0,0.0,0.0,0.0,0.0
1658966400000,160708.2314512442,160708.2314512442,0,0.0,0.0,0.0,0.0
1658980800000,160708.2314512442,160708.2314512442,0,0.0,0.0,0.0,0.0
1658995200000,160708.2314512442,160708.2314512442,0,0.0,0.0,0.0,0.0
1659009600000,160708.2314512442,160708.2314512442,0,0.0,0.0,0.0,0.0
1659024000000,160708.2314512442,160708.2314512442,0,0.0,0.0,0.0,0.0
1659038400000,160708.2314512442,160708.2314512442,0,0.0,0.0,0.0,0.0
1659052800000,160708.2314512442,160708.2314512442,0,0.0,0.0,0.0,0.0
1659067200000,160708.2314512442,160708.2314512442,0,0.0,0.0,0.0,0.0
1659081600000,160708.2314512442,160708.2314512442,0,0.0,0.0,0.0,0.0
1659096000000,160708.2314512442,160708.2314512442,0,0.0,0.0,0.0,0.0
1659110400000,160708.2314512442,160708.2314512442,0,0.0,0.0,0.0,0.0
1659124800000,160708.2314512442,160708.2314512442,0,0.0,0.0,0.0,0.0
1659139200000,160708.2314512442,160708.2314512442,0,0.0,0.0,0.0,0.0
1659153600000,160708.2314512442,160708.2314512442,0,0.0,0.0,0.0,0.0
1659168000000,160708.2314512442,160708.2314512442,0,0.0,0.0,0.0,0.0
1659182400000,160708.2314512442,160708.2314512442,0,0.0,0.0,0.0,0.0
1659196800000,160708.2314512442,160708.2314512442,0,0.0,0.0,0.0,0.0
1659211200000,160708.2314512442,160708.2314512442,0,0.0,0.0,0.0,0.0
1659225600000,160708.2314512442,160708.2314512442,0,0.0,0.0,0.0,0.0
1659240000000,160708.2314512442,160708.2314512442,0,0.0,0.0,0.0,0.0
1659254400000,160708.2314512442,160708.2314512442,0,0.0,0.0,0.0,0.0
1659268800000,160708.2314512442,160708.2314512442,0,0.0,0.0,0.0,0.0
1659283200000,160708.2314512442,160708.2314512442,0,0.0,0.0,0.0,0.0
1659297600000,160708.2314512442,160708.2314512442,0,0.0,0.0,0.0,0.0
1659312000000,160708.2314512442,160708.2314512442,0,0.0,0.0,0.0,0.0
1659326400000,160708.2314512442,160708.2314512442,0,0.0,0.0,0.0,0.0
1659340800000,160708.2314512442,160708.2314512442,0,0.0,0.0,0.0,0.0
1659355200000,160708.2314512442,160708.2314512442,0,0.0,0.0,0.0,0.0
1659369600000,160708.2314512442,160708.2314512442,0,0.0,0.0,0.0,0.0
1659384000000,160708.2314512442,160708.2314512442,0,0.0,0.0,0.0,0.0
1659398400000,160708.2314512442,160708.2314512442,0,0.0,0.0,0.0,0.0
1659412800000,160708.2314512442,160708.2314512442,0,0.0,0.0,0.0,0.0
1659427200000,160708.2314512442,160708.2314512442,0,0.0,0.0,0.0,0.0
1659441600000,160708.2314512442,160708.2314512442,0,0.0,0.0,0.0,0.0
1659456000000,160708.2314512442,160708.2314512442,0,0.0,0.0,0.0,0.0
1659470400000,160708.2314512442,160708.2314512442,0,0.0,0.0,0.0,0.0
1659484800000,160708.2314512442,160708.2314512442,0,0.0,0.0,0.0,0.0
1659499200000,160708.2314512442,160708.2314512442,0,0.0,0.0,0.0,0.0
1659513600000,160708.2314512442,160708.2314512442,0,0.0,0.0,0.0,0.0
1659528000000,160708.2314512442,160708.2314512442,0,0.0,0.0,0.0,0.0
1659542400000,160708.2314512442,160708.2314512442,0,0.0,0.0,0.0,0.0
1659556800000,160708.2314512442,160708.2314512442,0,0.0,0.0,0.0,0.0
1659571200000,160708.2314512442,160708.2314512442,0,0.0,0.0,0.0,0.0
1659585600000,160708.2314512442,160708.2314512442,0,0.0,0.0,0.0,0.0
1659600000000,160708.2314512442,160708.2314512442,0,0.0,0.0,0.0,0.0
1659614400000,160708.2314512442,160708.2314512442,0,0.0,0.0,0.0,0.0
1659628800000,160708.2314512442,160708.2314512442,0,0.0,0.0,0.0,0.0
1659643200000,160708.2314512442,160708.2314512442,0,0.0,0.0,0.0,0.0
1659657600000,160708.2314512442,160708.2314512442,0,0.0,0.0,0.0,0.0
1659672000000,160708.2314512442,160708.2314512442,0,0.0,0.0,0.0,0.0
1659686400000,160708.2314512442,160708.2314512442,0,0.0,0.0,0.0,0.0
1659700800000,160708.2314512442,160708.2314512442,0,0.0,0.0,0.0,0.0
1659715200000,160708.2314512442,160708.2314512442,0,0.0,0.0,0.0,0.0
1659729600000,160708.2314512442,160708.2314512442,0,0.0,0.0,0.0,0.0
1659744000000,160708.2314512442,160708.2314512442,0,0.0,0.0,0.0,0.0
1659758400000,160708.2314512442,160708.2314512442,0,0.0,0.0,0.0,0.0
1659772800000,160708.2314512442,160708.2314512442,0,0.0,0.0,0.0,0.0
1659787200000,160708.2314512442,160708.2314512442,0,0.0,0.0,0.0,0.0
1659801600000,160708.2314512442,160708.2314512442,0,0.0,0.0,0.0,0.0
1659816000000,160708.2314512442,160708.2314512442,0,0.0,0.0,0.0,0.0
1659830400000,160708.2314512442,160708.2314512442,0,0.0,0.0,0.0,0.0
1659844800000,160708.2314512442,160708.2314512442,0,0.0,0.0,0.0,0.0
1659859200000,160708.2314512442,160708.2314512442,0,0.0,0.0,0.0,0.0
1659873600000,160708.2314512442,160708.2314512442,0,0.0,0.0,0.0,0.0
1659888000000,160708.2314512442,160708.2314512442,0,0.0,0.0,0.0,0.0
1659902400000,160708.2314512442,160708.2314512442,0,0.0,0.0,0.0,0.0
1659916800000,160708.2314512442,160708.2314512442,0,0.0,0.0,0.0,0.0
1659931200000,160708.2314512442,160708.2314512442,0,0.0,0.0,0.0,0.0
1659945600000,160708.2314512442,160708.2314512442,0,0.0,0.0,0.0,0.0
1659960000000,160708.2314512442,160708.2314512442,0,0.0,0.0,0.0,0.0
1659974400000,160708.2314512442,160708.2314512442,0,0.0,0.0,0.0,0.0
1659988800000,160708.2314512442,160708.2314512442,0,0.0,0.0,0.0,0.0
1660003200000,160708.2314512442,160708.2314512442,0,0.0,0.0,0.0,0.0
1660017600000,160708.2314512442,160708.2314512442,0,0.0,0.0,0.0,0.0
1660032000000,160708.2314512442,160708.2314512442,0,0.0,0.0,0.0,0.0
1660046400000,160708.2314512442,160708.2314512442,0,0.0,0.0,0.0,0.0
1660060800000,160708.2314512442,160708.2314512442,0,0.0,0.0,0.0,0.0
1660075200000,160708.2314512442,160708.2314512442,0,0.0,0.0,0.0,0.0
1660089600000,160708.2314512442,160708.2314512442,0,0.0,0.0,0.0,0.0
1660104000000,160708.2314512442,160708.2314512442,0,0.0,0.0,0.0,0.0
1660118400000,160708.2314512442,160708.2314512442,0,0.0,0.0,0.0,0.0
1660132800000,160708.2314512442,160708.2314512442,0,0.0,0.0,0.0,0.0
1660147200000,160708.2314512442,160708.2314512442,0,0.0,0.0,0.0,0.0
1660161600000,160708.2314512442,160708.2314512442,0,0.0,0.0,0.0,0.0
1660176000000,160708.2314512442,160708.2314512442,0,0.0,0.0,0.0,0.0
1660190400000,160708.2314512442,160708.2314512442,0,0.0,0.0,0.0,0.0
1660204800000,160708.2314512442,160708.2314512442,0,0.0,0.0,0.0,0.0
1660219200000,160708.2314512442,160708.2314512442,0,0.0,0.0,0.0,0.0
1660233600000,160708.2314512442,160708.2314512442,0,0.0,0.0,0.0,0.0
1660248000000,160708.2314512442,160708.2314512442,0,0.0,0.0,0.0,0.0
1660262400000,160708.2314512442,160708.2314512442,0,0.0,0.0,0.0,0.0
1660276800000,160708.2314512442,160708.2314512442,0,0.0,0.0,0.0,0.0
1660291200000,160708.2314512442,160708.2314512442,0,0.0,0.0,0.0,0.0
1660305600000,160708.2314512442,160708.2314512442,0,0.0,0.0,0.0,0.0
1660320000000,160708.2314512442,160708.2314512442,0,0.0,0.0,0.0,0.0
1660334400000,160708.2314512442,160708.2314512442,0,0.0,0.0,0.0,0.0
1660348800000,160708.2314512442,160708.2314512442,0,0.0,0.0,0.0,0.0
1660363200000,160708.2314512442,160708.2314512442,0,0.0,0.0,0.0,0.0
1660377600000,160708.2314512442,160708.2314512442,0,0.0,0.0,0.0,0.0
1660392000000,160708.2314512442,160708.2314512442,0,0.0,0.0,0.0,0.0
1660406400000,160708.2314512442,160708.2314512442,0,0.0,0.0,0.0,0.0
1660420800000,160708.2314512442,160708.2314512442,0,0.0,0.0,0.0,0.0
1660435200000,160708.2314512442,160708.2314512442,0,0.0,0.0,0.0,0.0
1660449600000,160708.2314512442,160708.2314512442,0,0.0,0.0,0.0,0.0
1660464000000,160708.2314512442,160708.2314512442,0,0.0,0.0,0.0,0.0
1660478400000,160708.2314512442,160708.2314512442,0,0.0,0.0,0.0,0.0
1660492800000,160708.2314512442,160708.2314512442,0,0.0,0.0,0.0,0.0
1660507200000,160708.2314512442,160708.2314512442,0,0.0,0.0,0.0,0.0
1660521600000,160708.2314512442,160708.2314512442,0,0.0,0.0,0.0,0.0
1660536000000,160708.2314512442,160708.2314512442,0,0.0,0.0,0.0,0.0
1660550400000,160708.2314512442,160708.2314512442,0,0.0,0.0,0.0,0.0
1660564800000,160708.2314512442,160708.2314512442,0,0.0,0.0,0.0,0.0
1660579200000,160708.2314512442,160708.2314512442,0,0.0,0.0,0.0,0.0
1660593600000,160708.2314512442,160708.2314512442,0,0.0,0.0,0.0,0.0
1660608000000,160708.2314512442,160708.2314512442,0,0.0,0.0,0.0,0.0
1660622400000,160708.2314512442,160708.2314512442,0,0.0,0.0,0.0,0.0
1660636800000,160708.2314512442,160708.2314512442,0,0.0,0.0,0.0,0.0
1660651200000,160708.2314512442,160708.2314512442,0,0.0,0.0,0.0,0.0
1660665600000,160708.2314512442,160708.2314512442,0,0.0,0.0,0.0,0.0
1660680000000,160708.2314512442,160708.2314512442,0,0.0,0.0,0.0,0.0
1660694400000,160708.2314512442,160708.2314512442,0,0.0,0.0,0.0,0.0
1660708800000,160708.2314512442,160708.2314512442,0,0.0,0.0,0.0,0.0
1660723200000,160708.2314512442,160708.2314512442,0,0.0,0.0,0.0,0.0
1660737600000,160708.2314512442,160708.2314512442,0,0.0,0.0,0.0,0.0
1660752000000,160708.2314512442,160708.2314512442,0,0.0,0.0,0.0,0.0
1660766400000,160708.2314512442,160708.2314512442,0,0.0,0.0,0.0,0.0
1660780800000,160708.2314512442,160708.2314512442,0,0.0,0.0,0.0,0.0
1660795200000,160708.2314512442,160708.2314512442,0,0.0,0.0,0.0,0.0
1660809600000,160708.2314512442,160708.2314512442,0,0.0,0.0,0.0,0.0
1660824000000,160708.2314512442,160708.2314512442,0,0.0,0.0,0.0,0.0
1660838400000,160708.2314512442,160708.2314512442,0,0.0,0.0,0.0,0.0
1660852800000,160708.2314512442,160708.2314512442,0,0.0,0.0,0.0,0.0
1660867200000,160708.2314512442,160708.2314512442,0,0.0,0.0,0.0,0.0
1660881600000,160708.2314512442,160708.2314512442,0,0.0,0.0,0.0,0.0
1660896000000,160708.2314512442,160708.2314512442,0,0.0,0.0,0.0,0.0
1660910400000,160708.2314512442,160708.2314512442,0,0.0,0.0,0.0,0.0
1660924800000,160708.2314512442,160708.2314512442,0,0.0,0.0,0.0,0.0
1660939200000,160708.2314512442,160708.2314512442,0,0.0,0.0,0.0,0.0
1660953600000,160708.2314512442,160708.2314512442,0,0.0,0.0,0.0,0.0
1660968000000,160708.2314512442,160708.2314512442,0,0.0,0.0,0.0,0.0
1660982400000,160708.2314512442,160708.2314512442,0,0.0,0.0,0.0,0.0
1660996800000,160708.2314512442,160708.2314512442,0,0.0,0.0,0.0,0.0
1661011200000,160708.2314512442,160708.2314512442,0,0.0,0.0,0.0,0.0
1661025600000,160708.2314512442,160708.2314512442,0,0.0,0.0,0.0,0.0
1661040000000,160708.2314512442,160708.2314512442,0,0.0,0.0,0.0,0.0
1661054400000,160708.2314512442,160708.2314512442,0,0.0,0.0,0.0,0.0
1661068800000,160708.2314512442,160708.2314512442,0,0.0,0.0,0.0,0.0
1661083200000,160708.2314512442,160708.2314512442,0,0.0,0.0,0.0,0.0
1661097600000,160708.2314512442,160708.2314512442,0,0.0,0.0,0.0,0.0
1661112000000,160708.2314512442,160708.2314512442,0,0.0,0.0,0.0,0.0
1661126400000,160708.2314512442,160708.2314512442,0,0.0,0.0,0.0,0.0
1661140800000,160708.2314512442,160708.2314512442,0,0.0,0.0,0.0,0.0
1661155200000,160708.2314512442,160708.2314512442,0,0.0,0.0,0.0,0.0
1661169600000,160708.2314512442,160708.2314512442,0,0.0,0.0,0.0,0.0
1661184000000,160708.2314512442,160708.2314512442,0,0.0,0.0,0.0,0.0
1661198400000,160708.2314512442,160708.2314512442,0,0.0,0.0,0.0,0.0
1661212800000,160708.2314512442,160708.2314512442,0,0.0,0.0,0.0,0.0
1661227200000,160708.2314512442,160708.2314512442,0,0.0,0.0,0.0,0.0
1661241600000,160708.2314512442,160708.2314512442,0,0.0,0.0,0.0,0.0
1661256000000,160708.2314512442,160708.2314512442,0,0.0,0.0,0.0,0.0
1661270400000,160708.2314512442,160708.2314512442,0,0.0,0.0,0.0,0.0
1661284800000,160708.2314512442,160708.2314512442,0,0.0,0.0,0.0,0.0
1661299200000,160708.2314512442,160708.2314512442,0,0.0,0.0,0.0,0.0
1661313600000,160708.2314512442,160708.2314512442,0,0.0,0.0,0.0,0.0
1661328000000,160708.2314512442,160708.2314512442,0,0.0,0.0,0.0,0.0
1661342400000,160708.2314512442,160708.2314512442,0,0.0,0.0,0.0,0.0
1661356800000,160708.2314512442,160708.2314512442,0,0.0,0.0,0.0,0.0
1661371200000,160708.2314512442,160708.2314512442,0,0.0,0.0,0.0,0.0
1661385600000,160708.2314512442,160708.2314512442,0,0.0,0.0,0.0,0.0
1661400000000,160708.2314512442,160708.2314512442,0,0.0,0.0,0.0,0.0
1661414400000,160708.2314512442,160708.2314512442,0,0.0,0.0,0.0,0.0
1661428800000,160708.2314512442,160708.2314512442,0,0.0,0.0,0.0,0.0
1661443200000,160708.2314512442,160708.2314512442,0,0.0,0.0,0.0,0.0
1661457600000,160708.2314512442,160708.2314512442,0,0.0,0.0,0.0,0.0
1661472000000,160708.2314512442,160708.2314512442,0,0.0,0.0,0.0,0.0
1661486400000,160708.2314512442,160708.2314512442,0,0.0,0.0,0.0,0.0
1661500800000,160708.2314512442,160708.2314512442,0,0.0,0.0,0.0,0.0
1661515200000,160708.2314512442,160708.2314512442,0,0.0,0.0,0.0,0.0
1661529600000,157312.44596285044,157312.44596285044,0,0.0,0.0,0.0,0.0
1661544000000,160483.9782908734,157127.12785784114,3,367279.3595855758,9422.515656454723,9422.515656454723,367279.3595855758
1661558400000,171811.16027090666,160213.61355505127,3,308945.9126790928,7855.787290991557,7855.787290991557,308945.9126790928
1661572800000,171306.92422511385,160115.80645374372,4,383701.3351295432,10306.412315891,10306.412315891,383701.3351295432
1661587200000,171142.49949530148,166275.89684973814,4,254800.4958697058,7161.8828531268055,7161.8828531268055,254800.4958697058
1661601600000,172044.65801904362,166213.3486645796,4,253835.7891608051,7161.8828531268055,7161.8828531268055,253835.7891608051
1661616000000,175915.8276923463,166213.3486645796,4,249964.61948750247,7161.8828531268055,7161.8828531268055,249964.61948750247
1661630400000,175781.6386429525,166189.94599884888,4,250075.40587116557,7161.8828531268055,7161.8828531268055,250075.40587116557
1661644800000,175437.08940129582,166189.94599884888,4,250419.95511282224,7161.8828531268055,7161.8828531268055,250419.95511282224
1661659200000,176743.86985522014,166144.5489664539,4,249067.77762650297,7161.8828531268055,7161.8828531268055,249067.77762650297
1661673600000,174631.8176743497,166144.5489664539,4,251179.82980737337,7161.8828531268055,7161.8828531268055,251179.82980737337
1661688000000,175057.02025207147,166112.53733592553,4,250722.61559912324,7161.8828531268055,7161.8828531268055,250722.61559912324
1661702400000,174483.9325360325,166112.53733592553,4,251295.70331516222,7161.8828531268055,7161.8828531268055,251295.70331516222
1661716800000,176183.47998895892,166080.96024305144,4,249564.5787693617,7161.8828531268055,7161.8828531268055,249564.5787693617
1661731200000,185618.84632042432,166080.96024305144,4,240129.21243789626,7161.8828531268055,7161.8828531268055,240129.21243789626
1661745600000,183441.56749298406,166010.03699067133,4,242235.56801295647,7161.8828531268055,7161.8828531268055,242235.56801295647
1661760000000,183876.359346706,166010.03699067133,4,241800.7761592345,7161.8828531268055,7161.8828531268055,241800.7761592345
1661774400000,183776.30803724553,165967.71616873643,4,241858.50664676007,7161.8828531268055,7161.8828531268055,241858.50664676007
1661788800000,177039.5537875655,177039.5537875655,0,0.0,0.0,0.0,0.0
1661803200000,177039.5537875655,177039.5537875655,0,0.0,0.0,0.0,0.0
1661817600000,177039.5537875655,177039.5537875655,0,0.0,0.0,0.0,0.0
1661832000000,177039.5537875655,177039.5537875655,0,0.0,0.0,0.0,0.0
1661846400000,177039.5537875655,177039.5537875655,0,0.0,0.0,0.0,0.0
1661860800000,177039.5537875655,177039.5537875655,0,0.0,0.0,0.0,0.0
1661875200000,177039.5537875655,177039.5537875655,0,0.0,0.0,0.0,0.0
1661889600000,177039.5537875655,177039.5537875655,0,0.0,0.0,0.0,0.0
1661904000000,177039.5537875655,177039.5537875655,0,0.0,0.0,0.0,0.0
1661918400000,177039.5537875655,177039.5537875655,0,0.0,0.0,0.0,0.0
1661932800000,177039.5537875655,177039.5537875655,0,0.0,0.0,0.0,0.0
1661947200000,177039.5537875655,177039.5537875655,0,0.0,0.0,0.0,0.0
1661961600000,177039.5537875655,177039.5537875655,0,0.0,0.0,0.0,0.0
1661976000000,177039.5537875655,177039.5537875655,0,0.0,0.0,0.0,0.0
1661990400000,177039.5537875655,177039.5537875655,0,0.0,0.0,0.0,0.0
1662004800000,177039.5537875655,177039.5537875655,0,0.0,0.0,0.0,0.0
1662019200000,177039.5537875655,177039.5537875655,0,0.0,0.0,0.0,0.0
1662033600000,177039.5537875655,177039.5537875655,0,0.0,0.0,0.0,0.0
1662048000000,177039.5537875655,177039.5537875655,0,0.0,0.0,0.0,0.0
1662062400000,177039.5537875655,177039.5537875655,0,0.0,0.0,0.0,0.0
1662076800000,177039.5537875655,177039.5537875655,0,0.0,0.0,0.0,0.0
1662091200000,177039.5537875655,177039.5537875655,0,0.0,0.0,0.0,0.0
1662105600000,177039.5537875655,177039.5537875655,0,0.0,0.0,0.0,0.0
1662120000000,177039.5537875655,177039.5537875655,0,0.0,0.0,0.0,0.0
1662134400000,177039.5537875655,177039.5537875655,0,0.0,0.0,0.0,0.0
1662148800000,177039.5537875655,177039.5537875655,0,0.0,0.0,0.0,0.0
1662163200000,177039.5537875655,177039.5537875655,0,0.0,0.0,0.0,0.0
1662177600000,177039.5537875655,177039.5537875655,0,0.0,0.0,0.0,0.0
1662192000000,177039.5537875655,177039.5537875655,0,0.0,0.0,0.0,0.0
1662206400000,177039.5537875655,177039.5537875655,0,0.0,0.0,0.0,0.0
1662220800000,177039.5537875655,177039.5537875655,0,0.0,0.0,0.0,0.0
1662235200000,177039.5537875655,177039.5537875655,0,0.0,0.0,0.0,0.0
1662249600000,177039.5537875655,177039.5537875655,0,0.0,0.0,0.0,0.0
1662264000000,177039.5537875655,177039.5537875655,0,0.0,0.0,0.0,0.0
1662278400000,177039.5537875655,177039.5537875655,0,0.0,0.0,0.0,0.0
1662292800000,177039.5537875655,177039.5537875655,0,0.0,0.0,0.0,0.0
1662307200000,177039.5537875655,177039.5537875655,0,0.0,0.0,0.0,0.0
1662321600000,177039.5537875655,177039.5537875655,0,0.0,0.0,0.0,0.0
1662336000000,177039.5537875655,177039.5537875655,0,0.0,0.0,0.0,0.0
1662350400000,177039.5537875655,177039.5537875655,0,0.0,0.0,0.0,0.0
1662364800000,177039.5537875655,177039.5537875655,0,0.0,0.0,0.0,0.0
1662379200000,177039.5537875655,177039.5537875655,0,0.0,0.0,0.0,0.0
1662393600000,173107.7671984347,173107.7671984347,0,0.0,0.0,0.0,0.0
1662408000000,173107.7671984347,173107.7671984347,0,0.0,0.0,0.0,0.0
1662422400000,173107.7671984347,173107.7671984347,0,0.0,0.0,0.0,0.0
1662436800000,173107.7671984347,173107.7671984347,0,0.0,0.0,0.0,0.0
1662451200000,173107.7671984347,173107.7671984347,0,0.0,0.0,0.0,0.0
1662465600000,173107.7671984347,173107.7671984347,0,0.0,0.0,0.0,0.0
1662480000000,173107.7671984347,173107.7671984347,0,0.0,0.0,0.0,0.0
1662494400000,173107.7671984347,173107.7671984347,0,0.0,0.0,0.0,0.0
1662508800000,176239.2652168263,172825.68744087213,3,560745.9373491927,10364.33233814496,10364.33233814496,560745.9373491927
1662523200000,178041.4974068427,172659.77598532164,3,558777.7937036258,10364.33233814496,10364.33233814496,558777.7937036258
1662537600000,175419.30175293336,172659.77598532164,3,561399.9893575351,10364.33233814496,10364.33233814496,561399.9893575351
1662552000000,174698.36452868712,172575.26828852974,3,562036.4188849895,10364.33233814496,10364.33233814496,562036.4188849895
1662566400000,170176.39270330226,171688.0410875162,2,370314.2976172059,6920.356448830035,6920.356448830035,370314.2976172059
1662580800000,166174.26451834713,166174.26451834713,0,0.0,0.0,0.0,0.0
1662595200000,166174.26451834713,166174.26451834713,0,0.0,0.0,0.0,0.0
1662609600000,166174.26451834713,166174.26451834713,0,0.0,0.0,0.0,0.0
1662624000000,166174.26451834713,166174.26451834713,0,0.0,0.0,0.0,0.0
1662638400000,166174.26451834713,166174.26451834713,0,0.0,0.0,0.0,0.0
1662652800000,166174.26451834713,166174.26451834713,0,0.0,0.0,0.0,0.0
1662667200000,166174.26451834713,166174.26451834713,0,0.0,0.0,0.0,0.0
1662681600000,166174.26451834713,166174.26451834713,0,0.0,0.0,0.0,0.0
1662696000000,166174.26451834713,166174.26451834713,0,0.0,0.0,0.0,0.0
1662710400000,166174.26451834713,166174.26451834713,0,0.0,0.0,0.0,0.0
1662724800000,166174.26451834713,166174.26451834713,0,0.0,0.0,0.0,0.0
1662739200000,166174.26451834713,166174.26451834713,0,0.0,0.0,0.0,0.0
1662753600000,166174.26451834713,166174.26451834713,0,0.0,0.0,0.0,0.0
1662768000000,166174.26451834713,166174.26451834713,0,0.0,0.0,0.0,0.0
1662782400000,166174.26451834713,166174.26451834713,0,0.0,0.0,0.0,0.0
1662796800000,166174.26451834713,166174.26451834713,0,0.0,0.0,0.0,0.0
1662811200000,166174.26451834713,166174.26451834713,0,0.0,0.0,0.0,0.0
1662825600000,166174.26451834713,166174.26451834713,0,0.0,0.0,0.0,0.0
1662840000000,166174.26451834713,166174.26451834713,0,0.0,0.0,0.0,0.0
1662854400000,166174.26451834713,166174.26451834713,0,0.0,0.0,0.0,0.0
1662868800000,166174.26451834713,166174.26451834713,0,0.0,0.0,0.0,0.0
1662883200000,166174.26451834713,166174.26451834713,0,0.0,0.0,0.0,0.0
1662897600000,166174.26451834713,166174.26451834713,0,0.0,0.0,0.0,0.0
1662912000000,166174.26451834713,166174.26451834713,0,0.0,0.0,0.0,0.0
1662926400000,166174.26451834713,166174.26451834713,0,0.0,0.0,0.0,0.0
1662940800000,166174.26451834713,166174.26451834713,0,0.0,0.0,0.0,0.0
1662955200000,166174.26451834713,166174.26451834713,0,0.0,0.0,0.0,0.0
1662969600000,166174.26451834713,166174.26451834713,0,0.0,0.0,0.0,0.0
1662984000000,166174.26451834713,166174.26451834713,0,0.0,0.0,0.0,0.0
1662998400000,166174.26451834713,166174.26451834713,0,0.0,0.0,0.0,0.0
1663012800000,166174.26451834713,166174.26451834713,0,0.0,0.0,0.0,0.0
1663027200000,166174.26451834713,166174.26451834713,0,0.0,0.0,0.0,0.0
1663041600000,166174.26451834713,166174.26451834713,0,0.0,0.0,0.0,0.0
1663056000000,166174.26451834713,166174.26451834713,0,0.0,0.0,0.0,0.0
1663070400000,166174.26451834713,166174.26451834713,0,0.0,0.0,0.0,0.0
1663084800000,166174.26451834713,166174.26451834713,0,0.0,0.0,0.0,0.0
1663099200000,167560.05987789424,165971.15297062052,3,404634.18854599743,9954.189564706609,9954.189564706609,404634.18854599743
1663113600000,172014.77325641853,165971.15297062052,3,400179.47516747314,9954.189564706609,9954.189564706609,400179.47516747314
1663128000000,166526.065804109,165813.2333356426,3,405510.26298480475,9954.189564706609,9954.189564706609,405510.26298480475
1663142400000,167255.79146321348,165813.2333356426,3,404780.5373257003,9954.189564706609,9954.189564706609,404780.5373257003
1663156800000,166703.4411852464,165607.9962592027,3,405127.65052722744,9954.189564706609,9954.189564706609,405127.65052722744
1663171200000,166181.0113762401,165607.9962592027,3,405650.0803362337,9954.189564706609,9954.189564706609,405650.0803362337
1663185600000,166875.20790431427,165434.96849559652,3,404782.8560445534,9954.189564706609,9954.189564706609,404782.8560445534
1663200000000,162776.12335318304,165434.96849559652,3,408881.94059568463,9954.189564706609,9954.189564706609,408881.94059568463
1663214400000,169112.88346950492,165112.13946596516,3,402222.3514497314,9954.189564706609,9954.189564706609,402222.3514497314
1663228800000,165504.20130643187,164922.59955068293,2,218226.86697057507,4969.999808166933,4969.999808166933,218226.86697057507
1663243200000,166643.9630455027,164921.60288726198,2,217086.1085680833,4969.999808166933,4969.999808166933,217086.1085680833
1663257600000,172229.5702167843,164921.60288726198,2,211500.5013968017,4969.999808166933,4969.999808166933,211500.5013968017
1663272000000,170196.65733045732,164909.97502091745,2,213521.78641678413,4969.999808166933,4969.999808166933,213521.78641678413
1663286400000,172221.3079899827,164909.97502091745,2,211497.13575725877,4969.999808166933,4969.999808166933,211497.13575725877
1663300800000,169595.25696998317,164895.62593329494,2,214108.8376896358,4969.999808166933,4969.999808166933,214108.8376896358
1663315200000,169468.81196824557,164895.62593329494,2,214235.2826913734,4969.999808166933,4969.999808166933,214235.2826913734
1663329600000,167494.6867337238,164896.59214518656,2,216210.3741377868,4969.999808166933,4969.999808166933,216210.3741377868
1663344000000,168633.5077945733,164896.59214518656,2,215071.5530769373,4969.999808166933,4969.999808166933,215071.5530769373
1663358400000,169266.96868428699,164904.35463765182,2,214445.85467968887,4969.999808166933,4969.999808166933,214445.85467968887
1663372800000,166961.18219161377,164904.35463765182,2,216751.64117236208,4969.999808166933,4969.999808166933,216751.64117236208
1663387200000,165875.44232542257,165875.44232542257,0,0.0,0.0,0.0,0.0
1663401600000,165875.44232542257,165875.44232542257,0,0.0,0.0,0.0,0.0
1663416000000,165875.44232542257,165875.44232542257,0,0.0,0.0,0.0,0.0
1663430400000,165875.44232542257,165875.44232542257,0,0.0,0.0,0.0,0.0
1663444800000,165875.44232542257,165875.44232542257,0,0.0,0.0,0.0,0.0
1663459200000,165875.44232542257,165875.44232542257,0,0.0,0.0,0.0,0.0
1663473600000,165875.44232542257,165875.44232542257,0,0.0,0.0,0.0,0.0
1663488000000,165875.44232542257,165875.44232542257,0,0.0,0.0,0.0,0.0
1663502400000,165875.44232542257,165875.44232542257,0,0.0,0.0,0.0,0.0
1663516800000,165875.44232542257,165875.44232542257,0,0.0,0.0,0.0,0.0
1663531200000,165875.44232542257,165875.44232542257,0,0.0,0.0,0.0,0.0
1663545600000,165875.44232542257,165875.44232542257,0,0.0,0.0,0.0,0.0
1663560000000,166137.84482224425,165824.9125834182,1,100746.55176995296,3317.508846508451,3317.508846508451,100746.55176995296
1663574400000,168480.36666172178,165738.71874907042,2,270705.5047916458,6640.2657429533365,6640.2657429533365,270705.5047916458
1663588800000,165624.98034293117,165689.08155763886,2,273511.2539190048,6640.2657429533365,6640.2657429533365,273511.2539190048
1663603200000,160049.54508674613,160049.54508674613,0,0.0,0.0,0.0,0.0
1663617600000,160049.54508674613,160049.54508674613,0,0.0,0.0,0.0,0.0
1663632000000,160049.54508674613,160049.54508674613,0,0.0,0.0,0.0,0.0
1663646400000,160049.54508674613,160049.54508674613,0,0.0,0.0,0.0,0.0
1663660800000,160049.54508674613,160049.54508674613,0,0.0,0.0,0.0,0.0
1663675200000,160049.54508674613,160049.54508674613,0,0.0,0.0,0.0,0.0
1663689600000,160049.54508674613,160049.54508674613,0,0.0,0.0,0.0,0.0
1663704000000,160049.54508674613,160049.54508674613,0,0.0,0.0,0.0,0.0
1663718400000,160049.54508674613,160049.54508674613,0,0.0,0.0,0.0,0.0
1663732800000,160049.54508674613,160049.54508674613,0,0.0,0.0,0.0,0.0
1663747200000,160049.54508674613,160049.54508674613,0,0.0,0.0,0.0,0.0
1663761600000,160049.54508674613,160049.54508674613,0,0.0,0.0,0.0,0.0
1663776000000,160049.54508674613,160049.54508674613,0,0.0,0.0,0.0,0.0
1663790400000,160049.54508674613,160049.54508674613,0,0.0,0.0,0.0,0.0
1663804800000,160049.54508674613,160049.54508674613,0,0.0,0.0,0.0,0.0
1663819200000,160049.54508674613,160049.54508674613,0,0.0,0.0,0.0,0.0
1663833600000,160049.54508674613,160049.54508674613,0,0.0,0.0,0.0,0.0
1663848000000,160049.54508674613,160049.54508674613,0,0.0,0.0,0.0,0.0
1663862400000,160049.54508674613,160049.54508674613,0,0.0,0.0,0.0,0.0
1663876800000,160049.54508674613,160049.54508674613,0,0.0,0.0,0.0,0.0
1663891200000,160049.54508674613,160049.54508674613,0,0.0,0.0,0.0,0.0
1663905600000,160049.54508674613,160049.54508674613,0,0.0,0.0,0.0,0.0
1663920000000,160049.54508674613,160049.54508674613,0,0.0,0.0,0.0,0.0
1663934400000,160049.54508674613,160049.54508674613,0,0.0,0.0,0.0,0.0
1663948800000,160049.54508674613,160049.54508674613,0,0.0,0.0,0.0,0.0
1663963200000,160049.54508674613,160049.54508674613,0,0.0,0.0,0.0,0.0
1663977600000,160049.54508674613,160049.54508674613,0,0.0,0.0,0.0,0.0
1663992000000,160049.54508674613,160049.54508674613,0,0.0,0.0,0.0,0.0
1664006400000,160049.54508674613,160049.54508674613,0,0.0,0.0,0.0,0.0
1664020800000,160049.54508674613,160049.54508674613,0,0.0,0.0,0.0,0.0
1664035200000,160049.54508674613,160049.54508674613,0,0.0,0.0,0.0,0.0
1664049600000,160049.54508674613,160049.54508674613,0,0.0,0.0,0.0,0.0
1664064000000,160049.54508674613,160049.54508674613,0,0.0,0.0,0.0,0.0
1664078400000,160049.54508674613,160049.54508674613,0,0.0,0.0,0.0,0.0
1664092800000,160049.54508674613,160049.54508674613,0,0.0,0.0,0.0,0.0
1664107200000,160049.54508674613,160049.54508674613,0,0.0,0.0,0.0,0.0
1664121600000,160049.54508674613,160049.54508674613,0,0.0,0.0,0.0,0.0
1664136000000,160049.54508674613,160049.54508674613,0,0.0,0.0,0.0,0.0
1664150400000,160049.54508674613,160049.54508674613,0,0.0,0.0,0.0,0.0
1664164800000,160049.54508674613,160049.54508674613,0,0.0,0.0,0.0,0.0
1664179200000,160049.54508674613,160049.54508674613,0,0.0,0.0,0.0,0.0
1664193600000,160049.54508674613,160049.54508674613,0,0.0,0.0,0.0,0.0
1664208000000,160049.54508674613,160049.54508674613,0,0.0,0.0,0.0,0.0
1664222400000,160049.54508674613,160049.54508674613,0,0.0,0.0,0.0,0.0
1664236800000,160049.54508674613,160049.54508674613,0,0.0,0.0,0.0,0.0
1664251200000,160049.54508674613,160049.54508674613,0,0.0,0.0,0.0,0.0
1664265600000,160049.54508674613,160049.54508674613,0,0.0,0.0,0.0,0.0
1664280000000,160049.54508674613,160049.54508674613,0,0.0,0.0,0.0,0.0
1664294400000,160049.54508674613,160049.54508674613,0,0.0,0.0,0.0,0.0
1664308800000,160049.54508674613,160049.54508674613,0,0.0,0.0,0.0,0.0
1664323200000,160049.54508674613,160049.54508674613,0,0.0,0.0,0.0,0.0
1664337600000,160049.54508674613,160049.54508674613,0,0.0,0.0,0.0,0.0
1664352000000,160049.54508674613,160049.54508674613,0,0.0,0.0,0.0,0.0
1664366400000,160049.54508674613,160049.54508674613,0,0.0,0.0,0.0,0.0
1664380800000,160049.54508674613,160049.54508674613,0,0.0,0.0,0.0,0.0
1664395200000,160049.54508674613,160049.54508674613,0,0.0,0.0,0.0,0.0
1664409600000,160049.54508674613,160049.54508674613,0,0.0,0.0,0.0,0.0
1664424000000,160049.54508674613,160049.54508674613,0,0.0,0.0,0.0,0.0
1664438400000,160049.54508674613,160049.54508674613,0,0.0,0.0,0.0,0.0
1664452800000,160049.54508674613,160049.54508674613,0,0.0,0.0,0.0,0.0
1664467200000,160049.54508674613,160049.54508674613,0,0.0,0.0,0.0,0.0
1664481600000,160049.54508674613,160049.54508674613,0,0.0,0.0,0.0,0.0
1664496000000,160049.54508674613,160049.54508674613,0,0.0,0.0,0.0,0.0
1664510400000,160049.54508674613,160049.54508674613,0,0.0,0.0,0.0,0.0
1664524800000,160049.54508674613,160049.54508674613,0,0.0,0.0,0.0,0.0
1664539200000,160049.54508674613,160049.54508674613,0,0.0,0.0,0.0,0.0
1664553600000,160049.54508674613,160049.54508674613,0,0.0,0.0,0.0,0.0
1664568000000,160049.54508674613,160049.54508674613,0,0.0,0.0,0.0,0.0
1664582400000,160049.54508674613,160049.54508674613,0,0.0,0.0,0.0,0.0
1664596800000,160049.54508674613,160049.54508674613,0,0.0,0.0,0.0,0.0
1664611200000,160049.54508674613,160049.54508674613,0,0.0,0.0,0.0,0.0
1664625600000,160049.54508674613,160049.54508674613,0,0.0,0.0,0.0,0.0
1664640000000,160049.54508674613,160049.54508674613,0,0.0,0.0,0.0,0.0
1664654400000,160049.54508674613,160049.54508674613,0,0.0,0.0,0.0,0.0
1664668800000,160049.54508674613,160049.54508674613,0,0.0,0.0,0.0,0.0
1664683200000,160049.54508674613,160049.54508674613,0,0.0,0.0,0.0,0.0
1664697600000,160049.54508674613,160049.54508674613,0,0.0,0.0,0.0,0.0
1664712000000,160049.54508674613,160049.54508674613,0,0.0,0.0,0.0,0.0
1664726400000,159914.75701657042,159777.22990008674,3,544492.8462022739,9580.980627666571,9580.980627666571,544492.8462022739
1664740800000,155404.84209686785,159752.7901079962,3,548978.321329886,9580.980627666571,9580.980627666571,548978.321329886
1664755200000,166739.51160834587,159752.7901079962,3,537643.6518184079,9580.980627666571,9580.980627666571,537643.6518184079
1664769600000,161250.72108118475,159734.93950490965,4,566296.1192216601,10001.19208542331,10001.19208542331,566296.1192216601
1664784000000,160562.00257662463,159734.93950490965,4,566984.8377262203,10001.19208542331,10001.19208542331,566984.8377262203
1664798400000,158150.47673411842,159774.8254171942,4,569436.249481011,10001.19208542331,10001.19208542331,569436.249481011
1664812800000,154091.5539265008,154433.0944361559,1,203561.78992366494,3197.725630820023,3197.725630820023,203561.78992366494
1664827200000,152910.24669041883,154451.18497242642,1,204761.1876960174,3197.725630820023,3197.725630820023,204761.1876960174
1664841600000,151896.49621427938,151896.49621427938,0,0.0,0.0,0.0,0.0
1664856000000,151896.49621427938,151896.49621427938,0,0.0,0.0,0.0,0.0
1664870400000,151896.49621427938,151896.49621427938,0,0.0,0.0,0.0,0.0
1664884800000,151896.49621427938,151896.49621427938,0,0.0,0.0,0.0,0.0
1664899200000,151896.49621427938,151896.49621427938,0,0.0,0.0,0.0,0.0
1664913600000,151896.49621427938,151896.49621427938,0,0.0,0.0,0.0,0.0
1664928000000,151896.49621427938,151896.49621427938,0,0.0,0.0,0.0,0.0
1664942400000,151724.56708540418,151842.31061060147,1,108253.46383063021,3037.9299242855877,0.0,0.0
1664956800000,151915.3220877489,151842.31061060147,1,108444.21883297493,3037.9299242855877,0.0,0.0
1664971200000,150002.5667417977,151837.1052880975,1,106536.6688095277,3037.9299242855877,0.0,0.0
1664985600000,150479.4542476595,151837.1052880975,1,107013.5563153895,3037.9299242855877,0.0,0.0
1665000000000,151075.0744073314,151828.66794034443,1,107617.61382281447,3037.9299242855877,0.0,0.0
1665014400000,151615.5469139748,151828.66794034443,1,108158.08632945786,3037.9299242855877,0.0,0.0
1665028800000,152534.96716024246,151826.10567527928,1,109080.06884079069,3037.9299242855877,0.0,0.0
1665043200000,151644.77714930044,151826.10567527928,1,108189.87882984865,3037.9299242855877,0.0,0.0
1665057600000,151888.29683262872,151815.2853554813,1,108444.21883297493,3037.9299242855877,0.0,0.0
1665072000000,150966.3143212959,151815.2853554813,1,107522.2363216421,3037.9299242855877,0.0,0.0
1665086400000,150361.57509633392,151814.60363794427,1,106918.17881421716,3037.9299242855877,0.0,0.0
1665100800000,150254.6836470644,150254.6836470644,0,0.0,0.0,0.0,0.0
1665115200000,150254.6836470644,150254.6836470644,0,0.0,0.0,0.0,0.0
1665129600000,150254.6836470644,150254.6836470644,0,0.0,0.0,0.0,0.0
1665144000000,150254.6836470644,150254.6836470644,0,0.0,0.0,0.0,0.0
1665158400000,150254.6836470644,150254.6836470644,0,0.0,0.0,0.0,0.0
1665172800000,149837.11551226853,149942.61345880755,3,624245.8744602401,8989.883909619623,8989.883909619623,624245.8744602401
1665187200000,148743.06580618443,149942.61345880755,3,625339.9241663242,8989.883909619623,8989.883909619623,625339.9241663242
1665201600000,146514.65590209526,149894.9611598771,3,627520.6817714829,8989.883909619623,8989.883909619623,627520.6817714829
1665216000000,145045.02550329245,146699.29748671415,2,433652.0165987237,5989.4121259146905,5989.4121259146905,433652.0165987237
1665230400000,145623.50107198264,146742.66786371873,2,433116.9114070381,5989.4121259146905,5989.4121259146905,433116.9114070381
1665244800000,146512.80630598555,146742.66786371873,2,432227.6061730352,5989.4121259146905,5989.4121259146905,432227.6061730352
1665259200000,147891.70970226146,146772.0783696625,2,430878.1132827031,5989.4121259146905,5989.4121259146905,430878.1132827031
1665273600000,148948.1654536701,146772.0783696625,2,429821.6575312944,5989.4121259146905,5989.4121259146905,429821.6575312944
1665288000000,150206.96005553735,146746.1037993216,2,428536.88835908624,5989.4121259146905,5989.4121259146905,428536.88835908624
1665302400000,148240.81143566122,146746.1037993216,2,430503.03697896237,5989.4121259146905,5989.4121259146905,430503.03697896237
1665316800000,146522.08915296016,146789.16516489213,2,432264.82062723394,5989.4121259146905,5989.4121259146905,432264.82062723394
1665331200000,145707.70145431362,146789.16516489213,2,433079.2083258805,5989.4121259146905,5989.4121259146905,433079.2083258805
1665345600000,146069.11099218848,145203.14890107632,1,230170.71166426034,3005.0936729412883,3005.0936729412883,230170.71166426034
1665360000000,145687.4016859459,145203.14890107632,1,230552.4209705029,3005.0936729412883,3005.0936729412883,230552.4209705029
1665374400000,143737.21506810153,143737.21506810153,0,0.0,0.0,0.0,0.0
1665388800000,143737.21506810153,143737.21506810153,0,0.0,0.0,0.0,0.0
1665403200000,143737.21506810153,143737.21506810153,0,0.0,0.0,0.0,0.0
1665417600000,143737.21506810153,143737.21506810153,0,0.0,0.0,0.0,0.0
1665432000000,144626.5845438435,143603.7547286199,1,265897.84914802137,2874.744301362031,2874.744301362031,265897.84914802137
1665446400000,151099.27106295584,146347.8807884029,1,128708.94920706954,1437.3721506810155,1437.3721506810155,128708.94920706954
1665460800000,157793.4741558535,149147.16099315905,2,231868.01234722632,2948.566110340387,2948.566110340387,231868.01234722632
1665475200000,153577.24850008573,156090.31109890895,2,446370.41660607234,6304.433480611811,6304.433480611811,446370.41660607234
1665489600000,150506.9876354541,156009.0673074797,3,627791.4178300719,9215.222709124453,9215.222709124453,627791.4178300719
1665504000000,146162.1821613479,146162.1821613479,0,0.0,0.0,0.0,0.0
1665518400000,146162.1821613479,146162.1821613479,0,0.0,0.0,0.0,0.0
1665532800000,146162.1821613479,146162.1821613479,0,0.0,0.0,0.0,0.0
1665547200000,146162.1821613479,146162.1821613479,0,0.0,0.0,0.0,0.0
1665561600000,146162.1821613479,146162.1821613479,0,0.0,0.0,0.0,0.0
1665576000000,146162.1821613479,146162.1821613479,0,0.0,0.0,0.0,0.0
1665590400000,146162.1821613479,146162.1821613479,0,0.0,0.0,0.0,0.0
1665604800000,146162.1821613479,146162.1821613479,0,0.0,0.0,0.0,0.0
1665619200000,146162.1821613479,146162.1821613479,0,0.0,0.0,0.0,0.0
1665633600000,146162.1821613479,146162.1821613479,0,0.0,0.0,0.0,0.0
1665648000000,146162.1821613479,146162.1821613479,0,0.0,0.0,0.0,0.0
1665662400000,146162.1821613479,146162.1821613479,0,0.0,0.0,0.0,0.0
1665676800000,146162.1821613479,146162.1821613479,0,0.0,0.0,0.0,0.0
1665691200000,146162.1821613479,146162.1821613479,0,0.0,0.0,0.0,0.0
1665705600000,146162.1821613479,146162.1821613479,0,0.0,0.0,0.0,0.0
1665720000000,146162.1821613479,146162.1821613479,0,0.0,0.0,0.0,0.0
1665734400000,146162.1821613479,146162.1821613479,0,0.0,0.0,0.0,0.0
1665748800000,146162.1821613479,146162.1821613479,0,0.0,0.0,0.0,0.0
1665763200000,146162.1821613479,146162.1821613479,0,0.0,0.0,0.0,0.0
1665777600000,146162.1821613479,146162.1821613479,0,0.0,0.0,0.0,0.0
1665792000000,146162.1821613479,146162.1821613479,0,0.0,0.0,0.0,0.0
1665806400000,146162.1821613479,146162.1821613479,0,0.0,0.0,0.0,0.0
1665820800000,146162.1821613479,146162.1821613479,0,0.0,0.0,0.0,0.0
1665835200000,146162.1821613479,146162.1821613479,0,0.0,0.0,0.0,0.0
1665849600000,146162.1821613479,146162.1821613479,0,0.0,0.0,0.0,0.0
1665864000000,146162.1821613479,146162.1821613479,0,0.0,0.0,0.0,0.0
1665878400000,146162.1821613479,146162.1821613479,0,0.0,0.0,0.0,0.0
1665892800000,146162.1821613479,146162.1821613479,0,0.0,0.0,0.0,0.0
1665907200000,146162.1821613479,146162.1821613479,0,0.0,0.0,0.0,0.0
1665921600000,146162.1821613479,146162.1821613479,0,0.0,0.0,0.0,0.0
1665936000000,146162.1821613479,146162.1821613479,0,0.0,0.0,0.0,0.0
1665950400000,146162.1821613479,146162.1821613479,0,0.0,0.0,0.0,0.0
1665964800000,146162.1821613479,146162.1821613479,0,0.0,0.0,0.0,0.0
1665979200000,146162.1821613479,146162.1821613479,0,0.0,0.0,0.0,0.0
1665993600000,146162.1821613479,146162.1821613479,0,0.0,0.0,0.0,0.0
1666008000000,146162.1821613479,146162.1821613479,0,0.0,0.0,0.0,0.0
1666022400000,146162.1821613479,146162.1821613479,0,0.0,0.0,0.0,0.0
1666036800000,146162.1821613479,146162.1821613479,0,0.0,0.0,0.0,0.0
1666051200000,146162.1821613479,146162.1821613479,0,0.0,0.0,0.0,0.0
1666065600000,146162.1821613479,146162.1821613479,0,0.0,0.0,0.0,0.0
1666080000000,146162.1821613479,146162.1821613479,0,0.0,0.0,0.0,0.0
1666094400000,146162.1821613479,146162.1821613479,0,0.0,0.0,0.0,0.0
1666108800000,146162.1821613479,146162.1821613479,0,0.0,0.0,0.0,0.0
1666123200000,146162.1821613479,146162.1821613479,0,0.0,0.0,0.0,0.0
1666137600000,146162.1821613479,146162.1821613479,0,0.0,0.0,0.0,0.0
1666152000000,146162.1821613479,146162.1821613479,0,0.0,0.0,0.0,0.0
1666166400000,146162.1821613479,146162.1821613479,0,0.0,0.0,0.0,0.0
1666180800000,146162.1821613479,146162.1821613479,0,0.0,0.0,0.0,0.0
1666195200000,146162.1821613479,146162.1821613479,0,0.0,0.0,0.0,0.0
1666209600000,146162.1821613479,146162.1821613479,0,0.0,0.0,0.0,0.0
1666224000000,146162.1821613479,146162.1821613479,0,0.0,0.0,0.0,0.0
1666238400000,145465.71960508818,146069.12503750125,1,186717.65312574393,2923.2436432269583,2923.2436432269583,186717.65312574393
1666252800000,142956.7966435649,142956.7966435649,0,0.0,0.0,0.0,0.0
1666267200000,142956.7966435649,142956.7966435649,0,0.0,0.0,0.0,0.0
1666281600000,142956.7966435649,142956.7966435649,0,0.0,0.0,0.0,0.0
1666296000000,142956.7966435649,142956.7966435649,0,0.0,0.0,0.0,0.0
1666310400000,142795.52801525808,142811.19412859486,1,291220.6960534392,2859.135932871299,2859.135932871299,291220.6960534392
1666324800000,143400.28040391603,142809.23673380815,1,290613.9862699946,2859.135932871299,2859.135932871299,290613.9862699946
1666339200000,144884.5525527003,142809.23673380815,1,289129.7141212103,2859.135932871299,2859.135932871299,289129.7141212103
1666353600000,145531.69700653246,142784.66678454084,1,288457.99971811083,2859.135932871299,2859.135932871299,288457.99971811083
1666368000000,142123.50812428043,142123.50812428043,0,0.0,0.0,0.0,0.0
1666382400000,142123.50812428043,142123.50812428043,0,0.0,0.0,0.0,0.0
1666396800000,142123.50812428043,142123.50812428043,0,0.0,0.0,0.0,0.0
1666411200000,142123.50812428043,142123.50812428043,0,0.0,0.0,0.0,0.0
1666425600000,142123.50812428043,142123.50812428043,0,0.0,0.0,0.0,0.0
1666440000000,142123.50812428043,142123.50812428043,0,0.0,0.0,0.0,0.0
1666454400000,142123.50812428043,142123.50812428043,0,0.0,0.0,0.0,0.0
1666468800000,142123.50812428043,142123.50812428043,0,0.0,0.0,0.0,0.0
1666483200000,142123.50812428043,142123.50812428043,0,0.0,0.0,0.0,0.0
1666497600000,142123.50812428043,142123.50812428043,0,0.0,0.0,0.0,0.0
1666512000000,142123.50812428043,142123.50812428043,0,0.0,0.0,0.0,0.0
1666526400000,142123.50812428043,142123.50812428043,0,0.0,0.0,0.0,0.0
1666540800000,142123.50812428043,142123.50812428043,0,0.0,0.0,0.0,0.0
1666555200000,142123.50812428043,142123.50812428043,0,0.0,0.0,0.0,0.0
1666569600000,142123.50812428043,142123.50812428043,0,0.0,0.0,0.0,0.0
1666584000000,142123.50812428043,142123.50812428043,0,0.0,0.0,0.0,0.0
1666598400000,142123.50812428043,142123.50812428043,0,0.0,0.0,0.0,0.0
1666612800000,142123.50812428043,142123.50812428043,0,0.0,0.0,0.0,0.0
1666627200000,142123.50812428043,142123.50812428043,0,0.0,0.0,0.0,0.0
1666641600000,142123.50812428043,142123.50812428043,0,0.0,0.0,0.0,0.0
1666656000000,142123.50812428043,142123.50812428043,0,0.0,0.0,0.0,0.0
1666670400000,142123.50812428043,142123.50812428043,0,0.0,0.0,0.0,0.0
1666684800000,142123.50812428043,142123.50812428043,0,0.0,0.0,0.0,0.0
1666699200000,142123.50812428043,142123.50812428043,0,0.0,0.0,0.0,0.0
1666713600000,142123.50812428043,142123.50812428043,0,0.0,0.0,0.0,0.0
1666728000000,142123.50812428043,142123.50812428043,0,0.0,0.0,0.0,0.0
1666742400000,142123.50812428043,142123.50812428043,0,0.0,0.0,0.0,0.0
1666756800000,142123.50812428043,142123.50812428043,0,0.0,0.0,0.0,0.0
1666771200000,142731.52973841058,142041.27287917436,1,165160.74707140238,2842.470162485609,0.0,0.0
1666785600000,144851.89499887556,142031.91517322784,1,167290.47003781388,2842.470162485609,0.0,0.0
1666800000000,146799.67366914818,142031.91517322784,1,169238.2487080865,2842.470162485609,0.0,0.0
1666814400000,146128.95257873673,142021.55440764193,1,168577.88838326096,2842.470162485609,0.0,0.0
1666828800000,146160.6303802966,142021.55440764193,1,168609.56618482084,2842.470162485609,0.0,0.0
1666843200000,146046.89327366118,142021.5324860933,1,168495.85099973404,2842.470162485609,0.0,0.0
1666857600000,145716.30698558738,142021.5324860933,1,168165.26471166025,2842.470162485609,0.0,0.0
1666872000000,144985.0469805582,142025.35992751812,1,167430.17726520624,2842.470162485609,0.0,0.0
1666886400000,144505.00644922745,142025.35992751812,1,166950.1367338755,2842.470162485609,0.0,0.0
1666900800000,145038.79502247664,142023.0626282152,1,167486.2226064276,2842.470162485609,0.0,0.0
1666915200000,142321.81435022398,142023.0626282152,1,164769.24193417493,2842.470162485609,0.0,0.0
1666929600000,142314.0907106248,142025.0860044806,1,164759.49491831035,2842.470162485609,0.0,0.0
1666944000000,140572.62387615253,142025.0860044806,1,163018.0280838381,2842.470162485609,0.0,0.0
1666958400000,140403.8741629631,140403.8741629631,0,0.0,0.0,0.0,0.0
1666972800000,140403.8741629631,140403.8741629631,0,0.0,0.0,0.0,0.0
1666987200000,140403.8741629631,140403.8741629631,0,0.0,0.0,0.0,0.0
1667001600000,140403.8741629631,140403.8741629631,0,0.0,0.0,0.0,0.0
1667016000000,140403.8741629631,140403.8741629631,0,0.0,0.0,0.0,0.0
1667030400000,140403.8741629631,140403.8741629631,0,0.0,0.0,0.0,0.0
1667044800000,140403.8741629631,140403.8741629631,0,0.0,0.0,0.0,0.0
1667059200000,140403.8741629631,140403.8741629631,0,0.0,0.0,0.0,0.0
1667073600000,140403.8741629631,140403.8741629631,0,0.0,0.0,0.0,0.0
1667088000000,140403.8741629631,140403.8741629631,0,0.0,0.0,0.0,0.0
1667102400000,140403.8741629631,140403.8741629631,0,0.0,0.0,0.0,0.0
1667116800000,140403.8741629631,140403.8741629631,0,0.0,0.0,0.0,0.0
1667131200000,140403.8741629631,140403.8741629631,0,0.0,0.0,0.0,0.0
1667145600000,140403.8741629631,140403.8741629631,0,0.0,0.0,0.0,0.0
1667160000000,140403.8741629631,140403.8741629631,0,0.0,0.0,0.0,0.0
1667174400000,140403.8741629631,140403.8741629631,0,0.0,0.0,0.0,0.0
1667188800000,140403.8741629631,140403.8741629631,0,0.0,0.0,0.0,0.0
1667203200000,140403.8741629631,140403.8741629631,0,0.0,0.0,0.0,0.0
1667217600000,140403.8741629631,140403.8741629631,0,0.0,0.0,0.0,0.0
1667232000000,140403.8741629631,140403.8741629631,0,0.0,0.0,0.0,0.0
1667246400000,140403.8741629631,140403.8741629631,0,0.0,0.0,0.0,0.0
1667260800000,140403.8741629631,140403.8741629631,0,0.0,0.0,0.0,0.0
1667275200000,140403.8741629631,140403.8741629631,0,0.0,0.0,0.0,0.0
1667289600000,140403.8741629631,140403.8741629631,0,0.0,0.0,0.0,0.0
1667304000000,140403.8741629631,140403.8741629631,0,0.0,0.0,0.0,0.0
1667318400000,140403.8741629631,140403.8741629631,0,0.0,0.0,0.0,0.0
1667332800000,140403.8741629631,140403.8741629631,0,0.0,0.0,0.0,0.0
1667347200000,140403.8741629631,140403.8741629631,0,0.0,0.0,0.0,0.0
1667361600000,140403.8741629631,140403.8741629631,0,0.0,0.0,0.0,0.0
1667376000000,140403.8741629631,140403.8741629631,0,0.0,0.0,0.0,0.0
1667390400000,140403.8741629631,140403.8741629631,0,0.0,0.0,0.0,0.0
1667404800000,140403.8741629631,140403.8741629631,0,0.0,0.0,0.0,0.0
1667419200000,140403.8741629631,140403.8741629631,0,0.0,0.0,0.0,0.0
1667433600000,140403.8741629631,140403.8741629631,0,0.0,0.0,0.0,0.0
1667448000000,140403.8741629631,140403.8741629631,0,0.0,0.0,0.0,0.0
1667462400000,140403.8741629631,140403.8741629631,0,0.0,0.0,0.0,0.0
1667476800000,140403.8741629631,140403.8741629631,0,0.0,0.0,0.0,0.0
1667491200000,140403.8741629631,140403.8741629631,0,0.0,0.0,0.0,0.0
1667505600000,140403.8741629631,140403.8741629631,0,0.0,0.0,0.0,0.0
1667520000000,140403.8741629631,140403.8741629631,0,0.0,0.0,0.0,0.0
1667534400000,140403.8741629631,140403.8741629631,0,0.0,0.0,0.0,0.0
1667548800000,140403.8741629631,140403.8741629631,0,0.0,0.0,0.0,0.0
1667563200000,140403.8741629631,140403.8741629631,0,0.0,0.0,0.0,0.0
1667577600000,140403.8741629631,140403.8741629631,0,0.0,0.0,0.0,0.0
1667592000000,140403.8741629631,140403.8741629631,0,0.0,0.0,0.0,0.0
1667606400000,140403.8741629631,140403.8741629631,0,0.0,0.0,0.0,0.0
1667620800000,140403.8741629631,140403.8741629631,0,0.0,0.0,0.0,0.0
1667635200000,140403.8741629631,140403.8741629631,0,0.0,0.0,0.0,0.0
1667649600000,140403.8741629631,140403.8741629631,0,0.0,0.0,0.0,0.0
1667664000000,140403.8741629631,140403.8741629631,0,0.0,0.0,0.0,0.0
1667678400000,140403.8741629631,140403.8741629631,0,0.0,0.0,0.0,0.0
1667692800000,140403.8741629631,140403.8741629631,0,0.0,0.0,0.0,0.0
1667707200000,140403.8741629631,140403.8741629631,0,0.0,0.0,0.0,0.0
1667721600000,140403.8741629631,140403.8741629631,0,0.0,0.0,0.0,0.0
1667736000000,140403.8741629631,140403.8741629631,0,0.0,0.0,0.0,0.0
1667750400000,140403.8741629631,140403.8741629631,0,0.0,0.0,0.0,0.0
1667764800000,140403.8741629631,140403.8741629631,0,0.0,0.0,0.0,0.0
1667779200000,140403.8741629631,140403.8741629631,0,0.0,0.0,0.0,0.0
1667793600000,140403.8741629631,140403.8741629631,0,0.0,0.0,0.0,0.0
1667808000000,140403.8741629631,140403.8741629631,0,0.0,0.0,0.0,0.0
1667822400000,140403.8741629631,140403.8741629631,0,0.0,0.0,0.0,0.0
1667836800000,140403.8741629631,140403.8741629631,0,0.0,0.0,0.0,0.0
1667851200000,140403.8741629631,140403.8741629631,0,0.0,0.0,0.0,0.0
1667865600000,140403.8741629631,140403.8741629631,0,0.0,0.0,0.0,0.0
1667880000000,140403.8741629631,140403.8741629631,0,0.0,0.0,0.0,0.0
1667894400000,140403.8741629631,140403.8741629631,0,0.0,0.0,0.0,0.0
1667908800000,140403.8741629631,140403.8741629631,0,0.0,0.0,0.0,0.0
1667923200000,140403.8741629631,140403.8741629631,0,0.0,0.0,0.0,0.0
1667937600000,140403.8741629631,140403.8741629631,0,0.0,0.0,0.0,0.0
1667952000000,140403.8741629631,140403.8741629631,0,0.0,0.0,0.0,0.0
1667966400000,140403.8741629631,140403.8741629631,0,0.0,0.0,0.0,0.0
1667980800000,140403.8741629631,140403.8741629631,0,0.0,0.0,0.0,0.0
1667995200000,140403.8741629631,140403.8741629631,0,0.0,0.0,0.0,0.0
1668009600000,140403.8741629631,140403.8741629631,0,0.0,0.0,0.0,0.0
1668024000000,140403.8741629631,140403.8741629631,0,0.0,0.0,0.0,0.0
1668038400000,140403.8741629631,140403.8741629631,0,0.0,0.0,0.0,0.0
1668052800000,140403.8741629631,140403.8741629631,0,0.0,0.0,0.0,0.0
1668067200000,140403.8741629631,140403.8741629631,0,0.0,0.0,0.0,0.0
1668081600000,140403.8741629631,140403.8741629631,0,0.0,0.0,0.0,0.0
1668096000000,140403.8741629631,140403.8741629631,0,0.0,0.0,0.0,0.0
1668110400000,140403.8741629631,140403.8741629631,0,0.0,0.0,0.0,0.0
1668124800000,140403.8741629631,140403.8741629631,0,0.0,0.0,0.0,0.0
1668139200000,140403.8741629631,140403.8741629631,0,0.0,0.0,0.0,0.0
1668153600000,140403.8741629631,140403.8741629631,0,0.0,0.0,0.0,0.0
1668168000000,140403.8741629631,140403.8741629631,0,0.0,0.0,0.0,0.0
1668182400000,140403.8741629631,140403.8741629631,0,0.0,0.0,0.0,0.0
1668196800000,140403.8741629631,140403.8741629631,0,0.0,0.0,0.0,0.0
1668211200000,140403.8741629631,140403.8741629631,0,0.0,0.0,0.0,0.0
1668225600000,140403.8741629631,140403.8741629631,0,0.0,0.0,0.0,0.0
1668240000000,140403.8741629631,140403.8741629631,0,0.0,0.0,0.0,0.0
1668254400000,140403.8741629631,140403.8741629631,0,0.0,0.0,0.0,0.0
1668268800000,140403.8741629631,140403.8741629631,0,0.0,0.0,0.0,0.0
1668283200000,140403.8741629631,140403.8741629631,0,0.0,0.0,0.0,0.0
1668297600000,140403.8741629631,140403.8741629631,0,0.0,0.0,0.0,0.0
1668312000000,140403.8741629631,140403.8741629631,0,0.0,0.0,0.0,0.0
1668326400000,140403.8741629631,140403.8741629631,0,0.0,0.0,0.0,0.0
1668340800000,140403.8741629631,140403.8741629631,0,0.0,0.0,0.0,0.0
1668355200000,140403.8741629631,140403.8741629631,0,0.0,0.0,0.0,0.0
1668369600000,140403.8741629631,140403.8741629631,0,0.0,0.0,0.0,0.0
1668384000000,140403.8741629631,140403.8741629631,0,0.0,0.0,0.0,0.0
1668398400000,140403.8741629631,140403.8741629631,0,0.0,0.0,0.0,0.0
1668412800000,140403.8741629631,140403.8741629631,0,0.0,0.0,0.0,0.0
1668427200000,140403.8741629631,140403.8741629631,0,0.0,0.0,0.0,0.0
1668441600000,140403.8741629631,140403.8741629631,0,0.0,0.0,0.0,0.0
1668456000000,140403.8741629631,140403.8741629631,0,0.0,0.0,0.0,0.0
1668470400000,140403.8741629631,140403.8741629631,0,0.0,0.0,0.0,0.0
1668484800000,140403.8741629631,140403.8741629631,0,0.0,0.0,0.0,0.0
1668499200000,140403.8741629631,140403.8741629631,0,0.0,0.0,0.0,0.0
1668513600000,140403.8741629631,140403.8741629631,0,0.0,0.0,0.0,0.0
1668528000000,140403.8741629631,140403.8741629631,0,0.0,0.0,0.0,0.0
1668542400000,140403.8741629631,140403.8741629631,0,0.0,0.0,0.0,0.0
1668556800000,140403.8741629631,140403.8741629631,0,0.0,0.0,0.0,0.0
1668571200000,140403.8741629631,140403.8741629631,0,0.0,0.0,0.0,0.0
1668585600000,140403.8741629631,140403.8741629631,0,0.0,0.0,0.0,0.0
1668600000000,140403.8741629631,140403.8741629631,0,0.0,0.0,0.0,0.0
1668614400000,140403.8741629631,140403.8741629631,0,0.0,0.0,0.0,0.0
1668628800000,140403.8741629631,140403.8741629631,0,0.0,0.0,0.0,0.0
1668643200000,140403.8741629631,140403.8741629631,0,0.0,0.0,0.0,0.0
1668657600000,140403.8741629631,140403.8741629631,0,0.0,0.0,0.0,0.0
1668672000000,140403.8741629631,140403.8741629631,0,0.0,0.0,0.0,0.0
1668686400000,140403.8741629631,140403.8741629631,0,0.0,0.0,0.0,0.0
1668700800000,140403.8741629631,140403.8741629631,0,0.0,0.0,0.0,0.0
1668715200000,140403.8741629631,140403.8741629631,0,0.0,0.0,0.0,0.0
1668729600000,140403.8741629631,140403.8741629631,0,0.0,0.0,0.0,0.0
1668744000000,140403.8741629631,140403.8741629631,0,0.0,0.0,0.0,0.0
1668758400000,140403.8741629631,140403.8741629631,0,0.0,0.0,0.0,0.0
1668772800000,140403.8741629631,140403.8741629631,0,0.0,0.0,0.0,0.0
1668787200000,140403.8741629631,140403.8741629631,0,0.0,0.0,0.0,0.0
1668801600000,140403.8741629631,140403.8741629631,0,0.0,0.0,0.0,0.0
1668816000000,140403.8741629631,140403.8741629631,0,0.0,0.0,0.0,0.0
1668830400000,140403.8741629631,140403.8741629631,0,0.0,0.0,0.0,0.0
1668844800000,140403.8741629631,140403.8741629631,0,0.0,0.0,0.0,0.0
1668859200000,140403.8741629631,140403.8741629631,0,0.0,0.0,0.0,0.0
1668873600000,140403.8741629631,140403.8741629631,0,0.0,0.0,0.0,0.0
1668888000000,140403.8741629631,140403.8741629631,0,0.0,0.0,0.0,0.0
1668902400000,140403.8741629631,140403.8741629631,0,0.0,0.0,0.0,0.0
1668916800000,140403.8741629631,140403.8741629631,0,0.0,0.0,0.0,0.0
1668931200000,140403.8741629631,140403.8741629631,0,0.0,0.0,0.0,0.0
1668945600000,140403.8741629631,140403.8741629631,0,0.0,0.0,0.0,0.0
1668960000000,138082.3376480146,140281.32111451795,2,247305.08035682113,5613.41938307533,5613.41938307533,247305.08035682113
1668974400000,136601.68486215215,137259.48554722135,2,250296.50730387212,5476.650894009344,5476.650894009344,250296.50730387212
1668988800000,143971.41154656155,137259.48554722135,2,242926.78061946272,5476.650894009344,5476.650894009344,242926.78061946272
1669003200000,150667.5894213263,142494.04672245457,3,344556.983037463,5617.578446046469,5617.578446046469,344556.983037463
1669017600000,151020.86533341327,142420.18381098166,5,491855.66715972294,9031.611121803118,9031.611121803118,491855.66715972294
1669032000000,150275.617720584,142421.36829930323,5,492602.0992608738,9031.611121803118,9031.611121803118,492602.0992608738
1669046400000,147091.90976277547,142421.36829930323,5,495785.80721868237,9031.611121803118,9031.611121803118,495785.80721868237
1669060800000,161197.81521054808,145600.19443208652,5,360160.3866580854,7391.499523591891,7391.499523591891,360160.3866580854
1669075200000,155293.2990062645,146522.0878739795,4,312806.23226701666,5988.828573683857,5988.828573683857,312806.23226701666
1669089600000,154548.02371314776,146506.70560249573,4,313536.1252886496,5988.828573683857,5988.828573683857,313536.1252886496
1669104000000,157433.47820086652,146506.70560249573,4,310650.6708009309,5988.828573683857,5988.828573683857,310650.6708009309
1669118400000,158971.61914467622,146512.18426152138,4,309118.0085161468,5988.828573683857,5988.828573683857,309118.0085161468
1669132800000,149949.30782860352,149949.30782860352,0,0.0,0.0,0.0,0.0
1669147200000,149949.30782860352,149949.30782860352,0,0.0,0.0,0.0,0.0
1669161600000,149949.30782860352,149949.30782860352,0,0.0,0.0,0.0,0.0
1669176000000,149949.30782860352,149949.30782860352,0,0.0,0.0,0.0,0.0
1669190400000,149949.30782860352,149949.30782860352,0,0.0,0.0,0.0,0.0
1669204800000,149949.30782860352,149949.30782860352,0,0.0,0.0,0.0,0.0
1669219200000,149949.30782860352,149949.30782860352,0,0.0,0.0,0.0,0.0
1669233600000,149949.30782860352,149949.30782860352,0,0.0,0.0,0.0,0.0
1669248000000,149949.30782860352,149949.30782860352,0,0.0,0.0,0.0,0.0
1669262400000,149949.30782860352,149949.30782860352,0,0.0,0.0,0.0,0.0
1669276800000,149949.30782860352,149949.30782860352,0,0.0,0.0,0.0,0.0
1669291200000,149949.30782860352,149949.30782860352,0,0.0,0.0,0.0,0.0
1669305600000,149949.30782860352,149949.30782860352,0,0.0,0.0,0.0,0.0
1669320000000,149949.30782860352,149949.30782860352,0,0.0,0.0,0.0,0.0
1669334400000,149949.30782860352,149949.30782860352,0,0.0,0.0,0.0,0.0
1669348800000,149949.30782860352,149949.30782860352,0,0.0,0.0,0.0,0.0
1669363200000,149949.30782860352,149949.30782860352,0,0.0,0.0,0.0,0.0
1669377600000,149949.30782860352,149949.30782860352,0,0.0,0.0,0.0,0.0
1669392000000,149949.30782860352,149949.30782860352,0,0.0,0.0,0.0,0.0
1669406400000,149949.30782860352,149949.30782860352,0,0.0,0.0,0.0,0.0
1669420800000,149949.30782860352,149949.30782860352,0,0.0,0.0,0.0,0.0
1669435200000,149949.30782860352,149949.30782860352,0,0.0,0.0,0.0,0.0
1669449600000,149949.30782860352,149949.30782860352,0,0.0,0.0,0.0,0.0
1669464000000,149949.30782860352,149949.30782860352,0,0.0,0.0,0.0,0.0
1669478400000,149949.30782860352,149949.30782860352,0,0.0,0.0,0.0,0.0
1669492800000,149949.30782860352,149949.30782860352,0,0.0,0.0,0.0,0.0
1669507200000,149949.30782860352,149949.30782860352,0,0.0,0.0,0.0,0.0
1669521600000,149949.30782860352,149949.30782860352,0,0.0,0.0,0.0,0.0
1669536000000,149949.30782860352,149949.30782860352,0,0.0,0.0,0.0,0.0
1669550400000,149949.30782860352,149949.30782860352,0,0.0,0.0,0.0,0.0
1669564800000,149949.30782860352,149949.30782860352,0,0.0,0.0,0.0,0.0
1669579200000,149949.30782860352,149949.30782860352,0,0.0,0.0,0.0,0.0
1669593600000,149949.30782860352,149949.30782860352,0,0.0,0.0,0.0,0.0
1669608000000,149949.30782860352,149949.30782860352,0,0.0,0.0,0.0,0.0
1669622400000,146430.88381846255,149690.31914425734,3,521236.8040181214,8970.618414390028,8970.618414390028,521236.8040181214
1669636800000,146683.48515095428,149248.86908043656,3,520542.7526218089,8970.618414390028,8970.618414390028,520542.7526218089
1669651200000,149631.04951833392,149248.86908043656,3,517595.18825442914,8970.618414390028,8970.618414390028,517595.18825442914
1669665600000,142728.82366925597,142664.52939227244,1,162268.65315526843,2993.453609149426,2993.453609149426,162268.65315526843
1669680000000,143254.01427169703,142664.52939227244,1,161743.46255282738,2993.453609149426,2993.453609149426,161743.46255282738
1669694400000,140889.23355641012,142670.72788747796,1,164114.4417633198,2993.453609149426,2993.453609149426,164114.4417633198
1669708800000,139592.34986403285,139592.34986403285,0,0.0,0.0,0.0,0.0
1669723200000,139592.34986403285,139592.34986403285,0,0.0,0.0,0.0,0.0
1669737600000,139592.34986403285,139592.34986403285,0,0.0,0.0,0.0,0.0
1669752000000,139592.34986403285,139592.34986403285,0,0.0,0.0,0.0,0.0
1669766400000,139592.34986403285,139592.34986403285,0,0.0,0.0,0.0,0.0
1669780800000,139592.34986403285,139592.34986403285,0,0.0,0.0,0.0,0.0
1669795200000,139592.34986403285,139592.34986403285,0,0.0,0.0,0.0,0.0
1669809600000,139592.34986403285,139592.34986403285,0,0.0,0.0,0.0,0.0
1669824000000,139592.34986403285,139592.34986403285,0,0.0,0.0,0.0,0.0
1669838400000,139592.34986403285,139592.34986403285,0,0.0,0.0,0.0,0.0
1669852800000,139592.34986403285,139592.34986403285,0,0.0,0.0,0.0,0.0
1669867200000,139592.34986403285,139592.34986403285,0,0.0,0.0,0.0,0.0
1669881600000,139592.34986403285,139592.34986403285,0,0.0,0.0,0.0,0.0
1669896000000,139592.34986403285,139592.34986403285,0,0.0,0.0,0.0,0.0
1669910400000,139592.34986403285,139592.34986403285,0,0.0,0.0,0.0,0.0
1669924800000,139592.34986403285,139592.34986403285,0,0.0,0.0,0.0,0.0
1669939200000,139592.34986403285,139592.34986403285,0,0.0,0.0,0.0,0.0
1669953600000,139592.34986403285,139592.34986403285,0,0.0,0.0,0.0,0.0
1669968000000,139592.34986403285,139592.34986403285,0,0.0,0.0,0.0,0.0
1669982400000,139592.34986403285,139592.34986403285,0,0.0,0.0,0.0,0.0
1669996800000,139592.34986403285,139592.34986403285,0,0.0,0.0,0.0,0.0
1670011200000,139592.34986403285,139592.34986403285,0,0.0,0.0,0.0,0.0
1670025600000,139592.34986403285,139592.34986403285,0,0.0,0.0,0.0,0.0
1670040000000,139592.34986403285,139592.34986403285,0,0.0,0.0,0.0,0.0
1670054400000,139592.34986403285,139592.34986403285,0,0.0,0.0,0.0,0.0
1670068800000,139592.34986403285,139592.34986403285,0,0.0,0.0,0.0,0.0
1670083200000,139592.34986403285,139592.34986403285,0,0.0,0.0,0.0,0.0
1670097600000,139592.34986403285,139592.34986403285,0,0.0,0.0,0.0,0.0
1670112000000,139592.34986403285,139592.34986403285,0,0.0,0.0,0.0,0.0
1670126400000,136541.12253182006,136541.12253182006,0,0.0,0.0,0.0,0.0
1670140800000,136541.12253182006,136541.12253182006,0,0.0,0.0,0.0,0.0
1670155200000,136541.12253182006,136541.12253182006,0,0.0,0.0,0.0,0.0
1670169600000,136541.12253182006,136541.12253182006,0,0.0,0.0,0.0,0.0
1670184000000,136541.12253182006,136541.12253182006,0,0.0,0.0,0.0,0.0
1670198400000,136541.12253182006,136541.12253182006,0,0.0,0.0,0.0,0.0
1670212800000,136541.12253182006,136541.12253182006,0,0.0,0.0,0.0,0.0
1670227200000,136541.12253182006,136541.12253182006,0,0.0,0.0,0.0,0.0
1670241600000,136541.12253182006,136541.12253182006,0,0.0,0.0,0.0,0.0
1670256000000,136541.12253182006,136541.12253182006,0,0.0,0.0,0.0,0.0
1670270400000,136541.12253182006,136541.12253182006,0,0.0,0.0,0.0,0.0
1670284800000,135230.1103848985,136443.09984644936,1,197258.3602029222,2730.8224506364013,2730.8224506364013,197258.3602029222
1670299200000,134511.91184052086,136443.09984644936,1,197976.55874729986,2730.8224506364013,2730.8224506364013,197976.55874729986
1670313600000,134517.72984556085,136365.4948225533,2,353103.1835104842,5420.92388772408,5420.92388772408,353103.1835104842
1670328000000,134077.53021530402,136372.08674835454,2,353549.9750665423,5420.92388772408,5420.92388772408,353549.9750665423
1670342400000,132051.13675224615,133524.04568700035,1,197518.27967612553,2730.8224506364013,2730.8224506364013,197518.27967612553
1670356800000,132242.65636408018,133524.04568700035,1,197326.76006429153,2730.8224506364013,2730.8224506364013,197326.76006429153
1670371200000,130594.39734912367,130594.39734912367,0,0.0,0.0,0.0,0.0
1670385600000,130594.39734912367,130594.39734912367,0,0.0,0.0,0.0,0.0
1670400000000,130594.39734912367,130594.39734912367,0,0.0,0.0,0.0,0.0
1670414400000,127771.16711325922,130361.3477788371,3,468689.32123873674,7815.37562134478,7815.37562134478,468689.32123873674
1670428800000,125799.02447963641,130361.3477788371,3,470661.4638723596,7815.37562134478,7815.37562134478,470661.4638723596
1670443200000,126340.30509560175,130336.84698276926,3,470095.68246032635,7815.37562134478,7815.37562134478,470095.68246032635
1670457600000,124738.97162567024,130336.84698276926,3,471697.0159302579,7815.37562134478,7815.37562134478,471697.0159302579
1670472000000,123596.0577710256,124757.63958525783,1,196275.9082275294,2611.8879469824733,2611.8879469824733,196275.9082275294
1670486400000,122670.26060454703,124757.63958525783,1,197201.70539400796,2611.8879469824733,2611.8879469824733,197201.70539400796
1670500800000,121947.97599236148,121947.97599236148,0,0.0,0.0,0.0,0.0
1670515200000,121947.97599236148,121947.97599236148,0,0.0,0.0,0.0,0.0
1670529600000,121947.97599236148,121947.97599236148,0,0.0,0.0,0.0,0.0
1670544000000,121947.97599236148,121947.97599236148,0,0.0,0.0,0.0,0.0
1670558400000,121947.97599236148,121947.97599236148,0,0.0,0.0,0.0,0.0
1670572800000,121947.97599236148,121947.97599236148,0,0.0,0.0,0.0,0.0
1670587200000,121947.97599236148,121947.97599236148,0,0.0,0.0,0.0,0.0
1670601600000,121947.97599236148,121947.97599236148,0,0.0,0.0,0.0,0.0
1670616000000,121947.97599236148,121947.97599236148,0,0.0,0.0,0.0,0.0
1670630400000,121947.97599236148,121947.97599236148,0,0.0,0.0,0.0,0.0
1670644800000,121947.97599236148,121947.97599236148,0,0.0,0.0,0.0,0.0
1670659200000,121947.97599236148,121947.97599236148,0,0.0,0.0,0.0,0.0
1670673600000,121947.97599236148,121947.97599236148,0,0.0,0.0,0.0,0.0
1670688000000,121947.97599236148,121947.97599236148,0,0.0,0.0,0.0,0.0
1670702400000,121947.97599236148,121947.97599236148,0,0.0,0.0,0.0,0.0
1670716800000,121947.97599236148,121947.97599236148,0,0.0,0.0,0.0,0.0
1670731200000,121947.97599236148,121947.97599236148,0,0.0,0.0,0.0,0.0
1670745600000,121947.97599236148,121947.97599236148,0,0.0,0.0,0.0,0.0
1670760000000,121947.97599236148,121947.97599236148,0,0.0,0.0,0.0,0.0
1670774400000,121947.97599236148,121947.97599236148,0,0.0,0.0,0.0,0.0
1670788800000,121947.97599236148,121947.97599236148,0,0.0,0.0,0.0,0.0
1670803200000,121947.97599236148,121947.97599236148,0,0.0,0.0,0.0,0.0
1670817600000,130880.44983699496,127494.32221033389,4,192457.90506285237,2435.295084050171,2435.295084050171,192457.90506285237
1670832000000,130680.20481656177,127393.88069572755,6,393440.73778134777,5052.104489812861,5052.104489812861,393440.73778134777
1670846400000,127231.6505170099,126564.98024877369,3,235183.71693753294,2526.9465607959214,2526.9465607959214,235183.71693753294
1670860800000,128993.54002068349,127749.52262677164,2,109847.60012907565,1218.9225744151518,1218.9225744151518,109847.60012907565
1670875200000,128820.87025483913,127857.91681448188,2,151403.19317100002,1898.8152819089728,1898.8152819089728,151403.19317100002
1670889600000,127697.75014216681,127802.51596793426,1,97083.91263944382,1289.6325874556285,1289.6325874556285,97083.91263944382
1670904000000,130569.3676490323,129044.93681458531,1,46965.14257239119,644.8162937278142,644.8162937278142,46965.14257239119
1670918400000,131140.67697777532,129044.93681458531,1,46393.83324364818,644.8162937278142,644.8162937278142,46393.83324364818
1670932800000,130823.94117467711,130823.94117467711,0,0.0,0.0,0.0,0.0
1670947200000,130823.94117467711,130823.94117467711,0,0.0,0.0,0.0,0.0
1670961600000,130823.94117467711,130823.94117467711,0,0.0,0.0,0.0,0.0
1670976000000,130823.94117467711,130823.94117467711,0,0.0,0.0,0.0,0.0
1670990400000,130823.94117467711,130823.94117467711,0,0.0,0.0,0.0,0.0
1671004800000,130823.94117467711,130823.94117467711,0,0.0,0.0,0.0,0.0
1671019200000,131070.39316984978,130759.88343895778,1,128425.98116953496,2616.478823493542,0.0,0.0
1671033600000,132163.99798312463,130759.88343895778,1,129519.58598280983,2616.478823493542,0.0,0.0
1671048000000,129170.24731746285,130746.93173337262,1,126538.78702273322,2616.478823493542,0.0,0.0
1671062400000,129195.40990608688,130746.93173337262,1,126563.94961135724,2616.478823493542,0.0,0.0
1671076800000,127992.32705824642,127992.32705824642,0,0.0,0.0,0.0,0.0
1671091200000,127992.32705824642,127992.32705824642,0,0.0,0.0,0.0,0.0
1671105600000,127992.32705824642,127992.32705824642,0,0.0,0.0,0.0,0.0
1671120000000,127992.32705824642,127992.32705824642,0,0.0,0.0,0.0,0.0
1671134400000,127992.32705824642,127992.32705824642,0,0.0,0.0,0.0,0.0
1671148800000,127992.32705824642,127992.32705824642,0,0.0,0.0,0.0,0.0
1671163200000,127012.88584246414,127968.80972918942,1,47990.58200072341,1279.9232705824643,1279.9232705824643,47990.58200072341
1671177600000,127023.98578047748,127968.80972918942,1,47979.482062710056,1279.9232705824643,1279.9232705824643,47979.482062710056
1671192000000,128982.37517055542,127973.61002891757,1,46025.89297236026,1279.9232705824643,1279.9232705824643,46025.89297236026
1671206400000,129731.62098645662,127973.61002891757,1,45276.64715645906,1279.9232705824643,1279.9232705824643,45276.64715645906
1671220800000,130225.63248288294,129232.85263947656,1,22524.549213592687,639.9616352912321,639.9616352912321,22524.549213592687
1671235200000,131757.4239287254,129232.85263947656,1,20992.757767750234,639.9616352912321,639.9616352912321,20992.757767750234
1671249600000,131413.7957277371,129227.7725478955,1,21331.30587715744,639.9616352912321,639.9616352912321,21331.30587715744
1671264000000,131122.42235488666,129227.7725478955,1,21622.67925000791,639.9616352912321,639.9616352912321,21622.67925000791
1671278400000,131330.5533277237,129227.77968298222,1,21414.555412257578,639.9616352912321,639.9616352912321,21414.555412257578
1671292800000,131202.90404057017,129227.77968298222,1,21542.204699411115,639.9616352912321,639.9616352912321,21542.204699411115
1671307200000,131246.44369469598,129229.69456955795,1,21500.579931861044,639.9616352912321,639.9616352912321,21500.579931861044
1671321600000,130935.65505730908,130935.65505730908,0,0.0,0.0,0.0,0.0
1671336000000,130935.65505730908,130935.65505730908,0,0.0,0.0,0.0,0.0
1671350400000,130935.65505730908,130935.65505730908,0,0.0,0.0,0.0,0.0
1671364800000,130935.65505730908,130935.65505730908,0,0.0,0.0,0.0,0.0
1671379200000,130935.65505730908,130935.65505730908,0,0.0,0.0,0.0,0.0
1671393600000,130935.65505730908,130935.65505730908,0,0.0,0.0,0.0,0.0
1671408000000,130935.65505730908,130935.65505730908,0,0.0,0.0,0.0,0.0
1671422400000,130935.65505730908,130935.65505730908,0,0.0,0.0,0.0,0.0
1671436800000,130935.65505730908,130935.65505730908,0,0.0,0.0,0.0,0.0
1671451200000,130935.65505730908,130935.65505730908,0,0.0,0.0,0.0,0.0
1671465600000,130935.65505730908,130935.65505730908,0,0.0,0.0,0.0,0.0
1671480000000,130935.65505730908,130935.65505730908,0,0.0,0.0,0.0,0.0
1671494400000,130935.65505730908,130935.65505730908,0,0.0,0.0,0.0,0.0
1671508800000,130935.65505730908,130935.65505730908,0,0.0,0.0,0.0,0.0
1671523200000,130935.65505730908,130935.65505730908,0,0.0,0.0,0.0,0.0
1671537600000,130935.65505730908,130935.65505730908,0,0.0,0.0,0.0,0.0
1671552000000,130935.65505730908,130935.65505730908,0,0.0,0.0,0.0,0.0
1671566400000,130935.65505730908,130935.65505730908,0,0.0,0.0,0.0,0.0
1671580800000,130935.65505730908,130935.65505730908,0,0.0,0.0,0.0,0.0
1671595200000,130935.65505730908,130935.65505730908,0,0.0,0.0,0.0,0.0
1671609600000,130935.65505730908,130935.65505730908,0,0.0,0.0,0.0,0.0
1671624000000,130935.65505730908,130935.65505730908,0,0.0,0.0,0.0,0.0
1671638400000,130935.65505730908,130935.65505730908,0,0.0,0.0,0.0,0.0
1671652800000,130935.65505730908,130935.65505730908,0,0.0,0.0,0.0,0.0
1671667200000,130935.65505730908,130935.65505730908,0,0.0,0.0,0.0,0.0
1671681600000,130935.65505730908,130935.65505730908,0,0.0,0.0,0.0,0.0
1671696000000,130935.65505730908,130935.65505730908,0,0.0,0.0,0.0,0.0
1671710400000,130935.65505730908,130935.65505730908,0,0.0,0.0,0.0,0.0
1671724800000,130935.65505730908,130935.65505730908,0,0.0,0.0,0.0,0.0
1671739200000,130935.65505730908,130935.65505730908,0,0.0,0.0,0.0,0.0
1671753600000,130935.65505730908,130935.65505730908,0,0.0,0.0,0.0,0.0
1671768000000,130935.65505730908,130935.65505730908,0,0.0,0.0,0.0,0.0
1671782400000,130935.65505730908,130935.65505730908,0,0.0,0.0,0.0,0.0
1671796800000,130935.65505730908,130935.65505730908,0,0.0,0.0,0.0,0.0
1671811200000,130935.65505730908,130935.65505730908,0,0.0,0.0,0.0,0.0
1671825600000,130935.65505730908,130935.65505730908,0,0.0,0.0,0.0,0.0
1671840000000,130935.65505730908,130935.65505730908,0,0.0,0.0,0.0,0.0
1671854400000,130935.65505730908,130935.65505730908,0,0.0,0.0,0.0,0.0
1671868800000,130935.65505730908,130935.65505730908,0,0.0,0.0,0.0,0.0
1671883200000,130935.65505730908,130935.65505730908,0,0.0,0.0,0.0,0.0
1671897600000,130935.65505730908,130935.65505730908,0,0.0,0.0,0.0,0.0
1671912000000,130935.65505730908,130935.65505730908,0,0.0,0.0,0.0,0.0
1671926400000,130935.65505730908,130935.65505730908,0,0.0,0.0,0.0,0.0
1671940800000,130935.65505730908,130935.65505730908,0,0.0,0.0,0.0,0.0
1671955200000,130935.65505730908,130935.65505730908,0,0.0,0.0,0.0,0.0
1671969600000,130935.65505730908,130935.65505730908,0,0.0,0.0,0.0,0.0
1671984000000,130935.65505730908,130935.65505730908,0,0.0,0.0,0.0,0.0
1671998400000,130935.65505730908,130935.65505730908,0,0.0,0.0,0.0,0.0
1672012800000,130935.65505730908,130935.65505730908,0,0.0,0.0,0.0,0.0
1672027200000,130935.65505730908,130935.65505730908,0,0.0,0.0,0.0,0.0
1672041600000,130935.65505730908,130935.65505730908,0,0.0,0.0,0.0,0.0
1672056000000,130935.65505730908,130935.65505730908,0,0.0,0.0,0.0,0.0
1672070400000,130935.65505730908,130935.65505730908,0,0.0,0.0,0.0,0.0
1672084800000,130935.65505730908,130935.65505730908,0,0.0,0.0,0.0,0.0
1672099200000,130935.65505730908,130935.65505730908,0,0.0,0.0,0.0,0.0
1672113600000,130935.65505730908,130935.65505730908,0,0.0,0.0,0.0,0.0
1672128000000,130935.65505730908,130935.65505730908,0,0.0,0.0,0.0,0.0
1672142400000,130935.65505730908,130935.65505730908,0,0.0,0.0,0.0,0.0
1672156800000,130935.65505730908,130935.65505730908,0,0.0,0.0,0.0,0.0
1672171200000,130935.65505730908,130935.65505730908,0,0.0,0.0,0.0,0.0
1672185600000,130016.90694159901,130864.56098627814,1,143035.79610654048,2618.7131011461815,2618.7131011461815,143035.79610654048
1672200000000,133758.52950066217,130878.86638295591,1,139308.47894415507,2618.7131011461815,2618.7131011461815,139308.47894415507
1672214400000,139992.43568146825,135786.0650138806,3,384447.96632222267,5319.988365779393,5319.988365779393,384447.96632222267
1672228800000,140117.29322632522,135801.669540372,3,384338.7133038571,5319.988365779393,5319.988365779393,384338.7133038571
1672243200000,139075.30980046827,136795.1727733644,1,210073.72930511893,2675.1705900132433,2675.1705900132433,210073.72930511893
1672257600000,139448.92351874054,136705.42751436093,2,403167.4252490554,5457.55171818415,5457.55171818415,403167.4252490554
1672272000000,142490.43855445227,139277.07046635743,2,296520.6199992288,4119.966423177528,4119.966423177528,296520.6199992288
1672286400000,142751.00120999315,139306.72576030638,2,296289.71263763687,4119.966423177528,4119.966423177528,296289.71263763687
1672300800000,142086.03316288706,139306.72576030638,2,296954.6806847429,4119.966423177528,4119.966423177528,296954.6806847429
1672315200000,142852.8770824691,140665.96876114927,1,191370.14659989244,2782.3811281709063,2782.3811281709063,191370.14659989244
1672329600000,143350.8343952907,140665.96876114927,1,190872.18928707083,2782.3811281709063,2782.3811281709063,190872.18928707083
1672344000000,145134.88936093156,140681.41671918234,1,189103.582279463,2782.3811281709063,2782.3811281709063,189103.582279463
1672358400000,145991.44618475184,143369.77820198424,1,94156.85947783852,1391.1905640854532,1391.1905640854532,94156.85947783852
1672372800000,145867.7913405927,145867.7913405927,0,0.0,0.0,0.0,0.0
1672387200000,145867.7913405927,145867.7913405927,0,0.0,0.0,0.0,0.0
1672401600000,145867.7913405927,145867.7913405927,0,0.0,0.0,0.0,0.0
1672416000000,145867.7913405927,145867.7913405927,0,0.0,0.0,0.0,0.0
1672430400000,145867.7913405927,145867.7913405927,0,0.0,0.0,0.0,0.0
1672444800000,145867.7913405927,145867.7913405927,0,0.0,0.0,0.0,0.0
1672459200000,145867.7913405927,145867.7913405927,0,0.0,0.0,0.0,0.0
1672473600000,145867.7913405927,145867.7913405927,0,0.0,0.0,0.0,0.0
1672488000000,145867.7913405927,145867.7913405927,0,0.0,0.0,0.0,0.0
1672502400000,145867.7913405927,145867.7913405927,0,0.0,0.0,0.0,0.0
1672516800000,145867.7913405927,145867.7913405927,0,0.0,0.0,0.0,0.0
1672531200000,145867.7913405927,145867.7913405927,0,0.0,0.0,0.0,0.0
1672545600000,145867.7913405927,145867.7913405927,0,0.0,0.0,0.0,0.0
1672560000000,145867.7913405927,145867.7913405927,0,0.0,0.0,0.0,0.0
1672574400000,145867.7913405927,145867.7913405927,0,0.0,0.0,0.0,0.0
1672588800000,145867.7913405927,145867.7913405927,0,0.0,0.0,0.0,0.0
1672603200000,145867.7913405927,145867.7913405927,0,0.0,0.0,0.0,0.0
1672617600000,145867.7913405927,145867.7913405927,0,0.0,0.0,0.0,0.0
1672632000000,145867.7913405927,145867.7913405927,0,0.0,0.0,0.0,0.0
1672646400000,142739.2850285582,142739.2850285582,0,0.0,0.0,0.0,0.0
1672660800000,142739.2850285582,142739.2850285582,0,0.0,0.0,0.0,0.0
1672675200000,142739.2850285582,142739.2850285582,0,0.0,0.0,0.0,0.0
1672689600000,142739.2850285582,142739.2850285582,0,0.0,0.0,0.0,0.0
1672704000000,142739.2850285582,142739.2850285582,0,0.0,0.0,0.0,0.0
1672718400000,142739.2850285582,142739.2850285582,0,0.0,0.0,0.0,0.0
1672732800000,142739.2850285582,142739.2850285582,0,0.0,0.0,0.0,0.0
1672747200000,142739.2850285582,142739.2850285582,0,0.0,0.0,0.0,0.0
1672761600000,142739.2850285582,142739.2850285582,0,0.0,0.0,0.0,0.0
1672776000000,142739.2850285582,142739.2850285582,0,0.0,0.0,0.0,0.0
1672790400000,142739.2850285582,142739.2850285582,0,0.0,0.0,0.0,0.0
1672804800000,142739.2850285582,142739.2850285582,0,0.0,0.0,0.0,0.0
1672819200000,142739.2850285582,142739.2850285582,0,0.0,0.0,0.0,0.0
1672833600000,142739.2850285582,142739.2850285582,0,0.0,0.0,0.0,0.0
1672848000000,142739.2850285582,142739.2850285582,0,0.0,0.0,0.0,0.0
1672862400000,142739.2850285582,142739.2850285582,0,0.0,0.0,0.0,0.0
1672876800000,142739.2850285582,142739.2850285582,0,0.0,0.0,0.0,0.0
1672891200000,142739.2850285582,142739.2850285582,0,0.0,0.0,0.0,0.0
1672905600000,142739.2850285582,142739.2850285582,0,0.0,0.0,0.0,0.0
1672920000000,142739.2850285582,142739.2850285582,0,0.0,0.0,0.0,0.0
1672934400000,142739.2850285582,142739.2850285582,0,0.0,0.0,0.0,0.0
1672948800000,142739.2850285582,142739.2850285582,0,0.0,0.0,0.0,0.0
1672963200000,142739.2850285582,142739.2850285582,0,0.0,0.0,0.0,0.0
1672977600000,142739.2850285582,142739.2850285582,0,0.0,0.0,0.0,0.0
1672992000000,142739.2850285582,142739.2850285582,0,0.0,0.0,0.0,0.0
1673006400000,142739.2850285582,142739.2850285582,0,0.0,0.0,0.0,0.0
1673020800000,142739.2850285582,142739.2850285582,0,0.0,0.0,0.0,0.0
1673035200000,142739.2850285582,142739.2850285582,0,0.0,0.0,0.0,0.0
1673049600000,142739.2850285582,142739.2850285582,0,0.0,0.0,0.0,0.0
1673064000000,142739.2850285582,142739.2850285582,0,0.0,0.0,0.0,0.0
1673078400000,142739.2850285582,142739.2850285582,0,0.0,0.0,0.0,0.0
1673092800000,142739.2850285582,142739.2850285582,0,0.0,0.0,0.0,0.0
1673107200000,142739.2850285582,142739.2850285582,0,0.0,0.0,0.0,0.0
1673121600000,142739.2850285582,142739.2850285582,0,0.0,0.0,0.0,0.0
1673136000000,142739.2850285582,142739.2850285582,0,0.0,0.0,0.0,0.0
1673150400000,142739.2850285582,142739.2850285582,0,0.0,0.0,0.0,0.0
1673164800000,142739.2850285582,142739.2850285582,0,0.0,0.0,0.0,0.0
1673179200000,142739.2850285582,142739.2850285582,0,0.0,0.0,0.0,0.0
1673193600000,142739.2850285582,142739.2850285582,0,0.0,0.0,0.0,0.0
1673208000000,142739.2850285582,142739.2850285582,0,0.0,0.0,0.0,0.0
1673222400000,142739.2850285582,142739.2850285582,0,0.0,0.0,0.0,0.0
1673236800000,142739.2850285582,142739.2850285582,0,0.0,0.0,0.0,0.0
1673251200000,142739.2850285582,142739.2850285582,0,0.0,0.0,0.0,0.0
1673265600000,142739.2850285582,142739.2850285582,0,0.0,0.0,0.0,0.0
1673280000000,142739.2850285582,142739.2850285582,0,0.0,0.0,0.0,0.0
1673294400000,142739.2850285582,142739.2850285582,0,0.0,0.0,0.0,0.0
1673308800000,142739.2850285582,142739.2850285582,0,0.0,0.0,0.0,0.0
1673323200000,142739.2850285582,142739.2850285582,0,0.0,0.0,0.0,0.0
1673337600000,142739.2850285582,142739.2850285582,0,0.0,0.0,0.0,0.0
1673352000000,142739.2850285582,142739.2850285582,0,0.0,0.0,0.0,0.0
1673366400000,142739.2850285582,142739.2850285582,0,0.0,0.0,0.0,0.0
1673380800000,142739.2850285582,142739.2850285582,0,0.0,0.0,0.0,0.0
1673395200000,142739.2850285582,142739.2850285582,0,0.0,0.0,0.0,0.0
1673409600000,142739.2850285582,142739.2850285582,0,0.0,0.0,0.0,0.0
1673424000000,142739.2850285582,142739.2850285582,0,0.0,0.0,0.0,0.0
1673438400000,142739.2850285582,142739.2850285582,0,0.0,0.0,0.0,0.0
1673452800000,142739.2850285582,142739.2850285582,0,0.0,0.0,0.0,0.0
1673467200000,142739.2850285582,142739.2850285582,0,0.0,0.0,0.0,0.0
1673481600000,142739.2850285582,142739.2850285582,0,0.0,0.0,0.0,0.0
1673496000000,142739.2850285582,142739.2850285582,0,0.0,0.0,0.0,0.0
1673510400000,142739.2850285582,142739.2850285582,0,0.0,0.0,0.0,0.0
1673524800000,142739.2850285582,142739.2850285582,0,0.0,0.0,0.0,0.0
1673539200000,142739.2850285582,142739.2850285582,0,0.0,0.0,0.0,0.0
1673553600000,142739.2850285582,142739.2850285582,0,0.0,0.0,0.0,0.0
1673568000000,142739.2850285582,142739.2850285582,0,0.0,0.0,0.0,0.0
1673582400000,142739.2850285582,142739.2850285582,0,0.0,0.0,0.0,0.0
1673596800000,142739.2850285582,142739.2850285582,0,0.0,0.0,0.0,0.0
1673611200000,142739.2850285582,142739.2850285582,0,0.0,0.0,0.0,0.0
1673625600000,142739.2850285582,142739.2850285582,0,0.0,0.0,0.0,0.0
1673640000000,142739.2850285582,142739.2850285582,0,0.0,0.0,0.0,0.0
1673654400000,142739.2850285582,142739.2850285582,0,0.0,0.0,0.0,0.0
1673668800000,142739.2850285582,142739.2850285582,0,0.0,0.0,0.0,0.0
1673683200000,142739.2850285582,142739.2850285582,0,0.0,0.0,0.0,0.0
1673697600000,142739.2850285582,142739.2850285582,0,0.0,0.0,0.0,0.0
1673712000000,142739.2850285582,142739.2850285582,0,0.0,0.0,0.0,0.0
1673726400000,142739.2850285582,142739.2850285582,0,0.0,0.0,0.0,0.0
1673740800000,142739.2850285582,142739.2850285582,0,0.0,0.0,0.0,0.0
1673755200000,142739.2850285582,142739.2850285582,0,0.0,0.0,0.0,0.0
1673769600000,142739.2850285582,142739.2850285582,0,0.0,0.0,0.0,0.0
1673784000000,142739.2850285582,142739.2850285582,0,0.0,0.0,0.0,0.0
1673798400000,142739.2850285582,142739.2850285582,0,0.0,0.0,0.0,0.0
1673812800000,142739.2850285582,142739.2850285582,0,0.0,0.0,0.0,0.0
1673827200000,142739.2850285582,142739.2850285582,0,0.0,0.0,0.0,0.0
1673841600000,142739.2850285582,142739.2850285582,0,0.0,0.0,0.0,0.0
1673856000000,142739.2850285582,142739.2850285582,0,0.0,0.0,0.0,0.0
1673870400000,142739.2850285582,142739.2850285582,0,0.0,0.0,0.0,0.0
1673884800000,142739.2850285582,142739.2850285582,0,0.0,0.0,0.0,0.0
1673899200000,142739.2850285582,142739.2850285582,0,0.0,0.0,0.0,0.0
1673913600000,142739.2850285582,142739.2850285582,0,0.0,0.0,0.0,0.0
1673928000000,142739.2850285582,142739.2850285582,0,0.0,0.0,0.0,0.0
1673942400000,142739.2850285582,142739.2850285582,0,0.0,0.0,0.0,0.0
1673956800000,142739.2850285582,142739.2850285582,0,0.0,0.0,0.0,0.0
1673971200000,142739.2850285582,142739.2850285582,0,0.0,0.0,0.0,0.0
1673985600000,142739.2850285582,142739.2850285582,0,0.0,0.0,0.0,0.0
1674000000000,142739.2850285582,142739.2850285582,0,0.0,0.0,0.0,0.0
1674014400000,142739.2850285582,142739.2850285582,0,0.0,0.0,0.0,0.0
1674028800000,142739.2850285582,142739.2850285582,0,0.0,0.0,0.0,0.0
1674043200000,142739.2850285582,142739.2850285582,0,0.0,0.0,0.0,0.0
1674057600000,142739.2850285582,142739.2850285582,0,0.0,0.0,0.0,0.0
1674072000000,142739.2850285582,142739.2850285582,0,0.0,0.0,0.0,0.0
1674086400000,142739.2850285582,142739.2850285582,0,0.0,0.0,0.0,0.0
1674100800000,142739.2850285582,142739.2850285582,0,0.0,0.0,0.0,0.0
1674115200000,142739.2850285582,142739.2850285582,0,0.0,0.0,0.0,0.0
1674129600000,142739.2850285582,142739.2850285582,0,0.0,0.0,0.0,0.0
1674144000000,142739.2850285582,142739.2850285582,0,0.0,0.0,0.0,0.0
1674158400000,142739.2850285582,142739.2850285582,0,0.0,0.0,0.0,0.0
1674172800000,142739.2850285582,142739.2850285582,0,0.0,0.0,0.0,0.0
1674187200000,142739.2850285582,142739.2850285582,0,0.0,0.0,0.0,0.0
1674201600000,142739.2850285582,142739.2850285582,0,0.0,0.0,0.0,0.0
1674216000000,142739.2850285582,142739.2850285582,0,0.0,0.0,0.0,0.0
1674230400000,142739.2850285582,142739.2850285582,0,0.0,0.0,0.0,0.0
1674244800000,142739.2850285582,142739.2850285582,0,0.0,0.0,0.0,0.0
1674259200000,142739.2850285582,142739.2850285582,0,0.0,0.0,0.0,0.0
1674273600000,142739.2850285582,142739.2850285582,0,0.0,0.0,0.0,0.0
1674288000000,142739.2850285582,142739.2850285582,0,0.0,0.0,0.0,0.0
1674302400000,142739.2850285582,142739.2850285582,0,0.0,0.0,0.0,0.0
1674316800000,142739.2850285582,142739.2850285582,0,0.0,0.0,0.0,0.0
1674331200000,142739.2850285582,142739.2850285582,0,0.0,0.0,0.0,0.0
1674345600000,142739.2850285582,142739.2850285582,0,0.0,0.0,0.0,0.0
1674360000000,142739.2850285582,142739.2850285582,0,0.0,0.0,0.0,0.0
1674374400000,142739.2850285582,142739.2850285582,0,0.0,0.0,0.0,0.0
1674388800000,142739.2850285582,142739.2850285582,0,0.0,0.0,0.0,0.0
1674403200000,142739.2850285582,142739.2850285582,0,0.0,0.0,0.0,0.0
1674417600000,142739.2850285582,142739.2850285582,0,0.0,0.0,0.0,0.0
1674432000000,142739.2850285582,142739.2850285582,0,0.0,0.0,0.0,0.0
1674446400000,142739.2850285582,142739.2850285582,0,0.0,0.0,0.0,0.0
1674460800000,142739.2850285582,142739.2850285582,0,0.0,0.0,0.0,0.0
1674475200000,142739.2850285582,142739.2850285582,0,0.0,0.0,0.0,0.0
1674489600000,142739.2850285582,142739.2850285582,0,0.0,0.0,0.0,0.0
1674504000000,142739.2850285582,142739.2850285582,0,0.0,0.0,0.0,0.0
1674518400000,142739.2850285582,142739.2850285582,0,0.0,0.0,0.0,0.0
1674532800000,142739.2850285582,142739.2850285582,0,0.0,0.0,0.0,0.0
1674547200000,142739.2850285582,142739.2850285582,0,0.0,0.0,0.0,0.0
1674561600000,142739.2850285582,142739.2850285582,0,0.0,0.0,0.0,0.0
1674576000000,142739.2850285582,142739.2850285582,0,0.0,0.0,0.0,0.0
1674590400000,142739.2850285582,142739.2850285582,0,0.0,0.0,0.0,0.0
1674604800000,142739.2850285582,142739.2850285582,0,0.0,0.0,0.0,0.0
1674619200000,142739.2850285582,142739.2850285582,0,0.0,0.0,0.0,0.0
1674633600000,142739.2850285582,142739.2850285582,0,0.0,0.0,0.0,0.0
1674648000000,142739.2850285582,142739.2850285582,0,0.0,0.0,0.0,0.0
1674662400000,142739.2850285582,142739.2850285582,0,0.0,0.0,0.0,0.0
1674676800000,142739.2850285582,142739.2850285582,0,0.0,0.0,0.0,0.0
1674691200000,142739.2850285582,142739.2850285582,0,0.0,0.0,0.0,0.0
1674705600000,142739.2850285582,142739.2850285582,0,0.0,0.0,0.0,0.0
1674720000000,142739.2850285582,142739.2850285582,0,0.0,0.0,0.0,0.0
1674734400000,142739.2850285582,142739.2850285582,0,0.0,0.0,0.0,0.0
1674748800000,142739.2850285582,142739.2850285582,0,0.0,0.0,0.0,0.0
1674763200000,142739.2850285582,142739.2850285582,0,0.0,0.0,0.0,0.0
1674777600000,142739.2850285582,142739.2850285582,0,0.0,0.0,0.0,0.0
1674792000000,142739.2850285582,142739.2850285582,0,0.0,0.0,0.0,0.0
1674806400000,142739.2850285582,142739.2850285582,0,0.0,0.0,0.0,0.0
1674820800000,142739.2850285582,142739.2850285582,0,0.0,0.0,0.0,0.0
1674835200000,142739.2850285582,142739.2850285582,0,0.0,0.0,0.0,0.0
1674849600000,142739.2850285582,142739.2850285582,0,0.0,0.0,0.0,0.0
1674864000000,142739.2850285582,142739.2850285582,0,0.0,0.0,0.0,0.0
1674878400000,142739.2850285582,142739.2850285582,0,0.0,0.0,0.0,0.0
1674892800000,142739.2850285582,142739.2850285582,0,0.0,0.0,0.0,0.0
1674907200000,142739.2850285582,142739.2850285582,0,0.0,0.0,0.0,0.0
1674921600000,142739.2850285582,142739.2850285582,0,0.0,0.0,0.0,0.0
1674936000000,142739.2850285582,142739.2850285582,0,0.0,0.0,0.0,0.0
1674950400000,142739.2850285582,142739.2850285582,0,0.0,0.0,0.0,0.0
1674964800000,142739.2850285582,142739.2850285582,0,0.0,0.0,0.0,0.0
1674979200000,142739.2850285582,142739.2850285582,0,0.0,0.0,0.0,0.0
1674993600000,142739.2850285582,142739.2850285582,0,0.0,0.0,0.0,0.0
1675008000000,142739.2850285582,142739.2850285582,0,0.0,0.0,0.0,0.0
1675022400000,142739.2850285582,142739.2850285582,0,0.0,0.0,0.0,0.0
1675036800000,142739.2850285582,142739.2850285582,0,0.0,0.0,0.0,0.0
1675051200000,142739.2850285582,142739.2850285582,0,0.0,0.0,0.0,0.0
1675065600000,142739.2850285582,142739.2850285582,0,0.0,0.0,0.0,0.0
1675080000000,142739.2850285582,142739.2850285582,0,0.0,0.0,0.0,0.0
1675094400000,142739.2850285582,142739.2850285582,0,0.0,0.0,0.0,0.0
1675108800000,142739.2850285582,142739.2850285582,0,0.0,0.0,0.0,0.0
1675123200000,142739.2850285582,142739.2850285582,0,0.0,0.0,0.0,0.0
1675137600000,142739.2850285582,142739.2850285582,0,0.0,0.0,0.0,0.0
1675152000000,142739.2850285582,142739.2850285582,0,0.0,0.0,0.0,0.0
1675166400000,142739.2850285582,142739.2850285582,0,0.0,0.0,0.0,0.0
1675180800000,142739.2850285582,142739.2850285582,0,0.0,0.0,0.0,0.0
1675195200000,142739.2850285582,142739.2850285582,0,0.0,0.0,0.0,0.0
1675209600000,142739.2850285582,142739.2850285582,0,0.0,0.0,0.0,0.0
1675224000000,142739.2850285582,142739.2850285582,0,0.0,0.0,0.0,0.0
1675238400000,142739.2850285582,142739.2850285582,0,0.0,0.0,0.0,0.0
1675252800000,142739.2850285582,142739.2850285582,0,0.0,0.0,0.0,0.0
1675267200000,142739.2850285582,142739.2850285582,0,0.0,0.0,0.0,0.0
1675281600000,142739.2850285582,142739.2850285582,0,0.0,0.0,0.0,0.0
1675296000000,142739.2850285582,142739.2850285582,0,0.0,0.0,0.0,0.0
1675310400000,142739.2850285582,142739.2850285582,0,0.0,0.0,0.0,0.0
1675324800000,142739.2850285582,142739.2850285582,0,0.0,0.0,0.0,0.0
1675339200000,142739.2850285582,142739.2850285582,0,0.0,0.0,0.0,0.0
1675353600000,142739.2850285582,142739.2850285582,0,0.0,0.0,0.0,0.0
1675368000000,142739.2850285582,142739.2850285582,0,0.0,0.0,0.0,0.0
1675382400000,142739.2850285582,142739.2850285582,0,0.0,0.0,0.0,0.0
1675396800000,142739.2850285582,142739.2850285582,0,0.0,0.0,0.0,0.0
1675411200000,142739.2850285582,142739.2850285582,0,0.0,0.0,0.0,0.0
1675425600000,142739.2850285582,142739.2850285582,0,0.0,0.0,0.0,0.0
1675440000000,142739.2850285582,142739.2850285582,0,0.0,0.0,0.0,0.0
1675454400000,142739.2850285582,142739.2850285582,0,0.0,0.0,0.0,0.0
1675468800000,142739.2850285582,142739.2850285582,0,0.0,0.0,0.0,0.0
1675483200000,142739.2850285582,142739.2850285582,0,0.0,0.0,0.0,0.0
1675497600000,142739.2850285582,142739.2850285582,0,0.0,0.0,0.0,0.0
1675512000000,142739.2850285582,142739.2850285582,0,0.0,0.0,0.0,0.0
1675526400000,142739.2850285582,142739.2850285582,0,0.0,0.0,0.0,0.0
1675540800000,142739.2850285582,142739.2850285582,0,0.0,0.0,0.0,0.0
1675555200000,142739.2850285582,142739.2850285582,0,0.0,0.0,0.0,0.0
1675569600000,142739.2850285582,142739.2850285582,0,0.0,0.0,0.0,0.0
1675584000000,142739.2850285582,142739.2850285582,0,0.0,0.0,0.0,0.0
1675598400000,142739.2850285582,142739.2850285582,0,0.0,0.0,0.0,0.0
1675612800000,142739.2850285582,142739.2850285582,0,0.0,0.0,0.0,0.0
1675627200000,142739.2850285582,142739.2850285582,0,0.0,0.0,0.0,0.0
1675641600000,142739.2850285582,142739.2850285582,0,0.0,0.0,0.0,0.0
1675656000000,142739.2850285582,142739.2850285582,0,0.0,0.0,0.0,0.0
1675670400000,142739.2850285582,142739.2850285582,0,0.0,0.0,0.0,0.0
1675684800000,142739.2850285582,142739.2850285582,0,0.0,0.0,0.0,0.0
1675699200000,142739.2850285582,142739.2850285582,0,0.0,0.0,0.0,0.0
1675713600000,142739.2850285582,142739.2850285582,0,0.0,0.0,0.0,0.0
1675728000000,142739.2850285582,142739.2850285582,0,0.0,0.0,0.0,0.0
1675742400000,142739.2850285582,142739.2850285582,0,0.0,0.0,0.0,0.0
1675756800000,142739.2850285582,142739.2850285582,0,0.0,0.0,0.0,0.0
1675771200000,142739.2850285582,142739.2850285582,0,0.0,0.0,0.0,0.0
1675785600000,142739.2850285582,142739.2850285582,0,0.0,0.0,0.0,0.0
1675800000000,142739.2850285582,142739.2850285582,0,0.0,0.0,0.0,0.0
1675814400000,142739.2850285582,142739.2850285582,0,0.0,0.0,0.0,0.0
1675828800000,142739.2850285582,142739.2850285582,0,0.0,0.0,0.0,0.0
1675843200000,142739.2850285582,142739.2850285582,0,0.0,0.0,0.0,0.0
1675857600000,142739.2850285582,142739.2850285582,0,0.0,0.0,0.0,0.0
1675872000000,142739.2850285582,142739.2850285582,0,0.0,0.0,0.0,0.0
1675886400000,142739.2850285582,142739.2850285582,0,0.0,0.0,0.0,0.0
1675900800000,142739.2850285582,142739.2850285582,0,0.0,0.0,0.0,0.0
1675915200000,142739.2850285582,142739.2850285582,0,0.0,0.0,0.0,0.0
1675929600000,142739.2850285582,142739.2850285582,0,0.0,0.0,0.0,0.0
1675944000000,142739.2850285582,142739.2850285582,0,0.0,0.0,0.0,0.0
1675958400000,142739.2850285582,142739.2850285582,0,0.0,0.0,0.0,0.0
1675972800000,142739.2850285582,142739.2850285582,0,0.0,0.0,0.0,0.0
1675987200000,142739.2850285582,142739.2850285582,0,0.0,0.0,0.0,0.0
1676001600000,142739.2850285582,142739.2850285582,0,0.0,0.0,0.0,0.0
1676016000000,142739.2850285582,142739.2850285582,0,0.0,0.0,0.0,0.0
1676030400000,142739.2850285582,142739.2850285582,0,0.0,0.0,0.0,0.0
1676044800000,142739.2850285582,142739.2850285582,0,0.0,0.0,0.0,0.0
1676059200000,142739.2850285582,142739.2850285582,0,0.0,0.0,0.0,0.0
1676073600000,142739.2850285582,142739.2850285582,0,0.0,0.0,0.0,0.0
1676088000000,142739.2850285582,142739.2850285582,0,0.0,0.0,0.0,0.0
1676102400000,142739.2850285582,142739.2850285582,0,0.0,0.0,0.0,0.0
1676116800000,142739.2850285582,142739.2850285582,0,0.0,0.0,0.0,0.0
1676131200000,142739.2850285582,142739.2850285582,0,0.0,0.0,0.0,0.0
1676145600000,142739.2850285582,142739.2850285582,0,0.0,0.0,0.0,0.0
1676160000000,142739.2850285582,142739.2850285582,0,0.0,0.0,0.0,0.0
1676174400000,142739.2850285582,142739.2850285582,0,0.0,0.0,0.0,0.0
1676188800000,142739.2850285582,142739.2850285582,0,0.0,0.0,0.0,0.0
1676203200000,142739.2850285582,142739.2850285582,0,0.0,0.0,0.0,0.0
1676217600000,142739.2850285582,142739.2850285582,0,0.0,0.0,0.0,0.0
1676232000000,142739.2850285582,142739.2850285582,0,0.0,0.0,0.0,0.0
1676246400000,142739.2850285582,142739.2850285582,0,0.0,0.0,0.0,0.0
1676260800000,142739.2850285582,142739.2850285582,0,0.0,0.0,0.0,0.0
1676275200000,142739.2850285582,142739.2850285582,0,0.0,0.0,0.0,0.0
1676289600000,142739.2850285582,142739.2850285582,0,0.0,0.0,0.0,0.0
1676304000000,142739.2850285582,142739.2850285582,0,0.0,0.0,0.0,0.0
1676318400000,142739.2850285582,142739.2850285582,0,0.0,0.0,0.0,0.0
1676332800000,142739.2850285582,142739.2850285582,0,0.0,0.0,0.0,0.0
1676347200000,142739.2850285582,142739.2850285582,0,0.0,0.0,0.0,0.0
1676361600000,142739.2850285582,142739.2850285582,0,0.0,0.0,0.0,0.0
1676376000000,142739.2850285582,142739.2850285582,0,0.0,0.0,0.0,0.0
1676390400000,142739.2850285582,142739.2850285582,0,0.0,0.0,0.0,0.0
1676404800000,142739.2850285582,142739.2850285582,0,0.0,0.0,0.0,0.0
1676419200000,142739.2850285582,142739.2850285582,0,0.0,0.0,0.0,0.0
1676433600000,142739.2850285582,142739.2850285582,0,0.0,0.0,0.0,0.0
1676448000000,142739.2850285582,142739.2850285582,0,0.0,0.0,0.0,0.0
1676462400000,142739.2850285582,142739.2850285582,0,0.0,0.0,0.0,0.0
1676476800000,142739.2850285582,142739.2850285582,0,0.0,0.0,0.0,0.0
1676491200000,142739.2850285582,142739.2850285582,0,0.0,0.0,0.0,0.0
1676505600000,142739.2850285582,142739.2850285582,0,0.0,0.0,0.0,0.0
1676520000000,142739.2850285582,142739.2850285582,0,0.0,0.0,0.0,0.0
1676534400000,142739.2850285582,142739.2850285582,0,0.0,0.0,0.0,0.0
1676548800000,142739.2850285582,142739.2850285582,0,0.0,0.0,0.0,0.0
1676563200000,142739.2850285582,142739.2850285582,0,0.0,0.0,0.0,0.0
1676577600000,142739.2850285582,142739.2850285582,0,0.0,0.0,0.0,0.0
1676592000000,142739.2850285582,142739.2850285582,0,0.0,0.0,0.0,0.0
1676606400000,142739.2850285582,142739.2850285582,0,0.0,0.0,0.0,0.0
1676620800000,142739.2850285582,142739.2850285582,0,0.0,0.0,0.0,0.0
1676635200000,142739.2850285582,142739.2850285582,0,0.0,0.0,0.0,0.0
1676649600000,142739.2850285582,142739.2850285582,0,0.0,0.0,0.0,0.0
1676664000000,142739.2850285582,142739.2850285582,0,0.0,0.0,0.0,0.0
1676678400000,142739.2850285582,142739.2850285582,0,0.0,0.0,0.0,0.0
1676692800000,142739.2850285582,142739.2850285582,0,0.0,0.0,0.0,0.0
1676707200000,142739.2850285582,142739.2850285582,0,0.0,0.0,0.0,0.0
1676721600000,142739.2850285582,142739.2850285582,0,0.0,0.0,0.0,0.0
1676736000000,142739.2850285582,142739.2850285582,0,0.0,0.0,0.0,0.0
1676750400000,142739.2850285582,142739.2850285582,0,0.0,0.0,0.0,0.0
1676764800000,142739.2850285582,142739.2850285582,0,0.0,0.0,0.0,0.0
1676779200000,142739.2850285582,142739.2850285582,0,0.0,0.0,0.0,0.0
1676793600000,142739.2850285582,142739.2850285582,0,0.0,0.0,0.0,0.0
1676808000000,142739.2850285582,142739.2850285582,0,0.0,0.0,0.0,0.0
1676822400000,142739.2850285582,142739.2850285582,0,0.0,0.0,0.0,0.0
1676836800000,142739.2850285582,142739.2850285582,0,0.0,0.0,0.0,0.0
1676851200000,142739.2850285582,142739.2850285582,0,0.0,0.0,0.0,0.0
1676865600000,145945.84841343208,142708.6715848516,1,64464.06424176011,2854.785700571164,0.0,0.0
1676880000000,146753.55767583934,142708.6715848516,1,65271.77350416737,2854.785700571164,0.0,0.0
1676894400000,146475.07889090574,142696.14584973504,1,65005.820454350345,2854.785700571164,0.0,0.0
1676908800000,146881.39605034844,142696.14584973504,1,65412.13761379302,2854.785700571164,0.0,0.0
1676923200000,146348.53063245342,142687.79894675693,1,64887.619098876115,2854.785700571164,0.0,0.0
1676937600000,146203.24146634966,142687.79894675693,1,64742.329932772365,2854.785700571164,0.0,0.0
1676952000000,145842.16426277597,142681.32580960594,1,64387.72586634966,2854.785700571164,0.0,0.0
1676966400000,145586.06132591513,142681.32580960594,1,64131.622929488825,2854.785700571164,0.0,0.0
1676980800000,143194.5358895976,142671.0651804464,1,61750.358122330836,2854.785700571164,0.0,0.0
1676995200000,143167.4480789681,142671.0651804464,1,61723.27031170132,2854.785700571164,0.0,0.0
1677009600000,143656.24392798526,142664.89285341522,1,62218.238487749666,2854.785700571164,0.0,0.0
1677024000000,142959.3484363351,142664.89285341522,1,61521.342996099505,2854.785700571164,0.0,0.0
1677038400000,142891.69033937514,142891.69033937514,0,0.0,0.0,0.0,0.0
1677052800000,142891.69033937514,142891.69033937514,0,0.0,0.0,0.0,0.0
1677067200000,142891.69033937514,142891.69033937514,0,0.0,0.0,0.0,0.0
1677081600000,142891.69033937514,142891.69033937514,0,0.0,0.0,0.0,0.0
1677096000000,142891.69033937514,142891.69033937514,0,0.0,0.0,0.0,0.0
1677110400000,142891.69033937514,142891.69033937514,0,0.0,0.0,0.0,0.0
1677124800000,142891.69033937514,142891.69033937514,0,0.0,0.0,0.0,0.0
1677139200000,142891.69033937514,142891.69033937514,0,0.0,0.0,0.0,0.0
1677153600000,142891.69033937514,142891.69033937514,0,0.0,0.0,0.0,0.0
1677168000000,142891.69033937514,142891.69033937514,0,0.0,0.0,0.0,0.0
1677182400000,142891.69033937514,142891.69033937514,0,0.0,0.0,0.0,0.0
1677196800000,142891.69033937514,142891.69033937514,0,0.0,0.0,0.0,0.0
1677211200000,142891.69033937514,142891.69033937514,0,0.0,0.0,0.0,0.0
1677225600000,142891.69033937514,142891.69033937514,0,0.0,0.0,0.0,0.0
1677240000000,142891.69033937514,142891.69033937514,0,0.0,0.0,0.0,0.0
1677254400000,142891.69033937514,142891.69033937514,0,0.0,0.0,0.0,0.0
1677268800000,142891.69033937514,142891.69033937514,0,0.0,0.0,0.0,0.0
1677283200000,142891.69033937514,142891.69033937514,0,0.0,0.0,0.0,0.0
1677297600000,142891.69033937514,142891.69033937514,0,0.0,0.0,0.0,0.0
1677312000000,142891.69033937514,142891.69033937514,0,0.0,0.0,0.0,0.0
1677326400000,142891.69033937514,142891.69033937514,0,0.0,0.0,0.0,0.0
1677340800000,142891.69033937514,142891.69033937514,0,0.0,0.0,0.0,0.0
1677355200000,142891.69033937514,142891.69033937514,0,0.0,0.0,0.0,0.0
1677369600000,142891.69033937514,142891.69033937514,0,0.0,0.0,0.0,0.0
1677384000000,142891.69033937514,142891.69033937514,0,0.0,0.0,0.0,0.0
1677398400000,142891.69033937514,142891.69033937514,0,0.0,0.0,0.0,0.0
1677412800000,142891.69033937514,142891.69033937514,0,0.0,0.0,0.0,0.0
1677427200000,142891.69033937514,142891.69033937514,0,0.0,0.0,0.0,0.0
1677441600000,142891.69033937514,142891.69033937514,0,0.0,0.0,0.0,0.0
1677456000000,142891.69033937514,142891.69033937514,0,0.0,0.0,0.0,0.0
1677470400000,142891.69033937514,142891.69033937514,0,0.0,0.0,0.0,0.0
1677484800000,142891.69033937514,142891.69033937514,0,0.0,0.0,0.0,0.0
1677499200000,142891.69033937514,142891.69033937514,0,0.0,0.0,0.0,0.0
1677513600000,142891.69033937514,142891.69033937514,0,0.0,0.0,0.0,0.0
1677528000000,142891.69033937514,142891.69033937514,0,0.0,0.0,0.0,0.0
1677542400000,142891.69033937514,142891.69033937514,0,0.0,0.0,0.0,0.0
1677556800000,142891.69033937514,142891.69033937514,0,0.0,0.0,0.0,0.0
1677571200000,142891.69033937514,142891.69033937514,0,0.0,0.0,0.0,0.0
1677585600000,142891.69033937514,142891.69033937514,0,0.0,0.0,0.0,0.0
1677600000000,142891.69033937514,142891.69033937514,0,0.0,0.0,0.0,0.0
1677614400000,142891.69033937514,142891.69033937514,0,0.0,0.0,0.0,0.0
1677628800000,144927.1893573929,142756.7861147588,2,267638.04599002615,5712.671382822793,5712.671382822793,267638.04599002615
1677643200000,139292.58415392356,142738.42484535044,2,273254.2899240871,5712.671382822793,5712.671382822793,273254.2899240871
1677657600000,136750.163461632,136750.163461632,0,0.0,0.0,0.0,0.0
1677672000000,136750.163461632,136750.163461632,0,0.0,0.0,0.0,0.0
1677686400000,136750.163461632,136750.163461632,0,0.0,0.0,0.0,0.0
1677700800000,136750.163461632,136750.163461632,0,0.0,0.0,0.0,0.0
1677715200000,136750.163461632,136750.163461632,0,0.0,0.0,0.0,0.0
1677729600000,136750.163461632,136750.163461632,0,0.0,0.0,0.0,0.0
1677744000000,136750.163461632,136750.163461632,0,0.0,0.0,0.0,0.0
1677758400000,136750.163461632,136750.163461632,0,0.0,0.0,0.0,0.0
1677772800000,136750.163461632,136750.163461632,0,0.0,0.0,0.0,0.0
1677787200000,136750.163461632,136750.163461632,0,0.0,0.0,0.0,0.0
1677801600000,136750.163461632,136750.163461632,0,0.0,0.0,0.0,0.0
1677816000000,136750.163461632,136750.163461632,0,0.0,0.0,0.0,0.0
1677830400000,134352.19300267723,136529.62451133266,3,443255.33210735925,8187.267118173613,8187.267118173613,443255.33210735925
1677844800000,133894.87048233263,136521.57240555115,3,443704.6025219224,8187.267118173613,8187.267118173613,443704.6025219224
1677859200000,132957.88669793966,133682.39928719957,2,340393.6032915313,5452.263848940973,5452.263848940973,340393.6032915313
1677873600000,130949.82865237664,130825.70188647397,1,194104.6090498499,2732.9745857370135,2732.9745857370135,194104.6090498499
1677888000000,130359.72274494947,130825.70188647397,1,194694.7149572771,2732.9745857370135,2732.9745857370135,194694.7149572771
1677902400000,130581.30301832485,130819.28669561613,1,194466.71949304387,2732.9745857370135,2732.9745857370135,194466.71949304387
1677916800000,130668.47775464931,130819.28669561613,1,194379.5447567194,2732.9745857370135,2732.9745857370135,194379.5447567194
1677931200000,129879.5493539912,130801.51942398214,1,195150.70588574355,2732.9745857370135,2732.9745857370135,195150.70588574355
1677945600000,130623.88748722317,130801.51942398214,1,194406.36775251158,2732.9745857370135,2732.9745857370135,194406.36775251158
1677960000000,131659.31999485602,130764.03209992923,1,193333.4479208258,2732.9745857370135,2732.9745857370135,193333.4479208258
1677974400000,130894.86461477993,130764.03209992923,1,194097.9033009019,2732.9745857370135,2732.9745857370135,194097.9033009019
1677988800000,129121.88632114211,129121.88632114211,0,0.0,0.0,0.0,0.0
1678003200000,129121.88632114211,129121.88632114211,0,0.0,0.0,0.0,0.0
1678017600000,129121.88632114211,129121.88632114211,0,0.0,0.0,0.0,0.0
1678032000000,129121.88632114211,129121.88632114211,0,0.0,0.0,0.0,0.0
1678046400000,129121.88632114211,129121.88632114211,0,0.0,0.0,0.0,0.0
1678060800000,129121.88632114211,129121.88632114211,0,0.0,0.0,0.0,0.0
1678075200000,129121.88632114211,129121.88632114211,0,0.0,0.0,0.0,0.0
1678089600000,129121.88632114211,129121.88632114211,0,0.0,0.0,0.0,0.0
1678104000000,129121.88632114211,129121.88632114211,0,0.0,0.0,0.0,0.0
1678118400000,129121.88632114211,129121.88632114211,0,0.0,0.0,0.0,0.0
1678132800000,129121.88632114211,129121.88632114211,0,0.0,0.0,0.0,0.0
1678147200000,129121.88632114211,129121.88632114211,0,0.0,0.0,0.0,0.0
1678161600000,129121.88632114211,129121.88632114211,0,0.0,0.0,0.0,0.0
1678176000000,129121.88632114211,129121.88632114211,0,0.0,0.0,0.0,0.0
1678190400000,129121.88632114211,129121.88632114211,0,0.0,0.0,0.0,0.0
1678204800000,128048.75978916438,128969.2170006395,2,306259.0982166666,5161.834178169313,5161.834178169313,306259.0982166666
1678219200000,128476.03519877234,126230.35288088325,1,151067.25030855788,2579.396451746471,2579.396451746471,151067.25030855788
1678233600000,121762.19530487628,126005.91266360201,3,606437.084547655,7693.962369421435,7693.962369421435,606437.084547655
1678248000000,120176.73971179331,120554.8256602621,1,243646.28022458655,2569.520703975447,2569.520703975447,243646.28022458655
1678262400000,124204.99261841398,120477.41554489765,2,394360.847931487,4973.0554982113135,4973.0554982113135,394360.847931487
1678276800000,120509.86953357307,120323.42954946512,3,603710.848899287,7449.234663295237,7449.234663295237,603710.848899287
1678291200000,122133.71950913059,122651.93901148564,3,527005.3930213073,6247.467266177304,6247.467266177304,527005.3930213073
1678305600000,126251.06023043708,122648.16084316843,4,577326.1637864526,7328.598345938669,7328.598345938669,577326.1637864526
1678320000000,133925.24172297813,125098.5872045657,4,450468.31151724997,6043.837993950945,6043.837993950945,450468.31151724997
1678334400000,129820.54785332186,125066.25232341004,5,532640.4348194152,8036.899691230462,8036.899691230462,532640.4348194152
1678348800000,131793.64422368002,125066.25232341004,5,530667.3384490571,8036.899691230462,8036.899691230462,530667.3384490571
1678363200000,131297.69861722042,125066.60293651938,5,531163.634668626,8036.899691230462,8036.899691230462,531163.634668626
1678377600000,131239.44560869958,122993.42839002243,4,451048.94881698524,6043.837993950945,6043.837993950945,451048.94881698524
1678392000000,144624.4716590437,126432.45916388945,4,310977.5767739278,4265.182871528301,4265.182871528301,310977.5767739278
1678406400000,153070.11714525294,126432.45916388945,4,302531.93128771853,4265.182871528301,4265.182871528301,302531.93128771853
1678420800000,156099.42632552158,126382.04229648945,4,299452.2052400499,4265.182871528301,4265.182871528301,299452.2052400499
1678435200000,157565.10228620743,126382.04229648945,4,297986.52927936404,4265.182871528301,4265.182871528301,297986.52927936404
1678449600000,161882.38503280538,126359.96997089603,4,293647.1742071727,4265.182871528301,4265.182871528301,293647.1742071727
1678464000000,153622.7655097581,153622.7655097581,0,0.0,0.0,0.0,0.0
1678478400000,153622.7655097581,153622.7655097581,0,0.0,0.0,0.0,0.0
1678492800000,153622.7655097581,153622.7655097581,0,0.0,0.0,0.0,0.0
1678507200000,153622.7655097581,153622.7655097581,0,0.0,0.0,0.0,0.0
1678521600000,153622.7655097581,153622.7655097581,0,0.0,0.0,0.0,0.0
1678536000000,153622.7655097581,153622.7655097581,0,0.0,0.0,0.0,0.0
1678550400000,153622.7655097581,153622.7655097581,0,0.0,0.0,0.0,0.0
1678564800000,153622.7655097581,153622.7655097581,0,0.0,0.0,0.0,0.0
1678579200000,153622.7655097581,153622.7655097581,0,0.0,0.0,0.0,0.0
1678593600000,153622.7655097581,153622.7655097581,0,0.0,0.0,0.0,0.0
1678608000000,153622.7655097581,153622.7655097581,0,0.0,0.0,0.0,0.0
1678622400000,153622.7655097581,153622.7655097581,0,0.0,0.0,0.0,0.0
1678636800000,153622.7655097581,153622.7655097581,0,0.0,0.0,0.0,0.0
1678651200000,153622.7655097581,153622.7655097581,0,0.0,0.0,0.0,0.0
1678665600000,153622.7655097581,153622.7655097581,0,0.0,0.0,0.0,0.0
1678680000000,153622.7655097581,153622.7655097581,0,0.0,0.0,0.0,0.0
1678694400000,153622.7655097581,153622.7655097581,0,0.0,0.0,0.0,0.0
1678708800000,153622.7655097581,153622.7655097581,0,0.0,0.0,0.0,0.0
1678723200000,153622.7655097581,153622.7655097581,0,0.0,0.0,0.0,0.0
1678737600000,153622.7655097581,153622.7655097581,0,0.0,0.0,0.0,0.0
1678752000000,153622.7655097581,153622.7655097581,0,0.0,0.0,0.0,0.0
1678766400000,153622.7655097581,153622.7655097581,0,0.0,0.0,0.0,0.0
1678780800000,153622.7655097581,153622.7655097581,0,0.0,0.0,0.0,0.0
1678795200000,153622.7655097581,153622.7655097581,0,0.0,0.0,0.0,0.0
1678809600000,153622.7655097581,153622.7655097581,0,0.0,0.0,0.0,0.0
1678824000000,153622.7655097581,153622.7655097581,0,0.0,0.0,0.0,0.0
1678838400000,153622.7655097581,153622.7655097581,0,0.0,0.0,0.0,0.0
1678852800000,153622.7655097581,153622.7655097581,0,0.0,0.0,0.0,0.0
1678867200000,153622.7655097581,153622.7655097581,0,0.0,0.0,0.0,0.0
1678881600000,153622.7655097581,153622.7655097581,0,0.0,0.0,0.0,0.0
1678896000000,153622.7655097581,153622.7655097581,0,0.0,0.0,0.0,0.0
1678910400000,153622.7655097581,153622.7655097581,0,0.0,0.0,0.0,0.0
1678924800000,153622.7655097581,153622.7655097581,0,0.0,0.0,0.0,0.0
1678939200000,153622.7655097581,153622.7655097581,0,0.0,0.0,0.0,0.0
1678953600000,153622.7655097581,153622.7655097581,0,0.0,0.0,0.0,0.0
1678968000000,153622.7655097581,153622.7655097581,0,0.0,0.0,0.0,0.0
1678982400000,153622.7655097581,153622.7655097581,0,0.0,0.0,0.0,0.0
1678996800000,153622.7655097581,153622.7655097581,0,0.0,0.0,0.0,0.0
1679011200000,153622.7655097581,153622.7655097581,0,0.0,0.0,0.0,0.0
1679025600000,153622.7655097581,153622.7655097581,0,0.0,0.0,0.0,0.0
1679040000000,153622.7655097581,153622.7655097581,0,0.0,0.0,0.0,0.0
1679054400000,153622.7655097581,153622.7655097581,0,0.0,0.0,0.0,0.0
1679068800000,153622.7655097581,153622.7655097581,0,0.0,0.0,0.0,0.0
1679083200000,153622.7655097581,153622.7655097581,0,0.0,0.0,0.0,0.0
1679097600000,153622.7655097581,153622.7655097581,0,0.0,0.0,0.0,0.0
1679112000000,153622.7655097581,153622.7655097581,0,0.0,0.0,0.0,0.0
1679126400000,153622.7655097581,153622.7655097581,0,0.0,0.0,0.0,0.0
1679140800000,153622.7655097581,153622.7655097581,0,0.0,0.0,0.0,0.0
1679155200000,153622.7655097581,153622.7655097581,0,0.0,0.0,0.0,0.0
1679169600000,153622.7655097581,153622.7655097581,0,0.0,0.0,0.0,0.0
1679184000000,153622.7655097581,153622.7655097581,0,0.0,0.0,0.0,0.0
1679198400000,153622.7655097581,153622.7655097581,0,0.0,0.0,0.0,0.0
1679212800000,153622.7655097581,153622.7655097581,0,0.0,0.0,0.0,0.0
1679227200000,153622.7655097581,153622.7655097581,0,0.0,0.0,0.0,0.0
1679241600000,153622.7655097581,153622.7655097581,0,0.0,0.0,0.0,0.0
1679256000000,153622.7655097581,153622.7655097581,0,0.0,0.0,0.0,0.0
1679270400000,153622.7655097581,153622.7655097581,0,0.0,0.0,0.0,0.0
1679284800000,153622.7655097581,153622.7655097581,0,0.0,0.0,0.0,0.0
1679299200000,153622.7655097581,153622.7655097581,0,0.0,0.0,0.0,0.0
1679313600000,153622.7655097581,153622.7655097581,0,0.0,0.0,0.0,0.0
1679328000000,153622.7655097581,153622.7655097581,0,0.0,0.0,0.0,0.0
1679342400000,153622.7655097581,153622.7655097581,0,0.0,0.0,0.0,0.0
1679356800000,153622.7655097581,153622.7655097581,0,0.0,0.0,0.0,0.0
1679371200000,153622.7655097581,153622.7655097581,0,0.0,0.0,0.0,0.0
1679385600000,153622.7655097581,153622.7655097581,0,0.0,0.0,0.0,0.0
1679400000000,153622.7655097581,153622.7655097581,0,0.0,0.0,0.0,0.0
1679414400000,153622.7655097581,153622.7655097581,0,0.0,0.0,0.0,0.0
1679428800000,153622.7655097581,153622.7655097581,0,0.0,0.0,0.0,0.0
1679443200000,153622.7655097581,153622.7655097581,0,0.0,0.0,0.0,0.0
1679457600000,153622.7655097581,153622.7655097581,0,0.0,0.0,0.0,0.0
1679472000000,153622.7655097581,153622.7655097581,0,0.0,0.0,0.0,0.0
1679486400000,153622.7655097581,153622.7655097581,0,0.0,0.0,0.0,0.0
1679500800000,153622.7655097581,153622.7655097581,0,0.0,0.0,0.0,0.0
1679515200000,153622.7655097581,153622.7655097581,0,0.0,0.0,0.0,0.0
1679529600000,153622.7655097581,153622.7655097581,0,0.0,0.0,0.0,0.0
1679544000000,153622.7655097581,153622.7655097581,0,0.0,0.0,0.0,0.0
1679558400000,153622.7655097581,153622.7655097581,0,0.0,0.0,0.0,0.0
1679572800000,153622.7655097581,153622.7655097581,0,0.0,0.0,0.0,0.0
1679587200000,153622.7655097581,153622.7655097581,0,0.0,0.0,0.0,0.0
1679601600000,153622.7655097581,153622.7655097581,0,0.0,0.0,0.0,0.0
1679616000000,153622.7655097581,153622.7655097581,0,0.0,0.0,0.0,0.0
1679630400000,153622.7655097581,153622.7655097581,0,0.0,0.0,0.0,0.0
1679644800000,153622.7655097581,153622.7655097581,0,0.0,0.0,0.0,0.0
1679659200000,153622.7655097581,153622.7655097581,0,0.0,0.0,0.0,0.0
1679673600000,153622.7655097581,153622.7655097581,0,0.0,0.0,0.0,0.0
1679688000000,153622.7655097581,153622.7655097581,0,0.0,0.0,0.0,0.0
1679702400000,153622.7655097581,153622.7655097581,0,0.0,0.0,0.0,0.0
1679716800000,153622.7655097581,153622.7655097581,0,0.0,0.0,0.0,0.0
1679731200000,153622.7655097581,153622.7655097581,0,0.0,0.0,0.0,0.0
1679745600000,153622.7655097581,153622.7655097581,0,0.0,0.0,0.0,0.0
1679760000000,153622.7655097581,153622.7655097581,0,0.0,0.0,0.0,0.0
1679774400000,153622.7655097581,153622.7655097581,0,0.0,0.0,0.0,0.0
1679788800000,153622.7655097581,153622.7655097581,0,0.0,0.0,0.0,0.0
1679803200000,153622.7655097581,153622.7655097581,0,0.0,0.0,0.0,0.0
1679817600000,153622.7655097581,153622.7655097581,0,0.0,0.0,0.0,0.0
1679832000000,153622.7655097581,153622.7655097581,0,0.0,0.0,0.0,0.0
1679846400000,153622.7655097581,153622.7655097581,0,0.0,0.0,0.0,0.0
1679860800000,153622.7655097581,153622.7655097581,0,0.0,0.0,0.0,0.0
1679875200000,153622.7655097581,153622.7655097581,0,0.0,0.0,0.0,0.0
1679889600000,153622.7655097581,153622.7655097581,0,0.0,0.0,0.0,0.0
1679904000000,153622.7655097581,153622.7655097581,0,0.0,0.0,0.0,0.0
1679918400000,153622.7655097581,153622.7655097581,0,0.0,0.0,0.0,0.0
1679932800000,153622.7655097581,153622.7655097581,0,0.0,0.0,0.0,0.0
1679947200000,153622.7655097581,153622.7655097581,0,0.0,0.0,0.0,0.0
1679961600000,151531.29358701495,153558.90126089143,2,129756.10540714086,3071.848855569685,3071.848855569685,129756.10540714086
1679976000000,150343.43128579902,150343.43128579902,0,0.0,0.0,0.0,0.0
1679990400000,149892.95613653143,150311.34342124203,1,64594.11639871624,1503.43431285799,1503.43431285799,64594.11639871624
1680004800000,149951.35476365444,150313.2127749706,1,64537.5871253218,1503.43431285799,1503.43431285799,64537.5871253218
1680019200000,149885.40394469423,150313.2127749706,1,64603.53794428199,1503.43431285799,1503.43431285799,64603.53794428199
1680033600000,148749.28703163873,148749.28703163873,0,0.0,0.0,0.0,0.0
1680048000000,148749.28703163873,148749.28703163873,0,0.0,0.0,0.0,0.0
1680062400000,148749.28703163873,148749.28703163873,0,0.0,0.0,0.0,0.0
1680076800000,148749.28703163873,148749.28703163873,0,0.0,0.0,0.0,0.0
1680091200000,148749.28703163873,148749.28703163873,0,0.0,0.0,0.0,0.0
1680105600000,148749.28703163873,148749.28703163873,0,0.0,0.0,0.0,0.0
1680120000000,148749.28703163873,148749.28703163873,0,0.0,0.0,0.0,0.0
1680134400000,148749.28703163873,148749.28703163873,0,0.0,0.0,0.0,0.0
1680148800000,148749.28703163873,148749.28703163873,0,0.0,0.0,0.0,0.0
1680163200000,148749.28703163873,148749.28703163873,0,0.0,0.0,0.0,0.0
1680177600000,148749.28703163873,148749.28703163873,0,0.0,0.0,0.0,0.0
1680192000000,148749.28703163873,148749.28703163873,0,0.0,0.0,0.0,0.0
1680206400000,148749.28703163873,148749.28703163873,0,0.0,0.0,0.0,0.0
1680220800000,148749.28703163873,148749.28703163873,0,0.0,0.0,0.0,0.0
1680235200000,148749.28703163873,148749.28703163873,0,0.0,0.0,0.0,0.0
1680249600000,148749.28703163873,148749.28703163873,0,0.0,0.0,0.0,0.0
1680264000000,148749.28703163873,148749.28703163873,0,0.0,0.0,0.0,0.0
1680278400000,148749.28703163873,148749.28703163873,0,0.0,0.0,0.0,0.0
1680292800000,148749.28703163873,148749.28703163873,0,0.0,0.0,0.0,0.0
1680307200000,148749.28703163873,148749.28703163873,0,0.0,0.0,0.0,0.0
1680321600000,148749.28703163873,148749.28703163873,0,0.0,0.0,0.0,0.0
1680336000000,148749.28703163873,148749.28703163873,0,0.0,0.0,0.0,0.0
1680350400000,148749.28703163873,148749.28703163873,0,0.0,0.0,0.0,0.0
1680364800000,148749.28703163873,148749.28703163873,0,0.0,0.0,0.0,0.0
1680379200000,148749.28703163873,148749.28703163873,0,0.0,0.0,0.0,0.0
1680393600000,148749.28703163873,148749.28703163873,0,0.0,0.0,0.0,0.0
1680408000000,148749.28703163873,148749.28703163873,0,0.0,0.0,0.0,0.0
1680422400000,148749.28703163873,148749.28703163873,0,0.0,0.0,0.0,0.0
1680436800000,148749.28703163873,148749.28703163873,0,0.0,0.0,0.0,0.0
1680451200000,148749.28703163873,148749.28703163873,0,0.0,0.0,0.0,0.0
1680465600000,148749.28703163873,148749.28703163873,0,0.0,0.0,0.0,0.0
1680480000000,148749.28703163873,148749.28703163873,0,0.0,0.0,0.0,0.0
1680494400000,148749.28703163873,148749.28703163873,0,0.0,0.0,0.0,0.0
1680508800000,147893.9406986735,148714.7726124367,1,69849.67031783791,1487.4928703163873,1487.4928703163873,69849.67031783791
1680523200000,147158.3942339826,147158.3942339826,0,0.0,0.0,0.0,0.0
1680537600000,147158.3942339826,147158.3942339826,0,0.0,0.0,0.0,0.0
1680552000000,147158.3942339826,147158.3942339826,0,0.0,0.0,0.0,0.0
1680566400000,147158.3942339826,147158.3942339826,0,0.0,0.0,0.0,0.0
1680580800000,147158.3942339826,147158.3942339826,0,0.0,0.0,0.0,0.0
1680595200000,147158.3942339826,147158.3942339826,0,0.0,0.0,0.0,0.0
1680609600000,147158.3942339826,147158.3942339826,0,0.0,0.0,0.0,0.0
1680624000000,147158.3942339826,147158.3942339826,0,0.0,0.0,0.0,0.0
1680638400000,147158.3942339826,147158.3942339826,0,0.0,0.0,0.0,0.0
1680652800000,147158.3942339826,147158.3942339826,0,0.0,0.0,0.0,0.0
1680667200000,149826.2792714096,147097.14930262507,1,125218.99268386647,2943.1678846796517,0.0,0.0
1680681600000,149684.79702556835,147097.14930262507,1,125077.51043802523,2943.1678846796517,0.0,0.0
1680696000000,149957.87380779668,147084.64155158127,1,125363.09497129737,2943.1678846796517,0.0,0.0
1680710400000,148823.39579947715,147084.64155158127,1,124228.6169629778,2943.1678846796517,0.0,0.0
1680724800000,149589.78030030505,147072.21868988496,1,125007.42432550203,2943.1678846796517,0.0,0.0
1680739200000,149524.27926056375,147072.21868988496,1,124941.92328576071,2943.1678846796517,0.0,0.0
1680753600000,148897.06806651177,147065.95735258065,1,124320.97342901306,2943.1678846796517,0.0,0.0
1680768000000,147609.97263559495,147065.95735258065,1,123033.87799809624,2943.1678846796517,0.0,0.0
1680782400000,146907.97076662336,147058.26650486697,1,122339.56697683832,2943.1678846796517,0.0,0.0
1680796800000,147276.74162036696,147058.26650486697,1,122708.33783058194,2943.1678846796517,0.0,0.0
1680811200000,147074.73211917034,147058.0002060736,1,122506.59462817867,2943.1678846796517,0.0,0.0
1680825600000,147142.1981901039,147058.0002060736,1,122574.06069911222,2943.1678846796517,0.0,0.0
1680840000000,147439.63346211455,147055.44071606905,1,122874.05546112746,2943.1678846796517,0.0,0.0
1680854400000,145743.15653281452,147055.44071606905,1,121177.57853182743,2943.1678846796517,0.0,0.0
1680868800000,145613.413333214,145613.413333214,0,0.0,0.0,0.0,0.0
1680883200000,144747.91061888947,145568.6741768553,1,90299.07627533814,1456.13413333214,1456.13413333214,90299.07627533814
1680897600000,144962.12891075484,145558.06945333752,1,90074.253259955,1456.13413333214,1456.13413333214,90074.253259955
1680912000000,144766.31531671147,145558.06945333752,1,90270.06685399839,1456.13413333214,1456.13413333214,90270.06685399839
1680926400000,144913.6788114896,145553.13348608193,1,90117.76739196465,1456.13413333214,1456.13413333214,90117.76739196465
1680940800000,144630.83695342694,145553.13348608193,1,90400.60925002731,1456.13413333214,1456.13413333214,90400.60925002731
1680955200000,144966.75096786467,145555.43915511243,1,90067.00090462006,1456.13413333214,1456.13413333214,90067.00090462006
1680969600000,144763.68501848637,145555.43915511243,1,90270.06685399839,1456.13413333214,1456.13413333214,90270.06685399839
1680984000000,145666.8324265849,145552.04214634348,1,89363.52243713089,1456.13413333214,1456.13413333214,89363.52243713089
1680998400000,145318.71937050778,145552.04214634348,1,89711.635493208,1456.13413333214,1456.13413333214,89711.635493208
1681012800000,144790.84329598004,145539.08330059648,1,90226.55272198874,1456.13413333214,1456.13413333214,90226.55272198874
1681027200000,145138.95635205717,145539.08330059648,1,89878.43966591163,1456.13413333214,1456.13413333214,89878.43966591163
1681041600000,144955.2484195636,145536.68425147643,1,90059.74854928513,1456.13413333214,1456.13413333214,90059.74854928513
1681056000000,144962.50077489857,145536.68425147643,1,90052.49619395018,1456.13413333214,1456.13413333214,90052.49619395018
1681070400000,144449.7223843685,145538.8230897271,1,90567.41342273093,1456.13413333214,1456.13413333214,90567.41342273093
1681084800000,143991.73177593257,143991.73177593257,0,0.0,0.0,0.0,0.0
1681099200000,143991.73177593257,143991.73177593257,0,0.0,0.0,0.0,0.0
1681113600000,143991.73177593257,143991.73177593257,0,0.0,0.0,0.0,0.0
1681128000000,143897.06553282347,143882.72655202082,1,218024.78680427905,2879.8346355186513,0.0,0.0
1681142400000,144924.99365119683,143882.72655202082,1,219052.7149226524,2879.8346355186513,0.0,0.0
1681156800000,150592.05894961412,143869.21757109155,1,224733.28920199894,2879.8346355186513,0.0,0.0
1681171200000,154122.76857359207,143869.21757109155,1,228263.99882597692,2879.8346355186513,0.0,0.0
1681185600000,157819.43586802072,143846.3878434901,1,231983.495848007,2879.8346355186513,0.0,0.0
1681200000000,157738.52698314126,143846.3878434901,1,231902.58696312754,2879.8346355186513,0.0,0.0
1681214400000,157327.7446378319,143823.1975847938,1,231514.9948765145,2879.8346355186513,0.0,0.0
1681228800000,158363.378364289,143823.1975847938,1,232550.6286029716,2879.8346355186513,0.0,0.0
1681243200000,157897.04990266543,143799.94158798628,1,232107.55613815552,2879.8346355186513,0.0,0.0
1681257600000,158384.0443335589,143799.94158798628,1,232594.55056904902,2879.8346355186513,0.0,0.0
1681272000000,156278.9290947046,143777.6522141718,1,230511.7247040092,2879.8346355186513,0.0,0.0
1681286400000,156776.7113769154,143777.6522141718,1,231009.50698622,2879.8346355186513,0.0,0.0
1681300800000,156945.0264242532,143758.7209850743,1,231196.75326265531,2879.8346355186513,0.0,0.0
1681315200000,156515.82405398786,143758.7209850743,1,230767.55089238996,2879.8346355186513,0.0,0.0
1681329600000,155290.4536635981,143754.68947596021,1,229546.2120111143,2879.8346355186513,0.0,0.0
1681344000000,155949.28315475944,143754.68947596021,1,230205.04150227562,2879.8346355186513,0.0,0.0
1681358400000,157338.6723937703,143739.34636130196,1,231609.77385594472,2879.8346355186513,0.0,0.0
1681372800000,157314.01444790227,143739.34636130196,1,231585.1159100767,2879.8346355186513,0.0,0.0
1681387200000,158036.5651965718,143729.0937812061,1,232317.91923884212,2879.8346355186513,0.0,0.0
1681401600000,160142.50788586293,143729.0937812061,1,234423.86192813324,2879.8346355186513,0.0,0.0
1681416000000,159353.12355315182,143705.64689202057,1,233657.92448460765,2879.8346355186513,0.0,0.0
1681430400000,159658.26563326866,143705.64689202057,1,233963.0665647245,2879.8346355186513,0.0,0.0
1681444800000,162138.9652536956,143705.91127028578,1,236443.50180688623,2879.8346355186513,0.0,0.0
1681459200000,162565.08538072748,143705.91127028578,1,236869.62193391807,2879.8346355186513,0.0,0.0
1681473600000,162927.4493895236,143682.22431408564,1,237255.67289891434,2879.8346355186513,0.0,0.0
1681488000000,158586.88035594265,143682.22431408564,1,232915.10386533337,2879.8346355186513,0.0,0.0
1681502400000,159230.03692167738,143674.25699674283,1,233566.22774841095,2879.8346355186513,0.0,0.0
1681516800000,160323.46270876264,143674.25699674283,1,234659.6535354962,2879.8346355186513,0.0,0.0
1681531200000,159672.454870456,143685.93145363938,1,233996.971240293,2879.8346355186513,0.0,0.0
1681545600000,160053.88247060202,143685.93145363938,1,234378.39884043904,2879.8346355186513,0.0,0.0
1681560000000,159682.68703967845,143666.11175133518,1,234027.02311181967,2879.8346355186513,0.0,0.0
1681574400000,159288.93046659842,143666.11175133518,1,233633.26653873964,2879.8346355186513,0.0,0.0
1681588800000,159257.0910481085,143642.7485017374,1,233624.7903698475,2879.8346355186513,0.0,0.0
1681603200000,158961.1956976922,143642.7485017374,1,233328.8950194312,2879.8346355186513,0.0,0.0
1681617600000,158711.25537083685,158711.25537083685,0,0.0,0.0,0.0,0.0
1681632000000,158711.25537083685,158711.25537083685,0,0.0,0.0,0.0,0.0
1681646400000,158711.25537083685,158711.25537083685,0,0.0,0.0,0.0,0.0
1681660800000,158711.25537083685,158711.25537083685,0,0.0,0.0,0.0,0.0
1681675200000,158711.25537083685,158711.25537083685,0,0.0,0.0,0.0,0.0
1681689600000,158711.25537083685,158711.25537083685,0,0.0,0.0,0.0,0.0
1681704000000,158711.25537083685,158711.25537083685,0,0.0,0.0,0.0,0.0
1681718400000,158711.25537083685,158711.25537083685,0,0.0,0.0,0.0,0.0
1681732800000,158711.25537083685,158711.25537083685,0,0.0,0.0,0.0,0.0
1681747200000,158711.25537083685,158711.25537083685,0,0.0,0.0,0.0,0.0
1681761600000,158711.25537083685,158711.25537083685,0,0.0,0.0,0.0,0.0
1681776000000,158711.25537083685,158711.25537083685,0,0.0,0.0,0.0,0.0
1681790400000,158711.25537083685,158711.25537083685,0,0.0,0.0,0.0,0.0
1681804800000,158711.25537083685,158711.25537083685,0,0.0,0.0,0.0,0.0
1681819200000,158711.25537083685,158711.25537083685,0,0.0,0.0,0.0,0.0
1681833600000,158711.25537083685,158711.25537083685,0,0.0,0.0,0.0,0.0
1681848000000,158711.25537083685,158711.25537083685,0,0.0,0.0,0.0,0.0
1681862400000,158711.25537083685,158711.25537083685,0,0.0,0.0,0.0,0.0
1681876800000,158711.25537083685,158711.25537083685,0,0.0,0.0,0.0,0.0
1681891200000,158711.25537083685,158711.25537083685,0,0.0,0.0,0.0,0.0
1681905600000,158711.25537083685,158711.25537083685,0,0.0,0.0,0.0,0.0
1681920000000,158711.25537083685,158711.25537083685,0,0.0,0.0,0.0,0.0
1681934400000,158711.25537083685,158711.25537083685,0,0.0,0.0,0.0,0.0
1681948800000,158711.25537083685,158711.25537083685,0,0.0,0.0,0.0,0.0
1681963200000,158711.25537083685,158711.25537083685,0,0.0,0.0,0.0,0.0
1681977600000,158711.25537083685,158711.25537083685,0,0.0,0.0,0.0,0.0
1681992000000,158711.25537083685,158711.25537083685,0,0.0,0.0,0.0,0.0
1682006400000,158711.25537083685,158711.25537083685,0,0.0,0.0,0.0,0.0
1682020800000,158711.25537083685,158711.25537083685,0,0.0,0.0,0.0,0.0
1682035200000,158711.25537083685,158711.25537083685,0,0.0,0.0,0.0,0.0
1682049600000,158711.25537083685,158711.25537083685,0,0.0,0.0,0.0,0.0
1682064000000,158711.25537083685,158711.25537083685,0,0.0,0.0,0.0,0.0
1682078400000,158711.25537083685,158711.25537083685,0,0.0,0.0,0.0,0.0
1682092800000,158711.25537083685,158711.25537083685,0,0.0,0.0,0.0,0.0
1682107200000,158711.25537083685,158711.25537083685,0,0.0,0.0,0.0,0.0
1682121600000,158711.25537083685,158711.25537083685,0,0.0,0.0,0.0,0.0
1682136000000,158711.25537083685,158711.25537083685,0,0.0,0.0,0.0,0.0
1682150400000,158711.25537083685,158711.25537083685,0,0.0,0.0,0.0,0.0
1682164800000,158711.25537083685,158711.25537083685,0,0.0,0.0,0.0,0.0
1682179200000,158711.25537083685,158711.25537083685,0,0.0,0.0,0.0,0.0
1682193600000,158711.25537083685,158711.25537083685,0,0.0,0.0,0.0,0.0
1682208000000,158711.25537083685,158711.25537083685,0,0.0,0.0,0.0,0.0
1682222400000,158711.25537083685,158711.25537083685,0,0.0,0.0,0.0,0.0
1682236800000,158711.25537083685,158711.25537083685,0,0.0,0.0,0.0,0.0
1682251200000,158711.25537083685,158711.25537083685,0,0.0,0.0,0.0,0.0
1682265600000,158711.25537083685,158711.25537083685,0,0.0,0.0,0.0,0.0
1682280000000,158711.25537083685,158711.25537083685,0,0.0,0.0,0.0,0.0
1682294400000,158711.25537083685,158711.25537083685,0,0.0,0.0,0.0,0.0
1682308800000,158711.25537083685,158711.25537083685,0,0.0,0.0,0.0,0.0
1682323200000,158711.25537083685,158711.25537083685,0,0.0,0.0,0.0,0.0
1682337600000,158711.25537083685,158711.25537083685,0,0.0,0.0,0.0,0.0
1682352000000,158711.25537083685,158711.25537083685,0,0.0,0.0,0.0,0.0
1682366400000,158711.25537083685,158711.25537083685,0,0.0,0.0,0.0,0.0
1682380800000,158711.25537083685,158711.25537083685,0,0.0,0.0,0.0,0.0
1682395200000,158711.25537083685,158711.25537083685,0,0.0,0.0,0.0,0.0
1682409600000,158711.25537083685,158711.25537083685,0,0.0,0.0,0.0,0.0
1682424000000,158711.25537083685,158711.25537083685,0,0.0,0.0,0.0,0.0
1682438400000,158711.25537083685,158711.25537083685,0,0.0,0.0,0.0,0.0
1682452800000,158711.25537083685,158711.25537083685,0,0.0,0.0,0.0,0.0
1682467200000,158711.25537083685,158711.25537083685,0,0.0,0.0,0.0,0.0
1682481600000,158711.25537083685,158711.25537083685,0,0.0,0.0,0.0,0.0
1682496000000,158711.25537083685,158711.25537083685,0,0.0,0.0,0.0,0.0
1682510400000,158711.25537083685,158711.25537083685,0,0.0,0.0,0.0,0.0
1682524800000,158711.25537083685,158711.25537083685,0,0.0,0.0,0.0,0.0
1682539200000,158711.25537083685,158711.25537083685,0,0.0,0.0,0.0,0.0
1682553600000,158711.25537083685,158711.25537083685,0,0.0,0.0,0.0,0.0
1682568000000,158711.25537083685,158711.25537083685,0,0.0,0.0,0.0,0.0
1682582400000,158711.25537083685,158711.25537083685,0,0.0,0.0,0.0,0.0
1682596800000,158711.25537083685,158711.25537083685,0,0.0,0.0,0.0,0.0
1682611200000,158711.25537083685,158711.25537083685,0,0.0,0.0,0.0,0.0
1682625600000,158711.25537083685,158711.25537083685,0,0.0,0.0,0.0,0.0
1682640000000,158711.25537083685,158711.25537083685,0,0.0,0.0,0.0,0.0
1682654400000,158711.25537083685,158711.25537083685,0,0.0,0.0,0.0,0.0
1682668800000,158711.25537083685,158711.25537083685,0,0.0,0.0,0.0,0.0
1682683200000,158711.25537083685,158711.25537083685,0,0.0,0.0,0.0,0.0
1682697600000,158711.25537083685,158711.25537083685,0,0.0,0.0,0.0,0.0
1682712000000,158711.25537083685,158711.25537083685,0,0.0,0.0,0.0,0.0
1682726400000,158711.25537083685,158711.25537083685,0,0.0,0.0,0.0,0.0
1682740800000,158711.25537083685,158711.25537083685,0,0.0,0.0,0.0,0.0
1682755200000,158711.25537083685,158711.25537083685,0,0.0,0.0,0.0,0.0
1682769600000,158711.25537083685,158711.25537083685,0,0.0,0.0,0.0,0.0
1682784000000,158711.25537083685,158711.25537083685,0,0.0,0.0,0.0,0.0
1682798400000,158711.25537083685,158711.25537083685,0,0.0,0.0,0.0,0.0
1682812800000,158711.25537083685,158711.25537083685,0,0.0,0.0,0.0,0.0
1682827200000,158711.25537083685,158711.25537083685,0,0.0,0.0,0.0,0.0
1682841600000,158711.25537083685,158711.25537083685,0,0.0,0.0,0.0,0.0
1682856000000,158711.25537083685,158711.25537083685,0,0.0,0.0,0.0,0.0
1682870400000,158711.25537083685,158711.25537083685,0,0.0,0.0,0.0,0.0
1682884800000,158711.25537083685,158711.25537083685,0,0.0,0.0,0.0,0.0
1682899200000,158711.25537083685,158711.25537083685,0,0.0,0.0,0.0,0.0
1682913600000,158711.25537083685,158711.25537083685,0,0.0,0.0,0.0,0.0
1682928000000,158711.25537083685,158711.25537083685,0,0.0,0.0,0.0,0.0
1682942400000,158711.25537083685,158711.25537083685,0,0.0,0.0,0.0,0.0
1682956800000,158711.25537083685,158711.25537083685,0,0.0,0.0,0.0,0.0
1682971200000,158711.25537083685,158711.25537083685,0,0.0,0.0,0.0,0.0
1682985600000,157355.61999494807,158623.6551524176,1,176468.47199599366,3174.225107416737,3174.225107416737,176468.47199599366
1683000000000,156376.03986396707,158641.3019996172,1,177465.69897417424,3174.225107416737,3174.225107416737,177465.69897417424
1683014400000,155602.68016660257,158641.3019996172,1,178239.05867153878,3174.225107416737,3174.225107416737,178239.05867153878
1683028800000,155302.87041912752,155302.87041912752,0,0.0,0.0,0.0,0.0
1683043200000,155302.87041912752,155302.87041912752,0,0.0,0.0,0.0,0.0
1683057600000,155302.87041912752,155302.87041912752,0,0.0,0.0,0.0,0.0
1683072000000,155302.87041912752,155302.87041912752,0,0.0,0.0,0.0,0.0
1683086400000,155302.87041912752,155302.87041912752,0,0.0,0.0,0.0,0.0
1683100800000,155302.87041912752,155302.87041912752,0,0.0,0.0,0.0,0.0
1683115200000,155302.87041912752,155302.87041912752,0,0.0,0.0,0.0,0.0
1683129600000,155302.87041912752,155302.87041912752,0,0.0,0.0,0.0,0.0
1683144000000,155302.87041912752,155302.87041912752,0,0.0,0.0,0.0,0.0
1683158400000,155302.87041912752,155302.87041912752,0,0.0,0.0,0.0,0.0
1683172800000,155302.87041912752,155302.87041912752,0,0.0,0.0,0.0,0.0
1683187200000,155302.87041912752,155302.87041912752,0,0.0,0.0,0.0,0.0
1683201600000,155302.87041912752,155302.87041912752,0,0.0,0.0,0.0,0.0
1683216000000,155302.87041912752,155302.87041912752,0,0.0,0.0,0.0,0.0
1683230400000,155302.87041912752,155302.87041912752,0,0.0,0.0,0.0,0.0
1683244800000,155302.87041912752,155302.87041912752,0,0.0,0.0,0.0,0.0
1683259200000,155302.87041912752,155302.87041912752,0,0.0,0.0,0.0,0.0
1683273600000,155302.87041912752,155302.87041912752,0,0.0,0.0,0.0,0.0
1683288000000,155302.87041912752,155302.87041912752,0,0.0,0.0,0.0,0.0
1683302400000,155302.87041912752,155302.87041912752,0,0.0,0.0,0.0,0.0
1683316800000,155302.87041912752,155302.87041912752,0,0.0,0.0,0.0,0.0
1683331200000,155302.87041912752,155302.87041912752,0,0.0,0.0,0.0,0.0
1683345600000,155302.87041912752,155302.87041912752,0,0.0,0.0,0.0,0.0
1683360000000,155302.87041912752,155302.87041912752,0,0.0,0.0,0.0,0.0
1683374400000,155302.87041912752,155302.87041912752,0,0.0,0.0,0.0,0.0
1683388800000,155302.87041912752,155302.87041912752,0,0.0,0.0,0.0,0.0
1683403200000,151961.04948859534,151961.04948859534,0,0.0,0.0,0.0,0.0
1683417600000,152818.20415355437,151885.69213810403,1,149782.18896715975,3039.220989771907,3039.220989771907,149782.18896715975
1683432000000,153054.58387600427,151888.09343510657,1,149548.21054171238,3039.220989771907,3039.220989771907,149548.21054171238
1683446400000,152082.6734933767,151888.09343510657,1,150520.12092433995,3039.220989771907,3039.220989771907,150520.12092433995
1683460800000,152355.6876009036,151891.13243634804,1,150250.14581805453,3039.220989771907,3039.220989771907,150250.14581805453
1683475200000,151743.74402665664,151891.13243634804,1,150862.08939230148,3039.220989771907,3039.220989771907,150862.08939230148
1683489600000,151152.9593536014,151894.2929971208,1,151456.03462612946,3039.220989771907,3039.220989771907,151456.03462612946
1683504000000,152556.82990628568,151894.2929971208,1,150052.1640734452,3039.220989771907,3039.220989771907,150052.1640734452
1683518400000,161852.29468827814,157683.60181001428,2,193066.60806342846,3045.296653451339,3045.296653451339,193066.60806342846
1683532800000,162903.33840573247,160439.26661149508,1,72893.27869706765,1519.6104948859536,1519.6104948859536,72893.27869706765
1683547200000,161927.76530937443,160349.23396888704,2,264824.7478698114,4777.7870694356325,4777.7870694356325,264824.7478698114
1683561600000,163674.54038803864,160349.23396888704,2,263077.97279114724,4777.7870694356325,4777.7870694356325,263077.97279114724
1683576000000,173121.7196387386,163528.56312841314,2,161287.15834047645,3148.6987821607927,3148.6987821607927,161287.15834047645
1683590400000,171390.8859361285,165930.09046212278,1,69896.55501729932,1519.6104948859536,1519.6104948859536,69896.55501729932
1683604800000,171017.9511158915,165926.1216204759,1,70265.52099588941,1519.6104948859536,1519.6104948859536,70265.52099588941
1683619200000,170487.00007353016,165926.1216204759,1,70796.47203825077,1519.6104948859536,1519.6104948859536,70796.47203825077
1683633600000,170416.71740405323,170416.71740405323,0,0.0,0.0,0.0,0.0
1683648000000,170416.71740405323,170416.71740405323,0,0.0,0.0,0.0,0.0
1683662400000,170416.71740405323,170416.71740405323,0,0.0,0.0,0.0,0.0
1683676800000,170416.71740405323,170416.71740405323,0,0.0,0.0,0.0,0.0
1683691200000,170416.71740405323,170416.71740405323,0,0.0,0.0,0.0,0.0
1683705600000,170416.71740405323,170416.71740405323,0,0.0,0.0,0.0,0.0
1683720000000,170416.71740405323,170416.71740405323,0,0.0,0.0,0.0,0.0
1683734400000,170416.71740405323,170416.71740405323,0,0.0,0.0,0.0,0.0
1683748800000,170416.71740405323,170416.71740405323,0,0.0,0.0,0.0,0.0
1683763200000,170416.71740405323,170416.71740405323,0,0.0,0.0,0.0,0.0
1683777600000,170416.71740405323,170416.71740405323,0,0.0,0.0,0.0,0.0
1683792000000,170416.71740405323,170416.71740405323,0,0.0,0.0,0.0,0.0
1683806400000,170416.71740405323,170416.71740405323,0,0.0,0.0,0.0,0.0
1683820800000,170416.71740405323,170416.71740405323,0,0.0,0.0,0.0,0.0
1683835200000,170416.71740405323,170416.71740405323,0,0.0,0.0,0.0,0.0
1683849600000,170416.71740405323,170416.71740405323,0,0.0,0.0,0.0,0.0
1683864000000,170416.71740405323,170416.71740405323,0,0.0,0.0,0.0,0.0
1683878400000,170416.71740405323,170416.71740405323,0,0.0,0.0,0.0,0.0
1683892800000,170416.71740405323,170416.71740405323,0,0.0,0.0,0.0,0.0
1683907200000,170416.71740405323,170416.71740405323,0,0.0,0.0,0.0,0.0
1683921600000,170416.71740405323,170416.71740405323,0,0.0,0.0,0.0,0.0
1683936000000,170416.71740405323,170416.71740405323,0,0.0,0.0,0.0,0.0
1683950400000,170416.71740405323,170416.71740405323,0,0.0,0.0,0.0,0.0
1683964800000,170416.71740405323,170416.71740405323,0,0.0,0.0,0.0,0.0
1683979200000,170416.71740405323,170416.71740405323,0,0.0,0.0,0.0,0.0
1683993600000,170416.71740405323,170416.71740405323,0,0.0,0.0,0.0,0.0
1684008000000,170416.71740405323,170416.71740405323,0,0.0,0.0,0.0,0.0
1684022400000,170416.71740405323,170416.71740405323,0,0.0,0.0,0.0,0.0
1684036800000,170416.71740405323,170416.71740405323,0,0.0,0.0,0.0,0.0
1684051200000,170416.71740405323,170416.71740405323,0,0.0,0.0,0.0,0.0
1684065600000,170416.71740405323,170416.71740405323,0,0.0,0.0,0.0,0.0
1684080000000,170416.71740405323,170416.71740405323,0,0.0,0.0,0.0,0.0
1684094400000,170416.71740405323,170416.71740405323,0,0.0,0.0,0.0,0.0
1684108800000,170416.71740405323,170416.71740405323,0,0.0,0.0,0.0,0.0
1684123200000,170416.71740405323,170416.71740405323,0,0.0,0.0,0.0,0.0
1684137600000,170416.71740405323,170416.71740405323,0,0.0,0.0,0.0,0.0
1684152000000,170416.71740405323,170416.71740405323,0,0.0,0.0,0.0,0.0
1684166400000,170416.71740405323,170416.71740405323,0,0.0,0.0,0.0,0.0
1684180800000,170416.71740405323,170416.71740405323,0,0.0,0.0,0.0,0.0
1684195200000,170416.71740405323,170416.71740405323,0,0.0,0.0,0.0,0.0
1684209600000,170416.71740405323,170416.71740405323,0,0.0,0.0,0.0,0.0
1684224000000,170416.71740405323,170416.71740405323,0,0.0,0.0,0.0,0.0
1684238400000,170416.71740405323,170416.71740405323,0,0.0,0.0,0.0,0.0
1684252800000,170416.71740405323,170416.71740405323,0,0.0,0.0,0.0,0.0
1684267200000,170416.71740405323,170416.71740405323,0,0.0,0.0,0.0,0.0
1684281600000,168567.8545708866,170321.32999837256,1,192528.28678883324,3408.3343480810645,3408.3343480810645,192528.28678883324
1684296000000,166724.6379968256,166724.6379968256,0,0.0,0.0,0.0,0.0
1684310400000,166724.6379968256,166724.6379968256,0,0.0,0.0,0.0,0.0
1684324800000,166724.6379968256,166724.6379968256,0,0.0,0.0,0.0,0.0
1684339200000,165299.54265194447,166523.0294956374,1,404440.4892200578,3334.4927599365124,3334.4927599365124,404440.4892200578
1684353600000,162774.5144861717,162774.5144861717,0,0.0,0.0,0.0,0.0
1684368000000,162774.5144861717,162774.5144861717,0,0.0,0.0,0.0,0.0
1684382400000,162774.5144861717,162774.5144861717,0,0.0,0.0,0.0,0.0
1684396800000,162774.5144861717,162774.5144861717,0,0.0,0.0,0.0,0.0
1684411200000,162774.5144861717,162774.5144861717,0,0.0,0.0,0.0,0.0
1684425600000,162774.5144861717,162774.5144861717,0,0.0,0.0,0.0,0.0
1684440000000,162774.5144861717,162774.5144861717,0,0.0,0.0,0.0,0.0
1684454400000,161425.1246325247,162676.151612166,1,197976.77499106093,3255.490289723434,3255.490289723434,197976.77499106093
1684468800000,162338.10104808115,162679.16889646277,1,197066.81585980125,3255.490289723434,3255.490289723434,197066.81585980125
1684483200000,161428.14191682148,162679.16889646277,1,197976.77499106093,3255.490289723434,3255.490289723434,197976.77499106093
1684497600000,162106.672542655,162690.39615937253,1,197309.47162813717,3255.490289723434,3255.490289723434,197309.47162813717
1684512000000,161955.01268744507,162690.39615937253,1,197461.1314833471,3255.490289723434,3255.490289723434,197461.1314833471
1684526400000,162568.39038144247,162697.13443253018,1,196854.49206250734,3255.490289723434,3255.490289723434,196854.49206250734
1684540800000,162022.41490268667,162697.13443253018,1,197400.46754126312,3255.490289723434,3255.490289723434,197400.46754126312
1684555200000,162336.6903390551,162708.0901584787,1,197097.14783084326,3255.490289723434,3255.490289723434,197097.14783084326
1684569600000,162822.0018757269,162708.0901584787,1,196611.83629417143,3255.490289723434,3255.490289723434,196611.83629417143
1684584000000,162556.33596113263,162715.4119832623,1,196884.82403354932,3255.490289723434,3255.490289723434,196884.82403354932
1684598400000,162374.3441348807,162715.4119832623,1,197066.81585980125,3255.490289723434,3255.490289723434,197066.81585980125
1684612800000,162349.9044616329,162721.3042810565,1,197097.14783084326,3255.490289723434,3255.490289723434,197097.14783084326
1684627200000,162319.57249059092,162721.3042810565,1,197127.47980188523,3255.490289723434,3255.490289723434,197127.47980188523
1684641600000,162132.63276459594,162716.35638131347,1,197309.47162813717,3255.490289723434,3255.490289723434,197309.47162813717
1684656000000,162223.62867772192,162716.35638131347,1,197218.47571501118,3255.490289723434,3255.490289723434,197218.47571501118
1684670400000,163596.9958161638,162724.78482286588,1,195853.5370181217,3255.490289723434,3255.490289723434,195853.5370181217
1684684800000,164870.93859992735,162724.78482286588,1,194579.59423435817,3255.490289723434,3255.490289723434,194579.59423435817
1684699200000,164735.38616122582,162740.8922393743,1,194731.2540895681,3255.490289723434,3255.490289723434,194731.2540895681
1684713600000,164583.7263060159,162740.8922393743,1,194882.91394477806,3255.490289723434,3255.490289723434,194882.91394477806
1684728000000,165767.62680483074,162600.47775961904,2,494798.4154950555,6546.762284993095,6546.762284993095,494798.4154950555
1684742400000,162484.7352492088,162485.1384596231,3,728644.5677425743,9861.278322305961,9861.278322305961,728644.5677425743
1684756800000,157485.88637604678,157485.88637604678,0,0.0,0.0,0.0,0.0
1684771200000,157485.88637604678,157485.88637604678,0,0.0,0.0,0.0,0.0
1684785600000,157485.88637604678,157485.88637604678,0,0.0,0.0,0.0,0.0
1684800000000,157485.88637604678,157485.88637604678,0,0.0,0.0,0.0,0.0
1684814400000,157485.88637604678,157485.88637604678,0,0.0,0.0,0.0,0.0
1684828800000,157485.88637604678,157485.88637604678,0,0.0,0.0,0.0,0.0
1684843200000,157485.88637604678,157485.88637604678,0,0.0,0.0,0.0,0.0
1684857600000,157485.88637604678,157485.88637604678,0,0.0,0.0,0.0,0.0
1684872000000,157485.88637604678,157485.88637604678,0,0.0,0.0,0.0,0.0
1684886400000,157485.88637604678,157485.88637604678,0,0.0,0.0,0.0,0.0
1684900800000,157485.88637604678,157485.88637604678,0,0.0,0.0,0.0,0.0
1684915200000,157485.88637604678,157485.88637604678,0,0.0,0.0,0.0,0.0
1684929600000,156402.02953943357,157222.62387654677,2,527345.5933371458,6294.457415025654,6294.457415025654,527345.5933371458
1684944000000,161453.50986407173,157139.84660448876,3,687765.8798564941,9384.121772366014,9384.121772366014,687765.8798564941
1684958400000,161761.5449900324,157159.8190591661,3,687477.8171852109,9384.121772366014,9384.121772366014,687477.8171852109
1684972800000,157845.05567714002,155860.99526109904,2,441255.72294960334,6234.404044845078,6234.404044845078,441255.72294960334
1684987200000,164989.85283388096,161838.13400957524,2,218468.17285851645,3117.202022422539,3117.202022422539,218468.17285851645
1685001600000,165846.11891371472,161838.13400957524,2,217611.90677868266,3117.202022422539,3117.202022422539,217611.90677868266
1685016000000,164426.61833006088,161818.8858717915,2,219012.1592245528,3117.202022422539,3117.202022422539,219012.1592245528
1685030400000,164123.06838796067,162428.29735650707,1,81082.50102656869,1544.83217867018,1544.83217867018,81082.50102656869
1685044800000,162963.69381095952,162963.69381095952,0,0.0,0.0,0.0,0.0
1685059200000,162963.69381095952,162963.69381095952,0,0.0,0.0,0.0,0.0
1685073600000,162963.69381095952,162963.69381095952,0,0.0,0.0,0.0,0.0
1685088000000,162963.69381095952,162963.69381095952,0,0.0,0.0,0.0,0.0
1685102400000,162963.69381095952,162963.69381095952,0,0.0,0.0,0.0,0.0
1685116800000,162963.69381095952,162963.69381095952,0,0.0,0.0,0.0,0.0
1685131200000,162963.69381095952,162963.69381095952,0,0.0,0.0,0.0,0.0
1685145600000,162963.69381095952,162963.69381095952,0,0.0,0.0,0.0,0.0
1685160000000,162963.69381095952,162963.69381095952,0,0.0,0.0,0.0,0.0
1685174400000,162963.69381095952,162963.69381095952,0,0.0,0.0,0.0,0.0
1685188800000,162963.69381095952,162963.69381095952,0,0.0,0.0,0.0,0.0
1685203200000,162963.69381095952,162963.69381095952,0,0.0,0.0,0.0,0.0
1685217600000,162963.69381095952,162963.69381095952,0,0.0,0.0,0.0,0.0
1685232000000,162963.69381095952,162963.69381095952,0,0.0,0.0,0.0,0.0
1685246400000,162963.69381095952,162963.69381095952,0,0.0,0.0,0.0,0.0
1685260800000,162963.69381095952,162963.69381095952,0,0.0,0.0,0.0,0.0
1685275200000,162963.69381095952,162963.69381095952,0,0.0,0.0,0.0,0.0
1685289600000,162963.69381095952,162963.69381095952,0,0.0,0.0,0.0,0.0
1685304000000,162963.69381095952,162963.69381095952,0,0.0,0.0,0.0,0.0
1685318400000,162963.69381095952,162963.69381095952,0,0.0,0.0,0.0,0.0
1685332800000,162963.69381095952,162963.69381095952,0,0.0,0.0,0.0,0.0
1685347200000,162963.69381095952,162963.69381095952,0,0.0,0.0,0.0,0.0
1685361600000,162963.69381095952,162963.69381095952,0,0.0,0.0,0.0,0.0
1685376000000,162963.69381095952,162963.69381095952,0,0.0,0.0,0.0,0.0
1685390400000,162963.69381095952,162963.69381095952,0,0.0,0.0,0.0,0.0
1685404800000,162963.69381095952,162963.69381095952,0,0.0,0.0,0.0,0.0
1685419200000,162963.69381095952,162963.69381095952,0,0.0,0.0,0.0,0.0
1685433600000,162963.69381095952,162963.69381095952,0,0.0,0.0,0.0,0.0
1685448000000,162963.69381095952,162963.69381095952,0,0.0,0.0,0.0,0.0
1685462400000,162963.69381095952,162963.69381095952,0,0.0,0.0,0.0,0.0
1685476800000,162963.69381095952,162963.69381095952,0,0.0,0.0,0.0,0.0
1685491200000,162963.69381095952,162963.69381095952,0,0.0,0.0,0.0,0.0
1685505600000,162963.69381095952,162963.69381095952,0,0.0,0.0,0.0,0.0
1685520000000,162963.69381095952,162963.69381095952,0,0.0,0.0,0.0,0.0
1685534400000,162963.69381095952,162963.69381095952,0,0.0,0.0,0.0,0.0
1685548800000,163423.38993292465,162825.75078304528,1,275288.41667857167,3259.2738762191907,3259.2738762191907,275288.41667857167
1685563200000,161935.3217972192,162847.70349831934,1,276798.43752955116,3259.2738762191907,3259.2738762191907,276798.43752955116
1685577600000,161470.69999691783,162847.70349831934,1,277263.0593298525,3259.2738762191907,3259.2738762191907,277263.0593298525
1685592000000,162776.1362536796,162875.42980425232,1,275985.3493790237,3259.2738762191907,3259.2738762191907,275985.3493790237
1685606400000,162849.4619435205,162767.46646525554,2,491730.73834374885,6514.796601292783,6514.796601292783,491730.73834374885
1685620800000,161543.49486096075,162816.64630024153,2,493085.88526129455,6514.796601292783,6514.796601292783,493085.88526129455
1685635200000,161454.63477361941,162816.64630024153,2,493174.74534863594,6514.796601292783,6514.796601292783,493174.74534863594
1685649600000,159173.9407554614,159696.49836283282,1,216449.23560093422,3255.522725073592,3255.522725073592,216449.23560093422
1685664000000,160003.02127486307,159696.49836283282,1,215620.15508153255,3255.522725073592,3255.522725073592,215620.15508153255
1685678400000,156219.07290062847,156219.07290062847,0,0.0,0.0,0.0,0.0
1685692800000,156219.07290062847,156219.07290062847,0,0.0,0.0,0.0,0.0
1685707200000,156219.07290062847,156219.07290062847,0,0.0,0.0,0.0,0.0
1685721600000,156219.07290062847,156219.07290062847,0,0.0,0.0,0.0,0.0
1685736000000,156219.07290062847,156219.07290062847,0,0.0,0.0,0.0,0.0
1685750400000,156219.07290062847,156219.07290062847,0,0.0,0.0,0.0,0.0
1685764800000,156219.07290062847,156219.07290062847,0,0.0,0.0,0.0,0.0
1685779200000,156219.07290062847,156219.07290062847,0,0.0,0.0,0.0,0.0
1685793600000,156219.07290062847,156219.07290062847,0,0.0,0.0,0.0,0.0
1685808000000,156219.07290062847,156219.07290062847,0,0.0,0.0,0.0,0.0
1685822400000,156219.07290062847,156219.07290062847,0,0.0,0.0,0.0,0.0
1685836800000,156219.07290062847,156219.07290062847,0,0.0,0.0,0.0,0.0
1685851200000,156219.07290062847,156219.07290062847,0,0.0,0.0,0.0,0.0
1685865600000,156219.07290062847,156219.07290062847,0,0.0,0.0,0.0,0.0
1685880000000,156219.07290062847,156219.07290062847,0,0.0,0.0,0.0,0.0
1685894400000,156219.07290062847,156219.07290062847,0,0.0,0.0,0.0,0.0
1685908800000,156219.07290062847,156219.07290062847,0,0.0,0.0,0.0,0.0
1685923200000,156219.07290062847,156219.07290062847,0,0.0,0.0,0.0,0.0
1685937600000,156219.07290062847,156219.07290062847,0,0.0,0.0,0.0,0.0
1685952000000,156078.73130071117,155987.3908413062,1,463272.7781851627,3124.3814580125695,3124.3814580125695,463272.7781851627
1685966400000,156340.3195436164,155987.3908413062,1,463011.1899422575,3124.3814580125695,3124.3814580125695,463011.1899422575
1685980800000,185489.2654527069,161396.25673604413,2,366934.25449353334,2976.690624528718,2976.690624528718,366934.25449353334
1685995200000,186522.7557807573,178559.92797213394,2,403156.01895714144,5117.417015254136,5117.417015254136,403156.01895714144
1686009600000,186408.99130347514,178457.9788080588,3,607066.162420637,8847.055701346486,8847.055701346486,607066.162420637
1686024000000,185776.4545385924,178403.95901708337,3,607644.6793945443,8847.055701346486,8847.055701346486,607644.6793945443
1686038400000,184742.02902932727,178403.95901708337,3,608679.1049038094,8847.055701346486,8847.055701346486,608679.1049038094
1686052800000,182773.60516703306,176894.47322152578,2,357364.4000926935,5144.138581614785,5144.138581614785,357364.4000926935
1686067200000,178964.88847778688,178964.88847778688,0,0.0,0.0,0.0,0.0
1686081600000,178964.88847778688,178964.88847778688,0,0.0,0.0,0.0,0.0
1686096000000,178964.88847778688,178964.88847778688,0,0.0,0.0,0.0,0.0
1686110400000,178964.88847778688,178964.88847778688,0,0.0,0.0,0.0,0.0
1686124800000,178964.88847778688,178964.88847778688,0,0.0,0.0,0.0,0.0
1686139200000,178964.88847778688,178964.88847778688,0,0.0,0.0,0.0,0.0
1686153600000,178964.88847778688,178964.88847778688,0,0.0,0.0,0.0,0.0
1686168000000,178964.88847778688,178964.88847778688,0,0.0,0.0,0.0,0.0
1686182400000,178964.88847778688,178964.88847778688,0,0.0,0.0,0.0,0.0
1686196800000,178964.88847778688,178964.88847778688,0,0.0,0.0,0.0,0.0
1686211200000,178964.88847778688,178964.88847778688,0,0.0,0.0,0.0,0.0
1686225600000,178964.88847778688,178964.88847778688,0,0.0,0.0,0.0,0.0
1686240000000,178964.88847778688,178964.88847778688,0,0.0,0.0,0.0,0.0
1686254400000,178964.88847778688,178964.88847778688,0,0.0,0.0,0.0,0.0
1686268800000,178964.88847778688,178964.88847778688,0,0.0,0.0,0.0,0.0
1686283200000,178964.88847778688,178964.88847778688,0,0.0,0.0,0.0,0.0
1686297600000,178964.88847778688,178964.88847778688,0,0.0,0.0,0.0,0.0
1686312000000,178964.88847778688,178964.88847778688,0,0.0,0.0,0.0,0.0
1686326400000,178964.88847778688,178964.88847778688,0,0.0,0.0,0.0,0.0
1686340800000,178964.88847778688,178964.88847778688,0,0.0,0.0,0.0,0.0
1686355200000,178964.88847778688,178964.88847778688,0,0.0,0.0,0.0,0.0
1686369600000,178964.88847778688,178964.88847778688,0,0.0,0.0,0.0,0.0
1686384000000,178964.88847778688,178964.88847778688,0,0.0,0.0,0.0,0.0
1686398400000,178964.88847778688,178964.88847778688,0,0.0,0.0,0.0,0.0
1686412800000,178964.88847778688,178964.88847778688,0,0.0,0.0,0.0,0.0
1686427200000,178964.88847778688,178964.88847778688,0,0.0,0.0,0.0,0.0
1686441600000,178964.88847778688,178964.88847778688,0,0.0,0.0,0.0,0.0
1686456000000,178964.88847778688,178964.88847778688,0,0.0,0.0,0.0,0.0
1686470400000,178964.88847778688,178964.88847778688,0,0.0,0.0,0.0,0.0
1686484800000,178964.88847778688,178964.88847778688,0,0.0,0.0,0.0,0.0
1686499200000,178964.88847778688,178964.88847778688,0,0.0,0.0,0.0,0.0
1686513600000,178964.88847778688,178964.88847778688,0,0.0,0.0,0.0,0.0
1686528000000,178964.88847778688,178964.88847778688,0,0.0,0.0,0.0,0.0
1686542400000,178964.88847778688,178964.88847778688,0,0.0,0.0,0.0,0.0
1686556800000,178964.88847778688,178964.88847778688,0,0.0,0.0,0.0,0.0
1686571200000,178964.88847778688,178964.88847778688,0,0.0,0.0,0.0,0.0
1686585600000,178964.88847778688,178964.88847778688,0,0.0,0.0,0.0,0.0
1686600000000,178964.88847778688,178964.88847778688,0,0.0,0.0,0.0,0.0
1686614400000,178964.88847778688,178964.88847778688,0,0.0,0.0,0.0,0.0
1686628800000,178964.88847778688,178964.88847778688,0,0.0,0.0,0.0,0.0
1686643200000,178964.88847778688,178964.88847778688,0,0.0,0.0,0.0,0.0
1686657600000,178964.88847778688,178964.88847778688,0,0.0,0.0,0.0,0.0
1686672000000,178964.88847778688,178964.88847778688,0,0.0,0.0,0.0,0.0
1686686400000,178964.88847778688,178964.88847778688,0,0.0,0.0,0.0,0.0
1686700800000,178964.88847778688,178964.88847778688,0,0.0,0.0,0.0,0.0
1686715200000,178964.88847778688,178964.88847778688,0,0.0,0.0,0.0,0.0
1686729600000,178964.88847778688,178964.88847778688,0,0.0,0.0,0.0,0.0
1686744000000,178964.88847778688,178964.88847778688,0,0.0,0.0,0.0,0.0
1686758400000,178964.88847778688,178964.88847778688,0,0.0,0.0,0.0,0.0
1686772800000,178964.88847778688,178964.88847778688,0,0.0,0.0,0.0,0.0
1686787200000,178964.88847778688,178964.88847778688,0,0.0,0.0,0.0,0.0
1686801600000,179352.52244552242,178829.7008476563,1,269852.43866329547,3579.2977695557374,3579.2977695557374,269852.43866329547
1686816000000,180216.31563408495,178829.7008476563,1,268988.64547473297,3579.2977695557374,3579.2977695557374,268988.64547473297
1686830400000,179884.01026911085,178846.35931447055,1,269337.6093065213,3579.2977695557374,3579.2977695557374,269337.6093065213
1686844800000,180515.1609031478,178846.35931447055,1,268706.4586724844,3579.2977695557374,3579.2977695557374,268706.4586724844
1686859200000,175611.97165159995,175611.97165159995,0,0.0,0.0,0.0,0.0
1686873600000,175611.97165159995,175611.97165159995,0,0.0,0.0,0.0,0.0
1686888000000,175611.97165159995,175611.97165159995,0,0.0,0.0,0.0,0.0
1686902400000,175611.97165159995,175611.97165159995,0,0.0,0.0,0.0,0.0
1686916800000,175611.97165159995,175611.97165159995,0,0.0,0.0,0.0,0.0
1686931200000,175611.97165159995,175611.97165159995,0,0.0,0.0,0.0,0.0
1686945600000,175611.97165159995,175611.97165159995,0,0.0,0.0,0.0,0.0
1686960000000,175611.97165159995,175611.97165159995,0,0.0,0.0,0.0,0.0
1686974400000,175611.97165159995,175611.97165159995,0,0.0,0.0,0.0,0.0
1686988800000,175611.97165159995,175611.97165159995,0,0.0,0.0,0.0,0.0
1687003200000,175611.97165159995,175611.97165159995,0,0.0,0.0,0.0,0.0
1687017600000,175611.97165159995,175611.97165159995,0,0.0,0.0,0.0,0.0
1687032000000,175611.97165159995,175611.97165159995,0,0.0,0.0,0.0,0.0
1687046400000,175611.97165159995,175611.97165159995,0,0.0,0.0,0.0,0.0
1687060800000,175611.97165159995,175611.97165159995,0,0.0,0.0,0.0,0.0
1687075200000,175611.97165159995,175611.97165159995,0,0.0,0.0,0.0,0.0
1687089600000,175611.97165159995,175611.97165159995,0,0.0,0.0,0.0,0.0
1687104000000,175611.97165159995,175611.97165159995,0,0.0,0.0,0.0,0.0
1687118400000,175611.97165159995,175611.97165159995,0,0.0,0.0,0.0,0.0
1687132800000,175611.97165159995,175611.97165159995,0,0.0,0.0,0.0,0.0
1687147200000,175611.97165159995,175611.97165159995,0,0.0,0.0,0.0,0.0
1687161600000,175611.97165159995,175611.97165159995,0,0.0,0.0,0.0,0.0
1687176000000,175611.97165159995,175611.97165159995,0,0.0,0.0,0.0,0.0
1687190400000,175611.97165159995,175611.97165159995,0,0.0,0.0,0.0,0.0
1687204800000,175611.97165159995,175611.97165159995,0,0.0,0.0,0.0,0.0
1687219200000,175611.97165159995,175611.97165159995,0,0.0,0.0,0.0,0.0
1687233600000,175611.97165159995,175611.97165159995,0,0.0,0.0,0.0,0.0
1687248000000,175611.97165159995,175611.97165159995,0,0.0,0.0,0.0,0.0
1687262400000,175611.97165159995,175611.97165159995,0,0.0,0.0,0.0,0.0
1687276800000,175611.97165159995,175611.97165159995,0,0.0,0.0,0.0,0.0
1687291200000,175611.97165159995,175611.97165159995,0,0.0,0.0,0.0,0.0
1687305600000,175611.97165159995,175611.97165159995,0,0.0,0.0,0.0,0.0
1687320000000,175611.97165159995,175611.97165159995,0,0.0,0.0,0.0,0.0
1687334400000,175611.97165159995,175611.97165159995,0,0.0,0.0,0.0,0.0
1687348800000,175611.97165159995,175611.97165159995,0,0.0,0.0,0.0,0.0
1687363200000,175611.97165159995,175611.97165159995,0,0.0,0.0,0.0,0.0
1687377600000,175611.97165159995,175611.97165159995,0,0.0,0.0,0.0,0.0
1687392000000,175611.97165159995,175611.97165159995,0,0.0,0.0,0.0,0.0
1687406400000,175611.97165159995,175611.97165159995,0,0.0,0.0,0.0,0.0
1687420800000,175611.97165159995,175611.97165159995,0,0.0,0.0,0.0,0.0
1687435200000,175611.97165159995,175611.97165159995,0,0.0,0.0,0.0,0.0
1687449600000,175611.97165159995,175611.97165159995,0,0.0,0.0,0.0,0.0
1687464000000,175611.97165159995,175611.97165159995,0,0.0,0.0,0.0,0.0
1687478400000,175611.97165159995,175611.97165159995,0,0.0,0.0,0.0,0.0
1687492800000,175611.97165159995,175611.97165159995,0,0.0,0.0,0.0,0.0
1687507200000,175611.97165159995,175611.97165159995,0,0.0,0.0,0.0,0.0
1687521600000,175611.97165159995,175611.97165159995,0,0.0,0.0,0.0,0.0
1687536000000,175611.97165159995,175611.97165159995,0,0.0,0.0,0.0,0.0
1687550400000,175611.97165159995,175611.97165159995,0,0.0,0.0,0.0,0.0
1687564800000,175611.97165159995,175611.97165159995,0,0.0,0.0,0.0,0.0
1687579200000,175611.97165159995,175611.97165159995,0,0.0,0.0,0.0,0.0
1687593600000,175611.97165159995,175611.97165159995,0,0.0,0.0,0.0,0.0
1687608000000,175611.97165159995,175611.97165159995,0,0.0,0.0,0.0,0.0
1687622400000,175611.97165159995,175611.97165159995,0,0.0,0.0,0.0,0.0
1687636800000,175611.97165159995,175611.97165159995,0,0.0,0.0,0.0,0.0
1687651200000,175611.97165159995,175611.97165159995,0,0.0,0.0,0.0,0.0
1687665600000,175611.97165159995,175611.97165159995,0,0.0,0.0,0.0,0.0
1687680000000,175611.97165159995,175611.97165159995,0,0.0,0.0,0.0,0.0
1687694400000,175611.97165159995,175611.97165159995,0,0.0,0.0,0.0,0.0
1687708800000,175611.97165159995,175611.97165159995,0,0.0,0.0,0.0,0.0
1687723200000,175611.97165159995,175611.97165159995,0,0.0,0.0,0.0,0.0
1687737600000,175611.97165159995,175611.97165159995,0,0.0,0.0,0.0,0.0
1687752000000,175611.97165159995,175611.97165159995,0,0.0,0.0,0.0,0.0
1687766400000,175611.97165159995,175611.97165159995,0,0.0,0.0,0.0,0.0
1687780800000,175611.97165159995,175611.97165159995,0,0.0,0.0,0.0,0.0
1687795200000,175611.97165159995,175611.97165159995,0,0.0,0.0,0.0,0.0
1687809600000,175611.97165159995,175611.97165159995,0,0.0,0.0,0.0,0.0
1687824000000,175611.97165159995,175611.97165159995,0,0.0,0.0,0.0,0.0
1687838400000,175611.97165159995,175611.97165159995,0,0.0,0.0,0.0,0.0
1687852800000,175611.97165159995,175611.97165159995,0,0.0,0.0,0.0,0.0
1687867200000,175611.97165159995,175611.97165159995,0,0.0,0.0,0.0,0.0
1687881600000,175611.97165159995,175611.97165159995,0,0.0,0.0,0.0,0.0
1687896000000,175611.97165159995,175611.97165159995,0,0.0,0.0,0.0,0.0
1687910400000,175611.97165159995,175611.97165159995,0,0.0,0.0,0.0,0.0
1687924800000,175611.97165159995,175611.97165159995,0,0.0,0.0,0.0,0.0
1687939200000,175611.97165159995,175611.97165159995,0,0.0,0.0,0.0,0.0
1687953600000,175611.97165159995,175611.97165159995,0,0.0,0.0,0.0,0.0
1687968000000,174742.48717886856,175560.0591771314,1,104642.52093539963,1756.1197165159995,1756.1197165159995,104642.52093539963
1687982400000,178388.49110982008,177266.00999980664,1,50789.99335855495,878.0598582579997,878.0598582579997,50789.99335855495
1687996800000,177768.66913184477,177768.66913184477,0,0.0,0.0,0.0,0.0
1688011200000,177768.66913184477,177768.66913184477,0,0.0,0.0,0.0,0.0
1688025600000,177768.66913184477,177768.66913184477,0,0.0,0.0,0.0,0.0
1688040000000,177768.66913184477,177768.66913184477,0,0.0,0.0,0.0,0.0
1688054400000,177768.66913184477,177768.66913184477,0,0.0,0.0,0.0,0.0
1688068800000,177768.66913184477,177768.66913184477,0,0.0,0.0,0.0,0.0
1688083200000,177768.66913184477,177768.66913184477,0,0.0,0.0,0.0,0.0
1688097600000,177768.66913184477,177768.66913184477,0,0.0,0.0,0.0,0.0
1688112000000,177768.66913184477,177768.66913184477,0,0.0,0.0,0.0,0.0
1688126400000,177768.66913184477,177768.66913184477,0,0.0,0.0,0.0,0.0
1688140800000,177768.66913184477,177768.66913184477,0,0.0,0.0,0.0,0.0
1688155200000,177768.66913184477,177768.66913184477,0,0.0,0.0,0.0,0.0
1688169600000,177768.66913184477,177768.66913184477,0,0.0,0.0,0.0,0.0
1688184000000,177768.66913184477,177768.66913184477,0,0.0,0.0,0.0,0.0
1688198400000,177768.66913184477,177768.66913184477,0,0.0,0.0,0.0,0.0
1688212800000,177768.66913184477,177768.66913184477,0,0.0,0.0,0.0,0.0
1688227200000,177768.66913184477,177768.66913184477,0,0.0,0.0,0.0,0.0
1688241600000,177768.66913184477,177768.66913184477,0,0.0,0.0,0.0,0.0
1688256000000,177768.66913184477,177768.66913184477,0,0.0,0.0,0.0,0.0
1688270400000,177768.66913184477,177768.66913184477,0,0.0,0.0,0.0,0.0
1688284800000,177768.66913184477,177768.66913184477,0,0.0,0.0,0.0,0.0
1688299200000,177768.66913184477,177768.66913184477,0,0.0,0.0,0.0,0.0
1688313600000,177768.66913184477,177768.66913184477,0,0.0,0.0,0.0,0.0
1688328000000,177768.66913184477,177768.66913184477,0,0.0,0.0,0.0,0.0
1688342400000,177768.66913184477,177768.66913184477,0,0.0,0.0,0.0,0.0
1688356800000,177768.66913184477,177768.66913184477,0,0.0,0.0,0.0,0.0
1688371200000,177768.66913184477,177768.66913184477,0,0.0,0.0,0.0,0.0
1688385600000,177768.66913184477,177768.66913184477,0,0.0,0.0,0.0,0.0
1688400000000,177768.66913184477,177768.66913184477,0,0.0,0.0,0.0,0.0
1688414400000,177768.66913184477,177768.66913184477,0,0.0,0.0,0.0,0.0
1688428800000,177768.66913184477,177768.66913184477,0,0.0,0.0,0.0,0.0
1688443200000,177768.66913184477,177768.66913184477,0,0.0,0.0,0.0,0.0
1688457600000,175539.9088462302,177659.5541818004,1,216110.25475318564,3555.3733826368953,0.0,0.0
1688472000000,176596.66916131694,177637.94164816904,1,217188.62760190375,3555.3733826368953,0.0,0.0
1688486400000,175916.91662632732,177637.94164816904,1,216508.8750669141,3555.3733826368953,0.0,0.0
1688500800000,173846.29645001763,173846.29645001763,0,0.0,0.0,0.0,0.0
1688515200000,173846.29645001763,173846.29645001763,0,0.0,0.0,0.0,0.0
1688529600000,173846.29645001763,173846.29645001763,0,0.0,0.0,0.0,0.0
1688544000000,173846.29645001763,173846.29645001763,0,0.0,0.0,0.0,0.0
1688558400000,173846.29645001763,173846.29645001763,0,0.0,0.0,0.0,0.0
1688572800000,173889.9237076627,173789.98959246645,1,112513.7809871578,1738.4629645001764,1738.4629645001764,112513.7809871578
1688587200000,173086.93310855867,173712.3846051577,3,268449.1412164178,5215.4034150748885,5215.4034150748885,268449.1412164178
1688601600000,172162.69446383006,173712.3846051577,3,269373.3798611463,5215.4034150748885,5215.4034150748885,269373.3798611463
1688616000000,171609.30780812562,173713.20144114483,3,269927.58335283794,5215.4034150748885,5215.4034150748885,269927.58335283794
1688630400000,168224.69067316176,168224.69067316176,0,0.0,0.0,0.0,0.0
1688644800000,168224.69067316176,168224.69067316176,0,0.0,0.0,0.0,0.0
1688659200000,168224.69067316176,168224.69067316176,0,0.0,0.0,0.0,0.0
1688673600000,168224.69067316176,168224.69067316176,0,0.0,0.0,0.0,0.0
1688688000000,168224.69067316176,168224.69067316176,0,0.0,0.0,0.0,0.0
1688702400000,168224.69067316176,168224.69067316176,0,0.0,0.0,0.0,0.0
1688716800000,168224.69067316176,168224.69067316176,0,0.0,0.0,0.0,0.0
1688731200000,168224.69067316176,168224.69067316176,0,0.0,0.0,0.0,0.0
1688745600000,168224.69067316176,168224.69067316176,0,0.0,0.0,0.0,0.0
1688760000000,168224.69067316176,168224.69067316176,0,0.0,0.0,0.0,0.0
1688774400000,168224.69067316176,168224.69067316176,0,0.0,0.0,0.0,0.0
1688788800000,168224.69067316176,168224.69067316176,0,0.0,0.0,0.0,0.0
1688803200000,168224.69067316176,168224.69067316176,0,0.0,0.0,0.0,0.0
1688817600000,168224.69067316176,168224.69067316176,0,0.0,0.0,0.0,0.0
1688832000000,168224.69067316176,168224.69067316176,0,0.0,0.0,0.0,0.0
1688846400000,168224.69067316176,168224.69067316176,0,0.0,0.0,0.0,0.0
1688860800000,168224.69067316176,168224.69067316176,0,0.0,0.0,0.0,0.0
1688875200000,168224.69067316176,168224.69067316176,0,0.0,0.0,0.0,0.0
1688889600000,168224.69067316176,168224.69067316176,0,0.0,0.0,0.0,0.0
1688904000000,168224.69067316176,168224.69067316176,0,0.0,0.0,0.0,0.0
1688918400000,168224.69067316176,168224.69067316176,0,0.0,0.0,0.0,0.0
1688932800000,168224.69067316176,168224.69067316176,0,0.0,0.0,0.0,0.0
1688947200000,168224.69067316176,168224.69067316176,0,0.0,0.0,0.0,0.0
1688961600000,168224.69067316176,168224.69067316176,0,0.0,0.0,0.0,0.0
1688976000000,168224.69067316176,168224.69067316176,0,0.0,0.0,0.0,0.0
1688990400000,167794.34486921766,168172.2670361452,1,105225.19620004793,1682.2469067316176,1682.2469067316176,105225.19620004793
1689004800000,167631.6087167276,168172.2670361452,1,105387.93235253794,1682.2469067316176,1682.2469067316176,105387.93235253794
1689019200000,166394.00564650394,166394.00564650394,0,0.0,0.0,0.0,0.0
1689033600000,166394.00564650394,166394.00564650394,0,0.0,0.0,0.0,0.0
1689048000000,166394.00564650394,166394.00564650394,0,0.0,0.0,0.0,0.0
1689062400000,166394.00564650394,166394.00564650394,0,0.0,0.0,0.0,0.0
1689076800000,166394.00564650394,166394.00564650394,0,0.0,0.0,0.0,0.0
1689091200000,166394.00564650394,166394.00564650394,0,0.0,0.0,0.0,0.0
1689105600000,166394.00564650394,166394.00564650394,0,0.0,0.0,0.0,0.0
1689120000000,166394.00564650394,166394.00564650394,0,0.0,0.0,0.0,0.0
1689134400000,166394.00564650394,166394.00564650394,0,0.0,0.0,0.0,0.0
1689148800000,166394.00564650394,166394.00564650394,0,0.0,0.0,0.0,0.0
1689163200000,166394.00564650394,166394.00564650394,0,0.0,0.0,0.0,0.0
1689177600000,166394.00564650394,166394.00564650394,0,0.0,0.0,0.0,0.0
1689192000000,166394.00564650394,166394.00564650394,0,0.0,0.0,0.0,0.0
1689206400000,166394.00564650394,166394.00564650394,0,0.0,0.0,0.0,0.0
1689220800000,166394.00564650394,166394.00564650394,0,0.0,0.0,0.0,0.0
1689235200000,166394.00564650394,166394.00564650394,0,0.0,0.0,0.0,0.0
1689249600000,166394.00564650394,166394.00564650394,0,0.0,0.0,0.0,0.0
1689264000000,166394.00564650394,166394.00564650394,0,0.0,0.0,0.0,0.0
1689278400000,166394.00564650394,166394.00564650394,0,0.0,0.0,0.0,0.0
1689292800000,166394.00564650394,166394.00564650394,0,0.0,0.0,0.0,0.0
1689307200000,166394.00564650394,166394.00564650394,0,0.0,0.0,0.0,0.0
1689321600000,166394.00564650394,166394.00564650394,0,0.0,0.0,0.0,0.0
1689336000000,166394.00564650394,166394.00564650394,0,0.0,0.0,0.0,0.0
1689350400000,166394.00564650394,166394.00564650394,0,0.0,0.0,0.0,0.0
1689364800000,166394.00564650394,166394.00564650394,0,0.0,0.0,0.0,0.0
1689379200000,166394.00564650394,166394.00564650394,0,0.0,0.0,0.0,0.0
1689393600000,166394.00564650394,166394.00564650394,0,0.0,0.0,0.0,0.0
1689408000000,166394.00564650394,166394.00564650394,0,0.0,0.0,0.0,0.0
1689422400000,166394.00564650394,166394.00564650394,0,0.0,0.0,0.0,0.0
1689436800000,166394.00564650394,166394.00564650394,0,0.0,0.0,0.0,0.0
1689451200000,166394.00564650394,166394.00564650394,0,0.0,0.0,0.0,0.0
1689465600000,166394.00564650394,166394.00564650394,0,0.0,0.0,0.0,0.0
1689480000000,166394.00564650394,166394.00564650394,0,0.0,0.0,0.0,0.0
1689494400000,166394.00564650394,166394.00564650394,0,0.0,0.0,0.0,0.0
1689508800000,166394.00564650394,166394.00564650394,0,0.0,0.0,0.0,0.0
1689523200000,166394.00564650394,166394.00564650394,0,0.0,0.0,0.0,0.0
1689537600000,166394.00564650394,166394.00564650394,0,0.0,0.0,0.0,0.0
1689552000000,166394.00564650394,166394.00564650394,0,0.0,0.0,0.0,0.0
1689566400000,166394.00564650394,166394.00564650394,0,0.0,0.0,0.0,0.0
1689580800000,166394.00564650394,166394.00564650394,0,0.0,0.0,0.0,0.0
1689595200000,166394.00564650394,166394.00564650394,0,0.0,0.0,0.0,0.0
1689609600000,166394.00564650394,166394.00564650394,0,0.0,0.0,0.0,0.0
1689624000000,166394.00564650394,166394.00564650394,0,0.0,0.0,0.0,0.0
1689638400000,166394.00564650394,166394.00564650394,0,0.0,0.0,0.0,0.0
1689652800000,166394.00564650394,166394.00564650394,0,0.0,0.0,0.0,0.0
1689667200000,166394.00564650394,166394.00564650394,0,0.0,0.0,0.0,0.0
1689681600000,166394.00564650394,166394.00564650394,0,0.0,0.0,0.0,0.0
1689696000000,166394.00564650394,166394.00564650394,0,0.0,0.0,0.0,0.0
1689710400000,166394.00564650394,166394.00564650394,0,0.0,0.0,0.0,0.0
1689724800000,166394.00564650394,166394.00564650394,0,0.0,0.0,0.0,0.0
1689739200000,166394.00564650394,166394.00564650394,0,0.0,0.0,0.0,0.0
1689753600000,166394.00564650394,166394.00564650394,0,0.0,0.0,0.0,0.0
1689768000000,166394.00564650394,166394.00564650394,0,0.0,0.0,0.0,0.0
1689782400000,166394.00564650394,166394.00564650394,0,0.0,0.0,0.0,0.0
1689796800000,166394.00564650394,166394.00564650394,0,0.0,0.0,0.0,0.0
1689811200000,166394.00564650394,166394.00564650394,0,0.0,0.0,0.0,0.0
1689825600000,166394.00564650394,166394.00564650394,0,0.0,0.0,0.0,0.0
1689840000000,166394.00564650394,166394.00564650394,0,0.0,0.0,0.0,0.0
1689854400000,166394.00564650394,166394.00564650394,0,0.0,0.0,0.0,0.0
1689868800000,166394.00564650394,166394.00564650394,0,0.0,0.0,0.0,0.0
1689883200000,166394.00564650394,166394.00564650394,0,0.0,0.0,0.0,0.0
1689897600000,166394.00564650394,166394.00564650394,0,0.0,0.0,0.0,0.0
1689912000000,166394.00564650394,166394.00564650394,0,0.0,0.0,0.0,0.0
1689926400000,166394.00564650394,166394.00564650394,0,0.0,0.0,0.0,0.0
1689940800000,166394.00564650394,166394.00564650394,0,0.0,0.0,0.0,0.0
1689955200000,166394.00564650394,166394.00564650394,0,0.0,0.0,0.0,0.0
1689969600000,166394.00564650394,166394.00564650394,0,0.0,0.0,0.0,0.0
1689984000000,166394.00564650394,166394.00564650394,0,0.0,0.0,0.0,0.0
1689998400000,166394.00564650394,166394.00564650394,0,0.0,0.0,0.0,0.0
1690012800000,166394.00564650394,166394.00564650394,0,0.0,0.0,0.0,0.0
1690027200000,166394.00564650394,166394.00564650394,0,0.0,0.0,0.0,0.0
1690041600000,166394.00564650394,166394.00564650394,0,0.0,0.0,0.0,0.0
1690056000000,166394.00564650394,166394.00564650394,0,0.0,0.0,0.0,0.0
1690070400000,166394.00564650394,166394.00564650394,0,0.0,0.0,0.0,0.0
1690084800000,166394.00564650394,166394.00564650394,0,0.0,0.0,0.0,0.0
1690099200000,166394.00564650394,166394.00564650394,0,0.0,0.0,0.0,0.0
1690113600000,166394.00564650394,166394.00564650394,0,0.0,0.0,0.0,0.0
1690128000000,166394.00564650394,166394.00564650394,0,0.0,0.0,0.0,0.0
1690142400000,166394.00564650394,166394.00564650394,0,0.0,0.0,0.0,0.0
1690156800000,166394.00564650394,166394.00564650394,0,0.0,0.0,0.0,0.0
1690171200000,166394.00564650394,166394.00564650394,0,0.0,0.0,0.0,0.0
1690185600000,166394.00564650394,166394.00564650394,0,0.0,0.0,0.0,0.0
1690200000000,166394.00564650394,166394.00564650394,0,0.0,0.0,0.0,0.0
1690214400000,168339.21639209587,166227.205506662,1,331488.26879846567,3327.880112930079,3327.880112930079,331488.26879846567
1690228800000,167066.95015588077,166227.205506662,1,332760.5350346808,3327.880112930079,3327.880112930079,332760.5350346808
1690243200000,165654.87444315848,166227.205506662,1,334172.6107474031,3327.880112930079,3327.880112930079,334172.6107474031
1690257600000,166158.18855858425,166227.205506662,1,333669.2966319773,3327.880112930079,3327.880112930079,333669.2966319773
1690272000000,168017.6545961294,166227.205506662,1,331809.8305944322,3327.880112930079,3327.880112930079,331809.8305944322
1690286400000,166900.59988728276,166256.58850517403,1,332956.2683017908,3327.880112930079,3327.880112930079,332956.2683017908
1690300800000,167935.19001343573,166256.58850517403,1,331921.67817563785,3327.880112930079,3327.880112930079,331921.67817563785
1690315200000,168061.01854229218,166256.58850517403,1,331795.8496467814,3327.880112930079,3327.880112930079,331795.8496467814
1690329600000,167306.0473691535,166256.58850517403,1,332550.8208199201,3327.880112930079,3327.880112930079,332550.8208199201
1690344000000,166439.22861480917,166256.58850517403,1,333417.6395742644,3327.880112930079,3327.880112930079,333417.6395742644
1690358400000,167459.8377933114,166256.58850517403,1,332397.0303957622,3327.880112930079,3327.880112930079,332397.0303957622
1690372800000,168453.11324675288,166257.2166754147,1,331404.38311256137,3327.880112930079,3327.880112930079,331404.38311256137
1690387200000,166733.45668571483,166257.2166754147,1,333124.0396735994,3327.880112930079,3327.880112930079,333124.0396735994
1690401600000,164902.0649222726,164902.0649222726,0,0.0,0.0,0.0,0.0
1690416000000,164902.0649222726,164902.0649222726,0,0.0,0.0,0.0,0.0
1690430400000,164902.0649222726,164902.0649222726,0,0.0,0.0,0.0,0.0
1690444800000,164902.0649222726,164902.0649222726,0,0.0,0.0,0.0,0.0
1690459200000,164902.0649222726,164902.0649222726,0,0.0,0.0,0.0,0.0
1690473600000,164902.0649222726,164902.0649222726,0,0.0,0.0,0.0,0.0
1690488000000,164902.0649222726,164902.0649222726,0,0.0,0.0,0.0,0.0
1690502400000,164902.0649222726,164902.0649222726,0,0.0,0.0,0.0,0.0
1690516800000,164902.0649222726,164902.0649222726,0,0.0,0.0,0.0,0.0
1690531200000,164902.0649222726,164902.0649222726,0,0.0,0.0,0.0,0.0
1690545600000,164902.0649222726,164902.0649222726,0,0.0,0.0,0.0,0.0
1690560000000,164902.0649222726,164902.0649222726,0,0.0,0.0,0.0,0.0
1690574400000,164902.0649222726,164902.0649222726,0,0.0,0.0,0.0,0.0
1690588800000,164902.0649222726,164902.0649222726,0,0.0,0.0,0.0,0.0
1690603200000,164902.0649222726,164902.0649222726,0,0.0,0.0,0.0,0.0
1690617600000,164902.0649222726,164902.0649222726,0,0.0,0.0,0.0,0.0
1690632000000,164902.0649222726,164902.0649222726,0,0.0,0.0,0.0,0.0
1690646400000,164902.0649222726,164902.0649222726,0,0.0,0.0,0.0,0.0
1690660800000,164902.0649222726,164902.0649222726,0,0.0,0.0,0.0,0.0
1690675200000,164902.0649222726,164902.0649222726,0,0.0,0.0,0.0,0.0
1690689600000,164902.0649222726,164902.0649222726,0,0.0,0.0,0.0,0.0
1690704000000,164902.0649222726,164902.0649222726,0,0.0,0.0,0.0,0.0
1690718400000,164902.0649222726,164902.0649222726,0,0.0,0.0,0.0,0.0
1690732800000,164902.0649222726,164902.0649222726,0,0.0,0.0,0.0,0.0
1690747200000,164902.0649222726,164902.0649222726,0,0.0,0.0,0.0,0.0
1690761600000,164902.0649222726,164902.0649222726,0,0.0,0.0,0.0,0.0
1690776000000,164902.0649222726,164902.0649222726,0,0.0,0.0,0.0,0.0
1690790400000,164902.0649222726,164902.0649222726,0,0.0,0.0,0.0,0.0
1690804800000,164902.0649222726,164902.0649222726,0,0.0,0.0,0.0,0.0
1690819200000,164902.0649222726,164902.0649222726,0,0.0,0.0,0.0,0.0
1690833600000,166729.88940980908,164776.92252416845,1,248331.82932270542,3298.041298445453,3298.041298445453,248331.82932270542
1690848000000,166341.44606658572,164776.92252416845,1,248720.2726659288,3298.041298445453,3298.041298445453,248720.2726659288
1690862400000,170867.94065359596,167929.81832749757,1,122204.27577807466,1649.0206492227264,1649.0206492227264,122204.27577807466
1690876800000,166781.11370343398,167565.07983865446,3,855403.341925579,7034.590062453995,7034.590062453995,855403.341925579
1690891200000,167475.99129792853,168983.91995233437,2,730984.9063405914,5385.569413231268,5385.569413231268,730984.9063405914
1690905600000,165397.03755021899,168983.91995233437,2,733063.8600883009,5385.569413231268,5385.569413231268,733063.8600883009
1690920000000,163493.93787702292,163493.93787702292,0,0.0,0.0,0.0,0.0
1690934400000,163493.93787702292,163493.93787702292,0,0.0,0.0,0.0,0.0
1690948800000,163493.93787702292,163493.93787702292,0,0.0,0.0,0.0,0.0
1690963200000,163493.93787702292,163493.93787702292,0,0.0,0.0,0.0,0.0
1690977600000,163493.93787702292,163493.93787702292,0,0.0,0.0,0.0,0.0
1690992000000,163493.93787702292,163493.93787702292,0,0.0,0.0,0.0,0.0
1691006400000,163493.93787702292,163493.93787702292,0,0.0,0.0,0.0,0.0
1691020800000,163493.93787702292,163493.93787702292,0,0.0,0.0,0.0,0.0
1691035200000,163493.93787702292,163493.93787702292,0,0.0,0.0,0.0,0.0
1691049600000,163493.93787702292,163493.93787702292,0,0.0,0.0,0.0,0.0
1691064000000,163493.93787702292,163493.93787702292,0,0.0,0.0,0.0,0.0
1691078400000,163493.93787702292,163493.93787702292,0,0.0,0.0,0.0,0.0
1691092800000,163493.93787702292,163493.93787702292,0,0.0,0.0,0.0,0.0
1691107200000,163493.93787702292,163493.93787702292,0,0.0,0.0,0.0,0.0
1691121600000,163493.93787702292,163493.93787702292,0,0.0,0.0,0.0,0.0
1691136000000,163493.93787702292,163493.93787702292,0,0.0,0.0,0.0,0.0
1691150400000,163493.93787702292,163493.93787702292,0,0.0,0.0,0.0,0.0
1691164800000,163493.93787702292,163493.93787702292,0,0.0,0.0,0.0,0.0
1691179200000,163493.93787702292,163493.93787702292,0,0.0,0.0,0.0,0.0
1691193600000,163493.93787702292,163493.93787702292,0,0.0,0.0,0.0,0.0
1691208000000,163493.93787702292,163493.93787702292,0,0.0,0.0,0.0,0.0
1691222400000,163493.93787702292,163493.93787702292,0,0.0,0.0,0.0,0.0
1691236800000,163493.93787702292,163493.93787702292,0,0.0,0.0,0.0,0.0
1691251200000,163493.93787702292,163493.93787702292,0,0.0,0.0,0.0,0.0
1691265600000,163493.93787702292,163493.93787702292,0,0.0,0.0,0.0,0.0
1691280000000,163493.93787702292,163493.93787702292,0,0.0,0.0,0.0,0.0
1691294400000,163493.93787702292,163493.93787702292,0,0.0,0.0,0.0,0.0
1691308800000,163493.93787702292,163493.93787702292,0,0.0,0.0,0.0,0.0
1691323200000,163493.93787702292,163493.93787702292,0,0.0,0.0,0.0,0.0
1691337600000,163493.93787702292,163493.93787702292,0,0.0,0.0,0.0,0.0
1691352000000,163493.93787702292,163493.93787702292,0,0.0,0.0,0.0,0.0
1691366400000,163493.93787702292,163493.93787702292,0,0.0,0.0,0.0,0.0
1691380800000,163493.93787702292,163493.93787702292,0,0.0,0.0,0.0,0.0
1691395200000,163493.93787702292,163493.93787702292,0,0.0,0.0,0.0,0.0
1691409600000,163493.93787702292,163493.93787702292,0,0.0,0.0,0.0,0.0
1691424000000,163493.93787702292,163493.93787702292,0,0.0,0.0,0.0,0.0
1691438400000,157181.92235577246,157181.92235577246,0,0.0,0.0,0.0,0.0
1691452800000,155558.3175058844,157074.7952039702,1,215770.78130259606,3143.6384471154493,3143.6384471154493,215770.78130259606
1691467200000,155349.77672281882,157088.7749928908,1,215993.30187458228,3143.6384471154493,3143.6384471154493,215993.30187458228
1691481600000,153727.68425423824,153727.68425423824,0,0.0,0.0,0.0,0.0
1691496000000,153727.68425423824,153727.68425423824,0,0.0,0.0,0.0,0.0
1691510400000,153727.68425423824,153727.68425423824,0,0.0,0.0,0.0,0.0
1691524800000,153727.68425423824,153727.68425423824,0,0.0,0.0,0.0,0.0
1691539200000,153727.68425423824,153727.68425423824,0,0.0,0.0,0.0,0.0
1691553600000,153727.68425423824,153727.68425423824,0,0.0,0.0,0.0,0.0
1691568000000,154751.15417495943,153674.68280950788,1,107079.36082617467,3074.5536850847648,0.0,0.0
1691582400000,156023.74099194797,153673.91701557222,1,108352.71343709885,3074.5536850847648,0.0,0.0
1691596800000,154732.94519457276,153673.91701557222,1,107061.91763972366,3074.5536850847648,0.0,0.0
1691611200000,153614.1318497394,153667.10680699116,1,105949.91450347139,3074.5536850847648,0.0,0.0
1691625600000,153958.63478214698,153667.10680699116,1,106294.41743587896,3074.5536850847648,0.0,0.0
1691640000000,153333.1330180051,153656.47736524756,1,105679.54511348065,3074.5536850847648,0.0,0.0
1691654400000,153695.07913686367,153656.47736524756,1,106041.49123233922,3074.5536850847648,0.0,0.0
1691668800000,154028.97695863593,153645.87225461227,1,106385.9941647468,3074.5536850847648,0.0,0.0
1691683200000,154696.1788403873,153645.87225461227,1,107053.19604649815,3074.5536850847648,0.0,0.0
1691697600000,154842.46236365376,153635.16709981958,1,107210.1847245573,3074.5536850847648,0.0,0.0
1691712000000,154968.9254654236,153635.16709981958,1,107336.64782632717,3074.5536850847648,0.0,0.0
1691726400000,155251.35188887746,153629.78094683166,1,107624.46040276893,3074.5536850847648,0.0,0.0
1691740800000,154422.8005324542,153629.78094683166,1,106795.90904634567,3074.5536850847648,0.0,0.0
1691755200000,154582.1916062172,153619.10095269725,1,106965.98011424308,3074.5536850847648,0.0,0.0
1691769600000,154634.52116557024,153619.10095269725,1,107018.30967359613,3074.5536850847648,0.0,0.0
1691784000000,154222.62483496594,153608.3979104663,1,106617.11638522276,3074.5536850847648,0.0,0.0
1691798400000,154937.7954794576,153608.3979104663,1,107332.28702971441,3074.5536850847648,0.0,0.0
1691812800000,154281.66478814668,153597.665117843,1,106686.88913102682,3074.5536850847648,0.0,0.0
1691827200000,154175.00457073795,154175.00457073795,0,0.0,0.0,0.0,0.0
1691841600000,154175.00457073795,154175.00457073795,0,0.0,0.0,0.0,0.0
1691856000000,154175.00457073795,154175.00457073795,0,0.0,0.0,0.0,0.0
1691870400000,154175.00457073795,154175.00457073795,0,0.0,0.0,0.0,0.0
1691884800000,154175.00457073795,154175.00457073795,0,0.0,0.0,0.0,0.0
1691899200000,154175.00457073795,154175.00457073795,0,0.0,0.0,0.0,0.0
1691913600000,154175.00457073795,154175.00457073795,0,0.0,0.0,0.0,0.0
1691928000000,154175.00457073795,154175.00457073795,0,0.0,0.0,0.0,0.0
1691942400000,154175.00457073795,154175.00457073795,0,0.0,0.0,0.0,0.0
1691956800000,154175.00457073795,154175.00457073795,0,0.0,0.0,0.0,0.0
1691971200000,154175.00457073795,154175.00457073795,0,0.0,0.0,0.0,0.0
1691985600000,151128.79306615508,153791.23933217875,2,770192.923384455,4586.677350578469,4586.677350578469,770192.923384455
1692000000000,149392.6120462419,150096.5696448134,1,160301.09306826026,1503.1772591637093,1503.1772591637093,160301.09306826026
1692014400000,149681.69426687076,150112.59975412022,1,160028.04095693826,1503.1772591637093,1503.1772591637093,160028.04095693826
1692028800000,148448.2819071495,148448.2819071495,0,0.0,0.0,0.0,0.0
1692043200000,148448.2819071495,148448.2819071495,0,0.0,0.0,0.0,0.0
1692057600000,148448.2819071495,148448.2819071495,0,0.0,0.0,0.0,0.0
1692072000000,148448.2819071495,148448.2819071495,0,0.0,0.0,0.0,0.0
1692086400000,148448.2819071495,148448.2819071495,0,0.0,0.0,0.0,0.0
1692100800000,148448.2819071495,148448.2819071495,0,0.0,0.0,0.0,0.0
1692115200000,147186.95551453624,148169.00011911185,1,559545.6206798615,2968.96563814299,2968.96563814299,559545.6206798615
1692129600000,150582.23224816512,150582.23224816512,0,0.0,0.0,0.0,0.0
1692144000000,149360.66701060702,150207.2077351206,2,750895.5668135341,4306.347414552498,4306.347414552498,750895.5668135341
1692158400000,148965.68869743793,150276.05262650366,2,751359.3900180863,4306.347414552498,4306.347414552498,751359.3900180863
1692172800000,149698.2338922107,150276.05262650366,2,750626.8448233134,4306.347414552498,4306.347414552498,750626.8448233134
1692187200000,150572.6604915541,150349.9413887305,2,749826.3069861969,4306.347414552498,4306.347414552498,749826.3069861969
1692201600000,152175.63318012306,150349.9413887305,2,748223.334297628,4306.347414552498,4306.347414552498,748223.334297628
1692216000000,152081.40021734338,150424.7657856337,2,748392.3916573108,4306.347414552498,4306.347414552498,748392.3916573108
1692230400000,159496.38736952143,154360.30235501484,2,369888.4280300037,2153.173707276249,2153.173707276249,369888.4280300037
1692244800000,160761.18177759086,154397.2929559916,2,368660.624222911,2153.173707276249,2153.173707276249,368660.624222911
1692259200000,160710.3608570691,155849.95979903865,1,255262.72549158055,1505.8223224816513,1505.8223224816513,255262.72549158055
1692273600000,161387.13718698206,155875.4874321744,1,254611.47679480337,1505.8223224816513,1505.8223224816513,254611.47679480337
1692288000000,166910.26140855398,155875.4874321744,1,249088.35257323147,1505.8223224816513,1505.8223224816513,249088.35257323147
1692302400000,167216.188427866,155900.39617821958,1,248807.3342999646,1505.8223224816513,1505.8223224816513,248807.3342999646
1692316800000,178632.6672945202,155900.39617821958,1,237390.85543331044,1505.8223224816513,1505.8223224816513,237390.85543331044
1692331200000,178418.95651931295,178418.95651931295,0,0.0,0.0,0.0,0.0
1692345600000,178418.95651931295,178418.95651931295,0,0.0,0.0,0.0,0.0
1692360000000,178418.95651931295,178418.95651931295,0,0.0,0.0,0.0,0.0
1692374400000,178418.95651931295,178418.95651931295,0,0.0,0.0,0.0,0.0
1692388800000,178418.95651931295,178418.95651931295,0,0.0,0.0,0.0,0.0
1692403200000,178418.95651931295,178418.95651931295,0,0.0,0.0,0.0,0.0
1692417600000,178418.95651931295,178418.95651931295,0,0.0,0.0,0.0,0.0
1692432000000,178418.95651931295,178418.95651931295,0,0.0,0.0,0.0,0.0
1692446400000,178418.95651931295,178418.95651931295,0,0.0,0.0,0.0,0.0
1692460800000,178418.95651931295,178418.95651931295,0,0.0,0.0,0.0,0.0
1692475200000,178418.95651931295,178418.95651931295,0,0.0,0.0,0.0,0.0
1692489600000,178418.95651931295,178418.95651931295,0,0.0,0.0,0.0,0.0
1692504000000,178418.95651931295,178418.95651931295,0,0.0,0.0,0.0,0.0
1692518400000,178418.95651931295,178418.95651931295,0,0.0,0.0,0.0,0.0
1692532800000,178418.95651931295,178418.95651931295,0,0.0,0.0,0.0,0.0
1692547200000,178418.95651931295,178418.95651931295,0,0.0,0.0,0.0,0.0
1692561600000,178418.95651931295,178418.95651931295,0,0.0,0.0,0.0,0.0
1692576000000,178418.95651931295,178418.95651931295,0,0.0,0.0,0.0,0.0
1692590400000,178418.95651931295,178418.95651931295,0,0.0,0.0,0.0,0.0
1692604800000,178418.95651931295,178418.95651931295,0,0.0,0.0,0.0,0.0
1692619200000,178418.95651931295,178418.95651931295,0,0.0,0.0,0.0,0.0
1692633600000,178418.95651931295,178418.95651931295,0,0.0,0.0,0.0,0.0
1692648000000,178418.95651931295,178418.95651931295,0,0.0,0.0,0.0,0.0
1692662400000,178418.95651931295,178418.95651931295,0,0.0,0.0,0.0,0.0
1692676800000,178418.95651931295,178418.95651931295,0,0.0,0.0,0.0,0.0
1692691200000,178418.95651931295,178418.95651931295,0,0.0,0.0,0.0,0.0
1692705600000,178418.95651931295,178418.95651931295,0,0.0,0.0,0.0,0.0
1692720000000,178418.95651931295,178418.95651931295,0,0.0,0.0,0.0,0.0
1692734400000,178418.95651931295,178418.95651931295,0,0.0,0.0,0.0,0.0
1692748800000,178418.95651931295,178418.95651931295,0,0.0,0.0,0.0,0.0
1692763200000,178418.95651931295,178418.95651931295,0,0.0,0.0,0.0,0.0
1692777600000,178418.95651931295,178418.95651931295,0,0.0,0.0,0.0,0.0
1692792000000,178418.95651931295,178418.95651931295,0,0.0,0.0,0.0,0.0
1692806400000,178418.95651931295,178418.95651931295,0,0.0,0.0,0.0,0.0
1692820800000,178418.95651931295,178418.95651931295,0,0.0,0.0,0.0,0.0
1692835200000,178418.95651931295,178418.95651931295,0,0.0,0.0,0.0,0.0
1692849600000,178418.95651931295,178418.95651931295,0,0.0,0.0,0.0,0.0
1692864000000,178418.95651931295,178418.95651931295,0,0.0,0.0,0.0,0.0
1692878400000,178418.95651931295,178418.95651931295,0,0.0,0.0,0.0,0.0
1692892800000,178418.95651931295,178418.95651931295,0,0.0,0.0,0.0,0.0
1692907200000,178418.95651931295,178418.95651931295,0,0.0,0.0,0.0,0.0
1692921600000,178418.95651931295,178418.95651931295,0,0.0,0.0,0.0,0.0
1692936000000,178418.95651931295,178418.95651931295,0,0.0,0.0,0.0,0.0
1692950400000,178418.95651931295,178418.95651931295,0,0.0,0.0,0.0,0.0
1692964800000,178418.95651931295,178418.95651931295,0,0.0,0.0,0.0,0.0
1692979200000,178418.95651931295,178418.95651931295,0,0.0,0.0,0.0,0.0
1692993600000,178418.95651931295,178418.95651931295,0,0.0,0.0,0.0,0.0
1693008000000,178418.95651931295,178418.95651931295,0,0.0,0.0,0.0,0.0
1693022400000,178418.95651931295,178418.95651931295,0,0.0,0.0,0.0,0.0
1693036800000,178418.95651931295,178418.95651931295,0,0.0,0.0,0.0,0.0
1693051200000,178418.95651931295,178418.95651931295,0,0.0,0.0,0.0,0.0
1693065600000,178418.95651931295,178418.95651931295,0,0.0,0.0,0.0,0.0
1693080000000,178418.95651931295,178418.95651931295,0,0.0,0.0,0.0,0.0
1693094400000,178418.95651931295,178418.95651931295,0,0.0,0.0,0.0,0.0
1693108800000,178418.95651931295,178418.95651931295,0,0.0,0.0,0.0,0.0
1693123200000,178418.95651931295,178418.95651931295,0,0.0,0.0,0.0,0.0
1693137600000,178418.95651931295,178418.95651931295,0,0.0,0.0,0.0,0.0
1693152000000,178418.95651931295,178418.95651931295,0,0.0,0.0,0.0,0.0
1693166400000,178418.95651931295,178418.95651931295,0,0.0,0.0,0.0,0.0
1693180800000,178418.95651931295,178418.95651931295,0,0.0,0.0,0.0,0.0
1693195200000,178418.95651931295,178418.95651931295,0,0.0,0.0,0.0,0.0
1693209600000,178418.95651931295,178418.95651931295,0,0.0,0.0,0.0,0.0
1693224000000,178418.95651931295,178418.95651931295,0,0.0,0.0,0.0,0.0
1693238400000,178418.95651931295,178418.95651931295,0,0.0,0.0,0.0,0.0
1693252800000,178418.95651931295,178418.95651931295,0,0.0,0.0,0.0,0.0
1693267200000,178418.95651931295,178418.95651931295,0,0.0,0.0,0.0,0.0
1693281600000,178418.95651931295,178418.95651931295,0,0.0,0.0,0.0,0.0
1693296000000,178418.95651931295,178418.95651931295,0,0.0,0.0,0.0,0.0
1693310400000,178339.57608755343,178295.05295279057,1,247762.6099100064,3568.379130386259,3568.379130386259,247762.6099100064
1693324800000,174475.23546635112,174475.23546635112,0,0.0,0.0,0.0,0.0
1693339200000,174475.23546635112,174475.23546635112,0,0.0,0.0,0.0,0.0
1693353600000,174475.23546635112,174475.23546635112,0,0.0,0.0,0.0,0.0
1693368000000,174475.23546635112,174475.23546635112,0,0.0,0.0,0.0,0.0
1693382400000,174475.23546635112,174475.23546635112,0,0.0,0.0,0.0,0.0
1693396800000,174475.23546635112,174475.23546635112,0,0.0,0.0,0.0,0.0
1693411200000,174475.23546635112,174475.23546635112,0,0.0,0.0,0.0,0.0
1693425600000,174475.23546635112,174475.23546635112,0,0.0,0.0,0.0,0.0
1693440000000,174475.23546635112,174475.23546635112,0,0.0,0.0,0.0,0.0
1693454400000,174475.23546635112,174475.23546635112,0,0.0,0.0,0.0,0.0
1693468800000,174475.23546635112,174475.23546635112,0,0.0,0.0,0.0,0.0
1693483200000,174475.23546635112,174475.23546635112,0,0.0,0.0,0.0,0.0
1693497600000,174475.23546635112,174475.23546635112,0,0.0,0.0,0.0,0.0
1693512000000,174475.23546635112,174475.23546635112,0,0.0,0.0,0.0,0.0
1693526400000,174475.23546635112,174475.23546635112,0,0.0,0.0,0.0,0.0
1693540800000,174475.23546635112,174475.23546635112,0,0.0,0.0,0.0,0.0
1693555200000,174475.23546635112,174475.23546635112,0,0.0,0.0,0.0,0.0
1693569600000,174475.23546635112,174475.23546635112,0,0.0,0.0,0.0,0.0
1693584000000,174475.23546635112,174475.23546635112,0,0.0,0.0,0.0,0.0
1693598400000,174475.23546635112,174475.23546635112,0,0.0,0.0,0.0,0.0
1693612800000,174475.23546635112,174475.23546635112,0,0.0,0.0,0.0,0.0
1693627200000,174475.23546635112,174475.23546635112,0,0.0,0.0,0.0,0.0
1693641600000,174475.23546635112,174475.23546635112,0,0.0,0.0,0.0,0.0
1693656000000,174475.23546635112,174475.23546635112,0,0.0,0.0,0.0,0.0
1693670400000,174475.23546635112,174475.23546635112,0,0.0,0.0,0.0,0.0
1693684800000,174475.23546635112,174475.23546635112,0,0.0,0.0,0.0,0.0
1693699200000,174475.23546635112,174475.23546635112,0,0.0,0.0,0.0,0.0
1693713600000,174475.23546635112,174475.23546635112,0,0.0,0.0,0.0,0.0
1693728000000,174475.23546635112,174475.23546635112,0,0.0,0.0,0.0,0.0
1693742400000,174475.23546635112,174475.23546635112,0,0.0,0.0,0.0,0.0
1693756800000,174475.23546635112,174475.23546635112,0,0.0,0.0,0.0,0.0
1693771200000,174475.23546635112,174475.23546635112,0,0.0,0.0,0.0,0.0
1693785600000,174475.23546635112,174475.23546635112,0,0.0,0.0,0.0,0.0
1693800000000,174475.23546635112,174475.23546635112,0,0.0,0.0,0.0,0.0
1693814400000,174475.23546635112,174475.23546635112,0,0.0,0.0,0.0,0.0
1693828800000,174475.23546635112,174475.23546635112,0,0.0,0.0,0.0,0.0
1693843200000,174475.23546635112,174475.23546635112,0,0.0,0.0,0.0,0.0
1693857600000,174475.23546635112,174475.23546635112,0,0.0,0.0,0.0,0.0
1693872000000,174475.23546635112,174475.23546635112,0,0.0,0.0,0.0,0.0
1693886400000,174475.23546635112,174475.23546635112,0,0.0,0.0,0.0,0.0
1693900800000,172530.66088866288,174348.8139682839,1,254661.14921402847,3489.5047093270223,3489.5047093270223,254661.14921402847
1693915200000,170592.9518595784,170592.9518595784,0,0.0,0.0,0.0,0.0
1693929600000,170592.9518595784,170592.9518595784,0,0.0,0.0,0.0,0.0
1693944000000,170592.9518595784,170592.9518595784,0,0.0,0.0,0.0,0.0
1693958400000,170592.9518595784,170592.9518595784,0,0.0,0.0,0.0,0.0
1693972800000,170592.9518595784,170592.9518595784,0,0.0,0.0,0.0,0.0
1693987200000,170592.9518595784,170592.9518595784,0,0.0,0.0,0.0,0.0
1694001600000,170592.9518595784,170592.9518595784,0,0.0,0.0,0.0,0.0
1694016000000,170592.9518595784,170592.9518595784,0,0.0,0.0,0.0,0.0
1694030400000,170592.9518595784,170592.9518595784,0,0.0,0.0,0.0,0.0
1694044800000,170592.9518595784,170592.9518595784,0,0.0,0.0,0.0,0.0
1694059200000,170592.9518595784,170592.9518595784,0,0.0,0.0,0.0,0.0
1694073600000,170592.9518595784,170592.9518595784,0,0.0,0.0,0.0,0.0
1694088000000,170592.9518595784,170592.9518595784,0,0.0,0.0,0.0,0.0
1694102400000,170592.9518595784,170592.9518595784,0,0.0,0.0,0.0,0.0
1694116800000,170592.9518595784,170592.9518595784,0,0.0,0.0,0.0,0.0
1694131200000,170592.9518595784,170592.9518595784,0,0.0,0.0,0.0,0.0
1694145600000,170592.9518595784,170592.9518595784,0,0.0,0.0,0.0,0.0
1694160000000,170592.9518595784,170592.9518595784,0,0.0,0.0,0.0,0.0
1694174400000,170592.9518595784,170592.9518595784,0,0.0,0.0,0.0,0.0
1694188800000,169889.51239323049,170456.5708113269,1,273329.15492107504,3411.859037191568,3411.859037191568,273329.15492107504
1694203200000,170606.8155397585,170420.30795374006,1,272575.5889169602,3411.859037191568,3411.859037191568,272575.5889169602
1694217600000,169530.29267673733,170420.30795374006,1,273652.11177998135,3411.859037191568,3411.859037191568,273652.11177998135
1694232000000,169061.79092361065,170382.41534582188,1,274082.72092518985,3411.859037191568,3411.859037191568,274082.72092518985
1694246400000,168308.2249194958,170382.41534582188,1,274836.28692930465,3411.859037191568,3411.859037191568,274836.28692930465
1694260800000,169064.80882686668,170385.4332490779,1,274082.72092518985,3411.859037191568,3411.859037191568,274082.72092518985
1694275200000,169710.7225446794,170385.4332490779,1,273436.8072073771,3411.859037191568,3411.859037191568,273436.8072073771
1694289600000,170461.45173913887,170382.5964394226,1,272683.24120326235,3411.859037191568,3411.859037191568,272683.24120326235
1694304000000,170784.40859804524,170382.5964394226,1,272360.284344356,3411.859037191568,3411.859037191568,272360.284344356
1694318400000,173295.43866817286,170309.9716382994,1,269776.62947310513,3411.859037191568,3411.859037191568,269776.62947310513
1694332800000,175727.4754767288,173588.8282439794,1,134242.40101873988,1705.929518595784,1705.929518595784,134242.40101873988
1694347200000,180177.473839533,175328.6297794106,3,591273.1211064233,8812.48712121078,8812.48712121078,591273.1211064233
1694361600000,186167.8631583985,180471.3866827665,3,426957.807969105,6162.00553991354,6162.00553991354,426957.807969105
1694376000000,186639.65002347843,183579.57781679207,4,687070.2899698993,8129.174898171532,8129.174898171532,687070.2899698993
1694390400000,182009.3856878863,179485.69413065724,2,203202.90956991573,2648.6344317652574,2648.6344317652574,203202.90956991573
1694404800000,181933.1911703765,179484.1302051849,2,203277.5401619532,2648.6344317652574,2648.6344317652574,203277.5401619532
1694419200000,180546.17582128354,179484.1302051849,2,204664.55551104614,2648.6344317652574,2648.6344317652574,204664.55551104614
1694433600000,193904.18352091243,182817.70076074544,3,337911.23460565007,4454.038229721198,4454.038229721198,337911.23460565007
1694448000000,192314.46080024264,188153.9979631157,1,130432.83902433726,1755.7619793081503,1755.7619793081503,130432.83902433726
1694462400000,193420.88013038237,188154.68677626055,1,129327.10850734237,1755.7619793081503,1755.7619793081503,129327.10850734237
1694476800000,191708.0818785668,188154.68677626055,1,131039.90675915797,1755.7619793081503,1755.7619793081503,131039.90675915797
1694491200000,190167.71014560477,190167.71014560477,0,0.0,0.0,0.0,0.0
1694505600000,190167.71014560477,190167.71014560477,0,0.0,0.0,0.0,0.0
1694520000000,190167.71014560477,190167.71014560477,0,0.0,0.0,0.0,0.0
1694534400000,190167.71014560477,190167.71014560477,0,0.0,0.0,0.0,0.0
1694548800000,190167.71014560477,190167.71014560477,0,0.0,0.0,0.0,0.0
1694563200000,190167.71014560477,190167.71014560477,0,0.0,0.0,0.0,0.0
1694577600000,190167.71014560477,190167.71014560477,0,0.0,0.0,0.0,0.0
1694592000000,190167.71014560477,190167.71014560477,0,0.0,0.0,0.0,0.0
1694606400000,190167.71014560477,190167.71014560477,0,0.0,0.0,0.0,0.0
1694620800000,190167.71014560477,190167.71014560477,0,0.0,0.0,0.0,0.0
1694635200000,190167.71014560477,190167.71014560477,0,0.0,0.0,0.0,0.0
1694649600000,190167.71014560477,190167.71014560477,0,0.0,0.0,0.0,0.0
1694664000000,190167.71014560477,190167.71014560477,0,0.0,0.0,0.0,0.0
1694678400000,190167.71014560477,190167.71014560477,0,0.0,0.0,0.0,0.0
1694692800000,190167.71014560477,190167.71014560477,0,0.0,0.0,0.0,0.0
1694707200000,190167.71014560477,190167.71014560477,0,0.0,0.0,0.0,0.0
1694721600000,190167.71014560477,190167.71014560477,0,0.0,0.0,0.0,0.0
1694736000000,190167.71014560477,190167.71014560477,0,0.0,0.0,0.0,0.0
1694750400000,190167.71014560477,190167.71014560477,0,0.0,0.0,0.0,0.0
1694764800000,190167.71014560477,190167.71014560477,0,0.0,0.0,0.0,0.0
1694779200000,190167.71014560477,190167.71014560477,0,0.0,0.0,0.0,0.0
1694793600000,190167.71014560477,190167.71014560477,0,0.0,0.0,0.0,0.0
1694808000000,190167.71014560477,190167.71014560477,0,0.0,0.0,0.0,0.0
1694822400000,190167.71014560477,190167.71014560477,0,0.0,0.0,0.0,0.0
1694836800000,190167.71014560477,190167.71014560477,0,0.0,0.0,0.0,0.0
1694851200000,190167.71014560477,190167.71014560477,0,0.0,0.0,0.0,0.0
1694865600000,190167.71014560477,190167.71014560477,0,0.0,0.0,0.0,0.0
1694880000000,190167.71014560477,190167.71014560477,0,0.0,0.0,0.0,0.0
1694894400000,190167.71014560477,190167.71014560477,0,0.0,0.0,0.0,0.0
1694908800000,190167.71014560477,190167.71014560477,0,0.0,0.0,0.0,0.0
1694923200000,190167.71014560477,190167.71014560477,0,0.0,0.0,0.0,0.0
1694937600000,190167.71014560477,190167.71014560477,0,0.0,0.0,0.0,0.0
1694952000000,190167.71014560477,190167.71014560477,0,0.0,0.0,0.0,0.0
1694966400000,190167.71014560477,190167.71014560477,0,0.0,0.0,0.0,0.0
1694980800000,190167.71014560477,190167.71014560477,0,0.0,0.0,0.0,0.0
1694995200000,190167.71014560477,190167.71014560477,0,0.0,0.0,0.0,0.0
1695009600000,190167.71014560477,190167.71014560477,0,0.0,0.0,0.0,0.0
1695024000000,190167.71014560477,190167.71014560477,0,0.0,0.0,0.0,0.0
1695038400000,190167.71014560477,190167.71014560477,0,0.0,0.0,0.0,0.0
1695052800000,190167.71014560477,190167.71014560477,0,0.0,0.0,0.0,0.0
1695067200000,190167.71014560477,190167.71014560477,0,0.0,0.0,0.0,0.0
1695081600000,190167.71014560477,190167.71014560477,0,0.0,0.0,0.0,0.0
1695096000000,190167.71014560477,190167.71014560477,0,0.0,0.0,0.0,0.0
1695110400000,190167.71014560477,190167.71014560477,0,0.0,0.0,0.0,0.0
1695124800000,190167.71014560477,190167.71014560477,0,0.0,0.0,0.0,0.0
1695139200000,190167.71014560477,190167.71014560477,0,0.0,0.0,0.0,0.0
1695153600000,190167.71014560477,190167.71014560477,0,0.0,0.0,0.0,0.0
1695168000000,190167.71014560477,190167.71014560477,0,0.0,0.0,0.0,0.0
1695182400000,190167.71014560477,190167.71014560477,0,0.0,0.0,0.0,0.0
1695196800000,190167.71014560477,190167.71014560477,0,0.0,0.0,0.0,0.0
1695211200000,190167.71014560477,190167.71014560477,0,0.0,0.0,0.0,0.0
1695225600000,190167.71014560477,190167.71014560477,0,0.0,0.0,0.0,0.0
1695240000000,190167.71014560477,190167.71014560477,0,0.0,0.0,0.0,0.0
1695254400000,190167.71014560477,190167.71014560477,0,0.0,0.0,0.0,0.0
1695268800000,190167.71014560477,190167.71014560477,0,0.0,0.0,0.0,0.0
1695283200000,190167.71014560477,190167.71014560477,0,0.0,0.0,0.0,0.0
1695297600000,190167.71014560477,190167.71014560477,0,0.0,0.0,0.0,0.0
1695312000000,190167.71014560477,190167.71014560477,0,0.0,0.0,0.0,0.0
1695326400000,190167.71014560477,190167.71014560477,0,0.0,0.0,0.0,0.0
1695340800000,190167.71014560477,190167.71014560477,0,0.0,0.0,0.0,0.0
1695355200000,190167.71014560477,190167.71014560477,0,0.0,0.0,0.0,0.0
1695369600000,190167.71014560477,190167.71014560477,0,0.0,0.0,0.0,0.0
1695384000000,190167.71014560477,190167.71014560477,0,0.0,0.0,0.0,0.0
1695398400000,190167.71014560477,190167.71014560477,0,0.0,0.0,0.0,0.0
1695412800000,190167.71014560477,190167.71014560477,0,0.0,0.0,0.0,0.0
1695427200000,190167.71014560477,190167.71014560477,0,0.0,0.0,0.0,0.0
1695441600000,190167.71014560477,190167.71014560477,0,0.0,0.0,0.0,0.0
1695456000000,190167.71014560477,190167.71014560477,0,0.0,0.0,0.0,0.0
1695470400000,190167.71014560477,190167.71014560477,0,0.0,0.0,0.0,0.0
1695484800000,190167.71014560477,190167.71014560477,0,0.0,0.0,0.0,0.0
1695499200000,190167.71014560477,190167.71014560477,0,0.0,0.0,0.0,0.0
1695513600000,190167.71014560477,190167.71014560477,0,0.0,0.0,0.0,0.0
1695528000000,190167.71014560477,190167.71014560477,0,0.0,0.0,0.0,0.0
1695542400000,190167.71014560477,190167.71014560477,0,0.0,0.0,0.0,0.0
1695556800000,190167.71014560477,190167.71014560477,0,0.0,0.0,0.0,0.0
1695571200000,190167.71014560477,190167.71014560477,0,0.0,0.0,0.0,0.0
1695585600000,190167.71014560477,190167.71014560477,0,0.0,0.0,0.0,0.0
1695600000000,190167.71014560477,190167.71014560477,0,0.0,0.0,0.0,0.0
1695614400000,189766.1168611989,190018.12317746872,1,299425.9425883509,3803.354202912096,3803.354202912096,299425.9425883509
1695628800000,187729.0593329124,186902.2763036339,2,646256.2248148406,6051.747250426201,6051.747250426201,646256.2248148406
1695643200000,191648.52339395983,186940.6809526921,2,642375.1654028513,6051.747250426201,6051.747250426201,642375.1654028513
1695657600000,182077.55240042598,182523.73710095693,2,503965.7062774219,4858.519214740796,4858.519214740796,503965.7062774219
1695672000000,178727.76179091353,178727.76179091353,0,0.0,0.0,0.0,0.0
1695686400000,178727.76179091353,178727.76179091353,0,0.0,0.0,0.0,0.0
1695700800000,178727.76179091353,178727.76179091353,0,0.0,0.0,0.0,0.0
1695715200000,178727.76179091353,178727.76179091353,0,0.0,0.0,0.0,0.0
1695729600000,178727.76179091353,178727.76179091353,0,0.0,0.0,0.0,0.0
1695744000000,178727.76179091353,178727.76179091353,0,0.0,0.0,0.0,0.0
1695758400000,177474.55040904303,178594.67705368056,1,267289.60111059,3574.555235818271,3574.555235818271,267289.60111059
1695772800000,180421.57534327675,178594.67705368056,1,264342.57617635623,3574.555235818271,3574.555235818271,264342.57617635623
1695787200000,180358.0249405213,178614.5330169883,1,264425.98254241946,3574.555235818271,3574.555235818271,264425.98254241946
1695801600000,181511.81300439578,178614.5330169883,1,263272.194478545,3574.555235818271,3574.555235818271,263272.194478545
1695816000000,175967.61073586665,175967.61073586665,0,0.0,0.0,0.0,0.0
1695830400000,175967.61073586665,175967.61073586665,0,0.0,0.0,0.0,0.0
1695844800000,175967.61073586665,175967.61073586665,0,0.0,0.0,0.0,0.0
1695859200000,175967.61073586665,175967.61073586665,0,0.0,0.0,0.0,0.0
1695873600000,175967.61073586665,175967.61073586665,0,0.0,0.0,0.0,0.0
1695888000000,175967.61073586665,175967.61073586665,0,0.0,0.0,0.0,0.0
1695902400000,175967.61073586665,175967.61073586665,0,0.0,0.0,0.0,0.0
1695916800000,175967.61073586665,175967.61073586665,0,0.0,0.0,0.0,0.0
1695931200000,175967.61073586665,175967.61073586665,0,0.0,0.0,0.0,0.0
1695945600000,175967.61073586665,175967.61073586665,0,0.0,0.0,0.0,0.0
1695960000000,175967.61073586665,175967.61073586665,0,0.0,0.0,0.0,0.0
1695974400000,175967.61073586665,175967.61073586665,0,0.0,0.0,0.0,0.0
1695988800000,175967.61073586665,175967.61073586665,0,0.0,0.0,0.0,0.0
1696003200000,175967.61073586665,175967.61073586665,0,0.0,0.0,0.0,0.0
1696017600000,175967.61073586665,175967.61073586665,0,0.0,0.0,0.0,0.0
1696032000000,175967.61073586665,175967.61073586665,0,0.0,0.0,0.0,0.0
1696046400000,175967.61073586665,175967.61073586665,0,0.0,0.0,0.0,0.0
1696060800000,175967.61073586665,175967.61073586665,0,0.0,0.0,0.0,0.0
1696075200000,175967.61073586665,175967.61073586665,0,0.0,0.0,0.0,0.0
1696089600000,175967.61073586665,175967.61073586665,0,0.0,0.0,0.0,0.0
1696104000000,175967.61073586665,175967.61073586665,0,0.0,0.0,0.0,0.0
1696118400000,175967.61073586665,175967.61073586665,0,0.0,0.0,0.0,0.0
1696132800000,175967.61073586665,175967.61073586665,0,0.0,0.0,0.0,0.0
1696147200000,175967.61073586665,175967.61073586665,0,0.0,0.0,0.0,0.0
1696161600000,175967.61073586665,175967.61073586665,0,0.0,0.0,0.0,0.0
1696176000000,175967.61073586665,175967.61073586665,0,0.0,0.0,0.0,0.0
1696190400000,175967.61073586665,175967.61073586665,0,0.0,0.0,0.0,0.0
1696204800000,175967.61073586665,175967.61073586665,0,0.0,0.0,0.0,0.0
1696219200000,175967.61073586665,175967.61073586665,0,0.0,0.0,0.0,0.0
1696233600000,175967.61073586665,175967.61073586665,0,0.0,0.0,0.0,0.0
1696248000000,175967.61073586665,175967.61073586665,0,0.0,0.0,0.0,0.0
1696262400000,175967.61073586665,175967.61073586665,0,0.0,0.0,0.0,0.0
1696276800000,175967.61073586665,175967.61073586665,0,0.0,0.0,0.0,0.0
1696291200000,175967.61073586665,175967.61073586665,0,0.0,0.0,0.0,0.0
1696305600000,175967.61073586665,175967.61073586665,0,0.0,0.0,0.0,0.0
1696320000000,175967.61073586665,175967.61073586665,0,0.0,0.0,0.0,0.0
1696334400000,175967.61073586665,175967.61073586665,0,0.0,0.0,0.0,0.0
1696348800000,175967.61073586665,175967.61073586665,0,0.0,0.0,0.0,0.0
1696363200000,175967.61073586665,175967.61073586665,0,0.0,0.0,0.0,0.0
1696377600000,175967.61073586665,175967.61073586665,0,0.0,0.0,0.0,0.0
1696392000000,175967.61073586665,175967.61073586665,0,0.0,0.0,0.0,0.0
1696406400000,175967.61073586665,175967.61073586665,0,0.0,0.0,0.0,0.0
1696420800000,175967.61073586665,175967.61073586665,0,0.0,0.0,0.0,0.0
1696435200000,175967.61073586665,175967.61073586665,0,0.0,0.0,0.0,0.0
1696449600000,175967.61073586665,175967.61073586665,0,0.0,0.0,0.0,0.0
1696464000000,175967.61073586665,175967.61073586665,0,0.0,0.0,0.0,0.0
1696478400000,175967.61073586665,175967.61073586665,0,0.0,0.0,0.0,0.0
1696492800000,175967.61073586665,175967.61073586665,0,0.0,0.0,0.0,0.0
1696507200000,175967.61073586665,175967.61073586665,0,0.0,0.0,0.0,0.0
1696521600000,175967.61073586665,175967.61073586665,0,0.0,0.0,0.0,0.0
1696536000000,175967.61073586665,175967.61073586665,0,0.0,0.0,0.0,0.0
1696550400000,175967.61073586665,175967.61073586665,0,0.0,0.0,0.0,0.0
1696564800000,175967.61073586665,175967.61073586665,0,0.0,0.0,0.0,0.0
1696579200000,175967.61073586665,175967.61073586665,0,0.0,0.0,0.0,0.0
1696593600000,175967.61073586665,175967.61073586665,0,0.0,0.0,0.0,0.0
1696608000000,175967.61073586665,175967.61073586665,0,0.0,0.0,0.0,0.0
1696622400000,175967.61073586665,175967.61073586665,0,0.0,0.0,0.0,0.0
1696636800000,175967.61073586665,175967.61073586665,0,0.0,0.0,0.0,0.0
1696651200000,175967.61073586665,175967.61073586665,0,0.0,0.0,0.0,0.0
1696665600000,175967.61073586665,175967.61073586665,0,0.0,0.0,0.0,0.0
1696680000000,175967.61073586665,175967.61073586665,0,0.0,0.0,0.0,0.0
1696694400000,175967.61073586665,175967.61073586665,0,0.0,0.0,0.0,0.0
1696708800000,175967.61073586665,175967.61073586665,0,0.0,0.0,0.0,0.0
1696723200000,175967.61073586665,175967.61073586665,0,0.0,0.0,0.0,0.0
1696737600000,175967.61073586665,175967.61073586665,0,0.0,0.0,0.0,0.0
1696752000000,175967.61073586665,175967.61073586665,0,0.0,0.0,0.0,0.0
1696766400000,175967.61073586665,175967.61073586665,0,0.0,0.0,0.0,0.0
1696780800000,175967.61073586665,175967.61073586665,0,0.0,0.0,0.0,0.0
1696795200000,175967.61073586665,175967.61073586665,0,0.0,0.0,0.0,0.0
1696809600000,175967.61073586665,175967.61073586665,0,0.0,0.0,0.0,0.0
1696824000000,175967.61073586665,175967.61073586665,0,0.0,0.0,0.0,0.0
1696838400000,175967.61073586665,175967.61073586665,0,0.0,0.0,0.0,0.0
1696852800000,180495.12701466892,177500.6201743115,1,111204.61074004565,879.8380536793333,879.8380536793333,111204.61074004565
1696867200000,180603.40817309587,180195.7299299908,2,375921.66732763685,3608.2259536523607,3608.2259536523607,375921.66732763685
1696881600000,183414.21674378787,183445.79571355027,2,235354.16450370534,2708.5860847660742,2708.5860847660742,235354.16450370534
1696896000000,183025.20750178167,182915.01035748635,1,178639.66456882487,1834.4001490768546,1834.4001490768546,178639.66456882487
1696910400000,182252.77733384573,182915.01035748635,1,179412.0947367608,1834.4001490768546,1834.4001490768546,179412.0947367608
1696924800000,180899.98080048183,180899.98080048183,0,0.0,0.0,0.0,0.0
1696939200000,180899.98080048183,180899.98080048183,0,0.0,0.0,0.0,0.0
1696953600000,180899.98080048183,180899.98080048183,0,0.0,0.0,0.0,0.0
1696968000000,180899.98080048183,180899.98080048183,0,0.0,0.0,0.0,0.0
1696982400000,180899.98080048183,180899.98080048183,0,0.0,0.0,0.0,0.0
1696996800000,180899.98080048183,180899.98080048183,0,0.0,0.0,0.0,0.0
1697011200000,180899.98080048183,180899.98080048183,0,0.0,0.0,0.0,0.0
1697025600000,180899.98080048183,180899.98080048183,0,0.0,0.0,0.0,0.0
1697040000000,180899.98080048183,180899.98080048183,0,0.0,0.0,0.0,0.0
1697054400000,180899.98080048183,180899.98080048183,0,0.0,0.0,0.0,0.0
1697068800000,180899.98080048183,180899.98080048183,0,0.0,0.0,0.0,0.0
1697083200000,180899.98080048183,180899.98080048183,0,0.0,0.0,0.0,0.0
1697097600000,180899.98080048183,180899.98080048183,0,0.0,0.0,0.0,0.0
1697112000000,180899.98080048183,180899.98080048183,0,0.0,0.0,0.0,0.0
1697126400000,180899.98080048183,180899.98080048183,0,0.0,0.0,0.0,0.0
1697140800000,180899.98080048183,180899.98080048183,0,0.0,0.0,0.0,0.0
1697155200000,180899.98080048183,180899.98080048183,0,0.0,0.0,0.0,0.0
1697169600000,180899.98080048183,180899.98080048183,0,0.0,0.0,0.0,0.0
1697184000000,180899.98080048183,180899.98080048183,0,0.0,0.0,0.0,0.0
1697198400000,180899.98080048183,180899.98080048183,0,0.0,0.0,0.0,0.0
1697212800000,180899.98080048183,180899.98080048183,0,0.0,0.0,0.0,0.0
1697227200000,180899.98080048183,180899.98080048183,0,0.0,0.0,0.0,0.0
1697241600000,180899.98080048183,180899.98080048183,0,0.0,0.0,0.0,0.0
1697256000000,180899.98080048183,180899.98080048183,0,0.0,0.0,0.0,0.0
1697270400000,180899.98080048183,180899.98080048183,0,0.0,0.0,0.0,0.0
1697284800000,180899.98080048183,180899.98080048183,0,0.0,0.0,0.0,0.0
1697299200000,180899.98080048183,180899.98080048183,0,0.0,0.0,0.0,0.0
1697313600000,180899.98080048183,180899.98080048183,0,0.0,0.0,0.0,0.0
1697328000000,180899.98080048183,180899.98080048183,0,0.0,0.0,0.0,0.0
1697342400000,180899.98080048183,180899.98080048183,0,0.0,0.0,0.0,0.0
1697356800000,180899.98080048183,180899.98080048183,0,0.0,0.0,0.0,0.0
1697371200000,180899.98080048183,180899.98080048183,0,0.0,0.0,0.0,0.0
1697385600000,180899.98080048183,180899.98080048183,0,0.0,0.0,0.0,0.0
1697400000000,180899.98080048183,180899.98080048183,0,0.0,0.0,0.0,0.0
1697414400000,180899.98080048183,180899.98080048183,0,0.0,0.0,0.0,0.0
1697428800000,180899.98080048183,180899.98080048183,0,0.0,0.0,0.0,0.0
1697443200000,180899.98080048183,180899.98080048183,0,0.0,0.0,0.0,0.0
1697457600000,180899.98080048183,180899.98080048183,0,0.0,0.0,0.0,0.0
1697472000000,180899.98080048183,180899.98080048183,0,0.0,0.0,0.0,0.0
1697486400000,180899.98080048183,180899.98080048183,0,0.0,0.0,0.0,0.0
1697500800000,180899.98080048183,180899.98080048183,0,0.0,0.0,0.0,0.0
1697515200000,180899.98080048183,180899.98080048183,0,0.0,0.0,0.0,0.0
1697529600000,180899.98080048183,180899.98080048183,0,0.0,0.0,0.0,0.0
1697544000000,180899.98080048183,180899.98080048183,0,0.0,0.0,0.0,0.0
1697558400000,180899.98080048183,180899.98080048183,0,0.0,0.0,0.0,0.0
1697572800000,180899.98080048183,180899.98080048183,0,0.0,0.0,0.0,0.0
1697587200000,180899.98080048183,180899.98080048183,0,0.0,0.0,0.0,0.0
1697601600000,180899.98080048183,180899.98080048183,0,0.0,0.0,0.0,0.0
1697616000000,180899.98080048183,180899.98080048183,0,0.0,0.0,0.0,0.0
1697630400000,180899.98080048183,180899.98080048183,0,0.0,0.0,0.0,0.0
1697644800000,180899.98080048183,180899.98080048183,0,0.0,0.0,0.0,0.0
1697659200000,180899.98080048183,180899.98080048183,0,0.0,0.0,0.0,0.0
1697673600000,180899.98080048183,180899.98080048183,0,0.0,0.0,0.0,0.0
1697688000000,180899.98080048183,180899.98080048183,0,0.0,0.0,0.0,0.0
1697702400000,180899.98080048183,180899.98080048183,0,0.0,0.0,0.0,0.0
1697716800000,179961.75433617333,180824.5064877693,1,151811.37757662343,1808.999808004818,1808.999808004818,151811.37757662343
1697731200000,178862.71086512518,178862.71086512518,0,0.0,0.0,0.0,0.0
1697745600000,178862.71086512518,178862.71086512518,0,0.0,0.0,0.0,0.0
1697760000000,178862.71086512518,178862.71086512518,0,0.0,0.0,0.0,0.0
1697774400000,178862.71086512518,178862.71086512518,0,0.0,0.0,0.0,0.0
1697788800000,178862.71086512518,178862.71086512518,0,0.0,0.0,0.0,0.0
1697803200000,178862.71086512518,178862.71086512518,0,0.0,0.0,0.0,0.0
1697817600000,178862.71086512518,178862.71086512518,0,0.0,0.0,0.0,0.0
1697832000000,178862.71086512518,178862.71086512518,0,0.0,0.0,0.0,0.0
1697846400000,178862.71086512518,178862.71086512518,0,0.0,0.0,0.0,0.0
1697860800000,178862.71086512518,178862.71086512518,0,0.0,0.0,0.0,0.0
1697875200000,178862.71086512518,178862.71086512518,0,0.0,0.0,0.0,0.0
1697889600000,178862.71086512518,178862.71086512518,0,0.0,0.0,0.0,0.0
1697904000000,178862.71086512518,178862.71086512518,0,0.0,0.0,0.0,0.0
1697918400000,178862.71086512518,178862.71086512518,0,0.0,0.0,0.0,0.0
1697932800000,178862.71086512518,178862.71086512518,0,0.0,0.0,0.0,0.0
1697947200000,178862.71086512518,178862.71086512518,0,0.0,0.0,0.0,0.0
1697961600000,178862.71086512518,178862.71086512518,0,0.0,0.0,0.0,0.0
1697976000000,178862.71086512518,178862.71086512518,0,0.0,0.0,0.0,0.0
1697990400000,178862.71086512518,178862.71086512518,0,0.0,0.0,0.0,0.0
1698004800000,178862.71086512518,178862.71086512518,0,0.0,0.0,0.0,0.0
1698019200000,178862.71086512518,178862.71086512518,0,0.0,0.0,0.0,0.0
1698033600000,178862.71086512518,178862.71086512518,0,0.0,0.0,0.0,0.0
1698048000000,178862.71086512518,178862.71086512518,0,0.0,0.0,0.0,0.0
1698062400000,178862.71086512518,178862.71086512518,0,0.0,0.0,0.0,0.0
1698076800000,178862.71086512518,178862.71086512518,0,0.0,0.0,0.0,0.0
1698091200000,178862.71086512518,178862.71086512518,0,0.0,0.0,0.0,0.0
1698105600000,178862.71086512518,178862.71086512518,0,0.0,0.0,0.0,0.0
1698120000000,178862.71086512518,178862.71086512518,0,0.0,0.0,0.0,0.0
1698134400000,178862.71086512518,178862.71086512518,0,0.0,0.0,0.0,0.0
1698148800000,178862.71086512518,178862.71086512518,0,0.0,0.0,0.0,0.0
1698163200000,178862.71086512518,178862.71086512518,0,0.0,0.0,0.0,0.0
1698177600000,178862.71086512518,178862.71086512518,0,0.0,0.0,0.0,0.0
1698192000000,178862.71086512518,178862.71086512518,0,0.0,0.0,0.0,0.0
1698206400000,178862.71086512518,178862.71086512518,0,0.0,0.0,0.0,0.0
1698220800000,178862.71086512518,178862.71086512518,0,0.0,0.0,0.0,0.0
1698235200000,178862.71086512518,178862.71086512518,0,0.0,0.0,0.0,0.0
1698249600000,178862.71086512518,178862.71086512518,0,0.0,0.0,0.0,0.0
1698264000000,178862.71086512518,178862.71086512518,0,0.0,0.0,0.0,0.0
1698278400000,178862.71086512518,178862.71086512518,0,0.0,0.0,0.0,0.0
1698292800000,178862.71086512518,178862.71086512518,0,0.0,0.0,0.0,0.0
1698307200000,178862.71086512518,178862.71086512518,0,0.0,0.0,0.0,0.0
1698321600000,178862.71086512518,178862.71086512518,0,0.0,0.0,0.0,0.0
1698336000000,178862.71086512518,178862.71086512518,0,0.0,0.0,0.0,0.0
1698350400000,178862.71086512518,178862.71086512518,0,0.0,0.0,0.0,0.0
1698364800000,178862.71086512518,178862.71086512518,0,0.0,0.0,0.0,0.0
1698379200000,178862.71086512518,178862.71086512518,0,0.0,0.0,0.0,0.0
1698393600000,178862.71086512518,178862.71086512518,0,0.0,0.0,0.0,0.0
1698408000000,178862.71086512518,178862.71086512518,0,0.0,0.0,0.0,0.0
1698422400000,178862.71086512518,178862.71086512518,0,0.0,0.0,0.0,0.0
1698436800000,178862.71086512518,178862.71086512518,0,0.0,0.0,0.0,0.0
1698451200000,178862.71086512518,178862.71086512518,0,0.0,0.0,0.0,0.0
1698465600000,178862.71086512518,178862.71086512518,0,0.0,0.0,0.0,0.0
1698480000000,178862.71086512518,178862.71086512518,0,0.0,0.0,0.0,0.0
1698494400000,178862.71086512518,178862.71086512518,0,0.0,0.0,0.0,0.0
1698508800000,178862.71086512518,178862.71086512518,0,0.0,0.0,0.0,0.0
1698523200000,178862.71086512518,178862.71086512518,0,0.0,0.0,0.0,0.0
1698537600000,178862.71086512518,178862.71086512518,0,0.0,0.0,0.0,0.0
1698552000000,178862.71086512518,178862.71086512518,0,0.0,0.0,0.0,0.0
1698566400000,178862.71086512518,178862.71086512518,0,0.0,0.0,0.0,0.0
1698580800000,178862.71086512518,178862.71086512518,0,0.0,0.0,0.0,0.0
1698595200000,178862.71086512518,178862.71086512518,0,0.0,0.0,0.0,0.0
1698609600000,178862.71086512518,178862.71086512518,0,0.0,0.0,0.0,0.0
1698624000000,178862.71086512518,178862.71086512518,0,0.0,0.0,0.0,0.0
1698638400000,178862.71086512518,178862.71086512518,0,0.0,0.0,0.0,0.0
1698652800000,178862.71086512518,178862.71086512518,0,0.0,0.0,0.0,0.0
1698667200000,178862.71086512518,178862.71086512518,0,0.0,0.0,0.0,0.0
1698681600000,178862.71086512518,178862.71086512518,0,0.0,0.0,0.0,0.0
1698696000000,178862.71086512518,178862.71086512518,0,0.0,0.0,0.0,0.0
1698710400000,178862.71086512518,178862.71086512518,0,0.0,0.0,0.0,0.0
1698724800000,178862.71086512518,178862.71086512518,0,0.0,0.0,0.0,0.0
1698739200000,178862.71086512518,178862.71086512518,0,0.0,0.0,0.0,0.0
1698753600000,178862.71086512518,178862.71086512518,0,0.0,0.0,0.0,0.0
1698768000000,178862.71086512518,178862.71086512518,0,0.0,0.0,0.0,0.0
1698782400000,178862.71086512518,178862.71086512518,0,0.0,0.0,0.0,0.0
1698796800000,178862.71086512518,178862.71086512518,0,0.0,0.0,0.0,0.0
1698811200000,178862.71086512518,178862.71086512518,0,0.0,0.0,0.0,0.0
1698825600000,178862.71086512518,178862.71086512518,0,0.0,0.0,0.0,0.0
1698840000000,178862.71086512518,178862.71086512518,0,0.0,0.0,0.0,0.0
1698854400000,178862.71086512518,178862.71086512518,0,0.0,0.0,0.0,0.0
1698868800000,178862.71086512518,178862.71086512518,0,0.0,0.0,0.0,0.0
1698883200000,178862.71086512518,178862.71086512518,0,0.0,0.0,0.0,0.0
1698897600000,178862.71086512518,178862.71086512518,0,0.0,0.0,0.0,0.0
1698912000000,178862.71086512518,178862.71086512518,0,0.0,0.0,0.0,0.0
1698926400000,178862.71086512518,178862.71086512518,0,0.0,0.0,0.0,0.0
1698940800000,175029.3358720663,175029.3358720663,0,0.0,0.0,0.0,0.0
1698955200000,175029.3358720663,175029.3358720663,0,0.0,0.0,0.0,0.0
1698969600000,175029.3358720663,175029.3358720663,0,0.0,0.0,0.0,0.0
1698984000000,175029.3358720663,175029.3358720663,0,0.0,0.0,0.0,0.0
1698998400000,175029.3358720663,175029.3358720663,0,0.0,0.0,0.0,0.0
1699012800000,175029.3358720663,175029.3358720663,0,0.0,0.0,0.0,0.0
1699027200000,175029.3358720663,175029.3358720663,0,0.0,0.0,0.0,0.0
1699041600000,175029.3358720663,175029.3358720663,0,0.0,0.0,0.0,0.0
1699056000000,175029.3358720663,175029.3358720663,0,0.0,0.0,0.0,0.0
1699070400000,175029.3358720663,175029.3358720663,0,0.0,0.0,0.0,0.0
1699084800000,175029.3358720663,175029.3358720663,0,0.0,0.0,0.0,0.0
1699099200000,175029.3358720663,175029.3358720663,0,0.0,0.0,0.0,0.0
1699113600000,175029.3358720663,175029.3358720663,0,0.0,0.0,0.0,0.0
1699128000000,175029.3358720663,175029.3358720663,0,0.0,0.0,0.0,0.0
1699142400000,175029.3358720663,175029.3358720663,0,0.0,0.0,0.0,0.0
1699156800000,175029.3358720663,175029.3358720663,0,0.0,0.0,0.0,0.0
1699171200000,175029.3358720663,175029.3358720663,0,0.0,0.0,0.0,0.0
1699185600000,175029.3358720663,175029.3358720663,0,0.0,0.0,0.0,0.0
1699200000000,175029.3358720663,175029.3358720663,0,0.0,0.0,0.0,0.0
1699214400000,175029.3358720663,175029.3358720663,0,0.0,0.0,0.0,0.0
1699228800000,175029.3358720663,175029.3358720663,0,0.0,0.0,0.0,0.0
1699243200000,175029.3358720663,175029.3358720663,0,0.0,0.0,0.0,0.0
1699257600000,175029.3358720663,175029.3358720663,0,0.0,0.0,0.0,0.0
1699272000000,175029.3358720663,175029.3358720663,0,0.0,0.0,0.0,0.0
1699286400000,175029.3358720663,175029.3358720663,0,0.0,0.0,0.0,0.0
1699300800000,175029.3358720663,175029.3358720663,0,0.0,0.0,0.0,0.0
1699315200000,175029.3358720663,175029.3358720663,0,0.0,0.0,0.0,0.0
1699329600000,175029.3358720663,175029.3358720663,0,0.0,0.0,0.0,0.0
1699344000000,175029.3358720663,175029.3358720663,0,0.0,0.0,0.0,0.0
1699358400000,175029.3358720663,175029.3358720663,0,0.0,0.0,0.0,0.0
1699372800000,175029.3358720663,175029.3358720663,0,0.0,0.0,0.0,0.0
1699387200000,175029.3358720663,175029.3358720663,0,0.0,0.0,0.0,0.0
1699401600000,175029.3358720663,175029.3358720663,0,0.0,0.0,0.0,0.0
1699416000000,175029.3358720663,175029.3358720663,0,0.0,0.0,0.0,0.0
1699430400000,175029.3358720663,175029.3358720663,0,0.0,0.0,0.0,0.0
1699444800000,175029.3358720663,175029.3358720663,0,0.0,0.0,0.0,0.0
1699459200000,175029.3358720663,175029.3358720663,0,0.0,0.0,0.0,0.0
1699473600000,175029.3358720663,175029.3358720663,0,0.0,0.0,0.0,0.0
1699488000000,175029.3358720663,175029.3358720663,0,0.0,0.0,0.0,0.0
1699502400000,175029.3358720663,175029.3358720663,0,0.0,0.0,0.0,0.0
1699516800000,175298.59474470932,174945.59058219887,1,167843.5838973655,3500.586717441326,0.0,0.0
1699531200000,176504.68286703856,174928.80558091676,1,169066.4570209768,3500.586717441326,0.0,0.0
1699545600000,177995.27474058056,174928.80558091676,1,170557.04889451884,3500.586717441326,0.0,0.0
1699560000000,171230.12018719147,171230.12018719147,0,0.0,0.0,0.0,0.0
1699574400000,171230.12018719147,171230.12018719147,0,0.0,0.0,0.0,0.0
1699588800000,171230.12018719147,171230.12018719147,0,0.0,0.0,0.0,0.0
1699603200000,171230.12018719147,171230.12018719147,0,0.0,0.0,0.0,0.0
1699617600000,171230.12018719147,171230.12018719147,0,0.0,0.0,0.0,0.0
1699632000000,171230.12018719147,171230.12018719147,0,0.0,0.0,0.0,0.0
1699646400000,171230.12018719147,171230.12018719147,0,0.0,0.0,0.0,0.0
1699660800000,171230.12018719147,171230.12018719147,0,0.0,0.0,0.0,0.0
1699675200000,171230.12018719147,171230.12018719147,0,0.0,0.0,0.0,0.0
1699689600000,171230.12018719147,171230.12018719147,0,0.0,0.0,0.0,0.0
1699704000000,171230.12018719147,171230.12018719147,0,0.0,0.0,0.0,0.0
1699718400000,171230.12018719147,171230.12018719147,0,0.0,0.0,0.0,0.0
1699732800000,171230.12018719147,171230.12018719147,0,0.0,0.0,0.0,0.0
1699747200000,171230.12018719147,171230.12018719147,0,0.0,0.0,0.0,0.0
1699761600000,171230.12018719147,171230.12018719147,0,0.0,0.0,0.0,0.0
1699776000000,171230.12018719147,171230.12018719147,0,0.0,0.0,0.0,0.0
1699790400000,171230.12018719147,171230.12018719147,0,0.0,0.0,0.0,0.0
1699804800000,171230.12018719147,171230.12018719147,0,0.0,0.0,0.0,0.0
1699819200000,171230.12018719147,171230.12018719147,0,0.0,0.0,0.0,0.0
1699833600000,171230.12018719147,171230.12018719147,0,0.0,0.0,0.0,0.0
1699848000000,171230.12018719147,171230.12018719147,0,0.0,0.0,0.0,0.0
1699862400000,171230.12018719147,171230.12018719147,0,0.0,0.0,0.0,0.0
1699876800000,171230.12018719147,171230.12018719147,0,0.0,0.0,0.0,0.0
1699891200000,171230.12018719147,171230.12018719147,0,0.0,0.0,0.0,0.0
1699905600000,171230.12018719147,171230.12018719147,0,0.0,0.0,0.0,0.0
1699920000000,171230.12018719147,171230.12018719147,0,0.0,0.0,0.0,0.0
1699934400000,171230.12018719147,171230.12018719147,0,0.0,0.0,0.0,0.0
1699948800000,171230.12018719147,171230.12018719147,0,0.0,0.0,0.0,0.0
1699963200000,171230.12018719147,171230.12018719147,0,0.0,0.0,0.0,0.0
1699977600000,171230.12018719147,171230.12018719147,0,0.0,0.0,0.0,0.0
1699992000000,171230.12018719147,171230.12018719147,0,0.0,0.0,0.0,0.0
1700006400000,171230.12018719147,171230.12018719147,0,0.0,0.0,0.0,0.0
1700020800000,171230.12018719147,171230.12018719147,0,0.0,0.0,0.0,0.0
1700035200000,171230.12018719147,171230.12018719147,0,0.0,0.0,0.0,0.0
1700049600000,171230.12018719147,171230.12018719147,0,0.0,0.0,0.0,0.0
1700064000000,171230.12018719147,171230.12018719147,0,0.0,0.0,0.0,0.0
1700078400000,171230.12018719147,171230.12018719147,0,0.0,0.0,0.0,0.0
1700092800000,171230.12018719147,171230.12018719147,0,0.0,0.0,0.0,0.0
1700107200000,171230.12018719147,171230.12018719147,0,0.0,0.0,0.0,0.0
1700121600000,171230.12018719147,171230.12018719147,0,0.0,0.0,0.0,0.0
1700136000000,171230.12018719147,171230.12018719147,0,0.0,0.0,0.0,0.0
1700150400000,171230.12018719147,171230.12018719147,0,0.0,0.0,0.0,0.0
1700164800000,171230.12018719147,171230.12018719147,0,0.0,0.0,0.0,0.0
1700179200000,171230.12018719147,171230.12018719147,0,0.0,0.0,0.0,0.0
1700193600000,171230.12018719147,171230.12018719147,0,0.0,0.0,0.0,0.0
1700208000000,171230.12018719147,171230.12018719147,0,0.0,0.0,0.0,0.0
1700222400000,171230.12018719147,171230.12018719147,0,0.0,0.0,0.0,0.0
1700236800000,171230.12018719147,171230.12018719147,0,0.0,0.0,0.0,0.0
1700251200000,171230.12018719147,171230.12018719147,0,0.0,0.0,0.0,0.0
1700265600000,171230.12018719147,171230.12018719147,0,0.0,0.0,0.0,0.0
1700280000000,171230.12018719147,171230.12018719147,0,0.0,0.0,0.0,0.0
1700294400000,171230.12018719147,171230.12018719147,0,0.0,0.0,0.0,0.0
1700308800000,171230.12018719147,171230.12018719147,0,0.0,0.0,0.0,0.0
1700323200000,171230.12018719147,171230.12018719147,0,0.0,0.0,0.0,0.0
1700337600000,171230.12018719147,171230.12018719147,0,0.0,0.0,0.0,0.0
1700352000000,171230.12018719147,171230.12018719147,0,0.0,0.0,0.0,0.0
1700366400000,171230.12018719147,171230.12018719147,0,0.0,0.0,0.0,0.0
1700380800000,171230.12018719147,171230.12018719147,0,0.0,0.0,0.0,0.0
1700395200000,171230.12018719147,171230.12018719147,0,0.0,0.0,0.0,0.0
1700409600000,171230.12018719147,171230.12018719147,0,0.0,0.0,0.0,0.0
1700424000000,171230.12018719147,171230.12018719147,0,0.0,0.0,0.0,0.0
1700438400000,171230.12018719147,171230.12018719147,0,0.0,0.0,0.0,0.0
1700452800000,171230.12018719147,171230.12018719147,0,0.0,0.0,0.0,0.0
1700467200000,171230.12018719147,171230.12018719147,0,0.0,0.0,0.0,0.0
1700481600000,171230.12018719147,171230.12018719147,0,0.0,0.0,0.0,0.0
1700496000000,171230.12018719147,171230.12018719147,0,0.0,0.0,0.0,0.0
1700510400000,171230.12018719147,171230.12018719147,0,0.0,0.0,0.0,0.0
1700524800000,171230.12018719147,171230.12018719147,0,0.0,0.0,0.0,0.0
1700539200000,171230.12018719147,171230.12018719147,0,0.0,0.0,0.0,0.0
1700553600000,171230.12018719147,171230.12018719147,0,0.0,0.0,0.0,0.0
1700568000000,171230.12018719147,171230.12018719147,0,0.0,0.0,0.0,0.0
1700582400000,171230.12018719147,171230.12018719147,0,0.0,0.0,0.0,0.0
1700596800000,171230.12018719147,171230.12018719147,0,0.0,0.0,0.0,0.0
1700611200000,171230.12018719147,171230.12018719147,0,0.0,0.0,0.0,0.0
1700625600000,170026.13425920118,171198.4574795998,1,64497.7384037108,1712.3012018719148,1712.3012018719148,64497.7384037108
1700640000000,170014.40526512885,171198.4574795998,1,64509.46739778312,1712.3012018719148,1712.3012018719148,64509.46739778312
1700654400000,170496.43904274004,171184.94125765527,1,64013.91739822742,1712.3012018719148,1712.3012018719148,64013.91739822742
1700668800000,170335.16537424555,171184.94125765527,1,64175.19106672188,1712.3012018719148,1712.3012018719148,64175.19106672188
1700683200000,169392.38616274032,169392.38616274032,0,0.0,0.0,0.0,0.0
1700697600000,169392.38616274032,169392.38616274032,0,0.0,0.0,0.0,0.0
1700712000000,169392.38616274032,169392.38616274032,0,0.0,0.0,0.0,0.0
1700726400000,169392.38616274032,169392.38616274032,0,0.0,0.0,0.0,0.0
1700740800000,169392.38616274032,169392.38616274032,0,0.0,0.0,0.0,0.0
1700755200000,169392.38616274032,169392.38616274032,0,0.0,0.0,0.0,0.0
1700769600000,169392.38616274032,169392.38616274032,0,0.0,0.0,0.0,0.0
1700784000000,169392.38616274032,169392.38616274032,0,0.0,0.0,0.0,0.0
1700798400000,169392.38616274032,169392.38616274032,0,0.0,0.0,0.0,0.0
1700812800000,169392.38616274032,169392.38616274032,0,0.0,0.0,0.0,0.0
1700827200000,169392.38616274032,169392.38616274032,0,0.0,0.0,0.0,0.0
1700841600000,169392.38616274032,169392.38616274032,0,0.0,0.0,0.0,0.0
1700856000000,169392.38616274032,169392.38616274032,0,0.0,0.0,0.0,0.0
1700870400000,169392.38616274032,169392.38616274032,0,0.0,0.0,0.0,0.0
1700884800000,169392.38616274032,169392.38616274032,0,0.0,0.0,0.0,0.0
1700899200000,169392.38616274032,169392.38616274032,0,0.0,0.0,0.0,0.0
1700913600000,169392.38616274032,169392.38616274032,0,0.0,0.0,0.0,0.0
1700928000000,169392.38616274032,169392.38616274032,0,0.0,0.0,0.0,0.0
1700942400000,169392.38616274032,169392.38616274032,0,0.0,0.0,0.0,0.0
1700956800000,169392.38616274032,169392.38616274032,0,0.0,0.0,0.0,0.0
1700971200000,169392.38616274032,169392.38616274032,0,0.0,0.0,0.0,0.0
1700985600000,169392.38616274032,169392.38616274032,0,0.0,0.0,0.0,0.0
1701000000000,169392.38616274032,169392.38616274032,0,0.0,0.0,0.0,0.0
1701014400000,169392.38616274032,169392.38616274032,0,0.0,0.0,0.0,0.0
1701028800000,169392.38616274032,169392.38616274032,0,0.0,0.0,0.0,0.0
1701043200000,169392.38616274032,169392.38616274032,0,0.0,0.0,0.0,0.0
1701057600000,169392.38616274032,169392.38616274032,0,0.0,0.0,0.0,0.0
1701072000000,169392.38616274032,169392.38616274032,0,0.0,0.0,0.0,0.0
1701086400000,169392.38616274032,169392.38616274032,0,0.0,0.0,0.0,0.0
1701100800000,167522.28334020835,167522.28334020835,0,0.0,0.0,0.0,0.0
1701115200000,167522.28334020835,167522.28334020835,0,0.0,0.0,0.0,0.0
1701129600000,166416.3843500795,167471.84202994136,1,101938.07821386188,1675.2228334020836,1675.2228334020836,101938.07821386188
1701144000000,166855.98183200488,167482.03420816505,1,101508.67291016021,1675.2228334020836,1675.2228334020836,101508.67291016021
1701158400000,165704.22789193472,165704.22789193472,0,0.0,0.0,0.0,0.0
1701172800000,165704.22789193472,165704.22789193472,0,0.0,0.0,0.0,0.0
1701187200000,165704.22789193472,165704.22789193472,0,0.0,0.0,0.0,0.0
1701201600000,165704.22789193472,165704.22789193472,0,0.0,0.0,0.0,0.0
1701216000000,165704.22789193472,165704.22789193472,0,0.0,0.0,0.0,0.0
1701230400000,165704.22789193472,165704.22789193472,0,0.0,0.0,0.0,0.0
1701244800000,165704.22789193472,165704.22789193472,0,0.0,0.0,0.0,0.0
1701259200000,165704.22789193472,165704.22789193472,0,0.0,0.0,0.0,0.0
1701273600000,165704.22789193472,165704.22789193472,0,0.0,0.0,0.0,0.0
1701288000000,165704.22789193472,165704.22789193472,0,0.0,0.0,0.0,0.0
1701302400000,165704.22789193472,165704.22789193472,0,0.0,0.0,0.0,0.0
1701316800000,165704.22789193472,165704.22789193472,0,0.0,0.0,0.0,0.0
1701331200000,165704.22789193472,165704.22789193472,0,0.0,0.0,0.0,0.0
1701345600000,165704.22789193472,165704.22789193472,0,0.0,0.0,0.0,0.0
1701360000000,165704.22789193472,165704.22789193472,0,0.0,0.0,0.0,0.0
1701374400000,165704.22789193472,165704.22789193472,0,0.0,0.0,0.0,0.0
1701388800000,165704.22789193472,165704.22789193472,0,0.0,0.0,0.0,0.0
1701403200000,165704.22789193472,165704.22789193472,0,0.0,0.0,0.0,0.0
1701417600000,165704.22789193472,165704.22789193472,0,0.0,0.0,0.0,0.0
1701432000000,165704.22789193472,165704.22789193472,0,0.0,0.0,0.0,0.0
1701446400000,165704.22789193472,165704.22789193472,0,0.0,0.0,0.0,0.0
1701460800000,165704.22789193472,165704.22789193472,0,0.0,0.0,0.0,0.0
1701475200000,165704.22789193472,165704.22789193472,0,0.0,0.0,0.0,0.0
1701489600000,165704.22789193472,165704.22789193472,0,0.0,0.0,0.0,0.0
1701504000000,165704.22789193472,165704.22789193472,0,0.0,0.0,0.0,0.0
1701518400000,165704.22789193472,165704.22789193472,0,0.0,0.0,0.0,0.0
1701532800000,165704.22789193472,165704.22789193472,0,0.0,0.0,0.0,0.0
1701547200000,165704.22789193472,165704.22789193472,0,0.0,0.0,0.0,0.0
1701561600000,165704.22789193472,165704.22789193472,0,0.0,0.0,0.0,0.0
1701576000000,165704.22789193472,165704.22789193472,0,0.0,0.0,0.0,0.0
1701590400000,165704.22789193472,165704.22789193472,0,0.0,0.0,0.0,0.0
1701604800000,165704.22789193472,165704.22789193472,0,0.0,0.0,0.0,0.0
1701619200000,165704.22789193472,165704.22789193472,0,0.0,0.0,0.0,0.0
1701633600000,165704.22789193472,165704.22789193472,0,0.0,0.0,0.0,0.0
1701648000000,165704.22789193472,165704.22789193472,0,0.0,0.0,0.0,0.0
1701662400000,165704.22789193472,165704.22789193472,0,0.0,0.0,0.0,0.0
1701676800000,165704.22789193472,165704.22789193472,0,0.0,0.0,0.0,0.0
1701691200000,165704.22789193472,165704.22789193472,0,0.0,0.0,0.0,0.0
1701705600000,165704.22789193472,165704.22789193472,0,0.0,0.0,0.0,0.0
1701720000000,165704.22789193472,165704.22789193472,0,0.0,0.0,0.0,0.0
1701734400000,165704.22789193472,165704.22789193472,0,0.0,0.0,0.0,0.0
1701748800000,165704.22789193472,165704.22789193472,0,0.0,0.0,0.0,0.0
1701763200000,165704.22789193472,165704.22789193472,0,0.0,0.0,0.0,0.0
1701777600000,165704.22789193472,165704.22789193472,0,0.0,0.0,0.0,0.0
1701792000000,165704.22789193472,165704.22789193472,0,0.0,0.0,0.0,0.0
1701806400000,165704.22789193472,165704.22789193472,0,0.0,0.0,0.0,0.0
1701820800000,165704.22789193472,165704.22789193472,0,0.0,0.0,0.0,0.0
1701835200000,165704.22789193472,165704.22789193472,0,0.0,0.0,0.0,0.0
1701849600000,165704.22789193472,165704.22789193472,0,0.0,0.0,0.0,0.0
1701864000000,165704.22789193472,165704.22789193472,0,0.0,0.0,0.0,0.0
1701878400000,165704.22789193472,165704.22789193472,0,0.0,0.0,0.0,0.0
1701892800000,165704.22789193472,165704.22789193472,0,0.0,0.0,0.0,0.0
1701907200000,165704.22789193472,165704.22789193472,0,0.0,0.0,0.0,0.0
1701921600000,165704.22789193472,165704.22789193472,0,0.0,0.0,0.0,0.0
1701936000000,165704.22789193472,165704.22789193472,0,0.0,0.0,0.0,0.0
1701950400000,165704.22789193472,165704.22789193472,0,0.0,0.0,0.0,0.0
1701964800000,165704.22789193472,165704.22789193472,0,0.0,0.0,0.0,0.0
1701979200000,165704.22789193472,165704.22789193472,0,0.0,0.0,0.0,0.0
1701993600000,165704.22789193472,165704.22789193472,0,0.0,0.0,0.0,0.0
1702008000000,165704.22789193472,165704.22789193472,0,0.0,0.0,0.0,0.0
1702022400000,165704.22789193472,165704.22789193472,0,0.0,0.0,0.0,0.0
1702036800000,165704.22789193472,165704.22789193472,0,0.0,0.0,0.0,0.0
1702051200000,165704.22789193472,165704.22789193472,0,0.0,0.0,0.0,0.0
1702065600000,165704.22789193472,165704.22789193472,0,0.0,0.0,0.0,0.0
1702080000000,165704.22789193472,165704.22789193472,0,0.0,0.0,0.0,0.0
1702094400000,165704.22789193472,165704.22789193472,0,0.0,0.0,0.0,0.0
1702108800000,165704.22789193472,165704.22789193472,0,0.0,0.0,0.0,0.0
1702123200000,165704.22789193472,165704.22789193472,0,0.0,0.0,0.0,0.0
1702137600000,165704.22789193472,165704.22789193472,0,0.0,0.0,0.0,0.0
1702152000000,165704.22789193472,165704.22789193472,0,0.0,0.0,0.0,0.0
1702166400000,165704.22789193472,165704.22789193472,0,0.0,0.0,0.0,0.0
1702180800000,165704.22789193472,165704.22789193472,0,0.0,0.0,0.0,0.0
1702195200000,165704.22789193472,165704.22789193472,0,0.0,0.0,0.0,0.0
1702209600000,165704.22789193472,165704.22789193472,0,0.0,0.0,0.0,0.0
1702224000000,165704.22789193472,165704.22789193472,0,0.0,0.0,0.0,0.0
1702238400000,165704.22789193472,165704.22789193472,0,0.0,0.0,0.0,0.0
1702252800000,165704.22789193472,165704.22789193472,0,0.0,0.0,0.0,0.0
1702267200000,165704.22789193472,165704.22789193472,0,0.0,0.0,0.0,0.0
1702281600000,165704.22789193472,165704.22789193472,0,0.0,0.0,0.0,0.0
1702296000000,165704.22789193472,165704.22789193472,0,0.0,0.0,0.0,0.0
1702310400000,165704.22789193472,165704.22789193472,0,0.0,0.0,0.0,0.0
1702324800000,165704.22789193472,165704.22789193472,0,0.0,0.0,0.0,0.0
1702339200000,165704.22789193472,165704.22789193472,0,0.0,0.0,0.0,0.0
1702353600000,165704.22789193472,165704.22789193472,0,0.0,0.0,0.0,0.0
1702368000000,165704.22789193472,165704.22789193472,0,0.0,0.0,0.0,0.0
1702382400000,165704.22789193472,165704.22789193472,0,0.0,0.0,0.0,0.0
1702396800000,165704.22789193472,165704.22789193472,0,0.0,0.0,0.0,0.0
1702411200000,165704.22789193472,165704.22789193472,0,0.0,0.0,0.0,0.0
1702425600000,165704.22789193472,165704.22789193472,0,0.0,0.0,0.0,0.0
1702440000000,165704.22789193472,165704.22789193472,0,0.0,0.0,0.0,0.0
1702454400000,165704.22789193472,165704.22789193472,0,0.0,0.0,0.0,0.0
1702468800000,165704.22789193472,165704.22789193472,0,0.0,0.0,0.0,0.0
1702483200000,165704.22789193472,165704.22789193472,0,0.0,0.0,0.0,0.0
1702497600000,165704.22789193472,165704.22789193472,0,0.0,0.0,0.0,0.0
1702512000000,165704.22789193472,165704.22789193472,0,0.0,0.0,0.0,0.0
1702526400000,165704.22789193472,165704.22789193472,0,0.0,0.0,0.0,0.0
1702540800000,165704.22789193472,165704.22789193472,0,0.0,0.0,0.0,0.0
1702555200000,165704.22789193472,165704.22789193472,0,0.0,0.0,0.0,0.0
1702569600000,165704.22789193472,165704.22789193472,0,0.0,0.0,0.0,0.0
1702584000000,165704.22789193472,165704.22789193472,0,0.0,0.0,0.0,0.0
1702598400000,165704.22789193472,165704.22789193472,0,0.0,0.0,0.0,0.0
1702612800000,165704.22789193472,165704.22789193472,0,0.0,0.0,0.0,0.0
1702627200000,165704.22789193472,165704.22789193472,0,0.0,0.0,0.0,0.0
1702641600000,165704.22789193472,165704.22789193472,0,0.0,0.0,0.0,0.0
1702656000000,165704.22789193472,165704.22789193472,0,0.0,0.0,0.0,0.0
1702670400000,165704.22789193472,165704.22789193472,0,0.0,0.0,0.0,0.0
1702684800000,165704.22789193472,165704.22789193472,0,0.0,0.0,0.0,0.0
1702699200000,165704.22789193472,165704.22789193472,0,0.0,0.0,0.0,0.0
1702713600000,165704.22789193472,165704.22789193472,0,0.0,0.0,0.0,0.0
1702728000000,165704.22789193472,165704.22789193472,0,0.0,0.0,0.0,0.0
1702742400000,165704.22789193472,165704.22789193472,0,0.0,0.0,0.0,0.0
1702756800000,165704.22789193472,165704.22789193472,0,0.0,0.0,0.0,0.0
1702771200000,165704.22789193472,165704.22789193472,0,0.0,0.0,0.0,0.0
1702785600000,165704.22789193472,165704.22789193472,0,0.0,0.0,0.0,0.0
1702800000000,165704.22789193472,165704.22789193472,0,0.0,0.0,0.0,0.0
1702814400000,165704.22789193472,165704.22789193472,0,0.0,0.0,0.0,0.0
1702828800000,165704.22789193472,165704.22789193472,0,0.0,0.0,0.0,0.0
1702843200000,165704.22789193472,165704.22789193472,0,0.0,0.0,0.0,0.0
1702857600000,165704.22789193472,165704.22789193472,0,0.0,0.0,0.0,0.0
1702872000000,165704.22789193472,165704.22789193472,0,0.0,0.0,0.0,0.0
1702886400000,165704.22789193472,165704.22789193472,0,0.0,0.0,0.0,0.0
1702900800000,165704.22789193472,165704.22789193472,0,0.0,0.0,0.0,0.0
1702915200000,165704.22789193472,165704.22789193472,0,0.0,0.0,0.0,0.0
1702929600000,165704.22789193472,165704.22789193472,0,0.0,0.0,0.0,0.0
1702944000000,165704.22789193472,165704.22789193472,0,0.0,0.0,0.0,0.0
1702958400000,165704.22789193472,165704.22789193472,0,0.0,0.0,0.0,0.0
1702972800000,165704.22789193472,165704.22789193472,0,0.0,0.0,0.0,0.0
1702987200000,165704.22789193472,165704.22789193472,0,0.0,0.0,0.0,0.0
1703001600000,165704.22789193472,165704.22789193472,0,0.0,0.0,0.0,0.0
1703016000000,165704.22789193472,165704.22789193472,0,0.0,0.0,0.0,0.0
1703030400000,165704.22789193472,165704.22789193472,0,0.0,0.0,0.0,0.0
1703044800000,165704.22789193472,165704.22789193472,0,0.0,0.0,0.0,0.0
1703059200000,165704.22789193472,165704.22789193472,0,0.0,0.0,0.0,0.0
1703073600000,165704.22789193472,165704.22789193472,0,0.0,0.0,0.0,0.0
1703088000000,165704.22789193472,165704.22789193472,0,0.0,0.0,0.0,0.0
1703102400000,165704.22789193472,165704.22789193472,0,0.0,0.0,0.0,0.0
1703116800000,165704.22789193472,165704.22789193472,0,0.0,0.0,0.0,0.0
1703131200000,165704.22789193472,165704.22789193472,0,0.0,0.0,0.0,0.0
1703145600000,165704.22789193472,165704.22789193472,0,0.0,0.0,0.0,0.0
1703160000000,165704.22789193472,165704.22789193472,0,0.0,0.0,0.0,0.0
1703174400000,165704.22789193472,165704.22789193472,0,0.0,0.0,0.0,0.0
1703188800000,165704.22789193472,165704.22789193472,0,0.0,0.0,0.0,0.0
1703203200000,165704.22789193472,165704.22789193472,0,0.0,0.0,0.0,0.0
1703217600000,165704.22789193472,165704.22789193472,0,0.0,0.0,0.0,0.0
1703232000000,165704.22789193472,165704.22789193472,0,0.0,0.0,0.0,0.0
1703246400000,165704.22789193472,165704.22789193472,0,0.0,0.0,0.0,0.0
1703260800000,165704.22789193472,165704.22789193472,0,0.0,0.0,0.0,0.0
1703275200000,165704.22789193472,165704.22789193472,0,0.0,0.0,0.0,0.0
1703289600000,165704.22789193472,165704.22789193472,0,0.0,0.0,0.0,0.0
1703304000000,165704.22789193472,165704.22789193472,0,0.0,0.0,0.0,0.0
1703318400000,165704.22789193472,165704.22789193472,0,0.0,0.0,0.0,0.0
1703332800000,165704.22789193472,165704.22789193472,0,0.0,0.0,0.0,0.0
1703347200000,165704.22789193472,165704.22789193472,0,0.0,0.0,0.0,0.0
1703361600000,165704.22789193472,165704.22789193472,0,0.0,0.0,0.0,0.0
1703376000000,165704.22789193472,165704.22789193472,0,0.0,0.0,0.0,0.0
1703390400000,165704.22789193472,165704.22789193472,0,0.0,0.0,0.0,0.0
1703404800000,165704.22789193472,165704.22789193472,0,0.0,0.0,0.0,0.0
1703419200000,165704.22789193472,165704.22789193472,0,0.0,0.0,0.0,0.0
1703433600000,165704.22789193472,165704.22789193472,0,0.0,0.0,0.0,0.0
1703448000000,165704.22789193472,165704.22789193472,0,0.0,0.0,0.0,0.0
1703462400000,165704.22789193472,165704.22789193472,0,0.0,0.0,0.0,0.0
1703476800000,165704.22789193472,165704.22789193472,0,0.0,0.0,0.0,0.0
1703491200000,165704.22789193472,165704.22789193472,0,0.0,0.0,0.0,0.0
1703505600000,165704.22789193472,165704.22789193472,0,0.0,0.0,0.0,0.0
1703520000000,165704.22789193472,165704.22789193472,0,0.0,0.0,0.0,0.0
1703534400000,165704.22789193472,165704.22789193472,0,0.0,0.0,0.0,0.0
1703548800000,165704.22789193472,165704.22789193472,0,0.0,0.0,0.0,0.0
1703563200000,165704.22789193472,165704.22789193472,0,0.0,0.0,0.0,0.0
1703577600000,165704.22789193472,165704.22789193472,0,0.0,0.0,0.0,0.0
1703592000000,165704.22789193472,165704.22789193472,0,0.0,0.0,0.0,0.0
1703606400000,165704.22789193472,165704.22789193472,0,0.0,0.0,0.0,0.0
1703620800000,165704.22789193472,165704.22789193472,0,0.0,0.0,0.0,0.0
1703635200000,165704.22789193472,165704.22789193472,0,0.0,0.0,0.0,0.0
1703649600000,165704.22789193472,165704.22789193472,0,0.0,0.0,0.0,0.0
1703664000000,165704.22789193472,165704.22789193472,0,0.0,0.0,0.0,0.0
1703678400000,165704.22789193472,165704.22789193472,0,0.0,0.0,0.0,0.0
1703692800000,165704.22789193472,165704.22789193472,0,0.0,0.0,0.0,0.0
1703707200000,165704.22789193472,165704.22789193472,0,0.0,0.0,0.0,0.0
1703721600000,165704.22789193472,165704.22789193472,0,0.0,0.0,0.0,0.0
1703736000000,165704.22789193472,165704.22789193472,0,0.0,0.0,0.0,0.0
1703750400000,165704.22789193472,165704.22789193472,0,0.0,0.0,0.0,0.0
1703764800000,165704.22789193472,165704.22789193472,0,0.0,0.0,0.0,0.0
1703779200000,165704.22789193472,165704.22789193472,0,0.0,0.0,0.0,0.0
1703793600000,165704.22789193472,165704.22789193472,0,0.0,0.0,0.0,0.0
1703808000000,165704.22789193472,165704.22789193472,0,0.0,0.0,0.0,0.0
1703822400000,165704.22789193472,165704.22789193472,0,0.0,0.0,0.0,0.0
1703836800000,165704.22789193472,165704.22789193472,0,0.0,0.0,0.0,0.0
1703851200000,165704.22789193472,165704.22789193472,0,0.0,0.0,0.0,0.0
1703865600000,165704.22789193472,165704.22789193472,0,0.0,0.0,0.0,0.0
1703880000000,165704.22789193472,165704.22789193472,0,0.0,0.0,0.0,0.0
1703894400000,165704.22789193472,165704.22789193472,0,0.0,0.0,0.0,0.0
1703908800000,165704.22789193472,165704.22789193472,0,0.0,0.0,0.0,0.0
1703923200000,165704.22789193472,165704.22789193472,0,0.0,0.0,0.0,0.0
1703937600000,165704.22789193472,165704.22789193472,0,0.0,0.0,0.0,0.0
1703952000000,165704.22789193472,165704.22789193472,0,0.0,0.0,0.0,0.0
1703966400000,165704.22789193472,165704.22789193472,0,0.0,0.0,0.0,0.0
1703980800000,165704.22789193472,165704.22789193472,0,0.0,0.0,0.0,0.0
1703995200000,165704.22789193472,165704.22789193472,0,0.0,0.0,0.0,0.0
1704009600000,165704.22789193472,165704.22789193472,0,0.0,0.0,0.0,0.0
1704024000000,165704.22789193472,165704.22789193472,0,0.0,0.0,0.0,0.0
1704038400000,165704.22789193472,165704.22789193472,0,0.0,0.0,0.0,0.0
1704052800000,165704.22789193472,165704.22789193472,0,0.0,0.0,0.0,0.0
1704067200000,165704.22789193472,165704.22789193472,0,0.0,0.0,0.0,0.0
1704081600000,165704.22789193472,165704.22789193472,0,0.0,0.0,0.0,0.0
1704096000000,165704.22789193472,165704.22789193472,0,0.0,0.0,0.0,0.0
1704110400000,165704.22789193472,165704.22789193472,0,0.0,0.0,0.0,0.0
1704124800000,165704.22789193472,165704.22789193472,0,0.0,0.0,0.0,0.0
1704139200000,165704.22789193472,165704.22789193472,0,0.0,0.0,0.0,0.0
1704153600000,165704.22789193472,165704.22789193472,0,0.0,0.0,0.0,0.0
1704168000000,165704.22789193472,165704.22789193472,0,0.0,0.0,0.0,0.0
1704182400000,165704.22789193472,165704.22789193472,0,0.0,0.0,0.0,0.0
1704196800000,165704.22789193472,165704.22789193472,0,0.0,0.0,0.0,0.0
1704211200000,165704.22789193472,165704.22789193472,0,0.0,0.0,0.0,0.0
1704225600000,165704.22789193472,165704.22789193472,0,0.0,0.0,0.0,0.0
1704240000000,165704.22789193472,165704.22789193472,0,0.0,0.0,0.0,0.0
1704254400000,165704.22789193472,165704.22789193472,0,0.0,0.0,0.0,0.0
1704268800000,165704.22789193472,165704.22789193472,0,0.0,0.0,0.0,0.0
1704283200000,165704.22789193472,165704.22789193472,0,0.0,0.0,0.0,0.0
1704297600000,165704.22789193472,165704.22789193472,0,0.0,0.0,0.0,0.0
1704312000000,165704.22789193472,165704.22789193472,0,0.0,0.0,0.0,0.0
1704326400000,165704.22789193472,165704.22789193472,0,0.0,0.0,0.0,0.0
1704340800000,165704.22789193472,165704.22789193472,0,0.0,0.0,0.0,0.0
1704355200000,165704.22789193472,165704.22789193472,0,0.0,0.0,0.0,0.0
1704369600000,165704.22789193472,165704.22789193472,0,0.0,0.0,0.0,0.0
1704384000000,165704.22789193472,165704.22789193472,0,0.0,0.0,0.0,0.0
1704398400000,165704.22789193472,165704.22789193472,0,0.0,0.0,0.0,0.0
1704412800000,165704.22789193472,165704.22789193472,0,0.0,0.0,0.0,0.0
1704427200000,165704.22789193472,165704.22789193472,0,0.0,0.0,0.0,0.0
1704441600000,165704.22789193472,165704.22789193472,0,0.0,0.0,0.0,0.0
1704456000000,165704.22789193472,165704.22789193472,0,0.0,0.0,0.0,0.0
1704470400000,165704.22789193472,165704.22789193472,0,0.0,0.0,0.0,0.0
1704484800000,165704.22789193472,165704.22789193472,0,0.0,0.0,0.0,0.0
1704499200000,165704.22789193472,165704.22789193472,0,0.0,0.0,0.0,0.0
1704513600000,165704.22789193472,165704.22789193472,0,0.0,0.0,0.0,0.0
1704528000000,165704.22789193472,165704.22789193472,0,0.0,0.0,0.0,0.0
1704542400000,165704.22789193472,165704.22789193472,0,0.0,0.0,0.0,0.0
1704556800000,165704.22789193472,165704.22789193472,0,0.0,0.0,0.0,0.0
1704571200000,165704.22789193472,165704.22789193472,0,0.0,0.0,0.0,0.0
1704585600000,165704.22789193472,165704.22789193472,0,0.0,0.0,0.0,0.0
1704600000000,165704.22789193472,165704.22789193472,0,0.0,0.0,0.0,0.0
1704614400000,165704.22789193472,165704.22789193472,0,0.0,0.0,0.0,0.0
1704628800000,165704.22789193472,165704.22789193472,0,0.0,0.0,0.0,0.0
1704643200000,165704.22789193472,165704.22789193472,0,0.0,0.0,0.0,0.0
1704657600000,165704.22789193472,165704.22789193472,0,0.0,0.0,0.0,0.0
1704672000000,165704.22789193472,165704.22789193472,0,0.0,0.0,0.0,0.0
1704686400000,165704.22789193472,165704.22789193472,0,0.0,0.0,0.0,0.0
1704700800000,165704.22789193472,165704.22789193472,0,0.0,0.0,0.0,0.0
1704715200000,165704.22789193472,165704.22789193472,0,0.0,0.0,0.0,0.0
1704729600000,165704.22789193472,165704.22789193472,0,0.0,0.0,0.0,0.0
1704744000000,165704.22789193472,165704.22789193472,0,0.0,0.0,0.0,0.0
1704758400000,165704.22789193472,165704.22789193472,0,0.0,0.0,0.0,0.0
1704772800000,165704.22789193472,165704.22789193472,0,0.0,0.0,0.0,0.0
1704787200000,165704.22789193472,165704.22789193472,0,0.0,0.0,0.0,0.0
1704801600000,165704.22789193472,165704.22789193472,0,0.0,0.0,0.0,0.0
1704816000000,165704.22789193472,165704.22789193472,0,0.0,0.0,0.0,0.0
1704830400000,165704.22789193472,165704.22789193472,0,0.0,0.0,0.0,0.0
1704844800000,165704.22789193472,165704.22789193472,0,0.0,0.0,0.0,0.0
1704859200000,165704.22789193472,165704.22789193472,0,0.0,0.0,0.0,0.0
1704873600000,165704.22789193472,165704.22789193472,0,0.0,0.0,0.0,0.0
1704888000000,165704.22789193472,165704.22789193472,0,0.0,0.0,0.0,0.0
1704902400000,165704.22789193472,165704.22789193472,0,0.0,0.0,0.0,0.0
1704916800000,165704.22789193472,165704.22789193472,0,0.0,0.0,0.0,0.0
1704931200000,165704.22789193472,165704.22789193472,0,0.0,0.0,0.0,0.0
1704945600000,165704.22789193472,165704.22789193472,0,0.0,0.0,0.0,0.0
1704960000000,165704.22789193472,165704.22789193472,0,0.0,0.0,0.0,0.0
1704974400000,165704.22789193472,165704.22789193472,0,0.0,0.0,0.0,0.0
1704988800000,165704.22789193472,165704.22789193472,0,0.0,0.0,0.0,0.0
1705003200000,165704.22789193472,165704.22789193472,0,0.0,0.0,0.0,0.0
1705017600000,165704.22789193472,165704.22789193472,0,0.0,0.0,0.0,0.0
1705032000000,165704.22789193472,165704.22789193472,0,0.0,0.0,0.0,0.0
1705046400000,165704.22789193472,165704.22789193472,0,0.0,0.0,0.0,0.0
1705060800000,165704.22789193472,165704.22789193472,0,0.0,0.0,0.0,0.0
1705075200000,165704.22789193472,165704.22789193472,0,0.0,0.0,0.0,0.0
1705089600000,165704.22789193472,165704.22789193472,0,0.0,0.0,0.0,0.0
1705104000000,165704.22789193472,165704.22789193472,0,0.0,0.0,0.0,0.0
1705118400000,165704.22789193472,165704.22789193472,0,0.0,0.0,0.0,0.0
1705132800000,165704.22789193472,165704.22789193472,0,0.0,0.0,0.0,0.0
1705147200000,165704.22789193472,165704.22789193472,0,0.0,0.0,0.0,0.0
1705161600000,165704.22789193472,165704.22789193472,0,0.0,0.0,0.0,0.0
1705176000000,165704.22789193472,165704.22789193472,0,0.0,0.0,0.0,0.0
1705190400000,165704.22789193472,165704.22789193472,0,0.0,0.0,0.0,0.0
1705204800000,165704.22789193472,165704.22789193472,0,0.0,0.0,0.0,0.0
1705219200000,165704.22789193472,165704.22789193472,0,0.0,0.0,0.0,0.0
1705233600000,165704.22789193472,165704.22789193472,0,0.0,0.0,0.0,0.0
1705248000000,165704.22789193472,165704.22789193472,0,0.0,0.0,0.0,0.0
1705262400000,165704.22789193472,165704.22789193472,0,0.0,0.0,0.0,0.0
1705276800000,165704.22789193472,165704.22789193472,0,0.0,0.0,0.0,0.0
1705291200000,165704.22789193472,165704.22789193472,0,0.0,0.0,0.0,0.0
1705305600000,165704.22789193472,165704.22789193472,0,0.0,0.0,0.0,0.0
1705320000000,165704.22789193472,165704.22789193472,0,0.0,0.0,0.0,0.0
1705334400000,165704.22789193472,165704.22789193472,0,0.0,0.0,0.0,0.0
1705348800000,165704.22789193472,165704.22789193472,0,0.0,0.0,0.0,0.0
1705363200000,165704.22789193472,165704.22789193472,0,0.0,0.0,0.0,0.0
1705377600000,165704.22789193472,165704.22789193472,0,0.0,0.0,0.0,0.0
1705392000000,165704.22789193472,165704.22789193472,0,0.0,0.0,0.0,0.0
1705406400000,165704.22789193472,165704.22789193472,0,0.0,0.0,0.0,0.0
1705420800000,165704.22789193472,165704.22789193472,0,0.0,0.0,0.0,0.0
1705435200000,165704.22789193472,165704.22789193472,0,0.0,0.0,0.0,0.0
1705449600000,165704.22789193472,165704.22789193472,0,0.0,0.0,0.0,0.0
1705464000000,165704.22789193472,165704.22789193472,0,0.0,0.0,0.0,0.0
1705478400000,165704.22789193472,165704.22789193472,0,0.0,0.0,0.0,0.0
1705492800000,165704.22789193472,165704.22789193472,0,0.0,0.0,0.0,0.0
1705507200000,165704.22789193472,165704.22789193472,0,0.0,0.0,0.0,0.0
1705521600000,165704.22789193472,165704.22789193472,0,0.0,0.0,0.0,0.0
1705536000000,165704.22789193472,165704.22789193472,0,0.0,0.0,0.0,0.0
1705550400000,165704.22789193472,165704.22789193472,0,0.0,0.0,0.0,0.0
1705564800000,165704.22789193472,165704.22789193472,0,0.0,0.0,0.0,0.0
1705579200000,165704.22789193472,165704.22789193472,0,0.0,0.0,0.0,0.0
1705593600000,164695.05081379847,165627.8801866992,1,153628.23984390826,3314.0845578386943,3314.0845578386943,153628.23984390826
1705608000000,170912.24661039936,165643.24392501084,1,147426.407785619,3314.0845578386943,3314.0845578386943,147426.407785619
1705622400000,166136.36223565147,165444.8649086435,3,548761.9458787079,10145.202182359946,10145.202182359946,548761.9458787079
1705636800000,170841.8294183817,168740.75654111724,3,471004.66509294766,8488.159903440599,8488.159903440599,471004.66509294766
1705651200000,168774.1262750947,168686.1688043172,4,582193.2540995205,10249.060193082441,10249.060193082441,582193.2540995205
1705665600000,166730.2546242989,168744.39256168448,4,584295.3495076835,10249.060193082441,10249.060193082441,584295.3495076835
1705680000000,176329.6504629923,168744.39256168448,4,574695.9536689902,10249.060193082441,10249.060193082441,574695.9536689902
1705694400000,170763.02590298673,170141.514380174,2,262989.69876484043,5070.505621904829,5070.505621904829,262989.69876484043
1705708800000,170499.97045679722,170499.97045679722,0,0.0,0.0,0.0,0.0
1705723200000,170499.97045679722,170499.97045679722,0,0.0,0.0,0.0,0.0
1705737600000,170499.97045679722,170499.97045679722,0,0.0,0.0,0.0,0.0
1705752000000,170499.97045679722,170499.97045679722,0,0.0,0.0,0.0,0.0
1705766400000,170499.97045679722,170499.97045679722,0,0.0,0.0,0.0,0.0
1705780800000,170499.97045679722,170499.97045679722,0,0.0,0.0,0.0,0.0
1705795200000,170499.97045679722,170499.97045679722,0,0.0,0.0,0.0,0.0
1705809600000,170499.97045679722,170499.97045679722,0,0.0,0.0,0.0,0.0
1705824000000,170499.97045679722,170499.97045679722,0,0.0,0.0,0.0,0.0
1705838400000,170499.97045679722,170499.97045679722,0,0.0,0.0,0.0,0.0
1705852800000,170499.97045679722,170499.97045679722,0,0.0,0.0,0.0,0.0
1705867200000,170499.97045679722,170499.97045679722,0,0.0,0.0,0.0,0.0
1705881600000,170499.97045679722,170499.97045679722,0,0.0,0.0,0.0,0.0
1705896000000,170499.97045679722,170499.97045679722,0,0.0,0.0,0.0,0.0
1705910400000,170499.97045679722,170499.97045679722,0,0.0,0.0,0.0,0.0
1705924800000,170499.97045679722,170499.97045679722,0,0.0,0.0,0.0,0.0
1705939200000,173600.11937518814,170319.9188224793,2,356823.06808314857,6815.420964249305,6815.420964249305,356823.06808314857
1705953600000,185145.8822595928,176894.35135507674,3,426251.4718207374,6848.815519225016,6848.815519225016,426251.4718207374
1705968000000,186811.3194012436,176817.08071380638,4,579050.0465785437,10552.588302689246,10552.588302689246,579050.0465785437
1705982400000,182179.47707330575,176874.979653385,4,583739.7878460602,10552.588302689246,10552.588302689246,583739.7878460602
1705996800000,189970.15565531416,176874.979653385,4,575949.1092640518,10552.588302689246,10552.588302689246,575949.1092640518
1706011200000,206654.20812485146,183861.72400061347,4,374563.42804908013,6995.702206389159,6995.702206389159,374563.42804908013
1706025600000,200445.33263957332,183861.72400061347,4,380772.3035343583,6995.702206389159,6995.702206389159,380772.3035343583
1706040000000,201133.84438542527,187598.7997775826,3,318186.96506984584,5292.991428832479,5292.991428832479,318186.96506984584
1706054400000,190512.80422936258,190512.80422936258,0,0.0,0.0,0.0,0.0
1706068800000,190512.80422936258,190512.80422936258,0,0.0,0.0,0.0,0.0
1706083200000,190512.80422936258,190512.80422936258,0,0.0,0.0,0.0,0.0
1706097600000,190512.80422936258,190512.80422936258,0,0.0,0.0,0.0,0.0
1706112000000,190512.80422936258,190512.80422936258,0,0.0,0.0,0.0,0.0
1706126400000,190512.80422936258,190512.80422936258,0,0.0,0.0,0.0,0.0
1706140800000,190512.80422936258,190512.80422936258,0,0.0,0.0,0.0,0.0
1706155200000,190512.80422936258,190512.80422936258,0,0.0,0.0,0.0,0.0
1706169600000,190512.80422936258,190512.80422936258,0,0.0,0.0,0.0,0.0
1706184000000,190512.80422936258,190512.80422936258,0,0.0,0.0,0.0,0.0
1706198400000,190512.80422936258,190512.80422936258,0,0.0,0.0,0.0,0.0
1706212800000,190512.80422936258,190512.80422936258,0,0.0,0.0,0.0,0.0
1706227200000,190512.80422936258,190512.80422936258,0,0.0,0.0,0.0,0.0
1706241600000,190512.80422936258,190512.80422936258,0,0.0,0.0,0.0,0.0
1706256000000,190512.80422936258,190512.80422936258,0,0.0,0.0,0.0,0.0
1706270400000,190512.80422936258,190512.80422936258,0,0.0,0.0,0.0,0.0
1706284800000,190512.80422936258,190512.80422936258,0,0.0,0.0,0.0,0.0
1706299200000,190512.80422936258,190512.80422936258,0,0.0,0.0,0.0,0.0
1706313600000,190512.80422936258,190512.80422936258,0,0.0,0.0,0.0,0.0
1706328000000,190512.80422936258,190512.80422936258,0,0.0,0.0,0.0,0.0
1706342400000,190512.80422936258,190512.80422936258,0,0.0,0.0,0.0,0.0
1706356800000,190512.80422936258,190512.80422936258,0,0.0,0.0,0.0,0.0
1706371200000,190512.80422936258,190512.80422936258,0,0.0,0.0,0.0,0.0
1706385600000,190512.80422936258,190512.80422936258,0,0.0,0.0,0.0,0.0
1706400000000,190512.80422936258,190512.80422936258,0,0.0,0.0,0.0,0.0
1706414400000,190512.80422936258,190512.80422936258,0,0.0,0.0,0.0,0.0
1706428800000,190512.80422936258,190512.80422936258,0,0.0,0.0,0.0,0.0
1706443200000,190512.80422936258,190512.80422936258,0,0.0,0.0,0.0,0.0
1706457600000,190512.80422936258,190512.80422936258,0,0.0,0.0,0.0,0.0
1706472000000,190512.80422936258,190512.80422936258,0,0.0,0.0,0.0,0.0
1706486400000,190512.80422936258,190512.80422936258,0,0.0,0.0,0.0,0.0
1706500800000,190512.80422936258,190512.80422936258,0,0.0,0.0,0.0,0.0
1706515200000,190512.80422936258,190512.80422936258,0,0.0,0.0,0.0,0.0
1706529600000,190512.80422936258,190512.80422936258,0,0.0,0.0,0.0,0.0
1706544000000,190512.80422936258,190512.80422936258,0,0.0,0.0,0.0,0.0
1706558400000,190512.80422936258,190512.80422936258,0,0.0,0.0,0.0,0.0
1706572800000,190512.80422936258,190512.80422936258,0,0.0,0.0,0.0,0.0
1706587200000,190512.80422936258,190512.80422936258,0,0.0,0.0,0.0,0.0
1706601600000,190512.80422936258,190512.80422936258,0,0.0,0.0,0.0,0.0
1706616000000,190512.80422936258,190512.80422936258,0,0.0,0.0,0.0,0.0
1706630400000,190512.80422936258,190512.80422936258,0,0.0,0.0,0.0,0.0
1706644800000,190512.80422936258,190512.80422936258,0,0.0,0.0,0.0,0.0
1706659200000,191293.0359639004,190449.85788196186,1,125049.51671952399,1905.1280422936259,1905.1280422936259,125049.51671952399
1706673600000,191330.03161606583,190462.36283363382,1,125025.02601903051,1905.1280422936259,1905.1280422936259,125025.02601903051
1706688000000,191232.06881409202,190462.36283363382,1,125122.98882100431,1905.1280422936259,1905.1280422936259,125122.98882100431
1706702400000,192213.88773736404,190464.55373716808,1,124143.36080126656,1905.1280422936259,1905.1280422936259,124143.36080126656
1706716800000,192999.6120461956,192308.62529979844,1,62255.3606543341,952.5640211468129,952.5640211468129,62255.3606543341
1706731200000,192943.5691068366,192943.5691068366,0,0.0,0.0,0.0,0.0
1706745600000,192943.5691068366,192943.5691068366,0,0.0,0.0,0.0,0.0
1706760000000,196204.3954733623,192598.46279163568,3,686606.6977201542,11542.327906669168,11542.327906669168,686606.6977201542
1706774400000,194913.29658338256,192598.46279163568,3,687897.7966101338,11542.327906669168,11542.327906669168,687897.7966101338
1706788800000,196495.33830283445,192634.76645862288,3,686352.0585576692,11542.327906669168,11542.327906669168,686352.0585576692
1706803200000,192546.31868435896,192634.76645862288,3,690301.0781761446,11542.327906669168,11542.327906669168,690301.0781761446
1706817600000,186625.62173000732,188920.1064904787,2,448547.2193294548,7690.0048527864365,7690.0048527864365,448547.2193294548
1706832000000,186726.02866168815,188920.1064904787,2,448446.81239777396,7690.0048527864365,7690.0048527864365,448446.81239777396
1706846400000,183133.64925956956,185193.53862166315,1,329394.42749034095,3858.8713821367323,3858.8713821367323,329394.42749034095
1706860800000,181702.07530993817,181702.07530993817,0,0.0,0.0,0.0,0.0
1706875200000,181702.07530993817,181702.07530993817,0,0.0,0.0,0.0,0.0
1706889600000,181702.07530993817,181702.07530993817,0,0.0,0.0,0.0,0.0
1706904000000,181702.07530993817,181702.07530993817,0,0.0,0.0,0.0,0.0
1706918400000,181702.07530993817,181702.07530993817,0,0.0,0.0,0.0,0.0
1706932800000,181702.07530993817,181702.07530993817,0,0.0,0.0,0.0,0.0
1706947200000,181702.07530993817,181702.07530993817,0,0.0,0.0,0.0,0.0
1706961600000,181702.07530993817,181702.07530993817,0,0.0,0.0,0.0,0.0
1706976000000,181702.07530993817,181702.07530993817,0,0.0,0.0,0.0,0.0
1706990400000,181702.07530993817,181702.07530993817,0,0.0,0.0,0.0,0.0
1707004800000,181702.07530993817,181702.07530993817,0,0.0,0.0,0.0,0.0
1707019200000,181702.07530993817,181702.07530993817,0,0.0,0.0,0.0,0.0
1707033600000,181702.07530993817,181702.07530993817,0,0.0,0.0,0.0,0.0
1707048000000,181702.07530993817,181702.07530993817,0,0.0,0.0,0.0,0.0
1707062400000,181702.07530993817,181702.07530993817,0,0.0,0.0,0.0,0.0
1707076800000,181702.07530993817,181702.07530993817,0,0.0,0.0,0.0,0.0
1707091200000,181702.07530993817,181702.07530993817,0,0.0,0.0,0.0,0.0
1707105600000,181702.07530993817,181702.07530993817,0,0.0,0.0,0.0,0.0
1707120000000,179315.62553597867,181555.95195931816,1,294487.0276633702,3634.0415061987633,3634.0415061987633,294487.0276633702
1707134400000,177655.392087587,177655.392087587,0,0.0,0.0,0.0,0.0
1707148800000,177655.392087587,177655.392087587,0,0.0,0.0,0.0,0.0
1707163200000,177655.392087587,177655.392087587,0,0.0,0.0,0.0,0.0
1707177600000,177655.392087587,177655.392087587,0,0.0,0.0,0.0,0.0
1707192000000,177655.392087587,177655.392087587,0,0.0,0.0,0.0,0.0
1707206400000,177655.392087587,177655.392087587,0,0.0,0.0,0.0,0.0
1707220800000,177655.392087587,177655.392087587,0,0.0,0.0,0.0,0.0
1707235200000,177655.392087587,177655.392087587,0,0.0,0.0,0.0,0.0
1707249600000,177655.392087587,177655.392087587,0,0.0,0.0,0.0,0.0
1707264000000,177655.392087587,177655.392087587,0,0.0,0.0,0.0,0.0
1707278400000,177655.392087587,177655.392087587,0,0.0,0.0,0.0,0.0
1707292800000,177655.392087587,177655.392087587,0,0.0,0.0,0.0,0.0
1707307200000,177655.392087587,177655.392087587,0,0.0,0.0,0.0,0.0
1707321600000,177655.392087587,177655.392087587,0,0.0,0.0,0.0,0.0
1707336000000,177655.392087587,177655.392087587,0,0.0,0.0,0.0,0.0
1707350400000,177655.392087587,177655.392087587,0,0.0,0.0,0.0,0.0
1707364800000,177655.392087587,177655.392087587,0,0.0,0.0,0.0,0.0
1707379200000,177655.392087587,177655.392087587,0,0.0,0.0,0.0,0.0
1707393600000,177655.392087587,177655.392087587,0,0.0,0.0,0.0,0.0
1707408000000,181219.2633894543,177538.89117201866,1,236682.20335415474,3553.1078417517397,0.0,0.0
1707422400000,180451.05916566792,177532.7604519174,1,235920.1298504696,3553.1078417517397,0.0,0.0
1707436800000,180497.97203525182,177532.7604519174,1,235967.0427200535,3553.1078417517397,0.0,0.0
1707451200000,184542.74488406614,177525.3038768958,1,240019.2721438894,3553.1078417517397,0.0,0.0
1707465600000,185265.20307565818,177525.3038768958,1,240741.73033548144,3553.1078417517397,0.0,0.0
1707480000000,190301.4616635302,177501.22759898458,1,245802.0652012647,3553.1078417517397,0.0,0.0
1707494400000,190202.42338329752,177501.22759898458,1,245703.026921032,3553.1078417517397,0.0,0.0
1707508800000,191999.08262359074,177477.14624531605,1,247523.76751499376,3553.1078417517397,0.0,0.0
1707523200000,190069.9211754795,177477.14624531605,1,245594.60606688255,3553.1078417517397,0.0,0.0
1707537600000,191357.4779830437,177457.3977538089,1,246901.91136595389,3553.1078417517397,0.0,0.0
1707552000000,190125.23327530661,177457.3977538089,1,245669.6666582168,3553.1078417517397,0.0,0.0
1707566400000,190321.15581105193,177432.82980250986,1,245890.15714526112,3553.1078417517397,0.0,0.0
1707580800000,191150.99234858042,177432.82980250986,1,246719.99368278965,3553.1078417517397,0.0,0.0
1707595200000,192060.40636439566,177408.15645949903,1,247654.0810416157,3553.1078417517397,0.0,0.0
1707609600000,193214.46295615958,177408.15645949903,1,248808.1376333796,3553.1078417517397,0.0,0.0
1707624000000,197278.8195549977,177383.2745929406,1,252897.37609877615,3553.1078417517397,0.0,0.0
1707638400000,195467.4615349527,177383.2745929406,1,251086.01807873117,3553.1078417517397,0.0,0.0
1707652800000,196662.60882810084,177358.1660228009,1,252306.273942019,3553.1078417517397,0.0,0.0
1707667200000,195292.23178214455,177358.1660228009,1,250935.8968960627,3553.1078417517397,0.0,0.0
1707681600000,196005.23137455096,177333.06980042066,1,251673.9927108494,3553.1078417517397,0.0,0.0
1707696000000,196114.6947369134,177333.06980042066,1,251783.4560732118,3553.1078417517397,0.0,0.0
1707710400000,195230.49240036306,177307.89423136218,1,250924.42930571994,3553.1078417517397,0.0,0.0
1707724800000,195618.30545558996,177307.89423136218,1,251312.24236094687,3553.1078417517397,0.0,0.0
1707739200000,193992.92736211352,177282.76624480318,1,249711.9922540294,3553.1078417517397,0.0,0.0
1707753600000,204519.1327885275,177282.76624480318,1,260238.19768044338,3553.1078417517397,0.0,0.0
1707768000000,202514.952762163,177256.74555255976,1,258260.0383463223,3553.1078417517397,0.0,0.0
1707782400000,204587.98034366482,177256.74555255976,1,260333.06592782415,3553.1078417517397,0.0,0.0
1707796800000,203885.3633529318,177230.71639204782,1,259656.47809760305,3553.1078417517397,0.0,0.0
1707811200000,204959.66806640307,177230.71639204782,1,260730.7828110743,3553.1078417517397,0.0,0.0
1707825600000,204850.7175957451,177204.64532432143,1,260647.90340814277,3553.1078417517397,0.0,0.0
1707840000000,198330.34997768965,177204.64532432143,1,254127.53579008728,3553.1078417517397,0.0,0.0
1707854400000,199825.95665471652,177179.232518617,1,255648.5552728186,3553.1078417517397,0.0,0.0
1707868800000,203221.92715848432,177179.232518617,1,259044.52577658638,3553.1078417517397,0.0,0.0
1707883200000,202299.46517753767,177153.3276008293,1,258147.96871342743,3553.1078417517397,0.0,0.0
1707897600000,203970.60584293745,177153.3276008293,1,259819.1093788272,3553.1078417517397,0.0,0.0
1707912000000,213098.89016592747,177127.34730568118,1,268973.37399696535,3553.1078417517397,0.0,0.0
1707926400000,213178.12079011364,177127.34730568118,1,269052.6046211515,3553.1078417517397,0.0,0.0
1707940800000,213619.9394333939,177094.30345795111,1,269527.46711216186,3553.1078417517397,0.0,0.0
1707955200000,214223.03043460025,177094.30345795111,1,270130.55811336817,3553.1078417517397,0.0,0.0
1707969600000,217097.84227180108,177067.29368433455,1,273032.3797241856,3553.1078417517397,0.0,0.0
1707984000000,214087.59980683425,177067.29368433455,1,270022.1372592188,3553.1078417517397,0.0,0.0
1707998400000,216962.4192039257,177040.29147060864,1,272923.9588700361,3553.1078417517397,0.0,0.0
1708012800000,214927.44317219747,177040.29147060864,1,270888.9828383079,3553.1078417517397,0.0,0.0
1708027200000,215178.18641939462,177013.2062790478,1,271166.8112770659,3553.1078417517397,0.0,0.0
1708041600000,214534.4375978822,177013.2062790478,1,270523.0624555535,3553.1078417517397,0.0,0.0
1708056000000,216651.82437297486,176986.15366004978,1,272667.5018496442,3553.1078417517397,0.0,0.0
1708070400000,213923.0591255114,176986.15366004978,1,269938.7366021807,3553.1078417517397,0.0,0.0
1708084800000,216266.2112328155,176959.163345154,1,272308.8790243806,3553.1078417517397,0.0,0.0
1708099200000,214536.69010748912,176959.163345154,1,270579.3578990542,3553.1078417517397,0.0,0.0
1708113600000,213836.69312022347,176932.1054093641,1,269906.41884757846,3553.1078417517397,0.0,0.0
1708128000000,215756.99324852444,176932.1054093641,1,271826.71897587937,3553.1078417517397,0.0,0.0
1708142400000,214921.8681279328,176904.92415382853,1,271018.77511082334,3553.1078417517397,0.0,0.0
1708156800000,214610.67942635962,176904.92415382853,1,270707.58640925016,3553.1078417517397,0.0,0.0
1708171200000,213487.93248375598,176877.8533430622,1,269611.91027741286,3553.1078417517397,0.0,0.0
1708185600000,213218.38797645617,213218.38797645617,0,0.0,0.0,0.0,0.0
1708200000000,213218.38797645617,213218.38797645617,0,0.0,0.0,0.0,0.0
1708214400000,213218.38797645617,213218.38797645617,0,0.0,0.0,0.0,0.0
1708228800000,213218.38797645617,213218.38797645617,0,0.0,0.0,0.0,0.0
1708243200000,213218.38797645617,213218.38797645617,0,0.0,0.0,0.0,0.0
1708257600000,213218.38797645617,213218.38797645617,0,0.0,0.0,0.0,0.0
1708272000000,213218.38797645617,213218.38797645617,0,0.0,0.0,0.0,0.0
1708286400000,213218.38797645617,213218.38797645617,0,0.0,0.0,0.0,0.0
1708300800000,213218.38797645617,213218.38797645617,0,0.0,0.0,0.0,0.0
1708315200000,213218.38797645617,213218.38797645617,0,0.0,0.0,0.0,0.0
1708329600000,213218.38797645617,213218.38797645617,0,0.0,0.0,0.0,0.0
1708344000000,213218.38797645617,213218.38797645617,0,0.0,0.0,0.0,0.0
1708358400000,213218.38797645617,213218.38797645617,0,0.0,0.0,0.0,0.0
1708372800000,213218.38797645617,213218.38797645617,0,0.0,0.0,0.0,0.0
1708387200000,213218.38797645617,213218.38797645617,0,0.0,0.0,0.0,0.0
1708401600000,213218.38797645617,213218.38797645617,0,0.0,0.0,0.0,0.0
1708416000000,213218.38797645617,213218.38797645617,0,0.0,0.0,0.0,0.0
1708430400000,213218.38797645617,213218.38797645617,0,0.0,0.0,0.0,0.0
1708444800000,213218.38797645617,213218.38797645617,0,0.0,0.0,0.0,0.0
1708459200000,213218.38797645617,213218.38797645617,0,0.0,0.0,0.0,0.0
1708473600000,213218.38797645617,213218.38797645617,0,0.0,0.0,0.0,0.0
1708488000000,213218.38797645617,213218.38797645617,0,0.0,0.0,0.0,0.0
1708502400000,213218.38797645617,213218.38797645617,0,0.0,0.0,0.0,0.0
1708516800000,213218.38797645617,213218.38797645617,0,0.0,0.0,0.0,0.0
1708531200000,213218.38797645617,213218.38797645617,0,0.0,0.0,0.0,0.0
1708545600000,213218.38797645617,213218.38797645617,0,0.0,0.0,0.0,0.0
1708560000000,213218.38797645617,213218.38797645617,0,0.0,0.0,0.0,0.0
1708574400000,213218.38797645617,213218.38797645617,0,0.0,0.0,0.0,0.0
1708588800000,213218.38797645617,213218.38797645617,0,0.0,0.0,0.0,0.0
1708603200000,213218.38797645617,213218.38797645617,0,0.0,0.0,0.0,0.0
1708617600000,213218.38797645617,213218.38797645617,0,0.0,0.0,0.0,0.0
1708632000000,213218.38797645617,213218.38797645617,0,0.0,0.0,0.0,0.0
1708646400000,213218.38797645617,213218.38797645617,0,0.0,0.0,0.0,0.0
1708660800000,213218.38797645617,213218.38797645617,0,0.0,0.0,0.0,0.0
1708675200000,213218.38797645617,213218.38797645617,0,0.0,0.0,0.0,0.0
1708689600000,213218.38797645617,213218.38797645617,0,0.0,0.0,0.0,0.0
1708704000000,213218.38797645617,213218.38797645617,0,0.0,0.0,0.0,0.0
1708718400000,213218.38797645617,213218.38797645617,0,0.0,0.0,0.0,0.0
1708732800000,213218.38797645617,213218.38797645617,0,0.0,0.0,0.0,0.0
1708747200000,213218.38797645617,213218.38797645617,0,0.0,0.0,0.0,0.0
1708761600000,213218.38797645617,213218.38797645617,0,0.0,0.0,0.0,0.0
1708776000000,213218.38797645617,213218.38797645617,0,0.0,0.0,0.0,0.0
1708790400000,213218.38797645617,213218.38797645617,0,0.0,0.0,0.0,0.0
1708804800000,213218.38797645617,213218.38797645617,0,0.0,0.0,0.0,0.0
1708819200000,213218.38797645617,213218.38797645617,0,0.0,0.0,0.0,0.0
1708833600000,213218.38797645617,213218.38797645617,0,0.0,0.0,0.0,0.0
1708848000000,213218.38797645617,213218.38797645617,0,0.0,0.0,0.0,0.0
1708862400000,213218.38797645617,213218.38797645617,0,0.0,0.0,0.0,0.0
1708876800000,213218.38797645617,213218.38797645617,0,0.0,0.0,0.0,0.0
1708891200000,213218.38797645617,213218.38797645617,0,0.0,0.0,0.0,0.0
1708905600000,213218.38797645617,213218.38797645617,0,0.0,0.0,0.0,0.0
1708920000000,213218.38797645617,213218.38797645617,0,0.0,0.0,0.0,0.0
1708934400000,213218.38797645617,213218.38797645617,0,0.0,0.0,0.0,0.0
1708948800000,213218.38797645617,213218.38797645617,0,0.0,0.0,0.0,0.0
1708963200000,213218.38797645617,213218.38797645617,0,0.0,0.0,0.0,0.0
1708977600000,213218.38797645617,213218.38797645617,0,0.0,0.0,0.0,0.0
1708992000000,213218.38797645617,213218.38797645617,0,0.0,0.0,0.0,0.0
1709006400000,213218.38797645617,213218.38797645617,0,0.0,0.0,0.0,0.0
1709020800000,213218.38797645617,213218.38797645617,0,0.0,0.0,0.0,0.0
1709035200000,213218.38797645617,213218.38797645617,0,0.0,0.0,0.0,0.0
1709049600000,213218.38797645617,213218.38797645617,0,0.0,0.0,0.0,0.0
1709064000000,213218.38797645617,213218.38797645617,0,0.0,0.0,0.0,0.0
1709078400000,213218.38797645617,213218.38797645617,0,0.0,0.0,0.0,0.0
1709092800000,213218.38797645617,213218.38797645617,0,0.0,0.0,0.0,0.0
1709107200000,213218.38797645617,213218.38797645617,0,0.0,0.0,0.0,0.0
1709121600000,213218.38797645617,213218.38797645617,0,0.0,0.0,0.0,0.0
1709136000000,213218.38797645617,213218.38797645617,0,0.0,0.0,0.0,0.0
1709150400000,213218.38797645617,213218.38797645617,0,0.0,0.0,0.0,0.0
1709164800000,213218.38797645617,213218.38797645617,0,0.0,0.0,0.0,0.0
1709179200000,213218.38797645617,213218.38797645617,0,0.0,0.0,0.0,0.0
1709193600000,213218.38797645617,213218.38797645617,0,0.0,0.0,0.0,0.0
1709208000000,213218.38797645617,213218.38797645617,0,0.0,0.0,0.0,0.0
1709222400000,213218.38797645617,213218.38797645617,0,0.0,0.0,0.0,0.0
1709236800000,213218.38797645617,213218.38797645617,0,0.0,0.0,0.0,0.0
1709251200000,213218.38797645617,213218.38797645617,0,0.0,0.0,0.0,0.0
1709265600000,213218.38797645617,213218.38797645617,0,0.0,0.0,0.0,0.0
1709280000000,213218.38797645617,213218.38797645617,0,0.0,0.0,0.0,0.0
1709294400000,213218.38797645617,213218.38797645617,0,0.0,0.0,0.0,0.0
1709308800000,213218.38797645617,213218.38797645617,0,0.0,0.0,0.0,0.0
1709323200000,213218.38797645617,213218.38797645617,0,0.0,0.0,0.0,0.0
1709337600000,213218.38797645617,213218.38797645617,0,0.0,0.0,0.0,0.0
1709352000000,213218.38797645617,213218.38797645617,0,0.0,0.0,0.0,0.0
1709366400000,213218.38797645617,213218.38797645617,0,0.0,0.0,0.0,0.0
1709380800000,213218.38797645617,213218.38797645617,0,0.0,0.0,0.0,0.0
1709395200000,213218.38797645617,213218.38797645617,0,0.0,0.0,0.0,0.0
1709409600000,213218.38797645617,213218.38797645617,0,0.0,0.0,0.0,0.0
1709424000000,213218.38797645617,213218.38797645617,0,0.0,0.0,0.0,0.0
1709438400000,213218.38797645617,213218.38797645617,0,0.0,0.0,0.0,0.0
1709452800000,213218.38797645617,213218.38797645617,0,0.0,0.0,0.0,0.0
1709467200000,213218.38797645617,213218.38797645617,0,0.0,0.0,0.0,0.0
1709481600000,213218.38797645617,213218.38797645617,0,0.0,0.0,0.0,0.0
1709496000000,213218.38797645617,213218.38797645617,0,0.0,0.0,0.0,0.0
1709510400000,213218.38797645617,213218.38797645617,0,0.0,0.0,0.0,0.0
1709524800000,213218.38797645617,213218.38797645617,0,0.0,0.0,0.0,0.0
1709539200000,213218.38797645617,213218.38797645617,0,0.0,0.0,0.0,0.0
1709553600000,213218.38797645617,213218.38797645617,0,0.0,0.0,0.0,0.0
1709568000000,213218.38797645617,213218.38797645617,0,0.0,0.0,0.0,0.0
1709582400000,213218.38797645617,213218.38797645617,0,0.0,0.0,0.0,0.0
1709596800000,213218.38797645617,213218.38797645617,0,0.0,0.0,0.0,0.0
1709611200000,213218.38797645617,213218.38797645617,0,0.0,0.0,0.0,0.0
1709625600000,213218.38797645617,213218.38797645617,0,0.0,0.0,0.0,0.0
1709640000000,213218.38797645617,213218.38797645617,0,0.0,0.0,0.0,0.0
1709654400000,213218.38797645617,213218.38797645617,0,0.0,0.0,0.0,0.0
1709668800000,213218.38797645617,213218.38797645617,0,0.0,0.0,0.0,0.0
1709683200000,213218.38797645617,213218.38797645617,0,0.0,0.0,0.0,0.0
1709697600000,213218.38797645617,213218.38797645617,0,0.0,0.0,0.0,0.0
1709712000000,213218.38797645617,213218.38797645617,0,0.0,0.0,0.0,0.0
1709726400000,213218.38797645617,213218.38797645617,0,0.0,0.0,0.0,0.0
1709740800000,213218.38797645617,213218.38797645617,0,0.0,0.0,0.0,0.0
1709755200000,213218.38797645617,213218.38797645617,0,0.0,0.0,0.0,0.0
1709769600000,213218.38797645617,213218.38797645617,0,0.0,0.0,0.0,0.0
1709784000000,213218.38797645617,213218.38797645617,0,0.0,0.0,0.0,0.0
1709798400000,213218.38797645617,213218.38797645617,0,0.0,0.0,0.0,0.0
1709812800000,213218.38797645617,213218.38797645617,0,0.0,0.0,0.0,0.0
1709827200000,213218.38797645617,213218.38797645617,0,0.0,0.0,0.0,0.0
1709841600000,213218.38797645617,213218.38797645617,0,0.0,0.0,0.0,0.0
1709856000000,213218.38797645617,213218.38797645617,0,0.0,0.0,0.0,0.0
1709870400000,213218.38797645617,213218.38797645617,0,0.0,0.0,0.0,0.0
1709884800000,213218.38797645617,213218.38797645617,0,0.0,0.0,0.0,0.0
1709899200000,213218.38797645617,213218.38797645617,0,0.0,0.0,0.0,0.0
1709913600000,213218.38797645617,213218.38797645617,0,0.0,0.0,0.0,0.0
1709928000000,213218.38797645617,213218.38797645617,0,0.0,0.0,0.0,0.0
1709942400000,213218.38797645617,213218.38797645617,0,0.0,0.0,0.0,0.0
1709956800000,213218.38797645617,213218.38797645617,0,0.0,0.0,0.0,0.0
1709971200000,213218.38797645617,213218.38797645617,0,0.0,0.0,0.0,0.0
1709985600000,213218.38797645617,213218.38797645617,0,0.0,0.0,0.0,0.0
1710000000000,213218.38797645617,213218.38797645617,0,0.0,0.0,0.0,0.0
1710014400000,213218.38797645617,213218.38797645617,0,0.0,0.0,0.0,0.0
1710028800000,213218.38797645617,213218.38797645617,0,0.0,0.0,0.0,0.0
1710043200000,213218.38797645617,213218.38797645617,0,0.0,0.0,0.0,0.0
1710057600000,213218.38797645617,213218.38797645617,0,0.0,0.0,0.0,0.0
1710072000000,213218.38797645617,213218.38797645617,0,0.0,0.0,0.0,0.0
1710086400000,213218.38797645617,213218.38797645617,0,0.0,0.0,0.0,0.0
1710100800000,213218.38797645617,213218.38797645617,0,0.0,0.0,0.0,0.0
1710115200000,213218.38797645617,213218.38797645617,0,0.0,0.0,0.0,0.0
1710129600000,213218.38797645617,213218.38797645617,0,0.0,0.0,0.0,0.0
1710144000000,213218.38797645617,213218.38797645617,0,0.0,0.0,0.0,0.0
1710158400000,213218.38797645617,213218.38797645617,0,0.0,0.0,0.0,0.0
1710172800000,213218.38797645617,213218.38797645617,0,0.0,0.0,0.0,0.0
1710187200000,213218.38797645617,213218.38797645617,0,0.0,0.0,0.0,0.0
1710201600000,213218.38797645617,213218.38797645617,0,0.0,0.0,0.0,0.0
1710216000000,213218.38797645617,213218.38797645617,0,0.0,0.0,0.0,0.0
1710230400000,213218.38797645617,213218.38797645617,0,0.0,0.0,0.0,0.0
1710244800000,213218.38797645617,213218.38797645617,0,0.0,0.0,0.0,0.0
1710259200000,213218.38797645617,213218.38797645617,0,0.0,0.0,0.0,0.0
1710273600000,213218.38797645617,213218.38797645617,0,0.0,0.0,0.0,0.0
1710288000000,213218.38797645617,213218.38797645617,0,0.0,0.0,0.0,0.0
1710302400000,213218.38797645617,213218.38797645617,0,0.0,0.0,0.0,0.0
1710316800000,213218.38797645617,213218.38797645617,0,0.0,0.0,0.0,0.0
1710331200000,213218.38797645617,213218.38797645617,0,0.0,0.0,0.0,0.0
1710345600000,213218.38797645617,213218.38797645617,0,0.0,0.0,0.0,0.0
1710360000000,213218.38797645617,213218.38797645617,0,0.0,0.0,0.0,0.0
1710374400000,213218.38797645617,213218.38797645617,0,0.0,0.0,0.0,0.0
1710388800000,213218.38797645617,213218.38797645617,0,0.0,0.0,0.0,0.0
1710403200000,213218.38797645617,213218.38797645617,0,0.0,0.0,0.0,0.0
1710417600000,213218.38797645617,213218.38797645617,0,0.0,0.0,0.0,0.0
1710432000000,213218.38797645617,213218.38797645617,0,0.0,0.0,0.0,0.0
1710446400000,213218.38797645617,213218.38797645617,0,0.0,0.0,0.0,0.0
1710460800000,213218.38797645617,213218.38797645617,0,0.0,0.0,0.0,0.0
1710475200000,213218.38797645617,213218.38797645617,0,0.0,0.0,0.0,0.0
1710489600000,213218.38797645617,213218.38797645617,0,0.0,0.0,0.0,0.0
1710504000000,213218.38797645617,213218.38797645617,0,0.0,0.0,0.0,0.0
1710518400000,213218.38797645617,213218.38797645617,0,0.0,0.0,0.0,0.0
1710532800000,213218.38797645617,213218.38797645617,0,0.0,0.0,0.0,0.0
1710547200000,213218.38797645617,213218.38797645617,0,0.0,0.0,0.0,0.0
1710561600000,213218.38797645617,213218.38797645617,0,0.0,0.0,0.0,0.0
1710576000000,213218.38797645617,213218.38797645617,0,0.0,0.0,0.0,0.0
1710590400000,213218.38797645617,213218.38797645617,0,0.0,0.0,0.0,0.0
1710604800000,213218.38797645617,213218.38797645617,0,0.0,0.0,0.0,0.0
1710619200000,213218.38797645617,213218.38797645617,0,0.0,0.0,0.0,0.0
1710633600000,213218.38797645617,213218.38797645617,0,0.0,0.0,0.0,0.0
1710648000000,213218.38797645617,213218.38797645617,0,0.0,0.0,0.0,0.0
1710662400000,213218.38797645617,213218.38797645617,0,0.0,0.0,0.0,0.0
1710676800000,213218.38797645617,213218.38797645617,0,0.0,0.0,0.0,0.0
1710691200000,213218.38797645617,213218.38797645617,0,0.0,0.0,0.0,0.0
1710705600000,213218.38797645617,213218.38797645617,0,0.0,0.0,0.0,0.0
1710720000000,213218.38797645617,213218.38797645617,0,0.0,0.0,0.0,0.0
1710734400000,213218.38797645617,213218.38797645617,0,0.0,0.0,0.0,0.0
1710748800000,213218.38797645617,213218.38797645617,0,0.0,0.0,0.0,0.0
1710763200000,213218.38797645617,213218.38797645617,0,0.0,0.0,0.0,0.0
1710777600000,213218.38797645617,213218.38797645617,0,0.0,0.0,0.0,0.0
1710792000000,213218.38797645617,213218.38797645617,0,0.0,0.0,0.0,0.0
1710806400000,213218.38797645617,213218.38797645617,0,0.0,0.0,0.0,0.0
1710820800000,213218.38797645617,213218.38797645617,0,0.0,0.0,0.0,0.0
1710835200000,213218.38797645617,213218.38797645617,0,0.0,0.0,0.0,0.0
1710849600000,213218.38797645617,213218.38797645617,0,0.0,0.0,0.0,0.0
1710864000000,213218.38797645617,213218.38797645617,0,0.0,0.0,0.0,0.0
1710878400000,213218.38797645617,213218.38797645617,0,0.0,0.0,0.0,0.0
1710892800000,213218.38797645617,213218.38797645617,0,0.0,0.0,0.0,0.0
1710907200000,213218.38797645617,213218.38797645617,0,0.0,0.0,0.0,0.0
1710921600000,213218.38797645617,213218.38797645617,0,0.0,0.0,0.0,0.0
1710936000000,213218.38797645617,213218.38797645617,0,0.0,0.0,0.0,0.0
1710950400000,213218.38797645617,213218.38797645617,0,0.0,0.0,0.0,0.0
1710964800000,213218.38797645617,213218.38797645617,0,0.0,0.0,0.0,0.0
1710979200000,213218.38797645617,213218.38797645617,0,0.0,0.0,0.0,0.0
1710993600000,213218.38797645617,213218.38797645617,0,0.0,0.0,0.0,0.0
1711008000000,213218.38797645617,213218.38797645617,0,0.0,0.0,0.0,0.0
1711022400000,213218.38797645617,213218.38797645617,0,0.0,0.0,0.0,0.0
1711036800000,213218.38797645617,213218.38797645617,0,0.0,0.0,0.0,0.0
1711051200000,213218.38797645617,213218.38797645617,0,0.0,0.0,0.0,0.0
1711065600000,213218.38797645617,213218.38797645617,0,0.0,0.0,0.0,0.0
1711080000000,213218.38797645617,213218.38797645617,0,0.0,0.0,0.0,0.0
1711094400000,213218.38797645617,213218.38797645617,0,0.0,0.0,0.0,0.0
1711108800000,213218.38797645617,213218.38797645617,0,0.0,0.0,0.0,0.0
1711123200000,213218.38797645617,213218.38797645617,0,0.0,0.0,0.0,0.0
1711137600000,213218.38797645617,213218.38797645617,0,0.0,0.0,0.0,0.0
1711152000000,213218.38797645617,213218.38797645617,0,0.0,0.0,0.0,0.0
1711166400000,213218.38797645617,213218.38797645617,0,0.0,0.0,0.0,0.0
1711180800000,213218.38797645617,213218.38797645617,0,0.0,0.0,0.0,0.0
1711195200000,213218.38797645617,213218.38797645617,0,0.0,0.0,0.0,0.0
1711209600000,213218.38797645617,213218.38797645617,0,0.0,0.0,0.0,0.0
1711224000000,213218.38797645617,213218.38797645617,0,0.0,0.0,0.0,0.0
1711238400000,213218.38797645617,213218.38797645617,0,0.0,0.0,0.0,0.0
1711252800000,213218.38797645617,213218.38797645617,0,0.0,0.0,0.0,0.0
1711267200000,213218.38797645617,213218.38797645617,0,0.0,0.0,0.0,0.0
1711281600000,213218.38797645617,213218.38797645617,0,0.0,0.0,0.0,0.0
1711296000000,213218.38797645617,213218.38797645617,0,0.0,0.0,0.0,0.0
1711310400000,213218.38797645617,213218.38797645617,0,0.0,0.0,0.0,0.0
1711324800000,213218.38797645617,213218.38797645617,0,0.0,0.0,0.0,0.0
1711339200000,213218.38797645617,213218.38797645617,0,0.0,0.0,0.0,0.0
1711353600000,213218.38797645617,213218.38797645617,0,0.0,0.0,0.0,0.0
1711368000000,213218.38797645617,213218.38797645617,0,0.0,0.0,0.0,0.0
1711382400000,213218.38797645617,213218.38797645617,0,0.0,0.0,0.0,0.0
1711396800000,213218.38797645617,213218.38797645617,0,0.0,0.0,0.0,0.0
1711411200000,213218.38797645617,213218.38797645617,0,0.0,0.0,0.0,0.0
1711425600000,213218.38797645617,213218.38797645617,0,0.0,0.0,0.0,0.0
1711440000000,214250.3713148737,213172.53099810652,1,92791.79701607046,4264.367759529124,0.0,0.0
1711454400000,214614.90152279576,213153.26259879625,1,93175.59562330278,4264.367759529124,0.0,0.0
1711468800000,212487.04174770447,213153.26259879625,1,91047.7358482115,4264.367759529124,0.0,0.0
1711483200000,211503.90921013965,213130.34351319872,1,90087.52239624423,4264.367759529124,0.0,0.0
1711497600000,212525.77897634477,213130.34351319872,1,91109.39216244932,4264.367759529124,0.0,0.0
1711512000000,212303.94577896345,213101.12655332006,1,90916.77592494668,4264.367759529124,0.0,0.0
1711526400000,210746.28742159094,213101.12655332006,1,89359.11756757415,4264.367759529124,0.0,0.0
1711540800000,211537.9382296075,213064.95770040713,1,90186.93722850365,4264.367759529124,0.0,0.0
1711555200000,208713.1622143355,208713.1622143355,0,0.0,0.0,0.0,0.0
1711569600000,208713.1622143355,208713.1622143355,0,0.0,0.0,0.0,0.0
1711584000000,208713.1622143355,208713.1622143355,0,0.0,0.0,0.0,0.0
1711598400000,208713.1622143355,208713.1622143355,0,0.0,0.0,0.0,0.0
1711612800000,208713.1622143355,208713.1622143355,0,0.0,0.0,0.0,0.0
1711627200000,208713.1622143355,208713.1622143355,0,0.0,0.0,0.0,0.0
1711641600000,208713.1622143355,208713.1622143355,0,0.0,0.0,0.0,0.0
1711656000000,208713.1622143355,208713.1622143355,0,0.0,0.0,0.0,0.0
1711670400000,208713.1622143355,208713.1622143355,0,0.0,0.0,0.0,0.0
1711684800000,208713.1622143355,208713.1622143355,0,0.0,0.0,0.0,0.0
1711699200000,208713.1622143355,208713.1622143355,0,0.0,0.0,0.0,0.0
1711713600000,208713.1622143355,208713.1622143355,0,0.0,0.0,0.0,0.0
1711728000000,208713.1622143355,208713.1622143355,0,0.0,0.0,0.0,0.0
1711742400000,208713.1622143355,208713.1622143355,0,0.0,0.0,0.0,0.0
1711756800000,208713.1622143355,208713.1622143355,0,0.0,0.0,0.0,0.0
1711771200000,208713.1622143355,208713.1622143355,0,0.0,0.0,0.0,0.0
1711785600000,208713.1622143355,208713.1622143355,0,0.0,0.0,0.0,0.0
1711800000000,208713.1622143355,208713.1622143355,0,0.0,0.0,0.0,0.0
1711814400000,208713.1622143355,208713.1622143355,0,0.0,0.0,0.0,0.0
1711828800000,208713.1622143355,208713.1622143355,0,0.0,0.0,0.0,0.0
1711843200000,208713.1622143355,208713.1622143355,0,0.0,0.0,0.0,0.0
1711857600000,208713.1622143355,208713.1622143355,0,0.0,0.0,0.0,0.0
1711872000000,208713.1622143355,208713.1622143355,0,0.0,0.0,0.0,0.0
1711886400000,208713.1622143355,208713.1622143355,0,0.0,0.0,0.0,0.0
1711900800000,208713.1622143355,208713.1622143355,0,0.0,0.0,0.0,0.0
1711915200000,209638.88148893605,208623.43263568165,1,180474.6061609603,4174.26324428671,0.0,0.0
1711929600000,209908.3537761211,208623.43263568165,1,180744.07844814536,4174.26324428671,0.0,0.0
1711944000000,208097.22055252353,208513.34322493966,1,179043.03463528975,4174.26324428671,0.0,0.0
1711958400000,204163.83890781307,204163.83890781307,0,0.0,0.0,0.0,0.0
1711972800000,204163.83890781307,204163.83890781307,0,0.0,0.0,0.0,0.0
1711987200000,206377.3263426249,204112.0841285963,1,101244.31621950257,2041.638389078131,2041.638389078131,101244.31621950257
1712001600000,204829.73067329914,204126.08295744986,1,102805.91071768188,2041.638389078131,2041.638389078131,102805.91071768188
1712016000000,204034.83961104904,204126.08295744986,1,103600.801779932,2041.638389078131,2041.638389078131,103600.801779932
1712030400000,207953.75067749983,206133.35148825494,1,49934.38002752069,1020.8191945390655,1020.8191945390655,49934.38002752069
1712044800000,206583.11084072784,206583.11084072784,0,0.0,0.0,0.0,0.0
1712059200000,206583.11084072784,206583.11084072784,0,0.0,0.0,0.0,0.0
1712073600000,206583.11084072784,206583.11084072784,0,0.0,0.0,0.0,0.0
1712088000000,206583.11084072784,206583.11084072784,0,0.0,0.0,0.0,0.0
1712102400000,206583.11084072784,206583.11084072784,0,0.0,0.0,0.0,0.0
1712116800000,206583.11084072784,206583.11084072784,0,0.0,0.0,0.0,0.0
1712131200000,206583.11084072784,206583.11084072784,0,0.0,0.0,0.0,0.0
1712145600000,206583.11084072784,206583.11084072784,0,0.0,0.0,0.0,0.0
1712160000000,206583.11084072784,206583.11084072784,0,0.0,0.0,0.0,0.0
1712174400000,206583.11084072784,206583.11084072784,0,0.0,0.0,0.0,0.0
1712188800000,206583.11084072784,206583.11084072784,0,0.0,0.0,0.0,0.0
1712203200000,206583.11084072784,206583.11084072784,0,0.0,0.0,0.0,0.0
1712217600000,206583.11084072784,206583.11084072784,0,0.0,0.0,0.0,0.0
1712232000000,206583.11084072784,206583.11084072784,0,0.0,0.0,0.0,0.0
1712246400000,206583.11084072784,206583.11084072784,0,0.0,0.0,0.0,0.0
1712260800000,206583.11084072784,206583.11084072784,0,0.0,0.0,0.0,0.0
1712275200000,206583.11084072784,206583.11084072784,0,0.0,0.0,0.0,0.0
1712289600000,206583.11084072784,206583.11084072784,0,0.0,0.0,0.0,0.0
1712304000000,206583.11084072784,206583.11084072784,0,0.0,0.0,0.0,0.0
1712318400000,206583.11084072784,206583.11084072784,0,0.0,0.0,0.0,0.0
1712332800000,206583.11084072784,206583.11084072784,0,0.0,0.0,0.0,0.0
1712347200000,206583.11084072784,206583.11084072784,0,0.0,0.0,0.0,0.0
1712361600000,206583.11084072784,206583.11084072784,0,0.0,0.0,0.0,0.0
1712376000000,206583.11084072784,206583.11084072784,0,0.0,0.0,0.0,0.0
1712390400000,206583.11084072784,206583.11084072784,0,0.0,0.0,0.0,0.0
1712404800000,206583.11084072784,206583.11084072784,0,0.0,0.0,0.0,0.0
1712419200000,206583.11084072784,206583.11084072784,0,0.0,0.0,0.0,0.0
1712433600000,206583.11084072784,206583.11084072784,0,0.0,0.0,0.0,0.0
1712448000000,206583.11084072784,206583.11084072784,0,0.0,0.0,0.0,0.0
1712462400000,206583.11084072784,206583.11084072784,0,0.0,0.0,0.0,0.0
1712476800000,206583.11084072784,206583.11084072784,0,0.0,0.0,0.0,0.0
1712491200000,206583.11084072784,206583.11084072784,0,0.0,0.0,0.0,0.0
1712505600000,206583.11084072784,206583.11084072784,0,0.0,0.0,0.0,0.0
1712520000000,206583.11084072784,206583.11084072784,0,0.0,0.0,0.0,0.0
1712534400000,206583.11084072784,206583.11084072784,0,0.0,0.0,0.0,0.0
1712548800000,206583.11084072784,206583.11084072784,0,0.0,0.0,0.0,0.0
1712563200000,206583.11084072784,206583.11084072784,0,0.0,0.0,0.0,0.0
1712577600000,206583.11084072784,206583.11084072784,0,0.0,0.0,0.0,0.0
1712592000000,206583.11084072784,206583.11084072784,0,0.0,0.0,0.0,0.0
1712606400000,206583.11084072784,206583.11084072784,0,0.0,0.0,0.0,0.0
1712620800000,206583.11084072784,206583.11084072784,0,0.0,0.0,0.0,0.0
1712635200000,206583.11084072784,206583.11084072784,0,0.0,0.0,0.0,0.0
1712649600000,206583.11084072784,206583.11084072784,0,0.0,0.0,0.0,0.0
1712664000000,206583.11084072784,206583.11084072784,0,0.0,0.0,0.0,0.0
1712678400000,206583.11084072784,206583.11084072784,0,0.0,0.0,0.0,0.0
1712692800000,206583.11084072784,206583.11084072784,0,0.0,0.0,0.0,0.0
1712707200000,206583.11084072784,206583.11084072784,0,0.0,0.0,0.0,0.0
1712721600000,206583.11084072784,206583.11084072784,0,0.0,0.0,0.0,0.0
1712736000000,206583.11084072784,206583.11084072784,0,0.0,0.0,0.0,0.0
1712750400000,206583.11084072784,206583.11084072784,0,0.0,0.0,0.0,0.0
1712764800000,206583.11084072784,206583.11084072784,0,0.0,0.0,0.0,0.0
1712779200000,206583.11084072784,206583.11084072784,0,0.0,0.0,0.0,0.0
1712793600000,206583.11084072784,206583.11084072784,0,0.0,0.0,0.0,0.0
1712808000000,206583.11084072784,206583.11084072784,0,0.0,0.0,0.0,0.0
1712822400000,206583.11084072784,206583.11084072784,0,0.0,0.0,0.0,0.0
1712836800000,206583.11084072784,206583.11084072784,0,0.0,0.0,0.0,0.0
1712851200000,206583.11084072784,206583.11084072784,0,0.0,0.0,0.0,0.0
1712865600000,206583.11084072784,206583.11084072784,0,0.0,0.0,0.0,0.0
1712880000000,206583.11084072784,206583.11084072784,0,0.0,0.0,0.0,0.0
1712894400000,206583.11084072784,206583.11084072784,0,0.0,0.0,0.0,0.0
1712908800000,206583.11084072784,206583.11084072784,0,0.0,0.0,0.0,0.0
1712923200000,206583.11084072784,206583.11084072784,0,0.0,0.0,0.0,0.0
1712937600000,206583.11084072784,206583.11084072784,0,0.0,0.0,0.0,0.0
1712952000000,213775.27165259694,208542.4089926218,1,49060.00277160986,1032.9155542036392,1032.9155542036392,49060.00277160986
1712966400000,213717.04236915443,213717.04236915443,0,0.0,0.0,0.0,0.0
1712980800000,214470.1251185054,213651.76737380147,1,129731.63296119185,4274.340847383089,4274.340847383089,129731.63296119185
1712995200000,214613.4222094051,213651.76737380147,1,129588.33587029214,4274.340847383089,4274.340847383089,129588.33587029214
1713009600000,214674.14552217224,213664.72498960205,1,129540.57017332558,4274.340847383089,4274.340847383089,129540.57017332558
1713024000000,214483.082734306,213664.72498960205,1,129731.63296119185,4274.340847383089,4274.340847383089,129731.63296119185
1713038400000,224450.03339681256,217891.0210400153,1,58715.98299615062,2137.1704236915443,2137.1704236915443,58715.98299615062
1713052800000,226014.3599724676,217891.0210400153,1,57151.6564204956,2137.1704236915443,2137.1704236915443,57151.6564204956
1713067200000,225959.34178738127,225959.34178738127,0,0.0,0.0,0.0,0.0
1713081600000,225959.34178738127,225959.34178738127,0,0.0,0.0,0.0,0.0
1713096000000,225959.34178738127,225959.34178738127,0,0.0,0.0,0.0,0.0
1713110400000,225959.34178738127,225959.34178738127,0,0.0,0.0,0.0,0.0
1713124800000,225959.34178738127,225959.34178738127,0,0.0,0.0,0.0,0.0
1713139200000,225959.34178738127,225959.34178738127,0,0.0,0.0,0.0,0.0
1713153600000,225959.34178738127,225959.34178738127,0,0.0,0.0,0.0,0.0
1713168000000,225959.34178738127,225959.34178738127,0,0.0,0.0,0.0,0.0
1713182400000,225959.34178738127,225959.34178738127,0,0.0,0.0,0.0,0.0
1713196800000,225959.34178738127,225959.34178738127,0,0.0,0.0,0.0,0.0
1713211200000,225959.34178738127,225959.34178738127,0,0.0,0.0,0.0,0.0
1713225600000,225959.34178738127,225959.34178738127,0,0.0,0.0,0.0,0.0
1713240000000,225959.34178738127,225959.34178738127,0,0.0,0.0,0.0,0.0
1713254400000,225959.34178738127,225959.34178738127,0,0.0,0.0,0.0,0.0
1713268800000,225959.34178738127,225959.34178738127,0,0.0,0.0,0.0,0.0
1713283200000,225959.34178738127,225959.34178738127,0,0.0,0.0,0.0,0.0
1713297600000,225959.34178738127,225959.34178738127,0,0.0,0.0,0.0,0.0
1713312000000,225959.34178738127,225959.34178738127,0,0.0,0.0,0.0,0.0
1713326400000,225959.34178738127,225959.34178738127,0,0.0,0.0,0.0,0.0
1713340800000,225959.34178738127,225959.34178738127,0,0.0,0.0,0.0,0.0
1713355200000,225959.34178738127,225959.34178738127,0,0.0,0.0,0.0,0.0
1713369600000,225959.34178738127,225959.34178738127,0,0.0,0.0,0.0,0.0
1713384000000,225959.34178738127,225959.34178738127,0,0.0,0.0,0.0,0.0
1713398400000,225959.34178738127,225959.34178738127,0,0.0,0.0,0.0,0.0
1713412800000,225959.34178738127,225959.34178738127,0,0.0,0.0,0.0,0.0
1713427200000,225959.34178738127,225959.34178738127,0,0.0,0.0,0.0,0.0
1713441600000,225959.34178738127,225959.34178738127,0,0.0,0.0,0.0,0.0
1713456000000,225959.34178738127,225959.34178738127,0,0.0,0.0,0.0,0.0
1713470400000,225959.34178738127,225959.34178738127,0,0.0,0.0,0.0,0.0
1713484800000,225959.34178738127,225959.34178738127,0,0.0,0.0,0.0,0.0
1713499200000,225959.34178738127,225959.34178738127,0,0.0,0.0,0.0,0.0
1713513600000,225959.34178738127,225959.34178738127,0,0.0,0.0,0.0,0.0
1713528000000,225959.34178738127,225959.34178738127,0,0.0,0.0,0.0,0.0
1713542400000,225959.34178738127,225959.34178738127,0,0.0,0.0,0.0,0.0
1713556800000,225959.34178738127,225959.34178738127,0,0.0,0.0,0.0,0.0
1713571200000,225959.34178738127,225959.34178738127,0,0.0,0.0,0.0,0.0
1713585600000,225959.34178738127,225959.34178738127,0,0.0,0.0,0.0,0.0
1713600000000,225959.34178738127,225959.34178738127,0,0.0,0.0,0.0,0.0
1713614400000,225959.34178738127,225959.34178738127,0,0.0,0.0,0.0,0.0
1713628800000,225959.34178738127,225959.34178738127,0,0.0,0.0,0.0,0.0
1713643200000,225959.34178738127,225959.34178738127,0,0.0,0.0,0.0,0.0
1713657600000,225959.34178738127,225959.34178738127,0,0.0,0.0,0.0,0.0
1713672000000,225959.34178738127,225959.34178738127,0,0.0,0.0,0.0,0.0
1713686400000,225959.34178738127,225959.34178738127,0,0.0,0.0,0.0,0.0
1713700800000,225959.34178738127,225959.34178738127,0,0.0,0.0,0.0,0.0
1713715200000,225959.34178738127,225959.34178738127,0,0.0,0.0,0.0,0.0
1713729600000,225959.34178738127,225959.34178738127,0,0.0,0.0,0.0,0.0
1713744000000,225959.34178738127,225959.34178738127,0,0.0,0.0,0.0,0.0
1713758400000,225959.34178738127,225959.34178738127,0,0.0,0.0,0.0,0.0
1713772800000,225959.34178738127,225959.34178738127,0,0.0,0.0,0.0,0.0
1713787200000,225959.34178738127,225959.34178738127,0,0.0,0.0,0.0,0.0
1713801600000,225959.34178738127,225959.34178738127,0,0.0,0.0,0.0,0.0
1713816000000,225959.34178738127,225959.34178738127,0,0.0,0.0,0.0,0.0
1713830400000,225959.34178738127,225959.34178738127,0,0.0,0.0,0.0,0.0
1713844800000,225959.34178738127,225959.34178738127,0,0.0,0.0,0.0,0.0
1713859200000,225959.34178738127,225959.34178738127,0,0.0,0.0,0.0,0.0
1713873600000,225959.34178738127,225959.34178738127,0,0.0,0.0,0.0,0.0
1713888000000,225959.34178738127,225959.34178738127,0,0.0,0.0,0.0,0.0
1713902400000,225959.34178738127,225959.34178738127,0,0.0,0.0,0.0,0.0
1713916800000,225959.34178738127,225959.34178738127,0,0.0,0.0,0.0,0.0
1713931200000,225959.34178738127,225959.34178738127,0,0.0,0.0,0.0,0.0
1713945600000,225959.34178738127,225959.34178738127,0,0.0,0.0,0.0,0.0
1713960000000,225959.34178738127,225959.34178738127,0,0.0,0.0,0.0,0.0
1713974400000,225959.34178738127,225959.34178738127,0,0.0,0.0,0.0,0.0
1713988800000,225959.34178738127,225959.34178738127,0,0.0,0.0,0.0,0.0
1714003200000,225959.34178738127,225959.34178738127,0,0.0,0.0,0.0,0.0
1714017600000,226492.169427403,225888.49784829465,1,141084.20659417138,4519.186835747626,4519.186835747626,141084.20659417138
1714032000000,226998.08264581626,225888.49784829465,1,140578.2933757581,4519.186835747626,4519.186835747626,140578.2933757581
1714046400000,227119.1304107645,225897.12045359553,1,140465.8682161107,4519.186835747626,4519.186835747626,140465.8682161107
1714060800000,225732.55344178004,225897.12045359553,1,141852.4451850952,4519.186835747626,4519.186835747626,141852.4451850952
1714075200000,224837.96985907032,225911.30691136888,1,142761.21522557826,4519.186835747626,4519.186835747626,142761.21522557826
1714089600000,225915.37763902446,225911.30691136888,1,141683.80744562412,4519.186835747626,4519.186835747626,141683.80744562412
1714104000000,226563.09667438152,225903.2125154495,1,141027.99401434767,4519.186835747626,4519.186835747626,141027.99401434767
1714118400000,226956.5847331474,225903.2125154495,1,140634.5059555818,4519.186835747626,4519.186835747626,140634.5059555818
1714132800000,227391.9075148137,225907.57218513414,1,140203.54284360015,4519.186835747626,4519.186835747626,140203.54284360015
1714147200000,228825.32830031792,225907.57218513414,1,138770.1220580959,4519.186835747626,4519.186835747626,138770.1220580959
1714161600000,227754.80871583484,225914.46038060522,1,139847.52983805008,4519.186835747626,4519.186835747626,139847.52983805008
1714176000000,229019.591761868,225914.46038060522,1,138582.74679201693,4519.186835747626,4519.186835747626,138582.74679201693
1714190400000,232620.1441562902,230374.28998116654,1,68598.08491151621,2259.593417873813,2259.593417873813,68598.08491151621
1714204800000,233294.6951141745,230374.28998116654,1,67923.53395363186,2259.593417873813,2259.593417873813,67923.53395363186
1714219200000,233743.60297874053,230378.18158879498,1,67478.5176966943,2259.593417873813,2259.593417873813,67478.5176966943
1714233600000,233036.26134929238,230378.18158879498,1,68185.85932614245,2259.593417873813,2259.593417873813,68185.85932614245
1714248000000,231274.9611656283,231274.9611656283,0,0.0,0.0,0.0,0.0
1714262400000,231274.9611656283,231274.9611656283,0,0.0,0.0,0.0,0.0
1714276800000,231274.9611656283,231274.9611656283,0,0.0,0.0,0.0,0.0
1714291200000,231274.9611656283,231274.9611656283,0,0.0,0.0,0.0,0.0
1714305600000,231274.9611656283,231274.9611656283,0,0.0,0.0,0.0,0.0
1714320000000,231274.9611656283,231274.9611656283,0,0.0,0.0,0.0,0.0
1714334400000,231274.9611656283,231274.9611656283,0,0.0,0.0,0.0,0.0
1714348800000,231274.9611656283,231274.9611656283,0,0.0,0.0,0.0,0.0
1714363200000,234640.1801665964,231136.43094093658,1,273556.70015779586,4625.499223312566,4625.499223312566,273556.70015779586
1714377600000,236424.2499964624,231036.53122157036,2,471472.169341021,9318.302826644494,9318.302826644494,471472.169341021
1714392000000,237968.30274101952,230880.32639902263,3,660181.2287354287,14046.56806528589,14046.56806528589,660181.2287354287
1714406400000,226329.70120907156,230880.32639902263,3,671819.8302673766,14046.56806528589,14046.56806528589,671819.8302673766
1714420800000,227112.81725277173,227235.97543246264,2,390331.9138736607,9421.068841973323,9421.068841973323,390331.9138736607
1714435200000,220511.98285114887,223139.03628226375,1,193036.37039262734,4728.265238641396,4728.265238641396,193036.37039262734
1714449600000,218222.59961872676,218222.59961872676,0,0.0,0.0,0.0,0.0
1714464000000,218222.59961872676,218222.59961872676,0,0.0,0.0,0.0,0.0
1714478400000,218222.59961872676,218222.59961872676,0,0.0,0.0,0.0,0.0
1714492800000,218877.4377215574,217930.56997022324,3,583112.4292557528,13068.690777906839,13068.690777906839,583112.4292557528
1714507200000,232050.48534510913,222185.43950825257,3,439540.486371474,10886.464781719573,10886.464781719573,439540.486371474
1714521600000,217728.4988565525,214445.48001830562,2,273047.07261302194,6541.290490758599,6541.290490758599,273047.07261302194
1714536000000,219279.8675728467,214453.8604318948,2,271504.0843103169,6541.290490758599,6541.290490758599,271504.0843103169
1714550400000,231296.78658735633,218746.42920785974,2,192941.570745516,4361.758243472934,4361.758243472934,192941.570745516
1714564800000,229135.51404335894,218764.38807416396,2,195120.8021558176,4361.758243472934,4361.758243472934,195120.8021558176
1714579200000,231141.80826955213,218764.38807416396,2,193114.5079296244,4361.758243472934,4361.758243472934,193114.5079296244
1714593600000,223953.17877464183,223953.17877464183,0,0.0,0.0,0.0,0.0
1714608000000,223953.17877464183,223953.17877464183,0,0.0,0.0,0.0,0.0
1714622400000,223953.17877464183,223953.17877464183,0,0.0,0.0,0.0,0.0
1714636800000,223953.17877464183,223953.17877464183,0,0.0,0.0,0.0,0.0
1714651200000,223953.17877464183,223953.17877464183,0,0.0,0.0,0.0,0.0
1714665600000,223953.17877464183,223953.17877464183,0,0.0,0.0,0.0,0.0
1714680000000,223953.17877464183,223953.17877464183,0,0.0,0.0,0.0,0.0
1714694400000,223953.17877464183,223953.17877464183,0,0.0,0.0,0.0,0.0
1714708800000,223953.17877464183,223953.17877464183,0,0.0,0.0,0.0,0.0
1714723200000,223953.17877464183,223953.17877464183,0,0.0,0.0,0.0,0.0
1714737600000,223953.17877464183,223953.17877464183,0,0.0,0.0,0.0,0.0
1714752000000,223953.17877464183,223953.17877464183,0,0.0,0.0,0.0,0.0
1714766400000,223953.17877464183,223953.17877464183,0,0.0,0.0,0.0,0.0
1714780800000,223953.17877464183,223953.17877464183,0,0.0,0.0,0.0,0.0
1714795200000,223953.17877464183,223953.17877464183,0,0.0,0.0,0.0,0.0
1714809600000,223953.17877464183,223953.17877464183,0,0.0,0.0,0.0,0.0
1714824000000,223953.17877464183,223953.17877464183,0,0.0,0.0,0.0,0.0
1714838400000,223953.17877464183,223953.17877464183,0,0.0,0.0,0.0,0.0
1714852800000,223953.17877464183,223953.17877464183,0,0.0,0.0,0.0,0.0
1714867200000,223953.17877464183,223953.17877464183,0,0.0,0.0,0.0,0.0
1714881600000,223953.17877464183,223953.17877464183,0,0.0,0.0,0.0,0.0
1714896000000,223953.17877464183,223953.17877464183,0,0.0,0.0,0.0,0.0
1714910400000,223953.17877464183,223953.17877464183,0,0.0,0.0,0.0,0.0
1714924800000,223953.17877464183,223953.17877464183,0,0.0,0.0,0.0,0.0
1714939200000,223953.17877464183,223953.17877464183,0,0.0,0.0,0.0,0.0
1714953600000,223953.17877464183,223953.17877464183,0,0.0,0.0,0.0,0.0
1714968000000,223953.17877464183,223953.17877464183,0,0.0,0.0,0.0,0.0
1714982400000,223953.17877464183,223953.17877464183,0,0.0,0.0,0.0,0.0
1714996800000,223953.17877464183,223953.17877464183,0,0.0,0.0,0.0,0.0
1715011200000,223953.17877464183,223953.17877464183,0,0.0,0.0,0.0,0.0
1715025600000,223953.17877464183,223953.17877464183,0,0.0,0.0,0.0,0.0
1715040000000,223953.17877464183,223953.17877464183,0,0.0,0.0,0.0,0.0
1715054400000,223953.17877464183,223953.17877464183,0,0.0,0.0,0.0,0.0
1715068800000,223953.17877464183,223953.17877464183,0,0.0,0.0,0.0,0.0
1715083200000,223953.17877464183,223953.17877464183,0,0.0,0.0,0.0,0.0
1715097600000,223953.17877464183,223953.17877464183,0,0.0,0.0,0.0,0.0
1715112000000,223953.17877464183,223953.17877464183,0,0.0,0.0,0.0,0.0
1715126400000,223953.17877464183,223953.17877464183,0,0.0,0.0,0.0,0.0
1715140800000,222379.9344968402,223846.15175874677,1,215520.24905201752,4479.063575492836,4479.063575492836,215520.24905201752
1715155200000,228166.48321266845,223765.61898838368,2,370718.70829201,8926.66226542964,8926.66226542964,370718.70829201
1715169600000,228887.55094560716,223679.08330374857,3,565664.9673625965,13490.12741488795,13490.12741488795,565664.9673625965
1715184000000,219744.45654503553,218981.4319996163,2,356056.37866892497,9011.063839395112,9011.063839395112,356056.37866892497
1715198400000,218278.35088799335,214253.20320544933,1,157040.39304363978,4447.5986899368045,4447.5986899368045,157040.39304363978
1715212800000,220068.60954189632,214253.20320544933,1,155250.1343897368,4447.5986899368045,4447.5986899368045,155250.1343897368
1715227200000,218717.61421252193,214263.16981195015,1,156611.09632561202,4447.5986899368045,4447.5986899368045,156611.09632561202
1715241600000,218923.1285988118,214263.16981195015,1,156405.58193932215,4447.5986899368045,4447.5986899368045,156405.58193932215
1715256000000,219784.4711948476,214261.35198556844,1,155542.42151690464,4447.5986899368045,4447.5986899368045,155542.42151690464
1715270400000,218565.0858361943,214261.35198556844,1,156761.80687555793,4447.5986899368045,4447.5986899368045,156761.80687555793
1715284800000,217058.0635674831,214270.5691890403,1,158278.046347741,4447.5986899368045,4447.5986899368045,158278.046347741
1715299200000,214066.90539604443,214066.90539604443,0,0.0,0.0,0.0,0.0
1715313600000,214066.90539604443,214066.90539604443,0,0.0,0.0,0.0,0.0
1715328000000,214066.90539604443,214066.90539604443,0,0.0,0.0,0.0,0.0
1715342400000,214066.90539604443,214066.90539604443,0,0.0,0.0,0.0,0.0
1715356800000,214066.90539604443,214066.90539604443,0,0.0,0.0,0.0,0.0
1715371200000,214066.90539604443,214066.90539604443,0,0.0,0.0,0.0,0.0
1715385600000,213158.772994995,213950.2053373417,1,234191.549747817,4281.338107920888,4281.338107920888,234191.549747817
1715400000000,211995.76599541938,213867.2708486986,2,436634.67082472285,8544.868508533586,8544.868508533586,436634.67082472285
1715414400000,210979.2082467012,213867.2708486986,2,437651.22857344104,8544.868508533586,8544.868508533586,437651.22857344104
1715428800000,214448.34572369972,213879.0845861276,2,434193.9048338715,8544.868508533586,8544.868508533586,434193.9048338715
1715443200000,212737.825396361,213879.0845861276,2,435904.42516121024,8544.868508533586,8544.868508533586,435904.42516121024
1715457600000,212582.00538413905,213910.07081575392,2,436091.23140305857,8544.868508533586,8544.868508533586,436091.23140305857
1715472000000,216584.16565699427,213910.07081575392,2,432089.0711302033,8544.868508533586,8544.868508533586,432089.0711302033
1715486400000,215068.80673058477,213942.82737722067,2,433637.18661807955,8544.868508533586,8544.868508533586,433637.18661807955
1715500800000,216953.13663308672,213942.82737722067,2,431752.85671557765,8544.868508533586,8544.868508533586,431752.85671557765
1715515200000,212980.36935129316,213959.30503749338,2,435742.1016576439,8544.868508533586,8544.868508533586,435742.1016576439
1715529600000,211305.8531438528,213959.30503749338,2,437416.61786508426,8544.868508533586,8544.868508533586,437416.61786508426
1715544000000,210147.39936004087,209460.234234022,1,200675.88343995454,4263.530400612698,4263.530400612698,200675.88343995454
1715558400000,209374.36832523253,209460.234234022,1,201448.91447476286,4263.530400612698,4263.530400612698,201448.91447476286
1715572800000,212893.67257733582,209471.16686661055,1,197940.54285524812,4263.530400612698,4263.530400612698,197940.54285524812
1715587200000,210425.91965852462,209471.16686661055,1,200408.29577405934,4263.530400612698,4263.530400612698,200408.29577405934
1715601600000,208852.91228748954,208852.91228748954,0,0.0,0.0,0.0,0.0
1715616000000,208852.91228748954,208852.91228748954,0,0.0,0.0,0.0,0.0
1715630400000,208852.91228748954,208852.91228748954,0,0.0,0.0,0.0,0.0
1715644800000,208852.91228748954,208852.91228748954,0,0.0,0.0,0.0,0.0
1715659200000,208852.91228748954,208852.91228748954,0,0.0,0.0,0.0,0.0
1715673600000,208852.91228748954,208852.91228748954,0,0.0,0.0,0.0,0.0
1715688000000,208852.91228748954,208852.91228748954,0,0.0,0.0,0.0,0.0
1715702400000,208852.91228748954,208852.91228748954,0,0.0,0.0,0.0,0.0
1715716800000,208993.4350504746,208711.1216279639,1,283299.00562876917,4177.058245749791,4177.058245749791,283299.00562876917
1715731200000,212290.27579805136,208486.9745780033,3,728072.1177524141,12527.687661874406,12527.687661874406,728072.1177524141
1715745600000,210778.64702357215,208174.66221195168,3,729271.4341608416,12527.687661874406,12527.687661874406,729271.4341608416
1715760000000,209072.6517626234,208174.66221195168,3,730977.4294217904,12527.687661874406,12527.687661874406,730977.4294217904
1715774400000,211742.27942547284,207985.73654469624,3,728118.8760916856,12527.687661874406,12527.687661874406,728118.8760916856
1715788800000,195091.60373958264,195091.60373958264,0,0.0,0.0,0.0,0.0
1715803200000,195091.60373958264,195091.60373958264,0,0.0,0.0,0.0,0.0
1715817600000,195091.60373958264,195091.60373958264,0,0.0,0.0,0.0,0.0
1715832000000,195091.60373958264,195091.60373958264,0,0.0,0.0,0.0,0.0
1715846400000,195091.60373958264,195091.60373958264,0,0.0,0.0,0.0,0.0
1715860800000,195091.60373958264,195091.60373958264,0,0.0,0.0,0.0,0.0
1715875200000,195091.60373958264,195091.60373958264,0,0.0,0.0,0.0,0.0
1715889600000,195091.60373958264,195091.60373958264,0,0.0,0.0,0.0,0.0
1715904000000,195091.60373958264,195091.60373958264,0,0.0,0.0,0.0,0.0
1715918400000,195091.60373958264,195091.60373958264,0,0.0,0.0,0.0,0.0
1715932800000,195091.60373958264,195091.60373958264,0,0.0,0.0,0.0,0.0
1715947200000,195091.60373958264,195091.60373958264,0,0.0,0.0,0.0,0.0
1715961600000,195091.60373958264,195091.60373958264,0,0.0,0.0,0.0,0.0
1715976000000,195091.60373958264,195091.60373958264,0,0.0,0.0,0.0,0.0
1715990400000,195091.60373958264,195091.60373958264,0,0.0,0.0,0.0,0.0
1716004800000,195091.60373958264,195091.60373958264,0,0.0,0.0,0.0,0.0
1716019200000,195091.60373958264,195091.60373958264,0,0.0,0.0,0.0,0.0
1716033600000,195091.60373958264,195091.60373958264,0,0.0,0.0,0.0,0.0
1716048000000,195091.60373958264,195091.60373958264,0,0.0,0.0,0.0,0.0
1716062400000,195091.60373958264,195091.60373958264,0,0.0,0.0,0.0,0.0
1716076800000,195091.60373958264,195091.60373958264,0,0.0,0.0,0.0,0.0
1716091200000,195091.60373958264,195091.60373958264,0,0.0,0.0,0.0,0.0
1716105600000,195091.60373958264,195091.60373958264,0,0.0,0.0,0.0,0.0
1716120000000,195091.60373958264,195091.60373958264,0,0.0,0.0,0.0,0.0
1716134400000,195091.60373958264,195091.60373958264,0,0.0,0.0,0.0,0.0
1716148800000,195091.60373958264,195091.60373958264,0,0.0,0.0,0.0,0.0
1716163200000,195091.60373958264,195091.60373958264,0,0.0,0.0,0.0,0.0
1716177600000,195091.60373958264,195091.60373958264,0,0.0,0.0,0.0,0.0
1716192000000,195091.60373958264,195091.60373958264,0,0.0,0.0,0.0,0.0
1716206400000,195091.60373958264,195091.60373958264,0,0.0,0.0,0.0,0.0
1716220800000,195091.60373958264,195091.60373958264,0,0.0,0.0,0.0,0.0
1716235200000,195091.60373958264,195091.60373958264,0,0.0,0.0,0.0,0.0
1716249600000,195091.60373958264,195091.60373958264,0,0.0,0.0,0.0,0.0
1716264000000,195091.60373958264,195091.60373958264,0,0.0,0.0,0.0,0.0
1716278400000,195091.60373958264,195091.60373958264,0,0.0,0.0,0.0,0.0
1716292800000,195091.60373958264,195091.60373958264,0,0.0,0.0,0.0,0.0
1716307200000,195091.60373958264,195091.60373958264,0,0.0,0.0,0.0,0.0
1716321600000,195091.60373958264,195091.60373958264,0,0.0,0.0,0.0,0.0
1716336000000,195091.60373958264,195091.60373958264,0,0.0,0.0,0.0,0.0
1716350400000,195091.60373958264,195091.60373958264,0,0.0,0.0,0.0,0.0
1716364800000,195091.60373958264,195091.60373958264,0,0.0,0.0,0.0,0.0
1716379200000,195091.60373958264,195091.60373958264,0,0.0,0.0,0.0,0.0
1716393600000,195091.60373958264,195091.60373958264,0,0.0,0.0,0.0,0.0
1716408000000,195091.60373958264,195091.60373958264,0,0.0,0.0,0.0,0.0
1716422400000,195091.60373958264,195091.60373958264,0,0.0,0.0,0.0,0.0
1716436800000,195091.60373958264,195091.60373958264,0,0.0,0.0,0.0,0.0
1716451200000,195091.60373958264,195091.60373958264,0,0.0,0.0,0.0,0.0
1716465600000,195091.60373958264,195091.60373958264,0,0.0,0.0,0.0,0.0
1716480000000,195091.60373958264,195091.60373958264,0,0.0,0.0,0.0,0.0
1716494400000,195091.60373958264,195091.60373958264,0,0.0,0.0,0.0,0.0
1716508800000,195091.60373958264,195091.60373958264,0,0.0,0.0,0.0,0.0
1716523200000,195091.60373958264,195091.60373958264,0,0.0,0.0,0.0,0.0
1716537600000,195091.60373958264,195091.60373958264,0,0.0,0.0,0.0,0.0
1716552000000,195091.60373958264,195091.60373958264,0,0.0,0.0,0.0,0.0
1716566400000,195091.60373958264,195091.60373958264,0,0.0,0.0,0.0,0.0
1716580800000,195091.60373958264,195091.60373958264,0,0.0,0.0,0.0,0.0
1716595200000,195091.60373958264,195091.60373958264,0,0.0,0.0,0.0,0.0
1716609600000,195091.60373958264,195091.60373958264,0,0.0,0.0,0.0,0.0
1716624000000,195091.60373958264,195091.60373958264,0,0.0,0.0,0.0,0.0
1716638400000,195091.60373958264,195091.60373958264,0,0.0,0.0,0.0,0.0
1716652800000,195091.60373958264,195091.60373958264,0,0.0,0.0,0.0,0.0
1716667200000,195091.60373958264,195091.60373958264,0,0.0,0.0,0.0,0.0
1716681600000,195091.60373958264,195091.60373958264,0,0.0,0.0,0.0,0.0
1716696000000,195091.60373958264,195091.60373958264,0,0.0,0.0,0.0,0.0
1716710400000,195091.60373958264,195091.60373958264,0,0.0,0.0,0.0,0.0
1716724800000,195091.60373958264,195091.60373958264,0,0.0,0.0,0.0,0.0
1716739200000,195091.60373958264,195091.60373958264,0,0.0,0.0,0.0,0.0
1716753600000,195091.60373958264,195091.60373958264,0,0.0,0.0,0.0,0.0
1716768000000,195091.60373958264,195091.60373958264,0,0.0,0.0,0.0,0.0
1716782400000,195091.60373958264,195091.60373958264,0,0.0,0.0,0.0,0.0
1716796800000,195091.60373958264,195091.60373958264,0,0.0,0.0,0.0,0.0
1716811200000,195091.60373958264,195091.60373958264,0,0.0,0.0,0.0,0.0
1716825600000,195091.60373958264,195091.60373958264,0,0.0,0.0,0.0,0.0
1716840000000,195091.60373958264,195091.60373958264,0,0.0,0.0,0.0,0.0
1716854400000,195091.60373958264,195091.60373958264,0,0.0,0.0,0.0,0.0
1716868800000,195091.60373958264,195091.60373958264,0,0.0,0.0,0.0,0.0
1716883200000,195091.60373958264,195091.60373958264,0,0.0,0.0,0.0,0.0
1716897600000,193004.59513250834,193004.59513250834,0,0.0,0.0,0.0,0.0
1716912000000,193004.59513250834,193004.59513250834,0,0.0,0.0,0.0,0.0
1716926400000,193004.59513250834,193004.59513250834,0,0.0,0.0,0.0,0.0
1716940800000,193004.59513250834,193004.59513250834,0,0.0,0.0,0.0,0.0
1716955200000,193004.59513250834,193004.59513250834,0,0.0,0.0,0.0,0.0
1716969600000,193004.59513250834,193004.59513250834,0,0.0,0.0,0.0,0.0
1716984000000,193004.59513250834,193004.59513250834,0,0.0,0.0,0.0,0.0
1716998400000,193004.59513250834,193004.59513250834,0,0.0,0.0,0.0,0.0
1717012800000,193004.59513250834,193004.59513250834,0,0.0,0.0,0.0,0.0
1717027200000,193004.59513250834,193004.59513250834,0,0.0,0.0,0.0,0.0
1717041600000,193004.59513250834,193004.59513250834,0,0.0,0.0,0.0,0.0
1717056000000,193004.59513250834,193004.59513250834,0,0.0,0.0,0.0,0.0
1717070400000,190896.17363159484,190896.17363159484,0,0.0,0.0,0.0,0.0
1717084800000,190896.17363159484,190896.17363159484,0,0.0,0.0,0.0,0.0
1717099200000,190896.17363159484,190896.17363159484,0,0.0,0.0,0.0,0.0
1717113600000,190896.17363159484,190896.17363159484,0,0.0,0.0,0.0,0.0
1717128000000,190896.17363159484,190896.17363159484,0,0.0,0.0,0.0,0.0
1717142400000,190896.17363159484,190896.17363159484,0,0.0,0.0,0.0,0.0
1717156800000,190896.17363159484,190896.17363159484,0,0.0,0.0,0.0,0.0
1717171200000,190896.17363159484,190896.17363159484,0,0.0,0.0,0.0,0.0
1717185600000,190896.17363159484,190896.17363159484,0,0.0,0.0,0.0,0.0
1717200000000,190896.17363159484,190896.17363159484,0,0.0,0.0,0.0,0.0
1717214400000,190237.51645148732,190845.52876579665,1,101897.74391065422,1908.9617363159484,1908.9617363159484,101897.74391065422
1717228800000,189869.67065663624,190845.52876579665,1,102265.58970550529,1908.9617363159484,1908.9617363159484,102265.58970550529
1717243200000,189558.86815828222,190855.7553247672,1,102586.61876282986,1908.9617363159484,1908.9617363159484,102586.61876282986
1717257600000,189422.87668261002,190855.7553247672,1,102722.61023850206,1908.9617363159484,1908.9617363159484,102722.61023850206
1717272000000,189245.88199352784,190866.02758579105,1,102909.87718860808,1908.9617363159484,1908.9617363159484,102909.87718860808
1717286400000,188853.8413564691,188853.8413564691,0,0.0,0.0,0.0,0.0
1717300800000,188853.8413564691,188853.8413564691,0,0.0,0.0,0.0,0.0
1717315200000,188853.8413564691,188853.8413564691,0,0.0,0.0,0.0,0.0
1717329600000,188853.8413564691,188853.8413564691,0,0.0,0.0,0.0,0.0
1717344000000,188853.8413564691,188853.8413564691,0,0.0,0.0,0.0,0.0
1717358400000,188853.8413564691,188853.8413564691,0,0.0,0.0,0.0,0.0
1717372800000,188853.8413564691,188853.8413564691,0,0.0,0.0,0.0,0.0
1717387200000,188853.8413564691,188853.8413564691,0,0.0,0.0,0.0,0.0
1717401600000,188853.8413564691,188853.8413564691,0,0.0,0.0,0.0,0.0
1717416000000,188853.8413564691,188853.8413564691,0,0.0,0.0,0.0,0.0
1717430400000,188853.8413564691,188853.8413564691,0,0.0,0.0,0.0,0.0
1717444800000,188853.8413564691,188853.8413564691,0,0.0,0.0,0.0,0.0
1717459200000,188853.8413564691,188853.8413564691,0,0.0,0.0,0.0,0.0
1717473600000,188853.8413564691,188853.8413564691,0,0.0,0.0,0.0,0.0
1717488000000,188853.8413564691,188853.8413564691,0,0.0,0.0,0.0,0.0
1717502400000,188853.8413564691,188853.8413564691,0,0.0,0.0,0.0,0.0
1717516800000,188853.8413564691,188853.8413564691,0,0.0,0.0,0.0,0.0
1717531200000,188853.8413564691,188853.8413564691,0,0.0,0.0,0.0,0.0
1717545600000,188853.8413564691,188853.8413564691,0,0.0,0.0,0.0,0.0
1717560000000,188853.8413564691,188853.8413564691,0,0.0,0.0,0.0,0.0
1717574400000,188853.8413564691,188853.8413564691,0,0.0,0.0,0.0,0.0
1717588800000,188853.8413564691,188853.8413564691,0,0.0,0.0,0.0,0.0
1717603200000,188853.8413564691,188853.8413564691,0,0.0,0.0,0.0,0.0
1717617600000,187051.0250074747,188775.55135769906,1,154855.4711898588,3777.0768271293823,0.0,0.0
1717632000000,187578.90681799952,188775.55135769906,1,155383.35300038365,3777.0768271293823,0.0,0.0
1717646400000,187803.3742159129,188750.3932892795,1,155632.97846671657,3777.0768271293823,0.0,0.0
1717660800000,186713.6114274057,188750.3932892795,1,154543.21567820938,3777.0768271293823,0.0,0.0
1717675200000,187138.61331494746,188719.09056094388,1,154999.52029408677,3777.0768271293823,0.0,0.0
1717689600000,187007.0902197828,188719.09056094388,1,154867.99719892212,3777.0768271293823,0.0,0.0
1717704000000,184757.1019439476,184757.1019439476,0,0.0,0.0,0.0,0.0
1717718400000,184757.1019439476,184757.1019439476,0,0.0,0.0,0.0,0.0
1717732800000,184757.1019439476,184757.1019439476,0,0.0,0.0,0.0,0.0
1717747200000,184757.1019439476,184757.1019439476,0,0.0,0.0,0.0,0.0
1717761600000,184757.1019439476,184757.1019439476,0,0.0,0.0,0.0,0.0
1717776000000,184757.1019439476,184757.1019439476,0,0.0,0.0,0.0,0.0
1717790400000,184757.1019439476,184757.1019439476,0,0.0,0.0,0.0,0.0
1717804800000,183535.3971660825,184678.6163602159,2,158114.38665754301,3694.2525256546273,3694.2525256546273,158114.38665754301
1717819200000,183150.2840320793,184694.4287196651,2,158515.31215099536,3694.2525256546273,3694.2525256546273,158515.31215099536
1717833600000,183216.15621528006,184694.4287196651,2,158449.43996779463,3694.2525256546273,3694.2525256546273,158449.43996779463
1717848000000,185767.5500501009,184710.2710117967,2,155913.88842510537,3694.2525256546273,3694.2525256546273,155913.88842510537
1717862400000,185481.89652907554,184710.2710117967,2,156199.54194613072,3694.2525256546273,3694.2525256546273,156199.54194613072
1717876800000,185625.77492501214,184725.89081261912,2,156071.28335101658,3694.2525256546273,3694.2525256546273,156071.28335101658
1717891200000,185785.226726083,184725.89081261912,2,155911.8315499457,3694.2525256546273,3694.2525256546273,155911.8315499457
1717905600000,185852.5972594885,184741.4819957741,2,155860.0521996952,3694.2525256546273,3694.2525256546273,155860.0521996952
1717920000000,185657.99404750817,184741.4819957741,2,156054.6554116755,3694.2525256546273,3694.2525256546273,156054.6554116755
1717934400000,185445.26725347782,184757.0867260716,2,156282.98693600338,3694.2525256546273,3694.2525256546273,156282.98693600338
1717948800000,184938.09240776708,184757.0867260716,2,156790.16178171412,3694.2525256546273,3694.2525256546273,156790.16178171412
1717963200000,184097.76805232794,184772.76647124626,2,157646.1658823279,3694.2525256546273,3694.2525256546273,157646.1658823279
1717977600000,184367.58875354222,184772.76647124626,2,157376.34518111363,3694.2525256546273,3694.2525256546273,157376.34518111363
1717992000000,184290.22482968128,184788.50393402428,2,157469.44656775257,3694.2525256546273,3694.2525256546273,157469.44656775257
1718006400000,186806.4577812721,184788.50393402428,2,154953.21361616178,3694.2525256546273,3694.2525256546273,154953.21361616178
1718020800000,185523.3809344435,184804.00140351488,2,156251.78793248095,3694.2525256546273,3694.2525256546273,156251.78793248095
1718035200000,183486.33296537638,182969.33324256344,1,67525.08869958023,1846.6815062151516,1846.6815062151516,67525.08869958023
1718049600000,184664.04076961477,182976.0857514334,1,66354.13340421178,1846.6815062151516,1846.6815062151516,66354.13340421178
1718064000000,184544.6492493027,182976.0857514334,1,66473.52492452387,1846.6815062151516,1846.6815062151516,66473.52492452387
1718078400000,186176.17532753726,184797.23196781747,1,32642.10085147678,923.3407531075758,923.3407531075758,32642.10085147678
1718092800000,186431.03030358805,184797.23196781747,1,32387.245875426,923.3407531075758,923.3407531075758,32387.245875426
1718107200000,186397.5329461728,184800.47046280594,1,32423.98172782972,923.3407531075758,923.3407531075758,32423.98172782972
1718121600000,187419.24884115116,184800.47046280594,1,31402.26583285137,923.3407531075758,923.3407531075758,31402.26583285137
1718136000000,187158.35012858274,184803.61068938923,1,31666.304772003074,923.3407531075758,923.3407531075758,31666.304772003074
1718150400000,187137.68621160564,184803.61068938923,1,31686.968688980167,923.3407531075758,923.3407531075758,31686.968688980167
1718164800000,186968.65560033213,184806.77938625813,1,31859.167997122586,923.3407531075758,923.3407531075758,31859.167997122586
1718179200000,186681.16254716422,186681.16254716422,0,0.0,0.0,0.0,0.0
1718193600000,186681.16254716422,186681.16254716422,0,0.0,0.0,0.0,0.0
1718208000000,186681.16254716422,186681.16254716422,0,0.0,0.0,0.0,0.0
1718222400000,186681.16254716422,186681.16254716422,0,0.0,0.0,0.0,0.0
1718236800000,186681.16254716422,186681.16254716422,0,0.0,0.0,0.0,0.0
1718251200000,186681.16254716422,186681.16254716422,0,0.0,0.0,0.0,0.0
1718265600000,186681.16254716422,186681.16254716422,0,0.0,0.0,0.0,0.0
1718280000000,186681.16254716422,186681.16254716422,0,0.0,0.0,0.0,0.0
1718294400000,186681.16254716422,186681.16254716422,0,0.0,0.0,0.0,0.0
1718308800000,186681.16254716422,186681.16254716422,0,0.0,0.0,0.0,0.0
1718323200000,186681.16254716422,186681.16254716422,0,0.0,0.0,0.0,0.0
1718337600000,186681.16254716422,186681.16254716422,0,0.0,0.0,0.0,0.0
1718352000000,186681.16254716422,186681.16254716422,0,0.0,0.0,0.0,0.0
1718366400000,186681.16254716422,186681.16254716422,0,0.0,0.0,0.0,0.0
1718380800000,186681.16254716422,186681.16254716422,0,0.0,0.0,0.0,0.0
1718395200000,186681.16254716422,186681.16254716422,0,0.0,0.0,0.0,0.0
1718409600000,186681.16254716422,186681.16254716422,0,0.0,0.0,0.0,0.0
1718424000000,186681.16254716422,186681.16254716422,0,0.0,0.0,0.0,0.0
1718438400000,186681.16254716422,186681.16254716422,0,0.0,0.0,0.0,0.0
1718452800000,186681.16254716422,186681.16254716422,0,0.0,0.0,0.0,0.0
1718467200000,186681.16254716422,186681.16254716422,0,0.0,0.0,0.0,0.0
1718481600000,186681.16254716422,186681.16254716422,0,0.0,0.0,0.0,0.0
1718496000000,186681.16254716422,186681.16254716422,0,0.0,0.0,0.0,0.0
1718510400000,186681.16254716422,186681.16254716422,0,0.0,0.0,0.0,0.0
1718524800000,186681.16254716422,186681.16254716422,0,0.0,0.0,0.0,0.0
1718539200000,186681.16254716422,186681.16254716422,0,0.0,0.0,0.0,0.0
1718553600000,186681.16254716422,186681.16254716422,0,0.0,0.0,0.0,0.0
1718568000000,186681.16254716422,186681.16254716422,0,0.0,0.0,0.0,0.0
1718582400000,186681.16254716422,186681.16254716422,0,0.0,0.0,0.0,0.0
1718596800000,186681.16254716422,186681.16254716422,0,0.0,0.0,0.0,0.0
1718611200000,186681.16254716422,186681.16254716422,0,0.0,0.0,0.0,0.0
1718625600000,186681.16254716422,186681.16254716422,0,0.0,0.0,0.0,0.0
1718640000000,186681.16254716422,186681.16254716422,0,0.0,0.0,0.0,0.0
1718654400000,186681.16254716422,186681.16254716422,0,0.0,0.0,0.0,0.0
1718668800000,186681.16254716422,186681.16254716422,0,0.0,0.0,0.0,0.0
1718683200000,186681.16254716422,186681.16254716422,0,0.0,0.0,0.0,0.0
1718697600000,186681.16254716422,186681.16254716422,0,0.0,0.0,0.0,0.0
1718712000000,186681.16254716422,186681.16254716422,0,0.0,0.0,0.0,0.0
1718726400000,186681.16254716422,186681.16254716422,0,0.0,0.0,0.0,0.0
1718740800000,186681.16254716422,186681.16254716422,0,0.0,0.0,0.0,0.0
1718755200000,186681.16254716422,186681.16254716422,0,0.0,0.0,0.0,0.0
1718769600000,186681.16254716422,186681.16254716422,0,0.0,0.0,0.0,0.0
1718784000000,186681.16254716422,186681.16254716422,0,0.0,0.0,0.0,0.0
1718798400000,186681.16254716422,186681.16254716422,0,0.0,0.0,0.0,0.0
1718812800000,186681.16254716422,186681.16254716422,0,0.0,0.0,0.0,0.0
1718827200000,186681.16254716422,186681.16254716422,0,0.0,0.0,0.0,0.0
1718841600000,186681.16254716422,186681.16254716422,0,0.0,0.0,0.0,0.0
1718856000000,186681.16254716422,186681.16254716422,0,0.0,0.0,0.0,0.0
1718870400000,186681.16254716422,186681.16254716422,0,0.0,0.0,0.0,0.0
1718884800000,186681.16254716422,186681.16254716422,0,0.0,0.0,0.0,0.0
1718899200000,186681.16254716422,186681.16254716422,0,0.0,0.0,0.0,0.0
1718913600000,186681.16254716422,186681.16254716422,0,0.0,0.0,0.0,0.0
1718928000000,186681.16254716422,186681.16254716422,0,0.0,0.0,0.0,0.0
1718942400000,186681.16254716422,186681.16254716422,0,0.0,0.0,0.0,0.0
1718956800000,186681.16254716422,186681.16254716422,0,0.0,0.0,0.0,0.0
1718971200000,186681.16254716422,186681.16254716422,0,0.0,0.0,0.0,0.0
1718985600000,186681.16254716422,186681.16254716422,0,0.0,0.0,0.0,0.0
1719000000000,186681.16254716422,186681.16254716422,0,0.0,0.0,0.0,0.0
1719014400000,186681.16254716422,186681.16254716422,0,0.0,0.0,0.0,0.0
1719028800000,186681.16254716422,186681.16254716422,0,0.0,0.0,0.0,0.0
1719043200000,186681.16254716422,186681.16254716422,0,0.0,0.0,0.0,0.0
1719057600000,186681.16254716422,186681.16254716422,0,0.0,0.0,0.0,0.0
1719072000000,186681.16254716422,186681.16254716422,0,0.0,0.0,0.0,0.0
1719086400000,186681.16254716422,186681.16254716422,0,0.0,0.0,0.0,0.0
1719100800000,186681.16254716422,186681.16254716422,0,0.0,0.0,0.0,0.0
1719115200000,186681.16254716422,186681.16254716422,0,0.0,0.0,0.0,0.0
1719129600000,186681.16254716422,186681.16254716422,0,0.0,0.0,0.0,0.0
1719144000000,186681.16254716422,186681.16254716422,0,0.0,0.0,0.0,0.0
1719158400000,186681.16254716422,186681.16254716422,0,0.0,0.0,0.0,0.0
1719172800000,186681.16254716422,186681.16254716422,0,0.0,0.0,0.0,0.0
1719187200000,186681.16254716422,186681.16254716422,0,0.0,0.0,0.0,0.0
1719201600000,186681.16254716422,186681.16254716422,0,0.0,0.0,0.0,0.0
1719216000000,186681.16254716422,186681.16254716422,0,0.0,0.0,0.0,0.0
1719230400000,181449.06135090743,182053.41832940822,2,504486.8324269067,6639.5483243570925,6639.5483243570925,504486.8324269067
1719244800000,187458.84772229224,180738.14225493855,2,613233.1578778063,7354.091165332598,7354.091165332598,613233.1578778063
1719259200000,196254.23839399076,187813.7072316663,2,301536.4005102556,3677.045582666299,3677.045582666299,301536.4005102556
1719273600000,190980.19506422852,187813.7072316663,2,306810.4438400179,3677.045582666299,3677.045582666299,306810.4438400179
1719288000000,190474.24566852945,190474.24566852945,0,0.0,0.0,0.0,0.0
1719302400000,190474.24566852945,190474.24566852945,0,0.0,0.0,0.0,0.0
1719316800000,190474.24566852945,190474.24566852945,0,0.0,0.0,0.0,0.0
1719331200000,190474.24566852945,190474.24566852945,0,0.0,0.0,0.0,0.0
1719345600000,190474.24566852945,190474.24566852945,0,0.0,0.0,0.0,0.0
1719360000000,190474.24566852945,190474.24566852945,0,0.0,0.0,0.0,0.0
1719374400000,190474.24566852945,190474.24566852945,0,0.0,0.0,0.0,0.0
1719388800000,190474.24566852945,190474.24566852945,0,0.0,0.0,0.0,0.0
1719403200000,190474.24566852945,190474.24566852945,0,0.0,0.0,0.0,0.0
1719417600000,190474.24566852945,190474.24566852945,0,0.0,0.0,0.0,0.0
1719432000000,190474.24566852945,190474.24566852945,0,0.0,0.0,0.0,0.0
1719446400000,190474.24566852945,190474.24566852945,0,0.0,0.0,0.0,0.0
1719460800000,190474.24566852945,190474.24566852945,0,0.0,0.0,0.0,0.0
1719475200000,190474.24566852945,190474.24566852945,0,0.0,0.0,0.0,0.0
1719489600000,190474.24566852945,190474.24566852945,0,0.0,0.0,0.0,0.0
1719504000000,190474.24566852945,190474.24566852945,0,0.0,0.0,0.0,0.0
1719518400000,190474.24566852945,190474.24566852945,0,0.0,0.0,0.0,0.0
1719532800000,190474.24566852945,190474.24566852945,0,0.0,0.0,0.0,0.0
1719547200000,190474.24566852945,190474.24566852945,0,0.0,0.0,0.0,0.0
1719561600000,190474.24566852945,190474.24566852945,0,0.0,0.0,0.0,0.0
1719576000000,190474.24566852945,190474.24566852945,0,0.0,0.0,0.0,0.0
1719590400000,190474.24566852945,190474.24566852945,0,0.0,0.0,0.0,0.0
1719604800000,190474.24566852945,190474.24566852945,0,0.0,0.0,0.0,0.0
1719619200000,190474.24566852945,190474.24566852945,0,0.0,0.0,0.0,0.0
1719633600000,190474.24566852945,190474.24566852945,0,0.0,0.0,0.0,0.0
1719648000000,190474.24566852945,190474.24566852945,0,0.0,0.0,0.0,0.0
1719662400000,190474.24566852945,190474.24566852945,0,0.0,0.0,0.0,0.0
1719676800000,190474.24566852945,190474.24566852945,0,0.0,0.0,0.0,0.0
1719691200000,190474.24566852945,190474.24566852945,0,0.0,0.0,0.0,0.0
1719705600000,190474.24566852945,190474.24566852945,0,0.0,0.0,0.0,0.0
1719720000000,190474.24566852945,190474.24566852945,0,0.0,0.0,0.0,0.0
1719734400000,190474.24566852945,190474.24566852945,0,0.0,0.0,0.0,0.0
1719748800000,190474.24566852945,190474.24566852945,0,0.0,0.0,0.0,0.0
1719763200000,190474.24566852945,190474.24566852945,0,0.0,0.0,0.0,0.0
1719777600000,190474.24566852945,190474.24566852945,0,0.0,0.0,0.0,0.0
1719792000000,190474.24566852945,190474.24566852945,0,0.0,0.0,0.0,0.0
1719806400000,190474.24566852945,190474.24566852945,0,0.0,0.0,0.0,0.0
1719820800000,190474.24566852945,190474.24566852945,0,0.0,0.0,0.0,0.0
1719835200000,190474.24566852945,190474.24566852945,0,0.0,0.0,0.0,0.0
1719849600000,190474.24566852945,190474.24566852945,0,0.0,0.0,0.0,0.0
1719864000000,190474.24566852945,190474.24566852945,0,0.0,0.0,0.0,0.0
1719878400000,190474.24566852945,190474.24566852945,0,0.0,0.0,0.0,0.0
1719892800000,190474.24566852945,190474.24566852945,0,0.0,0.0,0.0,0.0
1719907200000,190474.24566852945,190474.24566852945,0,0.0,0.0,0.0,0.0
1719921600000,190474.24566852945,190474.24566852945,0,0.0,0.0,0.0,0.0
1719936000000,190474.24566852945,190474.24566852945,0,0.0,0.0,0.0,0.0
1719950400000,190474.24566852945,190474.24566852945,0,0.0,0.0,0.0,0.0
1719964800000,190474.24566852945,190474.24566852945,0,0.0,0.0,0.0,0.0
1719979200000,190474.24566852945,190474.24566852945,0,0.0,0.0,0.0,0.0
1719993600000,189803.0607185608,190376.52586291314,1,196013.0763769381,3809.4849133705884,3809.4849133705884,196013.0763769381
1720008000000,190421.66062748418,190378.28861119755,1,195396.23921629912,3809.4849133705884,3809.4849133705884,195396.23921629912
1720022400000,192320.83483452513,190278.98090085696,2,392013.177980122,7617.709028577683,7617.709028577683,392013.177980122
1720036800000,194455.0941983762,190296.77985087308,2,389896.717566287,7617.709028577683,7617.709028577683,389896.717566287
1720051200000,196350.57594718208,190160.05052016943,3,661323.1678940504,11506.497266531322,11506.497266531322,661323.1678940504
1720065600000,212692.47758490586,201410.37728632102,3,322474.7463619467,5753.248633265661,5753.248633265661,322474.7463619467
1720080000000,219094.76798244243,201410.37728632102,3,316072.4559644101,5753.248633265661,5753.248633265661,316072.4559644101
1720094400000,222635.00550408926,201426.57713032904,3,312548.4182867713,5753.248633265661,5753.248633265661,312548.4182867713
1720108800000,224717.3888309482,201426.57713032904,3,310466.03495991236,5753.248633265661,5753.248633265661,310466.03495991236
1720123200000,229264.2835955105,201437.9050583117,3,305930.4681233328,5753.248633265661,5753.248633265661,305930.4681233328
1720137600000,239147.64329252165,201437.9050583117,3,296047.1084263216,5753.248633265661,5753.248633265661,296047.1084263216
1720152000000,268052.5169139625,201422.26121855614,3,267126.5909651252,5753.248633265661,5753.248633265661,267126.5909651252
1720166400000,267577.1531962067,201422.26121855614,3,267601.95468288095,5753.248633265661,5753.248633265661,267601.95468288095
1720180800000,259566.46177071249,234664.14274156126,1,111827.0116744852,1944.3941189768198,1944.3941189768198,111827.0116744852
1720195200000,258358.657951197,258358.657951197,0,0.0,0.0,0.0,0.0
1720209600000,258358.657951197,258358.657951197,0,0.0,0.0,0.0,0.0
1720224000000,258358.657951197,258358.657951197,0,0.0,0.0,0.0,0.0
1720238400000,258358.657951197,258358.657951197,0,0.0,0.0,0.0,0.0
1720252800000,258358.657951197,258358.657951197,0,0.0,0.0,0.0,0.0
1720267200000,258358.657951197,258358.657951197,0,0.0,0.0,0.0,0.0
1720281600000,258358.657951197,258358.657951197,0,0.0,0.0,0.0,0.0
1720296000000,258358.657951197,258358.657951197,0,0.0,0.0,0.0,0.0
1720310400000,258358.657951197,258358.657951197,0,0.0,0.0,0.0,0.0
1720324800000,258358.657951197,258358.657951197,0,0.0,0.0,0.0,0.0
1720339200000,258358.657951197,258358.657951197,0,0.0,0.0,0.0,0.0
1720353600000,258358.657951197,258358.657951197,0,0.0,0.0,0.0,0.0
1720368000000,258358.657951197,258358.657951197,0,0.0,0.0,0.0,0.0
1720382400000,258358.657951197,258358.657951197,0,0.0,0.0,0.0,0.0
1720396800000,258358.657951197,258358.657951197,0,0.0,0.0,0.0,0.0
1720411200000,258358.657951197,258358.657951197,0,0.0,0.0,0.0,0.0
1720425600000,258358.657951197,258358.657951197,0,0.0,0.0,0.0,0.0
1720440000000,258358.657951197,258358.657951197,0,0.0,0.0,0.0,0.0
1720454400000,258358.657951197,258358.657951197,0,0.0,0.0,0.0,0.0
1720468800000,258358.657951197,258358.657951197,0,0.0,0.0,0.0,0.0
1720483200000,258358.657951197,258358.657951197,0,0.0,0.0,0.0,0.0
1720497600000,258358.657951197,258358.657951197,0,0.0,0.0,0.0,0.0
1720512000000,258358.657951197,258358.657951197,0,0.0,0.0,0.0,0.0
1720526400000,258358.657951197,258358.657951197,0,0.0,0.0,0.0,0.0
1720540800000,258358.657951197,258358.657951197,0,0.0,0.0,0.0,0.0
1720555200000,258358.657951197,258358.657951197,0,0.0,0.0,0.0,0.0
1720569600000,258358.657951197,258358.657951197,0,0.0,0.0,0.0,0.0
1720584000000,258358.657951197,258358.657951197,0,0.0,0.0,0.0,0.0
1720598400000,258358.657951197,258358.657951197,0,0.0,0.0,0.0,0.0
1720612800000,258358.657951197,258358.657951197,0,0.0,0.0,0.0,0.0
1720627200000,258358.657951197,258358.657951197,0,0.0,0.0,0.0,0.0
1720641600000,258358.657951197,258358.657951197,0,0.0,0.0,0.0,0.0
1720656000000,258358.657951197,258358.657951197,0,0.0,0.0,0.0,0.0
1720670400000,258358.657951197,258358.657951197,0,0.0,0.0,0.0,0.0
1720684800000,258358.657951197,258358.657951197,0,0.0,0.0,0.0,0.0
1720699200000,258358.657951197,258358.657951197,0,0.0,0.0,0.0,0.0
1720713600000,258358.657951197,258358.657951197,0,0.0,0.0,0.0,0.0
1720728000000,258358.657951197,258358.657951197,0,0.0,0.0,0.0,0.0
1720742400000,258358.657951197,258358.657951197,0,0.0,0.0,0.0,0.0
1720756800000,258358.657951197,258358.657951197,0,0.0,0.0,0.0,0.0
1720771200000,258358.657951197,258358.657951197,0,0.0,0.0,0.0,0.0
1720785600000,258358.657951197,258358.657951197,0,0.0,0.0,0.0,0.0
1720800000000,258358.657951197,258358.657951197,0,0.0,0.0,0.0,0.0
1720814400000,258358.657951197,258358.657951197,0,0.0,0.0,0.0,0.0
1720828800000,258358.657951197,258358.657951197,0,0.0,0.0,0.0,0.0
1720843200000,258358.657951197,258358.657951197,0,0.0,0.0,0.0,0.0
1720857600000,258358.657951197,258358.657951197,0,0.0,0.0,0.0,0.0
1720872000000,258358.657951197,258358.657951197,0,0.0,0.0,0.0,0.0
1720886400000,258358.657951197,258358.657951197,0,0.0,0.0,0.0,0.0
1720900800000,258358.657951197,258358.657951197,0,0.0,0.0,0.0,0.0
1720915200000,258358.657951197,258358.657951197,0,0.0,0.0,0.0,0.0
1720929600000,258358.657951197,258358.657951197,0,0.0,0.0,0.0,0.0
1720944000000,258358.657951197,258358.657951197,0,0.0,0.0,0.0,0.0
1720958400000,258358.657951197,258358.657951197,0,0.0,0.0,0.0,0.0
1720972800000,258358.657951197,258358.657951197,0,0.0,0.0,0.0,0.0
1720987200000,258358.657951197,258358.657951197,0,0.0,0.0,0.0,0.0
1721001600000,258358.657951197,258358.657951197,0,0.0,0.0,0.0,0.0
1721016000000,258358.657951197,258358.657951197,0,0.0,0.0,0.0,0.0
1721030400000,258358.657951197,258358.657951197,0,0.0,0.0,0.0,0.0
1721044800000,258358.657951197,258358.657951197,0,0.0,0.0,0.0,0.0
1721059200000,258358.657951197,258358.657951197,0,0.0,0.0,0.0,0.0
1721073600000,258358.657951197,258358.657951197,0,0.0,0.0,0.0,0.0
1721088000000,258358.657951197,258358.657951197,0,0.0,0.0,0.0,0.0
1721102400000,258358.657951197,258358.657951197,0,0.0,0.0,0.0,0.0
1721116800000,258358.657951197,258358.657951197,0,0.0,0.0,0.0,0.0
1721131200000,258358.657951197,258358.657951197,0,0.0,0.0,0.0,0.0
1721145600000,258358.657951197,258358.657951197,0,0.0,0.0,0.0,0.0
1721160000000,258358.657951197,258358.657951197,0,0.0,0.0,0.0,0.0
1721174400000,258358.657951197,258358.657951197,0,0.0,0.0,0.0,0.0
1721188800000,258358.657951197,258358.657951197,0,0.0,0.0,0.0,0.0
1721203200000,258358.657951197,258358.657951197,0,0.0,0.0,0.0,0.0
1721217600000,258358.657951197,258358.657951197,0,0.0,0.0,0.0,0.0
1721232000000,258358.657951197,258358.657951197,0,0.0,0.0,0.0,0.0
1721246400000,258358.657951197,258358.657951197,0,0.0,0.0,0.0,0.0
1721260800000,258358.657951197,258358.657951197,0,0.0,0.0,0.0,0.0
1721275200000,258358.657951197,258358.657951197,0,0.0,0.0,0.0,0.0
1721289600000,258358.657951197,258358.657951197,0,0.0,0.0,0.0,0.0
1721304000000,258358.657951197,258358.657951197,0,0.0,0.0,0.0,0.0
1721318400000,258358.657951197,258358.657951197,0,0.0,0.0,0.0,0.0
1721332800000,258358.657951197,258358.657951197,0,0.0,0.0,0.0,0.0
1721347200000,258358.657951197,258358.657951197,0,0.0,0.0,0.0,0.0
1721361600000,258358.657951197,258358.657951197,0,0.0,0.0,0.0,0.0
1721376000000,258358.657951197,258358.657951197,0,0.0,0.0,0.0,0.0
1721390400000,258358.657951197,258358.657951197,0,0.0,0.0,0.0,0.0
1721404800000,258358.657951197,258358.657951197,0,0.0,0.0,0.0,0.0
1721419200000,258358.657951197,258358.657951197,0,0.0,0.0,0.0,0.0
1721433600000,258358.657951197,258358.657951197,0,0.0,0.0,0.0,0.0
1721448000000,258358.657951197,258358.657951197,0,0.0,0.0,0.0,0.0
1721462400000,258358.657951197,258358.657951197,0,0.0,0.0,0.0,0.0
1721476800000,258358.657951197,258358.657951197,0,0.0,0.0,0.0,0.0
1721491200000,258358.657951197,258358.657951197,0,0.0,0.0,0.0,0.0
1721505600000,258358.657951197,258358.657951197,0,0.0,0.0,0.0,0.0
1721520000000,258358.657951197,258358.657951197,0,0.0,0.0,0.0,0.0
1721534400000,258358.657951197,258358.657951197,0,0.0,0.0,0.0,0.0
1721548800000,258358.657951197,258358.657951197,0,0.0,0.0,0.0,0.0
1721563200000,258358.657951197,258358.657951197,0,0.0,0.0,0.0,0.0
1721577600000,258358.657951197,258358.657951197,0,0.0,0.0,0.0,0.0
1721592000000,258358.657951197,258358.657951197,0,0.0,0.0,0.0,0.0
1721606400000,258358.657951197,258358.657951197,0,0.0,0.0,0.0,0.0
1721620800000,258358.657951197,258358.657951197,0,0.0,0.0,0.0,0.0
1721635200000,258358.657951197,258358.657951197,0,0.0,0.0,0.0,0.0
1721649600000,258358.657951197,258358.657951197,0,0.0,0.0,0.0,0.0
1721664000000,258358.657951197,258358.657951197,0,0.0,0.0,0.0,0.0
1721678400000,258358.657951197,258358.657951197,0,0.0,0.0,0.0,0.0
1721692800000,258358.657951197,258358.657951197,0,0.0,0.0,0.0,0.0
1721707200000,258358.657951197,258358.657951197,0,0.0,0.0,0.0,0.0
1721721600000,258358.657951197,258358.657951197,0,0.0,0.0,0.0,0.0
1721736000000,258358.657951197,258358.657951197,0,0.0,0.0,0.0,0.0
1721750400000,258358.657951197,258358.657951197,0,0.0,0.0,0.0,0.0
1721764800000,258358.657951197,258358.657951197,0,0.0,0.0,0.0,0.0
1721779200000,258358.657951197,258358.657951197,0,0.0,0.0,0.0,0.0
1721793600000,258358.657951197,258358.657951197,0,0.0,0.0,0.0,0.0
1721808000000,258358.657951197,258358.657951197,0,0.0,0.0,0.0,0.0
1721822400000,258358.657951197,258358.657951197,0,0.0,0.0,0.0,0.0
1721836800000,258358.657951197,258358.657951197,0,0.0,0.0,0.0,0.0
1721851200000,258358.657951197,258358.657951197,0,0.0,0.0,0.0,0.0
1721865600000,258358.657951197,258358.657951197,0,0.0,0.0,0.0,0.0
1721880000000,258358.657951197,258358.657951197,0,0.0,0.0,0.0,0.0
1721894400000,258358.657951197,258358.657951197,0,0.0,0.0,0.0,0.0
1721908800000,258358.657951197,258358.657951197,0,0.0,0.0,0.0,0.0
1721923200000,258358.657951197,258358.657951197,0,0.0,0.0,0.0,0.0
1721937600000,258358.657951197,258358.657951197,0,0.0,0.0,0.0,0.0
1721952000000,258358.657951197,258358.657951197,0,0.0,0.0,0.0,0.0
1721966400000,258358.657951197,258358.657951197,0,0.0,0.0,0.0,0.0
1721980800000,258358.657951197,258358.657951197,0,0.0,0.0,0.0,0.0
1721995200000,258358.657951197,258358.657951197,0,0.0,0.0,0.0,0.0
1722009600000,258358.657951197,258358.657951197,0,0.0,0.0,0.0,0.0
1722024000000,258358.657951197,258358.657951197,0,0.0,0.0,0.0,0.0
1722038400000,258358.657951197,258358.657951197,0,0.0,0.0,0.0,0.0
1722052800000,258358.657951197,258358.657951197,0,0.0,0.0,0.0,0.0
1722067200000,258358.657951197,258358.657951197,0,0.0,0.0,0.0,0.0
1722081600000,258358.657951197,258358.657951197,0,0.0,0.0,0.0,0.0
1722096000000,258358.657951197,258358.657951197,0,0.0,0.0,0.0,0.0
1722110400000,258358.657951197,258358.657951197,0,0.0,0.0,0.0,0.0
1722124800000,258358.657951197,258358.657951197,0,0.0,0.0,0.0,0.0
1722139200000,258358.657951197,258358.657951197,0,0.0,0.0,0.0,0.0
1722153600000,258358.657951197,258358.657951197,0,0.0,0.0,0.0,0.0
1722168000000,258358.657951197,258358.657951197,0,0.0,0.0,0.0,0.0
1722182400000,258358.657951197,258358.657951197,0,0.0,0.0,0.0,0.0
1722196800000,258358.657951197,258358.657951197,0,0.0,0.0,0.0,0.0
1722211200000,258358.657951197,258358.657951197,0,0.0,0.0,0.0,0.0
1722225600000,258358.657951197,258358.657951197,0,0.0,0.0,0.0,0.0
1722240000000,258358.657951197,258358.657951197,0,0.0,0.0,0.0,0.0
1722254400000,258358.657951197,258358.657951197,0,0.0,0.0,0.0,0.0
1722268800000,258358.657951197,258358.657951197,0,0.0,0.0,0.0,0.0
1722283200000,258358.657951197,258358.657951197,0,0.0,0.0,0.0,0.0
1722297600000,258358.657951197,258358.657951197,0,0.0,0.0,0.0,0.0
1722312000000,258358.657951197,258358.657951197,0,0.0,0.0,0.0,0.0
1722326400000,258358.657951197,258358.657951197,0,0.0,0.0,0.0,0.0
1722340800000,258358.657951197,258358.657951197,0,0.0,0.0,0.0,0.0
1722355200000,258358.657951197,258358.657951197,0,0.0,0.0,0.0,0.0
1722369600000,258358.657951197,258358.657951197,0,0.0,0.0,0.0,0.0
1722384000000,258338.78774113674,258297.5913108374,1,122092.08428891693,2583.5865795119703,2583.5865795119703,122092.08428891693
1722398400000,257207.64744861113,258291.68083009936,1,123217.3141007045,2583.5865795119703,2583.5865795119703,123217.3141007045
1722412800000,256761.27529186895,258291.68083009936,1,123663.68625744668,2583.5865795119703,2583.5865795119703,123663.68625744668
1722427200000,258245.38091639034,258297.17868541228,1,122185.07848823821,2583.5865795119703,2583.5865795119703,122185.07848823821
1722441600000,258849.8432119787,258297.17868541228,1,121580.61619264986,2583.5865795119703,2583.5865795119703,121580.61619264986
1722456000000,260384.773944848,258297.7051294804,1,120046.21190384864,2583.5865795119703,2583.5865795119703,120046.21190384864
1722470400000,261175.22463907898,258297.7051294804,1,119255.7612096177,2583.5865795119703,2583.5865795119703,119255.7612096177
1722484800000,261351.2708292365,258297.06234092748,1,119079.07223090724,2583.5865795119703,2583.5865795119703,119079.07223090724
1722499200000,261202.48011032245,258297.06234092748,1,119227.86294982131,2583.5865795119703,2583.5865795119703,119227.86294982131
1722513600000,259289.65764524858,258290.62096193997,1,121134.24403590769,2583.5865795119703,2583.5865795119703,121134.24403590769
1722528000000,263737.7271008822,260815.7098669084,1,58144.62312563433,1291.7932897559851,1291.7932897559851,58144.62312563433
1722542400000,264152.50834835856,260816.66692740505,1,57730.79893865461,1291.7932897559851,1291.7932897559851,57730.79893865461
1722556800000,262767.8329633727,262767.8329633727,0,0.0,0.0,0.0,0.0
1722571200000,262767.8329633727,262767.8329633727,0,0.0,0.0,0.0,0.0
1722585600000,262767.8329633727,262767.8329633727,0,0.0,0.0,0.0,0.0
1722600000000,262767.8329633727,262767.8329633727,0,0.0,0.0,0.0,0.0
1722614400000,262767.8329633727,262767.8329633727,0,0.0,0.0,0.0,0.0
1722628800000,262767.8329633727,262767.8329633727,0,0.0,0.0,0.0,0.0
1722643200000,262767.8329633727,262767.8329633727,0,0.0,0.0,0.0,0.0
1722657600000,262767.8329633727,262767.8329633727,0,0.0,0.0,0.0,0.0
1722672000000,262767.8329633727,262767.8329633727,0,0.0,0.0,0.0,0.0
1722686400000,262767.8329633727,262767.8329633727,0,0.0,0.0,0.0,0.0
1722700800000,262767.8329633727,262767.8329633727,0,0.0,0.0,0.0,0.0
1722715200000,262767.8329633727,262767.8329633727,0,0.0,0.0,0.0,0.0
1722729600000,262767.8329633727,262767.8329633727,0,0.0,0.0,0.0,0.0
1722744000000,262767.8329633727,262767.8329633727,0,0.0,0.0,0.0,0.0
1722758400000,262767.8329633727,262767.8329633727,0,0.0,0.0,0.0,0.0
1722772800000,262767.8329633727,262767.8329633727,0,0.0,0.0,0.0,0.0
1722787200000,262767.8329633727,262767.8329633727,0,0.0,0.0,0.0,0.0
1722801600000,262767.8329633727,262767.8329633727,0,0.0,0.0,0.0,0.0
1722816000000,262767.8329633727,262767.8329633727,0,0.0,0.0,0.0,0.0
1722830400000,262767.8329633727,262767.8329633727,0,0.0,0.0,0.0,0.0
1722844800000,262767.8329633727,262767.8329633727,0,0.0,0.0,0.0,0.0
1722859200000,262767.8329633727,262767.8329633727,0,0.0,0.0,0.0,0.0
1722873600000,262767.8329633727,262767.8329633727,0,0.0,0.0,0.0,0.0
1722888000000,262767.8329633727,262767.8329633727,0,0.0,0.0,0.0,0.0
1722902400000,262767.8329633727,262767.8329633727,0,0.0,0.0,0.0,0.0
1722916800000,262767.8329633727,262767.8329633727,0,0.0,0.0,0.0,0.0
1722931200000,262767.8329633727,262767.8329633727,0,0.0,0.0,0.0,0.0
1722945600000,262767.8329633727,262767.8329633727,0,0.0,0.0,0.0,0.0
1722960000000,262767.8329633727,262767.8329633727,0,0.0,0.0,0.0,0.0
1722974400000,262767.8329633727,262767.8329633727,0,0.0,0.0,0.0,0.0
1722988800000,262767.8329633727,262767.8329633727,0,0.0,0.0,0.0,0.0
1723003200000,262767.8329633727,262767.8329633727,0,0.0,0.0,0.0,0.0
1723017600000,262767.8329633727,262767.8329633727,0,0.0,0.0,0.0,0.0
1723032000000,262767.8329633727,262767.8329633727,0,0.0,0.0,0.0,0.0
1723046400000,262767.8329633727,262767.8329633727,0,0.0,0.0,0.0,0.0
1723060800000,262767.8329633727,262767.8329633727,0,0.0,0.0,0.0,0.0
1723075200000,262767.8329633727,262767.8329633727,0,0.0,0.0,0.0,0.0
1723089600000,262767.8329633727,262767.8329633727,0,0.0,0.0,0.0,0.0
1723104000000,262767.8329633727,262767.8329633727,0,0.0,0.0,0.0,0.0
1723118400000,262767.8329633727,262767.8329633727,0,0.0,0.0,0.0,0.0
1723132800000,262767.8329633727,262767.8329633727,0,0.0,0.0,0.0,0.0
1723147200000,262767.8329633727,262767.8329633727,0,0.0,0.0,0.0,0.0
1723161600000,262767.8329633727,262767.8329633727,0,0.0,0.0,0.0,0.0
1723176000000,262767.8329633727,262767.8329633727,0,0.0,0.0,0.0,0.0
1723190400000,262767.8329633727,262767.8329633727,0,0.0,0.0,0.0,0.0
1723204800000,262767.8329633727,262767.8329633727,0,0.0,0.0,0.0,0.0
1723219200000,262767.8329633727,262767.8329633727,0,0.0,0.0,0.0,0.0
1723233600000,262767.8329633727,262767.8329633727,0,0.0,0.0,0.0,0.0
1723248000000,262767.8329633727,262767.8329633727,0,0.0,0.0,0.0,0.0
1723262400000,262767.8329633727,262767.8329633727,0,0.0,0.0,0.0,0.0
1723276800000,262767.8329633727,262767.8329633727,0,0.0,0.0,0.0,0.0
1723291200000,262767.8329633727,262767.8329633727,0,0.0,0.0,0.0,0.0
1723305600000,262767.8329633727,262767.8329633727,0,0.0,0.0,0.0,0.0
1723320000000,262767.8329633727,262767.8329633727,0,0.0,0.0,0.0,0.0
1723334400000,262767.8329633727,262767.8329633727,0,0.0,0.0,0.0,0.0
1723348800000,262767.8329633727,262767.8329633727,0,0.0,0.0,0.0,0.0
1723363200000,262767.8329633727,262767.8329633727,0,0.0,0.0,0.0,0.0
1723377600000,262767.8329633727,262767.8329633727,0,0.0,0.0,0.0,0.0
1723392000000,262767.8329633727,262767.8329633727,0,0.0,0.0,0.0,0.0
1723406400000,262767.8329633727,262767.8329633727,0,0.0,0.0,0.0,0.0
1723420800000,262767.8329633727,262767.8329633727,0,0.0,0.0,0.0,0.0
1723435200000,262767.8329633727,262767.8329633727,0,0.0,0.0,0.0,0.0
1723449600000,262767.8329633727,262767.8329633727,0,0.0,0.0,0.0,0.0
1723464000000,262767.8329633727,262767.8329633727,0,0.0,0.0,0.0,0.0
1723478400000,262767.8329633727,262767.8329633727,0,0.0,0.0,0.0,0.0
1723492800000,262767.8329633727,262767.8329633727,0,0.0,0.0,0.0,0.0
1723507200000,262767.8329633727,262767.8329633727,0,0.0,0.0,0.0,0.0
1723521600000,262767.8329633727,262767.8329633727,0,0.0,0.0,0.0,0.0
1723536000000,262767.8329633727,262767.8329633727,0,0.0,0.0,0.0,0.0
1723550400000,262767.8329633727,262767.8329633727,0,0.0,0.0,0.0,0.0
1723564800000,262767.8329633727,262767.8329633727,0,0.0,0.0,0.0,0.0
1723579200000,262767.8329633727,262767.8329633727,0,0.0,0.0,0.0,0.0
1723593600000,262767.8329633727,262767.8329633727,0,0.0,0.0,0.0,0.0
1723608000000,262767.8329633727,262767.8329633727,0,0.0,0.0,0.0,0.0
1723622400000,262767.8329633727,262767.8329633727,0,0.0,0.0,0.0,0.0
1723636800000,262767.8329633727,262767.8329633727,0,0.0,0.0,0.0,0.0
1723651200000,262767.8329633727,262767.8329633727,0,0.0,0.0,0.0,0.0
1723665600000,262767.8329633727,262767.8329633727,0,0.0,0.0,0.0,0.0
1723680000000,262767.8329633727,262767.8329633727,0,0.0,0.0,0.0,0.0
1723694400000,262767.8329633727,262767.8329633727,0,0.0,0.0,0.0,0.0
1723708800000,262767.8329633727,262767.8329633727,0,0.0,0.0,0.0,0.0
1723723200000,262767.8329633727,262767.8329633727,0,0.0,0.0,0.0,0.0
1723737600000,262767.8329633727,262767.8329633727,0,0.0,0.0,0.0,0.0
1723752000000,262767.8329633727,262767.8329633727,0,0.0,0.0,0.0,0.0
1723766400000,258652.43531257022,262469.1596775456,3,601163.2960191743,15741.625538841776,15741.625538841776,601163.2960191743
1723780800000,258929.09908239226,262324.72049646504,3,600742.1930682717,15741.625538841776,15741.625538841776,600742.1930682717
1723795200000,245969.85348838093,245969.85348838093,0,0.0,0.0,0.0,0.0
1723809600000,245969.85348838093,245969.85348838093,0,0.0,0.0,0.0,0.0
1723824000000,245969.85348838093,245969.85348838093,0,0.0,0.0,0.0,0.0
1723838400000,245969.85348838093,245969.85348838093,0,0.0,0.0,0.0,0.0
1723852800000,245969.85348838093,245969.85348838093,0,0.0,0.0,0.0,0.0
1723867200000,245969.85348838093,245969.85348838093,0,0.0,0.0,0.0,0.0
1723881600000,245969.85348838093,245969.85348838093,0,0.0,0.0,0.0,0.0
1723896000000,245969.85348838093,245969.85348838093,0,0.0,0.0,0.0,0.0
1723910400000,245969.85348838093,245969.85348838093,0,0.0,0.0,0.0,0.0
1723924800000,245969.85348838093,245969.85348838093,0,0.0,0.0,0.0,0.0
1723939200000,245969.85348838093,245969.85348838093,0,0.0,0.0,0.0,0.0
1723953600000,245969.85348838093,245969.85348838093,0,0.0,0.0,0.0,0.0
1723968000000,245969.85348838093,245969.85348838093,0,0.0,0.0,0.0,0.0
1723982400000,245969.85348838093,245969.85348838093,0,0.0,0.0,0.0,0.0
1723996800000,245969.85348838093,245969.85348838093,0,0.0,0.0,0.0,0.0
1724011200000,245969.85348838093,245969.85348838093,0,0.0,0.0,0.0,0.0
1724025600000,245969.85348838093,245969.85348838093,0,0.0,0.0,0.0,0.0
1724040000000,245969.85348838093,245969.85348838093,0,0.0,0.0,0.0,0.0
1724054400000,245969.85348838093,245969.85348838093,0,0.0,0.0,0.0,0.0
1724068800000,245969.85348838093,245969.85348838093,0,0.0,0.0,0.0,0.0
1724083200000,245969.85348838093,245969.85348838093,0,0.0,0.0,0.0,0.0
1724097600000,245969.85348838093,245969.85348838093,0,0.0,0.0,0.0,0.0
1724112000000,245969.85348838093,245969.85348838093,0,0.0,0.0,0.0,0.0
1724126400000,245969.85348838093,245969.85348838093,0,0.0,0.0,0.0,0.0
1724140800000,245969.85348838093,245969.85348838093,0,0.0,0.0,0.0,0.0
1724155200000,245969.85348838093,245969.85348838093,0,0.0,0.0,0.0,0.0
1724169600000,245969.85348838093,245969.85348838093,0,0.0,0.0,0.0,0.0
1724184000000,241712.39833555827,245830.8216845068,1,282182.03109719645,4919.397069767619,4919.397069767619,282182.03109719645
1724198400000,240628.37086417,240628.37086417,0,0.0,0.0,0.0,0.0
1724212800000,240628.37086417,240628.37086417,0,0.0,0.0,0.0,0.0
1724227200000,240628.37086417,240628.37086417,0,0.0,0.0,0.0,0.0
1724241600000,240628.37086417,240628.37086417,0,0.0,0.0,0.0,0.0
1724256000000,240628.37086417,240628.37086417,0,0.0,0.0,0.0,0.0
1724270400000,240628.37086417,240628.37086417,0,0.0,0.0,0.0,0.0
1724284800000,240628.37086417,240628.37086417,0,0.0,0.0,0.0,0.0
1724299200000,240628.37086417,240628.37086417,0,0.0,0.0,0.0,0.0
1724313600000,240628.37086417,240628.37086417,0,0.0,0.0,0.0,0.0
1724328000000,240628.37086417,240628.37086417,0,0.0,0.0,0.0,0.0
1724342400000,240628.37086417,240628.37086417,0,0.0,0.0,0.0,0.0
1724356800000,240628.37086417,240628.37086417,0,0.0,0.0,0.0,0.0
1724371200000,240628.37086417,240628.37086417,0,0.0,0.0,0.0,0.0
1724385600000,240628.37086417,240628.37086417,0,0.0,0.0,0.0,0.0
1724400000000,240628.37086417,240628.37086417,0,0.0,0.0,0.0,0.0
1724414400000,240628.37086417,240628.37086417,0,0.0,0.0,0.0,0.0
1724428800000,240628.37086417,240628.37086417,0,0.0,0.0,0.0,0.0
1724443200000,240628.37086417,240628.37086417,0,0.0,0.0,0.0,0.0
1724457600000,240628.37086417,240628.37086417,0,0.0,0.0,0.0,0.0
1724472000000,240628.37086417,240628.37086417,0,0.0,0.0,0.0,0.0
1724486400000,240628.37086417,240628.37086417,0,0.0,0.0,0.0,0.0
1724500800000,240628.37086417,240628.37086417,0,0.0,0.0,0.0,0.0
1724515200000,240628.37086417,240628.37086417,0,0.0,0.0,0.0,0.0
1724529600000,240628.37086417,240628.37086417,0,0.0,0.0,0.0,0.0
1724544000000,240628.37086417,240628.37086417,0,0.0,0.0,0.0,0.0
1724558400000,240628.37086417,240628.37086417,0,0.0,0.0,0.0,0.0
1724572800000,240628.37086417,240628.37086417,0,0.0,0.0,0.0,0.0
1724587200000,240628.37086417,240628.37086417,0,0.0,0.0,0.0,0.0
1724601600000,240628.37086417,240628.37086417,0,0.0,0.0,0.0,0.0
1724616000000,240628.37086417,240628.37086417,0,0.0,0.0,0.0,0.0
1724630400000,240628.37086417,240628.37086417,0,0.0,0.0,0.0,0.0
1724644800000,240628.37086417,240628.37086417,0,0.0,0.0,0.0,0.0
1724659200000,240628.37086417,240628.37086417,0,0.0,0.0,0.0,0.0
1724673600000,240628.37086417,240628.37086417,0,0.0,0.0,0.0,0.0
1724688000000,240628.37086417,240628.37086417,0,0.0,0.0,0.0,0.0
1724702400000,240628.37086417,240628.37086417,0,0.0,0.0,0.0,0.0
1724716800000,240628.37086417,240628.37086417,0,0.0,0.0,0.0,0.0
1724731200000,240628.37086417,240628.37086417,0,0.0,0.0,0.0,0.0
1724745600000,240628.37086417,240628.37086417,0,0.0,0.0,0.0,0.0
1724760000000,240628.37086417,240628.37086417,0,0.0,0.0,0.0,0.0
1724774400000,243268.6255410558,240551.93677686848,1,150151.48583882328,2406.2837086417,2406.2837086417,150151.48583882328
1724788800000,242976.29151782836,240563.09324929607,1,150454.97633447833,2406.2837086417,2406.2837086417,150454.97633447833
1724803200000,247797.11588374802,242895.330647394,1,71532.3020651513,1203.14185432085,1203.14185432085,71532.3020651513
1724817600000,243831.52033744962,242646.1617198244,3,564862.5042632231,11109.014830165275,11109.014830165275,564862.5042632231
1724832000000,255643.73027920787,242646.1617198244,3,553050.2943214648,11109.014830165275,11109.014830165275,553050.2943214648
1724846400000,243118.94226783927,246337.4264954718,2,492832.2598069755,9905.872975844424,9905.872975844424,492832.2598069755
1724860800000,251793.33478691973,246337.4264954718,2,484157.86728789506,9905.872975844424,9905.872975844424,484157.86728789506
1724875200000,252038.50281836075,246346.02202836174,2,483921.294789344,9905.872975844424,9905.872975844424,483921.294789344
1724889600000,251773.83091938225,246346.02202836174,2,484185.96668832254,9905.872975844424,9905.872975844424,484185.96668832254
1724904000000,252131.3456680466,246339.8468911639,2,483822.2768024603,9905.872975844424,9905.872975844424,483822.2768024603
1724918400000,248190.40298184476,246339.8468911639,2,487763.21948866214,9905.872975844424,9905.872975844424,487763.21948866214
1724932800000,244572.54342887033,243035.30203300182,1,196290.6214381961,4950.017898965063,4950.017898965063,196290.6214381961
1724947200000,243968.24025127065,243035.30203300182,1,196894.9246157958,4950.017898965063,4950.017898965063,196894.9246157958
1724961600000,252243.71330559166,247872.20468942332,1,94542.42280086398,2475.0089494825315,2475.0089494825315,94542.42280086398
1724976000000,252398.83577305588,247872.20468942332,1,94387.30033339978,2475.0089494825315,2475.0089494825315,94387.30033339978
1724990400000,253238.8944971031,247868.53207956735,1,93543.56899949658,2475.0089494825315,2475.0089494825315,93543.56899949658
1725004800000,253087.14425719244,247868.53207956735,1,93695.31923940722,2475.0089494825315,2475.0089494825315,93695.31923940722
1725019200000,253328.14238649193,247871.4509435848,1,93457.23997412519,2475.0089494825315,2475.0089494825315,93457.23997412519
1725033600000,256908.77360287242,247871.4509435848,1,89876.60875774467,2475.0089494825315,2475.0089494825315,89876.60875774467
1725048000000,255121.10025414493,247866.33707967433,1,91659.16824256172,2475.0089494825315,2475.0089494825315,91659.16824256172
1725062400000,253760.0692135241,247866.33707967433,1,93020.19928318253,2475.0089494825315,2475.0089494825315,93020.19928318253
1725076800000,253558.00225006635,247860.53375983433,1,93216.46292680029,2475.0089494825315,2475.0089494825315,93216.46292680029
1725091200000,254006.50851469114,247860.53375983433,1,92767.95666217551,2475.0089494825315,2475.0089494825315,92767.95666217551
1725105600000,254419.76812406024,247865.07938971077,1,92359.24268268283,2475.0089494825315,2475.0089494825315,92359.24268268283
1725120000000,254669.98740853515,247865.07938971077,1,92109.02339820794,2475.0089494825315,2475.0089494825315,92109.02339820794
1725134400000,255780.48260835247,247866.78616991433,1,91000.23497859416,2475.0089494825315,2475.0089494825315,91000.23497859416
1725148800000,255551.17113470973,247866.78616991433,1,91229.54645223691,2475.0089494825315,2475.0089494825315,91229.54645223691
1725163200000,256386.6086018728,247865.9112037921,1,90393.2340189516,2475.0089494825315,2475.0089494825315,90393.2340189516
1725177600000,257253.94552865098,247865.9112037921,1,89525.89709217341,2475.0089494825315,2475.0089494825315,89525.89709217341
1725192000000,259422.9005732392,247704.92261016605,2,404462.1815330533,7620.027261553607,7620.027261553607,404462.1815330533
1725206400000,256819.4019954021,247704.92261016605,2,407065.6801108904,7620.027261553607,7620.027261553607,407065.6801108904
1725220800000,256325.39525295928,247685.33474045625,2,407540.09898362344,7620.027261553607,7620.027261553607,407540.09898362344
1725235200000,265777.4565590631,247685.33474045625,2,398088.0376775196,7620.027261553607,7620.027261553607,398088.0376775196
1725249600000,262974.5412186363,247681.49991766532,2,400887.1181951554,7620.027261553607,7620.027261553607,400887.1181951554
1725264000000,271110.5943011013,252672.991761985,2,239109.44291746314,5047.518105518069,5047.518105518069,239109.44291746314
1725278400000,263020.0071444684,252981.13290177053,1,88875.05717433443,2475.0089494825315,2475.0089494825315,88875.05717433443
1725292800000,262571.5008798436,252981.13290177053,1,89323.56343895922,2475.0089494825315,2475.0089494825315,89323.56343895922
1725307200000,262202.33693166106,252976.1695293735,1,89687.76401474477,2475.0089494825315,2475.0089494825315,89687.76401474477
1725321600000,261433.86760564317,261433.86760564317,0,0.0,0.0,0.0,0.0
1725336000000,261433.86760564317,261433.86760564317,0,0.0,0.0,0.0,0.0
1725350400000,261433.86760564317,261433.86760564317,0,0.0,0.0,0.0,0.0
1725364800000,261433.86760564317,261433.86760564317,0,0.0,0.0,0.0,0.0
1725379200000,261433.86760564317,261433.86760564317,0,0.0,0.0,0.0,0.0
1725393600000,261433.86760564317,261433.86760564317,0,0.0,0.0,0.0,0.0
1725408000000,263476.71070109593,261293.2192481005,1,279113.2236323628,5228.677352112863,5228.677352112863,279113.2236323628
1725422400000,267131.3371648035,266338.03087646374,1,139855.0512543393,2614.3386760564317,2614.3386760564317,139855.0512543393
1725436800000,266219.3044268026,266839.7646224617,1,313038.18006346334,5342.717179489452,5342.717179489452,313038.18006346334
1725451200000,267220.4809246437,266843.0515465334,1,312040.29048969405,5342.717179489452,5342.717179489452,312040.29048969405
1725465600000,261182.49448988744,261182.49448988744,0,0.0,0.0,0.0,0.0
1725480000000,261182.49448988744,261182.49448988744,0,0.0,0.0,0.0,0.0
1725494400000,261182.49448988744,261182.49448988744,0,0.0,0.0,0.0,0.0
1725508800000,261182.49448988744,261182.49448988744,0,0.0,0.0,0.0,0.0
1725523200000,261182.49448988744,261182.49448988744,0,0.0,0.0,0.0,0.0
1725537600000,261182.49448988744,261182.49448988744,0,0.0,0.0,0.0,0.0
1725552000000,261182.49448988744,261182.49448988744,0,0.0,0.0,0.0,0.0
1725566400000,261182.49448988744,261182.49448988744,0,0.0,0.0,0.0,0.0
1725580800000,261182.49448988744,261182.49448988744,0,0.0,0.0,0.0,0.0
1725595200000,261182.49448988744,261182.49448988744,0,0.0,0.0,0.0,0.0
1725609600000,261182.49448988744,261182.49448988744,0,0.0,0.0,0.0,0.0
1725624000000,261182.49448988744,261182.49448988744,0,0.0,0.0,0.0,0.0
1725638400000,261182.49448988744,261182.49448988744,0,0.0,0.0,0.0,0.0
1725652800000,261182.49448988744,261182.49448988744,0,0.0,0.0,0.0,0.0
1725667200000,261182.49448988744,261182.49448988744,0,0.0,0.0,0.0,0.0
1725681600000,261182.49448988744,261182.49448988744,0,0.0,0.0,0.0,0.0
1725696000000,261182.49448988744,261182.49448988744,0,0.0,0.0,0.0,0.0
1725710400000,261182.49448988744,261182.49448988744,0,0.0,0.0,0.0,0.0
1725724800000,261182.49448988744,261182.49448988744,0,0.0,0.0,0.0,0.0
1725739200000,261182.49448988744,261182.49448988744,0,0.0,0.0,0.0,0.0
1725753600000,261182.49448988744,261182.49448988744,0,0.0,0.0,0.0,0.0
1725768000000,261182.49448988744,261182.49448988744,0,0.0,0.0,0.0,0.0
1725782400000,261182.49448988744,261182.49448988744,0,0.0,0.0,0.0,0.0
1725796800000,261182.49448988744,261182.49448988744,0,0.0,0.0,0.0,0.0
1725811200000,261182.49448988744,261182.49448988744,0,0.0,0.0,0.0,0.0
1725825600000,261182.49448988744,261182.49448988744,0,0.0,0.0,0.0,0.0
1725840000000,261182.49448988744,261182.49448988744,0,0.0,0.0,0.0,0.0
1725854400000,261182.49448988744,261182.49448988744,0,0.0,0.0,0.0,0.0
1725868800000,261182.49448988744,261182.49448988744,0,0.0,0.0,0.0,0.0
1725883200000,261182.49448988744,261182.49448988744,0,0.0,0.0,0.0,0.0
1725897600000,261182.49448988744,261182.49448988744,0,0.0,0.0,0.0,0.0
1725912000000,261182.49448988744,261182.49448988744,0,0.0,0.0,0.0,0.0
1725926400000,261182.49448988744,261182.49448988744,0,0.0,0.0,0.0,0.0
1725940800000,261182.49448988744,261182.49448988744,0,0.0,0.0,0.0,0.0
1725955200000,261182.49448988744,261182.49448988744,0,0.0,0.0,0.0,0.0
1725969600000,261182.49448988744,261182.49448988744,0,0.0,0.0,0.0,0.0
1725984000000,261182.49448988744,261182.49448988744,0,0.0,0.0,0.0,0.0
1725998400000,261182.49448988744,261182.49448988744,0,0.0,0.0,0.0,0.0
1726012800000,261182.49448988744,261182.49448988744,0,0.0,0.0,0.0,0.0
1726027200000,261182.49448988744,261182.49448988744,0,0.0,0.0,0.0,0.0
1726041600000,261182.49448988744,261182.49448988744,0,0.0,0.0,0.0,0.0
1726056000000,261182.49448988744,261182.49448988744,0,0.0,0.0,0.0,0.0
1726070400000,261182.49448988744,261182.49448988744,0,0.0,0.0,0.0,0.0
1726084800000,261182.49448988744,261182.49448988744,0,0.0,0.0,0.0,0.0
1726099200000,261182.49448988744,261182.49448988744,0,0.0,0.0,0.0,0.0
1726113600000,261182.49448988744,261182.49448988744,0,0.0,0.0,0.0,0.0
1726128000000,261182.49448988744,261182.49448988744,0,0.0,0.0,0.0,0.0
1726142400000,261182.49448988744,261182.49448988744,0,0.0,0.0,0.0,0.0
1726156800000,261182.49448988744,261182.49448988744,0,0.0,0.0,0.0,0.0
1726171200000,261182.49448988744,261182.49448988744,0,0.0,0.0,0.0,0.0
1726185600000,261182.49448988744,261182.49448988744,0,0.0,0.0,0.0,0.0
1726200000000,261182.49448988744,261182.49448988744,0,0.0,0.0,0.0,0.0
1726214400000,261182.49448988744,261182.49448988744,0,0.0,0.0,0.0,0.0
1726228800000,261182.49448988744,261182.49448988744,0,0.0,0.0,0.0,0.0
1726243200000,261182.49448988744,261182.49448988744,0,0.0,0.0,0.0,0.0
1726257600000,261182.49448988744,261182.49448988744,0,0.0,0.0,0.0,0.0
1726272000000,261182.49448988744,261182.49448988744,0,0.0,0.0,0.0,0.0
1726286400000,261182.49448988744,261182.49448988744,0,0.0,0.0,0.0,0.0
1726300800000,261182.49448988744,261182.49448988744,0,0.0,0.0,0.0,0.0
1726315200000,261182.49448988744,261182.49448988744,0,0.0,0.0,0.0,0.0
1726329600000,261182.49448988744,261182.49448988744,0,0.0,0.0,0.0,0.0
1726344000000,261182.49448988744,261182.49448988744,0,0.0,0.0,0.0,0.0
1726358400000,261182.49448988744,261182.49448988744,0,0.0,0.0,0.0,0.0
1726372800000,261182.49448988744,261182.49448988744,0,0.0,0.0,0.0,0.0
1726387200000,261182.49448988744,261182.49448988744,0,0.0,0.0,0.0,0.0
1726401600000,261182.49448988744,261182.49448988744,0,0.0,0.0,0.0,0.0
1726416000000,261182.49448988744,261182.49448988744,0,0.0,0.0,0.0,0.0
1726430400000,261182.49448988744,261182.49448988744,0,0.0,0.0,0.0,0.0
1726444800000,262998.61047350144,261089.85047857347,1,183379.26263302032,2611.8249448988745,2611.8249448988745,183379.26263302032
1726459200000,265317.14641954115,260997.4995338733,2,341081.11619560316,5241.746116942819,5241.746116942819,341081.11619560316
1726473600000,263422.87941061193,260997.4995338733,2,342975.3832045324,5241.746116942819,5241.746116942819,342975.3832045324
1726488000000,263589.7909294001,260965.5989279821,2,342776.57107985305,5241.746116942819,5241.746116942819,342776.57107985305
1726502400000,265408.0053487085,263487.3691784653,2,250836.11559705363,3935.8336444933816,3935.8336444933816,250836.11559705363
1726516800000,265835.0026381149,263488.0093297523,2,250409.7584589342,3935.8336444933816,3935.8336444933816,250409.7584589342
1726531200000,265564.06087863224,263488.0093297523,2,250680.70021841687,3935.8336444933816,3935.8336444933816,250680.70021841687
1726545600000,265721.86089557846,263503.25525136525,2,250538.14612308366,3935.8336444933816,3935.8336444933816,250538.14612308366
1726560000000,263672.4394149852,263503.25525136525,2,252587.56760367693,3935.8336444933816,3935.8336444933816,252587.56760367693
1726574400000,263118.7722621152,261044.74032892918,1,90569.97938078814,1305.9124724494372,1305.9124724494372,90569.97938078814
1726588800000,261506.19065136128,261506.19065136128,0,0.0,0.0,0.0,0.0
1726603200000,261506.19065136128,261506.19065136128,0,0.0,0.0,0.0,0.0
1726617600000,261506.19065136128,261506.19065136128,0,0.0,0.0,0.0,0.0
1726632000000,261506.19065136128,261506.19065136128,0,0.0,0.0,0.0,0.0
1726646400000,261506.19065136128,261506.19065136128,0,0.0,0.0,0.0,0.0
1726660800000,261506.19065136128,261506.19065136128,0,0.0,0.0,0.0,0.0
1726675200000,261506.19065136128,261506.19065136128,0,0.0,0.0,0.0,0.0
1726689600000,261506.19065136128,261506.19065136128,0,0.0,0.0,0.0,0.0
1726704000000,261506.19065136128,261506.19065136128,0,0.0,0.0,0.0,0.0
1726718400000,261506.19065136128,261506.19065136128,0,0.0,0.0,0.0,0.0
1726732800000,261506.19065136128,261506.19065136128,0,0.0,0.0,0.0,0.0
1726747200000,261506.19065136128,261506.19065136128,0,0.0,0.0,0.0,0.0
1726761600000,261506.19065136128,261506.19065136128,0,0.0,0.0,0.0,0.0
1726776000000,261506.19065136128,261506.19065136128,0,0.0,0.0,0.0,0.0
1726790400000,261506.19065136128,261506.19065136128,0,0.0,0.0,0.0,0.0
1726804800000,261506.19065136128,261506.19065136128,0,0.0,0.0,0.0,0.0
1726819200000,261506.19065136128,261506.19065136128,0,0.0,0.0,0.0,0.0
1726833600000,261506.19065136128,261506.19065136128,0,0.0,0.0,0.0,0.0
1726848000000,261506.19065136128,261506.19065136128,0,0.0,0.0,0.0,0.0
1726862400000,261506.19065136128,261506.19065136128,0,0.0,0.0,0.0,0.0
1726876800000,261506.19065136128,261506.19065136128,0,0.0,0.0,0.0,0.0
1726891200000,261506.19065136128,261506.19065136128,0,0.0,0.0,0.0,0.0
1726905600000,261506.19065136128,261506.19065136128,0,0.0,0.0,0.0,0.0
1726920000000,261506.19065136128,261506.19065136128,0,0.0,0.0,0.0,0.0
1726934400000,261506.19065136128,261506.19065136128,0,0.0,0.0,0.0,0.0
1726948800000,261506.19065136128,261506.19065136128,0,0.0,0.0,0.0,0.0
1726963200000,261506.19065136128,261506.19065136128,0,0.0,0.0,0.0,0.0
1726977600000,261506.19065136128,261506.19065136128,0,0.0,0.0,0.0,0.0
1726992000000,261506.19065136128,261506.19065136128,0,0.0,0.0,0.0,0.0
1727006400000,261506.19065136128,261506.19065136128,0,0.0,0.0,0.0,0.0
1727020800000,261506.19065136128,261506.19065136128,0,0.0,0.0,0.0,0.0
1727035200000,261506.19065136128,261506.19065136128,0,0.0,0.0,0.0,0.0
1727049600000,261506.19065136128,261506.19065136128,0,0.0,0.0,0.0,0.0
1727064000000,261506.19065136128,261506.19065136128,0,0.0,0.0,0.0,0.0
1727078400000,261506.19065136128,261506.19065136128,0,0.0,0.0,0.0,0.0
1727092800000,261506.19065136128,261506.19065136128,0,0.0,0.0,0.0,0.0
1727107200000,261506.19065136128,261506.19065136128,0,0.0,0.0,0.0,0.0
1727121600000,261506.19065136128,261506.19065136128,0,0.0,0.0,0.0,0.0
1727136000000,261506.19065136128,261506.19065136128,0,0.0,0.0,0.0,0.0
1727150400000,261506.19065136128,261506.19065136128,0,0.0,0.0,0.0,0.0
1727164800000,261506.19065136128,261506.19065136128,0,0.0,0.0,0.0,0.0
1727179200000,261506.19065136128,261506.19065136128,0,0.0,0.0,0.0,0.0
1727193600000,261506.19065136128,261506.19065136128,0,0.0,0.0,0.0,0.0
1727208000000,261506.19065136128,261506.19065136128,0,0.0,0.0,0.0,0.0
1727222400000,261506.19065136128,261506.19065136128,0,0.0,0.0,0.0,0.0
1727236800000,261506.19065136128,261506.19065136128,0,0.0,0.0,0.0,0.0
1727251200000,258610.50894190886,261367.3293367787,1,274965.8087702918,5230.123813027226,0.0,0.0
1727265600000,258578.07169790321,261364.19195063759,1,274936.5089124273,5230.123813027226,0.0,0.0
1727280000000,257121.69640993193,261364.19195063759,1,273480.133624456,5230.123813027226,0.0,0.0
1727294400000,256844.63095751224,256844.63095751224,0,0.0,0.0,0.0,0.0
1727308800000,256844.63095751224,256844.63095751224,0,0.0,0.0,0.0,0.0
1727323200000,256844.63095751224,256844.63095751224,0,0.0,0.0,0.0,0.0
1727337600000,256844.63095751224,256844.63095751224,0,0.0,0.0,0.0,0.0
1727352000000,256844.63095751224,256844.63095751224,0,0.0,0.0,0.0,0.0
1727366400000,256844.63095751224,256844.63095751224,0,0.0,0.0,0.0,0.0
1727380800000,256844.63095751224,256844.63095751224,0,0.0,0.0,0.0,0.0
1727395200000,256844.63095751224,256844.63095751224,0,0.0,0.0,0.0,0.0
1727409600000,256844.63095751224,256844.63095751224,0,0.0,0.0,0.0,0.0
1727424000000,256995.08529576144,256706.28355837154,1,276983.6000187876,5136.892619150245,0.0,0.0
1727438400000,256846.5210976151,256687.66342286344,1,276853.65595614933,5136.892619150245,0.0,0.0
1727452800000,259241.38593933202,256687.66342286344,1,279248.5207978663,5136.892619150245,0.0,0.0
1727467200000,257706.17968187222,256681.31043657393,1,277719.667526696,5136.892619150245,0.0,0.0
1727481600000,258285.2138111527,256681.31043657393,1,278298.7016559765,5136.892619150245,0.0,0.0
1727496000000,259503.44303563467,256666.1292423986,1,279532.11207463377,5136.892619150245,0.0,0.0
1727510400000,258441.0339241625,256666.1292423986,1,278469.7029631616,5136.892619150245,0.0,0.0
1727524800000,258297.28732429308,256643.01475279595,1,278349.07085289486,5136.892619150245,0.0,0.0
1727539200000,257587.03932068739,256643.01475279595,1,277638.8228492891,5136.892619150245,0.0,0.0
1727553600000,258031.35693903168,256639.08884562267,1,278087.0663748067,5136.892619150245,0.0,0.0
1727568000000,258551.97973070928,256639.08884562267,1,278607.6891664843,5136.892619150245,0.0,0.0
1727582400000,258376.41877010968,256637.0688155823,1,278434.1482359251,5136.892619150245,0.0,0.0
1727596800000,256917.4051417254,256637.0688155823,1,276975.1346075408,5136.892619150245,0.0,0.0
1727611200000,257897.07707330963,256628.4039841038,1,277963.47137060354,5136.892619150245,0.0,0.0
1727625600000,258107.01927223004,256628.4039841038,1,278173.41356952395,5136.892619150245,0.0,0.0
1727640000000,258960.05052465026,256608.2280664176,1,279046.62073963037,5136.892619150245,0.0,0.0
1727654400000,257443.89537035016,256608.2280664176,1,277530.46558533027,5136.892619150245,0.0,0.0
1727668800000,257158.31706207778,257158.31706207778,0,0.0,0.0,0.0,0.0
1727683200000,257158.31706207778,257158.31706207778,0,0.0,0.0,0.0,0.0
1727697600000,257158.31706207778,257158.31706207778,0,0.0,0.0,0.0,0.0
1727712000000,257158.31706207778,257158.31706207778,0,0.0,0.0,0.0,0.0
1727726400000,257158.31706207778,257158.31706207778,0,0.0,0.0,0.0,0.0
1727740800000,257158.31706207778,257158.31706207778,0,0.0,0.0,0.0,0.0
1727755200000,257158.31706207778,257158.31706207778,0,0.0,0.0,0.0,0.0
1727769600000,257158.31706207778,257158.31706207778,0,0.0,0.0,0.0,0.0
1727784000000,257158.31706207778,257158.31706207778,0,0.0,0.0,0.0,0.0
1727798400000,257158.31706207778,257158.31706207778,0,0.0,0.0,0.0,0.0
1727812800000,257158.31706207778,257158.31706207778,0,0.0,0.0,0.0,0.0
1727827200000,257158.31706207778,257158.31706207778,0,0.0,0.0,0.0,0.0
1727841600000,257158.31706207778,257158.31706207778,0,0.0,0.0,0.0,0.0
1727856000000,257158.31706207778,257158.31706207778,0,0.0,0.0,0.0,0.0
1727870400000,257158.31706207778,257158.31706207778,0,0.0,0.0,0.0,0.0
1727884800000,257158.31706207778,257158.31706207778,0,0.0,0.0,0.0,0.0
1727899200000,257158.31706207778,257158.31706207778,0,0.0,0.0,0.0,0.0
1727913600000,257158.31706207778,257158.31706207778,0,0.0,0.0,0.0,0.0
1727928000000,257158.31706207778,257158.31706207778,0,0.0,0.0,0.0,0.0
1727942400000,257158.31706207778,257158.31706207778,0,0.0,0.0,0.0,0.0
1727956800000,257158.31706207778,257158.31706207778,0,0.0,0.0,0.0,0.0
1727971200000,257158.31706207778,257158.31706207778,0,0.0,0.0,0.0,0.0
1727985600000,257158.31706207778,257158.31706207778,0,0.0,0.0,0.0,0.0
1728000000000,257158.31706207778,257158.31706207778,0,0.0,0.0,0.0,0.0
1728014400000,257158.31706207778,257158.31706207778,0,0.0,0.0,0.0,0.0
1728028800000,257158.31706207778,257158.31706207778,0,0.0,0.0,0.0,0.0
1728043200000,257158.31706207778,257158.31706207778,0,0.0,0.0,0.0,0.0
1728057600000,257158.31706207778,257158.31706207778,0,0.0,0.0,0.0,0.0
1728072000000,257158.31706207778,257158.31706207778,0,0.0,0.0,0.0,0.0
1728086400000,257158.31706207778,257158.31706207778,0,0.0,0.0,0.0,0.0
1728100800000,257158.31706207778,257158.31706207778,0,0.0,0.0,0.0,0.0
1728115200000,257158.31706207778,257158.31706207778,0,0.0,0.0,0.0,0.0
1728129600000,257158.31706207778,257158.31706207778,0,0.0,0.0,0.0,0.0
1728144000000,257158.31706207778,257158.31706207778,0,0.0,0.0,0.0,0.0
1728158400000,257158.31706207778,257158.31706207778,0,0.0,0.0,0.0,0.0
1728172800000,257158.31706207778,257158.31706207778,0,0.0,0.0,0.0,0.0
1728187200000,257158.31706207778,257158.31706207778,0,0.0,0.0,0.0,0.0
1728201600000,257158.31706207778,257158.31706207778,0,0.0,0.0,0.0,0.0
1728216000000,257158.31706207778,257158.31706207778,0,0.0,0.0,0.0,0.0
1728230400000,257158.31706207778,257158.31706207778,0,0.0,0.0,0.0,0.0
1728244800000,257158.31706207778,257158.31706207778,0,0.0,0.0,0.0,0.0
1728259200000,257158.31706207778,257158.31706207778,0,0.0,0.0,0.0,0.0
1728273600000,257158.31706207778,257158.31706207778,0,0.0,0.0,0.0,0.0
1728288000000,257158.31706207778,257158.31706207778,0,0.0,0.0,0.0,0.0
1728302400000,257158.31706207778,257158.31706207778,0,0.0,0.0,0.0,0.0
1728316800000,257158.31706207778,257158.31706207778,0,0.0,0.0,0.0,0.0
1728331200000,257158.31706207778,257158.31706207778,0,0.0,0.0,0.0,0.0
1728345600000,257158.31706207778,257158.31706207778,0,0.0,0.0,0.0,0.0
1728360000000,257158.31706207778,257158.31706207778,0,0.0,0.0,0.0,0.0
1728374400000,257158.31706207778,257158.31706207778,0,0.0,0.0,0.0,0.0
1728388800000,257158.31706207778,257158.31706207778,0,0.0,0.0,0.0,0.0
1728403200000,257158.31706207778,257158.31706207778,0,0.0,0.0,0.0,0.0
1728417600000,257158.31706207778,257158.31706207778,0,0.0,0.0,0.0,0.0
1728432000000,257158.31706207778,257158.31706207778,0,0.0,0.0,0.0,0.0
1728446400000,257158.31706207778,257158.31706207778,0,0.0,0.0,0.0,0.0
1728460800000,257158.31706207778,257158.31706207778,0,0.0,0.0,0.0,0.0
1728475200000,257158.31706207778,257158.31706207778,0,0.0,0.0,0.0,0.0
1728489600000,257158.31706207778,257158.31706207778,0,0.0,0.0,0.0,0.0
1728504000000,257158.31706207778,257158.31706207778,0,0.0,0.0,0.0,0.0
1728518400000,257158.31706207778,257158.31706207778,0,0.0,0.0,0.0,0.0
1728532800000,257158.31706207778,257158.31706207778,0,0.0,0.0,0.0,0.0
1728547200000,257158.31706207778,257158.31706207778,0,0.0,0.0,0.0,0.0
1728561600000,257158.31706207778,257158.31706207778,0,0.0,0.0,0.0,0.0
1728576000000,257158.31706207778,257158.31706207778,0,0.0,0.0,0.0,0.0
1728590400000,257158.31706207778,257158.31706207778,0,0.0,0.0,0.0,0.0
1728604800000,257158.31706207778,257158.31706207778,0,0.0,0.0,0.0,0.0
1728619200000,257158.31706207778,257158.31706207778,0,0.0,0.0,0.0,0.0
1728633600000,257158.31706207778,257158.31706207778,0,0.0,0.0,0.0,0.0
1728648000000,257158.31706207778,257158.31706207778,0,0.0,0.0,0.0,0.0
1728662400000,257158.31706207778,257158.31706207778,0,0.0,0.0,0.0,0.0
1728676800000,257158.31706207778,257158.31706207778,0,0.0,0.0,0.0,0.0
1728691200000,257158.31706207778,257158.31706207778,0,0.0,0.0,0.0,0.0
1728705600000,257158.31706207778,257158.31706207778,0,0.0,0.0,0.0,0.0
1728720000000,257158.31706207778,257158.31706207778,0,0.0,0.0,0.0,0.0
1728734400000,257158.31706207778,257158.31706207778,0,0.0,0.0,0.0,0.0
1728748800000,257158.31706207778,257158.31706207778,0,0.0,0.0,0.0,0.0
1728763200000,257158.31706207778,257158.31706207778,0,0.0,0.0,0.0,0.0
1728777600000,257158.31706207778,257158.31706207778,0,0.0,0.0,0.0,0.0
1728792000000,257158.31706207778,257158.31706207778,0,0.0,0.0,0.0,0.0
1728806400000,257158.31706207778,257158.31706207778,0,0.0,0.0,0.0,0.0
1728820800000,257158.31706207778,257158.31706207778,0,0.0,0.0,0.0,0.0
1728835200000,257158.31706207778,257158.31706207778,0,0.0,0.0,0.0,0.0
1728849600000,257158.31706207778,257158.31706207778,0,0.0,0.0,0.0,0.0
1728864000000,257158.31706207778,257158.31706207778,0,0.0,0.0,0.0,0.0
1728878400000,257158.31706207778,257158.31706207778,0,0.0,0.0,0.0,0.0
1728892800000,257158.31706207778,257158.31706207778,0,0.0,0.0,0.0,0.0
1728907200000,257158.31706207778,257158.31706207778,0,0.0,0.0,0.0,0.0
1728921600000,257158.31706207778,257158.31706207778,0,0.0,0.0,0.0,0.0
1728936000000,257158.31706207778,257158.31706207778,0,0.0,0.0,0.0,0.0
1728950400000,257158.31706207778,257158.31706207778,0,0.0,0.0,0.0,0.0
1728964800000,257158.31706207778,257158.31706207778,0,0.0,0.0,0.0,0.0
1728979200000,257158.31706207778,257158.31706207778,0,0.0,0.0,0.0,0.0
1728993600000,257158.31706207778,257158.31706207778,0,0.0,0.0,0.0,0.0
1729008000000,257158.31706207778,257158.31706207778,0,0.0,0.0,0.0,0.0
1729022400000,257158.31706207778,257158.31706207778,0,0.0,0.0,0.0,0.0
1729036800000,257158.31706207778,257158.31706207778,0,0.0,0.0,0.0,0.0
1729051200000,257158.31706207778,257158.31706207778,0,0.0,0.0,0.0,0.0
1729065600000,257158.31706207778,257158.31706207778,0,0.0,0.0,0.0,0.0
1729080000000,257158.31706207778,257158.31706207778,0,0.0,0.0,0.0,0.0
1729094400000,257158.31706207778,257158.31706207778,0,0.0,0.0,0.0,0.0
1729108800000,257158.31706207778,257158.31706207778,0,0.0,0.0,0.0,0.0
1729123200000,257158.31706207778,257158.31706207778,0,0.0,0.0,0.0,0.0
1729137600000,257158.31706207778,257158.31706207778,0,0.0,0.0,0.0,0.0
1729152000000,257158.31706207778,257158.31706207778,0,0.0,0.0,0.0,0.0
1729166400000,257158.31706207778,257158.31706207778,0,0.0,0.0,0.0,0.0
1729180800000,257158.31706207778,257158.31706207778,0,0.0,0.0,0.0,0.0
1729195200000,257158.31706207778,257158.31706207778,0,0.0,0.0,0.0,0.0
1729209600000,257158.31706207778,257158.31706207778,0,0.0,0.0,0.0,0.0
1729224000000,257158.31706207778,257158.31706207778,0,0.0,0.0,0.0,0.0
1729238400000,257158.31706207778,257158.31706207778,0,0.0,0.0,0.0,0.0
1729252800000,257158.31706207778,257158.31706207778,0,0.0,0.0,0.0,0.0
1729267200000,257158.31706207778,257158.31706207778,0,0.0,0.0,0.0,0.0
1729281600000,257158.31706207778,257158.31706207778,0,0.0,0.0,0.0,0.0
1729296000000,257158.31706207778,257158.31706207778,0,0.0,0.0,0.0,0.0
1729310400000,257158.31706207778,257158.31706207778,0,0.0,0.0,0.0,0.0
1729324800000,257158.31706207778,257158.31706207778,0,0.0,0.0,0.0,0.0
1729339200000,257158.31706207778,257158.31706207778,0,0.0,0.0,0.0,0.0
1729353600000,257158.31706207778,257158.31706207778,0,0.0,0.0,0.0,0.0
1729368000000,257158.31706207778,257158.31706207778,0,0.0,0.0,0.0,0.0
1729382400000,257158.31706207778,257158.31706207778,0,0.0,0.0,0.0,0.0
1729396800000,257158.31706207778,257158.31706207778,0,0.0,0.0,0.0,0.0
1729411200000,257158.31706207778,257158.31706207778,0,0.0,0.0,0.0,0.0
1729425600000,257158.31706207778,257158.31706207778,0,0.0,0.0,0.0,0.0
1729440000000,258026.97926014644,257048.6915155568,1,220229.38078658425,5143.1663412415555,0.0,0.0
1729454400000,258507.2732052039,257033.25247066136,1,220725.11377653715,5143.1663412415555,0.0,0.0
1729468800000,268325.5404784381,257033.25247066136,1,230543.38104977133,5143.1663412415555,0.0,0.0
1729483200000,271249.3461831751,257010.20095734487,1,233490.23826782484,5143.1663412415555,0.0,0.0
1729497600000,270092.63587328495,257010.20095734487,1,232333.52795793468,5143.1663412415555,0.0,0.0
1729512000000,266971.07435802993,256986.9706292956,1,229235.19677072894,5143.1663412415555,0.0,0.0
1729526400000,265442.5643056751,256986.9706292956,1,227706.6867183741,5143.1663412415555,0.0,0.0
1729540800000,268710.91079948226,256964.20088424868,1,230997.8029572282,5143.1663412415555,0.0,0.0
1729555200000,266480.11234469415,256964.20088424868,1,228767.00450244005,5143.1663412415555,0.0,0.0
1729569600000,266801.4881445088,256941.3176632627,1,229111.2635232407,5143.1663412415555,0.0,0.0
1729584000000,267806.72448524664,256941.3176632627,1,230116.4998639786,5143.1663412415555,0.0,0.0
1729598400000,268857.8027157346,256918.30774885265,1,231190.58800887654,5143.1663412415555,0.0,0.0
1729612800000,268688.232840111,256824.7871749406,2,417922.2150313846,7831.744368398901,2688.578027157346,186924.41207415637
1729627200000,269382.1169080296,256820.13053547317,2,419041.3619538259,7831.744368398901,2688.578027157346,187134.71518168403
1729641600000,268316.7877910713,256820.13053547317,2,417765.7297293399,7831.744368398901,2688.578027157346,187029.56362792017
1729656000000,266177.9838751746,256815.76136086584,2,414089.0721995145,7831.744368398901,2688.578027157346,186258.45223365215
1729670400000,268233.4577095429,256815.76136086584,2,412639.49424175534,7831.744368398901,2688.578027157346,184505.92633758843
1729684800000,269130.4307640843,256811.4003967508,2,413610.9292962543,7831.744368398901,2688.578027157346,184540.9768555097
1729699200000,272410.2462931458,256811.4003967508,2,415068.1178934096,7831.744368398901,2688.578027157346,183629.6633895566
1729713600000,280499.3310703748,259404.34308226148,2,329684.05911334994,6487.455354820228,1344.289013578673,91429.27599764428
1729728000000,276613.03557654994,260652.59524671652,1,235211.533371828,5143.1663412415555,0.0,0.0
1729742400000,281133.73349778116,260629.07409337934,1,239755.75244639645,5143.1663412415555,0.0,0.0
1729756800000,280293.7414870276,260629.07409337934,1,238915.76043564288,5143.1663412415555,0.0,0.0
1729771200000,280655.4171195829,260605.17962263792,1,239301.3305389396,5143.1663412415555,0.0,0.0
1729785600000,282831.1341310429,260605.17962263792,1,241477.04755039964,5143.1663412415555,0.0,0.0
1729800000000,285551.418963494,260581.03154126627,1,244221.48046422232,5143.1663412415555,0.0,0.0
1729814400000,285203.0288344437,260581.03154126627,1,243873.09033517205,5143.1663412415555,0.0,0.0
1729828800000,281804.9029313127,260556.64404198146,1,240499.35193132583,5143.1663412415555,0.0,0.0
1729843200000,277949.2018983455,260556.64404198146,1,236643.65089835867,5143.1663412415555,0.0,0.0
1729857600000,280280.26785849594,260532.97829985555,1,238998.38260063503,5143.1663412415555,0.0,0.0
1729872000000,278614.05419782083,260532.97829985555,1,237332.16893995993,5143.1663412415555,0.0,0.0
1729886400000,272478.7426705707,260525.47734285673,1,231204.35836970859,5143.1663412415555,0.0,0.0
1729900800000,272247.5961132906,272247.5961132906,0,0.0,0.0,0.0,0.0
1729915200000,272247.5961132906,272247.5961132906,0,0.0,0.0,0.0,0.0
1729929600000,272247.5961132906,272247.5961132906,0,0.0,0.0,0.0,0.0
1729944000000,272247.5961132906,272247.5961132906,0,0.0,0.0,0.0,0.0
1729958400000,272247.5961132906,272247.5961132906,0,0.0,0.0,0.0,0.0
1729972800000,272247.5961132906,272247.5961132906,0,0.0,0.0,0.0,0.0
1729987200000,272247.5961132906,272247.5961132906,0,0.0,0.0,0.0,0.0
1730001600000,272247.5961132906,272247.5961132906,0,0.0,0.0,0.0,0.0
1730016000000,272247.5961132906,272247.5961132906,0,0.0,0.0,0.0,0.0
1730030400000,272247.5961132906,272247.5961132906,0,0.0,0.0,0.0,0.0
1730044800000,272247.5961132906,272247.5961132906,0,0.0,0.0,0.0,0.0
1730059200000,272247.5961132906,272247.5961132906,0,0.0,0.0,0.0,0.0
1730073600000,272247.5961132906,272247.5961132906,0,0.0,0.0,0.0,0.0
1730088000000,272247.5961132906,272247.5961132906,0,0.0,0.0,0.0,0.0
1730102400000,272247.5961132906,272247.5961132906,0,0.0,0.0,0.0,0.0
1730116800000,272247.5961132906,272247.5961132906,0,0.0,0.0,0.0,0.0
1730131200000,272247.5961132906,272247.5961132906,0,0.0,0.0,0.0,0.0
1730145600000,272247.5961132906,272247.5961132906,0,0.0,0.0,0.0,0.0
1730160000000,272247.5961132906,272247.5961132906,0,0.0,0.0,0.0,0.0
1730174400000,272247.5961132906,272247.5961132906,0,0.0,0.0,0.0,0.0
1730188800000,272247.5961132906,272247.5961132906,0,0.0,0.0,0.0,0.0
1730203200000,272247.5961132906,272247.5961132906,0,0.0,0.0,0.0,0.0
1730217600000,272247.5961132906,272247.5961132906,0,0.0,0.0,0.0,0.0
1730232000000,272247.5961132906,272247.5961132906,0,0.0,0.0,0.0,0.0
1730246400000,272247.5961132906,272247.5961132906,0,0.0,0.0,0.0,0.0
1730260800000,272247.5961132906,272247.5961132906,0,0.0,0.0,0.0,0.0
1730275200000,272247.5961132906,272247.5961132906,0,0.0,0.0,0.0,0.0
1730289600000,272247.5961132906,272247.5961132906,0,0.0,0.0,0.0,0.0
1730304000000,272247.5961132906,272247.5961132906,0,0.0,0.0,0.0,0.0
1730318400000,272247.5961132906,272247.5961132906,0,0.0,0.0,0.0,0.0
1730332800000,272247.5961132906,272247.5961132906,0,0.0,0.0,0.0,0.0
1730347200000,272247.5961132906,272247.5961132906,0,0.0,0.0,0.0,0.0
1730361600000,272247.5961132906,272247.5961132906,0,0.0,0.0,0.0,0.0
1730376000000,272247.5961132906,272247.5961132906,0,0.0,0.0,0.0,0.0
1730390400000,272247.5961132906,272247.5961132906,0,0.0,0.0,0.0,0.0
1730404800000,272247.5961132906,272247.5961132906,0,0.0,0.0,0.0,0.0
1730419200000,272247.5961132906,272247.5961132906,0,0.0,0.0,0.0,0.0
1730433600000,272247.5961132906,272247.5961132906,0,0.0,0.0,0.0,0.0
1730448000000,272247.5961132906,272247.5961132906,0,0.0,0.0,0.0,0.0
1730462400000,272247.5961132906,272247.5961132906,0,0.0,0.0,0.0,0.0
1730476800000,272247.5961132906,272247.5961132906,0,0.0,0.0,0.0,0.0
1730491200000,272247.5961132906,272247.5961132906,0,0.0,0.0,0.0,0.0
1730505600000,272247.5961132906,272247.5961132906,0,0.0,0.0,0.0,0.0
1730520000000,272247.5961132906,272247.5961132906,0,0.0,0.0,0.0,0.0
1730534400000,272247.5961132906,272247.5961132906,0,0.0,0.0,0.0,0.0
1730548800000,272247.5961132906,272247.5961132906,0,0.0,0.0,0.0,0.0
1730563200000,272247.5961132906,272247.5961132906,0,0.0,0.0,0.0,0.0
1730577600000,272247.5961132906,272247.5961132906,0,0.0,0.0,0.0,0.0
1730592000000,272247.5961132906,272247.5961132906,0,0.0,0.0,0.0,0.0
1730606400000,272247.5961132906,272247.5961132906,0,0.0,0.0,0.0,0.0
1730620800000,272247.5961132906,272247.5961132906,0,0.0,0.0,0.0,0.0
1730635200000,272247.5961132906,272247.5961132906,0,0.0,0.0,0.0,0.0
1730649600000,272247.5961132906,272247.5961132906,0,0.0,0.0,0.0,0.0
1730664000000,272247.5961132906,272247.5961132906,0,0.0,0.0,0.0,0.0
1730678400000,272247.5961132906,272247.5961132906,0,0.0,0.0,0.0,0.0
1730692800000,272247.5961132906,272247.5961132906,0,0.0,0.0,0.0,0.0
1730707200000,272247.5961132906,272247.5961132906,0,0.0,0.0,0.0,0.0
1730721600000,272247.5961132906,272247.5961132906,0,0.0,0.0,0.0,0.0
1730736000000,272247.5961132906,272247.5961132906,0,0.0,0.0,0.0,0.0
1730750400000,272247.5961132906,272247.5961132906,0,0.0,0.0,0.0,0.0
1730764800000,272247.5961132906,272247.5961132906,0,0.0,0.0,0.0,0.0
1730779200000,272247.5961132906,272247.5961132906,0,0.0,0.0,0.0,0.0
1730793600000,272247.5961132906,272247.5961132906,0,0.0,0.0,0.0,0.0
1730808000000,272247.5961132906,272247.5961132906,0,0.0,0.0,0.0,0.0
1730822400000,272247.5961132906,272247.5961132906,0,0.0,0.0,0.0,0.0
1730836800000,272247.5961132906,272247.5961132906,0,0.0,0.0,0.0,0.0
1730851200000,272247.5961132906,272247.5961132906,0,0.0,0.0,0.0,0.0
1730865600000,272247.5961132906,272247.5961132906,0,0.0,0.0,0.0,0.0
1730880000000,272247.5961132906,272247.5961132906,0,0.0,0.0,0.0,0.0
1730894400000,272247.5961132906,272247.5961132906,0,0.0,0.0,0.0,0.0
1730908800000,272247.5961132906,272247.5961132906,0,0.0,0.0,0.0,0.0
1730923200000,272247.5961132906,272247.5961132906,0,0.0,0.0,0.0,0.0
1730937600000,272247.5961132906,272247.5961132906,0,0.0,0.0,0.0,0.0
1730952000000,272247.5961132906,272247.5961132906,0,0.0,0.0,0.0,0.0
1730966400000,272247.5961132906,272247.5961132906,0,0.0,0.0,0.0,0.0
1730980800000,272247.5961132906,272247.5961132906,0,0.0,0.0,0.0,0.0
1730995200000,272247.5961132906,272247.5961132906,0,0.0,0.0,0.0,0.0
1731009600000,272247.5961132906,272247.5961132906,0,0.0,0.0,0.0,0.0
1731024000000,272247.5961132906,272247.5961132906,0,0.0,0.0,0.0,0.0
1731038400000,272247.5961132906,272247.5961132906,0,0.0,0.0,0.0,0.0
1731052800000,272247.5961132906,272247.5961132906,0,0.0,0.0,0.0,0.0
1731067200000,272247.5961132906,272247.5961132906,0,0.0,0.0,0.0,0.0
1731081600000,272247.5961132906,272247.5961132906,0,0.0,0.0,0.0,0.0
1731096000000,272247.5961132906,272247.5961132906,0,0.0,0.0,0.0,0.0
1731110400000,272247.5961132906,272247.5961132906,0,0.0,0.0,0.0,0.0
1731124800000,272247.5961132906,272247.5961132906,0,0.0,0.0,0.0,0.0
1731139200000,272247.5961132906,272247.5961132906,0,0.0,0.0,0.0,0.0
1731153600000,272247.5961132906,272247.5961132906,0,0.0,0.0,0.0,0.0
1731168000000,272247.5961132906,272247.5961132906,0,0.0,0.0,0.0,0.0
1731182400000,272247.5961132906,272247.5961132906,0,0.0,0.0,0.0,0.0
1731196800000,272247.5961132906,272247.5961132906,0,0.0,0.0,0.0,0.0
1731211200000,272247.5961132906,272247.5961132906,0,0.0,0.0,0.0,0.0
1731225600000,272247.5961132906,272247.5961132906,0,0.0,0.0,0.0,0.0
1731240000000,272247.5961132906,272247.5961132906,0,0.0,0.0,0.0,0.0
1731254400000,272247.5961132906,272247.5961132906,0,0.0,0.0,0.0,0.0
1731268800000,272247.5961132906,272247.5961132906,0,0.0,0.0,0.0,0.0
1731283200000,272247.5961132906,272247.5961132906,0,0.0,0.0,0.0,0.0
1731297600000,272247.5961132906,272247.5961132906,0,0.0,0.0,0.0,0.0
1731312000000,272247.5961132906,272247.5961132906,0,0.0,0.0,0.0,0.0
1731326400000,272247.5961132906,272247.5961132906,0,0.0,0.0,0.0,0.0
1731340800000,272247.5961132906,272247.5961132906,0,0.0,0.0,0.0,0.0
1731355200000,272247.5961132906,272247.5961132906,0,0.0,0.0,0.0,0.0
1731369600000,272247.5961132906,272247.5961132906,0,0.0,0.0,0.0,0.0
1731384000000,272247.5961132906,272247.5961132906,0,0.0,0.0,0.0,0.0
1731398400000,272247.5961132906,272247.5961132906,0,0.0,0.0,0.0,0.0
1731412800000,272247.5961132906,272247.5961132906,0,0.0,0.0,0.0,0.0
1731427200000,272247.5961132906,272247.5961132906,0,0.0,0.0,0.0,0.0
1731441600000,272247.5961132906,272247.5961132906,0,0.0,0.0,0.0,0.0
1731456000000,272247.5961132906,272247.5961132906,0,0.0,0.0,0.0,0.0
1731470400000,272247.5961132906,272247.5961132906,0,0.0,0.0,0.0,0.0
1731484800000,272247.5961132906,272247.5961132906,0,0.0,0.0,0.0,0.0
1731499200000,272247.5961132906,272247.5961132906,0,0.0,0.0,0.0,0.0
1731513600000,272247.5961132906,272247.5961132906,0,0.0,0.0,0.0,0.0
1731528000000,272247.5961132906,272247.5961132906,0,0.0,0.0,0.0,0.0
1731542400000,272247.5961132906,272247.5961132906,0,0.0,0.0,0.0,0.0
1731556800000,272247.5961132906,272247.5961132906,0,0.0,0.0,0.0,0.0
1731571200000,272247.5961132906,272247.5961132906,0,0.0,0.0,0.0,0.0
1731585600000,272247.5961132906,272247.5961132906,0,0.0,0.0,0.0,0.0
1731600000000,272247.5961132906,272247.5961132906,0,0.0,0.0,0.0,0.0
1731614400000,272247.5961132906,272247.5961132906,0,0.0,0.0,0.0,0.0
1731628800000,272247.5961132906,272247.5961132906,0,0.0,0.0,0.0,0.0
1731643200000,272247.5961132906,272247.5961132906,0,0.0,0.0,0.0,0.0
1731657600000,272247.5961132906,272247.5961132906,0,0.0,0.0,0.0,0.0
1731672000000,272247.5961132906,272247.5961132906,0,0.0,0.0,0.0,0.0
1731686400000,272247.5961132906,272247.5961132906,0,0.0,0.0,0.0,0.0
1731700800000,272247.5961132906,272247.5961132906,0,0.0,0.0,0.0,0.0
1731715200000,272247.5961132906,272247.5961132906,0,0.0,0.0,0.0,0.0
1731729600000,272247.5961132906,272247.5961132906,0,0.0,0.0,0.0,0.0
1731744000000,272247.5961132906,272247.5961132906,0,0.0,0.0,0.0,0.0
1731758400000,272247.5961132906,272247.5961132906,0,0.0,0.0,0.0,0.0
1731772800000,272247.5961132906,272247.5961132906,0,0.0,0.0,0.0,0.0
1731787200000,272247.5961132906,272247.5961132906,0,0.0,0.0,0.0,0.0
1731801600000,272247.5961132906,272247.5961132906,0,0.0,0.0,0.0,0.0
1731816000000,272247.5961132906,272247.5961132906,0,0.0,0.0,0.0,0.0
1731830400000,272247.5961132906,272247.5961132906,0,0.0,0.0,0.0,0.0
1731844800000,272247.5961132906,272247.5961132906,0,0.0,0.0,0.0,0.0
1731859200000,272247.5961132906,272247.5961132906,0,0.0,0.0,0.0,0.0
1731873600000,272247.5961132906,272247.5961132906,0,0.0,0.0,0.0,0.0
1731888000000,272247.5961132906,272247.5961132906,0,0.0,0.0,0.0,0.0
1731902400000,272247.5961132906,272247.5961132906,0,0.0,0.0,0.0,0.0
1731916800000,272247.5961132906,272247.5961132906,0,0.0,0.0,0.0,0.0
1731931200000,272247.5961132906,272247.5961132906,0,0.0,0.0,0.0,0.0
1731945600000,272247.5961132906,272247.5961132906,0,0.0,0.0,0.0,0.0
1731960000000,272247.5961132906,272247.5961132906,0,0.0,0.0,0.0,0.0
1731974400000,272247.5961132906,272247.5961132906,0,0.0,0.0,0.0,0.0
1731988800000,272247.5961132906,272247.5961132906,0,0.0,0.0,0.0,0.0
1732003200000,272247.5961132906,272247.5961132906,0,0.0,0.0,0.0,0.0
1732017600000,272247.5961132906,272247.5961132906,0,0.0,0.0,0.0,0.0
1732032000000,272247.5961132906,272247.5961132906,0,0.0,0.0,0.0,0.0
1732046400000,272247.5961132906,272247.5961132906,0,0.0,0.0,0.0,0.0
1732060800000,272247.5961132906,272247.5961132906,0,0.0,0.0,0.0,0.0
1732075200000,272247.5961132906,272247.5961132906,0,0.0,0.0,0.0,0.0
1732089600000,272247.5961132906,272247.5961132906,0,0.0,0.0,0.0,0.0
1732104000000,272247.5961132906,272247.5961132906,0,0.0,0.0,0.0,0.0
1732118400000,272247.5961132906,272247.5961132906,0,0.0,0.0,0.0,0.0
1732132800000,272247.5961132906,272247.5961132906,0,0.0,0.0,0.0,0.0
1732147200000,272247.5961132906,272247.5961132906,0,0.0,0.0,0.0,0.0
1732161600000,272247.5961132906,272247.5961132906,0,0.0,0.0,0.0,0.0
1732176000000,272247.5961132906,272247.5961132906,0,0.0,0.0,0.0,0.0
1732190400000,272247.5961132906,272247.5961132906,0,0.0,0.0,0.0,0.0
1732204800000,272247.5961132906,272247.5961132906,0,0.0,0.0,0.0,0.0
1732219200000,272247.5961132906,272247.5961132906,0,0.0,0.0,0.0,0.0
1732233600000,272247.5961132906,272247.5961132906,0,0.0,0.0,0.0,0.0
1732248000000,272247.5961132906,272247.5961132906,0,0.0,0.0,0.0,0.0
1732262400000,272247.5961132906,272247.5961132906,0,0.0,0.0,0.0,0.0
1732276800000,272247.5961132906,272247.5961132906,0,0.0,0.0,0.0,0.0
1732291200000,272247.5961132906,272247.5961132906,0,0.0,0.0,0.0,0.0
1732305600000,272247.5961132906,272247.5961132906,0,0.0,0.0,0.0,0.0
1732320000000,272247.5961132906,272247.5961132906,0,0.0,0.0,0.0,0.0
1732334400000,272247.5961132906,272247.5961132906,0,0.0,0.0,0.0,0.0
1732348800000,272247.5961132906,272247.5961132906,0,0.0,0.0,0.0,0.0
1732363200000,272247.5961132906,272247.5961132906,0,0.0,0.0,0.0,0.0
1732377600000,272247.5961132906,272247.5961132906,0,0.0,0.0,0.0,0.0
1732392000000,272247.5961132906,272247.5961132906,0,0.0,0.0,0.0,0.0
1732406400000,272247.5961132906,272247.5961132906,0,0.0,0.0,0.0,0.0
1732420800000,272247.5961132906,272247.5961132906,0,0.0,0.0,0.0,0.0
1732435200000,272247.5961132906,272247.5961132906,0,0.0,0.0,0.0,0.0
1732449600000,272247.5961132906,272247.5961132906,0,0.0,0.0,0.0,0.0
1732464000000,272247.5961132906,272247.5961132906,0,0.0,0.0,0.0,0.0
1732478400000,272247.5961132906,272247.5961132906,0,0.0,0.0,0.0,0.0
1732492800000,272247.5961132906,272247.5961132906,0,0.0,0.0,0.0,0.0
1732507200000,272247.5961132906,272247.5961132906,0,0.0,0.0,0.0,0.0
1732521600000,272247.5961132906,272247.5961132906,0,0.0,0.0,0.0,0.0
1732536000000,272247.5961132906,272247.5961132906,0,0.0,0.0,0.0,0.0
1732550400000,272247.5961132906,272247.5961132906,0,0.0,0.0,0.0,0.0
1732564800000,272247.5961132906,272247.5961132906,0,0.0,0.0,0.0,0.0
1732579200000,272247.5961132906,272247.5961132906,0,0.0,0.0,0.0,0.0
1732593600000,272247.5961132906,272247.5961132906,0,0.0,0.0,0.0,0.0
1732608000000,272247.5961132906,272247.5961132906,0,0.0,0.0,0.0,0.0
1732622400000,272247.5961132906,272247.5961132906,0,0.0,0.0,0.0,0.0
1732636800000,272247.5961132906,272247.5961132906,0,0.0,0.0,0.0,0.0
1732651200000,272247.5961132906,272247.5961132906,0,0.0,0.0,0.0,0.0
1732665600000,272247.5961132906,272247.5961132906,0,0.0,0.0,0.0,0.0
1732680000000,272247.5961132906,272247.5961132906,0,0.0,0.0,0.0,0.0
1732694400000,272247.5961132906,272247.5961132906,0,0.0,0.0,0.0,0.0
1732708800000,272247.5961132906,272247.5961132906,0,0.0,0.0,0.0,0.0
1732723200000,272247.5961132906,272247.5961132906,0,0.0,0.0,0.0,0.0
1732737600000,272247.5961132906,272247.5961132906,0,0.0,0.0,0.0,0.0
1732752000000,272247.5961132906,272247.5961132906,0,0.0,0.0,0.0,0.0
1732766400000,272247.5961132906,272247.5961132906,0,0.0,0.0,0.0,0.0
1732780800000,272247.5961132906,272247.5961132906,0,0.0,0.0,0.0,0.0
1732795200000,272247.5961132906,272247.5961132906,0,0.0,0.0,0.0,0.0
1732809600000,272247.5961132906,272247.5961132906,0,0.0,0.0,0.0,0.0
1732824000000,272247.5961132906,272247.5961132906,0,0.0,0.0,0.0,0.0
1732838400000,272247.5961132906,272247.5961132906,0,0.0,0.0,0.0,0.0
1732852800000,272247.5961132906,272247.5961132906,0,0.0,0.0,0.0,0.0
1732867200000,272247.5961132906,272247.5961132906,0,0.0,0.0,0.0,0.0
1732881600000,272247.5961132906,272247.5961132906,0,0.0,0.0,0.0,0.0
1732896000000,272247.5961132906,272247.5961132906,0,0.0,0.0,0.0,0.0
1732910400000,272247.5961132906,272247.5961132906,0,0.0,0.0,0.0,0.0
1732924800000,272247.5961132906,272247.5961132906,0,0.0,0.0,0.0,0.0
1732939200000,272247.5961132906,272247.5961132906,0,0.0,0.0,0.0,0.0
1732953600000,272247.5961132906,272247.5961132906,0,0.0,0.0,0.0,0.0
1732968000000,272247.5961132906,272247.5961132906,0,0.0,0.0,0.0,0.0
1732982400000,272247.5961132906,272247.5961132906,0,0.0,0.0,0.0,0.0
1732996800000,272247.5961132906,272247.5961132906,0,0.0,0.0,0.0,0.0
1733011200000,272247.5961132906,272247.5961132906,0,0.0,0.0,0.0,0.0
1733025600000,272247.5961132906,272247.5961132906,0,0.0,0.0,0.0,0.0
1733040000000,272247.5961132906,272247.5961132906,0,0.0,0.0,0.0,0.0
1733054400000,272247.5961132906,272247.5961132906,0,0.0,0.0,0.0,0.0
1733068800000,272247.5961132906,272247.5961132906,0,0.0,0.0,0.0,0.0
1733083200000,272247.5961132906,272247.5961132906,0,0.0,0.0,0.0,0.0
1733097600000,272247.5961132906,272247.5961132906,0,0.0,0.0,0.0,0.0
1733112000000,272247.5961132906,272247.5961132906,0,0.0,0.0,0.0,0.0
1733126400000,272247.5961132906,272247.5961132906,0,0.0,0.0,0.0,0.0
1733140800000,272247.5961132906,272247.5961132906,0,0.0,0.0,0.0,0.0
1733155200000,272247.5961132906,272247.5961132906,0,0.0,0.0,0.0,0.0
1733169600000,272247.5961132906,272247.5961132906,0,0.0,0.0,0.0,0.0
1733184000000,272247.5961132906,272247.5961132906,0,0.0,0.0,0.0,0.0
1733198400000,272247.5961132906,272247.5961132906,0,0.0,0.0,0.0,0.0
1733212800000,272247.5961132906,272247.5961132906,0,0.0,0.0,0.0,0.0
1733227200000,272247.5961132906,272247.5961132906,0,0.0,0.0,0.0,0.0
1733241600000,272247.5961132906,272247.5961132906,0,0.0,0.0,0.0,0.0
1733256000000,272247.5961132906,272247.5961132906,0,0.0,0.0,0.0,0.0
1733270400000,272247.5961132906,272247.5961132906,0,0.0,0.0,0.0,0.0
1733284800000,272247.5961132906,272247.5961132906,0,0.0,0.0,0.0,0.0
1733299200000,272247.5961132906,272247.5961132906,0,0.0,0.0,0.0,0.0
1733313600000,272247.5961132906,272247.5961132906,0,0.0,0.0,0.0,0.0
1733328000000,272247.5961132906,272247.5961132906,0,0.0,0.0,0.0,0.0
1733342400000,272247.5961132906,272247.5961132906,0,0.0,0.0,0.0,0.0
1733356800000,272247.5961132906,272247.5961132906,0,0.0,0.0,0.0,0.0
1733371200000,272247.5961132906,272247.5961132906,0,0.0,0.0,0.0,0.0
1733385600000,272247.5961132906,272247.5961132906,0,0.0,0.0,0.0,0.0
1733400000000,272247.5961132906,272247.5961132906,0,0.0,0.0,0.0,0.0
1733414400000,272247.5961132906,272247.5961132906,0,0.0,0.0,0.0,0.0
1733428800000,272247.5961132906,272247.5961132906,0,0.0,0.0,0.0,0.0
1733443200000,272247.5961132906,272247.5961132906,0,0.0,0.0,0.0,0.0
1733457600000,272247.5961132906,272247.5961132906,0,0.0,0.0,0.0,0.0
1733472000000,272247.5961132906,272247.5961132906,0,0.0,0.0,0.0,0.0
1733486400000,272247.5961132906,272247.5961132906,0,0.0,0.0,0.0,0.0
1733500800000,272247.5961132906,272247.5961132906,0,0.0,0.0,0.0,0.0
1733515200000,272247.5961132906,272247.5961132906,0,0.0,0.0,0.0,0.0
1733529600000,272247.5961132906,272247.5961132906,0,0.0,0.0,0.0,0.0
1733544000000,272247.5961132906,272247.5961132906,0,0.0,0.0,0.0,0.0
1733558400000,272247.5961132906,272247.5961132906,0,0.0,0.0,0.0,0.0
1733572800000,272247.5961132906,272247.5961132906,0,0.0,0.0,0.0,0.0
1733587200000,272247.5961132906,272247.5961132906,0,0.0,0.0,0.0,0.0
1733601600000,272247.5961132906,272247.5961132906,0,0.0,0.0,0.0,0.0
1733616000000,272247.5961132906,272247.5961132906,0,0.0,0.0,0.0,0.0
1733630400000,272247.5961132906,272247.5961132906,0,0.0,0.0,0.0,0.0
1733644800000,272247.5961132906,272247.5961132906,0,0.0,0.0,0.0,0.0
1733659200000,272247.5961132906,272247.5961132906,0,0.0,0.0,0.0,0.0
1733673600000,272247.5961132906,272247.5961132906,0,0.0,0.0,0.0,0.0
1733688000000,272247.5961132906,272247.5961132906,0,0.0,0.0,0.0,0.0
1733702400000,272247.5961132906,272247.5961132906,0,0.0,0.0,0.0,0.0
1733716800000,272247.5961132906,272247.5961132906,0,0.0,0.0,0.0,0.0
1733731200000,272247.5961132906,272247.5961132906,0,0.0,0.0,0.0,0.0
1733745600000,272247.5961132906,272247.5961132906,0,0.0,0.0,0.0,0.0
1733760000000,272247.5961132906,272247.5961132906,0,0.0,0.0,0.0,0.0
1733774400000,272247.5961132906,272247.5961132906,0,0.0,0.0,0.0,0.0
1733788800000,272247.5961132906,272247.5961132906,0,0.0,0.0,0.0,0.0
1733803200000,272247.5961132906,272247.5961132906,0,0.0,0.0,0.0,0.0
1733817600000,272247.5961132906,272247.5961132906,0,0.0,0.0,0.0,0.0
1733832000000,272247.5961132906,272247.5961132906,0,0.0,0.0,0.0,0.0
1733846400000,272247.5961132906,272247.5961132906,0,0.0,0.0,0.0,0.0
1733860800000,272247.5961132906,272247.5961132906,0,0.0,0.0,0.0,0.0
1733875200000,272247.5961132906,272247.5961132906,0,0.0,0.0,0.0,0.0
1733889600000,272247.5961132906,272247.5961132906,0,0.0,0.0,0.0,0.0
1733904000000,272247.5961132906,272247.5961132906,0,0.0,0.0,0.0,0.0
1733918400000,272247.5961132906,272247.5961132906,0,0.0,0.0,0.0,0.0
1733932800000,272247.5961132906,272247.5961132906,0,0.0,0.0,0.0,0.0
1733947200000,272247.5961132906,272247.5961132906,0,0.0,0.0,0.0,0.0
1733961600000,272247.5961132906,272247.5961132906,0,0.0,0.0,0.0,0.0
1733976000000,272247.5961132906,272247.5961132906,0,0.0,0.0,0.0,0.0
1733990400000,272247.5961132906,272247.5961132906,0,0.0,0.0,0.0,0.0
1734004800000,272247.5961132906,272247.5961132906,0,0.0,0.0,0.0,0.0
1734019200000,272247.5961132906,272247.5961132906,0,0.0,0.0,0.0,0.0
1734033600000,272247.5961132906,272247.5961132906,0,0.0,0.0,0.0,0.0
1734048000000,272247.5961132906,272247.5961132906,0,0.0,0.0,0.0,0.0
1734062400000,272247.5961132906,272247.5961132906,0,0.0,0.0,0.0,0.0
1734076800000,272247.5961132906,272247.5961132906,0,0.0,0.0,0.0,0.0
1734091200000,272247.5961132906,272247.5961132906,0,0.0,0.0,0.0,0.0
1734105600000,272247.5961132906,272247.5961132906,0,0.0,0.0,0.0,0.0
1734120000000,272247.5961132906,272247.5961132906,0,0.0,0.0,0.0,0.0
1734134400000,272247.5961132906,272247.5961132906,0,0.0,0.0,0.0,0.0
1734148800000,272247.5961132906,272247.5961132906,0,0.0,0.0,0.0,0.0
1734163200000,272247.5961132906,272247.5961132906,0,0.0,0.0,0.0,0.0
1734177600000,272247.5961132906,272247.5961132906,0,0.0,0.0,0.0,0.0
1734192000000,272247.5961132906,272247.5961132906,0,0.0,0.0,0.0,0.0
1734206400000,272247.5961132906,272247.5961132906,0,0.0,0.0,0.0,0.0
1734220800000,272247.5961132906,272247.5961132906,0,0.0,0.0,0.0,0.0
1734235200000,272247.5961132906,272247.5961132906,0,0.0,0.0,0.0,0.0
1734249600000,272247.5961132906,272247.5961132906,0,0.0,0.0,0.0,0.0
1734264000000,272247.5961132906,272247.5961132906,0,0.0,0.0,0.0,0.0
1734278400000,272247.5961132906,272247.5961132906,0,0.0,0.0,0.0,0.0
1734292800000,272247.5961132906,272247.5961132906,0,0.0,0.0,0.0,0.0
1734307200000,272247.5961132906,272247.5961132906,0,0.0,0.0,0.0,0.0
1734321600000,272247.5961132906,272247.5961132906,0,0.0,0.0,0.0,0.0
1734336000000,272247.5961132906,272247.5961132906,0,0.0,0.0,0.0,0.0
1734350400000,272247.5961132906,272247.5961132906,0,0.0,0.0,0.0,0.0
1734364800000,272247.5961132906,272247.5961132906,0,0.0,0.0,0.0,0.0
1734379200000,272247.5961132906,272247.5961132906,0,0.0,0.0,0.0,0.0
1734393600000,272247.5961132906,272247.5961132906,0,0.0,0.0,0.0,0.0
1734408000000,272247.5961132906,272247.5961132906,0,0.0,0.0,0.0,0.0
1734422400000,272247.5961132906,272247.5961132906,0,0.0,0.0,0.0,0.0
1734436800000,272247.5961132906,272247.5961132906,0,0.0,0.0,0.0,0.0
1734451200000,272247.5961132906,272247.5961132906,0,0.0,0.0,0.0,0.0
1734465600000,272247.5961132906,272247.5961132906,0,0.0,0.0,0.0,0.0
1734480000000,272247.5961132906,272247.5961132906,0,0.0,0.0,0.0,0.0
1734494400000,272247.5961132906,272247.5961132906,0,0.0,0.0,0.0,0.0
1734508800000,272247.5961132906,272247.5961132906,0,0.0,0.0,0.0,0.0
1734523200000,272247.5961132906,272247.5961132906,0,0.0,0.0,0.0,0.0
1734537600000,272247.5961132906,272247.5961132906,0,0.0,0.0,0.0,0.0
1734552000000,272247.5961132906,272247.5961132906,0,0.0,0.0,0.0,0.0
1734566400000,272247.5961132906,272247.5961132906,0,0.0,0.0,0.0,0.0
1734580800000,272247.5961132906,272247.5961132906,0,0.0,0.0,0.0,0.0
1734595200000,272247.5961132906,272247.5961132906,0,0.0,0.0,0.0,0.0
1734609600000,272247.5961132906,272247.5961132906,0,0.0,0.0,0.0,0.0
1734624000000,272247.5961132906,272247.5961132906,0,0.0,0.0,0.0,0.0
1734638400000,272247.5961132906,272247.5961132906,0,0.0,0.0,0.0,0.0
1734652800000,272247.5961132906,272247.5961132906,0,0.0,0.0,0.0,0.0
1734667200000,272247.5961132906,272247.5961132906,0,0.0,0.0,0.0,0.0
1734681600000,272247.5961132906,272247.5961132906,0,0.0,0.0,0.0,0.0
1734696000000,272247.5961132906,272247.5961132906,0,0.0,0.0,0.0,0.0
1734710400000,272247.5961132906,272247.5961132906,0,0.0,0.0,0.0,0.0
1734724800000,272247.5961132906,272247.5961132906,0,0.0,0.0,0.0,0.0
1734739200000,272247.5961132906,272247.5961132906,0,0.0,0.0,0.0,0.0
1734753600000,272247.5961132906,272247.5961132906,0,0.0,0.0,0.0,0.0
1734768000000,272247.5961132906,272247.5961132906,0,0.0,0.0,0.0,0.0
1734782400000,272247.5961132906,272247.5961132906,0,0.0,0.0,0.0,0.0
1734796800000,272247.5961132906,272247.5961132906,0,0.0,0.0,0.0,0.0
1734811200000,272247.5961132906,272247.5961132906,0,0.0,0.0,0.0,0.0
1734825600000,272247.5961132906,272247.5961132906,0,0.0,0.0,0.0,0.0
1734840000000,272247.5961132906,272247.5961132906,0,0.0,0.0,0.0,0.0
1734854400000,272247.5961132906,272247.5961132906,0,0.0,0.0,0.0,0.0
1734868800000,272247.5961132906,272247.5961132906,0,0.0,0.0,0.0,0.0
1734883200000,272247.5961132906,272247.5961132906,0,0.0,0.0,0.0,0.0
1734897600000,272247.5961132906,272247.5961132906,0,0.0,0.0,0.0,0.0
1734912000000,272247.5961132906,272247.5961132906,0,0.0,0.0,0.0,0.0
1734926400000,272247.5961132906,272247.5961132906,0,0.0,0.0,0.0,0.0
1734940800000,272247.5961132906,272247.5961132906,0,0.0,0.0,0.0,0.0
1734955200000,272247.5961132906,272247.5961132906,0,0.0,0.0,0.0,0.0
1734969600000,272247.5961132906,272247.5961132906,0,0.0,0.0,0.0,0.0
1734984000000,272247.5961132906,272247.5961132906,0,0.0,0.0,0.0,0.0
1734998400000,272247.5961132906,272247.5961132906,0,0.0,0.0,0.0,0.0
1735012800000,272247.5961132906,272247.5961132906,0,0.0,0.0,0.0,0.0
1735027200000,272247.5961132906,272247.5961132906,0,0.0,0.0,0.0,0.0
1735041600000,272247.5961132906,272247.5961132906,0,0.0,0.0,0.0,0.0
1735056000000,272247.5961132906,272247.5961132906,0,0.0,0.0,0.0,0.0
1735070400000,272247.5961132906,272247.5961132906,0,0.0,0.0,0.0,0.0
1735084800000,272247.5961132906,272247.5961132906,0,0.0,0.0,0.0,0.0
1735099200000,272247.5961132906,272247.5961132906,0,0.0,0.0,0.0,0.0
1735113600000,272247.5961132906,272247.5961132906,0,0.0,0.0,0.0,0.0
1735128000000,272247.5961132906,272247.5961132906,0,0.0,0.0,0.0,0.0
1735142400000,272247.5961132906,272247.5961132906,0,0.0,0.0,0.0,0.0
1735156800000,272247.5961132906,272247.5961132906,0,0.0,0.0,0.0,0.0
1735171200000,272247.5961132906,272247.5961132906,0,0.0,0.0,0.0,0.0
1735185600000,272247.5961132906,272247.5961132906,0,0.0,0.0,0.0,0.0
1735200000000,272247.5961132906,272247.5961132906,0,0.0,0.0,0.0,0.0
1735214400000,272247.5961132906,272247.5961132906,0,0.0,0.0,0.0,0.0
1735228800000,272247.5961132906,272247.5961132906,0,0.0,0.0,0.0,0.0
1735243200000,272247.5961132906,272247.5961132906,0,0.0,0.0,0.0,0.0
1735257600000,272247.5961132906,272247.5961132906,0,0.0,0.0,0.0,0.0
1735272000000,272247.5961132906,272247.5961132906,0,0.0,0.0,0.0,0.0
1735286400000,272247.5961132906,272247.5961132906,0,0.0,0.0,0.0,0.0
1735300800000,272247.5961132906,272247.5961132906,0,0.0,0.0,0.0,0.0
1735315200000,272247.5961132906,272247.5961132906,0,0.0,0.0,0.0,0.0
1735329600000,272247.5961132906,272247.5961132906,0,0.0,0.0,0.0,0.0
1735344000000,272247.5961132906,272247.5961132906,0,0.0,0.0,0.0,0.0
1735358400000,272247.5961132906,272247.5961132906,0,0.0,0.0,0.0,0.0
1735372800000,272247.5961132906,272247.5961132906,0,0.0,0.0,0.0,0.0
1735387200000,272247.5961132906,272247.5961132906,0,0.0,0.0,0.0,0.0
1735401600000,272247.5961132906,272247.5961132906,0,0.0,0.0,0.0,0.0
1735416000000,272247.5961132906,272247.5961132906,0,0.0,0.0,0.0,0.0
1735430400000,272247.5961132906,272247.5961132906,0,0.0,0.0,0.0,0.0
1735444800000,272247.5961132906,272247.5961132906,0,0.0,0.0,0.0,0.0
1735459200000,272247.5961132906,272247.5961132906,0,0.0,0.0,0.0,0.0
1735473600000,272247.5961132906,272247.5961132906,0,0.0,0.0,0.0,0.0
1735488000000,272247.5961132906,272247.5961132906,0,0.0,0.0,0.0,0.0
1735502400000,272247.5961132906,272247.5961132906,0,0.0,0.0,0.0,0.0
1735516800000,272247.5961132906,272247.5961132906,0,0.0,0.0,0.0,0.0
1735531200000,272247.5961132906,272247.5961132906,0,0.0,0.0,0.0,0.0
1735545600000,272247.5961132906,272247.5961132906,0,0.0,0.0,0.0,0.0
1735560000000,272247.5961132906,272247.5961132906,0,0.0,0.0,0.0,0.0
1735574400000,272247.5961132906,272247.5961132906,0,0.0,0.0,0.0,0.0
1735588800000,260808.94048812837,260808.94048812837,0,0.0,0.0,0.0,0.0
1735603200000,260808.94048812837,260808.94048812837,0,0.0,0.0,0.0,0.0
1735617600000,260808.94048812837,260808.94048812837,0,0.0,0.0,0.0,0.0
1735632000000,260808.94048812837,260808.94048812837,0,0.0,0.0,0.0,0.0
1735646400000,260808.94048812837,260808.94048812837,0,0.0,0.0,0.0,0.0
1735660800000,260808.94048812837,260808.94048812837,0,0.0,0.0,0.0,0.0
1735675200000,260808.94048812837,260808.94048812837,0,0.0,0.0,0.0,0.0
1735689600000,260808.94048812837,260808.94048812837,0,0.0,0.0,0.0,0.0
1735704000000,260808.94048812837,260808.94048812837,0,0.0,0.0,0.0,0.0
1735718400000,260808.94048812837,260808.94048812837,0,0.0,0.0,0.0,0.0
1735732800000,260808.94048812837,260808.94048812837,0,0.0,0.0,0.0,0.0
1735747200000,260808.94048812837,260808.94048812837,0,0.0,0.0,0.0,0.0
1735761600000,260808.94048812837,260808.94048812837,0,0.0,0.0,0.0,0.0
1735776000000,260808.94048812837,260808.94048812837,0,0.0,0.0,0.0,0.0
1735790400000,260808.94048812837,260808.94048812837,0,0.0,0.0,0.0,0.0
1735804800000,260808.94048812837,260808.94048812837,0,0.0,0.0,0.0,0.0
1735819200000,260808.94048812837,260808.94048812837,0,0.0,0.0,0.0,0.0
1735833600000,260808.94048812837,260808.94048812837,0,0.0,0.0,0.0,0.0
1735848000000,260808.94048812837,260808.94048812837,0,0.0,0.0,0.0,0.0
1735862400000,260808.94048812837,260808.94048812837,0,0.0,0.0,0.0,0.0
1735876800000,260808.94048812837,260808.94048812837,0,0.0,0.0,0.0,0.0
1735891200000,260808.94048812837,260808.94048812837,0,0.0,0.0,0.0,0.0
1735905600000,260808.94048812837,260808.94048812837,0,0.0,0.0,0.0,0.0
1735920000000,260808.94048812837,260808.94048812837,0,0.0,0.0,0.0,0.0
1735934400000,260808.94048812837,260808.94048812837,0,0.0,0.0,0.0,0.0
1735948800000,260808.94048812837,260808.94048812837,0,0.0,0.0,0.0,0.0
1735963200000,260808.94048812837,260808.94048812837,0,0.0,0.0,0.0,0.0
1735977600000,260808.94048812837,260808.94048812837,0,0.0,0.0,0.0,0.0
1735992000000,260808.94048812837,260808.94048812837,0,0.0,0.0,0.0,0.0
1736006400000,260808.94048812837,260808.94048812837,0,0.0,0.0,0.0,0.0
1736020800000,260808.94048812837,260808.94048812837,0,0.0,0.0,0.0,0.0
1736035200000,260808.94048812837,260808.94048812837,0,0.0,0.0,0.0,0.0
1736049600000,260808.94048812837,260808.94048812837,0,0.0,0.0,0.0,0.0
1736064000000,260808.94048812837,260808.94048812837,0,0.0,0.0,0.0,0.0
1736078400000,260808.94048812837,260808.94048812837,0,0.0,0.0,0.0,0.0
1736092800000,260808.94048812837,260808.94048812837,0,0.0,0.0,0.0,0.0
1736107200000,260808.94048812837,260808.94048812837,0,0.0,0.0,0.0,0.0
1736121600000,260808.94048812837,260808.94048812837,0,0.0,0.0,0.0,0.0
1736136000000,260808.94048812837,260808.94048812837,0,0.0,0.0,0.0,0.0
1736150400000,260808.94048812837,260808.94048812837,0,0.0,0.0,0.0,0.0
1736164800000,260808.94048812837,260808.94048812837,0,0.0,0.0,0.0,0.0
1736179200000,260808.94048812837,260808.94048812837,0,0.0,0.0,0.0,0.0
1736193600000,260808.94048812837,260808.94048812837,0,0.0,0.0,0.0,0.0
1736208000000,260808.94048812837,260808.94048812837,0,0.0,0.0,0.0,0.0
1736222400000,260808.94048812837,260808.94048812837,0,0.0,0.0,0.0,0.0
1736236800000,260808.94048812837,260808.94048812837,0,0.0,0.0,0.0,0.0
1736251200000,260808.94048812837,260808.94048812837,0,0.0,0.0,0.0,0.0
1736265600000,260808.94048812837,260808.94048812837,0,0.0,0.0,0.0,0.0
1736280000000,275063.9524676906,260450.20008684185,3,702867.0501921778,15615.387156251361,15615.387156251361,702867.0501921778
1736294400000,281344.10054893745,260436.3721101709,4,724229.0274761643,16503.07135767792,16503.07135767792,724229.0274761643
1736308800000,284142.1528929003,265522.79806915444,4,594076.3920284847,13897.857348918458,13897.857348918458,594076.3920284847
1736323200000,292908.82510978065,275711.80880119355,4,369199.33831983054,8695.37777955224,8695.37777955224,369199.33831983054
1736337600000,292913.7111908574,275747.9649589901,4,369230.6083965503,8695.37777955224,8695.37777955224,369230.6083965503
1736352000000,291702.8788509238,275747.9649589901,4,370441.44073648396,8695.37777955224,8695.37777955224,370441.44073648396
1736366400000,299832.97477887024,276636.89168491156,4,349372.29486350674,8251.53567883896,8251.53567883896,349372.29486350674
1736380800000,293822.1049113767,282696.6417060723,3,229001.9056894607,5646.321670079498,5646.321670079498,229001.9056894607
1736395200000,293760.9421511348,287201.0630007045,2,89833.6350925708,3038.232265198215,3038.232265198215,89833.6350925708
1736409600000,295510.99422186264,287201.0630007045,2,88083.58302184295,3038.232265198215,3038.232265198215,88083.58302184295
1736424000000,295811.6350397285,287208.8533767021,2,87790.73257997469,3038.232265198215,3038.232265198215,87790.73257997469
1736438400000,294995.2680498847,287208.8533767021,2,88607.0995698185,3038.232265198215,3038.232265198215,88607.0995698185
1736452800000,299187.09859704773,287208.180991914,2,84414.59663786735,3038.232265198215,3038.232265198215,84414.59663786735
1736467200000,298120.10838601104,287208.180991914,2,85481.58684890406,3038.232265198215,3038.232265198215,85481.58684890406
1736481600000,296391.0890104147,287195.24612600164,2,87197.67135858798,3038.232265198215,3038.232265198215,87197.67135858798
1736496000000,293394.1522858823,293394.1522858823,0,0.0,0.0,0.0,0.0
1736510400000,293394.1522858823,293394.1522858823,0,0.0,0.0,0.0,0.0
1736524800000,293394.1522858823,293394.1522858823,0,0.0,0.0,0.0,0.0
1736539200000,293394.1522858823,293394.1522858823,0,0.0,0.0,0.0,0.0
1736553600000,293394.1522858823,293394.1522858823,0,0.0,0.0,0.0,0.0
1736568000000,293394.1522858823,293394.1522858823,0,0.0,0.0,0.0,0.0
1736582400000,293394.1522858823,293394.1522858823,0,0.0,0.0,0.0,0.0
1736596800000,293394.1522858823,293394.1522858823,0,0.0,0.0,0.0,0.0
1736611200000,293394.1522858823,293394.1522858823,0,0.0,0.0,0.0,0.0
1736625600000,293394.1522858823,293394.1522858823,0,0.0,0.0,0.0,0.0
1736640000000,293394.1522858823,293394.1522858823,0,0.0,0.0,0.0,0.0
1736654400000,293394.1522858823,293394.1522858823,0,0.0,0.0,0.0,0.0
1736668800000,293394.1522858823,293394.1522858823,0,0.0,0.0,0.0,0.0
1736683200000,293394.1522858823,293394.1522858823,0,0.0,0.0,0.0,0.0
1736697600000,293394.1522858823,293394.1522858823,0,0.0,0.0,0.0,0.0
1736712000000,293394.1522858823,293394.1522858823,0,0.0,0.0,0.0,0.0
1736726400000,293394.1522858823,293394.1522858823,0,0.0,0.0,0.0,0.0
1736740800000,293394.1522858823,293394.1522858823,0,0.0,0.0,0.0,0.0
1736755200000,298603.418498175,293168.12724019674,2,446614.80011314515,11730.753496355625,11730.753496355625,446614.80011314515
1736769600000,328864.8116072076,298773.05598084495,3,505098.5173697799,14768.707341000074,14768.707341000074,505098.5173697799
1736784000000,312974.56738397025,305049.5604145893,2,218100.03871618074,5865.376748177812,5865.376748177812,218100.03871618074
1736798400000,315963.101413565,305042.1480492897,2,215104.09232128644,5865.376748177812,5865.376748177812,215104.09232128644
1736812800000,309361.2615350729,309361.2615350729,0,0.0,0.0,0.0,0.0
1736827200000,309361.2615350729,309361.2615350729,0,0.0,0.0,0.0,0.0
1736841600000,309361.2615350729,309361.2615350729,0,0.0,0.0,0.0,0.0
1736856000000,309361.2615350729,309361.2615350729,0,0.0,0.0,0.0,0.0
1736870400000,309361.2615350729,309361.2615350729,0,0.0,0.0,0.0,0.0
1736884800000,309361.2615350729,309361.2615350729,0,0.0,0.0,0.0,0.0
1736899200000,309361.2615350729,309361.2615350729,0,0.0,0.0,0.0,0.0
1736913600000,309361.2615350729,309361.2615350729,0,0.0,0.0,0.0,0.0
1736928000000,309361.2615350729,309361.2615350729,0,0.0,0.0,0.0,0.0
1736942400000,309361.2615350729,309361.2615350729,0,0.0,0.0,0.0,0.0
1736956800000,309361.2615350729,309361.2615350729,0,0.0,0.0,0.0,0.0
1736971200000,309361.2615350729,309361.2615350729,0,0.0,0.0,0.0,0.0
1736985600000,309361.2615350729,309361.2615350729,0,0.0,0.0,0.0,0.0
1737000000000,309361.2615350729,309361.2615350729,0,0.0,0.0,0.0,0.0
1737014400000,309361.2615350729,309361.2615350729,0,0.0,0.0,0.0,0.0
1737028800000,309361.2615350729,309361.2615350729,0,0.0,0.0,0.0,0.0
1737043200000,309361.2615350729,309361.2615350729,0,0.0,0.0,0.0,0.0
1737057600000,309361.2615350729,309361.2615350729,0,0.0,0.0,0.0,0.0
1737072000000,309361.2615350729,309361.2615350729,0,0.0,0.0,0.0,0.0
1737086400000,309361.2615350729,309361.2615350729,0,0.0,0.0,0.0,0.0
1737100800000,309361.2615350729,309361.2615350729,0,0.0,0.0,0.0,0.0
1737115200000,309361.2615350729,309361.2615350729,0,0.0,0.0,0.0,0.0
1737129600000,309361.2615350729,309361.2615350729,0,0.0,0.0,0.0,0.0
1737144000000,309361.2615350729,309361.2615350729,0,0.0,0.0,0.0,0.0
1737158400000,309361.2615350729,309361.2615350729,0,0.0,0.0,0.0,0.0
1737172800000,309361.2615350729,309361.2615350729,0,0.0,0.0,0.0,0.0
1737187200000,309361.2615350729,309361.2615350729,0,0.0,0.0,0.0,0.0
1737201600000,309361.2615350729,309361.2615350729,0,0.0,0.0,0.0,0.0
1737216000000,309361.2615350729,309361.2615350729,0,0.0,0.0,0.0,0.0
1737230400000,309361.2615350729,309361.2615350729,0,0.0,0.0,0.0,0.0
1737244800000,309361.2615350729,309361.2615350729,0,0.0,0.0,0.0,0.0
1737259200000,309361.2615350729,309361.2615350729,0,0.0,0.0,0.0,0.0
1737273600000,309361.2615350729,309361.2615350729,0,0.0,0.0,0.0,0.0
1737288000000,309361.2615350729,309361.2615350729,0,0.0,0.0,0.0,0.0
1737302400000,309361.2615350729,309361.2615350729,0,0.0,0.0,0.0,0.0
1737316800000,309361.2615350729,309361.2615350729,0,0.0,0.0,0.0,0.0
1737331200000,309361.2615350729,309361.2615350729,0,0.0,0.0,0.0,0.0
1737345600000,309361.2615350729,309361.2615350729,0,0.0,0.0,0.0,0.0
1737360000000,309361.2615350729,309361.2615350729,0,0.0,0.0,0.0,0.0
1737374400000,309361.2615350729,309361.2615350729,0,0.0,0.0,0.0,0.0
1737388800000,309361.2615350729,309361.2615350729,0,0.0,0.0,0.0,0.0
1737403200000,309361.2615350729,309361.2615350729,0,0.0,0.0,0.0,0.0
1737417600000,309361.2615350729,309361.2615350729,0,0.0,0.0,0.0,0.0
1737432000000,309361.2615350729,309361.2615350729,0,0.0,0.0,0.0,0.0
1737446400000,309361.2615350729,309361.2615350729,0,0.0,0.0,0.0,0.0
1737460800000,309361.2615350729,309361.2615350729,0,0.0,0.0,0.0,0.0
1737475200000,309361.2615350729,309361.2615350729,0,0.0,0.0,0.0,0.0
1737489600000,309361.2615350729,309361.2615350729,0,0.0,0.0,0.0,0.0
1737504000000,309361.2615350729,309361.2615350729,0,0.0,0.0,0.0,0.0
1737518400000,309361.2615350729,309361.2615350729,0,0.0,0.0,0.0,0.0
1737532800000,309361.2615350729,309361.2615350729,0,0.0,0.0,0.0,0.0
1737547200000,309361.2615350729,309361.2615350729,0,0.0,0.0,0.0,0.0
1737561600000,309361.2615350729,309361.2615350729,0,0.0,0.0,0.0,0.0
1737576000000,309361.2615350729,309361.2615350729,0,0.0,0.0,0.0,0.0
1737590400000,309361.2615350729,309361.2615350729,0,0.0,0.0,0.0,0.0
1737604800000,309361.2615350729,309361.2615350729,0,0.0,0.0,0.0,0.0
1737619200000,309361.2615350729,309361.2615350729,0,0.0,0.0,0.0,0.0
1737633600000,309361.2615350729,309361.2615350729,0,0.0,0.0,0.0,0.0
1737648000000,309361.2615350729,309361.2615350729,0,0.0,0.0,0.0,0.0
1737662400000,309361.2615350729,309361.2615350729,0,0.0,0.0,0.0,0.0
1737676800000,309361.2615350729,309361.2615350729,0,0.0,0.0,0.0,0.0
1737691200000,309361.2615350729,309361.2615350729,0,0.0,0.0,0.0,0.0
1737705600000,309361.2615350729,309361.2615350729,0,0.0,0.0,0.0,0.0
1737720000000,309361.2615350729,309361.2615350729,0,0.0,0.0,0.0,0.0
1737734400000,309361.2615350729,309361.2615350729,0,0.0,0.0,0.0,0.0
1737748800000,309361.2615350729,309361.2615350729,0,0.0,0.0,0.0,0.0
1737763200000,309361.2615350729,309361.2615350729,0,0.0,0.0,0.0,0.0
1737777600000,309361.2615350729,309361.2615350729,0,0.0,0.0,0.0,0.0
1737792000000,309361.2615350729,309361.2615350729,0,0.0,0.0,0.0,0.0
1737806400000,309361.2615350729,309361.2615350729,0,0.0,0.0,0.0,0.0
1737820800000,309361.2615350729,309361.2615350729,0,0.0,0.0,0.0,0.0
1737835200000,309361.2615350729,309361.2615350729,0,0.0,0.0,0.0,0.0
1737849600000,309361.2615350729,309361.2615350729,0,0.0,0.0,0.0,0.0
1737864000000,309361.2615350729,309361.2615350729,0,0.0,0.0,0.0,0.0
1737878400000,309361.2615350729,309361.2615350729,0,0.0,0.0,0.0,0.0
1737892800000,309361.2615350729,309361.2615350729,0,0.0,0.0,0.0,0.0
1737907200000,309361.2615350729,309361.2615350729,0,0.0,0.0,0.0,0.0
1737921600000,309361.2615350729,309361.2615350729,0,0.0,0.0,0.0,0.0
1737936000000,309361.2615350729,309361.2615350729,0,0.0,0.0,0.0,0.0
1737950400000,311306.700995159,309216.70353351627,1,287026.0056516163,3093.612615350729,3093.612615350729,287026.0056516163
1737964800000,321852.52855518105,315149.65805387474,2,205494.55660199985,3103.3181172358354,3103.3181172358354,205494.55660199985
1737979200000,320646.8533045217,317657.2922554541,1,64649.86449760907,1556.511809560471,1556.511809560471,64649.86449760907
1737993600000,314866.9769354721,314866.9769354721,0,0.0,0.0,0.0,0.0
1738008000000,314866.9769354721,314866.9769354721,0,0.0,0.0,0.0,0.0
1738022400000,314866.9769354721,314866.9769354721,0,0.0,0.0,0.0,0.0
1738036800000,314866.9769354721,314866.9769354721,0,0.0,0.0,0.0,0.0
1738051200000,314866.9769354721,314866.9769354721,0,0.0,0.0,0.0,0.0
1738065600000,314866.9769354721,314866.9769354721,0,0.0,0.0,0.0,0.0
1738080000000,314866.9769354721,314866.9769354721,0,0.0,0.0,0.0,0.0
1738094400000,314866.9769354721,314866.9769354721,0,0.0,0.0,0.0,0.0
1738108800000,314866.9769354721,314866.9769354721,0,0.0,0.0,0.0,0.0
1738123200000,314866.9769354721,314866.9769354721,0,0.0,0.0,0.0,0.0
1738137600000,314866.9769354721,314866.9769354721,0,0.0,0.0,0.0,0.0
1738152000000,314866.9769354721,314866.9769354721,0,0.0,0.0,0.0,0.0
1738166400000,314866.9769354721,314866.9769354721,0,0.0,0.0,0.0,0.0
1738180800000,314866.9769354721,314866.9769354721,0,0.0,0.0,0.0,0.0
1738195200000,314866.9769354721,314866.9769354721,0,0.0,0.0,0.0,0.0
1738209600000,314866.9769354721,314866.9769354721,0,0.0,0.0,0.0,0.0
1738224000000,314866.9769354721,314866.9769354721,0,0.0,0.0,0.0,0.0
1738238400000,314866.9769354721,314866.9769354721,0,0.0,0.0,0.0,0.0
1738252800000,314866.9769354721,314866.9769354721,0,0.0,0.0,0.0,0.0
1738267200000,314866.9769354721,314866.9769354721,0,0.0,0.0,0.0,0.0
1738281600000,314866.9769354721,314866.9769354721,0,0.0,0.0,0.0,0.0
1738296000000,314866.9769354721,314866.9769354721,0,0.0,0.0,0.0,0.0
1738310400000,314866.9769354721,314866.9769354721,0,0.0,0.0,0.0,0.0
1738324800000,314866.9769354721,314866.9769354721,0,0.0,0.0,0.0,0.0
1738339200000,314866.9769354721,314866.9769354721,0,0.0,0.0,0.0,0.0
1738353600000,314866.9769354721,314866.9769354721,0,0.0,0.0,0.0,0.0
1738368000000,314866.9769354721,314866.9769354721,0,0.0,0.0,0.0,0.0
1738382400000,314866.9769354721,314866.9769354721,0,0.0,0.0,0.0,0.0
1738396800000,314866.9769354721,314866.9769354721,0,0.0,0.0,0.0,0.0
1738411200000,314866.9769354721,314866.9769354721,0,0.0,0.0,0.0,0.0
1738425600000,314866.9769354721,314866.9769354721,0,0.0,0.0,0.0,0.0
1738440000000,314866.9769354721,314866.9769354721,0,0.0,0.0,0.0,0.0
1738454400000,314866.9769354721,314866.9769354721,0,0.0,0.0,0.0,0.0
1738468800000,314866.9769354721,314866.9769354721,0,0.0,0.0,0.0,0.0
1738483200000,313626.1378186148,314766.2773831063,1,202539.24429607298,6297.339538709442,6297.339538709442,202539.24429607298
1738497600000,319595.64153560693,314769.41461145406,1,196572.87780742862,6297.339538709442,6297.339538709442,196572.87780742862
1738512000000,317415.62301090994,314769.41461145406,1,198752.8963321256,6297.339538709442,6297.339538709442,198752.8963321256
1738526400000,329067.7470951084,320978.48632878996,1,92610.29159947233,3148.669769354721,3148.669769354721,92610.29159947233
1738540800000,331261.26418652176,320978.48632878996,1,90416.77450805897,3148.669769354721,3148.669769354721,90416.77450805897
1738555200000,342794.58711362607,320980.6586384182,1,78885.62389058285,3148.669769354721,3148.669769354721,78885.62389058285
1738569600000,342325.992254801,342325.992254801,0,0.0,0.0,0.0,0.0
1738584000000,342325.992254801,342325.992254801,0,0.0,0.0,0.0,0.0
1738598400000,342325.992254801,342325.992254801,0,0.0,0.0,0.0,0.0
1738612800000,342325.992254801,342325.992254801,0,0.0,0.0,0.0,0.0
1738627200000,342325.992254801,342325.992254801,0,0.0,0.0,0.0,0.0
1738641600000,342325.992254801,342325.992254801,0,0.0,0.0,0.0,0.0
1738656000000,342325.992254801,342325.992254801,0,0.0,0.0,0.0,0.0
1738670400000,342325.992254801,342325.992254801,0,0.0,0.0,0.0,0.0
1738684800000,342325.992254801,342325.992254801,0,0.0,0.0,0.0,0.0
1738699200000,342325.992254801,342325.992254801,0,0.0,0.0,0.0,0.0
1738713600000,342325.992254801,342325.992254801,0,0.0,0.0,0.0,0.0
1738728000000,342325.992254801,342325.992254801,0,0.0,0.0,0.0,0.0
1738742400000,342325.992254801,342325.992254801,0,0.0,0.0,0.0,0.0
1738756800000,342325.992254801,342325.992254801,0,0.0,0.0,0.0,0.0
1738771200000,342325.992254801,342325.992254801,0,0.0,0.0,0.0,0.0
1738785600000,342325.992254801,342325.992254801,0,0.0,0.0,0.0,0.0
1738800000000,342325.992254801,342325.992254801,0,0.0,0.0,0.0,0.0
1738814400000,342325.992254801,342325.992254801,0,0.0,0.0,0.0,0.0
1738828800000,342325.992254801,342325.992254801,0,0.0,0.0,0.0,0.0
1738843200000,342325.992254801,342325.992254801,0,0.0,0.0,0.0,0.0
1738857600000,342325.992254801,342325.992254801,0,0.0,0.0,0.0,0.0
1738872000000,342325.992254801,342325.992254801,0,0.0,0.0,0.0,0.0
1738886400000,342325.992254801,342325.992254801,0,0.0,0.0,0.0,0.0
1738900800000,342325.992254801,342325.992254801,0,0.0,0.0,0.0,0.0
1738915200000,342325.992254801,342325.992254801,0,0.0,0.0,0.0,0.0
1738929600000,342325.992254801,342325.992254801,0,0.0,0.0,0.0,0.0
1738944000000,342325.992254801,342325.992254801,0,0.0,0.0,0.0,0.0
1738958400000,342325.992254801,342325.992254801,0,0.0,0.0,0.0,0.0
1738972800000,342325.992254801,342325.992254801,0,0.0,0.0,0.0,0.0
1738987200000,342325.992254801,342325.992254801,0,0.0,0.0,0.0,0.0
1739001600000,342325.992254801,342325.992254801,0,0.0,0.0,0.0,0.0
1739016000000,342325.992254801,342325.992254801,0,0.0,0.0,0.0,0.0
1739030400000,342325.992254801,342325.992254801,0,0.0,0.0,0.0,0.0
1739044800000,342325.992254801,342325.992254801,0,0.0,0.0,0.0,0.0
1739059200000,342325.992254801,342325.992254801,0,0.0,0.0,0.0,0.0
1739073600000,342325.992254801,342325.992254801,0,0.0,0.0,0.0,0.0
1739088000000,342325.992254801,342325.992254801,0,0.0,0.0,0.0,0.0
1739102400000,342325.992254801,342325.992254801,0,0.0,0.0,0.0,0.0
1739116800000,342325.992254801,342325.992254801,0,0.0,0.0,0.0,0.0
1739131200000,342325.992254801,342325.992254801,0,0.0,0.0,0.0,0.0
1739145600000,342325.992254801,342325.992254801,0,0.0,0.0,0.0,0.0
1739160000000,342325.992254801,342325.992254801,0,0.0,0.0,0.0,0.0
1739174400000,342325.992254801,342325.992254801,0,0.0,0.0,0.0,0.0
1739188800000,342325.992254801,342325.992254801,0,0.0,0.0,0.0,0.0
1739203200000,342325.992254801,342325.992254801,0,0.0,0.0,0.0,0.0
1739217600000,342325.992254801,342325.992254801,0,0.0,0.0,0.0,0.0
1739232000000,342325.992254801,342325.992254801,0,0.0,0.0,0.0,0.0
1739246400000,342325.992254801,342325.992254801,0,0.0,0.0,0.0,0.0
1739260800000,342325.992254801,342325.992254801,0,0.0,0.0,0.0,0.0
1739275200000,342325.992254801,342325.992254801,0,0.0,0.0,0.0,0.0
1739289600000,342325.992254801,342325.992254801,0,0.0,0.0,0.0,0.0
1739304000000,342325.992254801,342325.992254801,0,0.0,0.0,0.0,0.0
1739318400000,342325.992254801,342325.992254801,0,0.0,0.0,0.0,0.0
1739332800000,342325.992254801,342325.992254801,0,0.0,0.0,0.0,0.0
1739347200000,342325.992254801,342325.992254801,0,0.0,0.0,0.0,0.0
1739361600000,342325.992254801,342325.992254801,0,0.0,0.0,0.0,0.0
1739376000000,342325.992254801,342325.992254801,0,0.0,0.0,0.0,0.0
1739390400000,342325.992254801,342325.992254801,0,0.0,0.0,0.0,0.0
1739404800000,342325.992254801,342325.992254801,0,0.0,0.0,0.0,0.0
1739419200000,342325.992254801,342325.992254801,0,0.0,0.0,0.0,0.0
1739433600000,342325.992254801,342325.992254801,0,0.0,0.0,0.0,0.0
1739448000000,342325.992254801,342325.992254801,0,0.0,0.0,0.0,0.0
1739462400000,342325.992254801,342325.992254801,0,0.0,0.0,0.0,0.0
1739476800000,342325.992254801,342325.992254801,0,0.0,0.0,0.0,0.0
1739491200000,342325.992254801,342325.992254801,0,0.0,0.0,0.0,0.0
1739505600000,342325.992254801,342325.992254801,0,0.0,0.0,0.0,0.0
1739520000000,342325.992254801,342325.992254801,0,0.0,0.0,0.0,0.0
1739534400000,342325.992254801,342325.992254801,0,0.0,0.0,0.0,0.0
1739548800000,342325.992254801,342325.992254801,0,0.0,0.0,0.0,0.0
1739563200000,342325.992254801,342325.992254801,0,0.0,0.0,0.0,0.0
1739577600000,342325.992254801,342325.992254801,0,0.0,0.0,0.0,0.0
1739592000000,342325.992254801,342325.992254801,0,0.0,0.0,0.0,0.0
1739606400000,342325.992254801,342325.992254801,0,0.0,0.0,0.0,0.0
1739620800000,342325.992254801,342325.992254801,0,0.0,0.0,0.0,0.0
1739635200000,342325.992254801,342325.992254801,0,0.0,0.0,0.0,0.0
1739649600000,342325.992254801,342325.992254801,0,0.0,0.0,0.0,0.0
1739664000000,342325.992254801,342325.992254801,0,0.0,0.0,0.0,0.0
1739678400000,342325.992254801,342325.992254801,0,0.0,0.0,0.0,0.0
1739692800000,342325.992254801,342325.992254801,0,0.0,0.0,0.0,0.0
1739707200000,342325.992254801,342325.992254801,0,0.0,0.0,0.0,0.0
1739721600000,342325.992254801,342325.992254801,0,0.0,0.0,0.0,0.0
1739736000000,342325.992254801,342325.992254801,0,0.0,0.0,0.0,0.0
1739750400000,342325.992254801,342325.992254801,0,0.0,0.0,0.0,0.0
1739764800000,342325.992254801,342325.992254801,0,0.0,0.0,0.0,0.0
1739779200000,342325.992254801,342325.992254801,0,0.0,0.0,0.0,0.0
1739793600000,342325.992254801,342325.992254801,0,0.0,0.0,0.0,0.0
1739808000000,342325.992254801,342325.992254801,0,0.0,0.0,0.0,0.0
1739822400000,342479.42691040447,341942.54329167324,1,766361.0426367768,6846.519845096021,6846.519845096021,766361.0426367768
1739836800000,340453.7916956873,341942.54329167324,1,768386.677851494,6846.519845096021,6846.519845096021,768386.677851494
1739851200000,337156.79033668095,342015.4477435219,1,771756.583662349,6846.519845096021,6846.519845096021,771756.583662349
1739865600000,343201.59399644745,342015.4477435219,1,765711.7800025826,6846.519845096021,6846.519845096021,765711.7800025826
1739880000000,342608.66304849146,341978.36139826884,2,993593.1021048097,13712.083252894903,13712.083252894903,993593.1021048097
1739894400000,339378.0813015135,334357.9036709608,1,222305.29986897163,6865.563407798883,6865.563407798883,222305.29986897163
1739908800000,341857.84602423786,334213.8592055587,2,416535.60867985245,13651.961024072225,13651.961024072225,416535.60867985245
1739923200000,331863.40583075845,334061.0791842424,3,731937.3114846395,20488.866282928106,20488.866282928106,731937.3114846395
1739937600000,330434.67568323505,326885.40975376696,2,420630.3295690635,13651.961024072225,13651.961024072225,420630.3295690635
1739952000000,325241.38115313003,326885.40975376696,2,425823.6240991686,13651.961024072225,13651.961024072225,425823.6240991686
1739966400000,321124.03244024,326866.18772208766,2,429921.7507803793,13651.961024072225,13651.961024072225,429921.7507803793
1739980800000,329069.3945506511,326866.18772208766,2,421976.3886699682,13651.961024072225,13651.961024072225,421976.3886699682
1739995200000,327452.861126135,326897.5982034424,2,423624.3325758391,13651.961024072225,13651.961024072225,423624.3325758391
1740009600000,323266.15853669663,326897.5982034424,2,427811.03516527737,13651.961024072225,13651.961024072225,427811.03516527737
1740024000000,316975.558345398,316975.558345398,0,0.0,0.0,0.0,0.0
1740038400000,316975.558345398,316975.558345398,0,0.0,0.0,0.0,0.0
1740052800000,316975.558345398,316975.558345398,0,0.0,0.0,0.0,0.0
1740067200000,316975.558345398,316975.558345398,0,0.0,0.0,0.0,0.0
1740081600000,316975.558345398,316975.558345398,0,0.0,0.0,0.0,0.0
1740096000000,316975.558345398,316975.558345398,0,0.0,0.0,0.0,0.0
1740110400000,316975.558345398,316975.558345398,0,0.0,0.0,0.0,0.0
1740124800000,316975.558345398,316975.558345398,0,0.0,0.0,0.0,0.0
1740139200000,316975.558345398,316975.558345398,0,0.0,0.0,0.0,0.0
1740153600000,316975.558345398,316975.558345398,0,0.0,0.0,0.0,0.0
1740168000000,316975.558345398,316975.558345398,0,0.0,0.0,0.0,0.0
1740182400000,317168.73795960087,316859.9023540002,1,231003.14719003817,6339.51116690796,6339.51116690796,231003.14719003817
1740196800000,315049.7942671408,316883.0036336043,1,233145.19216210235,6339.51116690796,6339.51116690796,233145.19216210235
1740211200000,312994.5889561063,316883.0036336043,1,235200.3974731369,6339.51116690796,6339.51116690796,235200.3974731369
1740225600000,312896.8214363244,316872.07577485207,1,235287.23713416653,6339.51116690796,6339.51116690796,235287.23713416653
1740240000000,311285.4632816635,316872.07577485207,1,236898.5952888274,6339.51116690796,6339.51116690796,236898.5952888274
1740254400000,310559.44255573396,310559.44255573396,0,0.0,0.0,0.0,0.0
1740268800000,310559.44255573396,310559.44255573396,0,0.0,0.0,0.0,0.0
1740283200000,310559.44255573396,310559.44255573396,0,0.0,0.0,0.0,0.0
1740297600000,310559.44255573396,310559.44255573396,0,0.0,0.0,0.0,0.0
1740312000000,310559.44255573396,310559.44255573396,0,0.0,0.0,0.0,0.0
1740326400000,310559.44255573396,310559.44255573396,0,0.0,0.0,0.0,0.0
1740340800000,308865.6198652566,310429.59275728406,1,261263.56979177028,6211.18885111468,6211.18885111468,261263.56979177028
1740355200000,308507.1053312067,310429.59275728406,1,261622.08432582018,6211.18885111468,6211.18885111468,261622.08432582018
1740369600000,319262.24848062266,310413.7122967655,1,250851.0607158856,6211.18885111468,6211.18885111468,250851.0607158856
1740384000000,320948.881103213,316501.231628629,1,125402.14897528737,3105.59442555734,3105.59442555734,125402.14897528737
1740398400000,322258.1870943544,316493.38639684784,1,124084.99775236484,3105.59442555734,3105.59442555734,124084.99775236484
1740412800000,327402.09127854893,316493.38639684784,1,118941.09356817034,3105.59442555734,3105.59442555734,118941.09356817034
1740427200000,329396.6512169292,316500.52880951663,1,116953.67604245881,3105.59442555734,3105.59442555734,116953.67604245881
1740441600000,335888.8818009202,316500.52880951663,1,110461.44545846786,3105.59442555734,3105.59442555734,110461.44545846786
1740456000000,338159.89746994385,316503.5503609636,1,108193.45134089119,3105.59442555734,3105.59442555734,108193.45134089119
1740470400000,340225.2529378401,316503.5503609636,1,106128.0958729949,3105.59442555734,3105.59442555734,106128.0958729949
1740484800000,336331.8554083119,316507.04994067363,1,110024.99298223316,3105.59442555734,3105.59442555734,110024.99298223316
1740499200000,338155.60325543536,316507.04994067363,1,108201.24513510968,3105.59442555734,3105.59442555734,108201.24513510968
1740513600000,333946.1467026833,333946.1467026833,0,0.0,0.0,0.0,0.0
1740528000000,333946.1467026833,333946.1467026833,0,0.0,0.0,0.0,0.0
1740542400000,333946.1467026833,333946.1467026833,0,0.0,0.0,0.0,0.0
1740556800000,333946.1467026833,333946.1467026833,0,0.0,0.0,0.0,0.0
1740571200000,333946.1467026833,333946.1467026833,0,0.0,0.0,0.0,0.0
1740585600000,333946.1467026833,333946.1467026833,0,0.0,0.0,0.0,0.0
1740600000000,333946.1467026833,333946.1467026833,0,0.0,0.0,0.0,0.0
1740614400000,333946.1467026833,333946.1467026833,0,0.0,0.0,0.0,0.0
1740628800000,333946.1467026833,333946.1467026833,0,0.0,0.0,0.0,0.0
1740643200000,333946.1467026833,333946.1467026833,0,0.0,0.0,0.0,0.0
1740657600000,333946.1467026833,333946.1467026833,0,0.0,0.0,0.0,0.0
1740672000000,333946.1467026833,333946.1467026833,0,0.0,0.0,0.0,0.0
1740686400000,333946.1467026833,333946.1467026833,0,0.0,0.0,0.0,0.0
1740700800000,333946.1467026833,333946.1467026833,0,0.0,0.0,0.0,0.0
1740715200000,333946.1467026833,333946.1467026833,0,0.0,0.0,0.0,0.0
1740729600000,333946.1467026833,333946.1467026833,0,0.0,0.0,0.0,0.0
1740744000000,333946.1467026833,333946.1467026833,0,0.0,0.0,0.0,0.0
1740758400000,333946.1467026833,333946.1467026833,0,0.0,0.0,0.0,0.0
1740772800000,333946.1467026833,333946.1467026833,0,0.0,0.0,0.0,0.0
1740787200000,333946.1467026833,333946.1467026833,0,0.0,0.0,0.0,0.0
1740801600000,333946.1467026833,333946.1467026833,0,0.0,0.0,0.0,0.0
1740816000000,333946.1467026833,333946.1467026833,0,0.0,0.0,0.0,0.0
1740830400000,333946.1467026833,333946.1467026833,0,0.0,0.0,0.0,0.0
1740844800000,333946.1467026833,333946.1467026833,0,0.0,0.0,0.0,0.0
1740859200000,333946.1467026833,333946.1467026833,0,0.0,0.0,0.0,0.0
1740873600000,333946.1467026833,333946.1467026833,0,0.0,0.0,0.0,0.0
1740888000000,333946.1467026833,333946.1467026833,0,0.0,0.0,0.0,0.0
1740902400000,333946.1467026833,333946.1467026833,0,0.0,0.0,0.0,0.0
1740916800000,333946.1467026833,333946.1467026833,0,0.0,0.0,0.0,0.0
1740931200000,333946.1467026833,333946.1467026833,0,0.0,0.0,0.0,0.0
1740945600000,333946.1467026833,333946.1467026833,0,0.0,0.0,0.0,0.0
1740960000000,333946.1467026833,333946.1467026833,0,0.0,0.0,0.0,0.0
1740974400000,333946.1467026833,333946.1467026833,0,0.0,0.0,0.0,0.0
1740988800000,333946.1467026833,333946.1467026833,0,0.0,0.0,0.0,0.0
1741003200000,333946.1467026833,333946.1467026833,0,0.0,0.0,0.0,0.0
1741017600000,333946.1467026833,333946.1467026833,0,0.0,0.0,0.0,0.0
1741032000000,333946.1467026833,333946.1467026833,0,0.0,0.0,0.0,0.0
1741046400000,333946.1467026833,333946.1467026833,0,0.0,0.0,0.0,0.0
1741060800000,333946.1467026833,333946.1467026833,0,0.0,0.0,0.0,0.0
1741075200000,333946.1467026833,333946.1467026833,0,0.0,0.0,0.0,0.0
1741089600000,333946.1467026833,333946.1467026833,0,0.0,0.0,0.0,0.0
1741104000000,333946.1467026833,333946.1467026833,0,0.0,0.0,0.0,0.0
1741118400000,333946.1467026833,333946.1467026833,0,0.0,0.0,0.0,0.0
1741132800000,333946.1467026833,333946.1467026833,0,0.0,0.0,0.0,0.0
1741147200000,333946.1467026833,333946.1467026833,0,0.0,0.0,0.0,0.0
1741161600000,333946.1467026833,333946.1467026833,0,0.0,0.0,0.0,0.0
1741176000000,333946.1467026833,333946.1467026833,0,0.0,0.0,0.0,0.0
1741190400000,333946.1467026833,333946.1467026833,0,0.0,0.0,0.0,0.0
1741204800000,333946.1467026833,333946.1467026833,0,0.0,0.0,0.0,0.0
1741219200000,333946.1467026833,333946.1467026833,0,0.0,0.0,0.0,0.0
1741233600000,333946.1467026833,333946.1467026833,0,0.0,0.0,0.0,0.0
1741248000000,333946.1467026833,333946.1467026833,0,0.0,0.0,0.0,0.0
1741262400000,333946.1467026833,333946.1467026833,0,0.0,0.0,0.0,0.0
1741276800000,333946.1467026833,333946.1467026833,0,0.0,0.0,0.0,0.0
1741291200000,333946.1467026833,333946.1467026833,0,0.0,0.0,0.0,0.0
1741305600000,333946.1467026833,333946.1467026833,0,0.0,0.0,0.0,0.0
1741320000000,333946.1467026833,333946.1467026833,0,0.0,0.0,0.0,0.0
1741334400000,333946.1467026833,333946.1467026833,0,0.0,0.0,0.0,0.0
1741348800000,333946.1467026833,333946.1467026833,0,0.0,0.0,0.0,0.0
1741363200000,333946.1467026833,333946.1467026833,0,0.0,0.0,0.0,0.0
1741377600000,333946.1467026833,333946.1467026833,0,0.0,0.0,0.0,0.0
1741392000000,333946.1467026833,333946.1467026833,0,0.0,0.0,0.0,0.0
1741406400000,333946.1467026833,333946.1467026833,0,0.0,0.0,0.0,0.0
1741420800000,333946.1467026833,333946.1467026833,0,0.0,0.0,0.0,0.0
1741435200000,333946.1467026833,333946.1467026833,0,0.0,0.0,0.0,0.0
1741449600000,333946.1467026833,333946.1467026833,0,0.0,0.0,0.0,0.0
1741464000000,333946.1467026833,333946.1467026833,0,0.0,0.0,0.0,0.0
1741478400000,333946.1467026833,333946.1467026833,0,0.0,0.0,0.0,0.0
1741492800000,333946.1467026833,333946.1467026833,0,0.0,0.0,0.0,0.0
1741507200000,333946.1467026833,333946.1467026833,0,0.0,0.0,0.0,0.0
1741521600000,339112.0987298095,333733.90276467486,1,419109.6800517963,6678.922934053666,6678.922934053666,419109.6800517963
1741536000000,347076.5275266954,340207.2092924004,1,205374.61977417045,3339.461467026833,3339.461467026833,205374.61977417045
1741550400000,349361.4130305233,340200.7685177444,1,203083.29349568658,3339.461467026833,3339.461467026833,203083.29349568658
1741564800000,356494.3581475411,340105.0530351618,2,387285.5980612574,10326.689727637298,10326.689727637298,387285.5980612574
1741579200000,352510.0892959519,340090.69549828896,2,391255.5093759738,10326.689727637298,10326.689727637298,391255.5093759738
1741593600000,349513.02162372845,340090.69549828896,2,394252.5770481972,10326.689727637298,10326.689727637298,394252.5770481972
1741608000000,343603.30094282783,345314.3262364779,1,193141.9904588213,6987.228260610465,6987.228260610465,193141.9904588213
1741622400000,353846.4253730764,345314.3262364779,1,182898.86602857272,6987.228260610465,6987.228260610465,182898.86602857272
1741636800000,360047.26609915367,352215.82129647944,1,87884.03777991139,3493.6141303052327,3493.6141303052327,87884.03777991139
1741651200000,361810.26540012914,352215.82129647944,1,86121.03847893592,3493.6141303052327,3493.6141303052327,86121.03847893592
1741665600000,361993.8146903762,352222.0857408184,1,85943.75363302778,3493.6141303052327,3493.6141303052327,85943.75363302778
1741680000000,361274.8261486377,352222.0857408184,1,86662.74217476636,3493.6141303052327,3493.6141303052327,86662.74217476636
1741694400000,360316.441517143,352228.9186037125,1,87627.95966915517,3493.6141303052327,3493.6141303052327,87627.95966915517
1741708800000,359390.6206551782,352228.9186037125,1,88553.78053111995,3493.6141303052327,3493.6141303052327,88553.78053111995
1741723200000,358358.56756904995,358358.56756904995,0,0.0,0.0,0.0,0.0
1741737600000,358358.56756904995,358358.56756904995,0,0.0,0.0,0.0,0.0
1741752000000,358358.56756904995,358358.56756904995,0,0.0,0.0,0.0,0.0
1741766400000,358358.56756904995,358358.56756904995,0,0.0,0.0,0.0,0.0
1741780800000,358358.56756904995,358358.56756904995,0,0.0,0.0,0.0,0.0
1741795200000,358358.56756904995,358358.56756904995,0,0.0,0.0,0.0,0.0
1741809600000,358358.56756904995,358358.56756904995,0,0.0,0.0,0.0,0.0
1741824000000,358358.56756904995,358358.56756904995,0,0.0,0.0,0.0,0.0
1741838400000,358358.56756904995,358358.56756904995,0,0.0,0.0,0.0,0.0
1741852800000,358358.56756904995,358358.56756904995,0,0.0,0.0,0.0,0.0
1741867200000,358358.56756904995,358358.56756904995,0,0.0,0.0,0.0,0.0
1741881600000,358358.56756904995,358358.56756904995,0,0.0,0.0,0.0,0.0
1741896000000,358358.56756904995,358358.56756904995,0,0.0,0.0,0.0,0.0
1741910400000,358358.56756904995,358358.56756904995,0,0.0,0.0,0.0,0.0
1741924800000,358358.56756904995,358358.56756904995,0,0.0,0.0,0.0,0.0
1741939200000,358358.56756904995,358358.56756904995,0,0.0,0.0,0.0,0.0
1741953600000,358358.56756904995,358358.56756904995,0,0.0,0.0,0.0,0.0
1741968000000,358358.56756904995,358358.56756904995,0,0.0,0.0,0.0,0.0
1741982400000,358358.56756904995,358358.56756904995,0,0.0,0.0,0.0,0.0
1741996800000,358358.56756904995,358358.56756904995,0,0.0,0.0,0.0,0.0
1742011200000,358358.56756904995,358358.56756904995,0,0.0,0.0,0.0,0.0
1742025600000,358358.56756904995,358358.56756904995,0,0.0,0.0,0.0,0.0
1742040000000,358358.56756904995,358358.56756904995,0,0.0,0.0,0.0,0.0
1742054400000,358358.56756904995,358358.56756904995,0,0.0,0.0,0.0,0.0
1742068800000,358358.56756904995,358358.56756904995,0,0.0,0.0,0.0,0.0
1742083200000,358358.56756904995,358358.56756904995,0,0.0,0.0,0.0,0.0
1742097600000,358358.56756904995,358358.56756904995,0,0.0,0.0,0.0,0.0
1742112000000,358358.56756904995,358358.56756904995,0,0.0,0.0,0.0,0.0
1742126400000,358358.56756904995,358358.56756904995,0,0.0,0.0,0.0,0.0
1742140800000,358358.56756904995,358358.56756904995,0,0.0,0.0,0.0,0.0
1742155200000,358358.56756904995,358358.56756904995,0,0.0,0.0,0.0,0.0
1742169600000,358358.56756904995,358358.56756904995,0,0.0,0.0,0.0,0.0
1742184000000,358358.56756904995,358358.56756904995,0,0.0,0.0,0.0,0.0
1742198400000,358358.56756904995,358358.56756904995,0,0.0,0.0,0.0,0.0
1742212800000,358358.56756904995,358358.56756904995,0,0.0,0.0,0.0,0.0
1742227200000,358358.56756904995,358358.56756904995,0,0.0,0.0,0.0,0.0
1742241600000,358358.56756904995,358358.56756904995,0,0.0,0.0,0.0,0.0
1742256000000,358358.56756904995,358358.56756904995,0,0.0,0.0,0.0,0.0
1742270400000,358358.56756904995,358358.56756904995,0,0.0,0.0,0.0,0.0
1742284800000,358358.56756904995,358358.56756904995,0,0.0,0.0,0.0,0.0
1742299200000,358358.56756904995,358358.56756904995,0,0.0,0.0,0.0,0.0
1742313600000,358358.56756904995,358358.56756904995,0,0.0,0.0,0.0,0.0
1742328000000,349411.3460895276,357993.0690738977,2,739578.7132888176,14324.974616902191,14324.974616902191,739578.7132888176
1742342400000,344020.7425315699,350565.3307105334,1,474831.75081355433,7167.171351381,7167.171351381,474831.75081355433
1742356800000,342923.53587536595,342923.53587536595,0,0.0,0.0,0.0,0.0
1742371200000,342923.53587536595,342923.53587536595,0,0.0,0.0,0.0,0.0
1742385600000,342923.53587536595,342923.53587536595,0,0.0,0.0,0.0,0.0
1742400000000,342923.53587536595,342923.53587536595,0,0.0,0.0,0.0,0.0
1742414400000,342923.53587536595,342923.53587536595,0,0.0,0.0,0.0,0.0
1742428800000,342923.53587536595,342923.53587536595,0,0.0,0.0,0.0,0.0
1742443200000,342923.53587536595,342923.53587536595,0,0.0,0.0,0.0,0.0
1742457600000,342923.53587536595,342923.53587536595,0,0.0,0.0,0.0,0.0
1742472000000,342923.53587536595,342923.53587536595,0,0.0,0.0,0.0,0.0
1742486400000,342923.53587536595,342923.53587536595,0,0.0,0.0,0.0,0.0
1742500800000,342923.53587536595,342923.53587536595,0,0.0,0.0,0.0,0.0
1742515200000,342923.53587536595,342923.53587536595,0,0.0,0.0,0.0,0.0
1742529600000,342923.53587536595,342923.53587536595,0,0.0,0.0,0.0,0.0
1742544000000,342923.53587536595,342923.53587536595,0,0.0,0.0,0.0,0.0
1742558400000,342923.53587536595,342923.53587536595,0,0.0,0.0,0.0,0.0
1742572800000,342923.53587536595,342923.53587536595,0,0.0,0.0,0.0,0.0
1742587200000,342923.53587536595,342923.53587536595,0,0.0,0.0,0.0,0.0
1742601600000,342923.53587536595,342923.53587536595,0,0.0,0.0,0.0,0.0
1742616000000,340687.0079267417,342756.6759439673,1,335789.53081456886,6858.470717507318,6858.470717507318,335789.53081456886
1742630400000,340852.4622410135,342756.6759439673,1,335624.07650029706,6858.470717507318,6858.470717507318,335624.07650029706
1742644800000,340946.0607238054,342757.2063749814,1,335531.0084485192,6858.470717507318,6858.470717507318,335531.0084485192
1742659200000,343789.8067503515,342757.2063749814,1,332687.26242197305,6858.470717507318,6858.470717507318,332687.26242197305
1742673600000,340410.17083146906,342738.36121474433,1,336048.0531806185,6858.470717507318,6858.470717507318,336048.0531806185
1742688000000,343398.68938300305,342738.36121474433,1,333059.5346290845,6858.470717507318,6858.470717507318,333059.5346290845
1742702400000,342325.7061263089,342730.4901061748,1,334124.6467772091,6858.470717507318,6858.470717507318,334124.6467772091
1742716800000,340981.3898228507,342730.4901061748,1,335468.9630806673,6858.470717507318,6858.470717507318,335468.9630806673
1742731200000,341635.39039767795,342764.03700248286,1,334848.50940214813,6858.470717507318,6858.470717507318,334848.50940214813
1742745600000,341232.0955066405,342764.03700248286,1,335251.80429318553,6858.470717507318,6858.470717507318,335251.80429318553
1742760000000,342775.38820253144,342797.5590806438,1,333742.0336754556,6858.470717507318,6858.470717507318,333742.0336754556
1742774400000,340231.5281206029,342797.5590806438,1,336285.89375738415,6858.470717507318,6858.470717507318,336285.89375738415
1742788800000,335632.053474414,335632.053474414,0,0.0,0.0,0.0,0.0
1742803200000,335632.053474414,335632.053474414,0,0.0,0.0,0.0,0.0
1742817600000,335632.053474414,335632.053474414,0,0.0,0.0,0.0,0.0
1742832000000,335632.053474414,335632.053474414,0,0.0,0.0,0.0,0.0
1742846400000,335632.053474414,335632.053474414,0,0.0,0.0,0.0,0.0
1742860800000,335632.053474414,335632.053474414,0,0.0,0.0,0.0,0.0
1742875200000,335632.053474414,335632.053474414,0,0.0,0.0,0.0,0.0
1742889600000,335632.053474414,335632.053474414,0,0.0,0.0,0.0,0.0
1742904000000,335632.053474414,335632.053474414,0,0.0,0.0,0.0,0.0
1742918400000,335632.053474414,335632.053474414,0,0.0,0.0,0.0,0.0
1742932800000,335632.053474414,335632.053474414,0,0.0,0.0,0.0,0.0
1742947200000,335632.053474414,335632.053474414,0,0.0,0.0,0.0,0.0
1742961600000,335632.053474414,335632.053474414,0,0.0,0.0,0.0,0.0
1742976000000,335632.053474414,335632.053474414,0,0.0,0.0,0.0,0.0
1742990400000,335632.053474414,335632.053474414,0,0.0,0.0,0.0,0.0
1743004800000,335632.053474414,335632.053474414,0,0.0,0.0,0.0,0.0
1743019200000,335632.053474414,335632.053474414,0,0.0,0.0,0.0,0.0
1743033600000,335632.053474414,335632.053474414,0,0.0,0.0,0.0,0.0
1743048000000,333294.2571095964,335544.56452794705,1,177228.20035224708,3356.32053474414,3356.32053474414,177228.20035224708
1743062400000,334308.52386805054,335544.56452794705,1,176213.9335937929,3356.32053474414,3356.32053474414,176213.9335937929
1743076800000,335835.74550812837,335520.5546550949,1,174662.70208086295,3356.32053474414,3356.32053474414,174662.70208086295
1743091200000,336081.8543539298,335520.5546550949,1,174416.59323506153,3356.32053474414,3356.32053474414,174416.59323506153
1743105600000,336068.0167653457,335499.2592226987,1,174409.13539124938,3356.32053474414,3356.32053474414,174409.13539124938
1743120000000,335963.60695197544,335499.2592226987,1,174513.54520461967,3356.32053474414,3356.32053474414,174513.54520461967
1743134400000,338258.389937853,335504.4841582421,1,172223.98715428554,3356.32053474414,3356.32053474414,172223.98715428554
1743148800000,343483.5311858339,338776.6510338976,1,82782.0663150119,1678.16026737207,1678.16026737207,82782.0663150119
1743163200000,340674.6519792609,338251.74784639524,4,1133395.7183236468,20558.275689353144,20558.275689353144,1133395.7183236468
1743177600000,356085.56499569,338251.74784639524,4,1117984.8053072176,20558.275689353144,20558.275689353144,1117984.8053072176
1743192000000,359759.56071765133,338218.5737798249,5,1143218.784547459,21364.55787425737,21364.55787425737,1143218.784547459
1743206400000,351165.4018045708,338218.5737798249,5,1151812.9434605397,21364.55787425737,21364.55787425737,1151812.9434605397
1743220800000,356605.83217972494,338212.51991811965,5,1146366.4592236802,21364.55787425737,21364.55787425737,1146366.4592236802
1743235200000,372590.20221557876,338212.51991811965,5,1130382.0891878263,21364.55787425737,21364.55787425737,1130382.0891878263
1743249600000,388503.8090898375,356645.0003745044,5,608736.1247751703,11924.500163266834,11924.500163266834,608736.1247751703
1743264000000,385637.37014674593,356645.0003745044,5,611602.5637182619,11924.500163266834,11924.500163266834,611602.5637182619
1743278400000,384428.1057196828,356623.6762534317,5,612790.5040242523,11924.500163266834,11924.500163266834,612790.5040242523
1743292800000,385577.0777602441,356623.6762534317,5,611641.531983691,11924.500163266834,11924.500163266834,611641.531983691
1743307200000,380464.0895874672,363027.7726872802,4,535669.6701233682,10246.339895894764,10246.339895894764,535669.6701233682
1743321600000,380256.594517554,363027.7726872802,4,535877.1651932814,10246.339895894764,10246.339895894764,535877.1651932814
1743336000000,381130.2860586824,362974.0170050504,4,534949.7179699232,10246.339895894764,10246.339895894764,534949.7179699232
1743350400000,383703.13575270894,362974.0170050504,4,532376.8682758966,10246.339895894764,10246.339895894764,532376.8682758966
1743364800000,383675.8673745118,362970.15433931554,4,532400.2739883589,10246.339895894764,10246.339895894764,532400.2739883589
1743379200000,386645.62250928656,363762.7688158172,4,515752.5588156993,9843.19880344265,9843.19880344265,515752.5588156993
1743393600000,391584.0473983489,363724.5494476881,4,510775.9145585078,9843.19880344265,9843.19880344265,510775.9145585078
1743408000000,389456.9123595293,363724.5494476881,4,512903.0495973274,9843.19880344265,9843.19880344265,512903.0495973274
1743422400000,390415.78111162526,363733.97798422485,4,511953.6093817682,9843.19880344265,9843.19880344265,511953.6093817682
1743436800000,382097.1856468046,370734.3859071162,2,226156.6027946083,6005.229782627273,6005.229782627273,226156.6027946083
1743451200000,382571.6138287059,376055.334956775,1,129164.99139417936,3429.093585709905,3429.093585709905,129164.99139417936
1743465600000,383273.3731299846,376055.334956775,1,128463.23209290067,3429.093585709905,3429.093585709905,128463.23209290067
1743480000000,381692.94184191036,376043.54210685316,1,130031.87053105305,3429.093585709905,3429.093585709905,130031.87053105305
1743494400000,381053.1024789798,376043.54210685316,1,130671.70989398363,3429.093585709905,3429.093585709905,130671.70989398363
1743508800000,379258.35021258815,379258.35021258815,0,0.0,0.0,0.0,0.0
1743523200000,379258.35021258815,379258.35021258815,0,0.0,0.0,0.0,0.0
1743537600000,379258.35021258815,379258.35021258815,0,0.0,0.0,0.0,0.0
1743552000000,379258.35021258815,379258.35021258815,0,0.0,0.0,0.0,0.0
1743566400000,379258.35021258815,379258.35021258815,0,0.0,0.0,0.0,0.0
1743580800000,379258.35021258815,379258.35021258815,0,0.0,0.0,0.0,0.0
1743595200000,379258.35021258815,379258.35021258815,0,0.0,0.0,0.0,0.0
1743609600000,379258.35021258815,379258.35021258815,0,0.0,0.0,0.0,0.0
1743624000000,379258.35021258815,379258.35021258815,0,0.0,0.0,0.0,0.0
1743638400000,379258.35021258815,379258.35021258815,0,0.0,0.0,0.0,0.0
1743652800000,379258.35021258815,379258.35021258815,0,0.0,0.0,0.0,0.0
1743667200000,379258.35021258815,379258.35021258815,0,0.0,0.0,0.0,0.0
1743681600000,379258.35021258815,379258.35021258815,0,0.0,0.0,0.0,0.0
1743696000000,379258.35021258815,379258.35021258815,0,0.0,0.0,0.0,0.0
1743710400000,379258.35021258815,379258.35021258815,0,0.0,0.0,0.0,0.0
1743724800000,379258.35021258815,379258.35021258815,0,0.0,0.0,0.0,0.0
1743739200000,379258.35021258815,379258.35021258815,0,0.0,0.0,0.0,0.0
1743753600000,379258.35021258815,379258.35021258815,0,0.0,0.0,0.0,0.0
1743768000000,379258.35021258815,379258.35021258815,0,0.0,0.0,0.0,0.0
1743782400000,379258.35021258815,379258.35021258815,0,0.0,0.0,0.0,0.0
1743796800000,379258.35021258815,379258.35021258815,0,0.0,0.0,0.0,0.0
1743811200000,379258.35021258815,379258.35021258815,0,0.0,0.0,0.0,0.0
1743825600000,379258.35021258815,379258.35021258815,0,0.0,0.0,0.0,0.0
1743840000000,379258.35021258815,379258.35021258815,0,0.0,0.0,0.0,0.0
1743854400000,379258.35021258815,379258.35021258815,0,0.0,0.0,0.0,0.0
1743868800000,379258.35021258815,379258.35021258815,0,0.0,0.0,0.0,0.0
1743883200000,379258.35021258815,379258.35021258815,0,0.0,0.0,0.0,0.0
1743897600000,379258.35021258815,379258.35021258815,0,0.0,0.0,0.0,0.0
1743912000000,379258.35021258815,379258.35021258815,0,0.0,0.0,0.0,0.0
1743926400000,379258.35021258815,379258.35021258815,0,0.0,0.0,0.0,0.0
1743940800000,379258.35021258815,379258.35021258815,0,0.0,0.0,0.0,0.0
1743955200000,379258.35021258815,379258.35021258815,0,0.0,0.0,0.0,0.0
1743969600000,379258.35021258815,379258.35021258815,0,0.0,0.0,0.0,0.0
1743984000000,379258.35021258815,379258.35021258815,0,0.0,0.0,0.0,0.0
1743998400000,379258.35021258815,379258.35021258815,0,0.0,0.0,0.0,0.0
1744012800000,394002.48938157497,386433.76378494466,1,201075.44147813244,3792.5835021258818,3792.5835021258818,201075.44147813244
1744027200000,392058.1399655614,392058.1399655614,0,0.0,0.0,0.0,0.0
1744041600000,392058.1399655614,392058.1399655614,0,0.0,0.0,0.0,0.0
1744056000000,392058.1399655614,392058.1399655614,0,0.0,0.0,0.0,0.0
1744070400000,392058.1399655614,392058.1399655614,0,0.0,0.0,0.0,0.0
1744084800000,392058.1399655614,392058.1399655614,0,0.0,0.0,0.0,0.0
1744099200000,392058.1399655614,392058.1399655614,0,0.0,0.0,0.0,0.0
1744113600000,392058.1399655614,392058.1399655614,0,0.0,0.0,0.0,0.0
1744128000000,392058.1399655614,392058.1399655614,0,0.0,0.0,0.0,0.0
1744142400000,392058.1399655614,392058.1399655614,0,0.0,0.0,0.0,0.0
1744156800000,392058.1399655614,392058.1399655614,0,0.0,0.0,0.0,0.0
1744171200000,392058.1399655614,392058.1399655614,0,0.0,0.0,0.0,0.0
1744185600000,392058.1399655614,392058.1399655614,0,0.0,0.0,0.0,0.0
1744200000000,392058.1399655614,392058.1399655614,0,0.0,0.0,0.0,0.0
1744214400000,392058.1399655614,392058.1399655614,0,0.0,0.0,0.0,0.0
1744228800000,392058.1399655614,392058.1399655614,0,0.0,0.0,0.0,0.0
1744243200000,392058.1399655614,392058.1399655614,0,0.0,0.0,0.0,0.0
1744257600000,392058.1399655614,392058.1399655614,0,0.0,0.0,0.0,0.0
1744272000000,392058.1399655614,392058.1399655614,0,0.0,0.0,0.0,0.0
1744286400000,392058.1399655614,392058.1399655614,0,0.0,0.0,0.0,0.0
1744300800000,392058.1399655614,392058.1399655614,0,0.0,0.0,0.0,0.0
1744315200000,392058.1399655614,392058.1399655614,0,0.0,0.0,0.0,0.0
1744329600000,392058.1399655614,392058.1399655614,0,0.0,0.0,0.0,0.0
1744344000000,392058.1399655614,392058.1399655614,0,0.0,0.0,0.0,0.0
1744358400000,392058.1399655614,392058.1399655614,0,0.0,0.0,0.0,0.0
1744372800000,392058.1399655614,392058.1399655614,0,0.0,0.0,0.0,0.0
1744387200000,392058.1399655614,392058.1399655614,0,0.0,0.0,0.0,0.0
1744401600000,392058.1399655614,392058.1399655614,0,0.0,0.0,0.0,0.0
1744416000000,392058.1399655614,392058.1399655614,0,0.0,0.0,0.0,0.0
1744430400000,392058.1399655614,392058.1399655614,0,0.0,0.0,0.0,0.0
1744444800000,392058.1399655614,392058.1399655614,0,0.0,0.0,0.0,0.0
1744459200000,392058.1399655614,392058.1399655614,0,0.0,0.0,0.0,0.0
1744473600000,392058.1399655614,392058.1399655614,0,0.0,0.0,0.0,0.0
1744488000000,392058.1399655614,392058.1399655614,0,0.0,0.0,0.0,0.0
1744502400000,392058.1399655614,392058.1399655614,0,0.0,0.0,0.0,0.0
1744516800000,392058.1399655614,392058.1399655614,0,0.0,0.0,0.0,0.0
1744531200000,392058.1399655614,392058.1399655614,0,0.0,0.0,0.0,0.0
1744545600000,392058.1399655614,392058.1399655614,0,0.0,0.0,0.0,0.0
1744560000000,392058.1399655614,392058.1399655614,0,0.0,0.0,0.0,0.0
1744574400000,392058.1399655614,392058.1399655614,0,0.0,0.0,0.0,0.0
1744588800000,392058.1399655614,392058.1399655614,0,0.0,0.0,0.0,0.0
1744603200000,392058.1399655614,392058.1399655614,0,0.0,0.0,0.0,0.0
1744617600000,392058.1399655614,392058.1399655614,0,0.0,0.0,0.0,0.0
1744632000000,392058.1399655614,392058.1399655614,0,0.0,0.0,0.0,0.0
1744646400000,392058.1399655614,392058.1399655614,0,0.0,0.0,0.0,0.0
1744660800000,392058.1399655614,392058.1399655614,0,0.0,0.0,0.0,0.0
1744675200000,392058.1399655614,392058.1399655614,0,0.0,0.0,0.0,0.0
1744689600000,392058.1399655614,392058.1399655614,0,0.0,0.0,0.0,0.0
1744704000000,392058.1399655614,392058.1399655614,0,0.0,0.0,0.0,0.0
1744718400000,392058.1399655614,392058.1399655614,0,0.0,0.0,0.0,0.0
1744732800000,392058.1399655614,392058.1399655614,0,0.0,0.0,0.0,0.0
1744747200000,392058.1399655614,392058.1399655614,0,0.0,0.0,0.0,0.0
1744761600000,392058.1399655614,392058.1399655614,0,0.0,0.0,0.0,0.0
1744776000000,390621.8543872272,391989.43030138983,1,138786.9042573304,3920.581399655614,3920.581399655614,138786.9042573304
1744790400000,392610.4107797099,391989.43030138983,1,136798.3478648477,3920.581399655614,3920.581399655614,136798.3478648477
1744804800000,386158.18552849046,391834.87131641345,2,447031.78137982404,11772.737793222774,11772.737793222774,447031.78137982404
1744819200000,382177.86868087685,383670.8490522231,1,138912.308714514,3920.581399655614,3920.581399655614,138912.308714514
1744833600000,381736.6358720721,383668.5318435609,1,139351.2243146566,3920.581399655614,3920.581399655614,139351.2243146566
1744848000000,382569.6797662203,383668.5318435609,1,138518.1804205084,3920.581399655614,3920.581399655614,138518.1804205084
1744862400000,382065.9449498657,383675.3723171681,1,139028.7557104702,3920.581399655614,3920.581399655614,139028.7557104702
1744876800000,379613.41567279224,379613.41567279224,0,0.0,0.0,0.0,0.0
1744891200000,379613.41567279224,379613.41567279224,0,0.0,0.0,0.0,0.0
1744905600000,379613.41567279224,379613.41567279224,0,0.0,0.0,0.0,0.0
1744920000000,379613.41567279224,379613.41567279224,0,0.0,0.0,0.0,0.0
1744934400000,379613.41567279224,379613.41567279224,0,0.0,0.0,0.0,0.0
1744948800000,379613.41567279224,379613.41567279224,0,0.0,0.0,0.0,0.0
1744963200000,379613.41567279224,379613.41567279224,0,0.0,0.0,0.0,0.0
1744977600000,379613.41567279224,379613.41567279224,0,0.0,0.0,0.0,0.0
1744992000000,379613.41567279224,379613.41567279224,0,0.0,0.0,0.0,0.0
1745006400000,379613.41567279224,379613.41567279224,0,0.0,0.0,0.0,0.0
1745020800000,379613.41567279224,379613.41567279224,0,0.0,0.0,0.0,0.0
1745035200000,379613.41567279224,379613.41567279224,0,0.0,0.0,0.0,0.0
1745049600000,379613.41567279224,379613.41567279224,0,0.0,0.0,0.0,0.0
1745064000000,379613.41567279224,379613.41567279224,0,0.0,0.0,0.0,0.0
1745078400000,379613.41567279224,379613.41567279224,0,0.0,0.0,0.0,0.0
1745092800000,379613.41567279224,379613.41567279224,0,0.0,0.0,0.0,0.0
1745107200000,379613.41567279224,379613.41567279224,0,0.0,0.0,0.0,0.0
1745121600000,379613.41567279224,379613.41567279224,0,0.0,0.0,0.0,0.0
1745136000000,379613.41567279224,379613.41567279224,0,0.0,0.0,0.0,0.0
1745150400000,379613.41567279224,379613.41567279224,0,0.0,0.0,0.0,0.0
1745164800000,379613.41567279224,379613.41567279224,0,0.0,0.0,0.0,0.0
1745179200000,376673.8541630843,379511.97839574213,1,205712.67833292793,3796.1341567279223,3796.1341567279223,205712.67833292793
1745193600000,375509.1218830852,375509.1218830852,0,0.0,0.0,0.0,0.0
1745208000000,375509.1218830852,375509.1218830852,0,0.0,0.0,0.0,0.0
1745222400000,375509.1218830852,375509.1218830852,0,0.0,0.0,0.0,0.0
1745236800000,375509.1218830852,375509.1218830852,0,0.0,0.0,0.0,0.0
1745251200000,375509.1218830852,375509.1218830852,0,0.0,0.0,0.0,0.0
1745265600000,375509.1218830852,375509.1218830852,0,0.0,0.0,0.0,0.0
1745280000000,375509.1218830852,375509.1218830852,0,0.0,0.0,0.0,0.0
1745294400000,375509.1218830852,375509.1218830852,0,0.0,0.0,0.0,0.0
1745308800000,376688.46397754515,375288.63941516686,1,442364.7603989827,7510.182437661704,0.0,0.0
1745323200000,377381.05168374657,375291.930656025,1,443054.0568643259,7510.182437661704,0.0,0.0
1745337600000,388928.5182312414,375291.930656025,1,454601.5234118207,7510.182437661704,0.0,0.0
1745352000000,391337.5672269619,375323.9572981092,1,456978.5457654571,7510.182437661704,0.0,0.0
1745366400000,401584.4744058847,375323.9572981092,1,467225.4529443798,7510.182437661704,0.0,0.0
1745380800000,400195.8641370617,375330.4470596506,1,465830.3529140154,7510.182437661704,0.0,0.0
1745395200000,405080.46499633335,375330.4470596506,1,470714.9537732871,7510.182437661704,0.0,0.0
1745409600000,401686.0396773195,375323.97889576707,1,467326.9966181568,7510.182437661704,0.0,0.0
1745424000000,400260.9267384496,375323.97889576707,1,465901.88367928687,7510.182437661704,0.0,0.0
1745438400000,401720.1905141174,375302.60585182975,1,467382.52049889206,7510.182437661704,0.0,0.0
1745452800000,402699.6117616806,375302.60585182975,1,468361.94174645515,7510.182437661704,0.0,0.0
1745467200000,397713.9732379463,375315.1170245464,1,463363.79205000424,7510.182437661704,0.0,0.0
1745481600000,395378.4687410759,375315.1170245464,1,461028.28755313385,7510.182437661704,0.0,0.0
1745496000000,397400.8289867882,375291.09712532465,1,463074.6676980679,7510.182437661704,0.0,0.0
1745510400000,400250.5546493863,375291.09712532465,1,465924.393360666,7510.182437661704,0.0,0.0
1745524800000,402024.9011598974,375301.18483085354,1,467688.65216564824,7510.182437661704,0.0,0.0
1745539200000,404196.3350902711,375301.18483085354,1,469860.08609602187,7510.182437661704,0.0,0.0
1745553600000,400859.6847692507,375309.47316277225,1,466515.14744308277,7510.182437661704,0.0,0.0
1745568000000,403216.198302075,375309.47316277225,1,468871.66097590706,7510.182437661704,0.0,0.0
1745582400000,407558.76929614035,375308.6760809486,1,473215.02905179607,7510.182437661704,0.0,0.0
1745596800000,409547.12448463036,375308.6760809486,1,475203.3842402861,7510.182437661704,0.0,0.0
1745611200000,410694.0477728321,375308.1058339564,1,476350.87777548004,7510.182437661704,0.0,0.0
1745625600000,407505.6764592635,375308.1058339564,1,473162.5064619114,7510.182437661704,0.0,0.0
1745640000000,408019.59541015903,375355.82427273307,1,473628.70697403036,7510.182437661704,0.0,0.0
1745654400000,407194.74064139934,375355.82427273307,1,472803.8522052706,7510.182437661704,0.0,0.0
1745668800000,405084.443348769,375368.9402568675,1,470680.4389285058,7510.182437661704,0.0,0.0
1745683200000,406231.9368839629,375368.9402568675,1,471827.9324636998,7510.182437661704,0.0,0.0
1745697600000,405898.3282356123,375355.4692992423,1,471507.79477297433,7510.182437661704,0.0,0.0
1745712000000,407472.5052867262,375355.4692992423,1,473081.9718240883,7510.182437661704,0.0,0.0
1745726400000,405208.62477272004,375362.5655288197,1,470810.99508050474,7510.182437661704,0.0,0.0
1745740800000,404737.92232432537,375362.5655288197,1,470340.29263211,7510.182437661704,0.0,0.0
1745755200000,403958.1898767061,375365.6697780525,1,469557.45593525795,7510.182437661704,0.0,0.0
1745769600000,403488.7498101349,403488.7498101349,0,0.0,0.0,0.0,0.0
1745784000000,403488.7498101349,403488.7498101349,0,0.0,0.0,0.0,0.0
1745798400000,403488.7498101349,403488.7498101349,0,0.0,0.0,0.0,0.0
1745812800000,403488.7498101349,403488.7498101349,0,0.0,0.0,0.0,0.0
1745827200000,403488.7498101349,403488.7498101349,0,0.0,0.0,0.0,0.0
1745841600000,403488.7498101349,403488.7498101349,0,0.0,0.0,0.0,0.0
1745856000000,403488.7498101349,403488.7498101349,0,0.0,0.0,0.0,0.0
1745870400000,403488.7498101349,403488.7498101349,0,0.0,0.0,0.0,0.0
1745884800000,403488.7498101349,403488.7498101349,0,0.0,0.0,0.0,0.0
1745899200000,403488.7498101349,403488.7498101349,0,0.0,0.0,0.0,0.0
1745913600000,403488.7498101349,403488.7498101349,0,0.0,0.0,0.0,0.0
1745928000000,403488.7498101349,403488.7498101349,0,0.0,0.0,0.0,0.0
1745942400000,403488.7498101349,403488.7498101349,0,0.0,0.0,0.0,0.0
1745956800000,403488.7498101349,403488.7498101349,0,0.0,0.0,0.0,0.0
1745971200000,403488.7498101349,403488.7498101349,0,0.0,0.0,0.0,0.0
1745985600000,403488.7498101349,403488.7498101349,0,0.0,0.0,0.0,0.0
1746000000000,403488.7498101349,403488.7498101349,0,0.0,0.0,0.0,0.0
1746014400000,403488.7498101349,403488.7498101349,0,0.0,0.0,0.0,0.0
1746028800000,403488.7498101349,403488.7498101349,0,0.0,0.0,0.0,0.0
1746043200000,403488.7498101349,403488.7498101349,0,0.0,0.0,0.0,0.0
1746057600000,403488.7498101349,403488.7498101349,0,0.0,0.0,0.0,0.0
1746072000000,403488.7498101349,403488.7498101349,0,0.0,0.0,0.0,0.0
1746086400000,403488.7498101349,403488.7498101349,0,0.0,0.0,0.0,0.0
1746100800000,403488.7498101349,403488.7498101349,0,0.0,0.0,0.0,0.0
1746115200000,403488.7498101349,403488.7498101349,0,0.0,0.0,0.0,0.0
1746129600000,403488.7498101349,403488.7498101349,0,0.0,0.0,0.0,0.0
1746144000000,403488.7498101349,403488.7498101349,0,0.0,0.0,0.0,0.0
1746158400000,403488.7498101349,403488.7498101349,0,0.0,0.0,0.0,0.0
1746172800000,403488.7498101349,403488.7498101349,0,0.0,0.0,0.0,0.0
1746187200000,403488.7498101349,403488.7498101349,0,0.0,0.0,0.0,0.0
1746201600000,403488.7498101349,403488.7498101349,0,0.0,0.0,0.0,0.0
1746216000000,403488.7498101349,403488.7498101349,0,0.0,0.0,0.0,0.0
1746230400000,403488.7498101349,403488.7498101349,0,0.0,0.0,0.0,0.0
1746244800000,403488.7498101349,403488.7498101349,0,0.0,0.0,0.0,0.0
1746259200000,403488.7498101349,403488.7498101349,0,0.0,0.0,0.0,0.0
1746273600000,403488.7498101349,403488.7498101349,0,0.0,0.0,0.0,0.0
1746288000000,403488.7498101349,403488.7498101349,0,0.0,0.0,0.0,0.0
1746302400000,403488.7498101349,403488.7498101349,0,0.0,0.0,0.0,0.0
1746316800000,403488.7498101349,403488.7498101349,0,0.0,0.0,0.0,0.0
1746331200000,403488.7498101349,403488.7498101349,0,0.0,0.0,0.0,0.0
1746345600000,403488.7498101349,403488.7498101349,0,0.0,0.0,0.0,0.0
1746360000000,403488.7498101349,403488.7498101349,0,0.0,0.0,0.0,0.0
1746374400000,403488.7498101349,403488.7498101349,0,0.0,0.0,0.0,0.0
1746388800000,403714.90618724027,403201.09926929785,1,574787.2747561131,4034.8874981013487,4034.8874981013487,574787.2747561131
1746403200000,405992.6271134312,403201.09926929785,1,572509.5538299221,4034.8874981013487,4034.8874981013487,572509.5538299221
1746417600000,403414.7534073128,403028.02963117504,1,574914.3578979176,4034.8874981013487,4034.8874981013487,574914.3578979176
1746432000000,399364.89792213374,399364.89792213374,0,0.0,0.0,0.0,0.0
1746446400000,399364.89792213374,399364.89792213374,0,0.0,0.0,0.0,0.0
1746460800000,399364.89792213374,399364.89792213374,0,0.0,0.0,0.0,0.0
1746475200000,399364.89792213374,399364.89792213374,0,0.0,0.0,0.0,0.0
1746489600000,399364.89792213374,399364.89792213374,0,0.0,0.0,0.0,0.0
1746504000000,399364.89792213374,399364.89792213374,0,0.0,0.0,0.0,0.0
1746518400000,399364.89792213374,399364.89792213374,0,0.0,0.0,0.0,0.0
1746532800000,399364.89792213374,399364.89792213374,0,0.0,0.0,0.0,0.0
1746547200000,399364.89792213374,399364.89792213374,0,0.0,0.0,0.0,0.0
1746561600000,399364.89792213374,399364.89792213374,0,0.0,0.0,0.0,0.0
1746576000000,399364.89792213374,399364.89792213374,0,0.0,0.0,0.0,0.0
1746590400000,399364.89792213374,399364.89792213374,0,0.0,0.0,0.0,0.0
1746604800000,399364.89792213374,399364.89792213374,0,0.0,0.0,0.0,0.0
1746619200000,399364.89792213374,399364.89792213374,0,0.0,0.0,0.0,0.0
1746633600000,399364.89792213374,399364.89792213374,0,0.0,0.0,0.0,0.0
1746648000000,399364.89792213374,399364.89792213374,0,0.0,0.0,0.0,0.0
1746662400000,399364.89792213374,399364.89792213374,0,0.0,0.0,0.0,0.0
1746676800000,399364.89792213374,399364.89792213374,0,0.0,0.0,0.0,0.0
1746691200000,399364.89792213374,399364.89792213374,0,0.0,0.0,0.0,0.0
1746705600000,399364.89792213374,399364.89792213374,0,0.0,0.0,0.0,0.0
1746720000000,399364.89792213374,399364.89792213374,0,0.0,0.0,0.0,0.0
1746734400000,399364.89792213374,399364.89792213374,0,0.0,0.0,0.0,0.0
1746748800000,399364.89792213374,399364.89792213374,0,0.0,0.0,0.0,0.0
1746763200000,399364.89792213374,399364.89792213374,0,0.0,0.0,0.0,0.0
1746777600000,399364.89792213374,399364.89792213374,0,0.0,0.0,0.0,0.0
1746792000000,399364.89792213374,399364.89792213374,0,0.0,0.0,0.0,0.0
1746806400000,399364.89792213374,399364.89792213374,0,0.0,0.0,0.0,0.0
1746820800000,399364.89792213374,399364.89792213374,0,0.0,0.0,0.0,0.0
1746835200000,399364.89792213374,399364.89792213374,0,0.0,0.0,0.0,0.0
1746849600000,399364.89792213374,399364.89792213374,0,0.0,0.0,0.0,0.0
1746864000000,399364.89792213374,399364.89792213374,0,0.0,0.0,0.0,0.0
1746878400000,399364.89792213374,399364.89792213374,0,0.0,0.0,0.0,0.0
1746892800000,399364.89792213374,399364.89792213374,0,0.0,0.0,0.0,0.0
1746907200000,399364.89792213374,399364.89792213374,0,0.0,0.0,0.0,0.0
1746921600000,399364.89792213374,399364.89792213374,0,0.0,0.0,0.0,0.0
1746936000000,399364.89792213374,399364.89792213374,0,0.0,0.0,0.0,0.0
1746950400000,399364.89792213374,399364.89792213374,0,0.0,0.0,0.0,0.0
1746964800000,399364.89792213374,399364.89792213374,0,0.0,0.0,0.0,0.0
1746979200000,399364.89792213374,399364.89792213374,0,0.0,0.0,0.0,0.0
1746993600000,399364.89792213374,399364.89792213374,0,0.0,0.0,0.0,0.0
1747008000000,399364.89792213374,399364.89792213374,0,0.0,0.0,0.0,0.0
1747022400000,399364.89792213374,399364.89792213374,0,0.0,0.0,0.0,0.0
1747036800000,399364.89792213374,399364.89792213374,0,0.0,0.0,0.0,0.0
1747051200000,399364.89792213374,399364.89792213374,0,0.0,0.0,0.0,0.0
1747065600000,399364.89792213374,399364.89792213374,0,0.0,0.0,0.0,0.0
1747080000000,399364.89792213374,399364.89792213374,0,0.0,0.0,0.0,0.0
1747094400000,399364.89792213374,399364.89792213374,0,0.0,0.0,0.0,0.0
1747108800000,399364.89792213374,399364.89792213374,0,0.0,0.0,0.0,0.0
1747123200000,399364.89792213374,399364.89792213374,0,0.0,0.0,0.0,0.0
1747137600000,399364.89792213374,399364.89792213374,0,0.0,0.0,0.0,0.0
1747152000000,399364.89792213374,399364.89792213374,0,0.0,0.0,0.0,0.0
1747166400000,399364.89792213374,399364.89792213374,0,0.0,0.0,0.0,0.0
1747180800000,399364.89792213374,399364.89792213374,0,0.0,0.0,0.0,0.0
1747195200000,399364.89792213374,399364.89792213374,0,0.0,0.0,0.0,0.0
1747209600000,399364.89792213374,399364.89792213374,0,0.0,0.0,0.0,0.0
1747224000000,399364.89792213374,399364.89792213374,0,0.0,0.0,0.0,0.0
1747238400000,399364.89792213374,399364.89792213374,0,0.0,0.0,0.0,0.0
1747252800000,399364.89792213374,399364.89792213374,0,0.0,0.0,0.0,0.0
1747267200000,399364.89792213374,399364.89792213374,0,0.0,0.0,0.0,0.0
1747281600000,399364.89792213374,399364.89792213374,0,0.0,0.0,0.0,0.0
1747296000000,399364.89792213374,399364.89792213374,0,0.0,0.0,0.0,0.0
1747310400000,399364.89792213374,399364.89792213374,0,0.0,0.0,0.0,0.0
1747324800000,399364.89792213374,399364.89792213374,0,0.0,0.0,0.0,0.0
1747339200000,399364.89792213374,399364.89792213374,0,0.0,0.0,0.0,0.0
1747353600000,399364.89792213374,399364.89792213374,0,0.0,0.0,0.0,0.0
1747368000000,399364.89792213374,399364.89792213374,0,0.0,0.0,0.0,0.0
1747382400000,399364.89792213374,399364.89792213374,0,0.0,0.0,0.0,0.0
1747396800000,399364.89792213374,399364.89792213374,0,0.0,0.0,0.0,0.0
1747411200000,399364.89792213374,399364.89792213374,0,0.0,0.0,0.0,0.0
1747425600000,399364.89792213374,399364.89792213374,0,0.0,0.0,0.0,0.0
1747440000000,399364.89792213374,399364.89792213374,0,0.0,0.0,0.0,0.0
1747454400000,399364.89792213374,399364.89792213374,0,0.0,0.0,0.0,0.0
1747468800000,399364.89792213374,399364.89792213374,0,0.0,0.0,0.0,0.0
1747483200000,399364.89792213374,399364.89792213374,0,0.0,0.0,0.0,0.0
1747497600000,399364.89792213374,399364.89792213374,0,0.0,0.0,0.0,0.0
1747512000000,399364.89792213374,399364.89792213374,0,0.0,0.0,0.0,0.0
1747526400000,399364.89792213374,399364.89792213374,0,0.0,0.0,0.0,0.0
1747540800000,399364.89792213374,399364.89792213374,0,0.0,0.0,0.0,0.0
1747555200000,399364.89792213374,399364.89792213374,0,0.0,0.0,0.0,0.0
1747569600000,399364.89792213374,399364.89792213374,0,0.0,0.0,0.0,0.0
1747584000000,399364.89792213374,399364.89792213374,0,0.0,0.0,0.0,0.0
1747598400000,399364.89792213374,399364.89792213374,0,0.0,0.0,0.0,0.0
1747612800000,399364.89792213374,399364.89792213374,0,0.0,0.0,0.0,0.0
1747627200000,399364.89792213374,399364.89792213374,0,0.0,0.0,0.0,0.0
1747641600000,399364.89792213374,399364.89792213374,0,0.0,0.0,0.0,0.0
1747656000000,399364.89792213374,399364.89792213374,0,0.0,0.0,0.0,0.0
1747670400000,399364.89792213374,399364.89792213374,0,0.0,0.0,0.0,0.0
1747684800000,399364.89792213374,399364.89792213374,0,0.0,0.0,0.0,0.0
1747699200000,399364.89792213374,399364.89792213374,0,0.0,0.0,0.0,0.0
1747713600000,399364.89792213374,399364.89792213374,0,0.0,0.0,0.0,0.0
1747728000000,399364.89792213374,399364.89792213374,0,0.0,0.0,0.0,0.0
1747742400000,399364.89792213374,399364.89792213374,0,0.0,0.0,0.0,0.0
1747756800000,399364.89792213374,399364.89792213374,0,0.0,0.0,0.0,0.0
1747771200000,399364.89792213374,399364.89792213374,0,0.0,0.0,0.0,0.0
1747785600000,399364.89792213374,399364.89792213374,0,0.0,0.0,0.0,0.0
1747800000000,399364.89792213374,399364.89792213374,0,0.0,0.0,0.0,0.0
1747814400000,399364.89792213374,399364.89792213374,0,0.0,0.0,0.0,0.0
1747828800000,399364.89792213374,399364.89792213374,0,0.0,0.0,0.0,0.0
1747843200000,399364.89792213374,399364.89792213374,0,0.0,0.0,0.0,0.0
1747857600000,399364.89792213374,399364.89792213374,0,0.0,0.0,0.0,0.0
1747872000000,399364.89792213374,399364.89792213374,0,0.0,0.0,0.0,0.0
1747886400000,399364.89792213374,399364.89792213374,0,0.0,0.0,0.0,0.0
1747900800000,399364.89792213374,399364.89792213374,0,0.0,0.0,0.0,0.0
1747915200000,399364.89792213374,399364.89792213374,0,0.0,0.0,0.0,0.0
1747929600000,399364.89792213374,399364.89792213374,0,0.0,0.0,0.0,0.0
1747944000000,399364.89792213374,399364.89792213374,0,0.0,0.0,0.0,0.0
1747958400000,399364.89792213374,399364.89792213374,0,0.0,0.0,0.0,0.0
1747972800000,399364.89792213374,399364.89792213374,0,0.0,0.0,0.0,0.0
1747987200000,399364.89792213374,399364.89792213374,0,0.0,0.0,0.0,0.0
1748001600000,399364.89792213374,399364.89792213374,0,0.0,0.0,0.0,0.0
1748016000000,399364.89792213374,399364.89792213374,0,0.0,0.0,0.0,0.0
1748030400000,399364.89792213374,399364.89792213374,0,0.0,0.0,0.0,0.0
1748044800000,399364.89792213374,399364.89792213374,0,0.0,0.0,0.0,0.0
1748059200000,399364.89792213374,399364.89792213374,0,0.0,0.0,0.0,0.0
1748073600000,399364.89792213374,399364.89792213374,0,0.0,0.0,0.0,0.0
1748088000000,399364.89792213374,399364.89792213374,0,0.0,0.0,0.0,0.0
1748102400000,399364.89792213374,399364.89792213374,0,0.0,0.0,0.0,0.0
1748116800000,399364.89792213374,399364.89792213374,0,0.0,0.0,0.0,0.0
1748131200000,399364.89792213374,399364.89792213374,0,0.0,0.0,0.0,0.0
1748145600000,399364.89792213374,399364.89792213374,0,0.0,0.0,0.0,0.0
1748160000000,399364.89792213374,399364.89792213374,0,0.0,0.0,0.0,0.0
1748174400000,399364.89792213374,399364.89792213374,0,0.0,0.0,0.0,0.0
1748188800000,399364.89792213374,399364.89792213374,0,0.0,0.0,0.0,0.0
1748203200000,399364.89792213374,399364.89792213374,0,0.0,0.0,0.0,0.0
1748217600000,399364.89792213374,399364.89792213374,0,0.0,0.0,0.0,0.0
1748232000000,399364.89792213374,399364.89792213374,0,0.0,0.0,0.0,0.0
1748246400000,399364.89792213374,399364.89792213374,0,0.0,0.0,0.0,0.0
1748260800000,399364.89792213374,399364.89792213374,0,0.0,0.0,0.0,0.0
1748275200000,399364.89792213374,399364.89792213374,0,0.0,0.0,0.0,0.0
1748289600000,399364.89792213374,399364.89792213374,0,0.0,0.0,0.0,0.0
1748304000000,399364.89792213374,399364.89792213374,0,0.0,0.0,0.0,0.0
1748318400000,399364.89792213374,399364.89792213374,0,0.0,0.0,0.0,0.0
1748332800000,399364.89792213374,399364.89792213374,0,0.0,0.0,0.0,0.0
1748347200000,399364.89792213374,399364.89792213374,0,0.0,0.0,0.0,0.0
1748361600000,399364.89792213374,399364.89792213374,0,0.0,0.0,0.0,0.0
1748376000000,399364.89792213374,399364.89792213374,0,0.0,0.0,0.0,0.0
1748390400000,399364.89792213374,399364.89792213374,0,0.0,0.0,0.0,0.0
1748404800000,399364.89792213374,399364.89792213374,0,0.0,0.0,0.0,0.0
1748419200000,399364.89792213374,399364.89792213374,0,0.0,0.0,0.0,0.0
1748433600000,399364.89792213374,399364.89792213374,0,0.0,0.0,0.0,0.0
1748448000000,399364.89792213374,399364.89792213374,0,0.0,0.0,0.0,0.0
1748462400000,399364.89792213374,399364.89792213374,0,0.0,0.0,0.0,0.0
1748476800000,399364.89792213374,399364.89792213374,0,0.0,0.0,0.0,0.0
1748491200000,399364.89792213374,399364.89792213374,0,0.0,0.0,0.0,0.0
1748505600000,399364.89792213374,399364.89792213374,0,0.0,0.0,0.0,0.0
1748520000000,399364.89792213374,399364.89792213374,0,0.0,0.0,0.0,0.0
1748534400000,399364.89792213374,399364.89792213374,0,0.0,0.0,0.0,0.0
1748548800000,399364.89792213374,399364.89792213374,0,0.0,0.0,0.0,0.0
1748563200000,399364.89792213374,399364.89792213374,0,0.0,0.0,0.0,0.0
1748577600000,399364.89792213374,399364.89792213374,0,0.0,0.0,0.0,0.0
1748592000000,399364.89792213374,399364.89792213374,0,0.0,0.0,0.0,0.0
1748606400000,397198.3508882306,399303.59684826963,1,124707.39368819301,3993.648979221338,3993.648979221338,124707.39368819301
1748620800000,401646.93914226274,399234.1445523177,2,259093.94504215912,7965.575235604476,7965.575235604476,259093.94504215912
1748635200000,402614.27819114586,399230.6786937946,2,258123.14013475287,7965.575235604476,7965.575235604476,258123.14013475287
1748649600000,410394.9195053218,399230.6786937946,2,250342.49882057688,7965.575235604476,7965.575235604476,250342.49882057688
1748664000000,415553.07585655735,407035.5104083098,2,122235.80436780454,3982.787617802238,3982.787617802238,122235.80436780454
1748678400000,414666.7494875428,407035.5104083098,2,123122.1307368191,3982.787617802238,3982.787617802238,123122.1307368191
1748692800000,414633.1424378078,407017.7220048306,2,123137.94938307488,3982.787617802238,3982.787617802238,123137.94938307488
1748707200000,412290.7922293539,407017.7220048306,2,125480.29959152875,3982.787617802238,3982.787617802238,125480.29959152875
1748721600000,410488.88229142444,407009.9331582575,2,127274.42068288516,3982.787617802238,3982.787617802238,127274.42068288516
1748736000000,410667.95886142,407995.1666286439,1,66779.503719199,1985.9631281915692,1985.9631281915692,66779.503719199
1748750400000,411279.81379082886,407989.9330208195,1,66162.41518196571,1985.9631281915692,1985.9631281915692,66162.41518196571
1748764800000,411160.2229890395,407989.9330208195,1,66282.00598375511,1985.9631281915692,1985.9631281915692,66282.00598375511
1748779200000,411420.370875096,407986.98114293936,1,66018.90621981844,1985.9631281915692,1985.9631281915692,66018.90621981844
1748793600000,410793.71507371956,407986.98114293936,1,66645.56202119487,1985.9631281915692,1985.9631281915692,66645.56202119487
1748808000000,410479.87754883646,407993.64696685184,1,66966.06536999045,1985.9631281915692,1985.9631281915692,66966.06536999045
1748822400000,409935.53649598744,409935.53649598744,0,0.0,0.0,0.0,0.0
1748836800000,409935.53649598744,409935.53649598744,0,0.0,0.0,0.0,0.0
1748851200000,409935.53649598744,409935.53649598744,0,0.0,0.0,0.0,0.0
1748865600000,409935.53649598744,409935.53649598744,0,0.0,0.0,0.0,0.0
1748880000000,409935.53649598744,409935.53649598744,0,0.0,0.0,0.0,0.0
1748894400000,409935.53649598744,409935.53649598744,0,0.0,0.0,0.0,0.0
1748908800000,409935.53649598744,409935.53649598744,0,0.0,0.0,0.0,0.0
1748923200000,409935.53649598744,409935.53649598744,0,0.0,0.0,0.0,0.0
1748937600000,409935.53649598744,409935.53649598744,0,0.0,0.0,0.0,0.0
1748952000000,409935.53649598744,409935.53649598744,0,0.0,0.0,0.0,0.0
1748966400000,409935.53649598744,409935.53649598744,0,0.0,0.0,0.0,0.0
1748980800000,409822.43515902327,409789.08931526355,1,292927.7072915465,8198.710729919749,0.0,0.0
1748995200000,406250.3638549376,409789.08931526355,1,289355.63598746085,8198.710729919749,0.0,0.0
1749009600000,410102.1957846255,409776.3866028437,1,293220.1706295686,8198.710729919749,0.0,0.0
1749024000000,410049.73098734673,409776.3866028437,1,293167.7058322898,8198.710729919749,0.0,0.0
1749038400000,409737.15026326134,409754.03667221527,1,292877.47503883287,8198.710729919749,0.0,0.0
1749052800000,414559.446523777,409754.03667221527,1,297699.7712993485,8198.710729919749,0.0,0.0
1749067200000,409562.9441541807,409730.52732127573,1,292726.77828069177,8198.710729919749,0.0,0.0
1749081600000,407805.9315814835,409730.52732127573,1,290969.7657079946,8198.710729919749,0.0,0.0
1749096000000,409739.14880540915,409723.6633181698,1,292909.8469350261,8198.710729919749,0.0,0.0
1749110400000,407418.418730036,409723.6633181698,1,290589.116859653,8198.710729919749,0.0,0.0
1749124800000,407776.57680088026,409698.9399961074,1,290971.9982525596,8198.710729919749,0.0,0.0
1749139200000,405733.79852385627,409698.9399961074,1,288929.21997553564,8198.710729919749,0.0,0.0
1749153600000,405427.5767795654,405427.5767795654,0,0.0,0.0,0.0,0.0
1749168000000,412883.88708505937,405262.58043468936,1,322371.3831017528,8108.551535591308,8108.551535591308,322371.3831017528
1749182400000,400950.8344373197,405009.56567393785,2,725823.8143795701,16365.086706011374,16365.086706011374,725823.8143795701
1749196800000,403766.50756235985,405009.56567393785,2,723008.1412545299,16365.086706011374,16365.086706011374,723008.1412545299
1749211200000,399396.97874273564,404998.24558789795,2,727366.3499881143,16365.086706011374,16365.086706011374,727366.3499881143
1749225600000,393765.07637151435,393765.07637151435,0,0.0,0.0,0.0,0.0
1749240000000,393765.07637151435,393765.07637151435,0,0.0,0.0,0.0,0.0
1749254400000,393765.07637151435,393765.07637151435,0,0.0,0.0,0.0,0.0
1749268800000,393765.07637151435,393765.07637151435,0,0.0,0.0,0.0,0.0
1749283200000,393765.07637151435,393765.07637151435,0,0.0,0.0,0.0,0.0
1749297600000,393765.07637151435,393765.07637151435,0,0.0,0.0,0.0,0.0
1749312000000,393765.07637151435,393765.07637151435,0,0.0,0.0,0.0,0.0
1749326400000,393765.07637151435,393765.07637151435,0,0.0,0.0,0.0,0.0
1749340800000,393765.07637151435,393765.07637151435,0,0.0,0.0,0.0,0.0
1749355200000,393765.07637151435,393765.07637151435,0,0.0,0.0,0.0,0.0
1749369600000,393765.07637151435,393765.07637151435,0,0.0,0.0,0.0,0.0
1749384000000,393765.07637151435,393765.07637151435,0,0.0,0.0,0.0,0.0
1749398400000,393765.07637151435,393765.07637151435,0,0.0,0.0,0.0,0.0
1749412800000,393765.07637151435,393765.07637151435,0,0.0,0.0,0.0,0.0
1749427200000,393765.07637151435,393765.07637151435,0,0.0,0.0,0.0,0.0
1749441600000,393765.07637151435,393765.07637151435,0,0.0,0.0,0.0,0.0
1749456000000,393765.07637151435,393765.07637151435,0,0.0,0.0,0.0,0.0
1749470400000,393765.07637151435,393765.07637151435,0,0.0,0.0,0.0,0.0
1749484800000,393765.07637151435,393765.07637151435,0,0.0,0.0,0.0,0.0
1749499200000,393765.07637151435,393765.07637151435,0,0.0,0.0,0.0,0.0
1749513600000,393765.07637151435,393765.07637151435,0,0.0,0.0,0.0,0.0
1749528000000,393765.07637151435,393765.07637151435,0,0.0,0.0,0.0,0.0
1749542400000,393765.07637151435,393765.07637151435,0,0.0,0.0,0.0,0.0
1749556800000,393765.07637151435,393765.07637151435,0,0.0,0.0,0.0,0.0
1749571200000,385476.2359106477,385476.2359106477,0,0.0,0.0,0.0,0.0
1749585600000,385476.2359106477,385476.2359106477,0,0.0,0.0,0.0,0.0
1749600000000,385476.2359106477,385476.2359106477,0,0.0,0.0,0.0,0.0
1749614400000,385476.2359106477,385476.2359106477,0,0.0,0.0,0.0,0.0
1749628800000,385476.2359106477,385476.2359106477,0,0.0,0.0,0.0,0.0
1749643200000,385476.2359106477,385476.2359106477,0,0.0,0.0,0.0,0.0
1749657600000,385476.2359106477,385476.2359106477,0,0.0,0.0,0.0,0.0
1749672000000,385476.2359106477,385476.2359106477,0,0.0,0.0,0.0,0.0
1749686400000,385476.2359106477,385476.2359106477,0,0.0,0.0,0.0,0.0
1749700800000,385476.2359106477,385476.2359106477,0,0.0,0.0,0.0,0.0
1749715200000,385476.2359106477,385476.2359106477,0,0.0,0.0,0.0,0.0
1749729600000,385476.2359106477,385476.2359106477,0,0.0,0.0,0.0,0.0
1749744000000,385476.2359106477,385476.2359106477,0,0.0,0.0,0.0,0.0
1749758400000,385476.2359106477,385476.2359106477,0,0.0,0.0,0.0,0.0
1749772800000,385476.2359106477,385476.2359106477,0,0.0,0.0,0.0,0.0
1749787200000,385476.2359106477,385476.2359106477,0,0.0,0.0,0.0,0.0
1749801600000,385476.2359106477,385476.2359106477,0,0.0,0.0,0.0,0.0
1749816000000,385476.2359106477,385476.2359106477,0,0.0,0.0,0.0,0.0
1749830400000,385476.2359106477,385476.2359106477,0,0.0,0.0,0.0,0.0
1749844800000,385476.2359106477,385476.2359106477,0,0.0,0.0,0.0,0.0
1749859200000,385476.2359106477,385476.2359106477,0,0.0,0.0,0.0,0.0
1749873600000,385476.2359106477,385476.2359106477,0,0.0,0.0,0.0,0.0
1749888000000,385476.2359106477,385476.2359106477,0,0.0,0.0,0.0,0.0
1749902400000,385476.2359106477,385476.2359106477,0,0.0,0.0,0.0,0.0
1749916800000,385476.2359106477,385476.2359106477,0,0.0,0.0,0.0,0.0
1749931200000,385476.2359106477,385476.2359106477,0,0.0,0.0,0.0,0.0
1749945600000,385476.2359106477,385476.2359106477,0,0.0,0.0,0.0,0.0
1749960000000,385476.2359106477,385476.2359106477,0,0.0,0.0,0.0,0.0
1749974400000,385476.2359106477,385476.2359106477,0,0.0,0.0,0.0,0.0
1749988800000,385476.2359106477,385476.2359106477,0,0.0,0.0,0.0,0.0
1750003200000,385476.2359106477,385476.2359106477,0,0.0,0.0,0.0,0.0
1750017600000,385476.2359106477,385476.2359106477,0,0.0,0.0,0.0,0.0
1750032000000,385476.2359106477,385476.2359106477,0,0.0,0.0,0.0,0.0
1750046400000,385476.2359106477,385476.2359106477,0,0.0,0.0,0.0,0.0
1750060800000,385476.2359106477,385476.2359106477,0,0.0,0.0,0.0,0.0
1750075200000,385476.2359106477,385476.2359106477,0,0.0,0.0,0.0,0.0
1750089600000,385476.2359106477,385476.2359106477,0,0.0,0.0,0.0,0.0
1750104000000,385476.2359106477,385476.2359106477,0,0.0,0.0,0.0,0.0
1750118400000,385476.2359106477,385476.2359106477,0,0.0,0.0,0.0,0.0
1750132800000,382937.2270769827,385396.671012973,1,161589.2392854474,3854.762359106477,3854.762359106477,161589.2392854474
1750147200000,384265.50944124255,385396.671012973,1,160260.95692118752,3854.762359106477,3854.762359106477,160260.95692118752
1750161600000,386534.21990136534,385405.456617237,1,158001.0320653287,3854.762359106477,3854.762359106477,158001.0320653287
1750176000000,389753.4597980785,385405.456617237,1,154781.79216861556,3854.762359106477,3854.762359106477,154781.79216861556
1750190400000,390209.70989212056,389188.7311873421,1,78543.91896995003,1927.3811795532386,1927.3811795532386,78543.91896995003
1750204800000,390689.36741254776,389188.7311873421,1,78064.26144952285,1927.3811795532386,1927.3811795532386,78064.26144952285
1750219200000,390085.8827685596,389194.04262697307,1,78673.05753314195,1927.3811795532386,1927.3811795532386,78673.05753314195
1750233600000,389836.8298252609,389194.04262697307,1,78922.11047644068,1927.3811795532386,1927.3811795532386,78922.11047644068
1750248000000,390988.5212000748,389201.93529922987,1,77778.31177388357,1927.3811795532386,1927.3811795532386,77778.31177388357
1750262400000,391246.79832645867,389201.93529922987,1,77520.0346474997,1927.3811795532386,1927.3811795532386,77520.0346474997
1750276800000,391778.3597568963,389207.71829381457,1,76994.25621164685,1927.3811795532386,1927.3811795532386,76994.25621164685
1750291200000,390104.1705269437,389207.71829381457,1,78668.44544159938,1927.3811795532386,1927.3811795532386,78668.44544159938
1750305600000,389988.938066124,389212.40021310165,1,78788.35982170618,1927.3811795532386,1927.3811795532386,78788.35982170618
1750320000000,390417.8625795829,389212.40021310165,1,78359.43530824727,1927.3811795532386,1927.3811795532386,78359.43530824727
1750334400000,390898.4289603076,389217.92116494174,1,77884.38987936266,1927.3811795532386,1927.3811795532386,77884.38987936266
1750348800000,391216.6632767449,389217.92116494174,1,77566.1555629254,1927.3811795532386,1927.3811795532386,77566.1555629254
1750363200000,390527.18004831433,389220.2516678965,1,78257.96929431075,1927.3811795532386,1927.3811795532386,78257.96929431075
1750377600000,389672.6105869591,389672.6105869591,0,0.0,0.0,0.0,0.0
1750392000000,389672.6105869591,389672.6105869591,0,0.0,0.0,0.0,0.0
1750406400000,389672.6105869591,389672.6105869591,0,0.0,0.0,0.0,0.0
1750420800000,389672.6105869591,389672.6105869591,0,0.0,0.0,0.0,0.0
1750435200000,389672.6105869591,389672.6105869591,0,0.0,0.0,0.0,0.0
1750449600000,389672.6105869591,389672.6105869591,0,0.0,0.0,0.0,0.0
1750464000000,389672.6105869591,389672.6105869591,0,0.0,0.0,0.0,0.0
1750478400000,382431.10251676495,389182.95035999623,3,986072.301768969,23340.819753793523,23340.819753793523,986072.301768969
1750492800000,383581.40977914265,389182.95035999623,3,984921.9945065915,23340.819753793523,23340.819753793523,984921.9945065915
1750507200000,377180.55432985775,389175.86511459714,3,991315.7647104772,23340.819753793523,23340.819753793523,991315.7647104772
1750521600000,389974.26934013946,389175.86511459714,3,978522.0497001954,23340.819753793523,23340.819753793523,978522.0497001954
1750536000000,407762.6628910073,389200.2211750739,3,960758.0122098045,23340.819753793523,23340.819753793523,960758.0122098045
1750550400000,434009.56436079595,413131.4919873337,4,504626.9995624035,12234.138855328292,12234.138855328292,504626.9995624035
1750564800000,436384.1147029754,413206.9531150326,3,466483.06537492614,11670.409876896761,11670.409876896761,466483.06537492614
1750579200000,432083.13490038057,412975.61642321415,4,933226.0921226144,20398.077693011954,20398.077693011954,933226.0921226144
1750593600000,444223.64842292113,413040.58649230015,4,921150.5486691599,20398.077693011954,20398.077693011954,921150.5486691599
1750608000000,480696.292917322,421545.589632157,4,661846.2154961599,16034.243784954357,16034.243784954357,661846.2154961599
1750622400000,474958.81763624714,421556.091162944,4,667594.1923080217,16034.243784954357,16034.243784954357,667594.1923080217
1750636800000,459216.3952176502,426245.94059987343,3,456689.77234509203,11670.409876896761,11670.409876896761,456689.77234509203
1750651200000,455793.18551762,447633.80425051326,1,147190.89770886657,3893.244408351737,3893.244408351737,147190.89770886657
1750665600000,454667.28935834655,454667.28935834655,0,0.0,0.0,0.0,0.0
1750680000000,454667.28935834655,454667.28935834655,0,0.0,0.0,0.0,0.0
1750694400000,454667.28935834655,454667.28935834655,0,0.0,0.0,0.0,0.0
1750708800000,454667.28935834655,454667.28935834655,0,0.0,0.0,0.0,0.0
1750723200000,454667.28935834655,454667.28935834655,0,0.0,0.0,0.0,0.0
1750737600000,454667.28935834655,454667.28935834655,0,0.0,0.0,0.0,0.0
1750752000000,454667.28935834655,454667.28935834655,0,0.0,0.0,0.0,0.0
1750766400000,454667.28935834655,454667.28935834655,0,0.0,0.0,0.0,0.0
1750780800000,454667.28935834655,454667.28935834655,0,0.0,0.0,0.0,0.0
1750795200000,454667.28935834655,454667.28935834655,0,0.0,0.0,0.0,0.0
1750809600000,454667.28935834655,454667.28935834655,0,0.0,0.0,0.0,0.0
1750824000000,454667.28935834655,454667.28935834655,0,0.0,0.0,0.0,0.0
1750838400000,454667.28935834655,454667.28935834655,0,0.0,0.0,0.0,0.0
1750852800000,454667.28935834655,454667.28935834655,0,0.0,0.0,0.0,0.0
1750867200000,454667.28935834655,454667.28935834655,0,0.0,0.0,0.0,0.0
1750881600000,454667.28935834655,454667.28935834655,0,0.0,0.0,0.0,0.0
1750896000000,454667.28935834655,454667.28935834655,0,0.0,0.0,0.0,0.0
1750910400000,454667.28935834655,454667.28935834655,0,0.0,0.0,0.0,0.0
1750924800000,454667.28935834655,454667.28935834655,0,0.0,0.0,0.0,0.0
1750939200000,454667.28935834655,454667.28935834655,0,0.0,0.0,0.0,0.0
1750953600000,454667.28935834655,454667.28935834655,0,0.0,0.0,0.0,0.0
1750968000000,454667.28935834655,454667.28935834655,0,0.0,0.0,0.0,0.0
1750982400000,454667.28935834655,454667.28935834655,0,0.0,0.0,0.0,0.0
1750996800000,454667.28935834655,454667.28935834655,0,0.0,0.0,0.0,0.0
1751011200000,454667.28935834655,454667.28935834655,0,0.0,0.0,0.0,0.0
1751025600000,454667.28935834655,454667.28935834655,0,0.0,0.0,0.0,0.0
1751040000000,454667.28935834655,454667.28935834655,0,0.0,0.0,0.0,0.0
1751054400000,454667.28935834655,454667.28935834655,0,0.0,0.0,0.0,0.0
1751068800000,454667.28935834655,454667.28935834655,0,0.0,0.0,0.0,0.0
1751083200000,454667.28935834655,454667.28935834655,0,0.0,0.0,0.0,0.0
1751097600000,454667.28935834655,454667.28935834655,0,0.0,0.0,0.0,0.0
1751112000000,454667.28935834655,454667.28935834655,0,0.0,0.0,0.0,0.0
1751126400000,454667.28935834655,454667.28935834655,0,0.0,0.0,0.0,0.0
1751140800000,454667.28935834655,454667.28935834655,0,0.0,0.0,0.0,0.0
1751155200000,454667.28935834655,454667.28935834655,0,0.0,0.0,0.0,0.0
1751169600000,454667.28935834655,454667.28935834655,0,0.0,0.0,0.0,0.0
1751184000000,454667.28935834655,454667.28935834655,0,0.0,0.0,0.0,0.0
1751198400000,454667.28935834655,454667.28935834655,0,0.0,0.0,0.0,0.0
1751212800000,454667.28935834655,454667.28935834655,0,0.0,0.0,0.0,0.0
1751227200000,454667.28935834655,454667.28935834655,0,0.0,0.0,0.0,0.0
1751241600000,454667.28935834655,454667.28935834655,0,0.0,0.0,0.0,0.0
1751256000000,454667.28935834655,454667.28935834655,0,0.0,0.0,0.0,0.0
1751270400000,454667.28935834655,454667.28935834655,0,0.0,0.0,0.0,0.0
1751284800000,454667.28935834655,454667.28935834655,0,0.0,0.0,0.0,0.0
1751299200000,454667.28935834655,454667.28935834655,0,0.0,0.0,0.0,0.0
1751313600000,454667.28935834655,454667.28935834655,0,0.0,0.0,0.0,0.0
1751328000000,454667.28935834655,454667.28935834655,0,0.0,0.0,0.0,0.0
1751342400000,454667.28935834655,454667.28935834655,0,0.0,0.0,0.0,0.0
1751356800000,454667.28935834655,454667.28935834655,0,0.0,0.0,0.0,0.0
1751371200000,454667.28935834655,454667.28935834655,0,0.0,0.0,0.0,0.0
1751385600000,454667.28935834655,454667.28935834655,0,0.0,0.0,0.0,0.0
1751400000000,458599.5504977003,454433.36785351834,2,463676.82701225847,9090.89258057536,9090.89258057536,463676.82701225847
1751414400000,451115.2942126333,453634.00898835104,4,2069079.4547667822,27412.480608441227,27412.480608441227,2069079.4547667822
1751428800000,439361.8672698933,443267.6367847242,3,925236.6361443762,18240.23143126774,18240.23143126774,925236.6361443762
1751443200000,426481.5490899123,428884.14069425064,1,247661.9052601527,4546.672893583465,4546.672893583465,247661.9052601527
1751457600000,424086.2149325708,424086.2149325708,0,0.0,0.0,0.0,0.0
1751472000000,424086.2149325708,424086.2149325708,0,0.0,0.0,0.0,0.0
1751486400000,424086.2149325708,424086.2149325708,0,0.0,0.0,0.0,0.0
1751500800000,424086.2149325708,424086.2149325708,0,0.0,0.0,0.0,0.0
1751515200000,424086.2149325708,424086.2149325708,0,0.0,0.0,0.0,0.0
1751529600000,424086.2149325708,424086.2149325708,0,0.0,0.0,0.0,0.0
1751544000000,424086.2149325708,424086.2149325708,0,0.0,0.0,0.0,0.0
1751558400000,424086.2149325708,424086.2149325708,0,0.0,0.0,0.0,0.0
1751572800000,424086.2149325708,424086.2149325708,0,0.0,0.0,0.0,0.0
1751587200000,424086.2149325708,424086.2149325708,0,0.0,0.0,0.0,0.0
1751601600000,424086.2149325708,424086.2149325708,0,0.0,0.0,0.0,0.0
1751616000000,424086.2149325708,424086.2149325708,0,0.0,0.0,0.0,0.0
1751630400000,424086.2149325708,424086.2149325708,0,0.0,0.0,0.0,0.0
1751644800000,424086.2149325708,424086.2149325708,0,0.0,0.0,0.0,0.0
1751659200000,424086.2149325708,424086.2149325708,0,0.0,0.0,0.0,0.0
1751673600000,424086.2149325708,424086.2149325708,0,0.0,0.0,0.0,0.0
1751688000000,424086.2149325708,424086.2149325708,0,0.0,0.0,0.0,0.0
1751702400000,424086.2149325708,424086.2149325708,0,0.0,0.0,0.0,0.0
1751716800000,424086.2149325708,424086.2149325708,0,0.0,0.0,0.0,0.0
1751731200000,424086.2149325708,424086.2149325708,0,0.0,0.0,0.0,0.0
1751745600000,424086.2149325708,424086.2149325708,0,0.0,0.0,0.0,0.0
1751760000000,424086.2149325708,424086.2149325708,0,0.0,0.0,0.0,0.0
1751774400000,424086.2149325708,424086.2149325708,0,0.0,0.0,0.0,0.0
1751788800000,424086.2149325708,424086.2149325708,0,0.0,0.0,0.0,0.0
1751803200000,424086.2149325708,424086.2149325708,0,0.0,0.0,0.0,0.0
1751817600000,424086.2149325708,424086.2149325708,0,0.0,0.0,0.0,0.0
1751832000000,424086.2149325708,424086.2149325708,0,0.0,0.0,0.0,0.0
1751846400000,424086.2149325708,424086.2149325708,0,0.0,0.0,0.0,0.0
1751860800000,424086.2149325708,424086.2149325708,0,0.0,0.0,0.0,0.0
1751875200000,424086.2149325708,424086.2149325708,0,0.0,0.0,0.0,0.0
1751889600000,424086.2149325708,424086.2149325708,0,0.0,0.0,0.0,0.0
1751904000000,424086.2149325708,424086.2149325708,0,0.0,0.0,0.0,0.0
1751918400000,424086.2149325708,424086.2149325708,0,0.0,0.0,0.0,0.0
1751932800000,424086.2149325708,424086.2149325708,0,0.0,0.0,0.0,0.0
1751947200000,424086.2149325708,424086.2149325708,0,0.0,0.0,0.0,0.0
1751961600000,424086.2149325708,424086.2149325708,0,0.0,0.0,0.0,0.0
1751976000000,424086.2149325708,424086.2149325708,0,0.0,0.0,0.0,0.0
1751990400000,424086.2149325708,424086.2149325708,0,0.0,0.0,0.0,0.0
1752004800000,424086.2149325708,424086.2149325708,0,0.0,0.0,0.0,0.0
1752019200000,424086.2149325708,424086.2149325708,0,0.0,0.0,0.0,0.0
1752033600000,424086.2149325708,424086.2149325708,0,0.0,0.0,0.0,0.0
1752048000000,424086.2149325708,424086.2149325708,0,0.0,0.0,0.0,0.0
1752062400000,424086.2149325708,424086.2149325708,0,0.0,0.0,0.0,0.0
1752076800000,424086.2149325708,424086.2149325708,0,0.0,0.0,0.0,0.0
1752091200000,424086.2149325708,424086.2149325708,0,0.0,0.0,0.0,0.0
1752105600000,424086.2149325708,424086.2149325708,0,0.0,0.0,0.0,0.0
1752120000000,424086.2149325708,424086.2149325708,0,0.0,0.0,0.0,0.0
1752134400000,424917.69336200826,423915.26259334426,1,342907.10922174127,8481.724298651416,0.0,0.0
1752148800000,422336.16066383437,423568.03378982615,2,1020542.2196391593,16979.93228396434,0.0,0.0
1752163200000,422102.9920105508,423568.03378982615,2,1020309.0509858758,16979.93228396434,0.0,0.0
1752177600000,439930.12741294893,423549.3074353647,2,1038154.9127427354,16979.93228396434,0.0,0.0
1752192000000,467562.89196819434,423549.3074353647,2,1065787.6772979808,16979.93228396434,0.0,0.0
1752206400000,474495.82903042145,423442.72928306425,2,1072827.1925125085,16979.93228396434,0.0,0.0
1752220800000,474543.0295612345,423442.72928306425,2,1072874.3930433216,16979.93228396434,0.0,0.0
1752235200000,477394.7105655189,423356.49457743356,2,1075812.3087532364,16979.93228396434,0.0,0.0
1752249600000,468649.8938033027,423356.49457743356,2,1067067.4919910203,16979.93228396434,0.0,0.0
1752264000000,480557.82598359504,423249.7923274241,2,1079082.126421322,16979.93228396434,0.0,0.0
1752278400000,473472.61547454185,423249.7923274241,2,1071996.9159122687,16979.93228396434,0.0,0.0
1752292800000,475944.3871810024,423142.5899411318,2,1074575.8900050216,16979.93228396434,0.0,0.0
1752307200000,475154.894858172,423142.5899411318,2,1073786.3976821913,16979.93228396434,0.0,0.0
1752321600000,472083.84497536963,423035.2113013636,2,1070822.7264391573,16979.93228396434,0.0,0.0
1752336000000,460213.2154784803,423035.2113013636,2,1058952.0969422678,16979.93228396434,0.0,0.0
1752350400000,462514.82307369483,424109.8676640485,1,718274.3697217201,8498.207985312923,0.0,0.0
1752364800000,461681.1958412679,424109.8676640485,1,717440.7424892932,8498.207985312923,0.0,0.0
1752379200000,463578.6210188642,424038.1235286832,1,719409.9118022549,8498.207985312923,0.0,0.0
1752393600000,465036.24634829117,424038.1235286832,1,720867.5371316818,8498.207985312923,0.0,0.0
1752408000000,465490.3669139823,423966.03218299634,1,721393.7490430599,8498.207985312923,0.0,0.0
1752422400000,469001.50214146986,423966.03218299634,1,724904.8842705473,8498.207985312923,0.0,0.0
1752436800000,470838.2863541435,423893.5411214018,1,726814.1595448155,8498.207985312923,0.0,0.0
1752451200000,471542.9580542816,423893.5411214018,1,727518.8312449536,8498.207985312923,0.0,0.0
1752465600000,481842.9967845371,423834.96697599406,1,737877.4441206169,8498.207985312923,0.0,0.0
1752480000000,494052.82438675564,423834.96697599406,1,750087.2717228354,8498.207985312923,0.0,0.0
1752494400000,486298.5525529558,423759.9665318166,1,742408.000333213,8498.207985312923,0.0,0.0
1752508800000,476450.26133350696,423759.9665318166,1,732559.7091137642,8498.207985312923,0.0,0.0
1752523200000,476724.75475295767,423686.7078286493,1,732907.4612363823,8498.207985312923,0.0,0.0
1752537600000,476092.20036471577,423686.7078286493,1,732274.9068481403,8498.207985312923,0.0,0.0
1752552000000,460084.10152414045,423613.479098828,1,716340.0367373863,8498.207985312923,0.0,0.0
1752566400000,459367.94057241234,459367.94057241234,0,0.0,0.0,0.0,0.0
1752580800000,459367.94057241234,459367.94057241234,0,0.0,0.0,0.0,0.0
1752595200000,459367.94057241234,459367.94057241234,0,0.0,0.0,0.0,0.0
1752609600000,459367.94057241234,459367.94057241234,0,0.0,0.0,0.0,0.0
1752624000000,459367.94057241234,459367.94057241234,0,0.0,0.0,0.0,0.0
1752638400000,459367.94057241234,459367.94057241234,0,0.0,0.0,0.0,0.0
1752652800000,459367.94057241234,459367.94057241234,0,0.0,0.0,0.0,0.0
1752667200000,459367.94057241234,459367.94057241234,0,0.0,0.0,0.0,0.0
1752681600000,459367.94057241234,459367.94057241234,0,0.0,0.0,0.0,0.0
1752696000000,459367.94057241234,459367.94057241234,0,0.0,0.0,0.0,0.0
1752710400000,459367.94057241234,459367.94057241234,0,0.0,0.0,0.0,0.0
1752724800000,459367.94057241234,459367.94057241234,0,0.0,0.0,0.0,0.0
1752739200000,459367.94057241234,459367.94057241234,0,0.0,0.0,0.0,0.0
1752753600000,459367.94057241234,459367.94057241234,0,0.0,0.0,0.0,0.0
1752768000000,459367.94057241234,459367.94057241234,0,0.0,0.0,0.0,0.0
1752782400000,459367.94057241234,459367.94057241234,0,0.0,0.0,0.0,0.0
1752796800000,459367.94057241234,459367.94057241234,0,0.0,0.0,0.0,0.0
1752811200000,459367.94057241234,459367.94057241234,0,0.0,0.0,0.0,0.0
1752825600000,459367.94057241234,459367.94057241234,0,0.0,0.0,0.0,0.0
1752840000000,459367.94057241234,459367.94057241234,0,0.0,0.0,0.0,0.0
1752854400000,459367.94057241234,459367.94057241234,0,0.0,0.0,0.0,0.0
1752868800000,459367.94057241234,459367.94057241234,0,0.0,0.0,0.0,0.0
1752883200000,459367.94057241234,459367.94057241234,0,0.0,0.0,0.0,0.0
1752897600000,459367.94057241234,459367.94057241234,0,0.0,0.0,0.0,0.0
1752912000000,459367.94057241234,459367.94057241234,0,0.0,0.0,0.0,0.0
1752926400000,459367.94057241234,459367.94057241234,0,0.0,0.0,0.0,0.0
1752940800000,459367.94057241234,459367.94057241234,0,0.0,0.0,0.0,0.0
1752955200000,459367.94057241234,459367.94057241234,0,0.0,0.0,0.0,0.0
1752969600000,459367.94057241234,459367.94057241234,0,0.0,0.0,0.0,0.0
1752984000000,459367.94057241234,459367.94057241234,0,0.0,0.0,0.0,0.0
1752998400000,459367.94057241234,459367.94057241234,0,0.0,0.0,0.0,0.0
1753012800000,459367.94057241234,459367.94057241234,0,0.0,0.0,0.0,0.0
1753027200000,459367.94057241234,459367.94057241234,0,0.0,0.0,0.0,0.0
1753041600000,459367.94057241234,459367.94057241234,0,0.0,0.0,0.0,0.0
1753056000000,459367.94057241234,459367.94057241234,0,0.0,0.0,0.0,0.0
1753070400000,459367.94057241234,459367.94057241234,0,0.0,0.0,0.0,0.0
1753084800000,459367.94057241234,459367.94057241234,0,0.0,0.0,0.0,0.0
1753099200000,459367.94057241234,459367.94057241234,0,0.0,0.0,0.0,0.0
1753113600000,459367.94057241234,459367.94057241234,0,0.0,0.0,0.0,0.0
1753128000000,459367.94057241234,459367.94057241234,0,0.0,0.0,0.0,0.0
1753142400000,459367.94057241234,459367.94057241234,0,0.0,0.0,0.0,0.0
1753156800000,459367.94057241234,459367.94057241234,0,0.0,0.0,0.0,0.0
1753171200000,459367.94057241234,459367.94057241234,0,0.0,0.0,0.0,0.0
1753185600000,459367.94057241234,459367.94057241234,0,0.0,0.0,0.0,0.0
1753200000000,459367.94057241234,459367.94057241234,0,0.0,0.0,0.0,0.0
1753214400000,459367.94057241234,459367.94057241234,0,0.0,0.0,0.0,0.0
1753228800000,459367.94057241234,459367.94057241234,0,0.0,0.0,0.0,0.0
1753243200000,459367.94057241234,459367.94057241234,0,0.0,0.0,0.0,0.0
1753257600000,459367.94057241234,459367.94057241234,0,0.0,0.0,0.0,0.0
1753272000000,459367.94057241234,459367.94057241234,0,0.0,0.0,0.0,0.0
1753286400000,459367.94057241234,459367.94057241234,0,0.0,0.0,0.0,0.0
1753300800000,459367.94057241234,459367.94057241234,0,0.0,0.0,0.0,0.0
1753315200000,459367.94057241234,459367.94057241234,0,0.0,0.0,0.0,0.0
1753329600000,459367.94057241234,459367.94057241234,0,0.0,0.0,0.0,0.0
1753344000000,459367.94057241234,459367.94057241234,0,0.0,0.0,0.0,0.0
1753358400000,459367.94057241234,459367.94057241234,0,0.0,0.0,0.0,0.0
1753372800000,459367.94057241234,459367.94057241234,0,0.0,0.0,0.0,0.0
1753387200000,459367.94057241234,459367.94057241234,0,0.0,0.0,0.0,0.0
1753401600000,459367.94057241234,459367.94057241234,0,0.0,0.0,0.0,0.0
1753416000000,459367.94057241234,459367.94057241234,0,0.0,0.0,0.0,0.0
1753430400000,459367.94057241234,459367.94057241234,0,0.0,0.0,0.0,0.0
1753444800000,459367.94057241234,459367.94057241234,0,0.0,0.0,0.0,0.0
1753459200000,459367.94057241234,459367.94057241234,0,0.0,0.0,0.0,0.0
1753473600000,459367.94057241234,459367.94057241234,0,0.0,0.0,0.0,0.0
1753488000000,459367.94057241234,459367.94057241234,0,0.0,0.0,0.0,0.0
1753502400000,459367.94057241234,459367.94057241234,0,0.0,0.0,0.0,0.0
1753516800000,459367.94057241234,459367.94057241234,0,0.0,0.0,0.0,0.0
1753531200000,459367.94057241234,459367.94057241234,0,0.0,0.0,0.0,0.0
1753545600000,459367.94057241234,459367.94057241234,0,0.0,0.0,0.0,0.0
1753560000000,459367.94057241234,459367.94057241234,0,0.0,0.0,0.0,0.0
1753574400000,459367.94057241234,459367.94057241234,0,0.0,0.0,0.0,0.0
1753588800000,459367.94057241234,459367.94057241234,0,0.0,0.0,0.0,0.0
1753603200000,459367.94057241234,459367.94057241234,0,0.0,0.0,0.0,0.0
1753617600000,459367.94057241234,459367.94057241234,0,0.0,0.0,0.0,0.0
1753632000000,459367.94057241234,459367.94057241234,0,0.0,0.0,0.0,0.0
1753646400000,459367.94057241234,459367.94057241234,0,0.0,0.0,0.0,0.0
1753660800000,459367.94057241234,459367.94057241234,0,0.0,0.0,0.0,0.0
1753675200000,459367.94057241234,459367.94057241234,0,0.0,0.0,0.0,0.0
1753689600000,459367.94057241234,459367.94057241234,0,0.0,0.0,0.0,0.0
1753704000000,459367.94057241234,459367.94057241234,0,0.0,0.0,0.0,0.0
1753718400000,459367.94057241234,459367.94057241234,0,0.0,0.0,0.0,0.0
1753732800000,459367.94057241234,459367.94057241234,0,0.0,0.0,0.0,0.0
1753747200000,459367.94057241234,459367.94057241234,0,0.0,0.0,0.0,0.0
1753761600000,459367.94057241234,459367.94057241234,0,0.0,0.0,0.0,0.0
1753776000000,459367.94057241234,459367.94057241234,0,0.0,0.0,0.0,0.0
1753790400000,459367.94057241234,459367.94057241234,0,0.0,0.0,0.0,0.0
1753804800000,459367.94057241234,459367.94057241234,0,0.0,0.0,0.0,0.0
1753819200000,459367.94057241234,459367.94057241234,0,0.0,0.0,0.0,0.0
1753833600000,459367.94057241234,459367.94057241234,0,0.0,0.0,0.0,0.0
1753848000000,459367.94057241234,459367.94057241234,0,0.0,0.0,0.0,0.0
1753862400000,459367.94057241234,459367.94057241234,0,0.0,0.0,0.0,0.0
1753876800000,459367.94057241234,459367.94057241234,0,0.0,0.0,0.0,0.0
1753891200000,459367.94057241234,459367.94057241234,0,0.0,0.0,0.0,0.0
1753905600000,459367.94057241234,459367.94057241234,0,0.0,0.0,0.0,0.0
1753920000000,459367.94057241234,459367.94057241234,0,0.0,0.0,0.0,0.0
1753934400000,459367.94057241234,459367.94057241234,0,0.0,0.0,0.0,0.0
1753948800000,459367.94057241234,459367.94057241234,0,0.0,0.0,0.0,0.0
1753963200000,459367.94057241234,459367.94057241234,0,0.0,0.0,0.0,0.0
1753977600000,459367.94057241234,459367.94057241234,0,0.0,0.0,0.0,0.0
1753992000000,459367.94057241234,459367.94057241234,0,0.0,0.0,0.0,0.0
1754006400000,459367.94057241234,459367.94057241234,0,0.0,0.0,0.0,0.0
1754020800000,459367.94057241234,459367.94057241234,0,0.0,0.0,0.0,0.0
1754035200000,459367.94057241234,459367.94057241234,0,0.0,0.0,0.0,0.0
1754049600000,459367.94057241234,459367.94057241234,0,0.0,0.0,0.0,0.0
1754064000000,459367.94057241234,459367.94057241234,0,0.0,0.0,0.0,0.0
1754078400000,459367.94057241234,459367.94057241234,0,0.0,0.0,0.0,0.0
1754092800000,459367.94057241234,459367.94057241234,0,0.0,0.0,0.0,0.0
1754107200000,459367.94057241234,459367.94057241234,0,0.0,0.0,0.0,0.0
1754121600000,459367.94057241234,459367.94057241234,0,0.0,0.0,0.0,0.0
1754136000000,459367.94057241234,459367.94057241234,0,0.0,0.0,0.0,0.0
1754150400000,459367.94057241234,459367.94057241234,0,0.0,0.0,0.0,0.0
1754164800000,459367.94057241234,459367.94057241234,0,0.0,0.0,0.0,0.0
1754179200000,459367.94057241234,459367.94057241234,0,0.0,0.0,0.0,0.0
1754193600000,459367.94057241234,459367.94057241234,0,0.0,0.0,0.0,0.0
1754208000000,459367.94057241234,459367.94057241234,0,0.0,0.0,0.0,0.0
1754222400000,459367.94057241234,459367.94057241234,0,0.0,0.0,0.0,0.0
1754236800000,459367.94057241234,459367.94057241234,0,0.0,0.0,0.0,0.0
1754251200000,459367.94057241234,459367.94057241234,0,0.0,0.0,0.0,0.0
1754265600000,459367.94057241234,459367.94057241234,0,0.0,0.0,0.0,0.0
1754280000000,459367.94057241234,459367.94057241234,0,0.0,0.0,0.0,0.0
1754294400000,459367.94057241234,459367.94057241234,0,0.0,0.0,0.0,0.0
1754308800000,459367.94057241234,459367.94057241234,0,0.0,0.0,0.0,0.0
1754323200000,459367.94057241234,459367.94057241234,0,0.0,0.0,0.0,0.0
1754337600000,459367.94057241234,459367.94057241234,0,0.0,0.0,0.0,0.0
1754352000000,459367.94057241234,459367.94057241234,0,0.0,0.0,0.0,0.0
1754366400000,459367.94057241234,459367.94057241234,0,0.0,0.0,0.0,0.0
1754380800000,459367.94057241234,459367.94057241234,0,0.0,0.0,0.0,0.0
1754395200000,459367.94057241234,459367.94057241234,0,0.0,0.0,0.0,0.0
1754409600000,459367.94057241234,459367.94057241234,0,0.0,0.0,0.0,0.0
1754424000000,459367.94057241234,459367.94057241234,0,0.0,0.0,0.0,0.0
1754438400000,459367.94057241234,459367.94057241234,0,0.0,0.0,0.0,0.0
1754452800000,459367.94057241234,459367.94057241234,0,0.0,0.0,0.0,0.0
1754467200000,459367.94057241234,459367.94057241234,0,0.0,0.0,0.0,0.0
1754481600000,459367.94057241234,459367.94057241234,0,0.0,0.0,0.0,0.0
1754496000000,459367.94057241234,459367.94057241234,0,0.0,0.0,0.0,0.0
1754510400000,459367.94057241234,459367.94057241234,0,0.0,0.0,0.0,0.0
1754524800000,459367.94057241234,459367.94057241234,0,0.0,0.0,0.0,0.0
1754539200000,459367.94057241234,459367.94057241234,0,0.0,0.0,0.0,0.0
1754553600000,459367.94057241234,459367.94057241234,0,0.0,0.0,0.0,0.0
1754568000000,459367.94057241234,459367.94057241234,0,0.0,0.0,0.0,0.0
1754582400000,459367.94057241234,459367.94057241234,0,0.0,0.0,0.0,0.0
1754596800000,459367.94057241234,459367.94057241234,0,0.0,0.0,0.0,0.0
1754611200000,459367.94057241234,459367.94057241234,0,0.0,0.0,0.0,0.0
1754625600000,459367.94057241234,459367.94057241234,0,0.0,0.0,0.0,0.0
1754640000000,459367.94057241234,459367.94057241234,0,0.0,0.0,0.0,0.0
1754654400000,459367.94057241234,459367.94057241234,0,0.0,0.0,0.0,0.0
1754668800000,459367.94057241234,459367.94057241234,0,0.0,0.0,0.0,0.0
1754683200000,459367.94057241234,459367.94057241234,0,0.0,0.0,0.0,0.0
1754697600000,459367.94057241234,459367.94057241234,0,0.0,0.0,0.0,0.0
1754712000000,459367.94057241234,459367.94057241234,0,0.0,0.0,0.0,0.0
1754726400000,459367.94057241234,459367.94057241234,0,0.0,0.0,0.0,0.0
1754740800000,459367.94057241234,459367.94057241234,0,0.0,0.0,0.0,0.0
1754755200000,459367.94057241234,459367.94057241234,0,0.0,0.0,0.0,0.0
1754769600000,459367.94057241234,459367.94057241234,0,0.0,0.0,0.0,0.0
1754784000000,459367.94057241234,459367.94057241234,0,0.0,0.0,0.0,0.0
1754798400000,459367.94057241234,459367.94057241234,0,0.0,0.0,0.0,0.0
1754812800000,459367.94057241234,459367.94057241234,0,0.0,0.0,0.0,0.0
1754827200000,459367.94057241234,459367.94057241234,0,0.0,0.0,0.0,0.0
1754841600000,459367.94057241234,459367.94057241234,0,0.0,0.0,0.0,0.0
1754856000000,459367.94057241234,459367.94057241234,0,0.0,0.0,0.0,0.0
1754870400000,459367.94057241234,459367.94057241234,0,0.0,0.0,0.0,0.0
1754884800000,459367.94057241234,459367.94057241234,0,0.0,0.0,0.0,0.0
1754899200000,459367.94057241234,459367.94057241234,0,0.0,0.0,0.0,0.0
1754913600000,459367.94057241234,459367.94057241234,0,0.0,0.0,0.0,0.0
1754928000000,459367.94057241234,459367.94057241234,0,0.0,0.0,0.0,0.0
1754942400000,459367.94057241234,459367.94057241234,0,0.0,0.0,0.0,0.0
1754956800000,459367.94057241234,459367.94057241234,0,0.0,0.0,0.0,0.0
1754971200000,459367.94057241234,459367.94057241234,0,0.0,0.0,0.0,0.0
1754985600000,459367.94057241234,459367.94057241234,0,0.0,0.0,0.0,0.0
1755000000000,459367.94057241234,459367.94057241234,0,0.0,0.0,0.0,0.0
1755014400000,459367.94057241234,459367.94057241234,0,0.0,0.0,0.0,0.0
1755028800000,459367.94057241234,459367.94057241234,0,0.0,0.0,0.0,0.0
1755043200000,459367.94057241234,459367.94057241234,0,0.0,0.0,0.0,0.0
1755057600000,459367.94057241234,459367.94057241234,0,0.0,0.0,0.0,0.0
1755072000000,459367.94057241234,459367.94057241234,0,0.0,0.0,0.0,0.0
1755086400000,459367.94057241234,459367.94057241234,0,0.0,0.0,0.0,0.0
1755100800000,459367.94057241234,459367.94057241234,0,0.0,0.0,0.0,0.0
1755115200000,459367.94057241234,459367.94057241234,0,0.0,0.0,0.0,0.0
1755129600000,459367.94057241234,459367.94057241234,0,0.0,0.0,0.0,0.0
1755144000000,459367.94057241234,459367.94057241234,0,0.0,0.0,0.0,0.0
1755158400000,459367.94057241234,459367.94057241234,0,0.0,0.0,0.0,0.0
1755172800000,459367.94057241234,459367.94057241234,0,0.0,0.0,0.0,0.0
1755187200000,459367.94057241234,459367.94057241234,0,0.0,0.0,0.0,0.0
1755201600000,459367.94057241234,459367.94057241234,0,0.0,0.0,0.0,0.0
1755216000000,459367.94057241234,459367.94057241234,0,0.0,0.0,0.0,0.0
1755230400000,459367.94057241234,459367.94057241234,0,0.0,0.0,0.0,0.0
1755244800000,459367.94057241234,459367.94057241234,0,0.0,0.0,0.0,0.0
1755259200000,459367.94057241234,459367.94057241234,0,0.0,0.0,0.0,0.0
1755273600000,459367.94057241234,459367.94057241234,0,0.0,0.0,0.0,0.0
1755288000000,459367.94057241234,459367.94057241234,0,0.0,0.0,0.0,0.0
1755302400000,459367.94057241234,459367.94057241234,0,0.0,0.0,0.0,0.0
1755316800000,459367.94057241234,459367.94057241234,0,0.0,0.0,0.0,0.0
1755331200000,459367.94057241234,459367.94057241234,0,0.0,0.0,0.0,0.0
1755345600000,459367.94057241234,459367.94057241234,0,0.0,0.0,0.0,0.0
1755360000000,459367.94057241234,459367.94057241234,0,0.0,0.0,0.0,0.0
1755374400000,459367.94057241234,459367.94057241234,0,0.0,0.0,0.0,0.0
1755388800000,459367.94057241234,459367.94057241234,0,0.0,0.0,0.0,0.0
1755403200000,459367.94057241234,459367.94057241234,0,0.0,0.0,0.0,0.0
1755417600000,459367.94057241234,459367.94057241234,0,0.0,0.0,0.0,0.0
1755432000000,459367.94057241234,459367.94057241234,0,0.0,0.0,0.0,0.0
1755446400000,459367.94057241234,459367.94057241234,0,0.0,0.0,0.0,0.0
1755460800000,459367.94057241234,459367.94057241234,0,0.0,0.0,0.0,0.0
1755475200000,459367.94057241234,459367.94057241234,0,0.0,0.0,0.0,0.0
1755489600000,459367.94057241234,459367.94057241234,0,0.0,0.0,0.0,0.0
1755504000000,459367.94057241234,459367.94057241234,0,0.0,0.0,0.0,0.0
1755518400000,459367.94057241234,459367.94057241234,0,0.0,0.0,0.0,0.0
1755532800000,459367.94057241234,459367.94057241234,0,0.0,0.0,0.0,0.0
1755547200000,459367.94057241234,459367.94057241234,0,0.0,0.0,0.0,0.0
1755561600000,459367.94057241234,459367.94057241234,0,0.0,0.0,0.0,0.0
1755576000000,459367.94057241234,459367.94057241234,0,0.0,0.0,0.0,0.0
1755590400000,459367.94057241234,459367.94057241234,0,0.0,0.0,0.0,0.0
1755604800000,459367.94057241234,459367.94057241234,0,0.0,0.0,0.0,0.0
1755619200000,459367.94057241234,459367.94057241234,0,0.0,0.0,0.0,0.0
1755633600000,459367.94057241234,459367.94057241234,0,0.0,0.0,0.0,0.0
1755648000000,459367.94057241234,459367.94057241234,0,0.0,0.0,0.0,0.0
1755662400000,459367.94057241234,459367.94057241234,0,0.0,0.0,0.0,0.0
1755676800000,459367.94057241234,459367.94057241234,0,0.0,0.0,0.0,0.0
1755691200000,459367.94057241234,459367.94057241234,0,0.0,0.0,0.0,0.0
1755705600000,459367.94057241234,459367.94057241234,0,0.0,0.0,0.0,0.0
1755720000000,459367.94057241234,459367.94057241234,0,0.0,0.0,0.0,0.0
1755734400000,459367.94057241234,459367.94057241234,0,0.0,0.0,0.0,0.0
1755748800000,459367.94057241234,459367.94057241234,0,0.0,0.0,0.0,0.0
1755763200000,459367.94057241234,459367.94057241234,0,0.0,0.0,0.0,0.0
1755777600000,459367.94057241234,459367.94057241234,0,0.0,0.0,0.0,0.0
1755792000000,459367.94057241234,459367.94057241234,0,0.0,0.0,0.0,0.0
1755806400000,459367.94057241234,459367.94057241234,0,0.0,0.0,0.0,0.0
1755820800000,459367.94057241234,459367.94057241234,0,0.0,0.0,0.0,0.0
1755835200000,459367.94057241234,459367.94057241234,0,0.0,0.0,0.0,0.0
1755849600000,459367.94057241234,459367.94057241234,0,0.0,0.0,0.0,0.0
1755864000000,459367.94057241234,459367.94057241234,0,0.0,0.0,0.0,0.0
1755878400000,459367.94057241234,459367.94057241234,0,0.0,0.0,0.0,0.0
1755892800000,459367.94057241234,459367.94057241234,0,0.0,0.0,0.0,0.0
1755907200000,459367.94057241234,459367.94057241234,0,0.0,0.0,0.0,0.0
1755921600000,459367.94057241234,459367.94057241234,0,0.0,0.0,0.0,0.0
1755936000000,459367.94057241234,459367.94057241234,0,0.0,0.0,0.0,0.0
1755950400000,459367.94057241234,459367.94057241234,0,0.0,0.0,0.0,0.0
1755964800000,459367.94057241234,459367.94057241234,0,0.0,0.0,0.0,0.0
1755979200000,459367.94057241234,459367.94057241234,0,0.0,0.0,0.0,0.0
1755993600000,459367.94057241234,459367.94057241234,0,0.0,0.0,0.0,0.0
1756008000000,459367.94057241234,459367.94057241234,0,0.0,0.0,0.0,0.0
1756022400000,459367.94057241234,459367.94057241234,0,0.0,0.0,0.0,0.0
1756036800000,459367.94057241234,459367.94057241234,0,0.0,0.0,0.0,0.0
1756051200000,459367.94057241234,459367.94057241234,0,0.0,0.0,0.0,0.0
1756065600000,459367.94057241234,459367.94057241234,0,0.0,0.0,0.0,0.0
1756080000000,459367.94057241234,459367.94057241234,0,0.0,0.0,0.0,0.0
1756094400000,459367.94057241234,459367.94057241234,0,0.0,0.0,0.0,0.0
1756108800000,459367.94057241234,459367.94057241234,0,0.0,0.0,0.0,0.0
1756123200000,459367.94057241234,459367.94057241234,0,0.0,0.0,0.0,0.0
1756137600000,459367.94057241234,459367.94057241234,0,0.0,0.0,0.0,0.0
1756152000000,459367.94057241234,459367.94057241234,0,0.0,0.0,0.0,0.0
1756166400000,459367.94057241234,459367.94057241234,0,0.0,0.0,0.0,0.0
1756180800000,459367.94057241234,459367.94057241234,0,0.0,0.0,0.0,0.0
1756195200000,459367.94057241234,459367.94057241234,0,0.0,0.0,0.0,0.0
1756209600000,459367.94057241234,459367.94057241234,0,0.0,0.0,0.0,0.0
1756224000000,459367.94057241234,459367.94057241234,0,0.0,0.0,0.0,0.0
1756238400000,459367.94057241234,459367.94057241234,0,0.0,0.0,0.0,0.0
1756252800000,459367.94057241234,459367.94057241234,0,0.0,0.0,0.0,0.0
1756267200000,459367.94057241234,459367.94057241234,0,0.0,0.0,0.0,0.0
1756281600000,459367.94057241234,459367.94057241234,0,0.0,0.0,0.0,0.0
1756296000000,459367.94057241234,459367.94057241234,0,0.0,0.0,0.0,0.0
1756310400000,459367.94057241234,459367.94057241234,0,0.0,0.0,0.0,0.0
1756324800000,459367.94057241234,459367.94057241234,0,0.0,0.0,0.0,0.0
1756339200000,459367.94057241234,459367.94057241234,0,0.0,0.0,0.0,0.0
1756353600000,459367.94057241234,459367.94057241234,0,0.0,0.0,0.0,0.0
1756368000000,459367.94057241234,459367.94057241234,0,0.0,0.0,0.0,0.0
1756382400000,459367.94057241234,459367.94057241234,0,0.0,0.0,0.0,0.0
1756396800000,459367.94057241234,459367.94057241234,0,0.0,0.0,0.0,0.0
1756411200000,459367.94057241234,459367.94057241234,0,0.0,0.0,0.0,0.0
1756425600000,459367.94057241234,459367.94057241234,0,0.0,0.0,0.0,0.0
1756440000000,459367.94057241234,459367.94057241234,0,0.0,0.0,0.0,0.0
1756454400000,459367.94057241234,459367.94057241234,0,0.0,0.0,0.0,0.0
1756468800000,459367.94057241234,459367.94057241234,0,0.0,0.0,0.0,0.0
1756483200000,459367.94057241234,459367.94057241234,0,0.0,0.0,0.0,0.0
1756497600000,462256.46812918107,459141.5945728016,1,449577.12566502596,9187.358811448246,9187.358811448246,449577.12566502596
1756512000000,461329.20831308025,459141.5945728016,1,450504.3854811268,9187.358811448246,9187.358811448246,450504.3854811268
1756526400000,462343.8361765549,459133.0391909237,1,449481.2022357742,9187.358811448246,9187.358811448246,449481.2022357742
1756540800000,459322.2481551229,459133.0391909237,1,452502.7902572062,9187.358811448246,9187.358811448246,452502.7902572062
1756555200000,462838.9832185756,459148.5690866853,1,449001.58508951514,9187.358811448246,9187.358811448246,449001.58508951514
1756569600000,463350.57484125195,459148.5690866853,1,448489.9934668388,9187.358811448246,9187.358811448246,448489.9934668388
1756584000000,462740.4537838042,459145.9630811657,1,449097.5085187669,9187.358811448246,9187.358811448246,449097.5085187669
1756598400000,461525.4236799479,459145.9630811657,1,450312.5386226232,9187.358811448246,9187.358811448246,450312.5386226232
1756612800000,454976.71388062503,454976.71388062503,0,0.0,0.0,0.0,0.0
1756627200000,454976.71388062503,454976.71388062503,0,0.0,0.0,0.0,0.0
1756641600000,454976.71388062503,454976.71388062503,0,0.0,0.0,0.0,0.0
1756656000000,454976.71388062503,454976.71388062503,0,0.0,0.0,0.0,0.0
1756670400000,454976.71388062503,454976.71388062503,0,0.0,0.0,0.0,0.0
1756684800000,454976.71388062503,454976.71388062503,0,0.0,0.0,0.0,0.0
1756699200000,454976.71388062503,454976.71388062503,0,0.0,0.0,0.0,0.0
1756713600000,454976.71388062503,454976.71388062503,0,0.0,0.0,0.0,0.0
1756728000000,454976.71388062503,454976.71388062503,0,0.0,0.0,0.0,0.0
1756742400000,454976.71388062503,454976.71388062503,0,0.0,0.0,0.0,0.0
1756756800000,454976.71388062503,454976.71388062503,0,0.0,0.0,0.0,0.0
1756771200000,454976.71388062503,454976.71388062503,0,0.0,0.0,0.0,0.0
1756785600000,454976.71388062503,454976.71388062503,0,0.0,0.0,0.0,0.0
1756800000000,454976.71388062503,454976.71388062503,0,0.0,0.0,0.0,0.0
1756814400000,454976.71388062503,454976.71388062503,0,0.0,0.0,0.0,0.0
1756828800000,454976.71388062503,454976.71388062503,0,0.0,0.0,0.0,0.0
1756843200000,454976.71388062503,454976.71388062503,0,0.0,0.0,0.0,0.0
1756857600000,454976.71388062503,454976.71388062503,0,0.0,0.0,0.0,0.0
1756872000000,454976.71388062503,454976.71388062503,0,0.0,0.0,0.0,0.0
1756886400000,454976.71388062503,454976.71388062503,0,0.0,0.0,0.0,0.0
1756900800000,454976.71388062503,454976.71388062503,0,0.0,0.0,0.0,0.0
1756915200000,455987.71029154264,454843.737931458,1,267095.8706942159,9099.534277612502,0.0,0.0
1756929600000,454746.7231837168,454841.7054943395,1,265856.91602350853,9099.534277612502,0.0,0.0
1756944000000,455201.8493892828,454841.7054943395,1,266312.0422290745,9099.534277612502,0.0,0.0
1756958400000,451969.8527229731,454833.5194507886,1,263088.2316063157,9099.534277612502,0.0,0.0
1756972800000,450010.2815601197,454833.5194507886,1,261128.66044346232,9099.534277612502,0.0,0.0
1756987200000,450713.39372063114,454816.01511915395,1,261849.2769356084,9099.534277612502,0.0,0.0
1757001600000,446402.3371623537,454816.01511915395,1,257538.22037733096,9099.534277612502,0.0,0.0
1757016000000,446089.7421781109,446089.7421781109,0,0.0,0.0,0.0,0.0
1757030400000,446089.7421781109,446089.7421781109,0,0.0,0.0,0.0,0.0
1757044800000,446089.7421781109,446089.7421781109,0,0.0,0.0,0.0,0.0
1757059200000,446089.7421781109,446089.7421781109,0,0.0,0.0,0.0,0.0
1757073600000,446089.7421781109,446089.7421781109,0,0.0,0.0,0.0,0.0
1757088000000,446089.7421781109,446089.7421781109,0,0.0,0.0,0.0,0.0
1757102400000,446089.7421781109,446089.7421781109,0,0.0,0.0,0.0,0.0
1757116800000,446089.7421781109,446089.7421781109,0,0.0,0.0,0.0,0.0
1757131200000,446089.7421781109,446089.7421781109,0,0.0,0.0,0.0,0.0
1757145600000,446089.7421781109,446089.7421781109,0,0.0,0.0,0.0,0.0
1757160000000,446089.7421781109,446089.7421781109,0,0.0,0.0,0.0,0.0
1757174400000,446089.7421781109,446089.7421781109,0,0.0,0.0,0.0,0.0
1757188800000,446089.7421781109,446089.7421781109,0,0.0,0.0,0.0,0.0
1757203200000,446089.7421781109,446089.7421781109,0,0.0,0.0,0.0,0.0
1757217600000,446089.7421781109,446089.7421781109,0,0.0,0.0,0.0,0.0
1757232000000,446089.7421781109,446089.7421781109,0,0.0,0.0,0.0,0.0
1757246400000,446089.7421781109,446089.7421781109,0,0.0,0.0,0.0,0.0
1757260800000,446089.7421781109,446089.7421781109,0,0.0,0.0,0.0,0.0
1757275200000,446089.7421781109,446089.7421781109,0,0.0,0.0,0.0,0.0
1757289600000,446089.7421781109,446089.7421781109,0,0.0,0.0,0.0,0.0
1757304000000,446089.7421781109,446089.7421781109,0,0.0,0.0,0.0,0.0
1757318400000,446089.7421781109,446089.7421781109,0,0.0,0.0,0.0,0.0
1757332800000,446089.7421781109,446089.7421781109,0,0.0,0.0,0.0,0.0
1757347200000,446089.7421781109,446089.7421781109,0,0.0,0.0,0.0,0.0
1757361600000,446089.7421781109,446089.7421781109,0,0.0,0.0,0.0,0.0
1757376000000,446089.7421781109,446089.7421781109,0,0.0,0.0,0.0,0.0
1757390400000,446089.7421781109,446089.7421781109,0,0.0,0.0,0.0,0.0
1757404800000,453521.4155054938,445910.7337638807,1,365627.5102020166,8921.794843562218,0.0,0.0
1757419200000,450132.15875007585,445874.1745244575,1,362274.81268602185,8921.794843562218,0.0,0.0
1757433600000,443109.84206234553,445874.1745244575,1,355252.49599829153,8921.794843562218,0.0,0.0
1757448000000,448545.38676485186,445838.650643649,1,360723.56458160636,8921.794843562218,0.0,0.0
1757462400000,449963.1941721134,445838.650643649,1,362141.3719888679,8921.794843562218,0.0,0.0
1757476800000,453319.4731218275,445825.55199022416,1,365510.74959200685,8921.794843562218,0.0,0.0
1757491200000,458356.8594393918,445825.55199022416,1,370548.13590957114,8921.794843562218,0.0,0.0
1757505600000,454983.7888649591,445788.4988446419,1,367212.1184807207,8921.794843562218,0.0,0.0
1757520000000,459821.01413679234,445788.4988446419,1,372049.3437525539,8921.794843562218,0.0,0.0
1757534400000,456597.9142258735,445751.29557827534,1,368863.4471080016,8921.794843562218,0.0,0.0
1757548800000,461268.33862626425,445751.29557827534,1,373533.8715083924,8921.794843562218,0.0,0.0
1757563200000,461416.6382334982,445732.7943140668,1,373700.67237983487,8921.794843562218,0.0,0.0
1757577600000,459815.34986765,445732.7943140668,1,372099.3840139867,8921.794843562218,0.0,0.0
1757592000000,462925.25147849123,445740.1997160771,1,375201.88022281765,8921.794843562218,0.0,0.0
1757606400000,465844.26672873547,445740.1997160771,1,378120.8954730618,8921.794843562218,0.0,0.0
1757620800000,465508.1534474482,445704.32800338644,1,377820.65390446526,8921.794843562218,0.0,0.0
1757635200000,472011.6017531559,445484.8429618094,2,823513.6704057577,18231.957912511185,0.0,0.0
1757649600000,487185.87185939396,445462.4619008751,2,838710.3215729301,18231.957912511185,0.0,0.0
1757664000000,493067.23495512846,445462.4619008751,2,844591.6846686646,18231.957912511185,0.0,0.0
1757678400000,495503.22300670564,445415.7186519123,2,847074.4159692046,18231.957912511185,0.0,0.0
1757692800000,497854.36034144764,445415.7186519123,2,849425.5533039466,18231.957912511185,0.0,0.0
1757707200000,512084.72796901414,445367.80602364964,2,863703.8335597757,18231.957912511185,0.0,0.0
1757721600000,519526.1265278539,445367.80602364964,2,871145.2321186155,18231.957912511185,0.0,0.0
1757736000000,526198.4464294983,445314.16720356996,2,877871.1908403395,18231.957912511185,0.0,0.0
1757750400000,519809.7485024757,445314.16720356996,2,871482.4929133169,18231.957912511185,0.0,0.0
1757764800000,519631.46568545245,445242.72801242804,2,871375.6492874357,18231.957912511185,0.0,0.0
1757779200000,509021.9107405253,445242.72801242804,2,860766.0943425086,18231.957912511185,0.0,0.0
1757793600000,506505.8719056626,445174.1272975961,2,858318.6562224778,18231.957912511185,0.0,0.0
1757808000000,515060.01321501675,445174.1272975961,2,866872.797531832,18231.957912511185,0.0,0.0
1757822400000,522294.8642798839,445173.9111050729,2,874107.8647892224,18231.957912511185,0.0,0.0
1757836800000,520168.066509426,445173.9111050729,2,871981.0670187643,18231.957912511185,0.0,0.0
1757851200000,518074.0744535067,445111.71897889284,2,869949.2670890251,18231.957912511185,0.0,0.0
1757865600000,509030.8283230149,445111.71897889284,2,860906.0209585333,18231.957912511185,0.0,0.0
1757880000000,506371.0106334903,460062.5267172111,1,404325.31237668265,8921.794843562218,0.0,0.0
1757894400000,501750.6264945323,460062.5267172111,1,399704.92823772464,8921.794843562218,0.0,0.0
1757908800000,501337.224042271,501337.224042271,0,0.0,0.0,0.0,0.0
1757923200000,501337.224042271,501337.224042271,0,0.0,0.0,0.0,0.0
1757937600000,501337.224042271,501337.224042271,0,0.0,0.0,0.0,0.0
1757952000000,501337.224042271,501337.224042271,0,0.0,0.0,0.0,0.0
1757966400000,501337.224042271,501337.224042271,0,0.0,0.0,0.0,0.0
1757980800000,501337.224042271,501337.224042271,0,0.0,0.0,0.0,0.0
1757995200000,501337.224042271,501337.224042271,0,0.0,0.0,0.0,0.0
1758009600000,501337.224042271,501337.224042271,0,0.0,0.0,0.0,0.0
1758024000000,501337.224042271,501337.224042271,0,0.0,0.0,0.0,0.0
1758038400000,501337.224042271,501337.224042271,0,0.0,0.0,0.0,0.0
1758052800000,501337.224042271,501337.224042271,0,0.0,0.0,0.0,0.0
1758067200000,501337.224042271,501337.224042271,0,0.0,0.0,0.0,0.0
1758081600000,501337.224042271,501337.224042271,0,0.0,0.0,0.0,0.0
1758096000000,501337.224042271,501337.224042271,0,0.0,0.0,0.0,0.0
1758110400000,501337.224042271,501337.224042271,0,0.0,0.0,0.0,0.0
1758124800000,501337.224042271,501337.224042271,0,0.0,0.0,0.0,0.0
1758139200000,501337.224042271,501337.224042271,0,0.0,0.0,0.0,0.0
1758153600000,501337.224042271,501337.224042271,0,0.0,0.0,0.0,0.0
1758168000000,501337.224042271,501337.224042271,0,0.0,0.0,0.0,0.0
1758182400000,501337.224042271,501337.224042271,0,0.0,0.0,0.0,0.0
1758196800000,501337.224042271,501337.224042271,0,0.0,0.0,0.0,0.0
1758211200000,501337.224042271,501337.224042271,0,0.0,0.0,0.0,0.0
1758225600000,501337.224042271,501337.224042271,0,0.0,0.0,0.0,0.0
1758240000000,501337.224042271,501337.224042271,0,0.0,0.0,0.0,0.0
1758254400000,501337.224042271,501337.224042271,0,0.0,0.0,0.0,0.0
1758268800000,501337.224042271,501337.224042271,0,0.0,0.0,0.0,0.0
1758283200000,501337.224042271,501337.224042271,0,0.0,0.0,0.0,0.0
1758297600000,501337.224042271,501337.224042271,0,0.0,0.0,0.0,0.0
1758312000000,501337.224042271,501337.224042271,0,0.0,0.0,0.0,0.0
1758326400000,501337.224042271,501337.224042271,0,0.0,0.0,0.0,0.0
1758340800000,501337.224042271,501337.224042271,0,0.0,0.0,0.0,0.0
1758355200000,501337.224042271,501337.224042271,0,0.0,0.0,0.0,0.0
1758369600000,501337.224042271,501337.224042271,0,0.0,0.0,0.0,0.0
1758384000000,501337.224042271,501337.224042271,0,0.0,0.0,0.0,0.0
1758398400000,501337.224042271,501337.224042271,0,0.0,0.0,0.0,0.0
1758412800000,501337.224042271,501337.224042271,0,0.0,0.0,0.0,0.0
1758427200000,501337.224042271,501337.224042271,0,0.0,0.0,0.0,0.0
1758441600000,501337.224042271,501337.224042271,0,0.0,0.0,0.0,0.0
1758456000000,501337.224042271,501337.224042271,0,0.0,0.0,0.0,0.0
1758470400000,501337.224042271,501337.224042271,0,0.0,0.0,0.0,0.0
1758484800000,501337.224042271,501337.224042271,0,0.0,0.0,0.0,0.0
1758499200000,501337.224042271,501337.224042271,0,0.0,0.0,0.0,0.0
1758513600000,501337.224042271,501337.224042271,0,0.0,0.0,0.0,0.0
1758528000000,501337.224042271,501337.224042271,0,0.0,0.0,0.0,0.0
1758542400000,501337.224042271,501337.224042271,0,0.0,0.0,0.0,0.0
1758556800000,501337.224042271,501337.224042271,0,0.0,0.0,0.0,0.0
1758571200000,501337.224042271,501337.224042271,0,0.0,0.0,0.0,0.0
1758585600000,501337.224042271,501337.224042271,0,0.0,0.0,0.0,0.0
1758600000000,501337.224042271,501337.224042271,0,0.0,0.0,0.0,0.0
1758614400000,501337.224042271,501337.224042271,0,0.0,0.0,0.0,0.0
1758628800000,501337.224042271,501337.224042271,0,0.0,0.0,0.0,0.0
1758643200000,501337.224042271,501337.224042271,0,0.0,0.0,0.0,0.0
1758657600000,501337.224042271,501337.224042271,0,0.0,0.0,0.0,0.0
1758672000000,501337.224042271,501337.224042271,0,0.0,0.0,0.0,0.0
1758686400000,501337.224042271,501337.224042271,0,0.0,0.0,0.0,0.0
1758700800000,501337.224042271,501337.224042271,0,0.0,0.0,0.0,0.0
1758715200000,501337.224042271,501337.224042271,0,0.0,0.0,0.0,0.0
1758729600000,501337.224042271,501337.224042271,0,0.0,0.0,0.0,0.0
1758744000000,501337.224042271,501337.224042271,0,0.0,0.0,0.0,0.0
1758758400000,501337.224042271,501337.224042271,0,0.0,0.0,0.0,0.0
1758772800000,501337.224042271,501337.224042271,0,0.0,0.0,0.0,0.0
1758787200000,501337.224042271,501337.224042271,0,0.0,0.0,0.0,0.0
1758801600000,501337.224042271,501337.224042271,0,0.0,0.0,0.0,0.0
1758816000000,501337.224042271,501337.224042271,0,0.0,0.0,0.0,0.0
1758830400000,501337.224042271,501337.224042271,0,0.0,0.0,0.0,0.0
1758844800000,501337.224042271,501337.224042271,0,0.0,0.0,0.0,0.0
1758859200000,501337.224042271,501337.224042271,0,0.0,0.0,0.0,0.0
1758873600000,501337.224042271,501337.224042271,0,0.0,0.0,0.0,0.0
1758888000000,501337.224042271,501337.224042271,0,0.0,0.0,0.0,0.0
1758902400000,501337.224042271,501337.224042271,0,0.0,0.0,0.0,0.0
1758916800000,501337.224042271,501337.224042271,0,0.0,0.0,0.0,0.0
1758931200000,501337.224042271,501337.224042271,0,0.0,0.0,0.0,0.0
1758945600000,501337.224042271,501337.224042271,0,0.0,0.0,0.0,0.0
1758960000000,501337.224042271,501337.224042271,0,0.0,0.0,0.0,0.0
1758974400000,501337.224042271,501337.224042271,0,0.0,0.0,0.0,0.0
1758988800000,501337.224042271,501337.224042271,0,0.0,0.0,0.0,0.0
1759003200000,501337.224042271,501337.224042271,0,0.0,0.0,0.0,0.0
1759017600000,501337.224042271,501337.224042271,0,0.0,0.0,0.0,0.0
1759032000000,501337.224042271,501337.224042271,0,0.0,0.0,0.0,0.0
1759046400000,501337.224042271,501337.224042271,0,0.0,0.0,0.0,0.0
1759060800000,501337.224042271,501337.224042271,0,0.0,0.0,0.0,0.0
1759075200000,501337.224042271,501337.224042271,0,0.0,0.0,0.0,0.0
1759089600000,501337.224042271,501337.224042271,0,0.0,0.0,0.0,0.0
1759104000000,501337.224042271,501337.224042271,0,0.0,0.0,0.0,0.0
1759118400000,501337.224042271,501337.224042271,0,0.0,0.0,0.0,0.0
1759132800000,501337.224042271,501337.224042271,0,0.0,0.0,0.0,0.0
1759147200000,501337.224042271,501337.224042271,0,0.0,0.0,0.0,0.0
1759161600000,501337.224042271,501337.224042271,0,0.0,0.0,0.0,0.0
1759176000000,501337.224042271,501337.224042271,0,0.0,0.0,0.0,0.0
1759190400000,501337.224042271,501337.224042271,0,0.0,0.0,0.0,0.0
1759204800000,501337.224042271,501337.224042271,0,0.0,0.0,0.0,0.0
1759219200000,501337.224042271,501337.224042271,0,0.0,0.0,0.0,0.0
1759233600000,501337.224042271,501337.224042271,0,0.0,0.0,0.0,0.0
1759248000000,501337.224042271,501337.224042271,0,0.0,0.0,0.0,0.0
1759262400000,501337.224042271,501337.224042271,0,0.0,0.0,0.0,0.0
1759276800000,501337.224042271,501337.224042271,0,0.0,0.0,0.0,0.0
1759291200000,501337.224042271,501337.224042271,0,0.0,0.0,0.0,0.0
1759305600000,501337.224042271,501337.224042271,0,0.0,0.0,0.0,0.0
1759320000000,501337.224042271,501337.224042271,0,0.0,0.0,0.0,0.0
1759334400000,501337.224042271,501337.224042271,0,0.0,0.0,0.0,0.0
1759348800000,501337.224042271,501337.224042271,0,0.0,0.0,0.0,0.0
1759363200000,501337.224042271,501337.224042271,0,0.0,0.0,0.0,0.0
1759377600000,501337.224042271,501337.224042271,0,0.0,0.0,0.0,0.0
1759392000000,501337.224042271,501337.224042271,0,0.0,0.0,0.0,0.0
1759406400000,501337.224042271,501337.224042271,0,0.0,0.0,0.0,0.0
1759420800000,501337.224042271,501337.224042271,0,0.0,0.0,0.0,0.0
1759435200000,501337.224042271,501337.224042271,0,0.0,0.0,0.0,0.0
1759449600000,501337.224042271,501337.224042271,0,0.0,0.0,0.0,0.0
1759464000000,501337.224042271,501337.224042271,0,0.0,0.0,0.0,0.0
1759478400000,501337.224042271,501337.224042271,0,0.0,0.0,0.0,0.0
1759492800000,501337.224042271,501337.224042271,0,0.0,0.0,0.0,0.0
1759507200000,501337.224042271,501337.224042271,0,0.0,0.0,0.0,0.0
1759521600000,501337.224042271,501337.224042271,0,0.0,0.0,0.0,0.0
1759536000000,501337.224042271,501337.224042271,0,0.0,0.0,0.0,0.0
1759550400000,501337.224042271,501337.224042271,0,0.0,0.0,0.0,0.0
1759564800000,501337.224042271,501337.224042271,0,0.0,0.0,0.0,0.0
1759579200000,501337.224042271,501337.224042271,0,0.0,0.0,0.0,0.0
1759593600000,501337.224042271,501337.224042271,0,0.0,0.0,0.0,0.0
1759608000000,501337.224042271,501337.224042271,0,0.0,0.0,0.0,0.0
1759622400000,501337.224042271,501337.224042271,0,0.0,0.0,0.0,0.0
1759636800000,501337.224042271,501337.224042271,0,0.0,0.0,0.0,0.0
1759651200000,501337.224042271,501337.224042271,0,0.0,0.0,0.0,0.0
1759665600000,501337.224042271,501337.224042271,0,0.0,0.0,0.0,0.0
1759680000000,501337.224042271,501337.224042271,0,0.0,0.0,0.0,0.0
1759694400000,501337.224042271,501337.224042271,0,0.0,0.0,0.0,0.0
1759708800000,501337.224042271,501337.224042271,0,0.0,0.0,0.0,0.0
1759723200000,501337.224042271,501337.224042271,0,0.0,0.0,0.0,0.0
1759737600000,501337.224042271,501337.224042271,0,0.0,0.0,0.0,0.0
1759752000000,501337.224042271,501337.224042271,0,0.0,0.0,0.0,0.0
1759766400000,501337.224042271,501337.224042271,0,0.0,0.0,0.0,0.0
1759780800000,501337.224042271,501337.224042271,0,0.0,0.0,0.0,0.0
1759795200000,501337.224042271,501337.224042271,0,0.0,0.0,0.0,0.0
1759809600000,501337.224042271,501337.224042271,0,0.0,0.0,0.0,0.0
1759824000000,499690.28803579794,501104.5145052489,1,464004.8475746508,10026.74448084542,0.0,0.0
1759838400000,502581.6003900116,501058.1140204915,1,466942.5604136219,10026.74448084542,0.0,0.0
1759852800000,490576.0910581653,490576.0910581653,0,0.0,0.0,0.0,0.0
1759867200000,490213.4449025083,490411.8652474364,1,328650.04180274945,4905.760910581653,4905.760910581653,328650.04180274945
1759881600000,491339.153449665,490411.8652474364,1,327524.33325559273,4905.760910581653,4905.760910581653,327524.33325559273
1759896000000,490369.40973210614,490425.69515946397,1,328507.9068851791,4905.760910581653,4905.760910581653,328507.9068851791
1759910400000,490306.8703683752,490425.69515946397,1,328570.4462489101,4905.760910581653,4905.760910581653,328570.4462489101
1759924800000,490623.9972481407,490458.55220408883,1,328286.1764137695,4905.760910581653,4905.760910581653,328286.1764137695
1759939200000,490749.0759756025,490458.55220408883,1,328161.0976863077,4905.760910581653,4905.760910581653,328161.0976863077
1759953600000,485250.15605828475,485250.15605828475,0,0.0,0.0,0.0,0.0
1759968000000,485250.15605828475,485250.15605828475,0,0.0,0.0,0.0,0.0
1759982400000,485250.15605828475,485250.15605828475,0,0.0,0.0,0.0,0.0
1759996800000,485250.15605828475,485250.15605828475,0,0.0,0.0,0.0,0.0
1760011200000,485250.15605828475,485250.15605828475,0,0.0,0.0,0.0,0.0
1760025600000,485250.15605828475,485250.15605828475,0,0.0,0.0,0.0,0.0
1760040000000,485250.15605828475,485250.15605828475,0,0.0,0.0,0.0,0.0
1760054400000,485250.15605828475,485250.15605828475,0,0.0,0.0,0.0,0.0
1760068800000,485250.15605828475,485250.15605828475,0,0.0,0.0,0.0,0.0
1760083200000,485250.15605828475,485250.15605828475,0,0.0,0.0,0.0,0.0
1760097600000,485250.15605828475,485250.15605828475,0,0.0,0.0,0.0,0.0
1760112000000,485250.15605828475,485250.15605828475,0,0.0,0.0,0.0,0.0
1760126400000,485250.15605828475,485250.15605828475,0,0.0,0.0,0.0,0.0
1760140800000,485250.15605828475,485250.15605828475,0,0.0,0.0,0.0,0.0
1760155200000,485250.15605828475,485250.15605828475,0,0.0,0.0,0.0,0.0
1760169600000,485250.15605828475,485250.15605828475,0,0.0,0.0,0.0,0.0
1760184000000,485250.15605828475,485250.15605828475,0,0.0,0.0,0.0,0.0
1760198400000,485250.15605828475,485250.15605828475,0,0.0,0.0,0.0,0.0
1760212800000,485250.15605828475,485250.15605828475,0,0.0,0.0,0.0,0.0
1760227200000,485250.15605828475,485250.15605828475,0,0.0,0.0,0.0,0.0
1760241600000,485250.15605828475,485250.15605828475,0,0.0,0.0,0.0,0.0
1760256000000,485250.15605828475,485250.15605828475,0,0.0,0.0,0.0,0.0
1760270400000,485250.15605828475,485250.15605828475,0,0.0,0.0,0.0,0.0
1760284800000,485250.15605828475,485250.15605828475,0,0.0,0.0,0.0,0.0
1760299200000,485250.15605828475,485250.15605828475,0,0.0,0.0,0.0,0.0
1760313600000,485250.15605828475,485250.15605828475,0,0.0,0.0,0.0,0.0
1760328000000,485250.15605828475,485250.15605828475,0,0.0,0.0,0.0,0.0
1760342400000,485250.15605828475,485250.15605828475,0,0.0,0.0,0.0,0.0
1760356800000,485250.15605828475,485250.15605828475,0,0.0,0.0,0.0,0.0
1760371200000,485250.15605828475,485250.15605828475,0,0.0,0.0,0.0,0.0
1760385600000,485250.15605828475,485250.15605828475,0,0.0,0.0,0.0,0.0
1760400000000,485250.15605828475,485250.15605828475,0,0.0,0.0,0.0,0.0
1760414400000,485250.15605828475,485250.15605828475,0,0.0,0.0,0.0,0.0
1760428800000,485250.15605828475,485250.15605828475,0,0.0,0.0,0.0,0.0
1760443200000,485250.15605828475,485250.15605828475,0,0.0,0.0,0.0,0.0
1760457600000,485250.15605828475,485250.15605828475,0,0.0,0.0,0.0,0.0
1760472000000,485250.15605828475,485250.15605828475,0,0.0,0.0,0.0,0.0
1760486400000,485250.15605828475,485250.15605828475,0,0.0,0.0,0.0,0.0
1760500800000,485250.15605828475,485250.15605828475,0,0.0,0.0,0.0,0.0
1760515200000,485250.15605828475,485250.15605828475,0,0.0,0.0,0.0,0.0
1760529600000,485250.15605828475,485250.15605828475,0,0.0,0.0,0.0,0.0
1760544000000,485250.15605828475,485250.15605828475,0,0.0,0.0,0.0,0.0
1760558400000,485250.15605828475,485250.15605828475,0,0.0,0.0,0.0,0.0
1760572800000,485250.15605828475,485250.15605828475,0,0.0,0.0,0.0,0.0
1760587200000,485250.15605828475,485250.15605828475,0,0.0,0.0,0.0,0.0
1760601600000,485250.15605828475,485250.15605828475,0,0.0,0.0,0.0,0.0
1760616000000,485250.15605828475,485250.15605828475,0,0.0,0.0,0.0,0.0
1760630400000,485250.15605828475,485250.15605828475,0,0.0,0.0,0.0,0.0
1760644800000,485250.15605828475,485250.15605828475,0,0.0,0.0,0.0,0.0
1760659200000,485250.15605828475,485250.15605828475,0,0.0,0.0,0.0,0.0
1760673600000,485250.15605828475,485250.15605828475,0,0.0,0.0,0.0,0.0
1760688000000,485250.15605828475,485250.15605828475,0,0.0,0.0,0.0,0.0
1760702400000,485250.15605828475,485250.15605828475,0,0.0,0.0,0.0,0.0
1760716800000,485250.15605828475,485250.15605828475,0,0.0,0.0,0.0,0.0
1760731200000,485250.15605828475,485250.15605828475,0,0.0,0.0,0.0,0.0
1760745600000,485250.15605828475,485250.15605828475,0,0.0,0.0,0.0,0.0
1760760000000,485250.15605828475,485250.15605828475,0,0.0,0.0,0.0,0.0
1760774400000,485250.15605828475,485250.15605828475,0,0.0,0.0,0.0,0.0
1760788800000,485250.15605828475,485250.15605828475,0,0.0,0.0,0.0,0.0
1760803200000,485250.15605828475,485250.15605828475,0,0.0,0.0,0.0,0.0
1760817600000,485250.15605828475,485250.15605828475,0,0.0,0.0,0.0,0.0
1760832000000,485250.15605828475,485250.15605828475,0,0.0,0.0,0.0,0.0
1760846400000,485250.15605828475,485250.15605828475,0,0.0,0.0,0.0,0.0
1760860800000,485250.15605828475,485250.15605828475,0,0.0,0.0,0.0,0.0
1760875200000,485250.15605828475,485250.15605828475,0,0.0,0.0,0.0,0.0
1760889600000,485250.15605828475,485250.15605828475,0,0.0,0.0,0.0,0.0
1760904000000,485250.15605828475,485250.15605828475,0,0.0,0.0,0.0,0.0
1760918400000,485250.15605828475,485250.15605828475,0,0.0,0.0,0.0,0.0
1760932800000,485250.15605828475,485250.15605828475,0,0.0,0.0,0.0,0.0
1760947200000,485250.15605828475,485250.15605828475,0,0.0,0.0,0.0,0.0
1760961600000,485250.15605828475,485250.15605828475,0,0.0,0.0,0.0,0.0
1760976000000,485250.15605828475,485250.15605828475,0,0.0,0.0,0.0,0.0
1760990400000,485250.15605828475,485250.15605828475,0,0.0,0.0,0.0,0.0
1761004800000,485250.15605828475,485250.15605828475,0,0.0,0.0,0.0,0.0
1761019200000,485250.15605828475,485250.15605828475,0,0.0,0.0,0.0,0.0
1761033600000,485250.15605828475,485250.15605828475,0,0.0,0.0,0.0,0.0
1761048000000,485250.15605828475,485250.15605828475,0,0.0,0.0,0.0,0.0
1761062400000,485250.15605828475,485250.15605828475,0,0.0,0.0,0.0,0.0
1761076800000,485250.15605828475,485250.15605828475,0,0.0,0.0,0.0,0.0
1761091200000,485250.15605828475,485250.15605828475,0,0.0,0.0,0.0,0.0
1761105600000,485250.15605828475,485250.15605828475,0,0.0,0.0,0.0,0.0
1761120000000,485250.15605828475,485250.15605828475,0,0.0,0.0,0.0,0.0
1761134400000,485250.15605828475,485250.15605828475,0,0.0,0.0,0.0,0.0
1761148800000,485250.15605828475,485250.15605828475,0,0.0,0.0,0.0,0.0
1761163200000,485250.15605828475,485250.15605828475,0,0.0,0.0,0.0,0.0
1761177600000,485250.15605828475,485250.15605828475,0,0.0,0.0,0.0,0.0
1761192000000,485250.15605828475,485250.15605828475,0,0.0,0.0,0.0,0.0
1761206400000,485250.15605828475,485250.15605828475,0,0.0,0.0,0.0,0.0
1761220800000,485250.15605828475,485250.15605828475,0,0.0,0.0,0.0,0.0
1761235200000,485250.15605828475,485250.15605828475,0,0.0,0.0,0.0,0.0
1761249600000,485250.15605828475,485250.15605828475,0,0.0,0.0,0.0,0.0
1761264000000,485250.15605828475,485250.15605828475,0,0.0,0.0,0.0,0.0
1761278400000,485250.15605828475,485250.15605828475,0,0.0,0.0,0.0,0.0
1761292800000,485250.15605828475,485250.15605828475,0,0.0,0.0,0.0,0.0
1761307200000,485250.15605828475,485250.15605828475,0,0.0,0.0,0.0,0.0
1761321600000,485250.15605828475,485250.15605828475,0,0.0,0.0,0.0,0.0
1761336000000,485250.15605828475,485250.15605828475,0,0.0,0.0,0.0,0.0
1761350400000,485250.15605828475,485250.15605828475,0,0.0,0.0,0.0,0.0
1761364800000,485250.15605828475,485250.15605828475,0,0.0,0.0,0.0,0.0
1761379200000,485250.15605828475,485250.15605828475,0,0.0,0.0,0.0,0.0
1761393600000,485250.15605828475,485250.15605828475,0,0.0,0.0,0.0,0.0
1761408000000,485250.15605828475,485250.15605828475,0,0.0,0.0,0.0,0.0
1761422400000,485250.15605828475,485250.15605828475,0,0.0,0.0,0.0,0.0
1761436800000,485250.15605828475,485250.15605828475,0,0.0,0.0,0.0,0.0
1761451200000,485250.15605828475,485250.15605828475,0,0.0,0.0,0.0,0.0
1761465600000,485250.15605828475,485250.15605828475,0,0.0,0.0,0.0,0.0
1761480000000,485250.15605828475,485250.15605828475,0,0.0,0.0,0.0,0.0
1761494400000,485250.15605828475,485250.15605828475,0,0.0,0.0,0.0,0.0
1761508800000,485250.15605828475,485250.15605828475,0,0.0,0.0,0.0,0.0
1761523200000,485250.15605828475,485250.15605828475,0,0.0,0.0,0.0,0.0
1761537600000,485250.15605828475,485250.15605828475,0,0.0,0.0,0.0,0.0
1761552000000,485250.15605828475,485250.15605828475,0,0.0,0.0,0.0,0.0
1761566400000,485250.15605828475,485250.15605828475,0,0.0,0.0,0.0,0.0
1761580800000,485250.15605828475,485250.15605828475,0,0.0,0.0,0.0,0.0
1761595200000,485250.15605828475,485250.15605828475,0,0.0,0.0,0.0,0.0
1761609600000,485250.15605828475,485250.15605828475,0,0.0,0.0,0.0,0.0
1761624000000,485250.15605828475,485250.15605828475,0,0.0,0.0,0.0,0.0
1761638400000,485250.15605828475,485250.15605828475,0,0.0,0.0,0.0,0.0
1761652800000,485250.15605828475,485250.15605828475,0,0.0,0.0,0.0,0.0
1761667200000,485250.15605828475,485250.15605828475,0,0.0,0.0,0.0,0.0
1761681600000,485250.15605828475,485250.15605828475,0,0.0,0.0,0.0,0.0
1761696000000,485250.15605828475,485250.15605828475,0,0.0,0.0,0.0,0.0
1761710400000,485250.15605828475,485250.15605828475,0,0.0,0.0,0.0,0.0
1761724800000,485250.15605828475,485250.15605828475,0,0.0,0.0,0.0,0.0
1761739200000,485250.15605828475,485250.15605828475,0,0.0,0.0,0.0,0.0
1761753600000,485250.15605828475,485250.15605828475,0,0.0,0.0,0.0,0.0
1761768000000,485250.15605828475,485250.15605828475,0,0.0,0.0,0.0,0.0
1761782400000,485250.15605828475,485250.15605828475,0,0.0,0.0,0.0,0.0
1761796800000,479636.27971092187,485023.48660711583,1,458726.10923397454,9705.003121165695,9705.003121165695,458726.10923397454
1761811200000,478853.31882003025,485023.48660711583,1,459509.07012486615,9705.003121165695,9705.003121165695,459509.07012486615
1761825600000,485831.5523455072,485044.04494307865,1,452551.3949353521,9705.003121165695,9705.003121165695,452551.3949353521
1761840000000,501989.01800299773,485044.04494307865,1,436393.9292778615,9705.003121165695,9705.003121165695,436393.9292778615
1761854400000,520587.57912488416,494358.460203385,2,564669.6150150922,14892.096938722447,14892.096938722447,564669.6150150922
1761868800000,504716.21233184024,494358.460203385,2,580540.9818081361,14892.096938722447,14892.096938722447,580540.9818081361
1761883200000,500816.0569393445,494263.95891889965,2,584346.6359161466,14892.096938722447,14892.096938722447,584346.6359161466
1761897600000,500061.0016511247,494263.95891889965,2,585101.6912043663,14892.096938722447,14892.096938722447,585101.6912043663
1761912000000,491167.86221152573,491167.86221152573,0,0.0,0.0,0.0,0.0
1761926400000,491167.86221152573,491167.86221152573,0,0.0,0.0,0.0,0.0
1761940800000,491167.86221152573,491167.86221152573,0,0.0,0.0,0.0,0.0
1761955200000,491167.86221152573,491167.86221152573,0,0.0,0.0,0.0,0.0
1761969600000,491167.86221152573,491167.86221152573,0,0.0,0.0,0.0,0.0
1761984000000,491167.86221152573,491167.86221152573,0,0.0,0.0,0.0,0.0
1761998400000,491167.86221152573,491167.86221152573,0,0.0,0.0,0.0,0.0
1762012800000,491167.86221152573,491167.86221152573,0,0.0,0.0,0.0,0.0
1762027200000,491167.86221152573,491167.86221152573,0,0.0,0.0,0.0,0.0
1762041600000,491167.86221152573,491167.86221152573,0,0.0,0.0,0.0,0.0
1762056000000,491167.86221152573,491167.86221152573,0,0.0,0.0,0.0,0.0
1762070400000,491167.86221152573,491167.86221152573,0,0.0,0.0,0.0,0.0
1762084800000,491167.86221152573,491167.86221152573,0,0.0,0.0,0.0,0.0
1762099200000,491167.86221152573,491167.86221152573,0,0.0,0.0,0.0,0.0
1762113600000,491167.86221152573,491167.86221152573,0,0.0,0.0,0.0,0.0
1762128000000,491167.86221152573,491167.86221152573,0,0.0,0.0,0.0,0.0
1762142400000,491167.86221152573,491167.86221152573,0,0.0,0.0,0.0,0.0
1762156800000,489583.5699904871,490967.71091123176,1,401686.74150865566,9823.357244230514,9823.357244230514,401686.74150865566
1762171200000,490905.5608838589,490562.3315338526,3,1208460.197830896,29350.7407613609,29350.7407613609,1208460.197830896
1762185600000,546296.6008362592,519337.8775596412,3,577442.990313833,14675.37038068045,14675.37038068045,577442.990313833
1762200000000,520196.4735066323,509166.38312795776,1,190633.6369970099,4895.824410264045,4895.824410264045,190633.6369970099
1762214400000,520985.8230597284,509166.38312795776,1,189844.28744391378,4895.824410264045,4895.824410264045,189844.28744391378
1762228800000,519168.8453530694,509156.9014994029,1,191651.78352201794,4895.824410264045,4895.824410264045,191651.78352201794
1762243200000,531215.0059242318,509156.9014994029,1,179605.62295085547,4895.824410264045,4895.824410264045,179605.62295085547
1762257600000,525893.5129747044,509132.05844963633,1,184902.27285061637,4895.824410264045,4895.824410264045,184902.27285061637
1762272000000,526168.0693409988,509132.05844963633,1,184627.71648432207,4895.824410264045,4895.824410264045,184627.71648432207
1762286400000,533996.1735831462,509135.3062523962,1,176802.8600449345,4895.824410264045,4895.824410264045,176802.8600449345
1762300800000,533550.019487918,509135.3062523962,1,177249.01414016273,4895.824410264045,4895.824410264045,177249.01414016273
1762315200000,531382.2499894138,509141.10798705526,1,179422.58537332594,4895.824410264045,4895.824410264045,179422.58537332594
1762329600000,530113.9360070247,530113.9360070247,0,0.0,0.0,0.0,0.0
1762344000000,530113.9360070247,530113.9360070247,0,0.0,0.0,0.0,0.0
1762358400000,530113.9360070247,530113.9360070247,0,0.0,0.0,0.0,0.0
1762372800000,530113.9360070247,530113.9360070247,0,0.0,0.0,0.0,0.0
1762387200000,530113.9360070247,530113.9360070247,0,0.0,0.0,0.0,0.0
1762401600000,530113.9360070247,530113.9360070247,0,0.0,0.0,0.0,0.0
1762416000000,530113.9360070247,530113.9360070247,0,0.0,0.0,0.0,0.0
1762430400000,530113.9360070247,530113.9360070247,0,0.0,0.0,0.0,0.0
1762444800000,530113.9360070247,530113.9360070247,0,0.0,0.0,0.0,0.0
1762459200000,530113.9360070247,530113.9360070247,0,0.0,0.0,0.0,0.0
1762473600000,530113.9360070247,530113.9360070247,0,0.0,0.0,0.0,0.0
1762488000000,530113.9360070247,530113.9360070247,0,0.0,0.0,0.0,0.0
1762502400000,530113.9360070247,530113.9360070247,0,0.0,0.0,0.0,0.0
1762516800000,530113.9360070247,530113.9360070247,0,0.0,0.0,0.0,0.0
1762531200000,530113.9360070247,530113.9360070247,0,0.0,0.0,0.0,0.0
1762545600000,530113.9360070247,530113.9360070247,0,0.0,0.0,0.0,0.0
1762560000000,530113.9360070247,530113.9360070247,0,0.0,0.0,0.0,0.0
1762574400000,530113.9360070247,530113.9360070247,0,0.0,0.0,0.0,0.0
1762588800000,530113.9360070247,530113.9360070247,0,0.0,0.0,0.0,0.0
1762603200000,530113.9360070247,530113.9360070247,0,0.0,0.0,0.0,0.0
1762617600000,530113.9360070247,530113.9360070247,0,0.0,0.0,0.0,0.0
1762632000000,530113.9360070247,530113.9360070247,0,0.0,0.0,0.0,0.0
1762646400000,530113.9360070247,530113.9360070247,0,0.0,0.0,0.0,0.0
1762660800000,530113.9360070247,530113.9360070247,0,0.0,0.0,0.0,0.0
1762675200000,530113.9360070247,530113.9360070247,0,0.0,0.0,0.0,0.0
1762689600000,530113.9360070247,530113.9360070247,0,0.0,0.0,0.0,0.0
1762704000000,530113.9360070247,530113.9360070247,0,0.0,0.0,0.0,0.0
1762718400000,530113.9360070247,530113.9360070247,0,0.0,0.0,0.0,0.0
1762732800000,530113.9360070247,530113.9360070247,0,0.0,0.0,0.0,0.0
1762747200000,530113.9360070247,530113.9360070247,0,0.0,0.0,0.0,0.0
1762761600000,530113.9360070247,530113.9360070247,0,0.0,0.0,0.0,0.0
1762776000000,530113.9360070247,530113.9360070247,0,0.0,0.0,0.0,0.0
1762790400000,530113.9360070247,530113.9360070247,0,0.0,0.0,0.0,0.0
1762804800000,530113.9360070247,530113.9360070247,0,0.0,0.0,0.0,0.0
1762819200000,530113.9360070247,530113.9360070247,0,0.0,0.0,0.0,0.0
1762833600000,530113.9360070247,530113.9360070247,0,0.0,0.0,0.0,0.0
1762848000000,530113.9360070247,530113.9360070247,0,0.0,0.0,0.0,0.0
1762862400000,530113.9360070247,530113.9360070247,0,0.0,0.0,0.0,0.0
1762876800000,530113.9360070247,530113.9360070247,0,0.0,0.0,0.0,0.0
1762891200000,530113.9360070247,530113.9360070247,0,0.0,0.0,0.0,0.0
1762905600000,530113.9360070247,530113.9360070247,0,0.0,0.0,0.0,0.0
1762920000000,530113.9360070247,530113.9360070247,0,0.0,0.0,0.0,0.0
1762934400000,530113.9360070247,530113.9360070247,0,0.0,0.0,0.0,0.0
1762948800000,530113.9360070247,530113.9360070247,0,0.0,0.0,0.0,0.0
1762963200000,530113.9360070247,530113.9360070247,0,0.0,0.0,0.0,0.0
1762977600000,530113.9360070247,530113.9360070247,0,0.0,0.0,0.0,0.0
1762992000000,530113.9360070247,530113.9360070247,0,0.0,0.0,0.0,0.0
1763006400000,530113.9360070247,530113.9360070247,0,0.0,0.0,0.0,0.0
1763020800000,530113.9360070247,530113.9360070247,0,0.0,0.0,0.0,0.0
1763035200000,530113.9360070247,530113.9360070247,0,0.0,0.0,0.0,0.0
1763049600000,530113.9360070247,530113.9360070247,0,0.0,0.0,0.0,0.0
1763064000000,530113.9360070247,530113.9360070247,0,0.0,0.0,0.0,0.0
1763078400000,530113.9360070247,530113.9360070247,0,0.0,0.0,0.0,0.0
1763092800000,530113.9360070247,530113.9360070247,0,0.0,0.0,0.0,0.0
1763107200000,530113.9360070247,530113.9360070247,0,0.0,0.0,0.0,0.0
1763121600000,530113.9360070247,530113.9360070247,0,0.0,0.0,0.0,0.0
1763136000000,530113.9360070247,530113.9360070247,0,0.0,0.0,0.0,0.0
1763150400000,530113.9360070247,530113.9360070247,0,0.0,0.0,0.0,0.0
1763164800000,530113.9360070247,530113.9360070247,0,0.0,0.0,0.0,0.0
1763179200000,530113.9360070247,530113.9360070247,0,0.0,0.0,0.0,0.0
1763193600000,530113.9360070247,530113.9360070247,0,0.0,0.0,0.0,0.0
1763208000000,530113.9360070247,530113.9360070247,0,0.0,0.0,0.0,0.0
1763222400000,530113.9360070247,530113.9360070247,0,0.0,0.0,0.0,0.0
1763236800000,530113.9360070247,530113.9360070247,0,0.0,0.0,0.0,0.0
1763251200000,530113.9360070247,530113.9360070247,0,0.0,0.0,0.0,0.0
1763265600000,530113.9360070247,530113.9360070247,0,0.0,0.0,0.0,0.0
1763280000000,530113.9360070247,530113.9360070247,0,0.0,0.0,0.0,0.0
1763294400000,530113.9360070247,530113.9360070247,0,0.0,0.0,0.0,0.0
1763308800000,530113.9360070247,530113.9360070247,0,0.0,0.0,0.0,0.0
1763323200000,530113.9360070247,530113.9360070247,0,0.0,0.0,0.0,0.0
1763337600000,530113.9360070247,530113.9360070247,0,0.0,0.0,0.0,0.0
1763352000000,530113.9360070247,530113.9360070247,0,0.0,0.0,0.0,0.0
1763366400000,530113.9360070247,530113.9360070247,0,0.0,0.0,0.0,0.0
1763380800000,530113.9360070247,530113.9360070247,0,0.0,0.0,0.0,0.0
1763395200000,530113.9360070247,530113.9360070247,0,0.0,0.0,0.0,0.0
1763409600000,530113.9360070247,530113.9360070247,0,0.0,0.0,0.0,0.0
1763424000000,530113.9360070247,530113.9360070247,0,0.0,0.0,0.0,0.0
1763438400000,530113.9360070247,530113.9360070247,0,0.0,0.0,0.0,0.0
1763452800000,530113.9360070247,530113.9360070247,0,0.0,0.0,0.0,0.0
1763467200000,530113.9360070247,530113.9360070247,0,0.0,0.0,0.0,0.0
1763481600000,530113.9360070247,530113.9360070247,0,0.0,0.0,0.0,0.0
1763496000000,530113.9360070247,530113.9360070247,0,0.0,0.0,0.0,0.0
1763510400000,530113.9360070247,530113.9360070247,0,0.0,0.0,0.0,0.0
1763524800000,530113.9360070247,530113.9360070247,0,0.0,0.0,0.0,0.0
1763539200000,530113.9360070247,530113.9360070247,0,0.0,0.0,0.0,0.0
1763553600000,530113.9360070247,530113.9360070247,0,0.0,0.0,0.0,0.0
1763568000000,530113.9360070247,530113.9360070247,0,0.0,0.0,0.0,0.0
1763582400000,530113.9360070247,530113.9360070247,0,0.0,0.0,0.0,0.0
1763596800000,530113.9360070247,530113.9360070247,0,0.0,0.0,0.0,0.0
1763611200000,530113.9360070247,530113.9360070247,0,0.0,0.0,0.0,0.0
1763625600000,530113.9360070247,530113.9360070247,0,0.0,0.0,0.0,0.0
1763640000000,530113.9360070247,530113.9360070247,0,0.0,0.0,0.0,0.0
1763654400000,530113.9360070247,530113.9360070247,0,0.0,0.0,0.0,0.0
1763668800000,530113.9360070247,530113.9360070247,0,0.0,0.0,0.0,0.0
1763683200000,530113.9360070247,530113.9360070247,0,0.0,0.0,0.0,0.0
1763697600000,530543.8312323106,529947.9197587667,1,331436.58504258253,10602.278720140495,10602.278720140495,331436.58504258253
1763712000000,545360.0173677857,540394.7456558768,1,161050.97654615433,5301.139360070248,5301.139360070248,161050.97654615433
1763726400000,550763.3629537955,540406.8650338713,1,155659.75033813895,5301.139360070248,5301.139360070248,155659.75033813895
1763740800000,550249.0056830661,540406.8650338713,1,156174.10760886836,5301.139360070248,5301.139360070248,156174.10760886836
1763755200000,548444.577949959,540412.2128829601,1,157983.88319106432,5301.139360070248,5301.139360070248,157983.88319106432
1763769600000,549054.1865671198,540412.2128829601,1,157374.27457390356,5301.139360070248,5301.139360070248,157374.27457390356
1763784000000,547912.8857144164,540413.9281874332,1,158517.29073107996,5301.139360070248,5301.139360070248,158517.29073107996
1763798400000,548027.1873301341,540413.9281874332,1,158402.98911536235,5301.139360070248,5301.139360070248,158402.98911536235
1763812800000,548648.8363189494,540425.9685590877,1,157793.3804982016,5301.139360070248,5301.139360070248,157793.3804982016
1763827200000,551239.6729418825,540425.9685590877,1,155202.54387526843,5301.139360070248,5301.139360070248,155202.54387526843
1763841600000,550172.1562666616,540425.2669638981,1,156269.35895529971,5301.139360070248,5301.139360070248,156269.35895529971
1763856000000,550134.0557280891,540425.2669638981,1,156307.45949387227,5301.139360070248,5301.139360070248,156307.45949387227
1763870400000,547110.7143363536,540430.9183886801,1,159336.45231038972,5301.139360070248,5301.139360070248,159336.45231038972
1763884800000,548215.6299549574,540430.9183886801,1,158231.53669178588,5301.139360070248,5301.139360070248,158231.53669178588
1763899200000,548238.251538523,540415.4394336732,1,158193.43615321335,5301.139360070248,5301.139360070248,158193.43615321335
1763913600000,546961.8834963428,540415.4394336732,1,159469.80419539363,5301.139360070248,5301.139360070248,159469.80419539363
1763928000000,546785.5066452128,540410.5150061196,1,159641.25661897007,5301.139360070248,5301.139360070248,159641.25661897007
1763942400000,548252.3773802558,540410.5150061196,1,158174.38588392705,5301.139360070248,5301.139360070248,158174.38588392705
1763956800000,545193.7385675661,545193.7385675661,0,0.0,0.0,0.0,0.0
1763971200000,545193.7385675661,545193.7385675661,0,0.0,0.0,0.0,0.0
1763985600000,545193.7385675661,545193.7385675661,0,0.0,0.0,0.0,0.0
1764000000000,545193.7385675661,545193.7385675661,0,0.0,0.0,0.0,0.0
1764014400000,545193.7385675661,545193.7385675661,0,0.0,0.0,0.0,0.0
1764028800000,545193.7385675661,545193.7385675661,0,0.0,0.0,0.0,0.0
1764043200000,545193.7385675661,545193.7385675661,0,0.0,0.0,0.0,0.0
1764057600000,545193.7385675661,545193.7385675661,0,0.0,0.0,0.0,0.0
1764072000000,545193.7385675661,545193.7385675661,0,0.0,0.0,0.0,0.0
1764086400000,545193.7385675661,545193.7385675661,0,0.0,0.0,0.0,0.0
1764100800000,545193.7385675661,545193.7385675661,0,0.0,0.0,0.0,0.0
1764115200000,545193.7385675661,545193.7385675661,0,0.0,0.0,0.0,0.0
1764129600000,545193.7385675661,545193.7385675661,0,0.0,0.0,0.0,0.0
1764144000000,545193.7385675661,545193.7385675661,0,0.0,0.0,0.0,0.0
1764158400000,545193.7385675661,545193.7385675661,0,0.0,0.0,0.0,0.0
1764172800000,545193.7385675661,545193.7385675661,0,0.0,0.0,0.0,0.0
1764187200000,545193.7385675661,545193.7385675661,0,0.0,0.0,0.0,0.0
1764201600000,545193.7385675661,545193.7385675661,0,0.0,0.0,0.0,0.0
1764216000000,545193.7385675661,545193.7385675661,0,0.0,0.0,0.0,0.0
1764230400000,545193.7385675661,545193.7385675661,0,0.0,0.0,0.0,0.0
1764244800000,545193.7385675661,545193.7385675661,0,0.0,0.0,0.0,0.0
1764259200000,545193.7385675661,545193.7385675661,0,0.0,0.0,0.0,0.0
1764273600000,545193.7385675661,545193.7385675661,0,0.0,0.0,0.0,0.0
1764288000000,545193.7385675661,545193.7385675661,0,0.0,0.0,0.0,0.0
1764302400000,545193.7385675661,545193.7385675661,0,0.0,0.0,0.0,0.0
1764316800000,545193.7385675661,545193.7385675661,0,0.0,0.0,0.0,0.0
1764331200000,545193.7385675661,545193.7385675661,0,0.0,0.0,0.0,0.0
1764345600000,545193.7385675661,545193.7385675661,0,0.0,0.0,0.0,0.0
1764360000000,545193.7385675661,545193.7385675661,0,0.0,0.0,0.0,0.0
1764374400000,545193.7385675661,545193.7385675661,0,0.0,0.0,0.0,0.0
1764388800000,545193.7385675661,545193.7385675661,0,0.0,0.0,0.0,0.0
1764403200000,545193.7385675661,545193.7385675661,0,0.0,0.0,0.0,0.0
1764417600000,545193.7385675661,545193.7385675661,0,0.0,0.0,0.0,0.0
1764432000000,545193.7385675661,545193.7385675661,0,0.0,0.0,0.0,0.0
1764446400000,545193.7385675661,545193.7385675661,0,0.0,0.0,0.0,0.0
1764460800000,545193.7385675661,545193.7385675661,0,0.0,0.0,0.0,0.0
1764475200000,545193.7385675661,545193.7385675661,0,0.0,0.0,0.0,0.0
1764489600000,545193.7385675661,545193.7385675661,0,0.0,0.0,0.0,0.0
1764504000000,547770.5654415139,544862.1954731857,1,660177.8187923838,10903.874771351324,10903.874771351324,660177.8187923838
1764518400000,543074.798894872,544862.1954731857,1,664873.5853390257,10903.874771351324,10903.874771351324,664873.5853390257
1764532800000,551050.7584815903,544714.4789342136,1,656749.9092133353,10903.874771351324,10903.874771351324,656749.9092133353
1764547200000,565063.3260978713,555297.6343261511,1,321777.4026086357,5451.937385675662,5451.937385675662,321777.4026086357
1764561600000,608790.8170791997,565895.4717696202,2,608625.9065127135,11101.608158731044,11101.608158731044,608625.9065127135
1764576000000,598977.3226331196,565146.4822282662,4,2115669.49412547,35436.4821864604,35436.4821864604,2115669.49412547
1764590400000,609572.2306995599,565123.5193720844,4,2105051.6232028482,35436.4821864604,35436.4821864604,2105051.6232028482
1764604800000,657819.4250788412,576877.9812618045,4,1634836.4204217186,29348.425369976547,29348.425369976547,1634836.4204217186
1764619200000,661288.7084802225,576852.2706108696,4,1631341.4263694026,29348.425369976547,29348.425369976547,1631341.4263694026
1764633600000,632949.5876589749,576418.4397099605,3,1225524.245998173,23260.36855349269,23260.36855349269,1225524.245998173
1764648000000,628304.5350541774,576366.5866913964,3,1230117.4455844066,23260.36855349269,23260.36855349269,1230117.4455844066
1764662400000,626960.5040496046,576366.5866913964,3,1231461.4765889794,23260.36855349269,23260.36855349269,1231461.4765889794
1764676800000,616635.595089091,599196.0142863462,1,302538.57663919235,5649.670773055383,5649.670773055383,302538.57663919235
1764691200000,611777.6378966225,611777.6378966225,0,0.0,0.0,0.0,0.0
1764705600000,611777.6378966225,611777.6378966225,0,0.0,0.0,0.0,0.0
1764720000000,611777.6378966225,611777.6378966225,0,0.0,0.0,0.0,0.0
1764734400000,611777.6378966225,611777.6378966225,0,0.0,0.0,0.0,0.0
1764748800000,611777.6378966225,611777.6378966225,0,0.0,0.0,0.0,0.0
1764763200000,611777.6378966225,611777.6378966225,0,0.0,0.0,0.0,0.0
1764777600000,611777.6378966225,611777.6378966225,0,0.0,0.0,0.0,0.0
1764792000000,611777.6378966225,611777.6378966225,0,0.0,0.0,0.0,0.0
1764806400000,611777.6378966225,611777.6378966225,0,0.0,0.0,0.0,0.0
1764820800000,611777.6378966225,611777.6378966225,0,0.0,0.0,0.0,0.0
1764835200000,611777.6378966225,611777.6378966225,0,0.0,0.0,0.0,0.0
1764849600000,611777.6378966225,611777.6378966225,0,0.0,0.0,0.0,0.0
1764864000000,611777.6378966225,611777.6378966225,0,0.0,0.0,0.0,0.0
1764878400000,611777.6378966225,611777.6378966225,0,0.0,0.0,0.0,0.0
1764892800000,611777.6378966225,611777.6378966225,0,0.0,0.0,0.0,0.0
1764907200000,611777.6378966225,611777.6378966225,0,0.0,0.0,0.0,0.0
1764921600000,611777.6378966225,611777.6378966225,0,0.0,0.0,0.0,0.0
1764936000000,611777.6378966225,611777.6378966225,0,0.0,0.0,0.0,0.0
1764950400000,611777.6378966225,611777.6378966225,0,0.0,0.0,0.0,0.0
1764964800000,611777.6378966225,611777.6378966225,0,0.0,0.0,0.0,0.0
1764979200000,611777.6378966225,611777.6378966225,0,0.0,0.0,0.0,0.0
1764993600000,611777.6378966225,611777.6378966225,0,0.0,0.0,0.0,0.0
1765008000000,611777.6378966225,611777.6378966225,0,0.0,0.0,0.0,0.0
1765022400000,611777.6378966225,611777.6378966225,0,0.0,0.0,0.0,0.0
1765036800000,611777.6378966225,611777.6378966225,0,0.0,0.0,0.0,0.0
1765051200000,611777.6378966225,611777.6378966225,0,0.0,0.0,0.0,0.0
1765065600000,611777.6378966225,611777.6378966225,0,0.0,0.0,0.0,0.0
1765080000000,611777.6378966225,611777.6378966225,0,0.0,0.0,0.0,0.0
1765094400000,611777.6378966225,611777.6378966225,0,0.0,0.0,0.0,0.0
1765108800000,611777.6378966225,611777.6378966225,0,0.0,0.0,0.0,0.0
1765123200000,611777.6378966225,611777.6378966225,0,0.0,0.0,0.0,0.0
1765137600000,611777.6378966225,611777.6378966225,0,0.0,0.0,0.0,0.0
1765152000000,611777.6378966225,611777.6378966225,0,0.0,0.0,0.0,0.0
1765166400000,611777.6378966225,611777.6378966225,0,0.0,0.0,0.0,0.0
1765180800000,611777.6378966225,611777.6378966225,0,0.0,0.0,0.0,0.0
1765195200000,611777.6378966225,611777.6378966225,0,0.0,0.0,0.0,0.0
1765209600000,611777.6378966225,611777.6378966225,0,0.0,0.0,0.0,0.0
1765224000000,611777.6378966225,611777.6378966225,0,0.0,0.0,0.0,0.0
1765238400000,611777.6378966225,611777.6378966225,0,0.0,0.0,0.0,0.0
1765252800000,611777.6378966225,611777.6378966225,0,0.0,0.0,0.0,0.0
1765267200000,611777.6378966225,611777.6378966225,0,0.0,0.0,0.0,0.0
1765281600000,611777.6378966225,611777.6378966225,0,0.0,0.0,0.0,0.0
1765296000000,611777.6378966225,611777.6378966225,0,0.0,0.0,0.0,0.0
1765310400000,611777.6378966225,611777.6378966225,0,0.0,0.0,0.0,0.0
1765324800000,611777.6378966225,611777.6378966225,0,0.0,0.0,0.0,0.0
1765339200000,611777.6378966225,611777.6378966225,0,0.0,0.0,0.0,0.0
1765353600000,611777.6378966225,611777.6378966225,0,0.0,0.0,0.0,0.0
1765368000000,611777.6378966225,611777.6378966225,0,0.0,0.0,0.0,0.0
1765382400000,611777.6378966225,611777.6378966225,0,0.0,0.0,0.0,0.0
1765396800000,611777.6378966225,611777.6378966225,0,0.0,0.0,0.0,0.0
1765411200000,611777.6378966225,611777.6378966225,0,0.0,0.0,0.0,0.0
1765425600000,611777.6378966225,611777.6378966225,0,0.0,0.0,0.0,0.0
1765440000000,612170.9398629667,611437.6189646146,1,679304.5431176341,12235.552757932452,12235.552757932452,679304.5431176341
1765454400000,612586.2393229541,611437.6189646146,1,678889.2436576467,12235.552757932452,12235.552757932452,678889.2436576467
1765468800000,613103.4046882215,611437.6189646146,1,678372.0782923793,12235.552757932452,12235.552757932452,678372.0782923793
1765483200000,604993.3114601641,611437.6189646146,1,686482.1715204366,12235.552757932452,12235.552757932452,686482.1715204366
1765497600000,598509.619721554,598509.619721554,0,0.0,0.0,0.0,0.0
1765512000000,598509.619721554,598509.619721554,0,0.0,0.0,0.0,0.0
1765526400000,598509.619721554,598509.619721554,0,0.0,0.0,0.0,0.0
1765540800000,598509.619721554,598509.619721554,0,0.0,0.0,0.0,0.0
1765555200000,598509.619721554,598509.619721554,0,0.0,0.0,0.0,0.0
1765569600000,598509.619721554,598509.619721554,0,0.0,0.0,0.0,0.0
1765584000000,598509.619721554,598509.619721554,0,0.0,0.0,0.0,0.0
1765598400000,598509.619721554,598509.619721554,0,0.0,0.0,0.0,0.0
1765612800000,598509.619721554,598509.619721554,0,0.0,0.0,0.0,0.0
1765627200000,598509.619721554,598509.619721554,0,0.0,0.0,0.0,0.0
1765641600000,598509.619721554,598509.619721554,0,0.0,0.0,0.0,0.0
1765656000000,598509.619721554,598509.619721554,0,0.0,0.0,0.0,0.0
1765670400000,598509.619721554,598509.619721554,0,0.0,0.0,0.0,0.0
1765684800000,598509.619721554,598509.619721554,0,0.0,0.0,0.0,0.0
1765699200000,598509.619721554,598509.619721554,0,0.0,0.0,0.0,0.0
1765713600000,598509.619721554,598509.619721554,0,0.0,0.0,0.0,0.0
1765728000000,598509.619721554,598509.619721554,0,0.0,0.0,0.0,0.0
1765742400000,598509.619721554,598509.619721554,0,0.0,0.0,0.0,0.0
1765756800000,599601.0659918234,597809.6210080844,2,1398205.9819554002,23926.971050005188,23926.971050005188,1398205.9819554002
1765771200000,559562.2267283426,559562.2267283426,0,0.0,0.0,0.0,0.0
1765785600000,559562.2267283426,559562.2267283426,0,0.0,0.0,0.0,0.0
1765800000000,559562.2267283426,559562.2267283426,0,0.0,0.0,0.0,0.0
1765814400000,559562.2267283426,559562.2267283426,0,0.0,0.0,0.0,0.0
1765828800000,566611.5181873282,559197.593894689,1,721851.7430144512,11191.244534566851,11191.244534566851,721851.7430144512
1765843200000,559410.2396668495,559197.593894689,1,729053.02153493,11191.244534566851,11191.244534566851,729053.02153493
1765857600000,561906.9093425815,559197.593894689,1,726556.3518591981,11191.244534566851,11191.244534566851,726556.3518591981
1765872000000,558136.4286078026,559197.593894689,1,730326.832593977,11191.244534566851,11191.244534566851,730326.832593977
1765886400000,552973.247781799,559197.593894689,1,735490.0134199806,11191.244534566851,11191.244534566851,735490.0134199806
1765900800000,551175.6879076689,551175.6879076689,0,0.0,0.0,0.0,0.0
1765915200000,551175.6879076689,551175.6879076689,0,0.0,0.0,0.0,0.0
1765929600000,551175.6879076689,551175.6879076689,0,0.0,0.0,0.0,0.0
1765944000000,551175.6879076689,551175.6879076689,0,0.0,0.0,0.0,0.0
1765958400000,551175.6879076689,551175.6879076689,0,0.0,0.0,0.0,0.0
1765972800000,551175.6879076689,551175.6879076689,0,0.0,0.0,0.0,0.0
1765987200000,551175.6879076689,551175.6879076689,0,0.0,0.0,0.0,0.0
1766001600000,551175.6879076689,551175.6879076689,0,0.0,0.0,0.0,0.0
1766016000000,551175.6879076689,551175.6879076689,0,0.0,0.0,0.0,0.0
1766030400000,551175.6879076689,551175.6879076689,0,0.0,0.0,0.0,0.0
1766044800000,551175.6879076689,551175.6879076689,0,0.0,0.0,0.0,0.0
1766059200000,551175.6879076689,551175.6879076689,0,0.0,0.0,0.0,0.0
1766073600000,551175.6879076689,551175.6879076689,0,0.0,0.0,0.0,0.0
1766088000000,551175.6879076689,551175.6879076689,0,0.0,0.0,0.0,0.0
1766102400000,551175.6879076689,551175.6879076689,0,0.0,0.0,0.0,0.0
1766116800000,551175.6879076689,551175.6879076689,0,0.0,0.0,0.0,0.0
1766131200000,551175.6879076689,551175.6879076689,0,0.0,0.0,0.0,0.0
1766145600000,551175.6879076689,551175.6879076689,0,0.0,0.0,0.0,0.0
1766160000000,551175.6879076689,551175.6879076689,0,0.0,0.0,0.0,0.0
1766174400000,551175.6879076689,551175.6879076689,0,0.0,0.0,0.0,0.0
1766188800000,551175.6879076689,551175.6879076689,0,0.0,0.0,0.0,0.0
1766203200000,551175.6879076689,551175.6879076689,0,0.0,0.0,0.0,0.0
1766217600000,551175.6879076689,551175.6879076689,0,0.0,0.0,0.0,0.0
1766232000000,551175.6879076689,551175.6879076689,0,0.0,0.0,0.0,0.0
1766246400000,551175.6879076689,551175.6879076689,0,0.0,0.0,0.0,0.0
1766260800000,551175.6879076689,551175.6879076689,0,0.0,0.0,0.0,0.0
1766275200000,551175.6879076689,551175.6879076689,0,0.0,0.0,0.0,0.0
1766289600000,551175.6879076689,551175.6879076689,0,0.0,0.0,0.0,0.0
1766304000000,551175.6879076689,551175.6879076689,0,0.0,0.0,0.0,0.0
1766318400000,551175.6879076689,551175.6879076689,0,0.0,0.0,0.0,0.0
1766332800000,551175.6879076689,551175.6879076689,0,0.0,0.0,0.0,0.0
1766347200000,551175.6879076689,551175.6879076689,0,0.0,0.0,0.0,0.0
1766361600000,551175.6879076689,551175.6879076689,0,0.0,0.0,0.0,0.0
1766376000000,551175.6879076689,551175.6879076689,0,0.0,0.0,0.0,0.0
1766390400000,551175.6879076689,551175.6879076689,0,0.0,0.0,0.0,0.0
1766404800000,551175.6879076689,551175.6879076689,0,0.0,0.0,0.0,0.0
1766419200000,551175.6879076689,551175.6879076689,0,0.0,0.0,0.0,0.0
1766433600000,551175.6879076689,551175.6879076689,0,0.0,0.0,0.0,0.0
1766448000000,551175.6879076689,551175.6879076689,0,0.0,0.0,0.0,0.0
1766462400000,551175.6879076689,551175.6879076689,0,0.0,0.0,0.0,0.0
1766476800000,551175.6879076689,551175.6879076689,0,0.0,0.0,0.0,0.0
1766491200000,551175.6879076689,551175.6879076689,0,0.0,0.0,0.0,0.0
1766505600000,551175.6879076689,551175.6879076689,0,0.0,0.0,0.0,0.0
1766520000000,545726.5124126388,550116.3599870985,3,2123045.6887152945,32997.617034392664,32997.617034392664,2123045.6887152945
1766534400000,526296.1336048674,526844.5135852862,1,904104.1469788271,10963.214392983333,10963.214392983333,904104.1469788271
1766548800000,529872.7575740122,526844.5135852862,1,900527.5230096823,10963.214392983333,10963.214392983333,900527.5230096823
1766563200000,540567.0526996084,526253.1183283563,3,2072032.3464870495,31758.79530714966,31758.79530714966,2072032.3464870495
1766577600000,532359.5099565752,526227.841941052,3,2080214.6128427784,31758.79530714966,31758.79530714966,2080214.6128427784
1766592000000,527680.586235508,526227.841941052,3,2084893.5365638458,31758.79530714966,31758.79530714966,2084893.5365638458
1766606400000,520144.26192988787,526239.0651425642,3,2092441.0840709782,31758.79530714966,31758.79530714966,2092441.0840709782
1766620800000,522677.43775002833,526239.0651425642,3,2089907.9082508376,31758.79530714966,31758.79530714966,2089907.9082508376
1766635200000,521239.71813707013,526340.1864270981,3,2091446.7491483297,31758.79530714966,31758.79530714966,2091446.7491483297
1766649600000,523616.3947359489,526340.1864270981,3,2089070.072549451,31758.79530714966,31758.79530714966,2089070.072549451
1766664000000,538075.5466115064,526437.3296354758,3,2074708.0638822708,31758.79530714966,31758.79530714966,2074708.0638822708
1766678400000,512889.58314348164,516290.8949532193,2,1466319.6230679336,21560.669544463577,21560.669544463577,1466319.6230679336
1766692800000,510165.89112232294,507758.7375234484,1,901148.6133995338,10963.214392983333,10963.214392983333,901148.6133995338
1766707200000,523090.99630423245,507758.7375234484,1,888223.5082176243,10963.214392983333,10963.214392983333,888223.5082176243
1766721600000,506578.7531057764,506578.7531057764,0,0.0,0.0,0.0,0.0
1766736000000,506578.7531057764,506578.7531057764,0,0.0,0.0,0.0,0.0
1766750400000,506578.7531057764,506578.7531057764,0,0.0,0.0,0.0,0.0
1766764800000,506578.7531057764,506578.7531057764,0,0.0,0.0,0.0,0.0
1766779200000,506578.7531057764,506578.7531057764,0,0.0,0.0,0.0,0.0
1766793600000,506578.7531057764,506578.7531057764,0,0.0,0.0,0.0,0.0
1766808000000,506578.7531057764,506578.7531057764,0,0.0,0.0,0.0,0.0
1766822400000,506578.7531057764,506578.7531057764,0,0.0,0.0,0.0,0.0
1766836800000,506578.7531057764,506578.7531057764,0,0.0,0.0,0.0,0.0
1766851200000,506578.7531057764,506578.7531057764,0,0.0,0.0,0.0,0.0
1766865600000,506578.7531057764,506578.7531057764,0,0.0,0.0,0.0,0.0
1766880000000,506578.7531057764,506578.7531057764,0,0.0,0.0,0.0,0.0
1766894400000,506578.7531057764,506578.7531057764,0,0.0,0.0,0.0,0.0
1766908800000,506578.7531057764,506578.7531057764,0,0.0,0.0,0.0,0.0
1766923200000,506578.7531057764,506578.7531057764,0,0.0,0.0,0.0,0.0
1766937600000,506578.7531057764,506578.7531057764,0,0.0,0.0,0.0,0.0
1766952000000,506578.7531057764,506578.7531057764,0,0.0,0.0,0.0,0.0
1766966400000,506578.7531057764,506578.7531057764,0,0.0,0.0,0.0,0.0
1766980800000,506578.7531057764,506578.7531057764,0,0.0,0.0,0.0,0.0
1766995200000,506578.7531057764,506578.7531057764,0,0.0,0.0,0.0,0.0
1767009600000,506578.7531057764,506578.7531057764,0,0.0,0.0,0.0,0.0
1767024000000,506578.7531057764,506578.7531057764,0,0.0,0.0,0.0,0.0
1767038400000,506578.7531057764,506578.7531057764,0,0.0,0.0,0.0,0.0
1767052800000,506578.7531057764,506578.7531057764,0,0.0,0.0,0.0,0.0
1767067200000,506578.7531057764,506578.7531057764,0,0.0,0.0,0.0,0.0
1767081600000,506578.7531057764,506578.7531057764,0,0.0,0.0,0.0,0.0
1767096000000,506578.7531057764,506578.7531057764,0,0.0,0.0,0.0,0.0
1767110400000,506578.7531057764,506578.7531057764,0,0.0,0.0,0.0,0.0
1767124800000,506578.7531057764,506578.7531057764,0,0.0,0.0,0.0,0.0
1767139200000,506578.7531057764,506578.7531057764,0,0.0,0.0,0.0,0.0
1767153600000,506578.7531057764,506578.7531057764,0,0.0,0.0,0.0,0.0
1767168000000,506578.7531057764,506578.7531057764,0,0.0,0.0,0.0,0.0
1767182400000,506578.7531057764,506578.7531057764,0,0.0,0.0,0.0,0.0
1767196800000,506578.7531057764,506578.7531057764,0,0.0,0.0,0.0,0.0
1767211200000,527557.413447824,515993.13284954993,1,352054.9801430663,5065.787531057764,5065.787531057764,352054.9801430663
1767225600000,519046.9364230148,515534.4240404462,2,1277524.3665662543,15616.935800014244,15616.935800014244,1277524.3665662543
1767240000000,512285.8612907275,503845.8846377457,1,355179.28408835846,5065.787531057764,5065.787531057764,355179.28408835846
1767254400000,511865.28191347665,503845.8846377457,1,355599.8634656094,5065.787531057764,5065.787531057764,355599.8634656094
1767268800000,509432.59800225316,509432.59800225316,0,0.0,0.0,0.0,0.0
1767283200000,509432.59800225316,509432.59800225316,0,0.0,0.0,0.0,0.0
1767297600000,509432.59800225316,509432.59800225316,0,0.0,0.0,0.0,0.0
1767312000000,509432.59800225316,509432.59800225316,0,0.0,0.0,0.0,0.0
1767326400000,509432.59800225316,509432.59800225316,0,0.0,0.0,0.0,0.0
1767340800000,509432.59800225316,509432.59800225316,0,0.0,0.0,0.0,0.0
1767355200000,509432.59800225316,509432.59800225316,0,0.0,0.0,0.0,0.0
1767369600000,509432.59800225316,509432.59800225316,0,0.0,0.0,0.0,0.0
1767384000000,509432.59800225316,509432.59800225316,0,0.0,0.0,0.0,0.0
1767398400000,509432.59800225316,509432.59800225316,0,0.0,0.0,0.0,0.0
1767412800000,509432.59800225316,509432.59800225316,0,0.0,0.0,0.0,0.0
1767427200000,502714.7829875558,509152.8309757918,1,553096.0049345299,10188.651960045063,0.0,0.0
1767441600000,504036.75028275035,509133.909561463,1,554436.8936440533,10188.651960045063,0.0,0.0
1767456000000,504559.4999532188,509133.909561463,1,554959.6433145216,10188.651960045063,0.0,0.0
1767470400000,506704.1774907593,509115.9788732301,1,557122.2515402951,10188.651960045063,0.0,0.0
1767484800000,509115.6288815843,509115.9788732301,1,559533.7029311201,10188.651960045063,0.0,0.0
1767499200000,512700.1372151962,509073.463808318,1,563160.7263296441,10188.651960045063,0.0,0.0
1767513600000,511586.60880755464,509073.463808318,1,562047.1979220025,10188.651960045063,0.0,0.0
1767528000000,511372.37883780815,509072.2722316734,1,561834.1595289006,10188.651960045063,0.0,0.0
1767542400000,510624.0591040554,509072.2722316734,1,561085.8397951479,10188.651960045063,0.0,0.0
1767556800000,510076.8458059123,509031.6964566212,1,560579.202272057,10188.651960045063,0.0,0.0
1767571200000,512226.92236150324,509031.6964566212,1,562729.2788276479,10188.651960045063,0.0,0.0
1767585600000,519597.4825540024,508987.0883782981,1,570144.4470984702,10188.651960045063,0.0,0.0
1767600000000,514452.33682480315,508987.0883782981,1,564999.3013692709,10188.651960045063,0.0,0.0
1767614400000,518542.94454862643,508981.6301910539,1,569095.3672803384,10188.651960045063,0.0,0.0
1767628800000,521337.50699931534,508981.6301910539,1,571889.9297310273,10188.651960045063,0.0,0.0
1767643200000,526167.1247022637,508952.5403404021,1,576748.6372846275,10188.651960045063,0.0,0.0
1767657600000,526539.4943305425,508952.5403404021,1,577121.0069129063,10188.651960045063,0.0,0.0
1767672000000,526523.5565699488,508906.16852365097,1,577151.4409690638,10188.651960045063,0.0,0.0
1767686400000,525472.6865132196,508906.16852365097,1,576100.5709123345,10188.651960045063,0.0,0.0
1767700800000,528718.1610695891,508866.555253618,1,579385.6587387369,10188.651960045063,0.0,0.0
1767715200000,534873.0013677751,508866.555253618,1,585540.499036923,10188.651960045063,0.0,0.0
1767729600000,526154.7172671327,508841.6697824089,1,576847.1004074896,10188.651960045063,0.0,0.0
1767744000000,539273.5857095725,508841.6697824089,1,589965.9688499295,10188.651960045063,0.0,0.0
1767758400000,533877.3830848634,508796.49032561085,1,584614.9456820184,10188.651960045063,0.0,0.0
1767772800000,531804.2867889646,508796.49032561085,1,582541.8493861197,10188.651960045063,0.0,0.0
1767787200000,525453.146699666,508754.1510538829,1,576233.048568549,10188.651960045063,0.0,0.0
1767801600000,515567.4491643014,508754.1510538829,1,566347.3510331843,10188.651960045063,0.0,0.0
1767816000000,514979.1445963238,514979.1445963238,0,0.0,0.0,0.0,0.0
1767830400000,514979.1445963238,514979.1445963238,0,0.0,0.0,0.0,0.0
1767844800000,514979.1445963238,514979.1445963238,0,0.0,0.0,0.0,0.0
1767859200000,514979.1445963238,514979.1445963238,0,0.0,0.0,0.0,0.0
1767873600000,514979.1445963238,514979.1445963238,0,0.0,0.0,0.0,0.0
1767888000000,514979.1445963238,514979.1445963238,0,0.0,0.0,0.0,0.0
1767902400000,514979.1445963238,514979.1445963238,0,0.0,0.0,0.0,0.0
1767916800000,514979.1445963238,514979.1445963238,0,0.0,0.0,0.0,0.0
1767931200000,514979.1445963238,514979.1445963238,0,0.0,0.0,0.0,0.0
1767945600000,514979.1445963238,514979.1445963238,0,0.0,0.0,0.0,0.0
1767960000000,514979.1445963238,514979.1445963238,0,0.0,0.0,0.0,0.0
1767974400000,514979.1445963238,514979.1445963238,0,0.0,0.0,0.0,0.0
1767988800000,514979.1445963238,514979.1445963238,0,0.0,0.0,0.0,0.0
1768003200000,514979.1445963238,514979.1445963238,0,0.0,0.0,0.0,0.0
1768017600000,514979.1445963238,514979.1445963238,0,0.0,0.0,0.0,0.0
1768032000000,514979.1445963238,514979.1445963238,0,0.0,0.0,0.0,0.0
1768046400000,514979.1445963238,514979.1445963238,0,0.0,0.0,0.0,0.0
1768060800000,514979.1445963238,514979.1445963238,0,0.0,0.0,0.0,0.0
1768075200000,514979.1445963238,514979.1445963238,0,0.0,0.0,0.0,0.0
1768089600000,514979.1445963238,514979.1445963238,0,0.0,0.0,0.0,0.0
1768104000000,514979.1445963238,514979.1445963238,0,0.0,0.0,0.0,0.0
1768118400000,514979.1445963238,514979.1445963238,0,0.0,0.0,0.0,0.0
1768132800000,514979.1445963238,514979.1445963238,0,0.0,0.0,0.0,0.0
1768147200000,514979.1445963238,514979.1445963238,0,0.0,0.0,0.0,0.0
1768161600000,514979.1445963238,514979.1445963238,0,0.0,0.0,0.0,0.0
1768176000000,514979.1445963238,514979.1445963238,0,0.0,0.0,0.0,0.0
1768190400000,509233.0829137795,509233.0829137795,0,0.0,0.0,0.0,0.0
1768204800000,503593.73607660265,503593.73607660265,0,0.0,0.0,0.0,0.0
1768219200000,507355.1764856515,503428.1031704799,1,327338.7389304166,5035.937360766025,5035.937360766025,327338.7389304166
1768233600000,511195.2015114655,508303.40341324173,1,162741.10802457036,2517.9686803830127,2517.9686803830127,162741.10802457036
1768248000000,513206.60034419433,508310.60140822956,1,160736.90718682934,2517.9686803830127,2517.9686803830127,160736.90718682934
1768262400000,513459.76255527744,508310.60140822956,1,160483.74497574623,2517.9686803830127,2517.9686803830127,160483.74497574623
1768276800000,513215.7956665826,508319.7967306178,1,160736.90718682934,2517.9686803830127,2517.9686803830127,160736.90718682934
1768291200000,511992.1783130144,508319.7967306178,1,161960.5245403975,2517.9686803830127,2517.9686803830127,161960.5245403975
1768305600000,513021.0222956046,508335.9918688757,1,160947.87569606525,2517.9686803830127,2517.9686803830127,160947.87569606525
1768320000000,511502.0490291061,508335.9918688757,1,162466.8489625637,2517.9686803830127,2517.9686803830127,162466.8489625637
1768334400000,509658.0121778904,509658.0121778904,0,0.0,0.0,0.0,0.0
1768348800000,509658.0121778904,509658.0121778904,0,0.0,0.0,0.0,0.0
1768363200000,509658.0121778904,509658.0121778904,0,0.0,0.0,0.0,0.0
1768377600000,509658.0121778904,509658.0121778904,0,0.0,0.0,0.0,0.0
1768392000000,509658.0121778904,509658.0121778904,0,0.0,0.0,0.0,0.0
1768406400000,509658.0121778904,509658.0121778904,0,0.0,0.0,0.0,0.0
1768420800000,509658.0121778904,509658.0121778904,0,0.0,0.0,0.0,0.0
1768435200000,509658.0121778904,509658.0121778904,0,0.0,0.0,0.0,0.0
1768449600000,509658.0121778904,509658.0121778904,0,0.0,0.0,0.0,0.0
1768464000000,509658.0121778904,509658.0121778904,0,0.0,0.0,0.0,0.0
1768478400000,509658.0121778904,509658.0121778904,0,0.0,0.0,0.0,0.0
1768492800000,509658.0121778904,509658.0121778904,0,0.0,0.0,0.0,0.0
1768507200000,509658.0121778904,509658.0121778904,0,0.0,0.0,0.0,0.0
1768521600000,509658.0121778904,509658.0121778904,0,0.0,0.0,0.0,0.0
1768536000000,509658.0121778904,509658.0121778904,0,0.0,0.0,0.0,0.0
1768550400000,509658.0121778904,509658.0121778904,0,0.0,0.0,0.0,0.0
1768564800000,509658.0121778904,509658.0121778904,0,0.0,0.0,0.0,0.0
1768579200000,509658.0121778904,509658.0121778904,0,0.0,0.0,0.0,0.0
1768593600000,509658.0121778904,509658.0121778904,0,0.0,0.0,0.0,0.0
1768608000000,509658.0121778904,509658.0121778904,0,0.0,0.0,0.0,0.0
1768622400000,509658.0121778904,509658.0121778904,0,0.0,0.0,0.0,0.0
1768636800000,509658.0121778904,509658.0121778904,0,0.0,0.0,0.0,0.0
1768651200000,509658.0121778904,509658.0121778904,0,0.0,0.0,0.0,0.0
1768665600000,509658.0121778904,509658.0121778904,0,0.0,0.0,0.0,0.0
1768680000000,509658.0121778904,509658.0121778904,0,0.0,0.0,0.0,0.0
1768694400000,509658.0121778904,509658.0121778904,0,0.0,0.0,0.0,0.0
1768708800000,509658.0121778904,509658.0121778904,0,0.0,0.0,0.0,0.0
1768723200000,509658.0121778904,509658.0121778904,0,0.0,0.0,0.0,0.0
1768737600000,509658.0121778904,509658.0121778904,0,0.0,0.0,0.0,0.0
1768752000000,509658.0121778904,509658.0121778904,0,0.0,0.0,0.0,0.0
1768766400000,509658.0121778904,509658.0121778904,0,0.0,0.0,0.0,0.0
1768780800000,509658.0121778904,509658.0121778904,0,0.0,0.0,0.0,0.0
1768795200000,509658.0121778904,509658.0121778904,0,0.0,0.0,0.0,0.0
1768809600000,510232.84357890853,509565.5366217186,1,184283.80538633544,5096.580121778904,5096.580121778904,184283.80538633544
1768824000000,507644.6288389356,509560.7397142644,1,186867.22321885414,5096.580121778904,5096.580121778904,186867.22321885414
1768838400000,508860.35487776797,509560.7397142644,1,185651.4971800218,5096.580121778904,5096.580121778904,185651.4971800218
1768852800000,506742.22956393677,509570.1349683898,1,187779.0177479784,5096.580121778904,5096.580121778904,187779.0177479784
1768867200000,507046.1610736448,509570.1349683898,1,187475.0862382703,5096.580121778904,5096.580121778904,187475.0862382703
1768881600000,509040.46197550447,509588.88105714694,1,185499.53142516778,5096.580121778904,5096.580121778904,185499.53142516778
1768896000000,509293.7382335946,509588.88105714694,1,185246.2551670777,5096.580121778904,5096.580121778904,185246.2551670777
1768910400000,513402.98602544575,509595.05346793897,1,181143.17978601853,5096.580121778904,5096.580121778904,181143.17978601853
1768924800000,512592.50199955754,509595.05346793897,1,181953.6638119068,5096.580121778904,5096.580121778904,181953.6638119068
1768939200000,516155.02265282144,509611.7065079419,1,178407.79619864578,5096.580121778904,5096.580121778904,178407.79619864578
1768953600000,517016.1619303277,509611.7065079419,1,177546.65692113954,5096.580121778904,5096.580121778904,177546.65692113954
1768968000000,513218.99588218,509613.68433114525,1,181345.8007924906,5096.580121778904,5096.580121778904,181345.8007924906
1768982400000,512459.1671079098,509613.68433114525,1,182105.62956676082,5096.580121778904,5096.580121778904,182105.62956676082
1768996800000,515006.554591921,509628.30923425575,1,179572.8669858601,5096.580121778904,5096.580121778904,179572.8669858601
1769011200000,510578.24820667837,510578.24820667837,0,0.0,0.0,0.0,0.0
1769025600000,510578.24820667837,510578.24820667837,0,0.0,0.0,0.0,0.0
1769040000000,510578.24820667837,510578.24820667837,0,0.0,0.0,0.0,0.0
1769054400000,510578.24820667837,510578.24820667837,0,0.0,0.0,0.0,0.0
1769068800000,510578.24820667837,510578.24820667837,0,0.0,0.0,0.0,0.0
1769083200000,510578.24820667837,510578.24820667837,0,0.0,0.0,0.0,0.0
1769097600000,510578.24820667837,510578.24820667837,0,0.0,0.0,0.0,0.0
1769112000000,510578.24820667837,510578.24820667837,0,0.0,0.0,0.0,0.0
1769126400000,510578.24820667837,510578.24820667837,0,0.0,0.0,0.0,0.0
1769140800000,510578.24820667837,510578.24820667837,0,0.0,0.0,0.0,0.0
1769155200000,510578.24820667837,510578.24820667837,0,0.0,0.0,0.0,0.0
1769169600000,510578.24820667837,510578.24820667837,0,0.0,0.0,0.0,0.0
1769184000000,510578.24820667837,510578.24820667837,0,0.0,0.0,0.0,0.0
1769198400000,510578.24820667837,510578.24820667837,0,0.0,0.0,0.0,0.0
1769212800000,510578.24820667837,510578.24820667837,0,0.0,0.0,0.0,0.0
1769227200000,510578.24820667837,510578.24820667837,0,0.0,0.0,0.0,0.0
1769241600000,510578.24820667837,510578.24820667837,0,0.0,0.0,0.0,0.0
1769256000000,510578.24820667837,510578.24820667837,0,0.0,0.0,0.0,0.0
1769270400000,510578.24820667837,510578.24820667837,0,0.0,0.0,0.0,0.0
1769284800000,510578.24820667837,510578.24820667837,0,0.0,0.0,0.0,0.0
1769299200000,510578.24820667837,510578.24820667837,0,0.0,0.0,0.0,0.0
1769313600000,510578.24820667837,510578.24820667837,0,0.0,0.0,0.0,0.0
1769328000000,510578.24820667837,510578.24820667837,0,0.0,0.0,0.0,0.0
1769342400000,510578.24820667837,510578.24820667837,0,0.0,0.0,0.0,0.0
1769356800000,510578.24820667837,510578.24820667837,0,0.0,0.0,0.0,0.0
1769371200000,510578.24820667837,510578.24820667837,0,0.0,0.0,0.0,0.0
1769385600000,491543.5653306672,509712.5844363933,3,1749496.5596759445,30559.85073253618,30559.85073253618,1749496.5596759445
1769400000000,477118.66135507735,477118.66135507735,0,0.0,0.0,0.0,0.0
1769414400000,477118.66135507735,477118.66135507735,0,0.0,0.0,0.0,0.0
1769428800000,477118.66135507735,477118.66135507735,0,0.0,0.0,0.0,0.0
1769443200000,477118.66135507735,477118.66135507735,0,0.0,0.0,0.0,0.0
1769457600000,477118.66135507735,477118.66135507735,0,0.0,0.0,0.0,0.0
1769472000000,477118.66135507735,477118.66135507735,0,0.0,0.0,0.0,0.0
1769486400000,477118.66135507735,477118.66135507735,0,0.0,0.0,0.0,0.0
1769500800000,477118.66135507735,477118.66135507735,0,0.0,0.0,0.0,0.0
1769515200000,477118.66135507735,477118.66135507735,0,0.0,0.0,0.0,0.0
1769529600000,477118.66135507735,477118.66135507735,0,0.0,0.0,0.0,0.0
1769544000000,477118.66135507735,477118.66135507735,0,0.0,0.0,0.0,0.0
1769558400000,477118.66135507735,477118.66135507735,0,0.0,0.0,0.0,0.0
1769572800000,477118.66135507735,477118.66135507735,0,0.0,0.0,0.0,0.0
1769587200000,477118.66135507735,477118.66135507735,0,0.0,0.0,0.0,0.0
1769601600000,477118.66135507735,477118.66135507735,0,0.0,0.0,0.0,0.0
1769616000000,477118.66135507735,477118.66135507735,0,0.0,0.0,0.0,0.0
1769630400000,477118.66135507735,477118.66135507735,0,0.0,0.0,0.0,0.0
1769644800000,477118.66135507735,477118.66135507735,0,0.0,0.0,0.0,0.0
1769659200000,477118.66135507735,477118.66135507735,0,0.0,0.0,0.0,0.0
1769673600000,477118.66135507735,477118.66135507735,0,0.0,0.0,0.0,0.0
1769688000000,477118.66135507735,477118.66135507735,0,0.0,0.0,0.0,0.0
1769702400000,477118.66135507735,477118.66135507735,0,0.0,0.0,0.0,0.0
1769716800000,477118.66135507735,477118.66135507735,0,0.0,0.0,0.0,0.0
1769731200000,477118.66135507735,477118.66135507735,0,0.0,0.0,0.0,0.0
1769745600000,477118.66135507735,477118.66135507735,0,0.0,0.0,0.0,0.0
1769760000000,477118.66135507735,477118.66135507735,0,0.0,0.0,0.0,0.0
1769774400000,477118.66135507735,477118.66135507735,0,0.0,0.0,0.0,0.0
1769788800000,477118.66135507735,477118.66135507735,0,0.0,0.0,0.0,0.0
1769803200000,477118.66135507735,477118.66135507735,0,0.0,0.0,0.0,0.0
1769817600000,477118.66135507735,477118.66135507735,0,0.0,0.0,0.0,0.0
1769832000000,477118.66135507735,477118.66135507735,0,0.0,0.0,0.0,0.0
1769846400000,477118.66135507735,477118.66135507735,0,0.0,0.0,0.0,0.0
1769860800000,477118.66135507735,477118.66135507735,0,0.0,0.0,0.0,0.0
1769875200000,477118.66135507735,477118.66135507735,0,0.0,0.0,0.0,0.0
1769889600000,477118.66135507735,477118.66135507735,0,0.0,0.0,0.0,0.0
1769904000000,477118.66135507735,477118.66135507735,0,0.0,0.0,0.0,0.0
1769918400000,477118.66135507735,477118.66135507735,0,0.0,0.0,0.0,0.0
1769932800000,477118.66135507735,477118.66135507735,0,0.0,0.0,0.0,0.0
1769947200000,477118.66135507735,477118.66135507735,0,0.0,0.0,0.0,0.0
1769961600000,477118.66135507735,477118.66135507735,0,0.0,0.0,0.0,0.0
1769976000000,477118.66135507735,477118.66135507735,0,0.0,0.0,0.0,0.0
1769990400000,477118.66135507735,477118.66135507735,0,0.0,0.0,0.0,0.0
1770004800000,477118.66135507735,477118.66135507735,0,0.0,0.0,0.0,0.0
1770019200000,477118.66135507735,477118.66135507735,0,0.0,0.0,0.0,0.0
1770033600000,477118.66135507735,477118.66135507735,0,0.0,0.0,0.0,0.0
1770048000000,477118.66135507735,477118.66135507735,0,0.0,0.0,0.0,0.0
1770062400000,477118.66135507735,477118.66135507735,0,0.0,0.0,0.0,0.0
1770076800000,477118.66135507735,477118.66135507735,0,0.0,0.0,0.0,0.0
1770091200000,477118.66135507735,477118.66135507735,0,0.0,0.0,0.0,0.0
1770105600000,477118.66135507735,477118.66135507735,0,0.0,0.0,0.0,0.0
1770120000000,477118.66135507735,477118.66135507735,0,0.0,0.0,0.0,0.0
1770134400000,477118.66135507735,477118.66135507735,0,0.0,0.0,0.0,0.0
1770148800000,477118.66135507735,477118.66135507735,0,0.0,0.0,0.0,0.0
1770163200000,477118.66135507735,477118.66135507735,0,0.0,0.0,0.0,0.0
1770177600000,477118.66135507735,477118.66135507735,0,0.0,0.0,0.0,0.0
1770192000000,477118.66135507735,477118.66135507735,0,0.0,0.0,0.0,0.0
1770206400000,477118.66135507735,477118.66135507735,0,0.0,0.0,0.0,0.0
1770220800000,477118.66135507735,477118.66135507735,0,0.0,0.0,0.0,0.0
1770235200000,477118.66135507735,477118.66135507735,0,0.0,0.0,0.0,0.0
1770249600000,477118.66135507735,477118.66135507735,0,0.0,0.0,0.0,0.0
1770264000000,477118.66135507735,477118.66135507735,0,0.0,0.0,0.0,0.0
1770278400000,477118.66135507735,477118.66135507735,0,0.0,0.0,0.0,0.0
1770292800000,477118.66135507735,477118.66135507735,0,0.0,0.0,0.0,0.0
1770307200000,477118.66135507735,477118.66135507735,0,0.0,0.0,0.0,0.0
1770321600000,477118.66135507735,477118.66135507735,0,0.0,0.0,0.0,0.0
1770336000000,477118.66135507735,477118.66135507735,0,0.0,0.0,0.0,0.0
1770350400000,477118.66135507735,477118.66135507735,0,0.0,0.0,0.0,0.0
1770364800000,477118.66135507735,477118.66135507735,0,0.0,0.0,0.0,0.0
1770379200000,477118.66135507735,477118.66135507735,0,0.0,0.0,0.0,0.0
1770393600000,477118.66135507735,477118.66135507735,0,0.0,0.0,0.0,0.0
1770408000000,477118.66135507735,477118.66135507735,0,0.0,0.0,0.0,0.0
1770422400000,477118.66135507735,477118.66135507735,0,0.0,0.0,0.0,0.0
1770436800000,477118.66135507735,477118.66135507735,0,0.0,0.0,0.0,0.0
1770451200000,477118.66135507735,477118.66135507735,0,0.0,0.0,0.0,0.0
1770465600000,477118.66135507735,477118.66135507735,0,0.0,0.0,0.0,0.0
1770480000000,477118.66135507735,477118.66135507735,0,0.0,0.0,0.0,0.0
1770494400000,477118.66135507735,477118.66135507735,0,0.0,0.0,0.0,0.0
1770508800000,477118.66135507735,477118.66135507735,0,0.0,0.0,0.0,0.0
1770523200000,477118.66135507735,477118.66135507735,0,0.0,0.0,0.0,0.0
1770537600000,477118.66135507735,477118.66135507735,0,0.0,0.0,0.0,0.0
1770552000000,477118.66135507735,477118.66135507735,0,0.0,0.0,0.0,0.0
1770566400000,477118.66135507735,477118.66135507735,0,0.0,0.0,0.0,0.0
1770580800000,477118.66135507735,477118.66135507735,0,0.0,0.0,0.0,0.0
1770595200000,477118.66135507735,477118.66135507735,0,0.0,0.0,0.0,0.0
1770609600000,477118.66135507735,477118.66135507735,0,0.0,0.0,0.0,0.0
1770624000000,477118.66135507735,477118.66135507735,0,0.0,0.0,0.0,0.0
1770638400000,477118.66135507735,477118.66135507735,0,0.0,0.0,0.0,0.0
1770652800000,477118.66135507735,477118.66135507735,0,0.0,0.0,0.0,0.0
1770667200000,477118.66135507735,477118.66135507735,0,0.0,0.0,0.0,0.0
1770681600000,477118.66135507735,477118.66135507735,0,0.0,0.0,0.0,0.0
1770696000000,477118.66135507735,477118.66135507735,0,0.0,0.0,0.0,0.0
1770710400000,477118.66135507735,477118.66135507735,0,0.0,0.0,0.0,0.0
1770724800000,477118.66135507735,477118.66135507735,0,0.0,0.0,0.0,0.0
1770739200000,477118.66135507735,477118.66135507735,0,0.0,0.0,0.0,0.0
1770753600000,477118.66135507735,477118.66135507735,0,0.0,0.0,0.0,0.0
1770768000000,477118.66135507735,477118.66135507735,0,0.0,0.0,0.0,0.0
1770782400000,477118.66135507735,477118.66135507735,0,0.0,0.0,0.0,0.0
1770796800000,477118.66135507735,477118.66135507735,0,0.0,0.0,0.0,0.0
1770811200000,477118.66135507735,477118.66135507735,0,0.0,0.0,0.0,0.0
1770825600000,477118.66135507735,477118.66135507735,0,0.0,0.0,0.0,0.0
1770840000000,477118.66135507735,477118.66135507735,0,0.0,0.0,0.0,0.0
1770854400000,477118.66135507735,477118.66135507735,0,0.0,0.0,0.0,0.0
1770868800000,477118.66135507735,477118.66135507735,0,0.0,0.0,0.0,0.0
1770883200000,477118.66135507735,477118.66135507735,0,0.0,0.0,0.0,0.0
1770897600000,477118.66135507735,477118.66135507735,0,0.0,0.0,0.0,0.0
1770912000000,477118.66135507735,477118.66135507735,0,0.0,0.0,0.0,0.0
1770926400000,477118.66135507735,477118.66135507735,0,0.0,0.0,0.0,0.0
1770940800000,477118.66135507735,477118.66135507735,0,0.0,0.0,0.0,0.0
1770955200000,477118.66135507735,477118.66135507735,0,0.0,0.0,0.0,0.0
1770969600000,477118.66135507735,477118.66135507735,0,0.0,0.0,0.0,0.0
1770984000000,477118.66135507735,477118.66135507735,0,0.0,0.0,0.0,0.0
1770998400000,477118.66135507735,477118.66135507735,0,0.0,0.0,0.0,0.0
1771012800000,477118.66135507735,477118.66135507735,0,0.0,0.0,0.0,0.0
1771027200000,477118.66135507735,477118.66135507735,0,0.0,0.0,0.0,0.0
1771041600000,477118.66135507735,477118.66135507735,0,0.0,0.0,0.0,0.0
1771056000000,477118.66135507735,477118.66135507735,0,0.0,0.0,0.0,0.0
1771070400000,477118.66135507735,477118.66135507735,0,0.0,0.0,0.0,0.0
1771084800000,477118.66135507735,477118.66135507735,0,0.0,0.0,0.0,0.0
1771099200000,477118.66135507735,477118.66135507735,0,0.0,0.0,0.0,0.0
1771113600000,477118.66135507735,477118.66135507735,0,0.0,0.0,0.0,0.0
1771128000000,477118.66135507735,477118.66135507735,0,0.0,0.0,0.0,0.0
1771142400000,477118.66135507735,477118.66135507735,0,0.0,0.0,0.0,0.0
1771156800000,477118.66135507735,477118.66135507735,0,0.0,0.0,0.0,0.0
1771171200000,477118.66135507735,477118.66135507735,0,0.0,0.0,0.0,0.0
1771185600000,477118.66135507735,477118.66135507735,0,0.0,0.0,0.0,0.0
1771200000000,477118.66135507735,477118.66135507735,0,0.0,0.0,0.0,0.0
1771214400000,477118.66135507735,477118.66135507735,0,0.0,0.0,0.0,0.0
1771228800000,477118.66135507735,477118.66135507735,0,0.0,0.0,0.0,0.0
1771243200000,477118.66135507735,477118.66135507735,0,0.0,0.0,0.0,0.0
1771257600000,477118.66135507735,477118.66135507735,0,0.0,0.0,0.0,0.0
1771272000000,477118.66135507735,477118.66135507735,0,0.0,0.0,0.0,0.0
1771286400000,477118.66135507735,477118.66135507735,0,0.0,0.0,0.0,0.0
1771300800000,477118.66135507735,477118.66135507735,0,0.0,0.0,0.0,0.0
1771315200000,477118.66135507735,477118.66135507735,0,0.0,0.0,0.0,0.0
1771329600000,477118.66135507735,477118.66135507735,0,0.0,0.0,0.0,0.0
1771344000000,477118.66135507735,477118.66135507735,0,0.0,0.0,0.0,0.0
1771358400000,477118.66135507735,477118.66135507735,0,0.0,0.0,0.0,0.0
1771372800000,477118.66135507735,477118.66135507735,0,0.0,0.0,0.0,0.0
1771387200000,477118.66135507735,477118.66135507735,0,0.0,0.0,0.0,0.0
1771401600000,477118.66135507735,477118.66135507735,0,0.0,0.0,0.0,0.0
1771416000000,477118.66135507735,477118.66135507735,0,0.0,0.0,0.0,0.0
1771430400000,477118.66135507735,477118.66135507735,0,0.0,0.0,0.0,0.0
1771444800000,477118.66135507735,477118.66135507735,0,0.0,0.0,0.0,0.0
1771459200000,477118.66135507735,477118.66135507735,0,0.0,0.0,0.0,0.0
1771473600000,477118.66135507735,477118.66135507735,0,0.0,0.0,0.0,0.0
1771488000000,477118.66135507735,477118.66135507735,0,0.0,0.0,0.0,0.0
1771502400000,477118.66135507735,477118.66135507735,0,0.0,0.0,0.0,0.0
1771516800000,484404.3185046965,476429.75940159935,3,1369829.3478528433,28573.783350140307,28573.783350140307,1369829.3478528433
1771531200000,468567.5589034431,476312.1463243757,3,1385548.494376873,28573.783350140307,28573.783350140307,1385548.494376873
1771545600000,468830.6445858797,476312.1463243757,3,1385285.4086944363,28573.783350140307,28573.783350140307,1385285.4086944363
1771560000000,458514.7309759384,466358.4995342386,2,896560.3310114283,19076.779640282562,19076.779640282562,896560.3310114283
1771574400000,454819.9034462523,457933.2293671528,1,401354.4118709263,9542.373227101547,9542.373227101547,401354.4118709263
1771588800000,458724.48924047593,457905.18698923074,1,397421.78369878064,9542.373227101547,9542.373227101547,397421.78369878064
1771603200000,452019.2167455226,457905.18698923074,1,404127.05619373405,9542.373227101547,9542.373227101547,404127.05619373405
1771617600000,453488.03439442685,457874.5133206982,1,402627.56487629726,9542.373227101547,9542.373227101547,402627.56487629726
1771632000000,452016.83536599827,457874.5133206982,1,404098.76390472584,9542.373227101547,9542.373227101547,404098.76390472584
1771646400000,452912.3927680349,457893.00976347935,1,403221.70294547034,9542.373227101547,9542.373227101547,403221.70294547034
1771660800000,451469.48602861457,457893.00976347935,1,404664.60968489066,9542.373227101547,9542.373227101547,404664.60968489066
1771675200000,449859.945641616,449859.945641616,0,0.0,0.0,0.0,0.0
1771689600000,449859.945641616,449859.945641616,0,0.0,0.0,0.0,0.0
1771704000000,449859.945641616,449859.945641616,0,0.0,0.0,0.0,0.0
1771718400000,449859.945641616,449859.945641616,0,0.0,0.0,0.0,0.0
1771732800000,449859.945641616,449859.945641616,0,0.0,0.0,0.0,0.0
1771747200000,449859.945641616,449859.945641616,0,0.0,0.0,0.0,0.0
1771761600000,449859.945641616,449859.945641616,0,0.0,0.0,0.0,0.0
1771776000000,449859.945641616,449859.945641616,0,0.0,0.0,0.0,0.0
1771790400000,452805.738464253,449618.8367250679,1,479030.93135706533,8997.19891283232,8997.19891283232,479030.93135706533
1771804800000,447249.2448061576,449352.21157563984,2,1017571.0987218451,18052.30540821429,18052.30540821429,1017571.0987218451
1771819200000,482802.54047294956,466761.1987994774,2,491692.7243027092,9026.152704107146,9026.152704107146,491692.7243027092
1771833600000,452750.17604990245,456783.9389365931,2,801287.7046919588,14170.202320529654,14170.202320529654,801287.7046919588
1771848000000,442074.05544478615,446313.2040242363,2,793996.6694328429,12942.569184033626,12942.569184033626,793996.6694328429
1771862400000,448504.3839250844,446313.2040242363,2,787566.3409525447,12942.569184033626,12942.569184033626,787566.3409525447
1771876800000,463626.1827293389,446301.6478497889,2,772432.9859738428,12942.569184033626,12942.569184033626,772432.9859738428
1771891200000,464001.5625148667,455051.5376675373,2,471767.14878574363,8417.59158035395,8417.59158035395,471767.14878574363
1771905600000,472360.88348314975,458872.4978950285,2,381390.37483857514,6471.284592016813,6471.284592016813,381390.37483857514
1771920000000,474362.6243964121,458872.4978950285,2,379388.6339253128,6471.284592016813,6471.284592016813,379388.6339253128
1771934400000,474266.38828182145,458862.7333417087,2,379475.10548658366,6471.284592016813,6471.284592016813,379475.10548658366
1771948800000,470204.92571995093,458862.7333417087,2,383536.5680484542,6471.284592016813,6471.284592016813,383536.5680484542
1771963200000,465907.7385599925,464867.95919301943,1,84798.63383940354,1946.3069883371372,1946.3069883371372,84798.63383940354
1771977600000,464929.5681742103,464929.5681742103,0,0.0,0.0,0.0,0.0
1771992000000,464929.5681742103,464929.5681742103,0,0.0,0.0,0.0,0.0
1772006400000,464929.5681742103,464929.5681742103,0,0.0,0.0,0.0,0.0
1772020800000,464929.5681742103,464929.5681742103,0,0.0,0.0,0.0,0.0
1772035200000,464929.5681742103,464929.5681742103,0,0.0,0.0,0.0,0.0
1772049600000,464929.5681742103,464929.5681742103,0,0.0,0.0,0.0,0.0
1772064000000,464929.5681742103,464929.5681742103,0,0.0,0.0,0.0,0.0
1772078400000,464929.5681742103,464929.5681742103,0,0.0,0.0,0.0,0.0
1772092800000,464929.5681742103,464929.5681742103,0,0.0,0.0,0.0,0.0
1772107200000,464929.5681742103,464929.5681742103,0,0.0,0.0,0.0,0.0
1772121600000,464929.5681742103,464929.5681742103,0,0.0,0.0,0.0,0.0
1772136000000,464929.5681742103,464929.5681742103,0,0.0,0.0,0.0,0.0
1772150400000,464929.5681742103,464929.5681742103,0,0.0,0.0,0.0,0.0
1772164800000,464929.5681742103,464929.5681742103,0,0.0,0.0,0.0,0.0
1772179200000,464929.5681742103,464929.5681742103,0,0.0,0.0,0.0,0.0
1772193600000,464929.5681742103,464929.5681742103,0,0.0,0.0,0.0,0.0
1772208000000,464929.5681742103,464929.5681742103,0,0.0,0.0,0.0,0.0
1772222400000,464929.5681742103,464929.5681742103,0,0.0,0.0,0.0,0.0
1772236800000,464929.5681742103,464929.5681742103,0,0.0,0.0,0.0,0.0
1772251200000,464929.5681742103,464929.5681742103,0,0.0,0.0,0.0,0.0
1772265600000,464929.5681742103,464929.5681742103,0,0.0,0.0,0.0,0.0
1772280000000,464929.5681742103,464929.5681742103,0,0.0,0.0,0.0,0.0
1772294400000,464929.5681742103,464929.5681742103,0,0.0,0.0,0.0,0.0
1772308800000,464929.5681742103,464929.5681742103,0,0.0,0.0,0.0,0.0
1772323200000,464929.5681742103,464929.5681742103,0,0.0,0.0,0.0,0.0
1772337600000,464929.5681742103,464929.5681742103,0,0.0,0.0,0.0,0.0
1772352000000,464929.5681742103,464929.5681742103,0,0.0,0.0,0.0,0.0
1772366400000,464929.5681742103,464929.5681742103,0,0.0,0.0,0.0,0.0
1772380800000,464929.5681742103,464929.5681742103,0,0.0,0.0,0.0,0.0
1772395200000,464929.5681742103,464929.5681742103,0,0.0,0.0,0.0,0.0
1772409600000,464929.5681742103,464929.5681742103,0,0.0,0.0,0.0,0.0
1772424000000,464929.5681742103,464929.5681742103,0,0.0,0.0,0.0,0.0
1772438400000,464929.5681742103,464929.5681742103,0,0.0,0.0,0.0,0.0
1772452800000,464929.5681742103,464929.5681742103,0,0.0,0.0,0.0,0.0
1772467200000,464929.5681742103,464929.5681742103,0,0.0,0.0,0.0,0.0
1772481600000,464929.5681742103,464929.5681742103,0,0.0,0.0,0.0,0.0
1772496000000,464929.5681742103,464929.5681742103,0,0.0,0.0,0.0,0.0
1772510400000,464929.5681742103,464929.5681742103,0,0.0,0.0,0.0,0.0
1772524800000,464929.5681742103,464929.5681742103,0,0.0,0.0,0.0,0.0
1772539200000,464929.5681742103,464929.5681742103,0,0.0,0.0,0.0,0.0
1772553600000,464929.5681742103,464929.5681742103,0,0.0,0.0,0.0,0.0
1772568000000,464929.5681742103,464929.5681742103,0,0.0,0.0,0.0,0.0
1772582400000,464929.5681742103,464929.5681742103,0,0.0,0.0,0.0,0.0
1772596800000,464929.5681742103,464929.5681742103,0,0.0,0.0,0.0,0.0
1772611200000,464929.5681742103,464929.5681742103,0,0.0,0.0,0.0,0.0
1772625600000,464929.5681742103,464929.5681742103,0,0.0,0.0,0.0,0.0
1772640000000,464929.5681742103,464929.5681742103,0,0.0,0.0,0.0,0.0
1772654400000,464929.5681742103,464929.5681742103,0,0.0,0.0,0.0,0.0
1772668800000,464929.5681742103,464929.5681742103,0,0.0,0.0,0.0,0.0
1772683200000,464929.5681742103,464929.5681742103,0,0.0,0.0,0.0,0.0
1772697600000,464929.5681742103,464929.5681742103,0,0.0,0.0,0.0,0.0
1772712000000,464929.5681742103,464929.5681742103,0,0.0,0.0,0.0,0.0
1772726400000,464929.5681742103,464929.5681742103,0,0.0,0.0,0.0,0.0
1772740800000,464929.5681742103,464929.5681742103,0,0.0,0.0,0.0,0.0
1772755200000,464929.5681742103,464929.5681742103,0,0.0,0.0,0.0,0.0
1772769600000,464929.5681742103,464929.5681742103,0,0.0,0.0,0.0,0.0
1772784000000,464929.5681742103,464929.5681742103,0,0.0,0.0,0.0,0.0
1772798400000,464929.5681742103,464929.5681742103,0,0.0,0.0,0.0,0.0
1772812800000,464929.5681742103,464929.5681742103,0,0.0,0.0,0.0,0.0
1772827200000,464929.5681742103,464929.5681742103,0,0.0,0.0,0.0,0.0
1772841600000,464929.5681742103,464929.5681742103,0,0.0,0.0,0.0,0.0
1772856000000,464929.5681742103,464929.5681742103,0,0.0,0.0,0.0,0.0
1772870400000,464929.5681742103,464929.5681742103,0,0.0,0.0,0.0,0.0
1772884800000,464929.5681742103,464929.5681742103,0,0.0,0.0,0.0,0.0
1772899200000,464929.5681742103,464929.5681742103,0,0.0,0.0,0.0,0.0
1772913600000,464929.5681742103,464929.5681742103,0,0.0,0.0,0.0,0.0
1772928000000,464929.5681742103,464929.5681742103,0,0.0,0.0,0.0,0.0
1772942400000,464929.5681742103,464929.5681742103,0,0.0,0.0,0.0,0.0
1772956800000,464929.5681742103,464929.5681742103,0,0.0,0.0,0.0,0.0
1772971200000,464929.5681742103,464929.5681742103,0,0.0,0.0,0.0,0.0
1772985600000,464929.5681742103,464929.5681742103,0,0.0,0.0,0.0,0.0
1773000000000,464929.5681742103,464929.5681742103,0,0.0,0.0,0.0,0.0
1773014400000,464929.5681742103,464929.5681742103,0,0.0,0.0,0.0,0.0
1773028800000,464929.5681742103,464929.5681742103,0,0.0,0.0,0.0,0.0
1773043200000,464929.5681742103,464929.5681742103,0,0.0,0.0,0.0,0.0
1773057600000,464929.5681742103,464929.5681742103,0,0.0,0.0,0.0,0.0
1773072000000,464929.5681742103,464929.5681742103,0,0.0,0.0,0.0,0.0
1773086400000,464929.5681742103,464929.5681742103,0,0.0,0.0,0.0,0.0
1773100800000,464929.5681742103,464929.5681742103,0,0.0,0.0,0.0,0.0
1773115200000,464929.5681742103,464929.5681742103,0,0.0,0.0,0.0,0.0
1773129600000,464929.5681742103,464929.5681742103,0,0.0,0.0,0.0,0.0
1773144000000,464929.5681742103,464929.5681742103,0,0.0,0.0,0.0,0.0
1773158400000,464929.5681742103,464929.5681742103,0,0.0,0.0,0.0,0.0
1773172800000,464929.5681742103,464929.5681742103,0,0.0,0.0,0.0,0.0
1773187200000,464929.5681742103,464929.5681742103,0,0.0,0.0,0.0,0.0
1773201600000,464929.5681742103,464929.5681742103,0,0.0,0.0,0.0,0.0
1773216000000,464929.5681742103,464929.5681742103,0,0.0,0.0,0.0,0.0
1773230400000,464929.5681742103,464929.5681742103,0,0.0,0.0,0.0,0.0
1773244800000,464929.5681742103,464929.5681742103,0,0.0,0.0,0.0,0.0
1773259200000,464929.5681742103,464929.5681742103,0,0.0,0.0,0.0,0.0
1773273600000,464929.5681742103,464929.5681742103,0,0.0,0.0,0.0,0.0
1773288000000,464929.5681742103,464929.5681742103,0,0.0,0.0,0.0,0.0
1773302400000,464929.5681742103,464929.5681742103,0,0.0,0.0,0.0,0.0
1773316800000,464929.5681742103,464929.5681742103,0,0.0,0.0,0.0,0.0
1773331200000,464929.5681742103,464929.5681742103,0,0.0,0.0,0.0,0.0
1773345600000,464929.5681742103,464929.5681742103,0,0.0,0.0,0.0,0.0
1773360000000,464929.5681742103,464929.5681742103,0,0.0,0.0,0.0,0.0
1773374400000,464929.5681742103,464929.5681742103,0,0.0,0.0,0.0,0.0
1773388800000,464929.5681742103,464929.5681742103,0,0.0,0.0,0.0,0.0
1773403200000,464929.5681742103,464929.5681742103,0,0.0,0.0,0.0,0.0
1773417600000,464929.5681742103,464929.5681742103,0,0.0,0.0,0.0,0.0
1773432000000,461335.32637033914,464790.0806369535,1,275520.32024691254,9298.591363484207,0.0,0.0
1773446400000,459931.3226829572,464790.0806369535,1,274116.3165595306,9298.591363484207,0.0,0.0
1773460800000,461102.50111444126,464782.73496483685,1,275294.8406631313,9298.591363484207,0.0,0.0
1773475200000,457995.602198386,464782.73496483685,1,272187.941747076,9298.591363484207,0.0,0.0
1773489600000,457523.5567390324,464789.17815711204,1,271709.4530954472,9298.591363484207,0.0,0.0
1773504000000,457641.5402421737,464789.17815711204,1,271827.4365985886,9298.591363484207,0.0,0.0
1773518400000,457380.9262905212,457380.9262905212,0,0.0,0.0,0.0,0.0
1773532800000,457380.9262905212,457380.9262905212,0,0.0,0.0,0.0,0.0
1773547200000,457380.9262905212,457380.9262905212,0,0.0,0.0,0.0,0.0
1773561600000,457380.9262905212,457380.9262905212,0,0.0,0.0,0.0,0.0
1773576000000,457380.9262905212,457380.9262905212,0,0.0,0.0,0.0,0.0
1773590400000,457380.9262905212,457380.9262905212,0,0.0,0.0,0.0,0.0
1773604800000,457380.9262905212,457380.9262905212,0,0.0,0.0,0.0,0.0
1773619200000,457380.9262905212,457380.9262905212,0,0.0,0.0,0.0,0.0
1773633600000,457380.9262905212,457380.9262905212,0,0.0,0.0,0.0,0.0
1773648000000,457380.9262905212,457380.9262905212,0,0.0,0.0,0.0,0.0
1773662400000,457380.9262905212,457380.9262905212,0,0.0,0.0,0.0,0.0
1773676800000,455285.925502176,457159.93269735994,1,440113.1791274311,9147.618525810425,0.0,0.0
1773691200000,459414.9750085312,457151.0642959657,1,444251.09703518054,9147.618525810425,0.0,0.0
1773705600000,467730.79389941116,456998.58445612737,2,757679.0754425612,18335.91802598105,0.0,0.0
1773720000000,458380.2620349502,456970.7845737428,2,748356.3434604849,18335.91802598105,0.0,0.0
1773734400000,458258.1109945943,456970.7845737428,2,748234.192420129,18335.91802598105,0.0,0.0
1773748800000,454442.0163346656,456980.4534820031,2,744408.42885194,18335.91802598105,0.0,0.0
1773763200000,454273.798463174,456980.4534820031,2,744240.2109804484,18335.91802598105,0.0,0.0
1773777600000,460473.1535148432,456990.34217270085,2,750429.6773414199,18335.91802598105,0.0,0.0
1773792000000,456841.2719512028,456990.34217270085,2,746797.7957777795,18335.91802598105,0.0,0.0
1773806400000,461476.44358750776,457022.1772437676,2,751401.1323430177,18335.91802598105,0.0,0.0
1773820800000,454500.5286162122,457022.1772437676,2,744425.217371722,18335.91802598105,0.0,0.0
1773835200000,443694.5552008974,447574.42501241417,1,438107.3165110983,9147.618525810425,0.0,0.0
1773849600000,443256.5574112155,443256.5574112155,0,0.0,0.0,0.0,0.0
1773864000000,443256.5574112155,443256.5574112155,0,0.0,0.0,0.0,0.0
1773878400000,443256.5574112155,443256.5574112155,0,0.0,0.0,0.0,0.0
1773892800000,443256.5574112155,443256.5574112155,0,0.0,0.0,0.0,0.0
1773907200000,443256.5574112155,443256.5574112155,0,0.0,0.0,0.0,0.0
1773921600000,443256.5574112155,443256.5574112155,0,0.0,0.0,0.0,0.0
1773936000000,443256.5574112155,443256.5574112155,0,0.0,0.0,0.0,0.0
1773950400000,443256.5574112155,443256.5574112155,0,0.0,0.0,0.0,0.0
1773964800000,443256.5574112155,443256.5574112155,0,0.0,0.0,0.0,0.0
1773979200000,443256.5574112155,443256.5574112155,0,0.0,0.0,0.0,0.0
1773993600000,443256.5574112155,443256.5574112155,0,0.0,0.0,0.0,0.0
1774008000000,443256.5574112155,443256.5574112155,0,0.0,0.0,0.0,0.0
1774022400000,443256.5574112155,443256.5574112155,0,0.0,0.0,0.0,0.0
1774036800000,443256.5574112155,443256.5574112155,0,0.0,0.0,0.0,0.0
1774051200000,443256.5574112155,443256.5574112155,0,0.0,0.0,0.0,0.0
1774065600000,443256.5574112155,443256.5574112155,0,0.0,0.0,0.0,0.0
1774080000000,443256.5574112155,443256.5574112155,0,0.0,0.0,0.0,0.0
1774094400000,443256.5574112155,443256.5574112155,0,0.0,0.0,0.0,0.0
1774108800000,443256.5574112155,443256.5574112155,0,0.0,0.0,0.0,0.0
1774123200000,443256.5574112155,443256.5574112155,0,0.0,0.0,0.0,0.0
1774137600000,443256.5574112155,443256.5574112155,0,0.0,0.0,0.0,0.0
1774152000000,443256.5574112155,443256.5574112155,0,0.0,0.0,0.0,0.0
1774166400000,443256.5574112155,443256.5574112155,0,0.0,0.0,0.0,0.0
1774180800000,450555.99140858575,442552.80867833743,3,1399494.2830258633,26537.119152184583,26537.119152184583,1399494.2830258633
1774195200000,446539.4268667716,442552.80867833743,3,1403510.8475676775,26537.119152184583,26537.119152184583,1403510.8475676775
1774209600000,461329.38288534246,442386.8869320171,3,1388554.9698027864,26537.119152184583,26537.119152184583,1388554.9698027864
1774224000000,465097.4839261636,442354.2100765522,4,1450107.9028363985,27682.040353633565,27682.040353633565,1450107.9028363985
1774238400000,462592.18822889373,442223.442485455,4,1452482.430942571,27682.040353633565,27682.040353633565,1452482.430942571
1774252800000,469361.4541067525,442223.442485455,4,1445713.1650647123,27682.040353633565,27682.040353633565,1445713.1650647123
1774267200000,430467.8610798511,430467.8610798511,0,0.0,0.0,0.0,0.0
1774281600000,430467.8610798511,430467.8610798511,0,0.0,0.0,0.0,0.0
1774296000000,430467.8610798511,430467.8610798511,0,0.0,0.0,0.0,0.0
1774310400000,430467.8610798511,430467.8610798511,0,0.0,0.0,0.0,0.0
1774324800000,430467.8610798511,430467.8610798511,0,0.0,0.0,0.0,0.0
1774339200000,430467.8610798511,430467.8610798511,0,0.0,0.0,0.0,0.0
1774353600000,430467.8610798511,430467.8610798511,0,0.0,0.0,0.0,0.0
1774368000000,430467.8610798511,430467.8610798511,0,0.0,0.0,0.0,0.0
1774382400000,430467.8610798511,430467.8610798511,0,0.0,0.0,0.0,0.0
1774396800000,430467.8610798511,430467.8610798511,0,0.0,0.0,0.0,0.0
1774411200000,430467.8610798511,430467.8610798511,0,0.0,0.0,0.0,0.0
1774425600000,430467.8610798511,430467.8610798511,0,0.0,0.0,0.0,0.0
1774440000000,430467.8610798511,430467.8610798511,0,0.0,0.0,0.0,0.0
1774454400000,430467.8610798511,430467.8610798511,0,0.0,0.0,0.0,0.0
1774468800000,430467.8610798511,430467.8610798511,0,0.0,0.0,0.0,0.0
1774483200000,430467.8610798511,430467.8610798511,0,0.0,0.0,0.0,0.0
1774497600000,430467.8610798511,430467.8610798511,0,0.0,0.0,0.0,0.0
1774512000000,430467.8610798511,430467.8610798511,0,0.0,0.0,0.0,0.0
1774526400000,430467.8610798511,430467.8610798511,0,0.0,0.0,0.0,0.0
1774540800000,430467.8610798511,430467.8610798511,0,0.0,0.0,0.0,0.0
1774555200000,432287.50891390815,430158.9449820944,1,615703.6315816251,8609.357221597022,8609.357221597022,615703.6315816251
1774569600000,429595.39601532416,430158.9449820944,1,618395.7444802091,8609.357221597022,8609.357221597022,618395.7444802091
1774584000000,427135.74338549277,430190.5013031915,1,620886.9534311376,8609.357221597022,8609.357221597022,620886.9534311376
1774598400000,420954.5459184713,420954.5459184713,0,0.0,0.0,0.0,0.0
1774612800000,420954.5459184713,420954.5459184713,0,0.0,0.0,0.0,0.0
1774627200000,420954.5459184713,420954.5459184713,0,0.0,0.0,0.0,0.0
1774641600000,420954.5459184713,420954.5459184713,0,0.0,0.0,0.0,0.0
1774656000000,420954.5459184713,420954.5459184713,0,0.0,0.0,0.0,0.0
1774670400000,420954.5459184713,420954.5459184713,0,0.0,0.0,0.0,0.0
1774684800000,420954.5459184713,420954.5459184713,0,0.0,0.0,0.0,0.0
1774699200000,420954.5459184713,420954.5459184713,0,0.0,0.0,0.0,0.0
1774713600000,420954.5459184713,420954.5459184713,0,0.0,0.0,0.0,0.0
1774728000000,420954.5459184713,420954.5459184713,0,0.0,0.0,0.0,0.0
1774742400000,420954.5459184713,420954.5459184713,0,0.0,0.0,0.0,0.0
1774756800000,420954.5459184713,420954.5459184713,0,0.0,0.0,0.0,0.0
1774771200000,420954.5459184713,420954.5459184713,0,0.0,0.0,0.0,0.0
1774785600000,420954.5459184713,420954.5459184713,0,0.0,0.0,0.0,0.0
1774800000000,420954.5459184713,420954.5459184713,0,0.0,0.0,0.0,0.0
1774814400000,420954.5459184713,420954.5459184713,0,0.0,0.0,0.0,0.0
1774828800000,420954.5459184713,420954.5459184713,0,0.0,0.0,0.0,0.0
1774843200000,420954.5459184713,420954.5459184713,0,0.0,0.0,0.0,0.0
1774857600000,420954.5459184713,420954.5459184713,0,0.0,0.0,0.0,0.0
1774872000000,420954.5459184713,420954.5459184713,0,0.0,0.0,0.0,0.0
1774886400000,420954.5459184713,420954.5459184713,0,0.0,0.0,0.0,0.0
1774900800000,420954.5459184713,420954.5459184713,0,0.0,0.0,0.0,0.0
1774915200000,420954.5459184713,420954.5459184713,0,0.0,0.0,0.0,0.0
1774929600000,420954.5459184713,420954.5459184713,0,0.0,0.0,0.0,0.0
1774944000000,420954.5459184713,420954.5459184713,0,0.0,0.0,0.0,0.0
1774958400000,420954.5459184713,420954.5459184713,0,0.0,0.0,0.0,0.0
1774972800000,420954.5459184713,420954.5459184713,0,0.0,0.0,0.0,0.0
1774987200000,420954.5459184713,420954.5459184713,0,0.0,0.0,0.0,0.0
1775001600000,420954.5459184713,420954.5459184713,0,0.0,0.0,0.0,0.0
1775016000000,420954.5459184713,420954.5459184713,0,0.0,0.0,0.0,0.0
1775030400000,420954.5459184713,420954.5459184713,0,0.0,0.0,0.0,0.0
1775044800000,420954.5459184713,420954.5459184713,0,0.0,0.0,0.0,0.0
1775059200000,420954.5459184713,420954.5459184713,0,0.0,0.0,0.0,0.0
1775073600000,420954.5459184713,420954.5459184713,0,0.0,0.0,0.0,0.0
1775088000000,420954.5459184713,420954.5459184713,0,0.0,0.0,0.0,0.0
1775102400000,420954.5459184713,420954.5459184713,0,0.0,0.0,0.0,0.0
1775116800000,420504.1559639941,420676.3296589872,1,556604.6926632538,8419.090918369426,8419.090918369426,556604.6926632538
1775131200000,428535.31999785535,420637.68128491106,1,548534.8802553164,8419.090918369426,8419.090918369426,548534.8802553164
1775145600000,425668.4129581934,420637.68128491106,1,551401.7872949784,8419.090918369426,8419.090918369426,551401.7872949784
1775160000000,424668.96794092836,420593.8719475334,1,552357.4229748657,8419.090918369426,8419.090918369426,552357.4229748657
1775174400000,422332.96961231495,420593.8719475334,1,554693.4213034791,8419.090918369426,8419.090918369426,554693.4213034791
1775188800000,419536.1781486096,420557.8057812802,1,557454.1466009313,8419.090918369426,8419.090918369426,557454.1466009313
1775203200000,415300.5058427971,415300.5058427971,0,0.0,0.0,0.0,0.0
1775217600000,415300.5058427971,415300.5058427971,0,0.0,0.0,0.0,0.0
1775232000000,415300.5058427971,415300.5058427971,0,0.0,0.0,0.0,0.0
1775246400000,415300.5058427971,415300.5058427971,0,0.0,0.0,0.0,0.0
1775260800000,415300.5058427971,415300.5058427971,0,0.0,0.0,0.0,0.0
1775275200000,415300.5058427971,415300.5058427971,0,0.0,0.0,0.0,0.0
1775289600000,415300.5058427971,415300.5058427971,0,0.0,0.0,0.0,0.0
1775304000000,415300.5058427971,415300.5058427971,0,0.0,0.0,0.0,0.0
1775318400000,415300.5058427971,415300.5058427971,0,0.0,0.0,0.0,0.0
1775332800000,415300.5058427971,415300.5058427971,0,0.0,0.0,0.0,0.0
1775347200000,415300.5058427971,415300.5058427971,0,0.0,0.0,0.0,0.0
1775361600000,415300.5058427971,415300.5058427971,0,0.0,0.0,0.0,0.0
1775376000000,415300.5058427971,415300.5058427971,0,0.0,0.0,0.0,0.0
1775390400000,415300.5058427971,415300.5058427971,0,0.0,0.0,0.0,0.0
1775404800000,415300.5058427971,415300.5058427971,0,0.0,0.0,0.0,0.0
1775419200000,405994.3672013428,405994.3672013428,0,0.0,0.0,0.0,0.0
1775433600000,400855.2308185841,405676.38340070605,1,640788.753855614,8119.887344026855,8119.887344026855,640788.753855614
1775448000000,396857.0051477197,396857.0051477197,0,0.0,0.0,0.0,0.0
1775462400000,396857.0051477197,396857.0051477197,0,0.0,0.0,0.0,0.0
1775476800000,396857.0051477197,396857.0051477197,0,0.0,0.0,0.0,0.0
1775491200000,396857.0051477197,396857.0051477197,0,0.0,0.0,0.0,0.0
1775505600000,396857.0051477197,396857.0051477197,0,0.0,0.0,0.0,0.0
1775520000000,396857.0051477197,396857.0051477197,0,0.0,0.0,0.0,0.0
1775534400000,396857.0051477197,396857.0051477197,0,0.0,0.0,0.0,0.0
1775548800000,396857.0051477197,396857.0051477197,0,0.0,0.0,0.0,0.0
1775563200000,396857.0051477197,396857.0051477197,0,0.0,0.0,0.0,0.0
1775577600000,396857.0051477197,396857.0051477197,0,0.0,0.0,0.0,0.0
1775592000000,396857.0051477197,396857.0051477197,0,0.0,0.0,0.0,0.0
1775606400000,396857.0051477197,396857.0051477197,0,0.0,0.0,0.0,0.0
1775620800000,396857.0051477197,396857.0051477197,0,0.0,0.0,0.0,0.0
1775635200000,396857.0051477197,396857.0051477197,0,0.0,0.0,0.0,0.0
1775649600000,396857.0051477197,396857.0051477197,0,0.0,0.0,0.0,0.0
1775664000000,396857.0051477197,396857.0051477197,0,0.0,0.0,0.0,0.0
1775678400000,396857.0051477197,396857.0051477197,0,0.0,0.0,0.0,0.0
1775692800000,396857.0051477197,396857.0051477197,0,0.0,0.0,0.0,0.0
1775707200000,396857.0051477197,396857.0051477197,0,0.0,0.0,0.0,0.0
1775721600000,396857.0051477197,396857.0051477197,0,0.0,0.0,0.0,0.0
1775736000000,396857.0051477197,396857.0051477197,0,0.0,0.0,0.0,0.0
1775750400000,396857.0051477197,396857.0051477197,0,0.0,0.0,0.0,0.0
1775764800000,396857.0051477197,396857.0051477197,0,0.0,0.0,0.0,0.0
1775779200000,396857.0051477197,396857.0051477197,0,0.0,0.0,0.0,0.0
1775793600000,396857.0051477197,396857.0051477197,0,0.0,0.0,0.0,0.0
1775808000000,396857.0051477197,396857.0051477197,0,0.0,0.0,0.0,0.0
1775822400000,396857.0051477197,396857.0051477197,0,0.0,0.0,0.0,0.0
1775836800000,396857.0051477197,396857.0051477197,0,0.0,0.0,0.0,0.0
1775851200000,396857.0051477197,396857.0051477197,0,0.0,0.0,0.0,0.0
1775865600000,396857.0051477197,396857.0051477197,0,0.0,0.0,0.0,0.0
1775880000000,396857.0051477197,396857.0051477197,0,0.0,0.0,0.0,0.0
1775894400000,396857.0051477197,396857.0051477197,0,0.0,0.0,0.0,0.0
1775908800000,396857.0051477197,396857.0051477197,0,0.0,0.0,0.0,0.0
1775923200000,396857.0051477197,396857.0051477197,0,0.0,0.0,0.0,0.0
1775937600000,396857.0051477197,396857.0051477197,0,0.0,0.0,0.0,0.0
1775952000000,396857.0051477197,396857.0051477197,0,0.0,0.0,0.0,0.0
1775966400000,396857.0051477197,396857.0051477197,0,0.0,0.0,0.0,0.0
1775980800000,399680.7224895169,396436.95621387067,3,836854.1014224234,11897.10815778438,11897.10815778438,836854.1014224234
1775995200000,399516.6670810119,396339.9399339145,3,836921.1405509722,11897.10815778438,11897.10815778438,836921.1405509722
1776009600000,405831.0755653385,396339.9399339145,3,830606.7320666456,11897.10815778438,11897.10815778438,830606.7320666456
1776024000000,404569.6403921174,396260.85944758344,3,831789.0867535356,11897.10815778438,11897.10815778438,831789.0867535356
1776038400000,407764.92264595244,396260.85944758344,3,828593.8044997005,11897.10815778438,11897.10815778438,828593.8044997005
1776052800000,401275.86238902656,396214.52927278524,3,835036.5345818282,11897.10815778438,11897.10815778438,835036.5345818282
1776067200000,400743.93600837607,396214.52927278524,3,835568.4609624788,11897.10815778438,11897.10815778438,835568.4609624788
1776081600000,399830.72420381865,396166.09518419433,3,836433.2386784452,11897.10815778438,11897.10815778438,836433.2386784452
1776096000000,396074.22506306577,392641.2866960921,2,499714.94135262276,7928.538106307184,7928.538106307184,499714.94135262276
1776110400000,393050.38067634514,392637.37030305207,2,502734.86934630334,7928.538106307184,7928.538106307184,502734.86934630334
1776124800000,390677.4120350734,390677.4120350734,0,0.0,0.0,0.0,0.0
1776139200000,390677.4120350734,390677.4120350734,0,0.0,0.0,0.0,0.0
1776153600000,390677.4120350734,390677.4120350734,0,0.0,0.0,0.0,0.0
1776168000000,390677.4120350734,390677.4120350734,0,0.0,0.0,0.0,0.0
1776182400000,390677.4120350734,390677.4120350734,0,0.0,0.0,0.0,0.0
1776196800000,390677.4120350734,390677.4120350734,0,0.0,0.0,0.0,0.0
1776211200000,390677.4120350734,390677.4120350734,0,0.0,0.0,0.0,0.0
1776225600000,390677.4120350734,390677.4120350734,0,0.0,0.0,0.0,0.0
1776240000000,390677.4120350734,390677.4120350734,0,0.0,0.0,0.0,0.0
1776254400000,390677.4120350734,390677.4120350734,0,0.0,0.0,0.0,0.0
1776268800000,390677.4120350734,390677.4120350734,0,0.0,0.0,0.0,0.0
1776283200000,390677.4120350734,390677.4120350734,0,0.0,0.0,0.0,0.0
1776297600000,390677.4120350734,390677.4120350734,0,0.0,0.0,0.0,0.0
1776312000000,390677.4120350734,390677.4120350734,0,0.0,0.0,0.0,0.0
1776326400000,390677.4120350734,390677.4120350734,0,0.0,0.0,0.0,0.0
1776340800000,390677.4120350734,390677.4120350734,0,0.0,0.0,0.0,0.0
1776355200000,390677.4120350734,390677.4120350734,0,0.0,0.0,0.0,0.0
1776369600000,390677.4120350734,390677.4120350734,0,0.0,0.0,0.0,0.0
1776384000000,390677.4120350734,390677.4120350734,0,0.0,0.0,0.0,0.0
1776398400000,390677.4120350734,390677.4120350734,0,0.0,0.0,0.0,0.0
1776412800000,390677.4120350734,390677.4120350734,0,0.0,0.0,0.0,0.0
1776427200000,390677.4120350734,390677.4120350734,0,0.0,0.0,0.0,0.0
1776441600000,390677.4120350734,390677.4120350734,0,0.0,0.0,0.0,0.0
1776456000000,390677.4120350734,390677.4120350734,0,0.0,0.0,0.0,0.0
1776470400000,390677.4120350734,390677.4120350734,0,0.0,0.0,0.0,0.0
1776484800000,390677.4120350734,390677.4120350734,0,0.0,0.0,0.0,0.0
1776499200000,390677.4120350734,390677.4120350734,0,0.0,0.0,0.0,0.0
1776513600000,390677.4120350734,390677.4120350734,0,0.0,0.0,0.0,0.0
1776528000000,390677.4120350734,390677.4120350734,0,0.0,0.0,0.0,0.0
1776542400000,390677.4120350734,390677.4120350734,0,0.0,0.0,0.0,0.0
1776556800000,390677.4120350734,390677.4120350734,0,0.0,0.0,0.0,0.0
1776571200000,390677.4120350734,390677.4120350734,0,0.0,0.0,0.0,0.0
1776585600000,390677.4120350734,390677.4120350734,0,0.0,0.0,0.0,0.0
1776600000000,390677.4120350734,390677.4120350734,0,0.0,0.0,0.0,0.0
1776614400000,390677.4120350734,390677.4120350734,0,0.0,0.0,0.0,0.0
1776628800000,390677.4120350734,390677.4120350734,0,0.0,0.0,0.0,0.0
1776643200000,390677.4120350734,390677.4120350734,0,0.0,0.0,0.0,0.0
1776657600000,390677.4120350734,390677.4120350734,0,0.0,0.0,0.0,0.0
1776672000000,390677.4120350734,390677.4120350734,0,0.0,0.0,0.0,0.0
1776686400000,390677.4120350734,390677.4120350734,0,0.0,0.0,0.0,0.0
1776700800000,390677.4120350734,390677.4120350734,0,0.0,0.0,0.0,0.0
1776715200000,390677.4120350734,390677.4120350734,0,0.0,0.0,0.0,0.0
1776729600000,390677.4120350734,390677.4120350734,0,0.0,0.0,0.0,0.0
1776744000000,390677.4120350734,390677.4120350734,0,0.0,0.0,0.0,0.0
1776758400000,390677.4120350734,390677.4120350734,0,0.0,0.0,0.0,0.0
1776772800000,390677.4120350734,390677.4120350734,0,0.0,0.0,0.0,0.0
1776787200000,390677.4120350734,390677.4120350734,0,0.0,0.0,0.0,0.0
1776801600000,390677.4120350734,390677.4120350734,0,0.0,0.0,0.0,0.0
1776816000000,390677.4120350734,390677.4120350734,0,0.0,0.0,0.0,0.0
1776830400000,390677.4120350734,390677.4120350734,0,0.0,0.0,0.0,0.0
1776844800000,390677.4120350734,390677.4120350734,0,0.0,0.0,0.0,0.0
1776859200000,390677.4120350734,390677.4120350734,0,0.0,0.0,0.0,0.0
1776873600000,390677.4120350734,390677.4120350734,0,0.0,0.0,0.0,0.0
1776888000000,390677.4120350734,390677.4120350734,0,0.0,0.0,0.0,0.0
1776902400000,390677.4120350734,390677.4120350734,0,0.0,0.0,0.0,0.0
1776916800000,390677.4120350734,390677.4120350734,0,0.0,0.0,0.0,0.0
1776931200000,390677.4120350734,390677.4120350734,0,0.0,0.0,0.0,0.0
1776945600000,390677.4120350734,390677.4120350734,0,0.0,0.0,0.0,0.0
1776960000000,390677.4120350734,390677.4120350734,0,0.0,0.0,0.0,0.0
1776974400000,390677.4120350734,390677.4120350734,0,0.0,0.0,0.0,0.0
1776988800000,390677.4120350734,390677.4120350734,0,0.0,0.0,0.0,0.0
1777003200000,390677.4120350734,390677.4120350734,0,0.0,0.0,0.0,0.0
1777017600000,390677.4120350734,390677.4120350734,0,0.0,0.0,0.0,0.0
1777032000000,390677.4120350734,390677.4120350734,0,0.0,0.0,0.0,0.0
1777046400000,390677.4120350734,390677.4120350734,0,0.0,0.0,0.0,0.0
1777060800000,390677.4120350734,390677.4120350734,0,0.0,0.0,0.0,0.0
1777075200000,390677.4120350734,390677.4120350734,0,0.0,0.0,0.0,0.0
1777089600000,390677.4120350734,390677.4120350734,0,0.0,0.0,0.0,0.0
1777104000000,390677.4120350734,390677.4120350734,0,0.0,0.0,0.0,0.0
1777118400000,390677.4120350734,390677.4120350734,0,0.0,0.0,0.0,0.0
1777132800000,390677.4120350734,390677.4120350734,0,0.0,0.0,0.0,0.0
1777147200000,390677.4120350734,390677.4120350734,0,0.0,0.0,0.0,0.0
1777161600000,390677.4120350734,390677.4120350734,0,0.0,0.0,0.0,0.0
1777176000000,390677.4120350734,390677.4120350734,0,0.0,0.0,0.0,0.0
1777190400000,390677.4120350734,390677.4120350734,0,0.0,0.0,0.0,0.0
1777204800000,390677.4120350734,390677.4120350734,0,0.0,0.0,0.0,0.0
1777219200000,390677.4120350734,390677.4120350734,0,0.0,0.0,0.0,0.0
1777233600000,390677.4120350734,390677.4120350734,0,0.0,0.0,0.0,0.0
1777248000000,390677.4120350734,390677.4120350734,0,0.0,0.0,0.0,0.0
1777262400000,390677.4120350734,390677.4120350734,0,0.0,0.0,0.0,0.0
1777276800000,390677.4120350734,390677.4120350734,0,0.0,0.0,0.0,0.0
1777291200000,390677.4120350734,390677.4120350734,0,0.0,0.0,0.0,0.0
1777305600000,386121.72340279917,386121.72340279917,0,0.0,0.0,0.0,0.0
1777320000000,383417.573559866,385731.45824176085,3,782844.2067585455,11575.513730524719,11575.513730524719,782844.2067585455
1777334400000,375095.3737470027,377509.87632400414,1,283500.4895480724,3861.217234027992,3861.217234027992,283500.4895480724
1777348800000,377270.0817762284,377477.5741727424,1,281293.4793675849,3861.217234027992,3861.217234027992,281293.4793675849
1777363200000,377805.1145472557,377477.5741727424,1,280758.4465965576,3861.217234027992,3861.217234027992,280758.4465965576
1777377600000,379813.84883816174,377479.9355722962,1,278752.0737052054,3861.217234027992,3861.217234027992,278752.0737052054
1777392000000,379579.77200083726,377479.9355722962,1,278986.1505425298,3861.217234027992,3861.217234027992,278986.1505425298
1777406400000,378162.72591163975,377467.3505070452,1,280390.61156647635,3861.217234027992,3861.217234027992,280390.61156647635
1777420800000,377594.2535924233,377467.3505070452,1,280959.0838856929,3861.217234027992,3861.217234027992,280959.0838856929
1777435200000,375817.34699982894,377462.7399684787,1,282731.3799397207,3861.217234027992,3861.217234027992,282731.3799397207
1777449600000,374185.4026394975,374185.4026394975,0,0.0,0.0,0.0,0.0
1777464000000,374185.4026394975,374185.4026394975,0,0.0,0.0,0.0,0.0
1777478400000,374185.4026394975,374185.4026394975,0,0.0,0.0,0.0,0.0
1777492800000,374185.4026394975,374185.4026394975,0,0.0,0.0,0.0,0.0
1777507200000,374185.4026394975,374185.4026394975,0,0.0,0.0,0.0,0.0
1777521600000,374185.4026394975,374185.4026394975,0,0.0,0.0,0.0,0.0
1777536000000,374185.4026394975,374185.4026394975,0,0.0,0.0,0.0,0.0
1777550400000,374185.4026394975,374185.4026394975,0,0.0,0.0,0.0,0.0
1777564800000,374185.4026394975,374185.4026394975,0,0.0,0.0,0.0,0.0
1777579200000,374185.4026394975,374185.4026394975,0,0.0,0.0,0.0,0.0
1777593600000,374185.4026394975,374185.4026394975,0,0.0,0.0,0.0,0.0
1777608000000,374185.4026394975,374185.4026394975,0,0.0,0.0,0.0,0.0
1777622400000,374185.4026394975,374185.4026394975,0,0.0,0.0,0.0,0.0
1777636800000,374185.4026394975,374185.4026394975,0,0.0,0.0,0.0,0.0
1777651200000,374185.4026394975,374185.4026394975,0,0.0,0.0,0.0,0.0
1777665600000,374185.4026394975,374185.4026394975,0,0.0,0.0,0.0,0.0
1777680000000,374185.4026394975,374185.4026394975,0,0.0,0.0,0.0,0.0
1777694400000,374185.4026394975,374185.4026394975,0,0.0,0.0,0.0,0.0
1777708800000,372373.5359068771,373926.60054004414,1,516051.1342735552,7483.70805278995,0.0,0.0
1777723200000,371898.8789562782,373952.9346294261,1,515550.14323357434,7483.70805278995,0.0,0.0
1777737600000,374170.17035097384,373952.9346294261,1,517821.4346282699,7483.70805278995,0.0,0.0
1777752000000,374143.71947329503,373966.0877865284,1,517781.8305934888,7483.70805278995,0.0,0.0
1777766400000,375523.920085416,373966.0877865284,1,519162.0312056098,7483.70805278995,0.0,0.0
1777780800000,372274.40119665803,373954.19874112465,1,515924.4013622556,7483.70805278995,0.0,0.0
1777795200000,373292.22489053215,373954.19874112465,1,516942.22505612974,7483.70805278995,0.0,0.0
1777809600000,375305.39609527297,373961.4255842032,1,518948.16941779194,7483.70805278995,0.0,0.0
1777824000000,375336.4192558514,373961.4255842032,1,518979.19257837045,7483.70805278995,0.0,0.0
1777838400000,376018.58061585616,373957.77707524865,1,519665.00244732975,7483.70805278995,0.0,0.0
1777852800000,374697.78605590673,373957.77707524865,1,518344.2078873803,7483.70805278995,0.0,0.0
1777867200000,386224.673159021,373935.4675689505,1,529893.4044967927,7483.70805278995,0.0,0.0
1777881600000,382163.9394594665,373935.4675689505,1,525832.6707972382,7483.70805278995,0.0,0.0
1777896000000,376158.15833120176,373936.2983824845,1,519826.0588554395,7483.70805278995,0.0,0.0
1777910400000,384232.10088857345,373936.2983824845,1,527900.0014128111,7483.70805278995,0.0,0.0
1777924800000,384524.0315089623,373952.9809611448,1,528175.2494545397,7483.70805278995,0.0,0.0
1777939200000,383254.7221942284,373952.9809611448,1,526905.9401398059,7483.70805278995,0.0,0.0
1777953600000,389928.69997010013,373954.9990108955,1,533577.8998659268,7483.70805278995,0.0,0.0
1777968000000,389789.42578112,373954.9990108955,1,533438.6256769467,7483.70805278995,0.0,0.0
1777982400000,390851.7306746174,373979.6781931283,1,534476.2513882113,7483.70805278995,0.0,0.0
1777996800000,394255.6974640521,373979.6781931283,1,537880.218177646,7483.70805278995,0.0,0.0
1778011200000,394733.6829748829,374023.99952310615,1,538313.882358499,7483.70805278995,0.0,0.0
1778025600000,390162.7172938987,374023.99952310615,1,533742.9166775148,7483.70805278995,0.0,0.0
1778040000000,394660.42402347137,374072.85301226965,1,538191.769917924,7483.70805278995,0.0,0.0
1778054400000,394759.8045846949,373850.9629246094,2,982293.2158872163,15376.916533259377,0.0,0.0
1778068800000,413450.96276727674,373858.6904918252,2,1000976.6465025822,15376.916533259377,0.0,0.0
1778083200000,403354.3703217031,373858.6904918252,2,990880.0540570086,15376.916533259377,0.0,0.0
1778097600000,403219.7053739251,373833.7420963273,2,990770.3375047285,15376.916533259377,0.0,0.0
1778112000000,402486.42581092665,373833.7420963273,2,990037.05794173,15376.916533259377,0.0,0.0
1778126400000,391551.09473422664,373824.4723627915,2,979110.9965985658,15376.916533259377,0.0,0.0
1778140800000,408254.87338238856,373824.4723627915,2,995814.7752467277,15376.916533259377,0.0,0.0
1778155200000,400785.9317221132,373811.33948482317,2,988358.9664644208,15376.916533259377,0.0,0.0
1778169600000,394052.48653380206,389192.24927766586,1,448640.4125765447,7893.208480469428,0.0,0.0
1778184000000,394739.8821704347,389218.98277525284,1,449301.07471559034,7893.208480469428,0.0,0.0
1778198400000,394689.06200589275,389218.98277525284,1,449250.2545510484,7893.208480469428,0.0,0.0
1778212800000,393477.7578588665,389176.542412692,1,448081.390766583,7893.208480469428,0.0,0.0
1778227200000,393630.21835249243,389176.542412692,1,448233.85126020893,7893.208480469428,0.0,0.0
1778241600000,395567.3857175475,389131.7233606101,1,450215.8376773459,7893.208480469428,0.0,0.0
1778256000000,400446.12151357695,389131.7233606101,1,455094.57347337535,7893.208480469428,0.0,0.0
1778270400000,415747.5279655417,389136.26028544066,1,470391.4430005095,7893.208480469428,0.0,0.0
1778284800000,412749.1382575652,389136.26028544066,1,467393.05329253303,7893.208480469428,0.0,0.0
1778299200000,420935.256405683,389089.51177775866,1,475625.9199483328,7893.208480469428,0.0,0.0
1778313600000,421545.0983801866,389089.51177775866,1,476235.7619228364,7893.208480469428,0.0,0.0
1778328000000,420762.17014120816,389068.8860069098,1,475473.45945470687,7893.208480469428,0.0,0.0
1778342400000,417611.3199396058,389068.8860069098,1,472322.6092531045,7893.208480469428,0.0,0.0
1778356800000,420196.0769010081,389061.8145766714,1,474914.43764474517,7893.208480469428,0.0,0.0
1778371200000,418264.91064841306,389061.8145766714,1,472983.27139215014,7893.208480469428,0.0,0.0
1778385600000,419814.2809887624,389086.5799807615,1,474507.8763284094,7893.208480469428,0.0,0.0
1778400000000,419915.92131784634,389086.5799807615,1,474609.5166574933,7893.208480469428,0.0,0.0
1778414400000,420365.1523793011,389078.42956133845,1,475066.8981383711,7893.208480469428,0.0,0.0
1778428800000,425447.16883349844,389078.42956133845,1,480148.9145925685,7893.208480469428,0.0,0.0
1778443200000,435462.86650265276,389082.5548157239,1,490160.48700733733,7893.208480469428,0.0,0.0
1778457600000,435310.4060090268,389082.5548157239,1,490008.0265137114,7893.208480469428,0.0,0.0
1778472000000,426627.44120895234,389039.017987785,1,481368.59854157583,7893.208480469428,0.0,0.0
1778486400000,429524.1905878449,389039.017987785,1,484265.34792046837,7893.208480469428,0.0,0.0
1778500800000,429100.2324252214,389021.6211414974,1,483858.7866041325,7893.208480469428,0.0,0.0
1778515200000,436977.3579292274,389021.6211414974,1,491735.9121081385,7893.208480469428,0.0,0.0
1778529600000,443907.76560881396,388989.6662788336,1,498698.27465038886,7893.208480469428,0.0,0.0
1778544000000,439740.5121163722,388989.6662788336,1,494531.0211579471,7893.208480469428,0.0,0.0
1778558400000,433522.94879088696,388972.1630274692,1,488330.96108382626,7893.208480469428,0.0,0.0
1778572800000,432963.92698092526,388972.1630274692,1,487771.93927386455,7893.208480469428,0.0,0.0
1778587200000,427606.49723639933,389001.6707243925,1,482385.0018324153,7893.208480469428,0.0,0.0
1778601600000,427124.2328308174,427124.2328308174,0,0.0,0.0,0.0,0.0
1778616000000,427124.2328308174,427124.2328308174,0,0.0,0.0,0.0,0.0
1778630400000,427124.2328308174,427124.2328308174,0,0.0,0.0,0.0,0.0
1778644800000,427124.2328308174,427124.2328308174,0,0.0,0.0,0.0,0.0
1778659200000,427124.2328308174,427124.2328308174,0,0.0,0.0,0.0,0.0
1778673600000,427124.2328308174,427124.2328308174,0,0.0,0.0,0.0,0.0
1778688000000,427124.2328308174,427124.2328308174,0,0.0,0.0,0.0,0.0
1778702400000,427124.2328308174,427124.2328308174,0,0.0,0.0,0.0,0.0
1778716800000,427124.2328308174,427124.2328308174,0,0.0,0.0,0.0,0.0
1778731200000,427124.2328308174,427124.2328308174,0,0.0,0.0,0.0,0.0
1778745600000,427124.2328308174,427124.2328308174,0,0.0,0.0,0.0,0.0
1778760000000,427124.2328308174,427124.2328308174,0,0.0,0.0,0.0,0.0
1778774400000,427124.2328308174,427124.2328308174,0,0.0,0.0,0.0,0.0
1778788800000,427124.2328308174,427124.2328308174,0,0.0,0.0,0.0,0.0
1778803200000,427124.2328308174,427124.2328308174,0,0.0,0.0,0.0,0.0
1778817600000,427124.2328308174,427124.2328308174,0,0.0,0.0,0.0,0.0
1778832000000,427124.2328308174,427124.2328308174,0,0.0,0.0,0.0,0.0
1778846400000,427124.2328308174,427124.2328308174,0,0.0,0.0,0.0,0.0
1778860800000,427124.2328308174,427124.2328308174,0,0.0,0.0,0.0,0.0
1778875200000,427124.2328308174,427124.2328308174,0,0.0,0.0,0.0,0.0
1778889600000,427124.2328308174,427124.2328308174,0,0.0,0.0,0.0,0.0
1778904000000,427124.2328308174,427124.2328308174,0,0.0,0.0,0.0,0.0
1778918400000,427124.2328308174,427124.2328308174,0,0.0,0.0,0.0,0.0
1778932800000,427124.2328308174,427124.2328308174,0,0.0,0.0,0.0,0.0
1778947200000,427124.2328308174,427124.2328308174,0,0.0,0.0,0.0,0.0
1778961600000,427124.2328308174,427124.2328308174,0,0.0,0.0,0.0,0.0
1778976000000,427124.2328308174,427124.2328308174,0,0.0,0.0,0.0,0.0
1778990400000,427124.2328308174,427124.2328308174,0,0.0,0.0,0.0,0.0
1779004800000,427124.2328308174,427124.2328308174,0,0.0,0.0,0.0,0.0
1779019200000,427124.2328308174,427124.2328308174,0,0.0,0.0,0.0,0.0
1779033600000,427124.2328308174,427124.2328308174,0,0.0,0.0,0.0,0.0
1779048000000,427124.2328308174,427124.2328308174,0,0.0,0.0,0.0,0.0
1779062400000,427124.2328308174,427124.2328308174,0,0.0,0.0,0.0,0.0
1779076800000,427124.2328308174,427124.2328308174,0,0.0,0.0,0.0,0.0
1779091200000,427124.2328308174,427124.2328308174,0,0.0,0.0,0.0,0.0
1779105600000,427124.2328308174,427124.2328308174,0,0.0,0.0,0.0,0.0
1779120000000,427124.2328308174,427124.2328308174,0,0.0,0.0,0.0,0.0
1779134400000,427124.2328308174,427124.2328308174,0,0.0,0.0,0.0,0.0
1779148800000,427124.2328308174,427124.2328308174,0,0.0,0.0,0.0,0.0
1779163200000,427124.2328308174,427124.2328308174,0,0.0,0.0,0.0,0.0
1779177600000,427124.2328308174,427124.2328308174,0,0.0,0.0,0.0,0.0
1779192000000,427124.2328308174,427124.2328308174,0,0.0,0.0,0.0,0.0
1779206400000,427124.2328308174,427124.2328308174,0,0.0,0.0,0.0,0.0
1779220800000,427124.2328308174,427124.2328308174,0,0.0,0.0,0.0,0.0
1779235200000,427124.2328308174,427124.2328308174,0,0.0,0.0,0.0,0.0
1779249600000,427124.2328308174,427124.2328308174,0,0.0,0.0,0.0,0.0
1779264000000,427124.2328308174,427124.2328308174,0,0.0,0.0,0.0,0.0
1779278400000,427124.2328308174,427124.2328308174,0,0.0,0.0,0.0,0.0
1779292800000,427124.2328308174,427124.2328308174,0,0.0,0.0,0.0,0.0
1779307200000,427124.2328308174,427124.2328308174,0,0.0,0.0,0.0,0.0
1779321600000,427124.2328308174,427124.2328308174,0,0.0,0.0,0.0,0.0
1779336000000,427124.2328308174,427124.2328308174,0,0.0,0.0,0.0,0.0
1779350400000,427124.2328308174,427124.2328308174,0,0.0,0.0,0.0,0.0
1779364800000,427124.2328308174,427124.2328308174,0,0.0,0.0,0.0,0.0
1779379200000,427124.2328308174,427124.2328308174,0,0.0,0.0,0.0,0.0
1779393600000,427124.2328308174,427124.2328308174,0,0.0,0.0,0.0,0.0
1779408000000,427124.2328308174,427124.2328308174,0,0.0,0.0,0.0,0.0
1779422400000,427124.2328308174,427124.2328308174,0,0.0,0.0,0.0,0.0
1779436800000,427124.2328308174,427124.2328308174,0,0.0,0.0,0.0,0.0
1779451200000,427124.2328308174,427124.2328308174,0,0.0,0.0,0.0,0.0
1779465600000,427124.2328308174,427124.2328308174,0,0.0,0.0,0.0,0.0
1779480000000,427124.2328308174,427124.2328308174,0,0.0,0.0,0.0,0.0
1779494400000,427124.2328308174,427124.2328308174,0,0.0,0.0,0.0,0.0
1779508800000,427124.2328308174,427124.2328308174,0,0.0,0.0,0.0,0.0
1779523200000,427124.2328308174,427124.2328308174,0,0.0,0.0,0.0,0.0
1779537600000,427124.2328308174,427124.2328308174,0,0.0,0.0,0.0,0.0
1779552000000,427124.2328308174,427124.2328308174,0,0.0,0.0,0.0,0.0
1779566400000,427124.2328308174,427124.2328308174,0,0.0,0.0,0.0,0.0
1779580800000,427124.2328308174,427124.2328308174,0,0.0,0.0,0.0,0.0
1779595200000,427124.2328308174,427124.2328308174,0,0.0,0.0,0.0,0.0
1779609600000,427124.2328308174,427124.2328308174,0,0.0,0.0,0.0,0.0
1779624000000,427124.2328308174,427124.2328308174,0,0.0,0.0,0.0,0.0
1779638400000,427124.2328308174,427124.2328308174,0,0.0,0.0,0.0,0.0
1779652800000,427124.2328308174,427124.2328308174,0,0.0,0.0,0.0,0.0
1779667200000,427124.2328308174,427124.2328308174,0,0.0,0.0,0.0,0.0
1779681600000,427124.2328308174,427124.2328308174,0,0.0,0.0,0.0,0.0
1779696000000,427124.2328308174,427124.2328308174,0,0.0,0.0,0.0,0.0
1779710400000,427124.2328308174,427124.2328308174,0,0.0,0.0,0.0,0.0
1779724800000,427124.2328308174,427124.2328308174,0,0.0,0.0,0.0,0.0
1779739200000,427124.2328308174,427124.2328308174,0,0.0,0.0,0.0,0.0
1779753600000,427124.2328308174,427124.2328308174,0,0.0,0.0,0.0,0.0
1779768000000,427124.2328308174,427124.2328308174,0,0.0,0.0,0.0,0.0
1779782400000,427124.2328308174,427124.2328308174,0,0.0,0.0,0.0,0.0
1779796800000,427124.2328308174,427124.2328308174,0,0.0,0.0,0.0,0.0
1779811200000,427124.2328308174,427124.2328308174,0,0.0,0.0,0.0,0.0
1779825600000,427124.2328308174,427124.2328308174,0,0.0,0.0,0.0,0.0
1779840000000,427124.2328308174,427124.2328308174,0,0.0,0.0,0.0,0.0
1779854400000,427124.2328308174,427124.2328308174,0,0.0,0.0,0.0,0.0
1779868800000,427124.2328308174,427124.2328308174,0,0.0,0.0,0.0,0.0
1779883200000,427124.2328308174,427124.2328308174,0,0.0,0.0,0.0,0.0
1779897600000,427124.2328308174,427124.2328308174,0,0.0,0.0,0.0,0.0
1779912000000,427124.2328308174,427124.2328308174,0,0.0,0.0,0.0,0.0
1779926400000,427124.2328308174,427124.2328308174,0,0.0,0.0,0.0,0.0
1779940800000,440252.905630693,426806.6016533383,1,621816.0509808823,8542.484656616349,8542.484656616349,621816.0509808823
1779955200000,435601.11597733316,434550.8101467189,3,1294801.2681286628,21871.439776551604,21871.439776551604,1294801.2681286628
1779969600000,442092.6939840732,434206.89932807646,4,1593015.3783503403,26106.952430438305,26106.952430438305,1593015.3783503403
1779984000000,425542.80591486755,434334.26712774945,3,1292061.4567401006,21835.71010213013,21835.71010213013,1292061.4567401006
1779998400000,411300.965616649,411300.965616649,0,0.0,0.0,0.0,0.0
1780012800000,411300.965616649,411300.965616649,0,0.0,0.0,0.0,0.0
1780027200000,411300.965616649,411300.965616649,0,0.0,0.0,0.0,0.0
1780041600000,411300.965616649,411300.965616649,0,0.0,0.0,0.0,0.0
1780056000000,411300.965616649,411300.965616649,0,0.0,0.0,0.0,0.0
1780070400000,411300.965616649,411300.965616649,0,0.0,0.0,0.0,0.0
1780084800000,411300.965616649,411300.965616649,0,0.0,0.0,0.0,0.0
1780099200000,411300.965616649,411300.965616649,0,0.0,0.0,0.0,0.0
1780113600000,411300.965616649,411300.965616649,0,0.0,0.0,0.0,0.0
1780128000000,411300.965616649,411300.965616649,0,0.0,0.0,0.0,0.0
1780142400000,411300.965616649,411300.965616649,0,0.0,0.0,0.0,0.0
1780156800000,411300.965616649,411300.965616649,0,0.0,0.0,0.0,0.0
1780171200000,411300.965616649,411300.965616649,0,0.0,0.0,0.0,0.0
1780185600000,411300.965616649,411300.965616649,0,0.0,0.0,0.0,0.0
1780200000000,411300.965616649,411300.965616649,0,0.0,0.0,0.0,0.0
1780214400000,411300.965616649,411300.965616649,0,0.0,0.0,0.0,0.0
1780228800000,411300.965616649,411300.965616649,0,0.0,0.0,0.0,0.0
1780243200000,411300.965616649,411300.965616649,0,0.0,0.0,0.0,0.0
1780257600000,411300.965616649,411300.965616649,0,0.0,0.0,0.0,0.0
1780272000000,411300.965616649,411300.965616649,0,0.0,0.0,0.0,0.0
1780286400000,411300.965616649,411300.965616649,0,0.0,0.0,0.0,0.0
1780300800000,411300.965616649,411300.965616649,0,0.0,0.0,0.0,0.0
1780315200000,409836.30906814366,410735.77367543447,2,1131283.3470364194,16438.85007945042,16438.85007945042,1131283.3470364194
1780329600000,436243.50927187625,418039.78923188103,3,1539859.8396736975,20514.514311769522,20514.514311769522,1539859.8396736975
1780344000000,406966.3244571326,403025.3323975297,2,894860.2049169072,12288.494999436542,12288.494999436542,894860.2049169072
1780358400000,408842.9781010262,403025.3323975297,2,892983.5512730136,12288.494999436542,12288.494999436542,892983.5512730136
1780372800000,417826.682795916,403104.39719947457,2,884078.9113800686,12288.494999436542,12288.494999436542,884078.9113800686
1780387200000,431919.2218348179,411089.8232005309,2,642411.0384962502,8182.079615877819,8182.079615877819,642411.0384962502
1780401600000,436784.9417972985,411100.7801495144,2,637556.2754827531,8182.079615877819,8182.079615877819,637556.2754827531
1780416000000,457276.3872879864,411100.7801495144,2,617064.8299920652,8182.079615877819,8182.079615877819,617064.8299920652
1780430400000,460083.98989462113,410885.0541379529,3,1060469.880504653,17329.798516268613,17329.798516268613,1060469.880504653
1780444800000,472401.8010172764,410885.0541379529,3,1048152.0693819979,17329.798516268613,17329.798516268613,1048152.0693819979
1780459200000,489022.7253964579,419820.26056847145,3,817252.1618679429,12755.939066073217,12755.939066073217,817252.1618679429
1780473600000,465025.8458481991,432696.5331369608,2,618564.5541387179,8649.523682514495,8649.523682514495,618564.5541387179
1780488000000,466402.16463895084,432735.90506556985,2,617227.6072765753,8649.523682514495,8649.523682514495,617227.6072765753
1780502400000,475026.4381576146,432735.90506556985,2,608603.3337579116,8649.523682514495,8649.523682514495,608603.3337579116
1780516800000,481182.9926927721,432793.25647392106,2,602504.1306311053,8649.523682514495,8649.523682514495,602504.1306311053
1780531200000,489796.5810115888,432793.25647392106,2,593890.5423122885,8649.523682514495,8649.523682514495,593890.5423122885
1780545600000,488707.6989587614,432806.33853029355,2,594992.5064214885,8649.523682514495,8649.523682514495,594992.5064214885
1780560000000,488088.97656136786,488088.97656136786,0,0.0,0.0,0.0,0.0
1780574400000,488088.97656136786,488088.97656136786,0,0.0,0.0,0.0,0.0
1780588800000,488088.97656136786,488088.97656136786,0,0.0,0.0,0.0,0.0
1780603200000,488088.97656136786,488088.97656136786,0,0.0,0.0,0.0,0.0
1780617600000,488088.97656136786,488088.97656136786,0,0.0,0.0,0.0,0.0
1780632000000,488088.97656136786,488088.97656136786,0,0.0,0.0,0.0,0.0
1780646400000,488088.97656136786,488088.97656136786,0,0.0,0.0,0.0,0.0
1780660800000,488088.97656136786,488088.97656136786,0,0.0,0.0,0.0,0.0
1780675200000,488088.97656136786,488088.97656136786,0,0.0,0.0,0.0,0.0
1780689600000,488088.97656136786,488088.97656136786,0,0.0,0.0,0.0,0.0
1780704000000,488088.97656136786,488088.97656136786,0,0.0,0.0,0.0,0.0
1780718400000,488088.97656136786,488088.97656136786,0,0.0,0.0,0.0,0.0
1780732800000,488088.97656136786,488088.97656136786,0,0.0,0.0,0.0,0.0
1780747200000,488088.97656136786,488088.97656136786,0,0.0,0.0,0.0,0.0
1780761600000,488088.97656136786,488088.97656136786,0,0.0,0.0,0.0,0.0
1780776000000,488088.97656136786,488088.97656136786,0,0.0,0.0,0.0,0.0
1780790400000,488088.97656136786,488088.97656136786,0,0.0,0.0,0.0,0.0
1780804800000,488088.97656136786,488088.97656136786,0,0.0,0.0,0.0,0.0
1780819200000,488088.97656136786,488088.97656136786,0,0.0,0.0,0.0,0.0
1780833600000,488088.97656136786,488088.97656136786,0,0.0,0.0,0.0,0.0
1780848000000,488088.97656136786,488088.97656136786,0,0.0,0.0,0.0,0.0
1780862400000,488088.97656136786,488088.97656136786,0,0.0,0.0,0.0,0.0
1780876800000,488088.97656136786,488088.97656136786,0,0.0,0.0,0.0,0.0
1780891200000,488088.97656136786,488088.97656136786,0,0.0,0.0,0.0,0.0
1780905600000,488088.97656136786,488088.97656136786,0,0.0,0.0,0.0,0.0
1780920000000,488088.97656136786,488088.97656136786,0,0.0,0.0,0.0,0.0
1780934400000,488088.97656136786,488088.97656136786,0,0.0,0.0,0.0,0.0
1780948800000,488088.97656136786,488088.97656136786,0,0.0,0.0,0.0,0.0
1780963200000,488088.97656136786,488088.97656136786,0,0.0,0.0,0.0,0.0
1780977600000,488088.97656136786,488088.97656136786,0,0.0,0.0,0.0,0.0
1780992000000,488088.97656136786,488088.97656136786,0,0.0,0.0,0.0,0.0
1781006400000,488088.97656136786,488088.97656136786,0,0.0,0.0,0.0,0.0
1781020800000,488088.97656136786,488088.97656136786,0,0.0,0.0,0.0,0.0
1781035200000,488088.97656136786,488088.97656136786,0,0.0,0.0,0.0,0.0
1781049600000,488088.97656136786,488088.97656136786,0,0.0,0.0,0.0,0.0
1781064000000,488088.97656136786,488088.97656136786,0,0.0,0.0,0.0,0.0
1781078400000,488088.97656136786,488088.97656136786,0,0.0,0.0,0.0,0.0
1781092800000,488088.97656136786,488088.97656136786,0,0.0,0.0,0.0,0.0
1781107200000,488088.97656136786,488088.97656136786,0,0.0,0.0,0.0,0.0
1781121600000,488088.97656136786,488088.97656136786,0,0.0,0.0,0.0,0.0
1781136000000,488088.97656136786,488088.97656136786,0,0.0,0.0,0.0,0.0
1781150400000,488088.97656136786,488088.97656136786,0,0.0,0.0,0.0,0.0
1781164800000,488088.97656136786,488088.97656136786,0,0.0,0.0,0.0,0.0
1781179200000,488088.97656136786,488088.97656136786,0,0.0,0.0,0.0,0.0
1781193600000,488088.97656136786,488088.97656136786,0,0.0,0.0,0.0,0.0
1781208000000,488088.97656136786,488088.97656136786,0,0.0,0.0,0.0,0.0
1781222400000,488088.97656136786,488088.97656136786,0,0.0,0.0,0.0,0.0
1781236800000,488088.97656136786,488088.97656136786,0,0.0,0.0,0.0,0.0
1781251200000,488088.97656136786,488088.97656136786,0,0.0,0.0,0.0,0.0
1781265600000,488088.97656136786,488088.97656136786,0,0.0,0.0,0.0,0.0
1781280000000,488088.97656136786,488088.97656136786,0,0.0,0.0,0.0,0.0
1781294400000,488088.97656136786,488088.97656136786,0,0.0,0.0,0.0,0.0
1781308800000,488088.97656136786,488088.97656136786,0,0.0,0.0,0.0,0.0
1781323200000,488088.97656136786,488088.97656136786,0,0.0,0.0,0.0,0.0
1781337600000,488088.97656136786,488088.97656136786,0,0.0,0.0,0.0,0.0
1781352000000,488088.97656136786,488088.97656136786,0,0.0,0.0,0.0,0.0
1781366400000,488088.97656136786,488088.97656136786,0,0.0,0.0,0.0,0.0
1781380800000,488088.97656136786,488088.97656136786,0,0.0,0.0,0.0,0.0
1781395200000,488088.97656136786,488088.97656136786,0,0.0,0.0,0.0,0.0
1781409600000,488088.97656136786,488088.97656136786,0,0.0,0.0,0.0,0.0
1781424000000,488088.97656136786,488088.97656136786,0,0.0,0.0,0.0,0.0
1781438400000,488088.97656136786,488088.97656136786,0,0.0,0.0,0.0,0.0
1781452800000,488088.97656136786,488088.97656136786,0,0.0,0.0,0.0,0.0
1781467200000,488088.97656136786,488088.97656136786,0,0.0,0.0,0.0,0.0
1781481600000,477564.8748462201,477564.8748462201,0,0.0,0.0,0.0,0.0
1781496000000,477564.8748462201,477564.8748462201,0,0.0,0.0,0.0,0.0
1781510400000,477564.8748462201,477564.8748462201,0,0.0,0.0,0.0,0.0
1781524800000,477564.8748462201,477564.8748462201,0,0.0,0.0,0.0,0.0
1781539200000,477564.8748462201,477564.8748462201,0,0.0,0.0,0.0,0.0
1781553600000,477564.8748462201,477564.8748462201,0,0.0,0.0,0.0,0.0
1781568000000,477564.8748462201,477564.8748462201,0,0.0,0.0,0.0,0.0
1781582400000,477564.8748462201,477564.8748462201,0,0.0,0.0,0.0,0.0
1781596800000,477564.8748462201,477564.8748462201,0,0.0,0.0,0.0,0.0
1781611200000,477564.8748462201,477564.8748462201,0,0.0,0.0,0.0,0.0
1781625600000,477564.8748462201,477564.8748462201,0,0.0,0.0,0.0,0.0
1781640000000,477564.8748462201,477564.8748462201,0,0.0,0.0,0.0,0.0
1781654400000,477564.8748462201,477564.8748462201,0,0.0,0.0,0.0,0.0
1781668800000,477564.8748462201,477564.8748462201,0,0.0,0.0,0.0,0.0
1781683200000,477564.8748462201,477564.8748462201,0,0.0,0.0,0.0,0.0
1781697600000,477564.8748462201,477564.8748462201,0,0.0,0.0,0.0,0.0
1781712000000,477564.8748462201,477564.8748462201,0,0.0,0.0,0.0,0.0
1781726400000,477564.8748462201,477564.8748462201,0,0.0,0.0,0.0,0.0
1781740800000,477564.8748462201,477564.8748462201,0,0.0,0.0,0.0,0.0
1781755200000,477564.8748462201,477564.8748462201,0,0.0,0.0,0.0,0.0
1781769600000,477564.8748462201,477564.8748462201,0,0.0,0.0,0.0,0.0
1781784000000,477564.8748462201,477564.8748462201,0,0.0,0.0,0.0,0.0
1781798400000,477564.8748462201,477564.8748462201,0,0.0,0.0,0.0,0.0
1781812800000,477564.8748462201,477564.8748462201,0,0.0,0.0,0.0,0.0
1781827200000,477564.8748462201,477564.8748462201,0,0.0,0.0,0.0,0.0
1781841600000,477564.8748462201,477564.8748462201,0,0.0,0.0,0.0,0.0
1781856000000,477564.8748462201,477564.8748462201,0,0.0,0.0,0.0,0.0
1781870400000,477564.8748462201,477564.8748462201,0,0.0,0.0,0.0,0.0
1781884800000,477564.8748462201,477564.8748462201,0,0.0,0.0,0.0,0.0
1781899200000,477564.8748462201,477564.8748462201,0,0.0,0.0,0.0,0.0
1781913600000,477564.8748462201,477564.8748462201,0,0.0,0.0,0.0,0.0
1781928000000,477564.8748462201,477564.8748462201,0,0.0,0.0,0.0,0.0
1781942400000,477564.8748462201,477564.8748462201,0,0.0,0.0,0.0,0.0
1781956800000,477564.8748462201,477564.8748462201,0,0.0,0.0,0.0,0.0
1781971200000,477564.8748462201,477564.8748462201,0,0.0,0.0,0.0,0.0
1781985600000,477564.8748462201,477564.8748462201,0,0.0,0.0,0.0,0.0
1782000000000,477564.8748462201,477564.8748462201,0,0.0,0.0,0.0,0.0
1782014400000,477564.8748462201,477564.8748462201,0,0.0,0.0,0.0,0.0
1782028800000,477564.8748462201,477564.8748462201,0,0.0,0.0,0.0,0.0
1782043200000,477564.8748462201,477564.8748462201,0,0.0,0.0,0.0,0.0
1782057600000,477564.8748462201,477564.8748462201,0,0.0,0.0,0.0,0.0
1782072000000,477564.8748462201,477564.8748462201,0,0.0,0.0,0.0,0.0
1782086400000,477564.8748462201,477564.8748462201,0,0.0,0.0,0.0,0.0
1782100800000,477564.8748462201,477564.8748462201,0,0.0,0.0,0.0,0.0
1782115200000,477564.8748462201,477564.8748462201,0,0.0,0.0,0.0,0.0
1782129600000,477564.8748462201,477564.8748462201,0,0.0,0.0,0.0,0.0
1782144000000,477564.8748462201,477564.8748462201,0,0.0,0.0,0.0,0.0
1782158400000,477564.8748462201,477564.8748462201,0,0.0,0.0,0.0,0.0
1782172800000,477564.8748462201,477564.8748462201,0,0.0,0.0,0.0,0.0
1782187200000,477564.8748462201,477564.8748462201,0,0.0,0.0,0.0,0.0
1782201600000,495068.29185176,486478.06992965273,1,315197.3540374322,4775.648748462201,4775.648748462201,315197.3540374322
1782216000000,501720.1586657441,485791.31156653346,4,1632028.0264620204,29639.002003898,29639.002003898,1632028.0264620204
1782230400000,517512.67772575974,485791.31156653346,4,1616235.5074020044,29639.002003898,29639.002003898,1616235.5074020044
1782244800000,520832.2758979163,485617.1105078546,5,1719477.8889165502,31027.037563926202,31027.037563926202,1719477.8889165502
1782259200000,508481.4130478427,485617.1105078546,5,1731828.7517666237,31027.037563926202,31027.037563926202,1731828.7517666237
1782273600000,511349.3357186692,485599.50875259284,5,1728943.2273405355,31027.037563926202,31027.037563926202,1728943.2273405355
1782288000000,518690.11573518434,485599.50875259284,5,1721602.4473240203,31027.037563926202,31027.037563926202,1721602.4473240203
1782302400000,525544.7271464951,495270.0979034447,5,1516220.165844902,26083.03888991344,26083.03888991344,1516220.165844902
1782316800000,577218.7859777113,511142.4755596237,5,973164.0047149879,17901.3431561942,17901.3431561942,973164.0047149879
1782331200000,586193.1164086126,511059.6385369479,5,964106.837261411,17901.3431561942,17901.3431561942,964106.837261411
1782345600000,548092.75574992,536877.3039158536,1,310579.4272845488,4950.436181374416,4950.436181374416,310579.4272845488
1782360000000,548450.7212115014,536830.0021594291,1,310174.16006654303,4950.436181374416,4950.436181374416,310174.16006654303
1782374400000,545083.7494435437,545083.7494435437,0,0.0,0.0,0.0,0.0
1782388800000,545083.7494435437,545083.7494435437,0,0.0,0.0,0.0,0.0
1782403200000,545083.7494435437,545083.7494435437,0,0.0,0.0,0.0,0.0
1782417600000,545083.7494435437,545083.7494435437,0,0.0,0.0,0.0,0.0
1782432000000,545083.7494435437,545083.7494435437,0,0.0,0.0,0.0,0.0
1782446400000,545083.7494435437,545083.7494435437,0,0.0,0.0,0.0,0.0
1782460800000,545083.7494435437,545083.7494435437,0,0.0,0.0,0.0,0.0
1782475200000,545083.7494435437,545083.7494435437,0,0.0,0.0,0.0,0.0
1782489600000,545083.7494435437,545083.7494435437,0,0.0,0.0,0.0,0.0
1782504000000,545083.7494435437,545083.7494435437,0,0.0,0.0,0.0,0.0
1782518400000,545083.7494435437,545083.7494435437,0,0.0,0.0,0.0,0.0
1782532800000,545083.7494435437,545083.7494435437,0,0.0,0.0,0.0,0.0
1782547200000,545083.7494435437,545083.7494435437,0,0.0,0.0,0.0,0.0
1782561600000,545083.7494435437,545083.7494435437,0,0.0,0.0,0.0,0.0
1782576000000,545083.7494435437,545083.7494435437,0,0.0,0.0,0.0,0.0
1782590400000,545083.7494435437,545083.7494435437,0,0.0,0.0,0.0,0.0
1782604800000,545083.7494435437,545083.7494435437,0,0.0,0.0,0.0,0.0
1782619200000,545083.7494435437,545083.7494435437,0,0.0,0.0,0.0,0.0
1782633600000,545083.7494435437,545083.7494435437,0,0.0,0.0,0.0,0.0
1782648000000,545083.7494435437,545083.7494435437,0,0.0,0.0,0.0,0.0
1782662400000,545083.7494435437,545083.7494435437,0,0.0,0.0,0.0,0.0
1782676800000,545083.7494435437,545083.7494435437,0,0.0,0.0,0.0,0.0
1782691200000,545083.7494435437,545083.7494435437,0,0.0,0.0,0.0,0.0
1782705600000,545083.7494435437,545083.7494435437,0,0.0,0.0,0.0,0.0
1782720000000,545083.7494435437,545083.7494435437,0,0.0,0.0,0.0,0.0
1782734400000,545083.7494435437,545083.7494435437,0,0.0,0.0,0.0,0.0
1782748800000,545083.7494435437,545083.7494435437,0,0.0,0.0,0.0,0.0
1782763200000,545083.7494435437,545083.7494435437,0,0.0,0.0,0.0,0.0
1782777600000,545083.7494435437,545083.7494435437,0,0.0,0.0,0.0,0.0
1782792000000,545083.7494435437,545083.7494435437,0,0.0,0.0,0.0,0.0
1782806400000,545083.7494435437,545083.7494435437,0,0.0,0.0,0.0,0.0
1782820800000,545083.7494435437,545083.7494435437,0,0.0,0.0,0.0,0.0
1782835200000,545083.7494435437,545083.7494435437,0,0.0,0.0,0.0,0.0
1782849600000,545083.7494435437,545083.7494435437,0,0.0,0.0,0.0,0.0
1782864000000,545083.7494435437,545083.7494435437,0,0.0,0.0,0.0,0.0
1782878400000,545083.7494435437,545083.7494435437,0,0.0,0.0,0.0,0.0
1782892800000,545083.7494435437,545083.7494435437,0,0.0,0.0,0.0,0.0
1782907200000,545083.7494435437,545083.7494435437,0,0.0,0.0,0.0,0.0
1782921600000,545083.7494435437,545083.7494435437,0,0.0,0.0,0.0,0.0
1782936000000,545083.7494435437,545083.7494435437,0,0.0,0.0,0.0,0.0
1782950400000,545083.7494435437,545083.7494435437,0,0.0,0.0,0.0,0.0
1782964800000,545083.7494435437,545083.7494435437,0,0.0,0.0,0.0,0.0
1782979200000,545083.7494435437,545083.7494435437,0,0.0,0.0,0.0,0.0
1782993600000,545083.7494435437,545083.7494435437,0,0.0,0.0,0.0,0.0
1783008000000,545083.7494435437,545083.7494435437,0,0.0,0.0,0.0,0.0
1783022400000,545083.7494435437,545083.7494435437,0,0.0,0.0,0.0,0.0
1783036800000,545083.7494435437,545083.7494435437,0,0.0,0.0,0.0,0.0
1783051200000,545083.7494435437,545083.7494435437,0,0.0,0.0,0.0,0.0
1783065600000,545083.7494435437,545083.7494435437,0,0.0,0.0,0.0,0.0
1783080000000,545083.7494435437,545083.7494435437,0,0.0,0.0,0.0,0.0
1783094400000,545083.7494435437,545083.7494435437,0,0.0,0.0,0.0,0.0
1783108800000,545083.7494435437,545083.7494435437,0,0.0,0.0,0.0,0.0
1783123200000,545083.7494435437,545083.7494435437,0,0.0,0.0,0.0,0.0
1783137600000,545083.7494435437,545083.7494435437,0,0.0,0.0,0.0,0.0
1783152000000,545083.7494435437,545083.7494435437,0,0.0,0.0,0.0,0.0
1783166400000,545083.7494435437,545083.7494435437,0,0.0,0.0,0.0,0.0
1783180800000,545083.7494435437,545083.7494435437,0,0.0,0.0,0.0,0.0
1783195200000,545083.7494435437,545083.7494435437,0,0.0,0.0,0.0,0.0
1783209600000,545083.7494435437,545083.7494435437,0,0.0,0.0,0.0,0.0
1783224000000,545083.7494435437,545083.7494435437,0,0.0,0.0,0.0,0.0
1783238400000,545083.7494435437,545083.7494435437,0,0.0,0.0,0.0,0.0
1783252800000,545083.7494435437,545083.7494435437,0,0.0,0.0,0.0,0.0
1783267200000,545083.7494435437,545083.7494435437,0,0.0,0.0,0.0,0.0
1783281600000,545083.7494435437,545083.7494435437,0,0.0,0.0,0.0,0.0
1783296000000,545083.7494435437,545083.7494435437,0,0.0,0.0,0.0,0.0
1783310400000,545083.7494435437,545083.7494435437,0,0.0,0.0,0.0,0.0
1783324800000,545083.7494435437,545083.7494435437,0,0.0,0.0,0.0,0.0
1783339200000,545083.7494435437,545083.7494435437,0,0.0,0.0,0.0,0.0
1783353600000,545083.7494435437,545083.7494435437,0,0.0,0.0,0.0,0.0
1783368000000,545083.7494435437,545083.7494435437,0,0.0,0.0,0.0,0.0
1783382400000,545083.7494435437,545083.7494435437,0,0.0,0.0,0.0,0.0
1783396800000,545083.7494435437,545083.7494435437,0,0.0,0.0,0.0,0.0
1783411200000,545083.7494435437,545083.7494435437,0,0.0,0.0,0.0,0.0
1783425600000,545083.7494435437,545083.7494435437,0,0.0,0.0,0.0,0.0
1783440000000,545083.7494435437,545083.7494435437,0,0.0,0.0,0.0,0.0
1783454400000,545083.7494435437,545083.7494435437,0,0.0,0.0,0.0,0.0
1783468800000,545083.7494435437,545083.7494435437,0,0.0,0.0,0.0,0.0
1783483200000,545083.7494435437,545083.7494435437,0,0.0,0.0,0.0,0.0
1783497600000,542776.1583607458,544963.7598843507,1,242166.7199096658,5450.837494435437,5450.837494435437,242166.7199096658
1783512000000,542920.7385427237,544920.3807990905,1,241978.7606424276,5450.837494435437,5450.837494435437,241978.7606424276
1783526400000,545176.2497495818,544920.3807990905,1,239723.24943556948,5450.837494435437,5450.837494435437,239723.24943556948
1783540800000,542355.8801165145,544919.4001745959,1,242542.63844414213,5450.837494435437,5450.837494435437,242542.63844414213
1783555200000,541641.6349010095,544919.4001745959,1,243256.8836596472,5450.837494435437,5450.837494435437,243256.8836596472
1783569600000,539231.0830538695,539231.0830538695,0,0.0,0.0,0.0,0.0
1783584000000,539231.0830538695,539231.0830538695,0,0.0,0.0,0.0,0.0
1783598400000,539231.0830538695,539231.0830538695,0,0.0,0.0,0.0,0.0
1783612800000,539231.0830538695,539231.0830538695,0,0.0,0.0,0.0,0.0
1783627200000,539231.0830538695,539231.0830538695,0,0.0,0.0,0.0,0.0
1783641600000,539231.0830538695,539231.0830538695,0,0.0,0.0,0.0,0.0
1783656000000,539231.0830538695,539231.0830538695,0,0.0,0.0,0.0,0.0
1783670400000,539231.0830538695,539231.0830538695,0,0.0,0.0,0.0,0.0
1783684800000,539231.0830538695,539231.0830538695,0,0.0,0.0,0.0,0.0
1783699200000,539231.0830538695,539231.0830538695,0,0.0,0.0,0.0,0.0
1783713600000,539231.0830538695,539231.0830538695,0,0.0,0.0,0.0,0.0
1783728000000,539231.0830538695,539231.0830538695,0,0.0,0.0,0.0,0.0
1783742400000,539231.0830538695,539231.0830538695,0,0.0,0.0,0.0,0.0
1783756800000,539231.0830538695,539231.0830538695,0,0.0,0.0,0.0,0.0
1783771200000,539231.0830538695,539231.0830538695,0,0.0,0.0,0.0,0.0
1783785600000,539231.0830538695,539231.0830538695,0,0.0,0.0,0.0,0.0
1783800000000,539231.0830538695,539231.0830538695,0,0.0,0.0,0.0,0.0
1783814400000,539231.0830538695,539231.0830538695,0,0.0,0.0,0.0,0.0
1783828800000,539231.0830538695,539231.0830538695,0,0.0,0.0,0.0,0.0
1783843200000,539231.0830538695,539231.0830538695,0,0.0,0.0,0.0,0.0
1783857600000,539231.0830538695,539231.0830538695,0,0.0,0.0,0.0,0.0
1783872000000,539231.0830538695,539231.0830538695,0,0.0,0.0,0.0,0.0
1783886400000,539231.0830538695,539231.0830538695,0,0.0,0.0,0.0,0.0
1783900800000,539231.0830538695,539231.0830538695,0,0.0,0.0,0.0,0.0
1783915200000,544096.6003319897,539097.0980741854,1,262970.4571104534,5392.310830538695,5392.310830538695,262970.4571104534
1783929600000,538440.2787595228,538894.1399174611,2,674340.1339748866,10833.276833858592,10833.276833858592,674340.1339748866
1783944000000,540743.8530428123,538873.6402336897,2,672016.0600078256,10833.276833858592,10833.276833858592,672016.0600078256
1783958400000,543556.3981805533,538873.6402336897,2,669203.5148700847,10833.276833858592,10833.276833858592,669203.5148700847
1783972800000,546663.9939143155,538851.512805918,2,666073.7917085509,10833.276833858592,10833.276833858592,666073.7917085509
1783987200000,549510.7280612456,544115.1988194359,2,534505.7638910098,8137.121418589244,8137.121418589244,534505.7638910098
1784001600000,549742.9859593904,544096.2116195083,2,534254.5187929375,8137.121418589244,8137.121418589244,534254.5187929375
1784016000000,547884.822204157,544096.2116195083,2,536112.6825481709,8137.121418589244,8137.121418589244,536112.6825481709
1784030400000,546202.1229824297,544108.924939515,2,537808.0950899047,8137.121418589244,8137.121418589244,537808.0950899047
1784044800000,541193.1877669357,541193.1877669357,0,0.0,0.0,0.0,0.0
1784059200000,541193.1877669357,541193.1877669357,0,0.0,0.0,0.0,0.0
1784073600000,541193.1877669357,541193.1877669357,0,0.0,0.0,0.0,0.0
1784088000000,541193.1877669357,541193.1877669357,0,0.0,0.0,0.0,0.0
1784102400000,541193.1877669357,541193.1877669357,0,0.0,0.0,0.0,0.0
1784116800000,541193.1877669357,541193.1877669357,0,0.0,0.0,0.0,0.0
1784131200000,541193.1877669357,541193.1877669357,0,0.0,0.0,0.0,0.0
1784145600000,541193.1877669357,541193.1877669357,0,0.0,0.0,0.0,0.0
1784160000000,541193.1877669357,541193.1877669357,0,0.0,0.0,0.0,0.0
1784174400000,541193.1877669357,541193.1877669357,0,0.0,0.0,0.0,0.0
1784188800000,541193.1877669357,541193.1877669357,0,0.0,0.0,0.0,0.0
1784203200000,541193.1877669357,541193.1877669357,0,0.0,0.0,0.0,0.0
1784217600000,541193.1877669357,541193.1877669357,0,0.0,0.0,0.0,0.0
1784232000000,541193.1877669357,541193.1877669357,0,0.0,0.0,0.0,0.0
1784246400000,541193.1877669357,541193.1877669357,0,0.0,0.0,0.0,0.0
1784260800000,541193.1877669357,541193.1877669357,0,0.0,0.0,0.0,0.0
1784275200000,541193.1877669357,541193.1877669357,0,0.0,0.0,0.0,0.0
1784289600000,541193.1877669357,541193.1877669357,0,0.0,0.0,0.0,0.0
1784304000000,541193.1877669357,541193.1877669357,0,0.0,0.0,0.0,0.0
1784318400000,541193.1877669357,541193.1877669357,0,0.0,0.0,0.0,0.0
1784332800000,541193.1877669357,541193.1877669357,0,0.0,0.0,0.0,0.0
1784347200000,541193.1877669357,541193.1877669357,0,0.0,0.0,0.0,0.0
1784361600000,541193.1877669357,541193.1877669357,0,0.0,0.0,0.0,0.0
1784376000000,541193.1877669357,541193.1877669357,0,0.0,0.0,0.0,0.0
1784390400000,541193.1877669357,541193.1877669357,0,0.0,0.0,0.0,0.0
1784404800000,541193.1877669357,541193.1877669357,0,0.0,0.0,0.0,0.0
1784419200000,541193.1877669357,541193.1877669357,0,0.0,0.0,0.0,0.0
1784433600000,541193.1877669357,541193.1877669357,0,0.0,0.0,0.0,0.0
1784448000000,541193.1877669357,541193.1877669357,0,0.0,0.0,0.0,0.0
1784462400000,541193.1877669357,541193.1877669357,0,0.0,0.0,0.0,0.0
1784476800000,541193.1877669357,541193.1877669357,0,0.0,0.0,0.0,0.0
1784491200000,541193.1877669357,541193.1877669357,0,0.0,0.0,0.0,0.0
1784505600000,541193.1877669357,541193.1877669357,0,0.0,0.0,0.0,0.0
1784520000000,541193.1877669357,541193.1877669357,0,0.0,0.0,0.0,0.0
1784534400000,541193.1877669357,541193.1877669357,0,0.0,0.0,0.0,0.0
1784548800000,537229.7037309495,541031.4656425042,1,327246.0107744967,5411.931877669357,5411.931877669357,327246.0107744967
1784563200000,535290.595370049,535290.595370049,0,0.0,0.0,0.0,0.0
1784577600000,535290.595370049,535290.595370049,0,0.0,0.0,0.0,0.0
1784592000000,535290.595370049,535290.595370049,0,0.0,0.0,0.0,0.0
1784606400000,542854.3537060813,534754.7340053357,2,1079822.3491273164,21400.854012623484,0.0,0.0
1784620800000,547572.0512431151,534754.7340053357,2,1084540.0466643502,21400.854012623484,0.0,0.0
1784635200000,546448.7782978509,534696.7860600258,2,1083474.7216643956,21400.854012623484,0.0,0.0
1784649600000,543959.2300196973,534696.7860600258,2,1080985.1733862422,21400.854012623484,0.0,0.0
1784664000000,539675.5421180846,534663.1823780902,2,1076735.089166565,21400.854012623484,0.0,0.0
1784678400000,543404.6317324017,534663.1823780902,2,1080464.1787808822,21400.854012623484,0.0,0.0
1784692800000,541003.0729332669,534642.8519990193,2,1078082.9503608183,21400.854012623484,0.0,0.0
1784707200000,531728.886703085,534642.8519990193,2,1068808.7641306366,21400.854012623484,0.0,0.0
1784721600000,534932.6171999313,528722.3307258772,1,544834.9842779891,10705.811907400981,0.0,0.0
1784736000000,539355.9616181307,528722.3307258772,1,549258.3286961885,10705.811907400981,0.0,0.0
1784750400000,534215.5606534439,528686.8764842402,1,544153.3819731387,10705.811907400981,0.0,0.0
1784764800000,536845.8102115804,528686.8764842402,1,546783.6315312751,10705.811907400981,0.0,0.0
1784779200000,532926.4544434544,528684.6128000056,1,542866.5394473837,10705.811907400981,0.0,0.0
1784793600000,531554.7651577594,528684.6128000056,1,541494.8501616889,10705.811907400981,0.0,0.0
1784808000000,531034.1708035092,531034.1708035092,0,0.0,0.0,0.0,0.0
1784822400000,531034.1708035092,531034.1708035092,0,0.0,0.0,0.0,0.0
1784836800000,533175.5101516291,530868.5082800164,1,329018.04511410906,5310.341708035093,5310.341708035093,329018.04511410906
1784851200000,533318.1686478485,530868.5082800164,1,328875.3866178896,5310.341708035093,5310.341708035093,328875.3866178896
1784865600000,532274.5037795666,530823.4528852706,1,329873.9960914257,5310.341708035093,5310.341708035093,329873.9960914257
1784880000000,529231.1225268851,530823.4528852706,1,332917.3773441072,5310.341708035093,5310.341708035093,332917.3773441072
1784894400000,531977.9324599778,530812.1985581206,1,330159.31308386463,5310.341708035093,5310.341708035093,330159.31308386463
1784908800000,533214.3060938796,530812.1985581206,1,328922.93944996275,5310.341708035093,5310.341708035093,328922.93944996275
1784923200000,533062.3969474172,530802.9479078776,1,329065.5979461822,5310.341708035093,5310.341708035093,329065.5979461822
1784937600000,531493.1534890033,530802.9479078776,1,330634.84140459605,5310.341708035093,5310.341708035093,330634.84140459605
1784952000000,530965.6544588006,530798.5300304795,1,331157.92255740066,5310.341708035093,5310.341708035093,331157.92255740066
1784966400000,532487.3450851412,530798.5300304795,1,329636.23193105997,5310.341708035093,5310.341708035093,329636.23193105997
1784980800000,532107.1168858767,530798.7244878002,1,330016.65458764514,5310.341708035093,5310.341708035093,330016.65458764514
1784995200000,529260.2313110027,529260.2313110027,0,0.0,0.0,0.0,0.0
1785009600000,529260.2313110027,529260.2313110027,0,0.0,0.0,0.0,0.0
1785024000000,529260.2313110027,529260.2313110027,0,0.0,0.0,0.0,0.0
1785038400000,529260.2313110027,529260.2313110027,0,0.0,0.0,0.0,0.0
1785052800000,529260.2313110027,529260.2313110027,0,0.0,0.0,0.0,0.0
1785067200000,529260.2313110027,529260.2313110027,0,0.0,0.0,0.0,0.0
1785081600000,529260.2313110027,529260.2313110027,0,0.0,0.0,0.0,0.0
1785096000000,529260.2313110027,529260.2313110027,0,0.0,0.0,0.0,0.0
1785110400000,529260.2313110027,529260.2313110027,0,0.0,0.0,0.0,0.0
1785124800000,529260.2313110027,529260.2313110027,0,0.0,0.0,0.0,0.0
1785139200000,529260.2313110027,529260.2313110027,0,0.0,0.0,0.0,0.0
1785153600000,529260.2313110027,529260.2313110027,0,0.0,0.0,0.0,0.0
1785168000000,529260.2313110027,529260.2313110027,0,0.0,0.0,0.0,0.0
1785182400000,529260.2313110027,529260.2313110027,0,0.0,0.0,0.0,0.0
1785196800000,529260.2313110027,529260.2313110027,0,0.0,0.0,0.0,0.0
1785211200000,532009.2183511023,529036.2797632592,1,444930.1568992162,5292.602313110027,5292.602313110027,444930.1568992162
1785225600000,533018.7979829054,529036.2797632592,1,443920.577267413,5292.602313110027,5292.602313110027,443920.577267413
1785240000000,535682.0021728405,528965.2057837277,1,441186.2990979464,5292.602313110027,5292.602313110027,441186.2990979464
1785254400000,529035.602930137,528965.2057837277,1,447832.69834065,5292.602313110027,5292.602313110027,447832.69834065
1785268800000,530651.1247081729,528940.1606600836,1,446192.13143897,5292.602313110027,5292.602313110027,446192.13143897
1785283200000,526289.3269637316,526289.3269637316,0,0.0,0.0,0.0,0.0
1785297600000,526289.3269637316,526289.3269637316,0,0.0,0.0,0.0,0.0
1785312000000,526289.3269637316,526289.3269637316,0,0.0,0.0,0.0,0.0
1785326400000,526289.3269637316,526289.3269637316,0,0.0,0.0,0.0,0.0
1785340800000,526289.3269637316,526289.3269637316,0,0.0,0.0,0.0,0.0
1785355200000,526289.3269637316,526289.3269637316,0,0.0,0.0,0.0,0.0
1785369600000,526289.3269637316,526289.3269637316,0,0.0,0.0,0.0,0.0
1785384000000,526289.3269637316,526289.3269637316,0,0.0,0.0,0.0,0.0
1785398400000,526289.3269637316,526289.3269637316,0,0.0,0.0,0.0,0.0
1785412800000,526289.3269637316,526289.3269637316,0,0.0,0.0,0.0,0.0
1785427200000,526289.3269637316,526289.3269637316,0,0.0,0.0,0.0,0.0
1785441600000,526289.3269637316,526289.3269637316,0,0.0,0.0,0.0,0.0
1785456000000,526289.3269637316,526289.3269637316,0,0.0,0.0,0.0,0.0
1785470400000,526289.3269637316,526289.3269637316,0,0.0,0.0,0.0,0.0
1785484800000,526289.3269637316,526289.3269637316,0,0.0,0.0,0.0,0.0
1785499200000,526289.3269637316,526289.3269637316,0,0.0,0.0,0.0,0.0
1785513600000,526289.3269637316,526289.3269637316,0,0.0,0.0,0.0,0.0
1785528000000,526289.3269637316,526289.3269637316,0,0.0,0.0,0.0,0.0
1785542400000,526289.3269637316,526289.3269637316,0,0.0,0.0,0.0,0.0
1785556800000,526289.3269637316,526289.3269637316,0,0.0,0.0,0.0,0.0
1785571200000,526289.3269637316,526289.3269637316,0,0.0,0.0,0.0,0.0
1785585600000,526289.3269637316,526289.3269637316,0,0.0,0.0,0.0,0.0
1785600000000,526289.3269637316,526289.3269637316,0,0.0,0.0,0.0,0.0
1785614400000,526289.3269637316,526289.3269637316,0,0.0,0.0,0.0,0.0
1785628800000,520243.63071201456,526009.4613177162,1,565497.1226365071,10525.786539274632,10525.786539274632,565497.1226365071
1785643200000,514793.0561887681,514793.0561887681,0,0.0,0.0,0.0,0.0
1785657600000,514793.0561887681,514793.0561887681,0,0.0,0.0,0.0,0.0
1785672000000,514793.0561887681,514793.0561887681,0,0.0,0.0,0.0,0.0
1785686400000,514793.0561887681,514793.0561887681,0,0.0,0.0,0.0,0.0
1785700800000,514793.0561887681,514793.0561887681,0,0.0,0.0,0.0,0.0
1785715200000,514793.0561887681,514793.0561887681,0,0.0,0.0,0.0,0.0
1785729600000,514793.0561887681,514793.0561887681,0,0.0,0.0,0.0,0.0
1785744000000,514793.0561887681,514793.0561887681,0,0.0,0.0,0.0,0.0
1785758400000,514793.0561887681,514793.0561887681,0,0.0,0.0,0.0,0.0
1785772800000,514793.0561887681,514793.0561887681,0,0.0,0.0,0.0,0.0
1785787200000,514793.0561887681,514793.0561887681,0,0.0,0.0,0.0,0.0
1785801600000,514793.0561887681,514793.0561887681,0,0.0,0.0,0.0,0.0
1785816000000,514793.0561887681,514793.0561887681,0,0.0,0.0,0.0,0.0
1785830400000,514793.0561887681,514793.0561887681,0,0.0,0.0,0.0,0.0
1785844800000,514793.0561887681,514793.0561887681,0,0.0,0.0,0.0,0.0
1785859200000,514793.0561887681,514793.0561887681,0,0.0,0.0,0.0,0.0
1785873600000,514793.0561887681,514793.0561887681,0,0.0,0.0,0.0,0.0
1785888000000,514793.0561887681,514793.0561887681,0,0.0,0.0,0.0,0.0
1785902400000,514793.0561887681,514793.0561887681,0,0.0,0.0,0.0,0.0
1785916800000,514793.0561887681,514793.0561887681,0,0.0,0.0,0.0,0.0
1785931200000,514793.0561887681,514793.0561887681,0,0.0,0.0,0.0,0.0
1785945600000,514793.0561887681,514793.0561887681,0,0.0,0.0,0.0,0.0
1785960000000,514793.0561887681,514793.0561887681,0,0.0,0.0,0.0,0.0
1785974400000,514793.0561887681,514793.0561887681,0,0.0,0.0,0.0,0.0
1785988800000,514793.0561887681,514793.0561887681,0,0.0,0.0,0.0,0.0
1786003200000,511825.0609121873,514566.99030333466,1,454873.70025804464,5147.9305618876815,5147.9305618876815,454873.70025804464
1786017600000,507907.03207530687,508654.7051244568,1,549570.017208604,10235.865183233602,0.0,0.0
1786032000000,508768.756847818,508654.7051244568,1,550431.7419811152,10235.865183233602,0.0,0.0
1786046400000,508443.41960076033,508649.272391609,1,550111.8374669052,10235.865183233602,0.0,0.0
1786060800000,504227.98355334613,508437.0997819277,2,975203.6346720115,15320.299379241205,5084.4341960076035,426720.1400026606
1786075200000,502574.9269615809,508436.1370435964,2,973057.2226720352,15320.299379241205,5084.4341960076035,426472.9809293895
1786089600000,502508.6603733626,508436.1370435964,2,976080.4444997064,15320.299379241205,5084.4341960076035,428017.72513733426
1786104000000,504666.6463953519,502930.0159197374,1,552054.3207333685,10235.865183233602,0.0,0.0
1786118400000,505093.1857476317,502930.0159197374,1,552480.8600856483,10235.865183233602,0.0,0.0
1786132800000,505321.0122643999,502909.9884885593,1,552728.7140335946,10235.865183233602,0.0,0.0
1786147200000,503943.40543744236,502909.9884885593,1,551351.107206637,10235.865183233602,0.0,0.0
1786161600000,505133.49332982465,502909.80102626904,1,552541.3825613096,10235.865183233602,0.0,0.0
1786176000000,504294.8247385178,502909.80102626904,1,551702.7139700027,10235.865183233602,0.0,0.0
1786190400000,505939.76413806586,502894.69537910674,1,553362.7590167131,10235.865183233602,0.0,0.0
1786204800000,506458.52821516286,502894.69537910674,1,553881.5230938101,10235.865183233602,0.0,0.0
1786219200000,505773.2307586059,502854.9709962704,1,553235.9500200894,10235.865183233602,0.0,0.0
1786233600000,504727.0565364603,502854.9709962704,1,552189.7757979438,10235.865183233602,0.0,0.0
1786248000000,503870.7399427109,502837.32299382787,1,551351.107206637,10235.865183233602,0.0,0.0
1786262400000,505372.2737436416,502837.32299382787,1,552852.6410075678,10235.865183233602,0.0,0.0
1786276800000,505369.31089855655,502814.185990189,1,552872.8151661215,10235.865183233602,0.0,0.0
1786291200000,507502.00765995536,502814.185990189,1,555005.5119275203,10235.865183233602,0.0,0.0
1786305600000,506134.88656260155,502769.91328943253,1,553682.663530923,10235.865183233602,0.0,0.0
1786320000000,502794.62231062696,502769.91328943253,1,550342.3992789484,10235.865183233602,0.0,0.0
1786334400000,502214.9666241482,502214.9666241482,0,0.0,0.0,0.0,0.0
1786348800000,502214.9666241482,502214.9666241482,0,0.0,0.0,0.0,0.0
1786363200000,502214.9666241482,502214.9666241482,0,0.0,0.0,0.0,0.0
1786377600000,502214.9666241482,502214.9666241482,0,0.0,0.0,0.0,0.0
1786392000000,502214.9666241482,502214.9666241482,0,0.0,0.0,0.0,0.0
1786406400000,502214.9666241482,502214.9666241482,0,0.0,0.0,0.0,0.0
1786420800000,502214.9666241482,502214.9666241482,0,0.0,0.0,0.0,0.0
1786435200000,502214.9666241482,502214.9666241482,0,0.0,0.0,0.0,0.0
1786449600000,502214.9666241482,502214.9666241482,0,0.0,0.0,0.0,0.0
1786464000000,502214.9666241482,502214.9666241482,0,0.0,0.0,0.0,0.0
1786478400000,489852.05552553793,501491.1852367027,2,1459201.9046021402,20070.32544263201,20070.32544263201,1459201.9046021402
1786492800000,479952.85978546203,479952.85978546203,0,0.0,0.0,0.0,0.0
1786507200000,479952.85978546203,479952.85978546203,0,0.0,0.0,0.0,0.0
1786521600000,479952.85978546203,479952.85978546203,0,0.0,0.0,0.0,0.0
1786536000000,479952.85978546203,479952.85978546203,0,0.0,0.0,0.0,0.0
1786550400000,479952.85978546203,479952.85978546203,0,0.0,0.0,0.0,0.0
1786564800000,479952.85978546203,479952.85978546203,0,0.0,0.0,0.0,0.0
1786579200000,479952.85978546203,479952.85978546203,0,0.0,0.0,0.0,0.0
1786593600000,479952.85978546203,479952.85978546203,0,0.0,0.0,0.0,0.0
1786608000000,479952.85978546203,479952.85978546203,0,0.0,0.0,0.0,0.0
1786622400000,479952.85978546203,479952.85978546203,0,0.0,0.0,0.0,0.0
1786636800000,479952.85978546203,479952.85978546203,0,0.0,0.0,0.0,0.0
1786651200000,487163.1453259938,479583.74969797983,1,730640.77933644,9599.057195709242,9599.057195709242,730640.77933644
1786665600000,485637.2806581227,479583.74969797983,1,732166.6440043112,9599.057195709242,9599.057195709242,732166.6440043112
1786680000000,488702.17672832636,479064.63805992797,1,728582.6362960556,9599.057195709242,9599.057195709242,728582.6362960556
1786694400000,488418.2949296526,479064.63805992797,1,728866.5180947293,9599.057195709242,9599.057195709242,728866.5180947293
1786708800000,488334.88631252805,478697.34764412965,1,728582.6362960556,9599.057195709242,9599.057195709242,728582.6362960556
1786723200000,499852.61823283654,487936.8039317948,1,357194.27318118524,4799.528597854621,4799.528597854621,357194.27318118524
1786737600000,503512.70707764535,487130.52730998874,2,1571473.5408703955,14792.64288640679,14792.64288640679,1571473.5408703955
1786752000000,494826.26784079045,493491.2001838973,1,1217410.565498932,9993.114288552168,9993.114288552168,1217410.565498932
1786766400000,490611.62937749154,493443.8731040954,1,1221577.876882429,9993.114288552168,9993.114288552168,1221577.876882429
1786780800000,490055.98785969184,493443.8731040954,1,1222133.5184002286,9993.114288552168,9993.114288552168,1222133.5184002286
1786795200000,488915.5936036844,493414.7618836871,1,1223244.8014358277,9993.114288552168,9993.114288552168,1223244.8014358277
1786809600000,486437.5486104405,486437.5486104405,0,0.0,0.0,0.0,0.0
1786824000000,486437.5486104405,486437.5486104405,0,0.0,0.0,0.0,0.0
1786838400000,486437.5486104405,486437.5486104405,0,0.0,0.0,0.0,0.0
1786852800000,486437.5486104405,486437.5486104405,0,0.0,0.0,0.0,0.0
1786867200000,486437.5486104405,486437.5486104405,0,0.0,0.0,0.0,0.0
1786881600000,486437.5486104405,486437.5486104405,0,0.0,0.0,0.0,0.0
1786896000000,486437.5486104405,486437.5486104405,0,0.0,0.0,0.0,0.0
1786910400000,486437.5486104405,486437.5486104405,0,0.0,0.0,0.0,0.0
1786924800000,486437.5486104405,486437.5486104405,0,0.0,0.0,0.0,0.0
1786939200000,486437.5486104405,486437.5486104405,0,0.0,0.0,0.0,0.0
1786953600000,486437.5486104405,486437.5486104405,0,0.0,0.0,0.0,0.0
1786968000000,486437.5486104405,486437.5486104405,0,0.0,0.0,0.0,0.0
1786982400000,486437.5486104405,486437.5486104405,0,0.0,0.0,0.0,0.0
1786996800000,486437.5486104405,486437.5486104405,0,0.0,0.0,0.0,0.0
1787011200000,486437.5486104405,486437.5486104405,0,0.0,0.0,0.0,0.0
1787025600000,486437.5486104405,486437.5486104405,0,0.0,0.0,0.0,0.0
1787040000000,475037.145644439,475037.145644439,0,0.0,0.0,0.0,0.0
1787054400000,475037.145644439,475037.145644439,0,0.0,0.0,0.0,0.0
1787068800000,475037.145644439,475037.145644439,0,0.0,0.0,0.0,0.0
1787083200000,475037.145644439,475037.145644439,0,0.0,0.0,0.0,0.0
1787097600000,475037.145644439,475037.145644439,0,0.0,0.0,0.0,0.0
1787112000000,475037.145644439,475037.145644439,0,0.0,0.0,0.0,0.0
1787126400000,475037.145644439,475037.145644439,0,0.0,0.0,0.0,0.0
1787140800000,475037.145644439,475037.145644439,0,0.0,0.0,0.0,0.0
1787155200000,475037.145644439,475037.145644439,0,0.0,0.0,0.0,0.0
1787169600000,475037.145644439,475037.145644439,0,0.0,0.0,0.0,0.0
1787184000000,475037.145644439,475037.145644439,0,0.0,0.0,0.0,0.0
1787198400000,475037.145644439,475037.145644439,0,0.0,0.0,0.0,0.0
1787212800000,475037.145644439,475037.145644439,0,0.0,0.0,0.0,0.0
1787227200000,475037.145644439,475037.145644439,0,0.0,0.0,0.0,0.0
1787241600000,475037.145644439,475037.145644439,0,0.0,0.0,0.0,0.0
1787256000000,475037.145644439,475037.145644439,0,0.0,0.0,0.0,0.0
1787270400000,475037.145644439,475037.145644439,0,0.0,0.0,0.0,0.0
1787284800000,475037.145644439,475037.145644439,0,0.0,0.0,0.0,0.0
1787299200000,475037.145644439,475037.145644439,0,0.0,0.0,0.0,0.0
1787313600000,475037.145644439,475037.145644439,0,0.0,0.0,0.0,0.0
1787328000000,475037.145644439,475037.145644439,0,0.0,0.0,0.0,0.0
1787342400000,475037.145644439,475037.145644439,0,0.0,0.0,0.0,0.0
1787356800000,475037.145644439,475037.145644439,0,0.0,0.0,0.0,0.0
1787371200000,475037.145644439,475037.145644439,0,0.0,0.0,0.0,0.0
1787385600000,475037.145644439,475037.145644439,0,0.0,0.0,0.0,0.0
1787400000000,475037.145644439,475037.145644439,0,0.0,0.0,0.0,0.0
1787414400000,475037.145644439,475037.145644439,0,0.0,0.0,0.0,0.0
1787428800000,475037.145644439,475037.145644439,0,0.0,0.0,0.0,0.0
1787443200000,475037.145644439,475037.145644439,0,0.0,0.0,0.0,0.0
1787457600000,475037.145644439,475037.145644439,0,0.0,0.0,0.0,0.0
1787472000000,475037.145644439,475037.145644439,0,0.0,0.0,0.0,0.0
1787486400000,475037.145644439,475037.145644439,0,0.0,0.0,0.0,0.0
1787500800000,475037.145644439,475037.145644439,0,0.0,0.0,0.0,0.0
1787515200000,475037.145644439,475037.145644439,0,0.0,0.0,0.0,0.0
1787529600000,475037.145644439,475037.145644439,0,0.0,0.0,0.0,0.0
1787544000000,475037.145644439,475037.145644439,0,0.0,0.0,0.0,0.0
1787558400000,475037.145644439,475037.145644439,0,0.0,0.0,0.0,0.0
1787572800000,475037.145644439,475037.145644439,0,0.0,0.0,0.0,0.0
1787587200000,475037.145644439,475037.145644439,0,0.0,0.0,0.0,0.0
1787601600000,475037.145644439,475037.145644439,0,0.0,0.0,0.0,0.0
1787616000000,475037.145644439,475037.145644439,0,0.0,0.0,0.0,0.0
1787630400000,475037.145644439,475037.145644439,0,0.0,0.0,0.0,0.0
1787644800000,475037.145644439,475037.145644439,0,0.0,0.0,0.0,0.0
1787659200000,475037.145644439,475037.145644439,0,0.0,0.0,0.0,0.0
1787673600000,475037.145644439,475037.145644439,0,0.0,0.0,0.0,0.0
1787688000000,475037.145644439,475037.145644439,0,0.0,0.0,0.0,0.0
1787702400000,475037.145644439,475037.145644439,0,0.0,0.0,0.0,0.0
1787716800000,475037.145644439,475037.145644439,0,0.0,0.0,0.0,0.0
1787731200000,475037.145644439,475037.145644439,0,0.0,0.0,0.0,0.0
1787745600000,475037.145644439,475037.145644439,0,0.0,0.0,0.0,0.0
1787760000000,475037.145644439,475037.145644439,0,0.0,0.0,0.0,0.0
1787774400000,475037.145644439,475037.145644439,0,0.0,0.0,0.0,0.0
1787788800000,475037.145644439,475037.145644439,0,0.0,0.0,0.0,0.0
1787803200000,475037.145644439,475037.145644439,0,0.0,0.0,0.0,0.0
1787817600000,475037.145644439,475037.145644439,0,0.0,0.0,0.0,0.0
1787832000000,475037.145644439,475037.145644439,0,0.0,0.0,0.0,0.0
1787846400000,475037.145644439,475037.145644439,0,0.0,0.0,0.0,0.0
1787860800000,475037.145644439,475037.145644439,0,0.0,0.0,0.0,0.0
1787875200000,475037.145644439,475037.145644439,0,0.0,0.0,0.0,0.0
1787889600000,475037.145644439,475037.145644439,0,0.0,0.0,0.0,0.0
1787904000000,475037.145644439,475037.145644439,0,0.0,0.0,0.0,0.0
1787918400000,475037.145644439,475037.145644439,0,0.0,0.0,0.0,0.0
1787932800000,475037.145644439,475037.145644439,0,0.0,0.0,0.0,0.0
1787947200000,475037.145644439,475037.145644439,0,0.0,0.0,0.0,0.0
1787961600000,475037.145644439,475037.145644439,0,0.0,0.0,0.0,0.0
1787976000000,475037.145644439,475037.145644439,0,0.0,0.0,0.0,0.0
1787990400000,475037.145644439,475037.145644439,0,0.0,0.0,0.0,0.0
1788004800000,475037.145644439,475037.145644439,0,0.0,0.0,0.0,0.0
1788019200000,475037.145644439,475037.145644439,0,0.0,0.0,0.0,0.0
1788033600000,475037.145644439,475037.145644439,0,0.0,0.0,0.0,0.0
1788048000000,475037.145644439,475037.145644439,0,0.0,0.0,0.0,0.0
1788062400000,475037.145644439,475037.145644439,0,0.0,0.0,0.0,0.0
1788076800000,475037.145644439,475037.145644439,0,0.0,0.0,0.0,0.0
1788091200000,475037.145644439,475037.145644439,0,0.0,0.0,0.0,0.0
1788105600000,475037.145644439,475037.145644439,0,0.0,0.0,0.0,0.0
1788120000000,475037.145644439,475037.145644439,0,0.0,0.0,0.0,0.0
1788134400000,475037.145644439,475037.145644439,0,0.0,0.0,0.0,0.0
1788148800000,475037.145644439,475037.145644439,0,0.0,0.0,0.0,0.0
1788163200000,475037.145644439,475037.145644439,0,0.0,0.0,0.0,0.0
1788177600000,475037.145644439,475037.145644439,0,0.0,0.0,0.0,0.0
1788192000000,475037.145644439,475037.145644439,0,0.0,0.0,0.0,0.0
1788206400000,475037.145644439,475037.145644439,0,0.0,0.0,0.0,0.0
1788220800000,475037.145644439,475037.145644439,0,0.0,0.0,0.0,0.0
