symbol,side,entry_ms,exit_ms,entry_price,initial_qty,initial_risk,signal_ms,entry_equity,requested_risk_pct,gross_pnl,fees,funding_pnl,net_pnl,r_multiple,bars,partial_taken,reason,fills,mfe_r,mae_r
XRPUSDT,SHORT,1610726400000,1610791500000,0.273863,65393.23443191487,1000.0,1610712000000,100000.0,1.0,-1009.4543936806124,0.0,20.752569104261955,-988.7018245763504,-0.9887018245763504,5,False,STOP,"[{""time_ms"": 1610726400000, ""role"": ""ENTRY"", ""qty"": 65393.23443191487, ""price"": 0.273863, ""fee"": 0.0, ""gross_pnl"": 0.0}, {""time_ms"": 1610791500000, ""role"": ""STOP"", ""qty"": 65393.23443191487, ""price"": 0.28929967938204865, ""fee"": 0.0, ""gross_pnl"": -1009.4543936806124}]",0.8084565572817644,-1.0356326536982352
XRPUSDT,SHORT,1611633600000,1611814200000,0.26396795,221259.98415613378,1980.2259635084731,1611619200000,99011.29817542365,2.0,2305.109740800977,0.0,83.09071061296497,2388.2004514139417,1.2060242090668472,13,True,STOP,"[{""time_ms"": 1611633600000, ""role"": ""ENTRY"", ""qty"": 221259.98415613378, ""price"": 0.26396795, ""fee"": 0.0, ""gross_pnl"": 0.0}, {""time_ms"": 1611758100000, ""role"": ""TP2R"", ""qty"": 110629.99207806689, ""price"": 0.24619144424924672, ""fee"": 0.0, ""gross_pnl"": 1966.614690381547}, {""time_ms"": 1611814200000, ""role"": ""STOP"", ""qty"": 110629.99207806689, ""price"": 0.26090824580892885, ""fee"": 0.0, ""gross_pnl"": 338.49505041942996}]",2.231113207304218,-0.8192445189223146
ETHUSDT,LONG,1612281600000,1612670400000,1429.1142,27.367518823942866,2027.9899725367522,1612267200000,101399.4986268376,2.0,5426.75155870645,0.0,-846.9575168088429,4579.794041897607,2.2582922518935726,27,False,BB_MID,"[{""time_ms"": 1612281600000, ""role"": ""ENTRY"", ""qty"": 27.367518823942866, ""price"": 1429.1142, ""fee"": 0.0, ""gross_pnl"": 0.0}, {""time_ms"": 1612670400000, ""role"": ""BB_MID"", ""qty"": 27.367518823942866, ""price"": 1627.4058900000002, ""fee"": 0.0, ""gross_pnl"": 5426.75155870645}]",4.562298603896017,-0.06523703829423509
BTCUSDT,LONG,1612368000000,1612713600000,36909.545549999995,1.2904055778842376,2118.3931773643367,1612353600000,105919.65886821682,2.0000000000000004,1338.488096296884,0.0,-462.10691454793243,876.3811817489515,0.41370090836457835,24,False,BB_MID,"[{""time_ms"": 1612368000000, ""role"": ""ENTRY"", ""qty"": 1.2904055778842376, ""price"": 36909.545549999995, ""fee"": 0.0, ""gross_pnl"": 0.0}, {""time_ms"": 1612713600000, ""role"": ""BB_MID"", ""qty"": 1.2904055778842376, ""price"": 37946.807105, ""fee"": 0.0, ""gross_pnl"": 1338.488096296884}]",2.487044526136787,-0.4121133700491546
ETHUSDT,LONG,1613664000000,1613860800000,1911.97551,27.15974550253984,2137.1134770096833,1613649600000,106855.67385048416,2.0,-2162.0093044005175,0.0,-511.8124098083113,-2673.821714208829,-1.2511369859265147,14,False,STOP,"[{""time_ms"": 1613664000000, ""role"": ""ENTRY"", ""qty"": 27.15974550253984, ""price"": 1911.97551, ""fee"": 0.0, ""gross_pnl"": 0.0}, {""time_ms"": 1613860800000, ""role"": ""STOP"", ""qty"": 27.15974550253984, ""price"": 1832.3720651076928, ""fee"": 0.0, ""gross_pnl"": -2162.0093044005175}]",1.7286824355635453,-1.5247221793279904
BTCUSDT,LONG,1615291200000,1615795200000,54327.149999999994,1.029287888722193,2083.6370427255065,1615276800000,104181.85213627532,2.0,3578.107126565814,0.0,-783.5173273724331,2794.5897991933807,1.3412075816899045,35,False,BB_MID,"[{""time_ms"": 1615291200000, ""role"": ""ENTRY"", ""qty"": 1.029287888722193, ""price"": 54327.149999999994, ""fee"": 0.0, ""gross_pnl"": 0.0}, {""time_ms"": 1615795200000, ""role"": ""BB_MID"", ""qty"": 1.029287888722193, ""price"": 57803.44382, ""fee"": 0.0, ""gross_pnl"": 3578.107126565814}]",3.765582499091519,-0.6254605929835562
BCHUSDT,SHORT,1616328000000,1616419500000,520.71951,76.95662835579914,1069.5474461949013,1616313600000,106954.74461949013,1.0,-1090.118628822337,0.0,61.982098209109125,-1028.136530613228,-0.9612818339859537,7,False,STOP,"[{""time_ms"": 1616328000000, ""role"": ""ENTRY"", ""qty"": 76.95662835579914, ""price"": 520.71951, ""fee"": 0.0, ""gross_pnl"": 0.0}, {""time_ms"": 1616419500000, ""role"": ""STOP"", ""qty"": 76.95662835579914, ""price"": 534.8848736874827, ""fee"": 0.0, ""gross_pnl"": -1090.118628822337}]",0.5101080725644612,-1.3138881753439373
ETHUSDT,SHORT,1616457600000,1616517000000,1680.8191700000002,26.75836558749732,1080.8713997425612,1616443200000,108087.1399742561,1.0000000000000002,-1103.8998223610931,0.0,24.042436197086083,-1079.857386164007,-0.999061855481794,5,False,STOP,"[{""time_ms"": 1616457600000, ""role"": ""ENTRY"", ""qty"": 26.75836558749732, ""price"": 1680.8191700000002, ""fee"": 0.0, ""gross_pnl"": 0.0}, {""time_ms"": 1616517000000, ""role"": ""STOP"", ""qty"": 26.75836558749732, ""price"": 1722.0735515036629, ""fee"": 0.0, ""gross_pnl"": -1103.8998223610931}]",0.6990970756812227,-1.0323578315679727
LTCUSDT,SHORT,1616328000000,1616551800000,194.45272500000002,223.05130792705077,1069.7644193546873,1616313600000,106976.44193546873,1.0,1438.7178392245257,0.0,123.03591959831176,1561.7537588228374,1.4599043776058025,16,True,STOP,"[{""time_ms"": 1616328000000, ""role"": ""ENTRY"", ""qty"": 223.05130792705077, ""price"": 194.45272500000002, ""fee"": 0.0, ""gross_pnl"": 0.0}, {""time_ms"": 1616450400000, ""role"": ""TP2R"", ""qty"": 111.52565396352539, ""price"": 184.95306254340906, ""fee"": 0.0, ""gross_pnl"": 1059.4560679040562}, {""time_ms"": 1616551800000, ""role"": ""STOP"", ""qty"": 111.52565396352539, ""price"": 191.05205656326072, ""fee"": 0.0, ""gross_pnl"": 379.26177132046945}]",2.7486650332475815,-0.9960860707257236
LINKUSDT,SHORT,1616457600000,1616587800000,27.269358500000003,1302.2908800213556,1080.6464073771917,1616443200000,108064.64073771916,1.0000000000000002,-785.1879070167868,0.0,72.62846342954185,-712.5594435872449,-0.6593826053766089,10,False,STOP,"[{""time_ms"": 1616457600000, ""role"": ""ENTRY"", ""qty"": 1302.2908800213556, ""price"": 27.269358500000003, ""fee"": 0.0, ""gross_pnl"": 0.0}, {""time_ms"": 1616587800000, ""role"": ""STOP"", ""qty"": 1302.2908800213556, ""price"": 27.87228670833078, ""fee"": 0.0, ""gross_pnl"": -785.1879070167868}]",1.1561263857372837,-0.8334996642244846
BNBUSDT,SHORT,1616644800000,1616719800000,240.84351800000002,253.76064198256088,2140.1796847566306,1616630400000,107008.98423783152,2.0000000000000004,2110.691471726503,0.0,-12.388177562101717,2098.3032941644014,0.9804332361013925,6,True,STOP,"[{""time_ms"": 1616644800000, ""role"": ""ENTRY"", ""qty"": 253.76064198256088, ""price"": 240.84351800000002, ""fee"": 0.0, ""gross_pnl"": 0.0}, {""time_ms"": 1616675100000, ""role"": ""TP2R"", ""qty"": 126.88032099128044, ""price"": 224.08780201068708, ""fee"": 0.0, ""gross_pnl"": 2125.970623162755}, {""time_ms"": 1616719800000, ""role"": ""STOP"", ""qty"": 126.88032099128044, ""price"": 240.963939759, ""fee"": 0.0, ""gross_pnl"": -15.279151436252258}]",2.127321905842408,-0.98240780735849
BCHUSDT,SHORT,1616630400000,1616758500000,474.12282000000005,122.13788789598372,2114.352846678542,1616616000000,105717.6423339271,2.0,-1090.5887997963564,0.0,39.841147376061954,-1050.7476524202943,-0.4969594616484776,9,False,STOP,"[{""time_ms"": 1616630400000, ""role"": ""ENTRY"", ""qty"": 122.13788789598372, ""price"": 474.12282000000005, ""fee"": 0.0, ""gross_pnl"": 0.0}, {""time_ms"": 1616758500000, ""role"": ""STOP"", ""qty"": 122.13788789598372, ""price"": 483.05198046431997, ""fee"": 0.0, ""gross_pnl"": -1090.5887997963564}]",1.3316711774335055,-0.6277544519925007
ETHUSDT,LONG,1618401600000,1618409400000,2395.9873949999997,26.838645611620468,2158.196169915544,1618387200000,107909.8084957772,2.0000000000000004,-2189.269600122744,0.0,0.0,-2189.269600122744,-1.0143978710741648,1,False,STOP,"[{""time_ms"": 1618401600000, ""role"": ""ENTRY"", ""qty"": 26.838645611620468, ""price"": 2395.9873949999997, ""fee"": 0.0, ""gross_pnl"": 0.0}, {""time_ms"": 1618409400000, ""role"": ""STOP"", ""qty"": 26.838645611620468, ""price"": 2314.415857009467, ""fee"": 0.0, ""gross_pnl"": -2189.269600122744}]",0.044925214251292686,-1.3055900697861353
BTCUSDT,LONG,1618358400000,1618423500000,63676.872525,1.3062113948064584,2135.303959513424,1618344000000,106765.19797567121,2.0,-2175.824035772562,0.0,-177.7128012033678,-2353.53683697593,-1.1022022539180956,5,False,STOP,"[{""time_ms"": 1618358400000, ""role"": ""ENTRY"", ""qty"": 1.3062113948064584, ""price"": 63676.872525, ""fee"": 0.0, ""gross_pnl"": 0.0}, {""time_ms"": 1618423500000, ""role"": ""STOP"", ""qty"": 1.3062113948064584, ""price"": 62011.12068389395, ""fee"": 0.0, ""gross_pnl"": -2175.824035772562}]",0.8008887450114274,-1.2450016614756139
BTCUSDT,SHORT,1620705600000,1620761100000,55170.0012,1.485110731986485,2390.4451831376155,1620691200000,119522.25915688077,2.0,-2432.6071861621026,0.0,63.493434015694945,-2369.1137521464075,-0.9910763772615739,4,False,STOP,"[{""time_ms"": 1620705600000, ""role"": ""ENTRY"", ""qty"": 1.485110731986485, ""price"": 55170.0012, ""fee"": 0.0, ""gross_pnl"": 0.0}, {""time_ms"": 1620761100000, ""role"": ""STOP"", ""qty"": 1.485110731986485, ""price"": 56807.99837675479, ""fee"": 0.0, ""gross_pnl"": -2432.6071861621026}]",0.34125166757754083,-1.0418682398478918
ETHUSDT,LONG,1619956800000,1620864000000,2939.759145,19.82111701355867,2044.447830771451,1619942400000,102222.39153857254,2.0000000000000004,17605.431485414494,0.0,-1162.6960975688505,16442.735387845645,8.042628987818755,63,False,BB_MID,"[{""time_ms"": 1619956800000, ""role"": ""ENTRY"", ""qty"": 19.82111701355867, ""price"": 2939.759145, ""fee"": 0.0, ""gross_pnl"": 0.0}, {""time_ms"": 1620864000000, ""role"": ""BB_MID"", ""qty"": 19.82111701355867, ""price"": 3827.975055, ""fee"": 0.0, ""gross_pnl"": 17605.431485414494}]",13.955322688740766,-0.34222858269734424
XRPUSDT,SHORT,1622793600000,1622843400000,0.9390302500000001,48399.312276435274,2325.9202634854346,1622779200000,116296.01317427173,2.0,-2349.807432770559,0.0,4.672983801460687,-2345.1344489690982,-1.0082608960355635,4,False,STOP,"[{""time_ms"": 1622793600000, ""role"": ""ENTRY"", ""qty"": 48399.312276435274, ""price"": 0.9390302500000001, ""fee"": 0.0, ""gross_pnl"": 0.0}, {""time_ms"": 1622843400000, ""role"": ""STOP"", ""qty"": 48399.312276435274, ""price"": 0.9875806802075515, ""fee"": 0.0, ""gross_pnl"": -2349.807432770559}]",0.47922892244124216,-1.0418850138145401
LTCUSDT,SHORT,1622793600000,1622851800000,173.53319000000002,284.93266059136704,2323.8561749567243,1622779200000,116254.03317314594,2.0,-2349.7407398080068,0.0,10.133378883281978,-2339.6073609247246,-1.006778038218434,5,False,STOP,"[{""time_ms"": 1622793600000, ""role"": ""ENTRY"", ""qty"": 284.93266059136704, ""price"": 173.53319000000002, ""fee"": 0.0, ""gross_pnl"": 0.0}, {""time_ms"": 1622851800000, ""role"": ""STOP"", ""qty"": 284.93266059136704, ""price"": 181.7798428580164, ""fee"": 0.0, ""gross_pnl"": -2349.7407398080068}]",0.5521451463631727,-1.0344541741050788
LINKUSDT,SHORT,1622793600000,1622877000000,28.231877,1362.6300491353563,2325.4655519465978,1622779200000,116273.27759732988,2.0,-2345.8630866944145,0.0,7.844276804473796,-2338.0188098899407,-1.005398169812851,6,False,STOP,"[{""time_ms"": 1622793600000, ""role"": ""ENTRY"", ""qty"": 1362.6300491353563, ""price"": 28.231877, ""fee"": 0.0, ""gross_pnl"": 0.0}, {""time_ms"": 1622877000000, ""role"": ""STOP"", ""qty"": 1362.6300491353563, ""price"": 29.95344705357614, ""fee"": 0.0, ""gross_pnl"": -2345.8630866944145}]",0.6310069646890353,-1.0501125890695115
XRPUSDT,SHORT,1623110400000,1623178500000,0.86126915,62184.708924833685,2182.779823721603,1623096000000,109217.18829757166,2.0000000000000004,2163.11226519397,0.0,5.206529920812629,2168.3187951147825,0.9933749485634494,5,True,STOP,"[{""time_ms"": 1623110400000, ""role"": ""ENTRY"", ""qty"": 62184.708924833685, ""price"": 0.86126915, ""fee"": 0.0, ""gross_pnl"": 0.0}, {""time_ms"": 1623165300000, ""role"": ""TP2R"", ""qty"": 31092.354462416843, ""price"": 0.7914615780643531, ""fee"": 0.0, ""gross_pnl"": 2170.481770783796}, {""time_ms"": 1623178500000, ""role"": ""STOP"", ""qty"": 31092.354462416843, ""price"": 0.8615061698628327, ""fee"": 0.0, ""gross_pnl"": -7.369505589825976}]",2.244036073530841,-0.641876168110387
DOGEUSDT,SHORT,1623168000000,1623180900000,0.312573635,135675.45412005312,2424.4083110924066,1623153600000,121220.41555462033,2.0,-2446.8248001852385,0.0,0.0,-2446.8248001852385,-1.0092461690509267,1,False,STOP,"[{""time_ms"": 1623168000000, ""role"": ""ENTRY"", ""qty"": 135675.45412005312, ""price"": 0.312573635, ""fee"": 0.0, ""gross_pnl"": 0.0}, {""time_ms"": 1623180900000, ""role"": ""STOP"", ""qty"": 135675.45412005312, ""price"": 0.33060803050694376, ""fee"": 0.0, ""gross_pnl"": -2446.8248001852385}]",0.23916242438019455,-1.0580435834171273
LINKUSDT,SHORT,1623168000000,1623178500000,22.3658115,924.9260187162524,1326.7153032222404,1623153600000,121199.20066223684,2.0,-1337.7220213668766,0.0,0.0,-1337.7220213668766,-1.0082962170692564,1,False,STOP,"[{""time_ms"": 1623168000000, ""role"": ""ENTRY"", ""qty"": 924.9260187162524, ""price"": 22.3658115, ""fee"": 0.0, ""gross_pnl"": 0.0}, {""time_ms"": 1623178500000, ""role"": ""STOP"", ""qty"": 924.9260187162524, ""price"": 23.812113143912626, ""fee"": 0.0, ""gross_pnl"": -1337.7220213668766}]",0.11559629272375999,-1.0061258736671705
BTCUSDT,SHORT,1623110400000,1623184800000,33534.194515,2.0226778743608076,2185.4650510897595,1623096000000,109273.25255448798,2.0,2345.8582862176636,0.0,3.8817285229847993,2349.7400147406483,1.075167051318883,6,True,STOP,"[{""time_ms"": 1623110400000, ""role"": ""ENTRY"", ""qty"": 2.0226778743608076, ""price"": 33534.194515, ""fee"": 0.0, ""gross_pnl"": 0.0}, {""time_ms"": 1623165300000, ""role"": ""TP2R"", ""qty"": 1.0113389371804038, ""price"": 31388.91909294999, ""fee"": 0.0, ""gross_pnl"": 2169.600565295303}, {""time_ms"": 1623184800000, ""role"": ""STOP"", ""qty"": 1.0113389371804038, ""price"": 33359.91296166264, ""fee"": 0.0, ""gross_pnl"": 176.25772092236062}]",2.3741227004911316,-0.4880932433387069
ETHUSDT,SHORT,1623124800000,1623184800000,2488.7849850000002,2.3069918928374116,244.31277649241383,1623110400000,113289.06790577855,2.0,-103.09598458476269,0.0,1.1278563044924992,-101.9681282802702,-0.41736715428567206,5,False,STOP,"[{""time_ms"": 1623124800000, ""role"": ""ENTRY"", ""qty"": 2.3069918928374116, ""price"": 2488.7849850000002, ""fee"": 0.0, ""gross_pnl"": 0.0}, {""time_ms"": 1623184800000, ""role"": ""STOP"", ""qty"": 2.3069918928374116, ""price"": 2533.4734751957603, ""fee"": 0.0, ""gross_pnl"": -103.09598458476269}]",1.730719860600318,-0.6535821857543233
BNBUSDT,SHORT,1623110400000,1623221100000,357.850985,123.63687163168024,2184.7864230429363,1623096000000,109239.3211521468,2.0000000000000004,2175.5231748853416,0.0,0.0,2175.5231748853416,0.9957601127231956,8,True,STOP,"[{""time_ms"": 1623110400000, ""role"": ""ENTRY"", ""qty"": 123.63687163168024, ""price"": 357.850985, ""fee"": 0.0, ""gross_pnl"": 0.0}, {""time_ms"": 1623165300000, ""role"": ""TP2R"", ""qty"": 61.81843581584012, ""price"": 322.670251397173, ""fee"": 0.0, ""gross_pnl"": 2174.81792218053}, {""time_ms"": 1623221100000, ""role"": ""STOP"", ""qty"": 61.81843581584012, ""price"": 357.8395765472382, ""fee"": 0.0, ""gross_pnl"": 0.70525270481156}]",2.191217137476294,-0.486051603853595
ETHUSDT,SHORT,1623456000000,1623501000000,2353.0728750000003,25.120808378747935,2241.6063917879274,1623441600000,112080.31958939637,2.0,-1987.7306692958944,0.0,5.830263295815229,-1981.900406000079,-0.8841429134306206,4,False,STOP,"[{""time_ms"": 1623456000000, ""role"": ""ENTRY"", ""qty"": 25.120808378747935, ""price"": 2353.0728750000003, ""fee"": 0.0, ""gross_pnl"": 0.0}, {""time_ms"": 1623501000000, ""role"": ""STOP"", ""qty"": 25.120808378747935, ""price"": 2432.1997342684904, ""fee"": 0.0, ""gross_pnl"": -1987.7306692958944}]",1.0943576755918323,-0.9202545858612301
ADAUSDT,SHORT,1623456000000,1623501300000,1.4358817000000001,37475.99246870238,2241.014985156671,1623441600000,112050.74925783355,2.0,-1500.054677479853,0.0,5.234646628028349,-1494.8200308518246,-0.6670281282154481,4,False,STOP,"[{""time_ms"": 1623456000000, ""role"": ""ENTRY"", ""qty"": 37475.99246870238, ""price"": 1.4358817000000001, ""fee"": 0.0, ""gross_pnl"": 0.0}, {""time_ms"": 1623501300000, ""role"": ""STOP"", ""qty"": 37475.99246870238, ""price"": 1.4759087834383535, ""fee"": 0.0, ""gross_pnl"": -1500.054677479853}]",1.3358438062286573,-0.7545032417007438
SOLUSDT,SHORT,1623470400000,1623501300000,35.411285500000005,137.80685570356758,294.0901484458527,1623456000000,116925.33272654083,2.0000000000000004,-296.6771524756636,0.0,0.49706932852276825,-296.18008314714086,-1.0071064424032312,3,False,STOP,"[{""time_ms"": 1623470400000, ""role"": ""ENTRY"", ""qty"": 137.80685570356758, ""price"": 35.411285500000005, ""fee"": 0.0, ""gross_pnl"": 0.0}, {""time_ms"": 1623501300000, ""role"": ""STOP"", ""qty"": 137.80685570356758, ""price"": 37.56413305581274, ""fee"": 0.0, ""gross_pnl"": -296.6771524756636}]",0.4148333828918552,-1.0326322310292326
LINKUSDT,SHORT,1623456000000,1623523800000,21.447271,1994.3259793616403,2238.808438201998,1623441600000,112023.83025244328,2.0,-1500.018684243408,0.0,8.393948108622117,-1491.6247361347857,-0.6662583143257758,5,False,STOP,"[{""time_ms"": 1623456000000, ""role"": ""ENTRY"", ""qty"": 1994.3259793616403, ""price"": 21.447271, ""fee"": 0.0, ""gross_pnl"": 0.0}, {""time_ms"": 1623523800000, ""role"": ""STOP"", ""qty"": 1994.3259793616403, ""price"": 22.199414180085107, ""fee"": 0.0, ""gross_pnl"": -1500.018684243408}]",1.3123867946021226,-0.7444656844979897
SOLUSDT,SHORT,1624032000000,1624061100000,35.552215000000004,1397.1461800846848,2256.2920613233546,1624017600000,112814.60306616772,2.0000000000000004,-2282.2560280444113,0.0,5.1414979427116405,-2277.1145301016995,-1.0092286229851521,3,False,STOP,"[{""time_ms"": 1624032000000, ""role"": ""ENTRY"", ""qty"": 1397.1461800846848, ""price"": 35.552215000000004, ""fee"": 0.0, ""gross_pnl"": 0.0}, {""time_ms"": 1624061100000, ""role"": ""STOP"", ""qty"": 1397.1461800846848, ""price"": 37.185727699369856, ""fee"": 0.0, ""gross_pnl"": -2282.2560280444113}]",0.41996579820893093,-1.0574984196666763
BNBUSDT,SHORT,1624046400000,1624061400000,328.725555,227.2755038529922,2321.0992431880463,1624032000000,116054.9621594023,2.0000000000000004,-2359.6154258806314,0.0,-26.97112040998029,-2386.5865462906118,-1.0282139177352099,2,False,STOP,"[{""time_ms"": 1624046400000, ""role"": ""ENTRY"", ""qty"": 227.2755038529922, ""price"": 328.725555, ""fee"": 0.0, ""gross_pnl"": 0.0}, {""time_ms"": 1624061400000, ""role"": ""STOP"", ""qty"": 227.2755038529922, ""price"": 339.1077360352553, ""fee"": 0.0, ""gross_pnl"": -2359.6154258806314}]",0.033835772840996016,-1.0236698244814784
BTCUSDT,SHORT,1623960000000,1624217700000,37663.43886,2.092560151364924,2136.315886665251,1623945600000,106815.79433326256,2.0,4465.272041701839,0.0,10.277992077121084,4475.55003377896,2.0949851385345495,18,True,STOP,"[{""time_ms"": 1623960000000, ""role"": ""ENTRY"", ""qty"": 2.092560151364924, ""price"": 37663.43886, ""fee"": 0.0, ""gross_pnl"": 0.0}, {""time_ms"": 1624040700000, ""role"": ""TP2R"", ""qty"": 1.046280075682462, ""price"": 35639.42938013218, ""fee"": 0.0, ""gross_pnl"": 2117.680791778129}, {""time_ms"": 1624217700000, ""role"": ""STOP"", ""qty"": 1.046280075682462, ""price"": 35419.688544490615, ""fee"": 0.0, ""gross_pnl"": 2347.5912499237097}]",4.262313273225974,-0.5236123304678119
ADAUSDT,SHORT,1623960000000,1624206000000,1.4664664,51177.10706026108,2135.5273622898453,1623945600000,106776.36811449227,1.9999999999999998,3971.724255931277,0.0,19.534412996921127,3991.2586689281984,1.868980346216928,18,True,STOP,"[{""time_ms"": 1623960000000, ""role"": ""ENTRY"", ""qty"": 51177.10706026108, ""price"": 1.4664664, ""fee"": 0.0, ""gross_pnl"": 0.0}, {""time_ms"": 1624040700000, ""role"": ""TP2R"", ""qty"": 25588.55353013054, ""price"": 1.383701551784216, ""fee"": 0.0, ""gross_pnl"": 2117.8327489827207}, {""time_ms"": 1624206000000, ""role"": ""STOP"", ""qty"": 25588.55353013054, ""price"": 1.3940163685917926, ""fee"": 0.0, ""gross_pnl"": 1853.8915069485563}]",3.8646883967683543,-0.6310747828756545
LINKUSDT,SHORT,1624032000000,1624216800000,21.1784055,255.93461215464603,239.24997900284416,1624017600000,112789.75482135492,2.0000000000000004,272.7519003916751,0.0,2.9465677654572437,275.69846815713237,1.152344795624224,13,True,STOP,"[{""time_ms"": 1624032000000, ""role"": ""ENTRY"", ""qty"": 255.93461215464603, ""price"": 21.1784055, ""fee"": 0.0, ""gross_pnl"": 0.0}, {""time_ms"": 1624188600000, ""role"": ""TP2R"", ""qty"": 127.96730607732302, ""price"": 19.318441892583714, ""fee"": 0.0, ""gross_pnl"": 238.01453224292183}, {""time_ms"": 1624216800000, ""role"": ""STOP"", ""qty"": 127.96730607732302, ""price"": 20.906950475950627, ""fee"": 0.0, ""gross_pnl"": 34.73736814875327}]",2.266137252293444,-0.8286125823746261
BNBUSDT,SHORT,1624190400000,1624205700000,316.93145499999997,240.38126122620687,2287.9583845942516,1624176000000,114397.91922971257,2.0000000000000004,-2327.1945552241227,0.0,-31.379418761255085,-2358.573973985378,-1.0308640182735007,2,False,STOP,"[{""time_ms"": 1624190400000, ""role"": ""ENTRY"", ""qty"": 240.38126122620687, ""price"": 316.93145499999997, ""fee"": 0.0, ""gross_pnl"": 0.0}, {""time_ms"": 1624205700000, ""role"": ""STOP"", ""qty"": 240.38126122620687, ""price"": 326.6127194353095, ""fee"": 0.0, ""gross_pnl"": -2327.1945552241227}]",0.7282439690563579,-1.0578380979783608
DOGEUSDT,SHORT,1625486400000,1625509500000,0.22758615000000001,293398.42905576056,2170.7205290749835,1625472000000,108536.02645374916,2.0000000000000004,-2205.1925987819413,0.0,-22.085024576215325,-2227.2776233581567,-1.0260545259169194,2,False,STOP,"[{""time_ms"": 1625486400000, ""role"": ""ENTRY"", ""qty"": 293398.42905576056, ""price"": 0.22758615000000001, ""fee"": 0.0, ""gross_pnl"": 0.0}, {""time_ms"": 1625509500000, ""role"": ""STOP"", ""qty"": 293398.42905576056, ""price"": 0.2351021841037915, ""fee"": 0.0, ""gross_pnl"": -2205.1925987819413}]",0.14680595657088782,-1.1804826256011025
XRPUSDT,SHORT,1625745600000,1625807700000,0.6230883,123614.17478384972,2125.265530010825,1625731200000,106263.27650054124,2.0000000000000004,-399.47146873278257,0.0,9.780835604179847,-389.6906331286027,-0.18336091543658445,5,False,STOP,"[{""time_ms"": 1625745600000, ""role"": ""ENTRY"", ""qty"": 123614.17478384972, ""price"": 0.6230883, ""fee"": 0.0, ""gross_pnl"": 0.0}, {""time_ms"": 1625807700000, ""role"": ""STOP"", ""qty"": 123614.17478384972, ""price"": 0.6263198992031763, ""fee"": 0.0, ""gross_pnl"": -399.47146873278257}]",1.8605709505005192,-0.40201286841046074
DOGEUSDT,SHORT,1625745600000,1625815200000,0.21403293,302804.3148326031,2122.044251117023,1625731200000,106224.74596226113,2.0,2593.9883486304198,0.0,12.760308574965997,2606.748657205386,1.2284139012809083,5,True,STOP,"[{""time_ms"": 1625745600000, ""role"": ""ENTRY"", ""qty"": 302804.3148326031, ""price"": 0.21403293, ""fee"": 0.0, ""gross_pnl"": 0.0}, {""time_ms"": 1625790600000, ""role"": ""TP2R"", ""qty"": 151402.15741630155, ""price"": 0.20011699388972853, ""fee"": 0.0, ""gross_pnl"": 2106.902749562517}, {""time_ms"": 1625815200000, ""role"": ""STOP"", ""qty"": 151402.15741630155, ""price"": 0.21081576581040004, ""fee"": 0.0, ""gross_pnl"": 487.0855990679027}]",2.7158968644848844,-0.5575178998883994
BTCUSDT,SHORT,1625745600000,1625837400000,32650.836415,2.783977298907297,2126.17497660782,1625731200000,106308.748830391,2.0,-2172.6876577809585,0.0,-51.55125702951973,-2224.238914810478,-1.0461222332505826,7,False,STOP,"[{""time_ms"": 1625745600000, ""role"": ""ENTRY"", ""qty"": 2.783977298907297, ""price"": 32650.836415, ""fee"": 0.0, ""gross_pnl"": 0.0}, {""time_ms"": 1625837400000, ""role"": ""STOP"", ""qty"": 2.783977298907297, ""price"": 33431.26219599819, ""fee"": 0.0, ""gross_pnl"": -2172.6876577809585}]",0.524848374293149,-1.1118803342660115
ADAUSDT,SHORT,1625803200000,1625835900000,1.3185404,37692.42378088013,1298.120491996784,1625788800000,110176.38540289902,2.0,-1323.6190440072867,0.0,-2.3509572837700796,-1325.9700012910569,-1.0214537167127178,3,False,STOP,"[{""time_ms"": 1625803200000, ""role"": ""ENTRY"", ""qty"": 37692.42378088013, ""price"": 1.3185404, ""fee"": 0.0, ""gross_pnl"": 0.0}, {""time_ms"": 1625835900000, ""role"": ""STOP"", ""qty"": 37692.42378088013, ""price"": 1.3536567154617483, ""fee"": 0.0, ""gross_pnl"": -1323.6190440072867}]",0.18990804784019943,-1.1573693999894823
BNBUSDT,SHORT,1626235200000,1626254100000,294.19283,294.01484145298156,2393.976541358539,1626220800000,119698.82706792696,2.0,-2438.422058763732,0.0,0.0,-2438.422058763732,-1.0185655609557354,2,False,STOP,"[{""time_ms"": 1626235200000, ""role"": ""ENTRY"", ""qty"": 294.01484145298156, ""price"": 294.19283, ""fee"": 0.0, ""gross_pnl"": 0.0}, {""time_ms"": 1626254100000, ""role"": ""STOP"", ""qty"": 294.01484145298156, ""price"": 302.4863639138439, ""fee"": 0.0, ""gross_pnl"": -2438.422058763732}]",0.5149399864168022,-1.1221762379318931
XRPUSDT,SHORT,1626235200000,1626254100000,0.5920038500000001,63524.659798089444,1046.3612995768972,1626220800000,119655.55690371033,2.0000000000000004,-1065.6879018118852,0.0,3.8115730961845897,-1061.8763287157005,-1.0148276022298197,2,False,STOP,"[{""time_ms"": 1626235200000, ""role"": ""ENTRY"", ""qty"": 63524.659798089444, ""price"": 0.5920038500000001, ""fee"": 0.0, ""gross_pnl"": 0.0}, {""time_ms"": 1626254100000, ""role"": ""STOP"", ""qty"": 63524.659798089444, ""price"": 0.6087798218068406, ""fee"": 0.0, ""gross_pnl"": -1065.6879018118852}]",0.09129882735149987,-1.1896834894464121
ETHUSDT,SHORT,1626120000000,1626268200000,2018.840075,38.164371267949655,2099.5119587673257,1626105600000,104975.59793836629,2.0,2940.1166992652306,0.0,25.29333753845895,2965.4100368036898,1.412428266683822,11,True,STOP,"[{""time_ms"": 1626120000000, ""role"": ""ENTRY"", ""qty"": 38.164371267949655, ""price"": 2018.840075, ""fee"": 0.0, ""gross_pnl"": 0.0}, {""time_ms"": 1626222900000, ""role"": ""TP2R"", ""qty"": 19.082185633974827, ""price"": 1909.7697717270437, ""fee"": 0.0, ""gross_pnl"": 2081.299774208486}, {""time_ms"": 1626268200000, ""role"": ""STOP"", ""qty"": 19.082185633974827, ""price"": 1973.8338612711248, ""fee"": 0.0, ""gross_pnl"": 858.816925056745}]",2.8451803897771133,-0.5476937814874823
SOLUSDT,SHORT,1626120000000,1626268200000,30.331826500000002,2082.5212925155206,2098.74109571427,1626105600000,104937.05478571351,2.0,3011.8622006750466,0.0,28.042326465503272,3039.90452714055,1.4484418937372412,11,True,STOP,"[{""time_ms"": 1626120000000, ""role"": ""ENTRY"", ""qty"": 2082.5212925155206, ""price"": 30.331826500000002, ""fee"": 0.0, ""gross_pnl"": 0.0}, {""time_ms"": 1626225000000, ""role"": ""TP2R"", ""qty"": 1041.2606462577603, ""price"": 28.330407542008903, ""fee"": 0.0, ""gross_pnl"": 2083.998797630345}, {""time_ms"": 1626268200000, ""role"": ""STOP"", ""qty"": 1041.2606462577603, ""price"": 29.440730301964095, ""fee"": 0.0, ""gross_pnl"": 927.8634030447016}]",2.926036940299224,-0.7493372557982126
ADAUSDT,SHORT,1626120000000,1626268200000,1.2965514,76253.00256961229,2096.074284451295,1626105600000,104905.45564888153,2.0,3497.1514181541006,0.0,21.752246096066003,3518.9036642501665,1.6788067533452593,11,True,STOP,"[{""time_ms"": 1626120000000, ""role"": ""ENTRY"", ""qty"": 76253.00256961229, ""price"": 1.2965514, ""fee"": 0.0, ""gross_pnl"": 0.0}, {""time_ms"": 1626223500000, ""role"": ""TP2R"", ""qty"": 38126.501284806145, ""price"": 1.2421953545343112, ""fee"": 0.0, ""gross_pnl"": 2072.4058372845666}, {""time_ms"": 1626268200000, ""role"": ""STOP"", ""qty"": 38126.501284806145, ""price"": 1.2591824956196416, ""fee"": 0.0, ""gross_pnl"": 1424.7455808695343}]",3.628852191425833,-0.9112420176774412
BTCUSDT,SHORT,1626206400000,1626268500000,32290.556645,0.9788161837597531,591.8319038207374,1626192000000,114769.32071256048,2.0,-577.1925207114929,0.0,3.6134098100953413,-573.5791109013975,-0.9691588222914246,5,False,STOP,"[{""time_ms"": 1626206400000, ""role"": ""ENTRY"", ""qty"": 0.9788161837597531, ""price"": 32290.556645, ""fee"": 0.0, ""gross_pnl"": 0.0}, {""time_ms"": 1626268500000, ""role"": ""STOP"", ""qty"": 0.9788161837597531, ""price"": 32880.24092922835, ""fee"": 0.0, ""gross_pnl"": -577.1925207114929}]",1.2148320343142007,-0.9880968244166366
BTCUSDT,SHORT,1626710400000,1626840900000,30657.653505000002,3.80427992876982,2208.5187733635976,1626696000000,110425.93866817988,2.0,2652.445784647813,0.0,-49.22940820645331,2603.21637644136,1.1787159827836255,10,True,STOP,"[{""time_ms"": 1626710400000, ""role"": ""ENTRY"", ""qty"": 3.80427992876982, ""price"": 30657.653505000002, ""fee"": 0.0, ""gross_pnl"": 0.0}, {""time_ms"": 1626750900000, ""role"": ""TP2R"", ""qty"": 1.90213996438491, ""price"": 29511.331205062255, ""fee"": 0.0, ""gross_pnl"": 2180.465458777214}, {""time_ms"": 1626840900000, ""role"": ""STOP"", ""qty"": 1.90213996438491, ""price"": 30409.522276642565, ""fee"": 0.0, ""gross_pnl"": 471.9803258705993}]",2.4381179154662087,-0.6758357293827488
BNBUSDT,SHORT,1626724800000,1626840000000,282.94845499999997,280.1941380399008,2202.6338189938137,1626710400000,110131.69094969069,2.0,3697.108730866562,0.0,-82.22186722980618,3614.8868636367556,1.641165604770417,9,True,STOP,"[{""time_ms"": 1626724800000, ""role"": ""ENTRY"", ""qty"": 280.1941380399008, ""price"": 282.94845499999997, ""fee"": 0.0, ""gross_pnl"": 0.0}, {""time_ms"": 1626747600000, ""role"": ""TP2R"", ""qty"": 140.0970690199504, ""price"": 267.3598704095707, ""fee"": 0.0, ""gross_pnl"": 2183.9150112887037}, {""time_ms"": 1626840000000, ""role"": ""STOP"", ""qty"": 140.0970690199504, ""price"": 272.14741733259257, ""fee"": 0.0, ""gross_pnl"": 1513.1937195778585}]",3.728289838824671,-0.10832391440634183
BCHUSDT,SHORT,1626724800000,1626840900000,417.24127500000003,205.58836938807863,2194.369259867898,1626710400000,110092.03087042183,2.0,3305.9473666380172,0.0,8.949843394534856,3314.8972100325523,1.5106378268496663,9,True,STOP,"[{""time_ms"": 1626724800000, ""role"": ""ENTRY"", ""qty"": 205.58836938807863, ""price"": 417.24127500000003, ""fee"": 0.0, ""gross_pnl"": 0.0}, {""time_ms"": 1626750900000, ""role"": ""TP2R"", ""qty"": 102.79418469403932, ""price"": 396.09200996495434, ""fee"": 0.0, ""gross_pnl"": 2174.021456155674}, {""time_ms"": 1626840900000, ""role"": ""STOP"", ""qty"": 102.79418469403932, ""price"": 406.2296996482284, ""fee"": 0.0, ""gross_pnl"": 1131.9259104823434}]",3.168683094974809,-0.45427243472286455
DOGEUSDT,SHORT,1627977600000,1628095200000,0.1987006,217617.37093852335,1199.5893911829055,1627963200000,119958.93911829054,1.0000000000000002,-921.7338761730584,0.0,17.160258479805627,-904.5736176932528,-0.7540693710214126,9,False,STOP,"[{""time_ms"": 1627977600000, ""role"": ""ENTRY"", ""qty"": 217617.37093852335, ""price"": 0.1987006, ""fee"": 0.0, ""gross_pnl"": 0.0}, {""time_ms"": 1628095200000, ""role"": ""STOP"", ""qty"": 217617.37093852335, ""price"": 0.20293617123311378, ""fee"": 0.0, ""gross_pnl"": -921.7338761730584}]",1.0141900911354491,-0.7654408597533175
SOLUSDT,LONG,1628164800000,1628424000000,36.886434,1216.0702783754894,2381.0873100119456,1628150400000,119054.36550059728,2.0,1644.658439075314,0.0,-86.31483158915456,1558.3436074861593,0.6544672263522925,18,False,BB_MID,"[{""time_ms"": 1628164800000, ""role"": ""ENTRY"", ""qty"": 1216.0702783754894, ""price"": 36.886434, ""fee"": 0.0, ""gross_pnl"": 0.0}, {""time_ms"": 1628424000000, ""role"": ""BB_MID"", ""qty"": 1216.0702783754894, ""price"": 38.238871, ""fee"": 0.0, ""gross_pnl"": 1644.658439075314}]",1.8746335754455026,-0.6187042681799629
SOLUSDT,LONG,1628683200000,1628746200000,42.593286,1144.2578865331702,2412.2541821616683,1628668800000,120612.70910808342,1.9999999999999998,-2435.4169067800203,0.0,-33.805363274061655,-2469.222270054082,-1.0236161215155872,5,False,STOP,"[{""time_ms"": 1628683200000, ""role"": ""ENTRY"", ""qty"": 1144.2578865331702, ""price"": 42.593286, ""fee"": 0.0, ""gross_pnl"": 0.0}, {""time_ms"": 1628746200000, ""role"": ""STOP"", ""qty"": 1144.2578865331702, ""price"": 40.46490485843867, ""fee"": 0.0, ""gross_pnl"": -2435.4169067800203}]",0.5624459502260971,-1.0641074710249645
BTCUSDT,LONG,1628928000000,1628938200000,47663.6199,1.7791721264863494,2362.869736760587,1628913600000,118143.48683802933,2.0000000000000004,-2404.089193878957,0.0,0.0,-2404.089193878957,-1.0174446591266095,1,False,STOP,"[{""time_ms"": 1628928000000, ""role"": ""ENTRY"", ""qty"": 1.7791721264863494, ""price"": 47663.6199, ""fee"": 0.0, ""gross_pnl"": 0.0}, {""time_ms"": 1628938200000, ""role"": ""STOP"", ""qty"": 1.7791721264863494, ""price"": 46312.379534838285, ""fee"": 0.0, ""gross_pnl"": -2404.089193878957}]",0.47917568969453533,-1.1020179991356784
ETHUSDT,LONG,1630440000000,1630814400000,3417.7079999999996,18.665398758998975,2314.7879528830076,1630425600000,115739.39764415038,2.0,7995.846096255483,0.0,-423.8807036038581,7571.965392651625,3.2711270089430613,26,False,BB_MID,"[{""time_ms"": 1630440000000, ""role"": ""ENTRY"", ""qty"": 18.665398758998975, ""price"": 3417.7079999999996, ""fee"": 0.0, ""gross_pnl"": 0.0}, {""time_ms"": 1630814400000, ""role"": ""BB_MID"", ""qty"": 18.665398758998975, ""price"": 3846.0859950000004, ""fee"": 0.0, ""gross_pnl"": 7995.846096255483}]",4.989173842281811,-0.37663209891406424
BTCUSDT,LONG,1630958400000,1631007600000,51782.308215,2.2091149025382877,2466.22726073604,1630944000000,123311.363036802,2.0000000000000004,-2522.1906814884637,0.0,-23.20862900902469,-2545.3993104974884,-1.0321024955898912,4,False,STOP,"[{""time_ms"": 1630958400000, ""role"": ""ENTRY"", ""qty"": 2.2091149025382877, ""price"": 51782.308215, ""fee"": 0.0, ""gross_pnl"": 0.0}, {""time_ms"": 1631007600000, ""role"": ""STOP"", ""qty"": 2.2091149025382877, ""price"": 50640.588208226945, ""fee"": 0.0, ""gross_pnl"": -2522.1906814884637}]",1.0459560499080585,-1.1486233375582475
DOGEUSDT,SHORT,1632052800000,1632154500000,0.23458265,407282.1084214155,2415.3192745260903,1632038400000,120765.96372630452,2.0,6410.22165054509,0.0,27.96733620129929,6438.188986746389,2.665564364367367,8,True,STOP,"[{""time_ms"": 1632052800000, ""role"": ""ENTRY"", ""qty"": 407282.1084214155, ""price"": 0.23458265, ""fee"": 0.0, ""gross_pnl"": 0.0}, {""time_ms"": 1632105000000, ""role"": ""TP2R"", ""qty"": 203641.05421070775, ""price"": 0.22283334132369098, ""fee"": 0.0, ""gross_pnl"": 2392.6416050905846}, {""time_ms"": 1632154500000, ""role"": ""STOP"", ""qty"": 203641.05421070775, ""price"": 0.2148539167098182, ""fee"": 0.0, ""gross_pnl"": 4017.580045454505}]",6.033832996991694,-0.7415011333515374
XRPUSDT,SHORT,1632110400000,1632155100000,0.9804095500000001,96970.97858352479,2613.9092008941643,1632096000000,130695.46004470822,2.0,4515.681731293689,0.0,13.81995632373671,4529.501687617426,1.7328458410368566,4,True,STOP,"[{""time_ms"": 1632110400000, ""role"": ""ENTRY"", ""qty"": 96970.97858352479, ""price"": 0.9804095500000001, ""fee"": 0.0, ""gross_pnl"": 0.0}, {""time_ms"": 1632137100000, ""role"": ""TP2R"", ""qty"": 48485.489291762395, ""price"": 0.9269616344487825, ""fee"": 0.0, ""gross_pnl"": 2591.4483371255783}, {""time_ms"": 1632155100000, ""role"": ""STOP"", ""qty"": 48485.489291762395, ""price"": 0.9407227607713919, ""fee"": 0.0, ""gross_pnl"": 1924.2333941681109}]",4.095980879827095,-0.5078892309245753
BNBUSDT,SHORT,1632124800000,1632210600000,382.17881500000004,259.0726498220022,2698.165283682472,1632110400000,134908.2641841236,2.0,4356.934367698017,0.0,0.0,4356.934367698017,1.6147766758571762,6,True,STOP,"[{""time_ms"": 1632124800000, ""role"": ""ENTRY"", ""qty"": 259.0726498220022, ""price"": 382.17881500000004, ""fee"": 0.0, ""gross_pnl"": 0.0}, {""time_ms"": 1632141000000, ""role"": ""TP2R"", ""qty"": 129.5363249110011, ""price"": 361.53007922194655, ""fee"": 0.0, ""gross_pnl"": 2674.76134674735}, {""time_ms"": 1632210600000, ""role"": ""STOP"", ""qty"": 129.5363249110011, ""price"": 369.19270456258863, ""fee"": 0.0, ""gross_pnl"": 1682.173020950667}]",3.7926003750640924,-0.48116436177934363
BCHUSDT,SHORT,1632081600000,1632214200000,611.2942,174.4370333941371,2407.307387940054,1632067200000,120365.3693970027,2.0,7869.554314714025,0.0,29.858136864415183,7899.412451578441,3.2814307350828225,10,True,STOP,"[{""time_ms"": 1632081600000, ""role"": ""ENTRY"", ""qty"": 174.4370333941371, ""price"": 611.2942, ""fee"": 0.0, ""gross_pnl"": 0.0}, {""time_ms"": 1632105000000, ""role"": ""TP2R"", ""qty"": 87.21851669706855, ""price"": 583.9851715374772, ""fee"": 0.0, ""gross_pnl"": 2381.8529549392706}, {""time_ms"": 1632214200000, ""role"": ""STOP"", ""qty"": 87.21851669706855, ""price"": 548.3752056443072, ""fee"": 0.0, ""gross_pnl"": 5487.701359774755}]",7.339926690106768,-0.4822890556814961
XRPUSDT,SHORT,1632873600000,1632888300000,0.89205375,107151.59492942816,2879.800024398896,1632859200000,143990.0012199448,2.0,-2929.0324154487275,0.0,0.0,-2929.0324154487275,-1.017095767286865,2,False,STOP,"[{""time_ms"": 1632873600000, ""role"": ""ENTRY"", ""qty"": 107151.59492942816, ""price"": 0.89205375, ""fee"": 0.0, ""gross_pnl"": 0.0}, {""time_ms"": 1632888300000, ""role"": ""STOP"", ""qty"": 107151.59492942816, ""price"": 0.919389156602, ""fee"": 0.0, ""gross_pnl"": -2929.0324154487275}]",0.243851920035775,-1.0398240275109314
SOLUSDT,LONG,1633161600000,1633392000000,158.62027049999998,299.47500045351296,2821.2193760899218,1633147200000,141060.96880449608,2.0,2557.5486974355595,0.0,-40.734146411758054,2516.8145510238014,0.8921016821144865,16,False,BB_MID,"[{""time_ms"": 1633161600000, ""role"": ""ENTRY"", ""qty"": 299.47500045351296, ""price"": 158.62027049999998, ""fee"": 0.0, ""gross_pnl"": 0.0}, {""time_ms"": 1633392000000, ""role"": ""BB_MID"", ""qty"": 299.47500045351296, ""price"": 167.160378, ""fee"": 0.0, ""gross_pnl"": 2557.5486974355595}]",2.057175897056678,-0.20702298581312217
LINKUSDT,SHORT,1633521600000,1633525800000,25.555216,1683.634080982699,1435.7778335551984,1633507200000,143577.78335551984,1.0,-1458.0085387742101,0.0,0.0,-1458.0085387742101,-1.0154833879584038,1,False,STOP,"[{""time_ms"": 1633521600000, ""role"": ""ENTRY"", ""qty"": 1683.634080982699, ""price"": 25.555216, ""fee"": 0.0, ""gross_pnl"": 0.0}, {""time_ms"": 1633525800000, ""role"": ""STOP"", ""qty"": 1683.634080982699, ""price"": 26.42120496710573, ""fee"": 0.0, ""gross_pnl"": -1458.0085387742101}]",0.040122658512049304,-1.7352369681901192
LINKUSDT,SHORT,1633910400000,1633924500000,25.5362255,1838.9286030010617,1420.6568964998776,1633896000000,142065.68964998776,1.0,-1444.846872690441,0.0,0.0,-1444.846872690441,-1.0170273176093123,1,False,STOP,"[{""time_ms"": 1633910400000, ""role"": ""ENTRY"", ""qty"": 1838.9286030010617, ""price"": 25.5362255, ""fee"": 0.0, ""gross_pnl"": 0.0}, {""time_ms"": 1633924500000, ""role"": ""STOP"", ""qty"": 1838.9286030010617, ""price"": 26.32192586396873, ""fee"": 0.0, ""gross_pnl"": -1444.846872690441}]",0.43521746209915285,-1.022300966228398
SOLUSDT,SHORT,1633910400000,1633924800000,147.532197,282.3745631839598,1421.1977481674564,1633896000000,142119.77481674563,1.0,-1442.7380168832558,0.0,0.0,-1442.7380168832558,-1.0151564191144928,2,False,STOP,"[{""time_ms"": 1633910400000, ""role"": ""ENTRY"", ""qty"": 282.3745631839598, ""price"": 147.532197, ""fee"": 0.0, ""gross_pnl"": 0.0}, {""time_ms"": 1633924800000, ""role"": ""STOP"", ""qty"": 282.3745631839598, ""price"": 152.64150288299254, ""fee"": 0.0, ""gross_pnl"": -1442.7380168832558}]",0.4474839232606843,-1.076252325160835
ADAUSDT,SHORT,1633910400000,1633925700000,2.1872058500000002,30384.386849350292,1420.9893472685899,1633896000000,142098.93472685898,1.0,-1454.9282962750049,0.0,0.0,-1454.9282962750049,-1.0238840277526724,2,False,STOP,"[{""time_ms"": 1633910400000, ""role"": ""ENTRY"", ""qty"": 30384.386849350292, ""price"": 2.1872058500000002, ""fee"": 0.0, ""gross_pnl"": 0.0}, {""time_ms"": 1633925700000, ""role"": ""STOP"", ""qty"": 30384.386849350292, ""price"": 2.2350899262358883, ""fee"": 0.0, ""gross_pnl"": -1454.9282962750049}]",0.44915880173646033,-1.006993384357061
BNBUSDT,SHORT,1634040000000,1634043600000,397.870965,151.19253724399516,1410.0048440155651,1634025600000,141000.48440155652,1.0,-1440.7874067846014,0.0,0.0,-1440.7874067846014,-1.021831529799125,1,False,STOP,"[{""time_ms"": 1634040000000, ""role"": ""ENTRY"", ""qty"": 151.19253724399516, ""price"": 397.870965, ""fee"": 0.0, ""gross_pnl"": 0.0}, {""time_ms"": 1634043600000, ""role"": ""STOP"", ""qty"": 151.19253724399516, ""price"": 407.40045258614623, ""fee"": 0.0, ""gross_pnl"": -1440.7874067846014}]",0.5684138970112433,-1.2962876562013281
BTCUSDT,LONG,1633968000000,1634058300000,57528.75,1.518664421191941,2755.5452326179384,1633953600000,137777.26163089692,2.0,-2797.8508929119475,0.0,-25.999168056581347,-2823.850060968529,-1.0247881354085764,7,False,STOP,"[{""time_ms"": 1633968000000, ""role"": ""ENTRY"", ""qty"": 1.518664421191941, ""price"": 57528.75, ""fee"": 0.0, ""gross_pnl"": 0.0}, {""time_ms"": 1634058300000, ""role"": ""STOP"", ""qty"": 1.518664421191941, ""price"": 55686.4398399213, ""fee"": 0.0, ""gross_pnl"": -2797.8508929119475}]",0.19358451156211903,-1.038351496550875
SOLUSDT,SHORT,1633982400000,1634057100000,141.65113900000003,268.8262986255505,1377.3648549118793,1633968000000,137736.48549118792,1.0,-1397.0933130360659,0.0,11.610964104528655,-1385.4823489315372,-1.005893495823354,6,False,STOP,"[{""time_ms"": 1633982400000, ""role"": ""ENTRY"", ""qty"": 268.8262986255505, ""price"": 141.65113900000003, ""fee"": 0.0, ""gross_pnl"": 0.0}, {""time_ms"": 1634057100000, ""role"": ""STOP"", ""qty"": 268.8262986255505, ""price"": 146.84815030499175, ""fee"": 0.0, ""gross_pnl"": -1397.0933130360659}]",0.7719417074770604,-1.2237160832991616
LINKUSDT,SHORT,1633982400000,1634086800000,25.271358,1789.7361416108697,1376.8539992605758,1633968000000,137685.39992605758,1.0,1483.201567143816,0.0,13.291937019675366,1496.4935041634913,1.0868933851862046,8,True,STOP,"[{""time_ms"": 1633982400000, ""role"": ""ENTRY"", ""qty"": 1789.7361416108697, ""price"": 25.271358, ""fee"": 0.0, ""gross_pnl"": 0.0}, {""time_ms"": 1634032500000, ""role"": ""TP2R"", ""qty"": 894.8680708054349, ""price"": 23.74461321477097, ""fee"": 0.0, ""gross_pnl"": 1366.235160570161}, {""time_ms"": 1634086800000, ""role"": ""STOP"", ""qty"": 894.8680708054349, ""price"": 25.140650010308985, ""fee"": 0.0, ""gross_pnl"": 116.96640657365491}]",2.2791437461544963,-0.017732875422498733
ADAUSDT,SHORT,1633982400000,1634148600000,2.15442225,29725.135498436128,1377.1743619084102,1633968000000,137717.43619084102,1.0,-570.7320593615224,0.0,37.88216601724849,-532.8498933442739,-0.38691534498644076,12,False,STOP,"[{""time_ms"": 1633982400000, ""role"": ""ENTRY"", ""qty"": 29725.135498436128, ""price"": 2.15442225, ""fee"": 0.0, ""gross_pnl"": 0.0}, {""time_ms"": 1634148600000, ""role"": ""STOP"", ""qty"": 29725.135498436128, ""price"": 2.1736225681748844, ""fee"": 0.0, ""gross_pnl"": -570.7320593615224}]",1.8221823537691957,-0.4484700348667236
ADAUSDT,SHORT,1635336000000,1635410400000,1.9764113,23115.46230443173,1330.9078542503148,1635321600000,133090.78542503147,1.0,-1036.8006703167696,0.0,13.452985797924049,-1023.3476845188455,-0.7689094938096114,6,False,STOP,"[{""time_ms"": 1635336000000, ""role"": ""ENTRY"", ""qty"": 23115.46230443173, ""price"": 1.9764113, ""fee"": 0.0, ""gross_pnl"": 0.0}, {""time_ms"": 1635410400000, ""role"": ""STOP"", ""qty"": 23115.46230443173, ""price"": 2.0212644228431453, ""fee"": 0.0, ""gross_pnl"": -1036.8006703167696}]",1.2489692198480677,-0.9428965306643825
ETHUSDT,LONG,1636372800000,1636516800000,4736.4870599999995,23.51192608956864,2641.3487548102526,1636358400000,132067.43774051263,2.0,-1024.0548872533277,0.0,-83.03448238774689,-1107.0893696410747,-0.41913789976613863,10,False,BB_MID,"[{""time_ms"": 1636372800000, ""role"": ""ENTRY"", ""qty"": 23.51192608956864, ""price"": 4736.4870599999995, ""fee"": 0.0, ""gross_pnl"": 0.0}, {""time_ms"": 1636516800000, ""role"": ""BB_MID"", ""qty"": 23.51192608956864, ""price"": 4692.93236, ""fee"": 0.0, ""gross_pnl"": -1024.0548872533277}]",0.9656592536726031,-0.47584721305608907
BTCUSDT,LONG,1636387200000,1636579200000,66476.90183999999,1.6735794983879393,2655.1768380084663,1636372800000,132758.84190042331,2.0,-2709.476439607342,0.0,-348.30184204324274,-3057.7782816505846,-1.1516288624843882,14,False,STOP,"[{""time_ms"": 1636387200000, ""role"": ""ENTRY"", ""qty"": 1.6735794983879393, ""price"": 66476.90183999999, ""fee"": 0.0, ""gross_pnl"": 0.0}, {""time_ms"": 1636579200000, ""role"": ""STOP"", ""qty"": 1.6735794983879393, ""price"": 64857.930980105244, ""fee"": 0.0, ""gross_pnl"": -2709.476439607342}]",1.71557145803616,-2.5693828422881557
BTCUSDT,LONG,1636977600000,1636991100000,65833.87048499999,1.6846214428022053,2558.0514017844193,1636963200000,127902.57008922096,2.0000000000000004,-2612.224951024363,0.0,0.0,-2612.224951024363,-1.021177662498163,1,False,STOP,"[{""time_ms"": 1636977600000, ""role"": ""ENTRY"", ""qty"": 1.6846214428022053, ""price"": 65833.87048499999, ""fee"": 0.0, ""gross_pnl"": 0.0}, {""time_ms"": 1636991100000, ""role"": ""STOP"", ""qty"": 1.6846214428022053, ""price"": 64283.24024567502, ""fee"": 0.0, ""gross_pnl"": -2612.224951024363}]",0.10891834432619504,-1.0048719647216138
ADAUSDT,SHORT,1637035200000,1637064000000,1.92893505,56483.80749573451,2505.806902763932,1637020800000,125290.3451381966,2.0,3287.126110505427,0.0,10.99252225847836,3298.118632763905,1.3161902575677498,3,True,STOP,"[{""time_ms"": 1637035200000, ""role"": ""ENTRY"", ""qty"": 56483.80749573451, ""price"": 1.92893505, ""fee"": 0.0, ""gross_pnl"": 0.0}, {""time_ms"": 1637057100000, ""role"": ""TP2R"", ""qty"": 28241.903747867254, ""price"": 1.8411285965347801, ""fee"": 0.0, ""gross_pnl"": 2479.8214072063247}, {""time_ms"": 1637064000000, ""role"": ""STOP"", ""qty"": 28241.903747867254, ""price"": 1.9003496999999998, ""fee"": 0.0, ""gross_pnl"": 807.3047032991022}]",4.709639489896265,-0.9301600572455159
XRPUSDT,SHORT,1637928000000,1638001200000,0.9337329000000001,83405.85106728987,2571.76927541921,1637913600000,128588.4637709605,1.9999999999999998,-2611.994553653927,0.0,23.628858841046732,-2588.3656948128805,-1.0064533080600573,6,False,STOP,"[{""time_ms"": 1637928000000, ""role"": ""ENTRY"", ""qty"": 83405.85106728987, ""price"": 0.9337329000000001, ""fee"": 0.0, ""gross_pnl"": 0.0}, {""time_ms"": 1638001200000, ""role"": ""STOP"", ""qty"": 83405.85106728987, ""price"": 0.9650495824656778, ""fee"": 0.0, ""gross_pnl"": -2611.994553653927}]",0.22484304108896722,-1.0140330669752466
BCHUSDT,SHORT,1638504000000,1638538200000,554.46263,216.64917829369188,2520.0019615229526,1638489600000,126000.09807614762,2.0,-2581.3238990957375,0.0,12.110255768260789,-2569.213643327477,-1.0195284299599447,3,False,STOP,"[{""time_ms"": 1638504000000, ""role"": ""ENTRY"", ""qty"": 216.64917829369188, ""price"": 554.46263, ""fee"": 0.0, ""gross_pnl"": 0.0}, {""time_ms"": 1638538200000, ""role"": ""STOP"", ""qty"": 216.64917829369188, ""price"": 566.3773943181756, ""fee"": 0.0, ""gross_pnl"": -2581.3238990957375}]",0.07416187904811603,-1.1638324618545997
DOGEUSDT,SHORT,1639411200000,1639477800000,0.157851035,479911.4175315423,2467.747723636592,1639396800000,123387.3861818296,2.0000000000000004,-2053.8627252608912,0.0,-8.782196515987359,-2062.6449217768786,-0.8358410797102329,5,False,STOP,"[{""time_ms"": 1639411200000, ""role"": ""ENTRY"", ""qty"": 479911.4175315423, ""price"": 0.157851035, ""fee"": 0.0, ""gross_pnl"": 0.0}, {""time_ms"": 1639477800000, ""role"": ""STOP"", ""qty"": 479911.4175315423, ""price"": 0.16213070547715822, ""fee"": 0.0, ""gross_pnl"": -2053.8627252608912}]",1.2915049987483747,-3.3330736806647576
SOLUSDT,SHORT,1639425600000,1639484400000,153.02345,386.52633133191506,2509.510613797014,1639411200000,125475.5306898507,1.9999999999999998,-2540.3391654720353,0.0,-1.523832992208912,-2541.8629984642444,-1.0128919098765157,5,False,STOP,"[{""time_ms"": 1639425600000, ""role"": ""ENTRY"", ""qty"": 386.52633133191506, ""price"": 153.02345, ""fee"": 0.0, ""gross_pnl"": 0.0}, {""time_ms"": 1639484400000, ""role"": ""STOP"", ""qty"": 386.52633133191506, ""price"": 159.5956779688382, ""fee"": 0.0, ""gross_pnl"": -2540.3391654720353}]",0.6197102173018285,-1.2285848050352077
BNBUSDT,SHORT,1639411200000,1639595100000,525.886925,165.34543757694763,2468.617688656403,1639396800000,123430.88443282015,2.0,-956.9115970338137,0.0,-45.18865225078423,-1002.1002492845979,-0.4059357809390129,13,False,STOP,"[{""time_ms"": 1639411200000, ""role"": ""ENTRY"", ""qty"": 165.34543757694763, ""price"": 525.886925, ""fee"": 0.0, ""gross_pnl"": 0.0}, {""time_ms"": 1639595100000, ""role"": ""STOP"", ""qty"": 165.34543757694763, ""price"": 531.674273057841, ""fee"": 0.0, ""gross_pnl"": -956.9115970338137}]",1.6334107965805966,-0.8133304961034586
SOLUSDT,SHORT,1640016000000,1640027400000,169.865025,421.8730042524984,2385.379996325292,1640001600000,119268.9998162646,2.0,-2422.403420530535,0.0,0.0,-2422.403420530535,-1.0155209753843322,1,False,STOP,"[{""time_ms"": 1640016000000, ""role"": ""ENTRY"", ""qty"": 421.8730042524984, ""price"": 169.865025, ""fee"": 0.0, ""gross_pnl"": 0.0}, {""time_ms"": 1640027400000, ""role"": ""STOP"", ""qty"": 421.8730042524984, ""price"": 175.6070454566602, ""fee"": 0.0, ""gross_pnl"": -2422.403420530535}]",0.10169764341279235,-1.0708694203266975
BNBUSDT,SHORT,1640001600000,1640034000000,514.70252,217.6148128715831,2356.4855252658886,1639987200000,117824.27626329444,1.9999999999999998,-2413.6672143156848,0.0,0.0,-2413.6672143156848,-1.0242656653039888,3,False,STOP,"[{""time_ms"": 1640001600000, ""role"": ""ENTRY"", ""qty"": 217.6148128715831, ""price"": 514.70252, ""fee"": 0.0, ""gross_pnl"": 0.0}, {""time_ms"": 1640034000000, ""role"": ""STOP"", ""qty"": 217.6148128715831, ""price"": 525.7939856151648, ""fee"": 0.0, ""gross_pnl"": -2413.6672143156848}]",0.8036532543935477,-1.1033161870126942
DOGEUSDT,SHORT,1640001600000,1640034600000,0.16405793000000002,473521.54704049166,2355.3648960255255,1639987200000,117768.24480127626,2.0000000000000004,-2395.3850608824614,0.0,1.529931071712135,-2393.855129810749,-1.0163415162763836,3,False,STOP,"[{""time_ms"": 1640001600000, ""role"": ""ENTRY"", ""qty"": 473521.54704049166, ""price"": 0.16405793000000002, ""fee"": 0.0, ""gross_pnl"": 0.0}, {""time_ms"": 1640034600000, ""role"": ""STOP"", ""qty"": 473521.54704049166, ""price"": 0.16911659116516475, ""fee"": 0.0, ""gross_pnl"": -2395.3850608824614}]",0.6147649337836804,-1.0538635012702693
ETHUSDT,SHORT,1640664000000,1640864400000,3957.7301450000004,36.21322106775761,2211.887009972749,1640649600000,110594.35049863746,2.0,6227.860965826087,0.0,31.830592078383038,6259.69155790447,2.8300232017645377,14,True,STOP,"[{""time_ms"": 1640664000000, ""role"": ""ENTRY"", ""qty"": 36.21322106775761, ""price"": 3957.7301450000004, ""fee"": 0.0, ""gross_pnl"": 0.0}, {""time_ms"": 1640708700000, ""role"": ""TP2R"", ""qty"": 18.106610533878804, ""price"": 3837.4888436124625, ""fee"": 0.0, ""gross_pnl"": 2177.1624143108916}, {""time_ms"": 1640864400000, ""role"": ""STOP"", ""qty"": 18.106610533878804, ""price"": 3734.0163503096005, ""fee"": 0.0, ""gross_pnl"": 4050.6985515151955}]",6.18423327374651,-0.032414371291946624
DOGEUSDT,SHORT,1640664000000,1640864400000,0.181159375,482566.3129659444,2210.4530714368075,1640649600000,110522.65357184038,2.0,3712.4726736389302,0.0,36.86313420740666,3749.335807846337,1.6961843055140033,14,True,STOP,"[{""time_ms"": 1640664000000, ""role"": ""ENTRY"", ""qty"": 482566.3129659444, ""price"": 0.181159375, ""fee"": 0.0, ""gross_pnl"": 0.0}, {""time_ms"": 1640712900000, ""role"": ""TP2R"", ""qty"": 241283.1564829722, ""price"": 0.1720841333752751, ""fee"": 0.0, ""gross_pnl"": 2189.7029450592863}, {""time_ms"": 1640864400000, ""role"": ""STOP"", ""qty"": 241283.1564829722, ""price"": 0.17484824350298186, ""fee"": 0.0, ""gross_pnl"": 1522.7697285796442}]",3.5823477522091896,-0.2642928050287244
XRPUSDT,SHORT,1640721600000,1640866500000,0.85907025,101764.43263187169,2472.727386989314,1640707200000,123636.36934946568,2.0000000000000004,2954.932643990981,0.0,29.8918416133574,2984.8244856043384,1.207098081781887,11,True,STOP,"[{""time_ms"": 1640721600000, ""role"": ""ENTRY"", ""qty"": 101764.43263187169, ""price"": 0.85907025, ""fee"": 0.0, ""gross_pnl"": 0.0}, {""time_ms"": 1640784300000, ""role"": ""TP2R"", ""qty"": 50882.216315935846, ""price"": 0.8108784016671416, ""fee"": 0.0, ""gross_pnl"": 2452.108051537273}, {""time_ms"": 1640866500000, ""role"": ""STOP"", ""qty"": 50882.216315935846, ""price"": 0.8491881216482869, ""fee"": 0.0, ""gross_pnl"": 502.82459245370814}]",2.365172730012354,-0.41277167210585064
BTCUSDT,SHORT,1640678400000,1640885100000,49173.31104500001,2.7015906292798797,2241.292256083627,1640664000000,112064.61280418134,2.0000000000000004,4172.973321505246,0.0,51.52248206928923,4224.495803574535,1.8848482575656171,15,True,STOP,"[{""time_ms"": 1640678400000, ""role"": ""ENTRY"", ""qty"": 2.7015906292798797, ""price"": 49173.31104500001, ""fee"": 0.0, ""gross_pnl"": 0.0}, {""time_ms"": 1640718000000, ""role"": ""TP2R"", ""qty"": 1.3507953146399398, ""price"": 47537.82908915825, ""fee"": 0.0, ""gross_pnl"": 2209.2013631292125}, {""time_ms"": 1640885100000, ""role"": ""STOP"", ""qty"": 1.3507953146399398, ""price"": 47719.52160918198, ""fee"": 0.0, ""gross_pnl"": 1963.771958376033}]",3.9696644800900005,-0.3086824215860946
SOLUSDT,SHORT,1640707200000,1640940000000,185.52719000000002,42.16845287848206,230.28431990902754,1640692800000,114898.61095670352,2.0,405.2043948375227,0.0,3.682724031970375,408.8871188694931,1.775575163046366,17,True,STOP,"[{""time_ms"": 1640707200000, ""role"": ""ENTRY"", ""qty"": 42.16845287848206, ""price"": 185.52719000000002, ""fee"": 0.0, ""gross_pnl"": 0.0}, {""time_ms"": 1640778300000, ""role"": ""TP2R"", ""qty"": 21.08422643924103, ""price"": 174.69237876872265, ""fee"": 0.0, ""gross_pnl"": 228.44361342668398}, {""time_ms"": 1640940000000, ""role"": ""STOP"", ""qty"": 21.08422643924103, ""price"": 177.14363455298303, ""fee"": 0.0, ""gross_pnl"": 176.76078141083872}]",3.207655655279641,-0.1030588056273799
BTCUSDT,SHORT,1641326400000,1641375600000,46035.060955,3.123546052223298,2564.4317054487324,1641312000000,128221.58527243661,2.0,-2637.6102377563593,0.0,28.81117907530402,-2608.799058681055,-1.0173010469095567,4,False,STOP,"[{""time_ms"": 1641326400000, ""role"": ""ENTRY"", ""qty"": 3.123546052223298, ""price"": 46035.060955, ""fee"": 0.0, ""gross_pnl"": 0.0}, {""time_ms"": 1641375600000, ""role"": ""STOP"", ""qty"": 3.123546052223298, ""price"": 46879.489112503536, ""fee"": 0.0, ""gross_pnl"": -2637.6102377563593}]",0.3956527463665187,-1.0843957458250149
LTCUSDT,SHORT,1641340800000,1641375600000,146.376775,925.1705186230422,2577.3153780917746,1641326400000,128865.76890458874,2.0,-2646.3157742013777,0.0,13.73544437320543,-2632.580329828172,-1.021442836296315,3,False,STOP,"[{""time_ms"": 1641340800000, ""role"": ""ENTRY"", ""qty"": 925.1705186230422, ""price"": 146.376775, ""fee"": 0.0, ""gross_pnl"": 0.0}, {""time_ms"": 1641375600000, ""role"": ""STOP"", ""qty"": 925.1705186230422, ""price"": 149.23712962753393, ""fee"": 0.0, ""gross_pnl"": -2646.3157742013777}]",0.1855050409528864,-1.0672889079137877
XRPUSDT,SHORT,1641412800000,1641427200000,0.7974011,153957.35802792452,2458.370984904821,1641398400000,122918.54924524104,2.0,4362.239798973655,0.0,2.7248819653160754,4364.964680938971,1.7755516591032194,2,True,STOP,"[{""time_ms"": 1641412800000, ""role"": ""ENTRY"", ""qty"": 153957.35802792452, ""price"": 0.7974011, ""fee"": 0.0, ""gross_pnl"": 0.0}, {""time_ms"": 1641421500000, ""role"": ""TP2R"", ""qty"": 76978.67901396226, ""price"": 0.7658480938968998, ""fee"": 0.0, ""gross_pnl"": 2428.9087287361417}, {""time_ms"": 1641427200000, ""role"": ""STOP"", ""qty"": 76978.67901396226, ""price"": 0.77228595, ""fee"": 0.0, ""gross_pnl"": 1933.3310702375124}]",5.636387534952743,-0.2942721965397068
XRPUSDT,SHORT,1641441600000,1641492300000,0.7486255,71443.63659438229,1582.9394496423329,1641427200000,139423.90878192257,2.0,-1610.4731834507902,0.0,5.995726877444769,-1604.4774565733455,-1.0136063365758425,4,False,STOP,"[{""time_ms"": 1641441600000, ""role"": ""ENTRY"", ""qty"": 71443.63659438229, ""price"": 0.7486255, ""fee"": 0.0, ""gross_pnl"": 0.0}, {""time_ms"": 1641492300000, ""role"": ""STOP"", ""qty"": 71443.63659438229, ""price"": 0.7711673702101375, ""fee"": 0.0, ""gross_pnl"": -1610.4731834507902}]",0.5201864378038037,-1.0008133412936844
ADAUSDT,SHORT,1641412800000,1641499500000,1.25487225,72874.10207291352,2453.453036724053,1641398400000,122857.1356551237,2.0,2408.9559190249365,0.0,22.355259084151566,2431.311178109088,0.9909752262286912,7,True,STOP,"[{""time_ms"": 1641412800000, ""role"": ""ENTRY"", ""qty"": 72874.10207291352, ""price"": 1.25487225, ""fee"": 0.0, ""gross_pnl"": 0.0}, {""time_ms"": 1641471900000, ""role"": ""TP2R"", ""qty"": 36437.05103645676, ""price"": 1.188132001490302, ""fee"": 0.0, ""gross_pnl"": 2431.8178411336717}, {""time_ms"": 1641499500000, ""role"": ""STOP"", ""qty"": 36437.05103645676, ""price"": 1.2554996861249998, ""fee"": 0.0, ""gross_pnl"": -22.86192210873529}]",2.075392274621651,-0.3334941355313907
LTCUSDT,SHORT,1641427200000,1641543900000,135.15239,112.95401039197891,427.76618524148944,1641412800000,133528.00949542387,2.0,503.034718997127,0.0,4.857055920752692,507.89177491787973,1.1873116493094387,9,True,STOP,"[{""time_ms"": 1641427200000, ""role"": ""ENTRY"", ""qty"": 112.95401039197891, ""price"": 135.15239, ""fee"": 0.0, ""gross_pnl"": 0.0}, {""time_ms"": 1641528900000, ""role"": ""TP2R"", ""qty"": 56.477005195989456, ""price"": 127.6420135955498, ""fee"": 0.0, ""gross_pnl"": 424.16356721797047}, {""time_ms"": 1641543900000, ""role"": ""STOP"", ""qty"": 56.477005195989456, ""price"": 133.7558720453837, ""fee"": 0.0, ""gross_pnl"": 78.87115177915653}]",2.5117988190347096,-0.7651298334091856
ETHUSDT,SHORT,1641412800000,1641636000000,3651.7132300000003,33.75172500443606,2459.6041176785475,1641398400000,122980.20588392738,2.0,9338.113701226528,0.0,34.13997924726017,9372.253680473788,3.81047243054692,16,True,STOP,"[{""time_ms"": 1641412800000, ""role"": ""ENTRY"", ""qty"": 33.75172500443606, ""price"": 3651.7132300000003, ""fee"": 0.0, ""gross_pnl"": 0.0}, {""time_ms"": 1641420900000, ""role"": ""TP2R"", ""qty"": 16.87586250221803, ""price"": 3507.719344399516, ""fee"": 0.0, ""gross_pnl"": 2430.021014553884}, {""time_ms"": 1641636000000, ""role"": ""STOP"", ""qty"": 16.87586250221803, ""price"": 3242.365696754532, ""fee"": 0.0, ""gross_pnl"": 6908.092686672645}]",8.383620658329406,-0.1625663741399902
DOGEUSDT,SHORT,1641427200000,1641680700000,0.15879056500000002,575065.4999229454,2671.4737964682054,1641412800000,133573.68982341024,2.0,3865.825933073994,0.0,-3.1526366934550754,3862.673296380539,1.4458960074724097,18,True,STOP,"[{""time_ms"": 1641427200000, ""role"": ""ENTRY"", ""qty"": 575065.4999229454, ""price"": 0.15879056500000002, ""fee"": 0.0, ""gross_pnl"": 0.0}, {""time_ms"": 1641530100000, ""role"": ""TP2R"", ""qty"": 287532.7499614727, ""price"": 0.14957429036759615, ""fee"": 0.0, ""gross_pnl"": 2649.9807894552473}, {""time_ms"": 1641680700000, ""role"": ""STOP"", ""qty"": 287532.7499614727, ""price"": 0.1545620200993525, ""fee"": 0.0, ""gross_pnl"": 1215.8451436187465}]",2.9664253160268546,-0.6908678442533076
SOLUSDT,SHORT,1642449600000,1642545000000,139.80006500000002,790.8155118785054,2816.3663447829276,1642435200000,140818.3172391464,2.0,-1127.712694650983,0.0,32.93823049890126,-1094.7744641520817,-0.3887187709724112,7,False,STOP,"[{""time_ms"": 1642449600000, ""role"": ""ENTRY"", ""qty"": 790.8155118785054, ""price"": 139.80006500000002, ""fee"": 0.0, ""gross_pnl"": 0.0}, {""time_ms"": 1642545000000, ""role"": ""STOP"", ""qty"": 790.8155118785054, ""price"": 141.22607736029403, ""fee"": 0.0, ""gross_pnl"": -1127.712694650983}]",1.5612264566354446,-0.5671832906061123
BTCUSDT,SHORT,1642478400000,1642542600000,42006.166410000005,4.546126201445522,2853.723511642159,1642464000000,142686.17558210794,2.0,-2233.246132748275,0.0,38.009869343488134,-2195.236263404787,-0.7692533121898523,5,False,STOP,"[{""time_ms"": 1642478400000, ""role"": ""ENTRY"", ""qty"": 4.546126201445522, ""price"": 42006.166410000005, ""fee"": 0.0, ""gross_pnl"": 0.0}, {""time_ms"": 1642542600000, ""role"": ""STOP"", ""qty"": 4.546126201445522, ""price"": 42497.40797123035, ""fee"": 0.0, ""gross_pnl"": -2233.246132748275}]",1.1886809122540265,-0.7516548248175392
XRPUSDT,SHORT,1642435200000,1642686300000,0.7580208,215881.59533547758,2838.2964607634867,1642420800000,141914.82303817433,2.0,3869.3884783467975,0.0,90.16720848837333,3959.555686835171,1.395046550482634,18,True,STOP,"[{""time_ms"": 1642435200000, ""role"": ""ENTRY"", ""qty"": 215881.59533547758, ""price"": 0.7580208, ""fee"": 0.0, ""gross_pnl"": 0.0}, {""time_ms"": 1642575900000, ""role"": ""TP2R"", ""qty"": 107940.79766773879, ""price"": 0.7320917260579237, ""fee"": 0.0, ""gross_pnl"": 2798.8049240934993}, {""time_ms"": 1642686300000, ""role"": ""STOP"", ""qty"": 107940.79766773879, ""price"": 0.7481025524292461, ""fee"": 0.0, ""gross_pnl"": 1070.5835542532984}]",2.6712975329641058,-0.7970507820846099
AVAXUSDT,SHORT,1642737600000,1642854900000,74.62466900000001,1009.6282968142173,2851.6873599490536,1642723200000,142584.36799745267,2.0,9928.783758660125,0.0,6.043373089697811,9934.827131749824,3.483841626989332,9,True,STOP,"[{""time_ms"": 1642737600000, ""role"": ""ENTRY"", ""qty"": 1009.6282968142173, ""price"": 74.62466900000001, ""fee"": 0.0, ""gross_pnl"": 0.0}, {""time_ms"": 1642800900000, ""role"": ""TP2R"", ""qty"": 504.81414840710863, ""price"": 69.01017222290568, ""fee"": 0.0, ""gross_pnl"": 2834.277409263331}, {""time_ms"": 1642854900000, ""role"": ""STOP"", ""qty"": 504.81414840710863, ""price"": 60.57096949141292, ""fee"": 0.0, ""gross_pnl"": 7094.506349396795}]",7.735786330665127,-0.8604487934710435
DOGEUSDT,SHORT,1643601600000,1643647800000,0.137761085,866645.1563362329,3050.3839025840507,1643587200000,152519.19512920253,2.0,-3111.604083058768,0.0,-35.53620731902969,-3147.1402903777976,-1.0317194133209864,4,False,STOP,"[{""time_ms"": 1643601600000, ""role"": ""ENTRY"", ""qty"": 866645.1563362329, ""price"": 0.137761085, ""fee"": 0.0, ""gross_pnl"": 0.0}, {""time_ms"": 1643647800000, ""role"": ""STOP"", ""qty"": 866645.1563362329, ""price"": 0.14135148651590204, ""fee"": 0.0, ""gross_pnl"": -3111.604083058768}]",0.45204346489014874,-1.0963570816873849
LINKUSDT,SHORT,1644537600000,1644888600000,17.477257,2589.597078154273,1493.7205483882474,1644523200000,149372.05483882473,1.0,3179.7937846462273,0.0,18.80024521723402,3198.5940298634614,2.1413603992492467,25,True,STOP,"[{""time_ms"": 1644537600000, ""role"": ""ENTRY"", ""qty"": 2589.597078154273, ""price"": 17.477257, ""fee"": 0.0, ""gross_pnl"": 0.0}, {""time_ms"": 1644612000000, ""role"": ""TP2R"", ""qty"": 1294.7985390771364, ""price"": 16.331787183279154, ""fee"": 0.0, ""gross_pnl"": 1483.1526452471087}, {""time_ms"": 1644888600000, ""role"": ""STOP"", ""qty"": 1294.7985390771364, ""price"": 16.166905552887314, ""fee"": 0.0, ""gross_pnl"": 1696.6411393991189}]",3.9687833475551475,-0.5577915719346613
BCHUSDT,SHORT,1645142400000,1645407300000,312.74354999999997,185.16533380970463,1525.7064886868825,1645128000000,152570.64886868824,1.0,452.37105772596567,0.0,29.402714046904087,481.77377177286974,0.31577093978771376,19,False,STOP,"[{""time_ms"": 1645142400000, ""role"": ""ENTRY"", ""qty"": 185.16533380970463, ""price"": 312.74354999999997, ""fee"": 0.0, ""gross_pnl"": 0.0}, {""time_ms"": 1645407300000, ""role"": ""STOP"", ""qty"": 185.16533380970463, ""price"": 310.30048439793177, ""fee"": 0.0, ""gross_pnl"": 452.37105772596567}]",1.987154065267986,-0.7495966193296242
BTCUSDT,SHORT,1647216000000,1647231000000,37724.1285,3.858623383786268,3061.0484528092225,1647201600000,153052.42264046113,2.0,-3135.3605792171456,0.0,0.0,-3135.3605792171456,-1.0242766906677758,2,False,STOP,"[{""time_ms"": 1647216000000, ""role"": ""ENTRY"", ""qty"": 3.858623383786268, ""price"": 37724.1285, ""fee"": 0.0, ""gross_pnl"": 0.0}, {""time_ms"": 1647231000000, ""role"": ""STOP"", ""qty"": 3.858623383786268, ""price"": 38536.68786829486, ""fee"": 0.0, ""gross_pnl"": -3135.3605792171456}]",0.2546682636061659,-1.3561964117357745
ETHUSDT,SHORT,1647216000000,1647231000000,2512.513115,56.345106949324325,3059.59209258548,1647201600000,152979.604629274,2.0,-3131.905798719889,0.0,0.0,-3131.905798719889,-1.023635080738263,2,False,STOP,"[{""time_ms"": 1647216000000, ""role"": ""ENTRY"", ""qty"": 56.345106949324325, ""price"": 2512.513115, ""fee"": 0.0, ""gross_pnl"": 0.0}, {""time_ms"": 1647231000000, ""role"": ""STOP"", ""qty"": 56.345106949324325, ""price"": 2568.09745884616, ""fee"": 0.0, ""gross_pnl"": -3131.905798719889}]",0.2884501800005635,-1.6111487227118024
SOLUSDT,SHORT,1647216000000,1647231000000,78.64066000000001,1526.6343580252847,3053.8865731768583,1647201600000,152908.78530952602,2.0,-3115.4412832103276,0.0,0.0,-3115.4412832103276,-1.020156187388923,2,False,STOP,"[{""time_ms"": 1647216000000, ""role"": ""ENTRY"", ""qty"": 1526.6343580252847, ""price"": 78.64066000000001, ""fee"": 0.0, ""gross_pnl"": 0.0}, {""time_ms"": 1647231000000, ""role"": ""STOP"", ""qty"": 1526.6343580252847, ""price"": 80.68138525083229, ""fee"": 0.0, ""gross_pnl"": -3115.4412832103276}]",0.3552581102400443,-1.2244222268529845
BTCUSDT,LONG,1648468800000,1648670400000,47273.52495,2.876320399318211,2873.394299586276,1648454400000,143669.71497931378,2.0,-678.6836179813178,0.0,-94.72228865161512,-773.4059066329329,-0.2691610778041466,14,False,BB_MID,"[{""time_ms"": 1648468800000, ""role"": ""ENTRY"", ""qty"": 2.876320399318211, ""price"": 47273.52495, ""fee"": 0.0, ""gross_pnl"": 0.0}, {""time_ms"": 1648670400000, ""role"": ""BB_MID"", ""qty"": 2.876320399318211, ""price"": 47037.56945, ""fee"": 0.0, ""gross_pnl"": -678.6836179813178}]",0.9274185189822566,-0.7392770213946329
ETHUSDT,LONG,1648468800000,1648742400000,3347.9131199999997,37.43710914256221,2872.0352410739183,1648454400000,143601.76205369591,2.0,-4.412150497978266,0.0,-124.3419446368966,-128.75409513487486,-0.044830262976414875,19,False,BB_MID,"[{""time_ms"": 1648468800000, ""role"": ""ENTRY"", ""qty"": 37.43710914256221, ""price"": 3347.9131199999997, ""fee"": 0.0, ""gross_pnl"": 0.0}, {""time_ms"": 1648742400000, ""role"": ""BB_MID"", ""qty"": 37.43710914256221, ""price"": 3347.795265, ""fee"": 0.0, ""gross_pnl"": -4.412150497978266}]",1.7217584492492162,-0.4245920910419547
BNBUSDT,SHORT,1650873600000,1650885600000,383.38821,483.94874364755503,2998.8522755811364,1650859200000,149942.61377905682,2.0,-3093.1218229983183,0.0,0.0,-3093.1218229983183,-1.031435208791308,1,False,STOP,"[{""time_ms"": 1650873600000, ""role"": ""ENTRY"", ""qty"": 483.94874364755503, ""price"": 383.38821, ""fee"": 0.0, ""gross_pnl"": 0.0}, {""time_ms"": 1650885600000, ""role"": ""STOP"", ""qty"": 483.94874364755503, ""price"": 389.77963442996185, ""fee"": 0.0, ""gross_pnl"": -3093.1218229983183}]",0.20466117693721167,-1.1121831972655047
LINKUSDT,SHORT,1650873600000,1650887100000,12.57371,9514.034056630971,2996.995944990253,1650859200000,149849.79724951266,2.0,-3058.3077955418375,0.0,0.0,-3058.3077955418375,-1.0204577689382839,1,False,STOP,"[{""time_ms"": 1650873600000, ""role"": ""ENTRY"", ""qty"": 9514.034056630971, ""price"": 12.57371, ""fee"": 0.0, ""gross_pnl"": 0.0}, {""time_ms"": 1650887100000, ""role"": ""STOP"", ""qty"": 9514.034056630971, ""price"": 12.895162264868686, ""fee"": 0.0, ""gross_pnl"": -3058.3077955418375}]",0.17050365718239802,-1.038989796299132
AVAXUSDT,SHORT,1650643200000,1650904500000,73.68314000000001,1461.6280391852715,2855.3510995509178,1650628800000,142767.5549775459,2.0,5158.699852257281,0.0,29.766555777012837,5188.466408034294,1.8171027755046734,19,True,STOP,"[{""time_ms"": 1650643200000, ""role"": ""ENTRY"", ""qty"": 1461.6280391852715, ""price"": 73.68314000000001, ""fee"": 0.0, ""gross_pnl"": 0.0}, {""time_ms"": 1650846000000, ""role"": ""TP2R"", ""qty"": 730.8140195926358, ""price"": 69.81094493617475, ""fee"": 0.0, ""gross_pnl"": 2829.854439240901}, {""time_ms"": 1650904500000, ""role"": ""STOP"", ""qty"": 730.8140195926358, ""price"": 70.49649421792469, ""fee"": 0.0, ""gross_pnl"": 2328.845413016381}]",3.2725897294755075,-0.6433751063465759
BCHUSDT,SHORT,1651003200000,1651041900000,298.47069000000005,403.94345618427474,2836.0918353408006,1650988800000,141804.59176704002,2.0,-2839.551802198833,0.0,2.1718713708818407,-2837.379930827951,-1.000454179752256,3,False,STOP,"[{""time_ms"": 1651003200000, ""role"": ""ENTRY"", ""qty"": 403.94345618427474, ""price"": 298.47069000000005, ""fee"": 0.0, ""gross_pnl"": 0.0}, {""time_ms"": 1651041900000, ""role"": ""STOP"", ""qty"": 403.94345618427474, ""price"": 305.5002674290337, ""fee"": 0.0, ""gross_pnl"": -2839.551802198833}]",1.0640474688009145,-1.0125762560648233
LTCUSDT,SHORT,1651017600000,1651044900000,98.45075,1294.1799137739627,2857.6306390569166,1651003200000,142881.53195284583,2.0,-2922.76594594944,0.0,0.0,-2922.76594594944,-1.0227934660282125,2,False,STOP,"[{""time_ms"": 1651017600000, ""role"": ""ENTRY"", ""qty"": 1294.1799137739627, ""price"": 98.45075, ""fee"": 0.0, ""gross_pnl"": 0.0}, {""time_ms"": 1651044900000, ""role"": ""STOP"", ""qty"": 1294.1799137739627, ""price"": 100.7091422952616, ""fee"": 0.0, ""gross_pnl"": -2922.76594594944}]",0.38076361151578036,-1.0050664821366595
SOLUSDT,SHORT,1651262400000,1651374300000,92.82356500000002,1093.696180009632,2720.8889178052523,1651248000000,136044.4458902626,2.0,5718.719117570898,0.0,-1.1449711662230815,5717.574146404674,2.1013625763953034,8,True,STOP,"[{""time_ms"": 1651262400000, ""role"": ""ENTRY"", ""qty"": 1093.696180009632, ""price"": 92.82356500000002, ""fee"": 0.0, ""gross_pnl"": 0.0}, {""time_ms"": 1651358100000, ""role"": ""TP2R"", ""qty"": 546.848090004816, ""price"": 87.89190442196534, ""fee"": 0.0, ""gross_pnl"": 2696.8691676503117}, {""time_ms"": 1651374300000, ""role"": ""STOP"", ""qty"": 546.848090004816, ""price"": 87.29762460603435, ""fee"": 0.0, ""gross_pnl"": 3021.8499499205864}]",4.483318431032789,-0.8547478073506665
XRPUSDT,SHORT,1653480000000,1653483600000,0.3964017,281834.79991313926,2835.2404007333453,1653465600000,141762.0200366673,2.0,-2892.5179178360618,0.0,0.0,-2892.5179178360618,-1.020201996658873,1,False,STOP,"[{""time_ms"": 1653480000000, ""role"": ""ENTRY"", ""qty"": 281834.79991313926, ""price"": 0.3964017, ""fee"": 0.0, ""gross_pnl"": 0.0}, {""time_ms"": 1653483600000, ""role"": ""STOP"", ""qty"": 281834.79991313926, ""price"": 0.4066648680641551, ""fee"": 0.0, ""gross_pnl"": -2892.5179178360618}]",0.07969234602890334,-1.808987427638471
LINKUSDT,SHORT,1653566400000,1653576000000,6.4337815,10788.464163265513,2777.390042376625,1653552000000,138869.50211883124,2.0,-2813.484047971325,0.0,0.0,-2813.484047971325,-1.0129956560094144,1,False,STOP,"[{""time_ms"": 1653566400000, ""role"": ""ENTRY"", ""qty"": 10788.464163265513, ""price"": 6.4337815, ""fee"": 0.0, ""gross_pnl"": 0.0}, {""time_ms"": 1653576000000, ""role"": ""STOP"", ""qty"": 10788.464163265513, ""price"": 6.694567836719844, ""fee"": 0.0, ""gross_pnl"": -2813.484047971325}]",0.8925607999984467,-1.0224431250313468
BNBUSDT,SHORT,1654574400000,1654626900000,284.047905,410.05861099528187,2721.1203614171986,1654560000000,136056.01807085992,2.0,-1504.7001847124675,0.0,-58.39401008123758,-1563.0941947937051,-0.5744303768980006,4,False,STOP,"[{""time_ms"": 1654574400000, ""role"": ""ENTRY"", ""qty"": 410.05861099528187, ""price"": 284.047905, ""fee"": 0.0, ""gross_pnl"": 0.0}, {""time_ms"": 1654626900000, ""role"": ""STOP"", ""qty"": 410.05861099528187, ""price"": 287.7173808855577, ""fee"": 0.0, ""gross_pnl"": -1504.7001847124675}]",1.6347225648600332,-0.6904977588605621
BCHUSDT,SHORT,1654574400000,1654631100000,176.1119,504.147978023338,2719.955015850611,1654560000000,135997.75079253054,2.0,-2765.7082225039517,0.0,3.622015374886553,-2762.0862071290653,-1.015489664730826,4,False,STOP,"[{""time_ms"": 1654574400000, ""role"": ""ENTRY"", ""qty"": 504.147978023338, ""price"": 176.1119, ""fee"": 0.0, ""gross_pnl"": 0.0}, {""time_ms"": 1654631100000, ""role"": ""STOP"", ""qty"": 504.147978023338, ""price"": 181.59780561316487, ""fee"": 0.0, ""gross_pnl"": -2765.7082225039517}]",0.3840299525468048,-1.258185105884923
DOGEUSDT,SHORT,1654876800000,1655053800000,0.076711625,1709767.478901836,2634.616753378743,1654862400000,131730.83766893714,2.0,9778.116151473017,0.0,-89.09127088035017,9689.024880592668,3.6775841754467917,13,True,STOP,"[{""time_ms"": 1654876800000, ""role"": ""ENTRY"", ""qty"": 1709767.478901836, ""price"": 0.076711625, ""fee"": 0.0, ""gross_pnl"": 0.0}, {""time_ms"": 1654945200000, ""role"": ""TP2R"", ""qty"": 854883.739450918, ""price"": 0.0736665977276276, ""fee"": 0.0, ""gross_pnl"": 2603.1443013357534}, {""time_ms"": 1655053800000, ""role"": ""STOP"", ""qty"": 854883.739450918, ""price"": 0.06831870381197312, ""fee"": 0.0, ""gross_pnl"": 7174.971850137264}]",8.697152084853471,-0.08980018615216927
AVAXUSDT,SHORT,1654891200000,1655152200000,22.378805000000003,2743.2600665404802,2690.879624270059,1654876800000,134543.98121350296,2.0,9994.65427412841,0.0,-82.30405610042358,9912.350218027987,3.6836840000662825,19,True,STOP,"[{""time_ms"": 1654891200000, ""role"": ""ENTRY"", ""qty"": 2743.2600665404802, ""price"": 22.378805000000003, ""fee"": 0.0, ""gross_pnl"": 0.0}, {""time_ms"": 1654959000000, ""role"": ""TP2R"", ""qty"": 1371.6300332702401, ""price"": 20.427201959363284, ""fee"": 0.0, ""gross_pnl"": 2676.877343558845}, {""time_ms"": 1655152200000, ""role"": ""STOP"", ""qty"": 1371.6300332702401, ""price"": 17.04370970967414, ""fee"": 0.0, ""gross_pnl"": 7317.776930569566}]",7.971005217442758,-0.633287130968137
BCHUSDT,SHORT,1654891200000,1655179200000,167.84603500000003,535.300629470542,2691.778554617129,1654876800000,134588.92773085643,2.0,11830.521179509582,0.0,-55.83657972534514,11774.684599784237,4.374313993841531,21,True,STOP,"[{""time_ms"": 1654891200000, ""role"": ""ENTRY"", ""qty"": 535.300629470542, ""price"": 167.84603500000003, ""fee"": 0.0, ""gross_pnl"": 0.0}, {""time_ms"": 1654959000000, ""role"": ""TP2R"", ""qty"": 267.650314735271, ""price"": 157.86785722543422, ""fee"": 0.0, ""gross_pnl"": 2670.6624218470247}, {""time_ms"": 1655179200000, ""role"": ""STOP"", ""qty"": 267.650314735271, ""price"": 133.6228032181789, ""fee"": 0.0, ""gross_pnl"": 9159.858757662558}]",10.01803183232719,-0.41442776724002794
BTCUSDT,SHORT,1656374400000,1656407100000,20719.635000000002,7.110473212832841,3269.153430485152,1656360000000,163457.6715242576,2.0,-3344.451212023974,0.0,-8.329989441956025,-3352.7812014659303,-1.025580864514018,3,False,STOP,"[{""time_ms"": 1656374400000, ""role"": ""ENTRY"", ""qty"": 7.110473212832841, ""price"": 20719.635000000002, ""fee"": 0.0, ""gross_pnl"": 0.0}, {""time_ms"": 1656407100000, ""role"": ""STOP"", ""qty"": 7.110473212832841, ""price"": 21189.990644683112, ""fee"": 0.0, ""gross_pnl"": -3344.451212023974}]",0.4559602611710448,-1.040453313306861
SOLUSDT,SHORT,1656388800000,1656407100000,37.691145000000006,1934.0018185327701,3285.391451499776,1656374400000,164269.5725749888,2.0,-3323.481518711825,0.0,-8.663089515374727,-3332.1446082272,-1.0142306198264688,2,False,STOP,"[{""time_ms"": 1656388800000, ""role"": ""ENTRY"", ""qty"": 1934.0018185327701, ""price"": 37.691145000000006, ""fee"": 0.0, ""gross_pnl"": 0.0}, {""time_ms"": 1656407100000, ""role"": ""STOP"", ""qty"": 1934.0018185327701, ""price"": 39.4095929801747, ""fee"": 0.0, ""gross_pnl"": -3323.481518711825}]",0.09486075788783177,-1.0059466965801316
LINKUSDT,SHORT,1656345600000,1656419100000,6.584706000000001,11106.448050762754,3262.13794734684,1656331200000,163106.897367342,2.0,-3012.8497362516596,0.0,-15.142396644177154,-3027.9921328958367,-0.9282232026265356,6,False,STOP,"[{""time_ms"": 1656345600000, ""role"": ""ENTRY"", ""qty"": 11106.448050762754, ""price"": 6.584706000000001, ""fee"": 0.0, ""gross_pnl"": 0.0}, {""time_ms"": 1656419100000, ""role"": ""STOP"", ""qty"": 11106.448050762754, ""price"": 6.855976321751944, ""fee"": 0.0, ""gross_pnl"": -3012.8497362516596}]",0.9693251633678593,-1.5058576349167996
BTCUSDT,SHORT,1656446400000,1656633000000,20236.576650000003,6.861384345597814,3067.8795884950605,1656432000000,153393.97942475302,2.0,5207.117876211365,0.0,11.221886792545154,5218.33976300391,1.70095977122875,13,True,STOP,"[{""time_ms"": 1656446400000, ""role"": ""ENTRY"", ""qty"": 6.861384345597814, ""price"": 20236.576650000003, ""fee"": 0.0, ""gross_pnl"": 0.0}, {""time_ms"": 1656572100000, ""role"": ""TP2R"", ""qty"": 3.430692172798907, ""price"": 19352.00273812531, ""fee"": 0.0, ""gross_pnl"": 3034.70079573062}, {""time_ms"": 1656633000000, ""role"": ""STOP"", ""qty"": 3.430692172798907, ""price"": 19603.346686173667, ""fee"": 0.0, ""gross_pnl"": 2172.417080480745}]",3.742993261707846,-0.4773263064712953
ETHUSDT,SHORT,1656446400000,1656633000000,1155.38202,77.70913229117785,3066.4903845907606,1656432000000,153324.51922953804,2.0,6275.853660567668,0.0,-3.1843454263406894,6272.669315141327,2.0455532313623896,13,True,STOP,"[{""time_ms"": 1656446400000, ""role"": ""ENTRY"", ""qty"": 77.70913229117785, ""price"": 1155.38202, ""fee"": 0.0, ""gross_pnl"": 0.0}, {""time_ms"": 1656552600000, ""role"": ""TP2R"", ""qty"": 38.854566145588926, ""price"": 1076.997984393697, ""fee"": 0.0, ""gross_pnl"": 3045.577696223301}, {""time_ms"": 1656633000000, ""role"": ""STOP"", ""qty"": 38.854566145588926, ""price"": 1072.2444049191765, ""fee"": 0.0, ""gross_pnl"": 3230.2759643443674}]",4.064303502118956,-0.3131684049940012
SOLUSDT,SHORT,1656446400000,1656633000000,35.892044999999996,1788.816935424415,3062.4063212295605,1656432000000,153279.60490525636,2.0,4803.189694356775,0.0,-5.346572165449972,4797.843122191325,1.5666905756206069,13,True,STOP,"[{""time_ms"": 1656446400000, ""role"": ""ENTRY"", ""qty"": 1788.816935424415, ""price"": 35.892044999999996, ""fee"": 0.0, ""gross_pnl"": 0.0}, {""time_ms"": 1656564900000, ""role"": ""TP2R"", ""qty"": 894.4084677122075, ""price"": 32.484333020594704, ""fee"": 0.0, ""gross_pnl"": 3047.8864499044207}, {""time_ms"": 1656633000000, ""role"": ""STOP"", ""qty"": 894.4084677122075, ""price"": 33.92951522996974, ""fee"": 0.0, ""gross_pnl"": 1755.3032444523542}]",2.9802134478461704,-0.4777849843999867
BNBUSDT,SHORT,1656504000000,1656633000000,219.98995,57.80358601199004,345.59798484153544,1656489600000,159039.57131928194,2.0,420.20541489121734,0.0,-6.759849215901193,413.4455656753162,1.196319376297551,9,True,STOP,"[{""time_ms"": 1656504000000, ""role"": ""ENTRY"", ""qty"": 57.80358601199004, ""price"": 219.98995, ""fee"": 0.0, ""gross_pnl"": 0.0}, {""time_ms"": 1656579900000, ""role"": ""TP2R"", ""qty"": 28.90179300599502, ""price"": 208.13630023634192, ""fee"": 0.0, ""gross_pnl"": 342.5917318348073}, {""time_ms"": 1656633000000, ""role"": ""STOP"", ""qty"": 28.90179300599502, ""price"": 217.30452203917034, ""fee"": 0.0, ""gross_pnl"": 77.61368305641004}]",2.436922074072742,-0.409787331293651
ADAUSDT,SHORT,1656590400000,1656633000000,0.44017980000000007,251387.61119482483,3525.7791365717508,1656576000000,176288.95682858754,2.0,-3582.8699003491292,0.0,-23.63108318185585,-3606.500983530985,-1.022894754274859,3,False,STOP,"[{""time_ms"": 1656590400000, ""role"": ""ENTRY"", ""qty"": 251387.61119482483, ""price"": 0.44017980000000007, ""fee"": 0.0, ""gross_pnl"": 0.0}, {""time_ms"": 1656633000000, ""role"": ""STOP"", ""qty"": 251387.61119482483, ""price"": 0.4544321725943377, ""fee"": 0.0, ""gross_pnl"": -3582.8699003491292}]",0.5119188414653806,-1.4702176794317807
LTCUSDT,SHORT,1657036800000,1657047900000,48.27585,2304.8834243810797,3329.795524144678,1657022400000,166489.7762072339,2.0,-3387.0955251381984,0.0,0.0,-3387.0955251381984,-1.0172082641645808,1,False,STOP,"[{""time_ms"": 1657036800000, ""role"": ""ENTRY"", ""qty"": 2304.8834243810797, ""price"": 48.27585, ""fee"": 0.0, ""gross_pnl"": 0.0}, {""time_ms"": 1657047900000, ""role"": ""STOP"", ""qty"": 2304.8834243810797, ""price"": 49.745380080918395, ""fee"": 0.0, ""gross_pnl"": -3387.0955251381984}]",0.10787932144333848,-1.1173141270950528
LINKUSDT,SHORT,1657468800000,1657527000000,6.148924,20771.7116207085,3260.2316437615336,1657454400000,163011.58218807666,2.0,-3325.723597636234,0.0,6.77007050006633,-3318.953527136168,-1.018011567824329,5,False,STOP,"[{""time_ms"": 1657468800000, ""role"": ""ENTRY"", ""qty"": 20771.7116207085, ""price"": 6.148924, ""fee"": 0.0, ""gross_pnl"": 0.0}, {""time_ms"": 1657527000000, ""role"": ""STOP"", ""qty"": 20771.7116207085, ""price"": 6.309032307796871, ""fee"": 0.0, ""gross_pnl"": -3325.723597636234}]",0.6876094860446392,-1.089965905957648
AVAXUSDT,SHORT,1657584000000,1657638600000,17.321334999999998,4315.508718679028,2593.9841452330447,1657569600000,176906.3000563309,2.0,-2632.6563234114865,0.0,2.230680908892882,-2630.4256425025937,-1.0140484656918654,4,False,STOP,"[{""time_ms"": 1657584000000, ""role"": ""ENTRY"", ""qty"": 4315.508718679028, ""price"": 17.321334999999998, ""fee"": 0.0, ""gross_pnl"": 0.0}, {""time_ms"": 1657638600000, ""role"": ""STOP"", ""qty"": 4315.508718679028, ""price"": 17.93138041875131, ""fee"": 0.0, ""gross_pnl"": -2632.6563234114865}]",0.18522363140772036,-1.0126118615959372
BNBUSDT,SHORT,1657468800000,1657713900000,232.88350000000003,781.9613220521372,3262.053613641914,1657454400000,163102.6806820957,2.0,5399.115482705753,0.0,-113.86505779711592,5285.250424908637,1.6202218145053502,18,True,STOP,"[{""time_ms"": 1657468800000, ""role"": ""ENTRY"", ""qty"": 781.9613220521372, ""price"": 232.88350000000003, ""fee"": 0.0, ""gross_pnl"": 0.0}, {""time_ms"": 1657584000000, ""role"": ""TP2R"", ""qty"": 390.9806610260686, ""price"": 224.65250934277122, ""fee"": 0.0, ""gross_pnl"": 3218.158168062712}, {""time_ms"": 1657713900000, ""role"": ""STOP"", ""qty"": 390.9806610260686, ""price"": 227.30532815661664, ""fee"": 0.0, ""gross_pnl"": 2180.9573146430403}]",3.3232809978762776,-0.663169970110336
ADAUSDT,SHORT,1657512000000,1657715100000,0.4525736,325329.48831636755,3265.787611345904,1657497600000,163289.3805672952,2.0,6070.6126285306555,0.0,-124.95538586866533,5945.6572426619905,1.8205890738288557,15,True,STOP,"[{""time_ms"": 1657512000000, ""role"": ""ENTRY"", ""qty"": 325329.48831636755, ""price"": 0.4525736, ""fee"": 0.0, ""gross_pnl"": 0.0}, {""time_ms"": 1657580400000, ""role"": ""TP2R"", ""qty"": 162664.74415818378, ""price"": 0.43271304793358795, ""fee"": 0.0, ""gross_pnl"": 3230.611620723208}, {""time_ms"": 1657715100000, ""role"": ""STOP"", ""qty"": 162664.74415818378, ""price"": 0.4351143710656362, ""fee"": 0.0, ""gross_pnl"": 2840.0010078074474}]",3.742986843276737,-0.4309850075252912
SOLUSDT,SHORT,1657540800000,1657715100000,35.112435000000005,3023.9909746385524,3125.446438831941,1657526400000,160888.12773032932,2.0,4226.6352426965495,0.0,-3.0571217976673446,4223.578120898882,1.3513519439729516,13,True,STOP,"[{""time_ms"": 1657540800000, ""role"": ""ENTRY"", ""qty"": 3023.9909746385524, ""price"": 35.112435000000005, ""fee"": 0.0, ""gross_pnl"": 0.0}, {""time_ms"": 1657654200000, ""role"": ""TP2R"", ""qty"": 1511.9954873192762, ""price"": 33.06185729231518, ""fee"": 0.0, ""gross_pnl"": 3100.4642404169585}, {""time_ms"": 1657715100000, ""role"": ""STOP"", ""qty"": 1511.9954873192762, ""price"": 34.36761068555958, ""fee"": 0.0, ""gross_pnl"": 1126.1710022795912}]",2.6921140682426756,-0.6652458761233416
SOLUSDT,SHORT,1661515200000,1661518800000,34.202890000000004,3734.263980472674,3452.15574601853,1661500800000,172607.7873009265,2.0,-3517.7431339690634,0.0,0.0,-3517.7431339690634,-1.018998965509067,1,False,STOP,"[{""time_ms"": 1661515200000, ""role"": ""ENTRY"", ""qty"": 3734.263980472674, ""price"": 34.202890000000004, ""fee"": 0.0, ""gross_pnl"": 0.0}, {""time_ms"": 1661518800000, ""role"": ""STOP"", ""qty"": 3734.263980472674, ""price"": 35.14490779851777, ""fee"": 0.0, ""gross_pnl"": -3517.7431339690634}]",0.1545668907856051,-1.695173351662309
BTCUSDT,SHORT,1661529600000,1661780400000,20759.2152,8.900749937121748,3381.8008833391486,1661515200000,169090.04416695744,2.0,6109.406975334265,0.0,-46.61661273199204,6062.790362602273,1.7927697613633444,18,True,STOP,"[{""time_ms"": 1661529600000, ""role"": ""ENTRY"", ""qty"": 8.900749937121748, ""price"": 20759.2152, ""fee"": 0.0, ""gross_pnl"": 0.0}, {""time_ms"": 1661577000000, ""role"": ""TP2R"", ""qty"": 4.450374968560874, ""price"": 20009.323637713624, ""fee"": 0.0, ""gross_pnl"": 3337.2986379342915}, {""time_ms"": 1661780400000, ""role"": ""STOP"", ""qty"": 4.450374968560874, ""price"": 20136.321992802135, ""fee"": 0.0, ""gross_pnl"": 2772.108337399973}]",3.2931429131715975,-0.16524680900208094
SOLUSDT,SHORT,1661529600000,1661780400000,33.233375,3189.0846847457083,3379.9522331802077,1661515200000,168997.6116590104,2.0,5845.350638297027,0.0,-161.46513528763006,5683.885503009397,1.6816466952437998,18,True,STOP,"[{""time_ms"": 1661529600000, ""role"": ""ENTRY"", ""qty"": 3189.0846847457083, ""price"": 33.233375, ""fee"": 0.0, ""gross_pnl"": 0.0}, {""time_ms"": 1661578800000, ""role"": ""TP2R"", ""qty"": 1594.5423423728541, ""price"": 31.129231316681285, ""fee"": 0.0, ""gross_pnl"": 3355.146197488073}, {""time_ms"": 1661780400000, ""role"": ""STOP"", ""qty"": 1594.5423423728541, ""price"": 31.671670193150373, ""fee"": 0.0, ""gross_pnl"": 2490.204440808954}]",3.14513769060341,-0.11003912946086757
AVAXUSDT,SHORT,1661529600000,1661782200000,21.76911,4956.8331453568135,3374.922471048236,1661515200000,168944.59312612654,2.0,10563.57490573784,0.0,-123.59784776017747,10439.977057977663,3.093397595807602,18,True,STOP,"[{""time_ms"": 1661529600000, ""role"": ""ENTRY"", ""qty"": 4956.8331453568135, ""price"": 21.76911, ""fee"": 0.0, ""gross_pnl"": 0.0}, {""time_ms"": 1661556600000, ""role"": ""TP2R"", ""qty"": 2478.4165726784067, ""price"": 20.417588424607366, ""fee"": 0.0, ""gross_pnl"": 3349.633470785535}, {""time_ms"": 1661782200000, ""role"": ""STOP"", ""qty"": 2478.4165726784067, ""price"": 18.85840422338544, ""fee"": 0.0, ""gross_pnl"": 7213.941434952305}]",6.328897762310469,-0.13349241899519546
LINKUSDT,SHORT,1661558400000,1661776200000,6.4937515,12348.993201553423,2643.1936795223046,1661544000000,184873.46719276297,2.0,-427.3800174682017,0.0,-65.31051927412032,-492.690536742322,-0.18639971053175503,16,False,STOP,"[{""time_ms"": 1661558400000, ""role"": ""ENTRY"", ""qty"": 12348.993201553423, ""price"": 6.4937515, ""fee"": 0.0, ""gross_pnl"": 0.0}, {""time_ms"": 1661776200000, ""role"": ""STOP"", ""qty"": 12348.993201553423, ""price"": 6.528359990788904, ""fee"": 0.0, ""gross_pnl"": -427.3800174682017}]",1.4424861121635617,-0.627208602480602
XRPUSDT,SHORT,1662379200000,1662390000000,0.32413785,858614.5471709173,3815.6801310760884,1662364800000,190784.00655380441,2.0,-3956.7427077909374,0.0,0.0,-3956.7427077909374,-1.0369691829160395,1,False,STOP,"[{""time_ms"": 1662379200000, ""role"": ""ENTRY"", ""qty"": 858614.5471709173, ""price"": 0.32413785, ""fee"": 0.0, ""gross_pnl"": 0.0}, {""time_ms"": 1662390000000, ""role"": ""STOP"", ""qty"": 858614.5471709173, ""price"": 0.3287461375264904, ""fee"": 0.0, ""gross_pnl"": -3956.7427077909374}]",0.053521643069959025,-1.0040849258971356
XRPUSDT,SHORT,1662494400000,1662555300000,0.32283850000000003,654803.7090632305,3726.7295297307564,1662480000000,186628.0955940241,2.0,-853.9444878608274,0.0,-101.6620244879615,-955.6065123487889,-0.2564196045688962,5,False,STOP,"[{""time_ms"": 1662494400000, ""role"": ""ENTRY"", ""qty"": 654803.7090632305, ""price"": 0.32283850000000003, ""fee"": 0.0, ""gross_pnl"": 0.0}, {""time_ms"": 1662555300000, ""role"": ""STOP"", ""qty"": 654803.7090632305, ""price"": 0.324142622863144, ""fee"": 0.0, ""gross_pnl"": -853.9444878608274}]",1.9043748530885694,-0.3797856017853854
BTCUSDT,SHORT,1662494400000,1662576300000,18803.69345,11.345009221502771,3736.5452769202693,1662480000000,186827.2638460135,2.0,-3823.3459040668195,0.0,-19.956909203588836,-3843.3028132704085,-1.0285711876715518,6,False,STOP,"[{""time_ms"": 1662494400000, ""role"": ""ENTRY"", ""qty"": 11.345009221502771, ""price"": 18803.69345, ""fee"": 0.0, ""gross_pnl"": 0.0}, {""time_ms"": 1662576300000, ""role"": ""STOP"", ""qty"": 11.345009221502771, ""price"": 19140.700307325442, ""fee"": 0.0, ""gross_pnl"": -3823.3459040668195}]",0.9220830300227875,-1.1121907750766309
BNBUSDT,SHORT,1662494400000,1662568500000,265.44721,696.2185066409463,3734.4109289904195,1662480000000,186720.54644952097,2.0,-1904.3623611736464,0.0,-171.27852096726286,-2075.640882140909,-0.5558148049609658,6,False,STOP,"[{""time_ms"": 1662494400000, ""role"": ""ENTRY"", ""qty"": 696.2185066409463, ""price"": 265.44721, ""fee"": 0.0, ""gross_pnl"": 0.0}, {""time_ms"": 1662568500000, ""role"": ""STOP"", ""qty"": 696.2185066409463, ""price"": 268.1825040822582, ""fee"": 0.0, ""gross_pnl"": -1904.3623611736464}]",1.4368804983169854,-0.6008353348580171
ETHUSDT,SHORT,1663084800000,1663224300000,1591.553825,70.62149941058115,3599.0542727650677,1663070400000,179952.7136382534,2.0,-3657.052758658519,0.0,-873.1703970165825,-4530.223155675101,-1.2587259908683286,10,False,STOP,"[{""time_ms"": 1663084800000, ""role"": ""ENTRY"", ""qty"": 70.62149941058115, ""price"": 1591.553825, ""fee"": 0.0, ""gross_pnl"": 0.0}, {""time_ms"": 1663224300000, ""role"": ""STOP"", ""qty"": 70.62149941058115, ""price"": 1643.3376697099097, ""fee"": 0.0, ""gross_pnl"": -3657.052758658519}]",0.8546235186953599,-1.0277377698584238
BNBUSDT,SHORT,1663084800000,1663374300000,282.77854,640.6753164651581,3597.9297313192033,1663070400000,179896.48656596016,2.0,5536.921872688991,0.0,-145.7784835735295,5391.143389115462,1.498401523016617,21,True,STOP,"[{""time_ms"": 1663084800000, ""role"": ""ENTRY"", ""qty"": 640.6753164651581, ""price"": 282.77854, ""fee"": 0.0, ""gross_pnl"": 0.0}, {""time_ms"": 1663222200000, ""role"": ""TP2R"", ""qty"": 320.33765823257903, ""price"": 271.6826344853472, ""fee"": 0.0, ""gross_pnl"": 3554.436388533846}, {""time_ms"": 1663374300000, ""role"": ""STOP"", ""qty"": 320.33765823257903, ""price"": 276.58980310564533, ""fee"": 0.0, ""gross_pnl"": 1982.4854841551453}]",2.91649005993506,-0.27804569692939984
DOGEUSDT,SHORT,1663084800000,1663373700000,0.06025985500000001,2434597.8996268166,3591.3673940573103,1663070400000,179805.85663569302,2.0,-809.0356279305976,0.0,63.97706525458665,-745.058562676011,-0.20745818540004307,21,False,STOP,"[{""time_ms"": 1663084800000, ""role"": ""ENTRY"", ""qty"": 2434597.8996268166, ""price"": 0.06025985500000001, ""fee"": 0.0, ""gross_pnl"": 0.0}, {""time_ms"": 1663373700000, ""role"": ""STOP"", ""qty"": 2434597.8996268166, ""price"": 0.06059216269978674, ""fee"": 0.0, ""gross_pnl"": -809.0356279305976}]",1.5116248781607518,-0.8135816182667558
AVAXUSDT,SHORT,1663545600000,1663597500000,16.681655000000003,6576.484121128347,3601.371506180356,1663531200000,180068.5753090178,2.0,-3658.0255115442574,0.0,-36.77659886837749,-3694.8021104126346,-1.0259430619895618,4,False,STOP,"[{""time_ms"": 1663545600000, ""role"": ""ENTRY"", ""qty"": 6576.484121128347, ""price"": 16.681655000000003, ""fee"": 0.0, ""gross_pnl"": 0.0}, {""time_ms"": 1663597500000, ""role"": ""STOP"", ""qty"": 6576.484121128347, ""price"": 17.23788313712757, ""fee"": 0.0, ""gross_pnl"": -3658.0255115442574}]",0.5873759472887949,-1.0195968453434774
BTCUSDT,SHORT,1663560000000,1663594800000,18756.8169,9.980101536673057,3608.165671925894,1663545600000,180408.2835962947,2.0,-2313.3536331733567,0.0,-17.113002301296504,-2330.4666354746532,-0.6458868154551073,3,False,STOP,"[{""time_ms"": 1663560000000, ""role"": ""ENTRY"", ""qty"": 9.980101536673057, ""price"": 18756.8169, ""fee"": 0.0, ""gross_pnl"": 0.0}, {""time_ms"": 1663594800000, ""role"": ""STOP"", ""qty"": 9.980101536673057, ""price"": 18988.613502937624, ""fee"": 0.0, ""gross_pnl"": -2313.3536331733567}]",1.4986528247188833,-0.92434260870842
ETHUSDT,SHORT,1664712000000,1664806800000,1296.5514,136.89694389764307,3480.86613126261,1664697600000,174043.3065631305,2.0,-2054.02432421177,0.0,-3.8183836745549837,-2057.842707886325,-0.591186971944792,7,False,STOP,"[{""time_ms"": 1664712000000, ""role"": ""ENTRY"", ""qty"": 136.89694389764307, ""price"": 1296.5514, ""fee"": 0.0, ""gross_pnl"": 0.0}, {""time_ms"": 1664806800000, ""role"": ""STOP"", ""qty"": 136.89694389764307, ""price"": 1311.5555649267756, ""fee"": 0.0, ""gross_pnl"": -2054.02432421177}]",1.4186309487053643,-0.7908393435002992
LTCUSDT,SHORT,1664712000000,1664802300000,52.443765,3705.6232055593464,3470.6781169057267,1664697600000,173843.90920457846,2.0,-3093.0005991868907,0.0,3.1955132562361097,-3089.8050859306545,-0.8902597653410054,7,False,STOP,"[{""time_ms"": 1664712000000, ""role"": ""ENTRY"", ""qty"": 3705.6232055593464, ""price"": 52.443765, ""fee"": 0.0, ""gross_pnl"": 0.0}, {""time_ms"": 1664802300000, ""role"": ""STOP"", ""qty"": 3705.6232055593464, ""price"": 53.278442577187725, ""fee"": 0.0, ""gross_pnl"": -3093.0005991868907}]",1.0930680441266925,-0.946228048513693
DOGEUSDT,SHORT,1664755200000,1664802000000,0.059200385,431705.3294191718,463.2738450346569,1664740800000,181565.13995515608,2.0,-476.2840428112561,0.0,2.5768491113030363,-473.70719369995305,-1.022520910207041,4,False,STOP,"[{""time_ms"": 1664755200000, ""role"": ""ENTRY"", ""qty"": 431705.3294191718, ""price"": 0.059200385, ""fee"": 0.0, ""gross_pnl"": 0.0}, {""time_ms"": 1664802000000, ""role"": ""STOP"", ""qty"": 431705.3294191718, ""price"": 0.06030364690193682, ""fee"": 0.0, ""gross_pnl"": -476.2840428112561}]",0.42901333674422615,-1.024684775316313
ADAUSDT,SHORT,1664712000000,1664838900000,0.4235881,521972.6320907976,3479.09030410637,1664697600000,173954.5152053185,2.0,-2667.58876937609,0.0,27.76645556853613,-2639.822313807554,-0.7587679775634948,9,False,STOP,"[{""time_ms"": 1664712000000, ""role"": ""ENTRY"", ""qty"": 521972.6320907976, ""price"": 0.4235881, ""fee"": 0.0, ""gross_pnl"": 0.0}, {""time_ms"": 1664838900000, ""role"": ""STOP"", ""qty"": 521972.6320907976, ""price"": 0.42869869125588805, ""fee"": 0.0, ""gross_pnl"": -2667.58876937609}]",1.2884842788840543,-0.8269578249881732
SOLUSDT,LONG,1664928000000,1665086400000,34.087035,3469.881492135443,3315.6425852361217,1664913600000,165782.12926180608,2.0,-1644.2033450483752,0.0,-30.239808270693917,-1674.443153319069,-0.5050131641978004,11,False,BB_MID,"[{""time_ms"": 1664928000000, ""role"": ""ENTRY"", ""qty"": 3469.881492135443, ""price"": 34.087035, ""fee"": 0.0, ""gross_pnl"": 0.0}, {""time_ms"": 1665086400000, ""role"": ""BB_MID"", ""qty"": 3469.881492135443, ""price"": 33.613185, ""fee"": 0.0, ""gross_pnl"": -1644.2033450483752}]",0.4112451645507771,-0.9806245155798642
LTCUSDT,SHORT,1665158400000,1665213900000,52.63367,3990.2055114263926,3279.6290846712027,1665144000000,163981.45423356013,2.0,-3386.278479273834,0.0,3.2479783440666883,-3383.030500929767,-1.0315283873843712,4,False,STOP,"[{""time_ms"": 1665158400000, ""role"": ""ENTRY"", ""qty"": 3990.2055114263926, ""price"": 52.63367, ""fee"": 0.0, ""gross_pnl"": 0.0}, {""time_ms"": 1665213900000, ""role"": ""STOP"", ""qty"": 3990.2055114263926, ""price"": 53.48231763721489, ""fee"": 0.0, ""gross_pnl"": -3386.278479273834}]",0.46679734477426565,-1.041865588267377
AVAXUSDT,SHORT,1665158400000,1665331200000,16.85157,13070.147477438255,3270.800720505714,1665144000000,163876.3921224443,2.0,-1674.774030979612,0.0,-43.59996484674507,-1718.373995826357,-0.5253679886559005,13,False,STOP,"[{""time_ms"": 1665158400000, ""role"": ""ENTRY"", ""qty"": 13070.147477438255, ""price"": 16.85157, ""fee"": 0.0, ""gross_pnl"": 0.0}, {""time_ms"": 1665331200000, ""role"": ""STOP"", ""qty"": 13070.147477438255, ""price"": 16.97970734763671, ""fee"": 0.0, ""gross_pnl"": -1674.774030979612}]",1.0052758580751218,-0.5531674565064998
ADAUSDT,SHORT,1665158400000,1665363600000,0.42368805000000004,595573.8378244017,3282.15372216974,1665144000000,164107.686108487,2.0,-1493.799420657363,0.0,153.24351772497926,-1340.5559029323838,-0.40843787842032575,15,False,STOP,"[{""time_ms"": 1665158400000, ""role"": ""ENTRY"", ""qty"": 595573.8378244017, ""price"": 0.42368805000000004, ""fee"": 0.0, ""gross_pnl"": 0.0}, {""time_ms"": 1665363600000, ""role"": ""STOP"", ""qty"": 595573.8378244017, ""price"": 0.42619621830053206, ""fee"": 0.0, ""gross_pnl"": -1493.799420657363}]",1.0321435420147347,-0.5828347939582382
ADAUSDT,SHORT,1665417600000,1665460800000,0.41549215000000006,704672.7313720387,3153.3145141759696,1665403200000,157665.72570879848,2.0,10161.735391478063,0.0,-13.158578053873594,10148.57681342419,3.2183839473672786,4,True,STOP,"[{""time_ms"": 1665417600000, ""role"": ""ENTRY"", ""qty"": 704672.7313720387, ""price"": 0.41549215000000006, ""fee"": 0.0, ""gross_pnl"": 0.0}, {""time_ms"": 1665437700000, ""role"": ""TP2R"", ""qty"": 352336.36568601936, ""price"": 0.40674569356090445, ""fee"": 0.0, ""gross_pnl"": 3081.6946743820286}, {""time_ms"": 1665460800000, ""role"": ""STOP"", ""qty"": 352336.36568601936, ""price"": 0.39539759999999996, ""fee"": 0.0, ""gross_pnl"": 7080.040717096035}]",7.5292011816654405,-0.1581835844979179
AVAXUSDT,SHORT,1665446400000,1665470700000,16.1919,14523.590598919052,3319.626156267554,1665432000000,165981.3078133777,2.0,4170.95788809777,0.0,0.0,4170.95788809777,1.2564540980685055,2,True,STOP,"[{""time_ms"": 1665446400000, ""role"": ""ENTRY"", ""qty"": 14523.590598919052, ""price"": 16.1919, ""fee"": 0.0, ""gross_pnl"": 0.0}, {""time_ms"": 1665446700000, ""role"": ""TP2R"", ""qty"": 7261.795299459526, ""price"": 15.742631643739138, ""fee"": 0.0, ""gross_pnl"": 3262.4948376910397}, {""time_ms"": 1665470700000, ""role"": ""STOP"", ""qty"": 7261.795299459526, ""price"": 16.066798284385083, ""fee"": 0.0, ""gross_pnl"": 908.46305040673}]",2.852106913773894,-0.03543805185084418
ETHUSDT,SHORT,1665460800000,1665491400000,1277.011175,200.5870227228052,3468.227459593493,1665446400000,173411.37297967466,2.0,-3598.0375081117604,0.0,9.142965106209092,-3588.8945430055514,-1.0347921480980955,3,False,STOP,"[{""time_ms"": 1665460800000, ""role"": ""ENTRY"", ""qty"": 200.5870227228052, ""price"": 1277.011175, ""fee"": 0.0, ""gross_pnl"": 0.0}, {""time_ms"": 1665491400000, ""role"": ""STOP"", ""qty"": 200.5870227228052, ""price"": 1294.9487138261482, ""fee"": 0.0, ""gross_pnl"": -3598.0375081117604}]",0.33609280399037933,-1.001066312411634
LTCUSDT,SHORT,1665460800000,1665502200000,51.574200000000005,4498.62596171389,3465.664659497675,1665446400000,173283.23297488378,2.0,-3583.404009364739,0.0,-0.3783083513495602,-3583.7823177160885,-1.0340822525614852,3,False,STOP,"[{""time_ms"": 1665460800000, ""role"": ""ENTRY"", ""qty"": 4498.62596171389, ""price"": 51.574200000000005, ""fee"": 0.0, ""gross_pnl"": 0.0}, {""time_ms"": 1665502200000, ""role"": ""STOP"", ""qty"": 4498.62596171389, ""price"": 52.37075522371981, ""fee"": 0.0, ""gross_pnl"": -3583.404009364739}]",0.31698521576227473,-1.04597332867008
DOGEUSDT,SHORT,1665475200000,1665490500000,0.05921038000000001,3333676.079492783,3220.0254291344227,1665460800000,169231.9591370932,2.0,-3320.329555580815,0.0,0.0,-3320.329555580815,-1.031150103828017,2,False,STOP,"[{""time_ms"": 1665475200000, ""role"": ""ENTRY"", ""qty"": 3333676.079492783, ""price"": 0.05921038000000001, ""fee"": 0.0, ""gross_pnl"": 0.0}, {""time_ms"": 1665490500000, ""role"": ""STOP"", ""qty"": 3333676.079492783, ""price"": 0.06020637645448637, ""fee"": 0.0, ""gross_pnl"": -3320.329555580815}]",0.3316877974578695,-1.1280780881017267
BCHUSDT,SHORT,1666224000000,1666242000000,105.76709,1944.221508685365,3229.8450798803588,1666209600000,161492.25399401793,2.0,-3334.2773280648034,0.0,0.0,-3334.2773280648034,-1.0323335161909106,2,False,STOP,"[{""time_ms"": 1666224000000, ""role"": ""ENTRY"", ""qty"": 1944.221508685365, ""price"": 105.76709, ""fee"": 0.0, ""gross_pnl"": 0.0}, {""time_ms"": 1666242000000, ""role"": ""STOP"", ""qty"": 1944.221508685365, ""price"": 107.48205782294079, ""fee"": 0.0, ""gross_pnl"": -3334.2773280648034}]",0.5580664935650315,-1.0130361482547956
BNBUSDT,SHORT,1666296000000,1666360500000,268.78554,1198.613772356974,3163.1595333190626,1666281600000,158157.97666595312,2.0,3003.656088058575,0.0,-29.348104884908462,2974.3079831736663,0.9402965458567192,5,True,STOP,"[{""time_ms"": 1666296000000, ""role"": ""ENTRY"", ""qty"": 1198.613772356974, ""price"": 268.78554, ""fee"": 0.0, ""gross_pnl"": 0.0}, {""time_ms"": 1666354200000, ""role"": ""TP2R"", ""qty"": 599.306886178487, ""price"": 263.6392640740905, ""fee"": 0.0, ""gross_pnl"": 3084.1986005721624}, {""time_ms"": 1666360500000, ""role"": ""STOP"", ""qty"": 599.306886178487, ""price"": 268.91993277, ""fee"": 0.0, ""gross_pnl"": -80.54251251358765}]",2.158206885584072,-0.2138904227934081
LTCUSDT,SHORT,1666353600000,1666360200000,50.21488000000001,4679.547652030115,3223.3552345086046,1666339200000,161167.76172543023,2.0,-3342.4583740263242,0.0,0.0,-3342.4583740263242,-1.0369500507553822,1,False,STOP,"[{""time_ms"": 1666353600000, ""role"": ""ENTRY"", ""qty"": 4679.547652030115, ""price"": 50.21488000000001, ""fee"": 0.0, ""gross_pnl"": 0.0}, {""time_ms"": 1666360200000, ""role"": ""STOP"", ""qty"": 4679.547652030115, ""price"": 50.92914954538572, ""fee"": 0.0, ""gross_pnl"": -3342.4583740263242}]",1.037836286137204,-1.1107728559328518
BTCUSDT,LONG,1666756800000,1666944000000,20248.719299999997,9.017860358871786,3155.7965255020094,1666742400000,157789.82627510047,2.0,-1703.0612546793993,0.0,-24.37989629763814,-1727.4411509770375,-0.5473867332756013,13,False,BB_MID,"[{""time_ms"": 1666756800000, ""role"": ""ENTRY"", ""qty"": 9.017860358871786, ""price"": 20248.719299999997, ""fee"": 0.0, ""gross_pnl"": 0.0}, {""time_ms"": 1666944000000, ""role"": ""BB_MID"", ""qty"": 9.017860358871786, ""price"": 20059.865050000004, ""fee"": 0.0, ""gross_pnl"": -1703.0612546793993}]",2.232552129627833,-0.5675654616838537
ETHUSDT,SHORT,1668945600000,1668974100000,1166.19661,130.33430200824938,3121.24770248247,1668931200000,156062.38512412345,2.0000000000000004,-3198.806036918066,0.0,-3.07929690745257,-3201.885333825519,-1.0258350630995785,2,False,STOP,"[{""time_ms"": 1668945600000, ""role"": ""ENTRY"", ""qty"": 130.33430200824938, ""price"": 1166.19661, ""fee"": 0.0, ""gross_pnl"": 0.0}, {""time_ms"": 1668974100000, ""role"": ""STOP"", ""qty"": 130.33430200824938, ""price"": 1190.7396964141628, ""fee"": 0.0, ""gross_pnl"": -3198.806036918066}]",0.6136880468390866,-1.035718030490582
LINKUSDT,SHORT,1668945600000,1669071000000,5.9600185,20218.861687663626,3119.7269879134974,1668931200000,155986.34939567486,2.0,4145.966340758758,0.0,-6.220016667578744,4139.746324091179,1.3269578844974126,9,True,STOP,"[{""time_ms"": 1668945600000, ""role"": ""ENTRY"", ""qty"": 20218.861687663626, ""price"": 5.9600185, ""fee"": 0.0, ""gross_pnl"": 0.0}, {""time_ms"": 1668989100000, ""role"": ""TP2R"", ""qty"": 10109.430843831813, ""price"": 5.654248501497399, ""fee"": 0.0, ""gross_pnl"": 3091.160653980604}, {""time_ms"": 1669071000000, ""role"": ""STOP"", ""qty"": 10109.430843831813, ""price"": 5.8556797194026995, ""fee"": 0.0, ""gross_pnl"": 1054.8056867781534}]",2.8387854137393687,-0.5507626792879546
ADAUSDT,SHORT,1668960000000,1669122900000,0.3188405,493612.67853895883,2975.847498430272,1668945600000,153613.703147104,2.0,5336.2881562732455,0.0,22.68799256652457,5358.97614883977,1.800823513861706,12,True,STOP,"[{""time_ms"": 1668960000000, ""role"": ""ENTRY"", ""qty"": 493612.67853895883, ""price"": 0.3188405, ""fee"": 0.0, ""gross_pnl"": 0.0}, {""time_ms"": 1668989100000, ""role"": ""TP2R"", ""qty"": 246806.33926947942, ""price"": 0.30693647232158744, ""fee"": 0.0, ""gross_pnl"": 2937.9894938715706}, {""time_ms"": 1669122900000, ""role"": ""STOP"", ""qty"": 246806.33926947942, ""price"": 0.30912316992857486, ""fee"": 0.0, ""gross_pnl"": 2398.2986624016744}]",3.9876692621767096,-0.22550430989077036
BTCUSDT,SHORT,1668988800000,1669122600000,16264.563650000002,15.604901223122091,3206.399654289692,1668974400000,160319.9827144846,2.0,5491.420474397435,0.0,-3.9674900944462754,5487.452984302989,1.71140642962632,10,True,STOP,"[{""time_ms"": 1668988800000, ""role"": ""ENTRY"", ""qty"": 15.604901223122091, ""price"": 16264.563650000002, ""fee"": 0.0, ""gross_pnl"": 0.0}, {""time_ms"": 1669058700000, ""role"": ""TP2R"", ""qty"": 7.802450611561046, ""price"": 15861.542691154245, ""fee"": 0.0, ""gross_pnl"": 3144.5511268179916}, {""time_ms"": 1669122600000, ""role"": ""STOP"", ""qty"": 7.802450611561046, ""price"": 15963.777465707846, ""fee"": 0.0, ""gross_pnl"": 2346.8693475794435}]",3.997411429783988,-0.19338881099484542
ETHUSDT,SHORT,1669003200000,1669125000000,1123.99772,125.2181342741507,3359.2531559828353,1668988800000,167962.65779914177,2.0,-734.4927314850906,0.0,-9.490987712606293,-743.9837191976969,-0.22147295385364474,9,False,STOP,"[{""time_ms"": 1669003200000, ""role"": ""ENTRY"", ""qty"": 125.2181342741507, ""price"": 1123.99772, ""fee"": 0.0, ""gross_pnl"": 0.0}, {""time_ms"": 1669125000000, ""role"": ""STOP"", ""qty"": 125.2181342741507, ""price"": 1129.8634257601339, ""fee"": 0.0, ""gross_pnl"": -734.4927314850906}]",1.9561378330948485,-0.8585417638272689
BNBUSDT,SHORT,1669003200000,1669122600000,259.060405,95.16560333711315,460.094955351713,1668988800000,167892.2501466021,2.0,447.9981829580978,0.0,-1.0186301470775827,446.9795528110202,0.9714941396593516,9,True,STOP,"[{""time_ms"": 1669003200000, ""role"": ""ENTRY"", ""qty"": 95.16560333711315, ""price"": 259.060405, ""fee"": 0.0, ""gross_pnl"": 0.0}, {""time_ms"": 1669059300000, ""role"": ""TP2R"", ""qty"": 47.58280166855658, ""price"": 249.51574648961514, ""fee"": 0.0, ""gross_pnl"": 454.1615928937436}, {""time_ms"": 1669122600000, ""role"": ""STOP"", ""qty"": 47.58280166855658, ""price"": 259.1899352025, ""fee"": 0.0, ""gross_pnl"": -6.1634099356458}]",2.0560639238417897,-0.7259212946349276
BTCUSDT,SHORT,1669608000000,1669654500000,16160.915500000001,19.121400146918226,3350.993421622903,1669593600000,167549.67108114515,2.0,-3507.1785843417183,0.0,1.7270240386335647,-3505.4515603030845,-1.0460932384061132,4,False,STOP,"[{""time_ms"": 1669608000000, ""role"": ""ENTRY"", ""qty"": 19.121400146918226, ""price"": 16160.915500000001, ""fee"": 0.0, ""gross_pnl"": 0.0}, {""time_ms"": 1669654500000, ""role"": ""STOP"", ""qty"": 19.121400146918226, ""price"": 16344.331910795994, ""fee"": 0.0, ""gross_pnl"": -3507.1785843417183}]",1.0089425738233813,-1.3094818162580286
SOLUSDT,SHORT,1669608000000,1669654500000,13.047473000000002,6796.5263707392105,3339.36058582421,1669593600000,167304.26149800437,2.0,-3385.369013275112,0.0,-745.0345180613818,-4130.403531336494,-1.2368845547468907,4,False,STOP,"[{""time_ms"": 1669608000000, ""role"": ""ENTRY"", ""qty"": 6796.5263707392105, ""price"": 13.047473000000002, ""fee"": 0.0, ""gross_pnl"": 0.0}, {""time_ms"": 1669654500000, ""role"": ""STOP"", ""qty"": 6796.5263707392105, ""price"": 13.545575829093698, ""fee"": 0.0, ""gross_pnl"": -3385.369013275112}]",0.1108676860369391,-1.1978159209197128
ETHUSDT,SHORT,1669608000000,1669694700000,1171.4639750000001,154.98080056833464,3347.9016824331484,1669593600000,167395.08412165742,2.0,-3350.4293775707706,0.0,-19.916321018344718,-3370.3456985891153,-1.0067039053965454,7,False,STOP,"[{""time_ms"": 1669608000000, ""role"": ""ENTRY"", ""qty"": 154.98080056833464, ""price"": 1171.4639750000001, ""fee"": 0.0, ""gross_pnl"": 0.0}, {""time_ms"": 1669694700000, ""role"": ""STOP"", ""qty"": 154.98080056833464, ""price"": 1193.0823262105005, ""fee"": 0.0, ""gross_pnl"": -3350.4293775707706}]",0.9820356571365073,-1.0052765161299402
ETHUSDT,SHORT,1670112000000,1670116800000,1239.14012,154.78371683768069,3130.8694058183296,1670097600000,156543.47029091648,2.0,-3228.334197249347,0.0,0.0,-3228.334197249347,-1.0311302640889113,1,False,STOP,"[{""time_ms"": 1670112000000, ""role"": ""ENTRY"", ""qty"": 154.78371683768069, ""price"": 1239.14012, ""fee"": 0.0, ""gross_pnl"": 0.0}, {""time_ms"": 1670116800000, ""role"": ""STOP"", ""qty"": 154.78371683768069, ""price"": 1259.9971859963855, ""fee"": 0.0, ""gross_pnl"": -3228.334197249347}]",0.0005003118978623765,-1.0297862445783375
XRPUSDT,SHORT,1670299200000,1670341200000,0.38230875000000003,456187.66939352226,3022.7804452364844,1670284800000,151139.02226182423,2.0,-3111.494104284715,0.0,7.407134962912228,-3104.086969321803,-1.0268979257866535,3,False,STOP,"[{""time_ms"": 1670299200000, ""role"": ""ENTRY"", ""qty"": 456187.66939352226, ""price"": 0.38230875000000003, ""fee"": 0.0, ""gross_pnl"": 0.0}, {""time_ms"": 1670341200000, ""role"": ""STOP"", ""qty"": 456187.66939352226, ""price"": 0.38912939490787596, ""fee"": 0.0, ""gross_pnl"": -3111.494104284715}]",0.2729703536079981,-1.1607371014167136
BNBUSDT,SHORT,1670270400000,1670369100000,286.61662,768.027526079421,3066.3027218733428,1670256000000,153315.13609366713,2.0,-3177.9006000301815,0.0,0.0,-3177.9006000301815,-1.0363949317074141,7,False,STOP,"[{""time_ms"": 1670270400000, ""role"": ""ENTRY"", ""qty"": 768.027526079421, ""price"": 286.61662, ""fee"": 0.0, ""gross_pnl"": 0.0}, {""time_ms"": 1670369100000, ""role"": ""STOP"", ""qty"": 768.027526079421, ""price"": 290.7543631044074, ""fee"": 0.0, ""gross_pnl"": -3177.9006000301815}]",0.14192328556563744,-1.0453210291093165
XRPUSDT,SHORT,1670400000000,1670458500000,0.37691145000000004,427291.46043604007,2938.4651254309338,1670385600000,146923.25627154668,2.0,-3020.4598799564315,0.0,-82.68012955997914,-3103.1400095164104,-1.0560411225099453,5,False,STOP,"[{""time_ms"": 1670400000000, ""role"": ""ENTRY"", ""qty"": 427291.46043604007, ""price"": 0.37691145000000004, ""fee"": 0.0, ""gross_pnl"": 0.0}, {""time_ms"": 1670458500000, ""role"": ""STOP"", ""qty"": 427291.46043604007, ""price"": 0.383980301497463, ""fee"": 0.0, ""gross_pnl"": -3020.4598799564315}]",0.13253681258419886,-1.088933619921401
AVAXUSDT,SHORT,1670400000000,1670461800000,13.037478000000002,11092.598625312865,2931.433332083652,1670385600000,146842.6904666815,2.0,-3005.208804019862,0.0,-57.12852606699562,-3062.3373300868575,-1.0446552874221975,5,False,STOP,"[{""time_ms"": 1670400000000, ""role"": ""ENTRY"", ""qty"": 11092.598625312865, ""price"": 13.037478000000002, ""fee"": 0.0, ""gross_pnl"": 0.0}, {""time_ms"": 1670461800000, ""role"": ""STOP"", ""qty"": 11092.598625312865, ""price"": 13.308398178898578, ""fee"": 0.0, ""gross_pnl"": -3005.208804019862}]",0.20614577220498248,-1.0955566698544192
BNBUSDT,SHORT,1670400000000,1670486400000,282.408725,777.8605752501818,2940.662970486303,1670385600000,147033.14852431515,2.0,-3051.970608613648,0.0,0.0,-3051.970608613648,-1.037851205406561,7,False,STOP,"[{""time_ms"": 1670400000000, ""role"": ""ENTRY"", ""qty"": 777.8605752501818, ""price"": 282.408725, ""fee"": 0.0, ""gross_pnl"": 0.0}, {""time_ms"": 1670486400000, ""role"": ""STOP"", ""qty"": 777.8605752501818, ""price"": 286.3322695344843, ""fee"": 0.0, ""gross_pnl"": -3051.970608613648}]",0.36734383987760605,-1.061057560931808
BCHUSDT,SHORT,1670803200000,1670813400000,106.04695,1103.1895509289618,1376.4845272285113,1670788800000,137648.45272285113,1.0,1318.6778259181888,0.0,0.0,1318.6778259181888,0.9580041038116762,1,True,BE_AFTER_TP,"[{""time_ms"": 1670803200000, ""role"": ""ENTRY"", ""qty"": 1103.1895509289618, ""price"": 106.04695, ""fee"": 0.0, ""gross_pnl"": 0.0}, {""time_ms"": 1670813400000, ""role"": ""TP2R"", ""qty"": 551.5947754644809, ""price"": 103.60326242777796, ""fee"": 0.0, ""gross_pnl"": 1347.9252977051542}, {""time_ms"": 1670813400000, ""role"": ""BE_AFTER_TP"", ""qty"": 551.5947754644809, ""price"": 106.09997347499998, ""fee"": 0.0, ""gross_pnl"": -29.247471786965537}]",3.5880711786682538,-0.44324434388645684
LINKUSDT,SHORT,1670803200000,1670841900000,6.690653,12431.936063614543,1376.9006241285606,1670788800000,137690.06241285606,1.0,1456.407719500164,0.0,-1.9334031349127943,1454.474316365251,1.05633935440024,3,True,STOP,"[{""time_ms"": 1670803200000, ""role"": ""ENTRY"", ""qty"": 12431.936063614543, ""price"": 6.690653, ""fee"": 0.0, ""gross_pnl"": 0.0}, {""time_ms"": 1670813400000, ""role"": ""TP2R"", ""qty"": 6215.9680318072715, ""price"": 6.472377322757467, ""fee"": 0.0, ""gross_pnl"": 1356.7946318606694}, {""time_ms"": 1670841900000, ""role"": ""STOP"", ""qty"": 6215.9680318072715, ""price"": 6.674627646084122, ""fee"": 0.0, ""gross_pnl"": 99.61308763949447}]",2.3263302859098767,-0.1927405177246803
AVAXUSDT,SHORT,1670803200000,1670837700000,12.963515000000001,8380.181327408192,1375.8992851717435,1670788800000,137589.92851717435,1.0,1963.853902238066,0.0,-4.242183546871531,1959.6117186911945,1.4242406692191794,3,True,STOP,"[{""time_ms"": 1670803200000, ""role"": ""ENTRY"", ""qty"": 8380.181327408192, ""price"": 12.963515000000001, ""fee"": 0.0, ""gross_pnl"": 0.0}, {""time_ms"": 1670813400000, ""role"": ""TP2R"", ""qty"": 4190.090663704096, ""price"": 12.641462760195655, ""fee"": 0.0, ""gross_pnl"": 1349.4280832291845}, {""time_ms"": 1670837700000, ""role"": ""STOP"", ""qty"": 4190.090663704096, ""price"": 12.816877166043033, ""fee"": 0.0, ""gross_pnl"": 614.4258190088815}]",3.1763882081076646,-0.20394688388345764
SOLUSDT,SHORT,1670817600000,1670837400000,12.943525,6666.92939758037,1483.6237936039772,1670803200000,148362.37936039772,1.0,-1527.512389166179,0.0,-24.783177120008332,-1552.2955662861873,-1.0462865134532484,2,False,STOP,"[{""time_ms"": 1670817600000, ""role"": ""ENTRY"", ""qty"": 6666.92939758037, ""price"": 12.943525, ""fee"": 0.0, ""gross_pnl"": 0.0}, {""time_ms"": 1670837400000, ""role"": ""STOP"", ""qty"": 6666.92939758037, ""price"": 13.172642828924445, ""fee"": 0.0, ""gross_pnl"": -1527.512389166179}]",0.12368852027010285,-1.183972129996978
BNBUSDT,SHORT,1670817600000,1670847600000,282.568645,500.64376591270934,1483.192109925484,1670803200000,148319.21099254838,1.0,1413.2005906996274,0.0,0.0,1413.2005906996274,0.952810213351679,3,True,BE_AFTER_TP,"[{""time_ms"": 1670817600000, ""role"": ""ENTRY"", ""qty"": 500.64376591270934, ""price"": 282.568645, ""fee"": 0.0, ""gross_pnl"": 0.0}, {""time_ms"": 1670847600000, ""role"": ""TP2R"", ""qty"": 250.32188295635467, ""price"": 276.78182711882977, ""fee"": 0.0, ""gross_pnl"": 1448.5671483400363}, {""time_ms"": 1670847600000, ""role"": ""BE_AFTER_TP"", ""qty"": 250.32188295635467, ""price"": 282.7099293225, ""fee"": 0.0, ""gross_pnl"": -35.366557640409034}]",3.1285828091016,-0.47977097176886435
XRPUSDT,SHORT,1670803200000,1670873400000,0.38030975,331060.856938064,1378.1570057609822,1670788800000,137815.70057609823,1.0,1553.316348404227,0.0,-4.508421180111677,1548.8079272241152,1.1238254572953421,5,True,STOP,"[{""time_ms"": 1670803200000, ""role"": ""ENTRY"", ""qty"": 331060.856938064, ""price"": 0.38030975, ""fee"": 0.0, ""gross_pnl"": 0.0}, {""time_ms"": 1670813400000, ""role"": ""TP2R"", ""qty"": 165530.428469032, ""price"": 0.37217004010622834, ""fee"": 0.0, ""gross_pnl"": 1347.3696663296423}, {""time_ms"": 1670873400000, ""role"": ""STOP"", ""qty"": 165530.428469032, ""price"": 0.37906558792068107, ""fee"": 0.0, ""gross_pnl"": 205.9466820745848}]",2.596717996082154,-0.5501638234489358
ADAUSDT,SHORT,1670803200000,1670880000000,0.30694645,408035.3970023077,1377.5271624806576,1670788800000,137752.71624806576,1.0,1315.5934177698016,0.0,2.5573496323776252,1318.1507674021793,0.9568963889092735,6,True,STOP,"[{""time_ms"": 1670803200000, ""role"": ""ENTRY"", ""qty"": 408035.3970023077, ""price"": 0.30694645, ""fee"": 0.0, ""gross_pnl"": 0.0}, {""time_ms"": 1670813400000, ""role"": ""TP2R"", ""qty"": 204017.69850115385, ""price"": 0.3003445488815623, ""fee"": 0.0, ""gross_pnl"": 1346.9046719158468}, {""time_ms"": 1670880000000, ""role"": ""STOP"", ""qty"": 204017.69850115385, ""price"": 0.30709992322499996, ""fee"": 0.0, ""gross_pnl"": -31.311254146045293}]",2.0279773930379226,-0.2232079931239853
BNBUSDT,SHORT,1670860800000,1670919600000,275.84201,399.3036192662916,1464.7088143040514,1670846400000,146470.88143040513,1.0,3484.9337240048294,0.0,0.0,3484.9337240048294,2.379267257745477,5,True,STOP,"[{""time_ms"": 1670860800000, ""role"": ""ENTRY"", ""qty"": 399.3036192662916, ""price"": 275.84201, ""fee"": 0.0, ""gross_pnl"": 0.0}, {""time_ms"": 1670902800000, ""role"": ""TP2R"", ""qty"": 199.6518096331458, ""price"": 268.6399466021343, ""fee"": 0.0, ""gross_pnl"": 1437.9049904765386}, {""time_ms"": 1670919600000, ""role"": ""STOP"", ""qty"": 199.6518096331458, ""price"": 265.5890163642817, ""fee"": 0.0, ""gross_pnl"": 2047.0287335282908}]",5.589183812704434,-0.45199523703411165
ETHUSDT,LONG,1671004800000,1671068400000,1323.791565,110.04861843239317,2975.225237602347,1670990400000,148761.26188011735,2.0,-3046.5783413938725,0.0,-29.121327948827226,-3075.6996693426995,-1.0337703614739844,5,False,STOP,"[{""time_ms"": 1671004800000, ""role"": ""ENTRY"", ""qty"": 110.04861843239317, ""price"": 1323.791565, ""fee"": 0.0, ""gross_pnl"": 0.0}, {""time_ms"": 1671068400000, ""role"": ""STOP"", ""qty"": 110.04861843239317, ""price"": 1296.1076341629628, ""fee"": 0.0, ""gross_pnl"": -3046.5783413938725}]",1.1321549513482325,-1.5679932740811535
DOGEUSDT,SHORT,1671148800000,1671317100000,0.084747605,631717.8330713117,1456.8556221077463,1671134400000,145685.56221077463,1.0,3398.3937653683092,0.0,3.647519212633342,3402.0412845809424,2.3351945333189192,12,True,STOP,"[{""time_ms"": 1671148800000, ""role"": ""ENTRY"", ""qty"": 631717.8330713117, ""price"": 0.084747605, ""fee"": 0.0, ""gross_pnl"": 0.0}, {""time_ms"": 1671207600000, ""role"": ""TP2R"", ""qty"": 315858.91653565585, ""price"": 0.08017531075416501, ""fee"": 0.0, ""gross_pnl"": 1444.1999065716554}, {""time_ms"": 1671317100000, ""role"": ""STOP"", ""qty"": 315858.91653565585, ""price"": 0.07856068496547866, ""fee"": 0.0, ""gross_pnl"": 1954.1938587966538}]",4.786096718911104,-0.9072987159955425
DOGEUSDT,SHORT,1672171200000,1672237800000,0.07324336000000001,2210439.988967963,2981.752069907111,1672156800000,149087.60349535555,2.0,4194.500504913147,0.0,10.27736122581146,4204.777866138958,1.41017018436075,5,True,STOP,"[{""time_ms"": 1672171200000, ""role"": ""ENTRY"", ""qty"": 2210439.988967963, ""price"": 0.07324336000000001, ""fee"": 0.0, ""gross_pnl"": 0.0}, {""time_ms"": 1672205100000, ""role"": ""TP2R"", ""qty"": 1105219.9944839815, ""price"": 0.07058075169788688, ""fee"": 0.0, ""gross_pnl"": 2942.767932974469}, {""time_ms"": 1672237800000, ""role"": ""STOP"", ""qty"": 1105219.9944839815, ""price"": 0.0721107958243735, ""fee"": 0.0, ""gross_pnl"": 1251.7325719386777}]",3.1012190200431755,-0.4793688009448584
AVAXUSDT,SHORT,1672200000000,1672237800000,11.430282,20988.178077125813,3045.2349812763587,1672185600000,152261.74906381793,2.0,2966.0126940243435,0.0,5.997269764584242,2972.009963788928,0.9759542308105433,3,True,STOP,"[{""time_ms"": 1672200000000, ""role"": ""ENTRY"", ""qty"": 20988.178077125813, ""price"": 11.430282, ""fee"": 0.0, ""gross_pnl"": 0.0}, {""time_ms"": 1672206000000, ""role"": ""TP2R"", ""qty"": 10494.089038562906, ""price"": 11.14566630927454, ""fee"": 0.0, ""gross_pnl"": 2986.782400245055}, {""time_ms"": 1672237800000, ""role"": ""STOP"", ""qty"": 10494.089038562906, ""price"": 11.432261181436749, ""fee"": 0.0, ""gross_pnl"": -20.769706220711605}]",2.2074275687193614,-0.08765420416686488
LINKUSDT,SHORT,1672200000000,1672300800000,5.7841065,41825.223564441316,3047.6554069640324,1672185600000,152382.77034820162,2.0,4583.369146638227,0.0,49.60821147498997,4632.977358113217,1.520177559289233,8,True,STOP,"[{""time_ms"": 1672200000000, ""role"": ""ENTRY"", ""qty"": 41825.223564441316, ""price"": 5.7841065, ""fee"": 0.0, ""gross_pnl"": 0.0}, {""time_ms"": 1672262700000, ""role"": ""TP2R"", ""qty"": 20912.611782220658, ""price"": 5.64119279419795, ""fee"": 0.0, ""gross_pnl"": 2988.6988477967625}, {""time_ms"": 1672300800000, ""role"": ""STOP"", ""qty"": 20912.611782220658, ""price"": 5.7078524999999996, ""fee"": 0.0, ""gross_pnl"": 1594.6702988414643}]",3.3500535896228336,-0.4651455055063265
AVAXUSDT,SHORT,1672243200000,1672358400000,11.272361000000002,19616.088442551067,3178.592930933617,1672228800000,158929.64654668086,2.0,6066.114100781587,0.0,7.5430803527888415,6073.657181134376,1.910800569027384,9,True,STOP,"[{""time_ms"": 1672243200000, ""role"": ""ENTRY"", ""qty"": 19616.088442551067, ""price"": 11.272361000000002, ""fee"": 0.0, ""gross_pnl"": 0.0}, {""time_ms"": 1672344300000, ""role"": ""TP2R"", ""qty"": 9808.044221275533, ""price"": 10.953754940594449, ""fee"": 0.0, ""gross_pnl"": 3124.9023198160066}, {""time_ms"": 1672358400000, ""role"": ""STOP"", ""qty"": 9808.044221275533, ""price"": 10.9724835, ""fee"": 0.0, ""gross_pnl"": 2941.21178096558}]",4.204891260920073,-0.5655328530095626
XRPUSDT,SHORT,1672632000000,1672643400000,0.32793595000000003,484481.6681416908,3339.4205172906204,1672617600000,166971.02586453102,2.0,-3420.529705599072,0.0,0.0,-3420.529705599072,-1.02428840210105,1,False,STOP,"[{""time_ms"": 1672632000000, ""role"": ""ENTRY"", ""qty"": 484481.6681416908, ""price"": 0.32793595000000003, ""fee"": 0.0, ""gross_pnl"": 0.0}, {""time_ms"": 1672643400000, ""role"": ""STOP"", ""qty"": 484481.6681416908, ""price"": 0.3349961339667517, ""fee"": 0.0, ""gross_pnl"": -3420.529705599072}]",0.2808667793057373,-1.3005004535424747
SOLUSDT,LONG,1676851200000,1677024000000,24.863425499999998,2821.561809146393,3271.00992317864,1676836800000,163550.49615893196,2.0,302.14130320883146,0.0,-57.210724175403364,244.9305790334281,0.07487919168261468,12,False,BB_MID,"[{""time_ms"": 1676851200000, ""role"": ""ENTRY"", ""qty"": 2821.561809146393, ""price"": 24.863425499999998, ""fee"": 0.0, ""gross_pnl"": 0.0}, {""time_ms"": 1677024000000, ""role"": ""BB_MID"", ""qty"": 2821.561809146393, ""price"": 24.9705085, ""fee"": 0.0, ""gross_pnl"": 302.14130320883146}]",1.972391229158513,-0.6585281871707857
ADAUSDT,SHORT,1677614400000,1677646200000,0.3542228,484679.81510874734,3275.9085347593077,1677600000000,163795.42673796538,2.0,-3363.3888096323526,0.0,-27.533696752855505,-3390.922506385208,-1.0351090301836987,3,False,STOP,"[{""time_ms"": 1677614400000, ""role"": ""ENTRY"", ""qty"": 484679.81510874734, ""price"": 0.3542228, ""fee"": 0.0, ""gross_pnl"": 0.0}, {""time_ms"": 1677646200000, ""role"": ""STOP"", ""qty"": 484679.81510874734, ""price"": 0.36116220350884576, ""fee"": 0.0, ""gross_pnl"": -3363.3888096323526}]",0.9058853568284592,-1.1210678979814177
AVAXUSDT,SHORT,1677614400000,1677646800000,17.2323795,7988.826043067389,3274.1908294945624,1677600000000,163709.54147472812,2.0,-3344.6611659761,0.0,6.489745923793059,-3338.171420052307,-1.0195408862493276,3,False,STOP,"[{""time_ms"": 1677614400000, ""role"": ""ENTRY"", ""qty"": 7988.826043067389, ""price"": 17.2323795, ""fee"": 0.0, ""gross_pnl"": 0.0}, {""time_ms"": 1677646800000, ""role"": ""STOP"", ""qty"": 7988.826043067389, ""price"": 17.651046917208134, ""fee"": 0.0, ""gross_pnl"": -3344.6611659761}]",0.8109857195439139,-1.17268472339616
SOLUSDT,SHORT,1677816000000,1677851700000,20.8385755,5589.3706230782445,3141.3266562305566,1677801600000,157066.33281152783,2.0,-3201.1345804219172,0.0,3.091281521153847,-3198.0432989007636,-1.0180549967822399,3,False,STOP,"[{""time_ms"": 1677816000000, ""role"": ""ENTRY"", ""qty"": 5589.3706230782445, ""price"": 20.8385755, ""fee"": 0.0, ""gross_pnl"": 0.0}, {""time_ms"": 1677851700000, ""role"": ""STOP"", ""qty"": 5589.3706230782445, ""price"": 21.411293753322582, ""fee"": 0.0, ""gross_pnl"": -3201.1345804219172}]",0.06329957892374218,-1.027412902425886
XRPUSDT,SHORT,1677816000000,1677873000000,0.36401790000000006,460224.5708894813,3132.297643202948,1677801600000,156896.42712971428,2.0,-3217.628782936341,0.0,23.903857110942763,-3193.7249258253983,-1.0196109340872335,4,False,STOP,"[{""time_ms"": 1677816000000, ""role"": ""ENTRY"", ""qty"": 460224.5708894813, ""price"": 0.36401790000000006, ""fee"": 0.0, ""gross_pnl"": 0.0}, {""time_ms"": 1677873000000, ""role"": ""STOP"", ""qty"": 460224.5708894813, ""price"": 0.3710093319800823, ""fee"": 0.0, ""gross_pnl"": -3217.628782936341}]",0.10548014814573425,-1.05525696057587
BNBUSDT,SHORT,1677816000000,1677981300000,289.64510500000006,770.4840591689368,3140.161328349351,1677801600000,157008.06641746755,2.0,-1753.8180439935156,0.0,-115.18131498728773,-1868.9993589808034,-0.5951921457370652,12,False,STOP,"[{""time_ms"": 1677816000000, ""role"": ""ENTRY"", ""qty"": 770.4840591689368, ""price"": 289.64510500000006, ""fee"": 0.0, ""gross_pnl"": 0.0}, {""time_ms"": 1677981300000, ""role"": ""STOP"", ""qty"": 770.4840591689368, ""price"": 291.92135980777016, ""fee"": 0.0, ""gross_pnl"": -1753.8180439935156}]",1.0146078982396038,-0.7004898341504384
ADAUSDT,SHORT,1678190400000,1678217400000,0.32573705000000003,537859.9271203678,2976.1113045564166,1678176000000,148805.56522782083,2.0,-3065.19981319538,0.0,-6.726876921941428,-3071.9266901173214,-1.0321948259845697,2,False,STOP,"[{""time_ms"": 1678190400000, ""role"": ""ENTRY"", ""qty"": 537859.9271203678, ""price"": 0.32573705000000003, ""fee"": 0.0, ""gross_pnl"": 0.0}, {""time_ms"": 1678217400000, ""role"": ""STOP"", ""qty"": 537859.9271203678, ""price"": 0.3314359311745208, ""fee"": 0.0, ""gross_pnl"": -3065.19981319538}]",0.9645423273124588,-1.0234408469948801
LINKUSDT,SHORT,1678190400000,1678233900000,6.7995985,25999.842952058614,2974.3584190539314,1678176000000,148717.92095269656,2.0,-3064.2398448319786,0.0,20.096777483705242,-3044.1430673482732,-1.023462084410304,4,False,STOP,"[{""time_ms"": 1678190400000, ""role"": ""ENTRY"", ""qty"": 25999.842952058614, ""price"": 6.7995985, ""fee"": 0.0, ""gross_pnl"": 0.0}, {""time_ms"": 1678233900000, ""role"": ""STOP"", ""qty"": 25999.842952058614, ""price"": 6.9174545905341684, ""fee"": 0.0, ""gross_pnl"": -3064.2398448319786}]",1.1940523121676876,-1.09617566096477
ETHUSDT,SHORT,1678219200000,1678233600000,1549.74474,153.80247361635,2950.3261484526665,1678204800000,148187.36367427596,2.0,-3070.9785987698274,0.0,19.71045430305583,-3051.2681444667714,-1.0342138431261387,2,False,STOP,"[{""time_ms"": 1678219200000, ""role"": ""ENTRY"", ""qty"": 153.80247361635, ""price"": 1549.74474, ""fee"": 0.0, ""gross_pnl"": 0.0}, {""time_ms"": 1678233600000, ""role"": ""STOP"", ""qty"": 153.80247361635, ""price"": 1569.7117699609757, ""fee"": 0.0, ""gross_pnl"": -3070.9785987698274}]",0.40373847147042463,-1.05539893229743
AVAXUSDT,SHORT,1678320000000,1678363200000,15.093449500000002,5998.315808208754,2310.40892250236,1678305600000,155520.19260892377,2.0,-2356.8317653317276,0.0,4.138207082231794,-2352.6935582494957,-1.0183017972858839,4,False,STOP,"[{""time_ms"": 1678320000000, ""role"": ""ENTRY"", ""qty"": 5998.315808208754, ""price"": 15.093449500000002, ""fee"": 0.0, ""gross_pnl"": 0.0}, {""time_ms"": 1678363200000, ""role"": ""STOP"", ""qty"": 5998.315808208754, ""price"": 15.486365085089133, ""fee"": 0.0, ""gross_pnl"": -2356.8317653317276}]",0.05828370442343557,-1.0113564311008796
BTCUSDT,SHORT,1678219200000,1678455600000,22107.44075,12.704204464317133,2966.5572529499586,1678204800000,148327.86264749794,2.0,14684.162753063492,0.0,77.45167253621067,14761.614425599702,4.9760086075941,17,True,STOP,"[{""time_ms"": 1678219200000, ""role"": ""ENTRY"", ""qty"": 12.704204464317133, ""price"": 22107.44075, ""fee"": 0.0, ""gross_pnl"": 0.0}, {""time_ms"": 1678316100000, ""role"": ""TP2R"", ""qty"": 6.3521022321585665, ""price"": 21651.241201598838, ""fee"": 0.0, ""gross_pnl"": 2897.826169708764}, {""time_ms"": 1678455600000, ""role"": ""STOP"", ""qty"": 6.3521022321585665, ""price"": 20251.939035357493, ""fee"": 0.0, ""gross_pnl"": 11786.336583354729}]",11.07379591865148,-0.7235636042429959
BCHUSDT,SHORT,1678248000000,1678455900000,121.36928500000002,1477.6403890032877,2784.198851317504,1678233600000,139209.9425658752,2.0,10726.904470202438,0.0,-243.1686856842585,10483.73578451818,3.7654407405409267,15,True,STOP,"[{""time_ms"": 1678248000000, ""role"": ""ENTRY"", ""qty"": 1477.6403890032877, ""price"": 121.36928500000002, ""fee"": 0.0, ""gross_pnl"": 0.0}, {""time_ms"": 1678287600000, ""role"": ""TP2R"", ""qty"": 738.8201945016439, ""price"": 117.65964640083209, ""fee"": 0.0, ""gross_pnl"": 2740.755911368057}, {""time_ms"": 1678455900000, ""role"": ""STOP"", ""qty"": 738.8201945016439, ""price"": 110.55995870076252, ""fee"": 0.0, ""gross_pnl"": 7986.148558834382}]",8.735333066676317,-0.1436748735528374
ETHUSDT,SHORT,1678262400000,1678455600000,1549.74474,154.35107232728072,2877.9802667968265,1678248000000,143899.01333984133,2.0,12474.78818462037,0.0,59.955920221354184,12534.744104841726,4.355396126045303,14,True,STOP,"[{""time_ms"": 1678262400000, ""role"": ""ENTRY"", ""qty"": 154.35107232728072, ""price"": 1549.74474, ""fee"": 0.0, ""gross_pnl"": 0.0}, {""time_ms"": 1678386600000, ""role"": ""TP2R"", ""qty"": 77.17553616364036, ""price"": 1513.2096123354709, ""fee"": 0.0, ""gross_pnl"": 2819.6180663170926}, {""time_ms"": 1678455600000, ""role"": ""STOP"", ""qty"": 77.17553616364036, ""price"": 1424.6381246364115, ""fee"": 0.0, ""gross_pnl"": 9655.170118303278}]",9.773565113978226,-0.8369371544117108
LINKUSDT,SHORT,1678291200000,1678455900000,6.7086440000000005,9513.689651783274,1267.444315102508,1678276800000,141734.68767513408,2.0,3600.702922524632,0.0,11.794434342551765,3612.4973568671835,2.850221752404967,12,True,STOP,"[{""time_ms"": 1678291200000, ""role"": ""ENTRY"", ""qty"": 9513.689651783274, ""price"": 6.7086440000000005, ""fee"": 0.0, ""gross_pnl"": 0.0}, {""time_ms"": 1678386600000, ""role"": ""TP2R"", ""qty"": 4756.844825891637, ""price"": 6.445418670219501, ""fee"": 0.0, ""gross_pnl"": 1252.1220480099873}, {""time_ms"": 1678455900000, ""role"": ""STOP"", ""qty"": 4756.844825891637, ""price"": 6.214917389089496, ""fee"": 0.0, ""gross_pnl"": 2348.5808745146446}]",6.167423631244592,-0.19032718987035085
ADAUSDT,SHORT,1679947200000,1679967300000,0.33992995000000004,207451.25982630346,1786.7812543946563,1679932800000,178678.12543946563,1.0,-1822.9340932119485,0.0,5.9632822467750914,-1816.9708109651733,-1.0168960562443021,2,False,STOP,"[{""time_ms"": 1679947200000, ""role"": ""ENTRY"", ""qty"": 207451.25982630346, ""price"": 0.33992995000000004, ""fee"": 0.0, ""gross_pnl"": 0.0}, {""time_ms"": 1679967300000, ""role"": ""STOP"", ""qty"": 207451.25982630346, ""price"": 0.34871723861294107, ""fee"": 0.0, ""gross_pnl"": -1822.9340932119485}]",0.2008529617455082,-1.029842373092113
BCHUSDT,SHORT,1679947200000,1679964600000,118.40077,659.2617525969432,1786.4284835273218,1679932800000,178642.84835273217,1.0,-1826.3502473385888,0.0,-20.841160563799246,-1847.1914079023882,-1.0340136338707997,2,False,STOP,"[{""time_ms"": 1679947200000, ""role"": ""ENTRY"", ""qty"": 659.2617525969432, ""price"": 118.40077, ""fee"": 0.0, ""gross_pnl"": 0.0}, {""time_ms"": 1679964600000, ""role"": ""STOP"", ""qty"": 659.2617525969432, ""price"": 121.17106607761148, ""fee"": 0.0, ""gross_pnl"": -1826.3502473385888}]",0.08516312634379516,-1.0477865546175904
LINKUSDT,SHORT,1679976000000,1680030900000,6.811592500000001,10967.569484224157,1750.1396322059807,1679961600000,175013.96322059806,1.0,-1788.368009043062,0.0,8.234230062554696,-1780.1337789805075,-1.0171381449928771,4,False,STOP,"[{""time_ms"": 1679976000000, ""role"": ""ENTRY"", ""qty"": 10967.569484224157, ""price"": 6.811592500000001, ""fee"": 0.0, ""gross_pnl"": 0.0}, {""time_ms"": 1680030900000, ""role"": ""STOP"", ""qty"": 10967.569484224157, ""price"": 6.9746521470453615, ""fee"": 0.0, ""gross_pnl"": -1788.368009043062}]",0.4173140573690203,-1.0177562454053908
SOLUSDT,SHORT,1680494400000,1680509700000,20.015987000000003,4016.348300056608,1732.3382944161756,1680480000000,173233.82944161756,1.0,-1773.40005124408,0.0,1.9197919958765786,-1771.4802592482035,-1.0225948736215056,2,False,STOP,"[{""time_ms"": 1680494400000, ""role"": ""ENTRY"", ""qty"": 4016.348300056608, ""price"": 20.015987000000003, ""fee"": 0.0, ""gross_pnl"": 0.0}, {""time_ms"": 1680509700000, ""role"": ""STOP"", ""qty"": 4016.348300056608, ""price"": 20.457532383705665, ""fee"": 0.0, ""gross_pnl"": -1773.40005124408}]",0.09038960327727903,-1.300683368902276
ETHUSDT,LONG,1680652800000,1680854400000,1870.0445549999997,76.31886856604365,3429.246983647388,1680638400000,171462.34918236936,2.0,-1599.609904842072,0.0,-58.612545587930974,-1658.222450430003,-0.4835529369384464,14,False,BB_MID,"[{""time_ms"": 1680652800000, ""role"": ""ENTRY"", ""qty"": 76.31886856604365, ""price"": 1870.0445549999997, ""fee"": 0.0, ""gross_pnl"": 0.0}, {""time_ms"": 1680854400000, ""role"": ""BB_MID"", ""qty"": 76.31886856604365, ""price"": 1849.0849950000002, ""fee"": 0.0, ""gross_pnl"": -1599.609904842072}]",1.668154782243164,-0.6686501308026002
BCHUSDT,SHORT,1680868800000,1681074600000,123.37828,845.718698717101,1698.0412673193935,1680854400000,169804.12673193935,1.0,-1751.0619471588238,0.0,-34.81023942621346,-1785.8721865850373,-1.0517248437691376,15,False,STOP,"[{""time_ms"": 1680868800000, ""role"": ""ENTRY"", ""qty"": 845.718698717101, ""price"": 123.37828, ""fee"": 0.0, ""gross_pnl"": 0.0}, {""time_ms"": 1681074600000, ""role"": ""STOP"", ""qty"": 845.718698717101, ""price"": 125.44878163348058, ""fee"": 0.0, ""gross_pnl"": -1751.0619471588238}]",0.33782104711235983,-1.0268508716938307
BTCUSDT,LONG,1681113600000,1681603200000,28292.43915,8.991369188185715,3360.365090907087,1681099200000,168018.25454535434,2.0,17738.35880622656,0.0,-299.47217987428496,17438.886626352272,5.189580939743922,34,False,BB_MID,"[{""time_ms"": 1681113600000, ""role"": ""ENTRY"", ""qty"": 8.991369188185715, ""price"": 28292.43915, ""fee"": 0.0, ""gross_pnl"": 0.0}, {""time_ms"": 1681603200000, ""role"": ""BB_MID"", ""qty"": 8.991369188185715, ""price"": 30265.259800000003, ""fee"": 0.0, ""gross_pnl"": 17738.35880622656}]",7.4025200568954155,-0.3714935793142988
LTCUSDT,SHORT,1682971200000,1683014400000,86.086935,2378.1200420175865,3709.1428234341315,1682956800000,185457.14117170658,2.0,-3813.3599275855104,0.0,37.22858745087373,-3776.1313401346365,-1.0180603767202696,4,False,STOP,"[{""time_ms"": 1682971200000, ""role"": ""ENTRY"", ""qty"": 2378.1200420175865, ""price"": 86.086935, ""fee"": 0.0, ""gross_pnl"": 0.0}, {""time_ms"": 1683014400000, ""role"": ""STOP"", ""qty"": 2378.1200420175865, ""price"": 87.6904536871182, ""fee"": 0.0, ""gross_pnl"": -3813.3599275855104}]",0.08138448204968952,-1.0662755240080657
LTCUSDT,SHORT,1683388800000,1683398400000,81.99898000000002,2212.450223700054,3633.6201966314384,1683374400000,181681.00983157192,2.0,-3726.1463375518465,0.0,0.0,-3726.1463375518465,-1.0254638998886523,1,False,STOP,"[{""time_ms"": 1683388800000, ""role"": ""ENTRY"", ""qty"": 2212.450223700054, ""price"": 81.99898000000002, ""fee"": 0.0, ""gross_pnl"": 0.0}, {""time_ms"": 1683398400000, ""role"": ""STOP"", ""qty"": 2212.450223700054, ""price"": 83.68315182797467, ""fee"": 0.0, ""gross_pnl"": -3726.1463375518465}]",0.060267257250736055,-1.2244762545601158
XRPUSDT,SHORT,1683504000000,1683518400000,0.44837570000000004,636949.6501814611,3575.092105070054,1683489600000,178754.60525350273,2.0,6803.861533306081,0.0,0.0,6803.861533306081,1.9031290197131183,2,True,STOP,"[{""time_ms"": 1683504000000, ""role"": ""ENTRY"", ""qty"": 636949.6501814611, ""price"": 0.44837570000000004, ""fee"": 0.0, ""gross_pnl"": 0.0}, {""time_ms"": 1683510000000, ""role"": ""TP2R"", ""qty"": 318474.82509073056, ""price"": 0.4373686087367967, ""fee"": 0.0, ""gross_pnl"": 3505.481464806385}, {""time_ms"": 1683518400000, ""role"": ""STOP"", ""qty"": 318474.82509073056, ""price"": 0.4380189, ""fee"": 0.0, ""gross_pnl"": 3298.380068499696}]",4.912973415034511,-0.4497372248599853
XRPUSDT,SHORT,1683532800000,1683582000000,0.4351823,515216.98970775295,3823.8269413295207,1683518400000,191191.34706647604,2.0,6642.757583200495,0.0,8.009365130128385,6650.766948330624,1.7392960116595113,4,True,STOP,"[{""time_ms"": 1683532800000, ""role"": ""ENTRY"", ""qty"": 515216.98970775295, ""price"": 0.4351823, ""fee"": 0.0, ""gross_pnl"": 0.0}, {""time_ms"": 1683568500000, ""role"": ""TP2R"", ""qty"": 257608.49485387647, ""price"": 0.42054891017994206, ""fee"": 0.0, ""gross_pnl"": 3769.68552615517}, {""time_ms"": 1683582000000, ""role"": ""STOP"", ""qty"": 257608.49485387647, ""price"": 0.42402943775190133, ""fee"": 0.0, ""gross_pnl"": 2873.0720570453254}]",3.8376644892958693,-0.27186202097625894
LTCUSDT,SHORT,1683403200000,1683619200000,83.73811,2107.70603596522,3559.097269880402,1683388800000,177954.86349402007,2.0,8812.451535649314,0.0,37.91892216784803,8850.370457817162,2.486689681879519,16,True,STOP,"[{""time_ms"": 1683403200000, ""role"": ""ENTRY"", ""qty"": 2107.70603596522, ""price"": 83.73811, ""fee"": 0.0, ""gross_pnl"": 0.0}, {""time_ms"": 1683510300000, ""role"": ""TP2R"", ""qty"": 1053.85301798261, ""price"": 80.40106685590422, ""fee"": 0.0, ""gross_pnl"": 3516.7529885435233}, {""time_ms"": 1683619200000, ""role"": ""STOP"", ""qty"": 1053.85301798261, ""price"": 78.71302732078223, ""fee"": 0.0, ""gross_pnl"": 5295.6985471057915}]",5.174729936658053,-0.8657348038764697
SOLUSDT,SHORT,1684267200000,1684285500000,20.4807545,10946.034154465036,4005.1972486694794,1684252800000,200259.86243347396,2.0000000000000004,-4119.291366426903,0.0,6.902691623927841,-4112.3886748029745,-1.0267630829340813,2,False,STOP,"[{""time_ms"": 1684267200000, ""role"": ""ENTRY"", ""qty"": 10946.034154465036, ""price"": 20.4807545, ""fee"": 0.0, ""gross_pnl"": 0.0}, {""time_ms"": 1684285500000, ""role"": ""STOP"", ""qty"": 10946.034154465036, ""price"": 20.857081789710364, ""fee"": 0.0, ""gross_pnl"": -4119.291366426903}]",0.14690876788943605,-1.0692573523572206
BNBUSDT,SHORT,1684324800000,1684345500000,307.80602,1541.149121987222,3922.949475173419,1684310400000,196147.47375867097,2.0,-4162.098438643699,0.0,-8.66958600972288,-4170.768024653422,-1.0631714864155999,2,False,STOP,"[{""time_ms"": 1684324800000, ""role"": ""ENTRY"", ""qty"": 1541.149121987222, ""price"": 307.80602, ""fee"": 0.0, ""gross_pnl"": 0.0}, {""time_ms"": 1684345500000, ""role"": ""STOP"", ""qty"": 1541.149121987222, ""price"": 310.50666614725725, ""fee"": 0.0, ""gross_pnl"": -4162.098438643699}]",0.4266480565331563,-1.0583426928962973
LINKUSDT,SHORT,1684440000000,1684743300000,6.485755500000001,35773.609262126316,3839.534114680351,1684425600000,191976.70573401754,2.0,89.05921745913983,0.0,111.53353007548561,200.59274753462546,0.05224403314132949,22,False,STOP,"[{""time_ms"": 1684440000000, ""role"": ""ENTRY"", ""qty"": 35773.609262126316, ""price"": 6.485755500000001, ""fee"": 0.0, ""gross_pnl"": 0.0}, {""time_ms"": 1684743300000, ""role"": ""STOP"", ""qty"": 35773.609262126316, ""price"": 6.483265977156315, ""fee"": 0.0, ""gross_pnl"": 89.05921745913983}]",1.469835518422321,-0.7010661350376184
DOGEUSDT,SHORT,1684713600000,1684748100000,0.07202397,4935793.177150695,3884.055344490488,1684699200000,194202.7672245244,2.0,-1551.3788785776012,0.0,0.16632858008413315,-1551.212549997517,-0.3993796206323125,3,False,STOP,"[{""time_ms"": 1684713600000, ""role"": ""ENTRY"", ""qty"": 4935793.177150695, ""price"": 0.07202397, ""fee"": 0.0, ""gross_pnl"": 0.0}, {""time_ms"": 1684748100000, ""role"": ""STOP"", ""qty"": 4935793.177150695, ""price"": 0.07233828197031501, ""fee"": 0.0, ""gross_pnl"": -1551.3788785776012}]",1.7714339794134322,-0.4397291906543335
SOLUSDT,SHORT,1684728000000,1684746300000,19.518235999999998,13959.98025856135,3915.0578771848623,1684713600000,195752.8938592431,2.0,-4053.2525007444033,0.0,21.557781487965897,-4031.6947192564376,-1.0297918563991815,2,False,STOP,"[{""time_ms"": 1684728000000, ""role"": ""ENTRY"", ""qty"": 13959.98025856135, ""price"": 19.518235999999998, ""fee"": 0.0, ""gross_pnl"": 0.0}, {""time_ms"": 1684746300000, ""role"": ""STOP"", ""qty"": 13959.98025856135, ""price"": 19.80858401093351, ""fee"": 0.0, ""gross_pnl"": -4053.2525007444033}]",0.007972938545824709,-1.0938329696205207
LINKUSDT,SHORT,1684915200000,1684961700000,6.3298335,46578.38572491527,3731.8878242459655,1684900800000,186594.39121229827,2.0,-1390.7765029444604,0.0,29.187356462232444,-1361.589146482228,-0.36485264579391247,4,False,STOP,"[{""time_ms"": 1684915200000, ""role"": ""ENTRY"", ""qty"": 46578.38572491527, ""price"": 6.3298335, ""fee"": 0.0, ""gross_pnl"": 0.0}, {""time_ms"": 1684961700000, ""role"": ""STOP"", ""qty"": 46578.38572491527, ""price"": 6.359692338628676, ""fee"": 0.0, ""gross_pnl"": -1390.7765029444604}]",1.7577690956762042,-0.5512502974376249
BCHUSDT,SHORT,1684915200000,1685016300000,112.34380000000002,2930.921237384231,3728.9380150780066,1684900800000,186446.90075390032,2.0,4453.022078608348,0.0,-112.105336559332,4340.916742049017,1.164116090022539,8,True,STOP,"[{""time_ms"": 1684915200000, ""role"": ""ENTRY"", ""qty"": 2930.921237384231, ""price"": 112.34380000000002, ""fee"": 0.0, ""gross_pnl"": 0.0}, {""time_ms"": 1684977900000, ""role"": ""TP2R"", ""qty"": 1465.4606186921155, ""price"": 109.85414948996815, ""fee"": 0.0, ""gross_pnl"": 3648.484776758438}, {""time_ms"": 1685016300000, ""role"": ""STOP"", ""qty"": 1465.4606186921155, ""price"": 111.79480039428701, ""fee"": 0.0, ""gross_pnl"": 804.5373018499108}]",2.6282052407246628,-0.6651077440938906
LTCUSDT,SHORT,1684929600000,1685041800000,86.29683000000001,2282.793693234025,3676.4757349850242,1684915200000,185621.69290514995,2.0,4305.4092828807625,0.0,43.92687520370866,4349.336158084471,1.183017778873546,8,True,STOP,"[{""time_ms"": 1684929600000, ""role"": ""ENTRY"", ""qty"": 2282.793693234025, ""price"": 86.29683000000001, ""fee"": 0.0, ""gross_pnl"": 0.0}, {""time_ms"": 1684977900000, ""role"": ""TP2R"", ""qty"": 1141.3968466170124, ""price"": 83.11733592763491, ""fee"": 0.0, ""gross_pnl"": 3629.064508035011}, {""time_ms"": 1685041800000, ""role"": ""STOP"", ""qty"": 1141.3968466170124, ""price"": 85.70427117451318, ""fee"": 0.0, ""gross_pnl"": 676.3447748457518}]",2.376151515417083,-0.23791753910216618
DOGEUSDT,SHORT,1685534400000,1685638500000,0.071254355,4607410.6452376805,3878.4610993189913,1685520000000,193923.05496594956,2.0,-3578.355654921505,0.0,125.05815605865044,-3453.2974988628544,-0.8903782738646546,8,False,STOP,"[{""time_ms"": 1685534400000, ""role"": ""ENTRY"", ""qty"": 4607410.6452376805, ""price"": 0.071254355, ""fee"": 0.0, ""gross_pnl"": 0.0}, {""time_ms"": 1685638500000, ""role"": ""STOP"", ""qty"": 4607410.6452376805, ""price"": 0.07203100720889746, ""fee"": 0.0, ""gross_pnl"": -3578.355654921505}]",1.0149294323212934,-0.9808234412497301
ADAUSDT,SHORT,1685592000000,1685672700000,0.36461760000000004,705302.0432811914,3877.28029629713,1685577600000,193864.0148148565,2.0,-4007.8017055933783,0.0,20.81651297022439,-3986.985192623154,-1.028294290828237,6,False,STOP,"[{""time_ms"": 1685592000000, ""role"": ""ENTRY"", ""qty"": 705302.0432811914, ""price"": 0.36461760000000004, ""fee"": 0.0, ""gross_pnl"": 0.0}, {""time_ms"": 1685672700000, ""role"": ""STOP"", ""qty"": 705302.0432811914, ""price"": 0.37029999060665186, ""fee"": 0.0, ""gross_pnl"": -4007.8017055933783}]",0.7490177318849471,-1.0700461205653586
BNBUSDT,SHORT,1685937600000,1685981400000,301.12935999999996,1836.8511312015894,3729.655445489271,1685923200000,186482.77227446355,2.0,20428.71158087918,0.0,0.0,20428.71158087918,5.477372341615663,4,True,STOP,"[{""time_ms"": 1685937600000, ""role"": ""ENTRY"", ""qty"": 1836.8511312015894, ""price"": 301.12935999999996, ""fee"": 0.0, ""gross_pnl"": 0.0}, {""time_ms"": 1685977200000, ""role"": ""TP2R"", ""qty"": 918.4255656007947, ""price"": 297.2169712812985, ""fee"": 0.0, ""gross_pnl"": 3593.237821823535}, {""time_ms"": 1685981400000, ""role"": ""STOP"", ""qty"": 918.4255656007947, ""price"": 282.79856174086984, ""fee"": 0.0, ""gross_pnl"": 16835.473759055643}]",14.587501638326222,-0.1726898074253974
DOGEUSDT,SHORT,1685980800000,1685980800000,0.06811592500000001,5033493.8528433945,4441.669647376841,1685966400000,222083.48236884203,2.0,4272.459937316406,0.0,0.0,4272.459937316406,0.9619040308050899,1,True,BE_AFTER_TP,"[{""time_ms"": 1685980800000, ""role"": ""ENTRY"", ""qty"": 5033493.8528433945, ""price"": 0.06811592500000001, ""fee"": 0.0, ""gross_pnl"": 0.0}, {""time_ms"": 1685980800000, ""role"": ""TP2R"", ""qty"": 2516746.9264216973, ""price"": 0.06638425497628614, ""fee"": 0.0, ""gross_pnl"": 4358.175209758467}, {""time_ms"": 1685980800000, ""role"": ""BE_AFTER_TP"", ""qty"": 2516746.9264216973, ""price"": 0.06814998296250001, ""fee"": 0.0, ""gross_pnl"": -85.71527244206136}]",6.114897656547779,-0.19726938561294435
LINKUSDT,SHORT,1685980800000,1686044100000,6.078959,49641.82904631707,4438.239321316129,1685966400000,221911.96606580642,2.0,-1621.461882573374,0.0,7.441229037392292,-1614.0206535359816,-0.36366237525410305,5,False,STOP,"[{""time_ms"": 1685980800000, ""role"": ""ENTRY"", ""qty"": 49641.82904631707, ""price"": 6.078959, ""fee"": 0.0, ""gross_pnl"": 0.0}, {""time_ms"": 1686044100000, ""role"": ""STOP"", ""qty"": 49641.82904631707, ""price"": 6.111622217970082, ""fee"": 0.0, ""gross_pnl"": -1621.461882573374}]",1.7332206828601342,-0.9064458170204257
BTCUSDT,SHORT,1685966400000,1686060000000,26746.819900000002,14.275037492252356,3389.325931850375,1685952000000,186904.07244991593,2.0,9051.606630528015,0.0,-4.131167036410742,9047.475463491604,2.669402602585408,7,True,STOP,"[{""time_ms"": 1685966400000, ""role"": ""ENTRY"", ""qty"": 14.275037492252356, ""price"": 26746.819900000002, ""fee"": 0.0, ""gross_pnl"": 0.0}, {""time_ms"": 1685980200000, ""role"": ""TP2R"", ""qty"": 7.137518746126178, ""price"": 26285.0953500803, ""fee"": 0.0, ""gross_pnl"": 3295.5676305985417}, {""time_ms"": 1686060000000, ""role"": ""STOP"", ""qty"": 7.137518746126178, ""price"": 25940.371720364255, ""fee"": 0.0, ""gross_pnl"": 5756.038999929474}]",6.002688415420992,-0.265678430053911
DOGEUSDT,SHORT,1685995200000,1686059400000,0.06654671000000001,3680194.773835324,4479.716079633166,1685980800000,223985.80398165833,1.9999999999999998,-3067.082321876942,0.0,-89.7219212216431,-3156.804243098585,-0.7046884639521817,5,False,STOP,"[{""time_ms"": 1685995200000, ""role"": ""ENTRY"", ""qty"": 3680194.773835324, ""price"": 0.06654671000000001, ""fee"": 0.0, ""gross_pnl"": 0.0}, {""time_ms"": 1686059400000, ""role"": ""STOP"", ""qty"": 3680194.773835324, ""price"": 0.06738011217308135, ""fee"": 0.0, ""gross_pnl"": -3067.082321876942}]",1.1556461834353216,-1.9990064062182764
BTCUSDT,SHORT,1686787200000,1686855300000,25103.342050000003,12.966878043359786,4309.211887190323,1686772800000,215460.59435951614,2.0000000000000004,-3750.9665917144093,0.0,41.688208006231406,-3709.278383708178,-0.8607788339985036,5,False,STOP,"[{""time_ms"": 1686787200000, ""role"": ""ENTRY"", ""qty"": 12.966878043359786, ""price"": 25103.342050000003, ""fee"": 0.0, ""gross_pnl"": 0.0}, {""time_ms"": 1686855300000, ""role"": ""STOP"", ""qty"": 12.966878043359786, ""price"": 25392.614963585802, ""fee"": 0.0, ""gross_pnl"": -3750.9665917144093}]",0.9819980250563072,-0.8505479102875619
BNBUSDT,SHORT,1687953600000,1687989000000,233.24332000000004,536.7406784030095,2117.5131597580794,1687939200000,211751.31597580796,0.9999999999999999,2724.355179093583,0.0,0.0,2724.355179093583,1.2865824075468006,3,True,STOP,"[{""time_ms"": 1687953600000, ""role"": ""ENTRY"", ""qty"": 536.7406784030095, ""price"": 233.24332000000004, ""fee"": 0.0, ""gross_pnl"": 0.0}, {""time_ms"": 1687980600000, ""role"": ""TP2R"", ""qty"": 268.37033920150475, ""price"": 225.46573128398958, ""fee"": 0.0, ""gross_pnl"": 2087.2741218855217}, {""time_ms"": 1687989000000, ""role"": ""STOP"", ""qty"": 268.37033920150475, ""price"": 230.86943226298857, ""fee"": 0.0, ""gross_pnl"": 637.0810572080612}]",3.0527034588833777,-0.8407017755908806
BTCUSDT,LONG,1688443200000,1688497800000,31205.3949,8.437375652737124,4289.513423098031,1688428800000,214475.67115490153,2.0000000000000004,-4419.0144859681295,0.0,-52.1968597130347,-4471.211345681164,-1.0423586324744274,4,False,STOP,"[{""time_ms"": 1688443200000, ""role"": ""ENTRY"", ""qty"": 8.437375652737124, ""price"": 31205.3949, ""fee"": 0.0, ""gross_pnl"": 0.0}, {""time_ms"": 1688497800000, ""role"": ""STOP"", ""qty"": 8.437375652737124, ""price"": 30681.652131176546, ""fee"": 0.0, ""gross_pnl"": -4419.0144859681295}]",0.010435011424447195,-1.0576336778506519
BNBUSDT,SHORT,1688558400000,1688625900000,237.81103500000003,572.0346782687574,2100.0445980922036,1688544000000,210004.45980922037,1.0,-2169.1126998387376,0.0,0.0,-2169.1126998387376,-1.032888873793099,5,False,STOP,"[{""time_ms"": 1688558400000, ""role"": ""ENTRY"", ""qty"": 572.0346782687574, ""price"": 237.81103500000003, ""fee"": 0.0, ""gross_pnl"": 0.0}, {""time_ms"": 1688625900000, ""role"": ""STOP"", ""qty"": 572.0346782687574, ""price"": 241.60296017908792, ""fee"": 0.0, ""gross_pnl"": -2169.1126998387376}]",0.3217041089807849,-1.089284798647199
ADAUSDT,SHORT,1688572800000,1688626200000,0.2822588,326701.68936630915,2101.1945880076614,1688558400000,210119.45880076615,1.0,-2148.3523987008994,0.0,0.7841173780514573,-2147.5682813228477,-1.0220701564623567,4,False,STOP,"[{""time_ms"": 1688572800000, ""role"": ""ENTRY"", ""qty"": 326701.68936630915, ""price"": 0.2822588, ""fee"": 0.0, ""gross_pnl"": 0.0}, {""time_ms"": 1688626200000, ""role"": ""STOP"", ""qty"": 326701.68936630915, ""price"": 0.28883468395966966, ""fee"": 0.0, ""gross_pnl"": -2148.3523987008994}]",0.19572298963716622,-1.1569859473213755
AVAXUSDT,SHORT,1688572800000,1688625600000,12.551721,7597.300708478561,2100.733285222276,1688558400000,210073.32852222762,1.0,-2149.463251287847,0.0,0.2029757937421801,-2149.260275494105,-1.0231000244596469,4,False,STOP,"[{""time_ms"": 1688572800000, ""role"": ""ENTRY"", ""qty"": 7597.300708478561, ""price"": 12.551721, ""fee"": 0.0, ""gross_pnl"": 0.0}, {""time_ms"": 1688625600000, ""role"": ""STOP"", ""qty"": 7597.300708478561, ""price"": 12.83464559832333, ""fee"": 0.0, ""gross_pnl"": -2149.463251287847}]",0.1617334705809296,-1.0244783393192074
DOGEUSDT,SHORT,1688976000000,1689014100000,0.06442777000000001,1968978.231448616,2035.385185525647,1688961600000,203538.5185525647,1.0000000000000002,-2099.8313164337997,0.0,12.75458418037444,-2087.0767322534252,-1.0253964444152268,3,False,STOP,"[{""time_ms"": 1688976000000, ""role"": ""ENTRY"", ""qty"": 1968978.231448616, ""price"": 0.06442777000000001, ""fee"": 0.0, ""gross_pnl"": 0.0}, {""time_ms"": 1689014100000, ""role"": ""STOP"", ""qty"": 1968978.231448616, ""price"": 0.06549422735483268, ""fee"": 0.0, ""gross_pnl"": -2099.8313164337997}]",0.6266357041682468,-1.1339845492954828
BNBUSDT,SHORT,1690200000000,1690396800000,238.610635,1692.6583690967946,4029.0288364062258,1690185600000,201451.44182031127,2.0000000000000004,-1438.0055772145533,0.0,36.33420081727707,-1401.6713763972762,-0.3478931110474566,14,False,STOP,"[{""time_ms"": 1690200000000, ""role"": ""ENTRY"", ""qty"": 1692.6583690967946, ""price"": 238.610635, ""fee"": 0.0, ""gross_pnl"": 0.0}, {""time_ms"": 1690396800000, ""role"": ""STOP"", ""qty"": 1692.6583690967946, ""price"": 239.46018952527723, ""fee"": 0.0, ""gross_pnl"": -1438.0055772145533}]",1.4496660234028256,-0.583694083728085
AVAXUSDT,SHORT,1690819200000,1690880100000,12.886553500000002,23561.864334121972,4000.99540887828,1690804800000,200049.770443914,2.0000000000000004,5668.755527681072,0.0,-22.537757165920482,5646.217770515152,1.411203261564883,5,True,STOP,"[{""time_ms"": 1690819200000, ""role"": ""ENTRY"", ""qty"": 23561.864334121972, ""price"": 12.886553500000002, ""fee"": 0.0, ""gross_pnl"": 0.0}, {""time_ms"": 1690855800000, ""role"": ""TP2R"", ""qty"": 11780.932167060986, ""price"": 12.553210769172864, ""fee"": 0.0, ""gross_pnl"": 3927.088100257376}, {""time_ms"": 1690880100000, ""role"": ""STOP"", ""qty"": 11780.932167060986, ""price"": 12.738715671657918, ""fee"": 0.0, ""gross_pnl"": 1741.6674274236955}]",3.3364338972747154,-0.6327525021794428
BTCUSDT,SHORT,1690862400000,1690905900000,28805.68995,20.372940145161305,4150.2598029512255,1690848000000,207512.99014756127,2.0,-3769.248579413356,0.0,98.84782654552595,-3670.40075286783,-0.8843785514964219,4,False,STOP,"[{""time_ms"": 1690862400000, ""role"": ""ENTRY"", ""qty"": 20.372940145161305, ""price"": 28805.68995, ""fee"": 0.0, ""gross_pnl"": 0.0}, {""time_ms"": 1690905900000, ""role"": ""STOP"", ""qty"": 20.372940145161305, ""price"": 28990.70244954875, ""fee"": 0.0, ""gross_pnl"": -3769.248579413356}]",1.255139748929714,-1.1806241261030166
ETHUSDT,SHORT,1690862400000,1690905900000,1824.7171850000002,164.79027824755974,2403.3380064852468,1690848000000,207219.41506142254,2.0,-2554.887501808087,0.0,39.38021757091711,-2515.50728423717,-1.0466722855666752,4,False,STOP,"[{""time_ms"": 1690862400000, ""role"": ""ENTRY"", ""qty"": 164.79027824755974, ""price"": 1824.7171850000002, ""fee"": 0.0, ""gross_pnl"": 0.0}, {""time_ms"": 1690905900000, ""role"": ""STOP"", ""qty"": 164.79027824755974, ""price"": 1840.221057734349, ""fee"": 0.0, ""gross_pnl"": -2554.887501808087}]",0.9515204150527574,-1.1603508890787728
BTCUSDT,SHORT,1691424000000,1691431200000,28838.773400000002,23.02482729263322,3990.201603546484,1691409600000,199510.08017732418,2.0,-4324.200592781448,0.0,0.0,-4324.200592781448,-1.0837047904893091,1,False,STOP,"[{""time_ms"": 1691424000000, ""role"": ""ENTRY"", ""qty"": 23.02482729263322, ""price"": 28838.773400000002, ""fee"": 0.0, ""gross_pnl"": 0.0}, {""time_ms"": 1691431200000, ""role"": ""STOP"", ""qty"": 23.02482729263322, ""price"": 29026.579394712717, ""fee"": 0.0, ""gross_pnl"": -4324.200592781448}]",0.9029050080299291,-1.1605692366116476
ETHUSDT,SHORT,1691424000000,1691432100000,1816.5112900000001,182.51997992245722,2226.1349055026926,1691409600000,199177.91020390432,2.0,-2393.0227750452495,0.0,0.0,-2393.0227750452495,-1.0749675453765328,1,False,STOP,"[{""time_ms"": 1691424000000, ""role"": ""ENTRY"", ""qty"": 182.51997992245722, ""price"": 1816.5112900000001, ""fee"": 0.0, ""gross_pnl"": 0.0}, {""time_ms"": 1691432100000, ""role"": ""STOP"", ""qty"": 182.51997992245722, ""price"": 1829.6223081803764, ""fee"": 0.0, ""gross_pnl"": -2393.0227750452495}]",1.3537545778760307,-1.0895364321362275
ADAUSDT,SHORT,1691438400000,1691473500000,0.2888555,909781.8232768495,3855.85713618995,1691424000000,192792.8568094975,2.0,-3989.1828064847764,0.0,17.147031943628146,-3972.0357745411484,-1.0301304312498458,3,False,STOP,"[{""time_ms"": 1691438400000, ""role"": ""ENTRY"", ""qty"": 909781.8232768495, ""price"": 0.2888555, ""fee"": 0.0, ""gross_pnl"": 0.0}, {""time_ms"": 1691473500000, ""role"": ""STOP"", ""qty"": 909781.8232768495, ""price"": 0.2932402686383935, ""fee"": 0.0, ""gross_pnl"": -3989.1828064847764}]",0.10747431916320563,-1.0014813341124764
SOLUSDT,LONG,1691553600000,1691812800000,24.308148,5356.284398488017,3776.4164206991263,1691539200000,188820.82103495635,2.0,774.6231715671432,0.0,-94.59938100890825,680.023790558235,0.18007118781470144,18,False,BB_MID,"[{""time_ms"": 1691553600000, ""role"": ""ENTRY"", ""qty"": 5356.284398488017, ""price"": 24.308148, ""fee"": 0.0, ""gross_pnl"": 0.0}, {""time_ms"": 1691812800000, ""role"": ""BB_MID"", ""qty"": 5356.284398488017, ""price"": 24.4527675, ""fee"": 0.0, ""gross_pnl"": 774.6231715671432}]",0.9671055367886888,-0.3065737543716264
ETHUSDT,SHORT,1691971200000,1691990100000,1839.169955,406.28545929519413,3790.0168965102907,1691956800000,189500.84482551453,2.0,-4165.525909903084,0.0,0.0,-4165.525909903084,-1.0990784536445068,2,False,STOP,"[{""time_ms"": 1691971200000, ""role"": ""ENTRY"", ""qty"": 406.28545929519413, ""price"": 1839.169955, ""fee"": 0.0, ""gross_pnl"": 0.0}, {""time_ms"": 1691990100000, ""role"": ""STOP"", ""qty"": 406.28545929519413, ""price"": 1849.422662338159, ""fee"": 0.0, ""gross_pnl"": -4165.525909903084}]",0.5241975609494429,-1.0237538578488548
LTCUSDT,SHORT,1691971200000,1692027000000,81.82906500000001,2420.0864180238755,1865.1921025770876,1691956800000,189127.04392011734,2.0,-1965.1414030314018,0.0,19.890690269738233,-1945.2507127616634,-1.0429224475451944,4,False,STOP,"[{""time_ms"": 1691971200000, ""role"": ""ENTRY"", ""qty"": 2420.0864180238755, ""price"": 81.82906500000001, ""fee"": 0.0, ""gross_pnl"": 0.0}, {""time_ms"": 1692027000000, ""role"": ""STOP"", ""qty"": 2420.0864180238755, ""price"": 82.64107790515736, ""fee"": 0.0, ""gross_pnl"": -1965.1414030314018}]",0.5048117676069691,-1.0262380204135464
BNBUSDT,SHORT,1692100800000,1692126300000,238.49069500000002,2893.3555766819736,3667.801364056996,1692086400000,183390.0682028498,2.0,3324.6160735565472,0.0,0.0,3324.6160735565472,0.9064329672093127,2,True,BE_AFTER_TP,"[{""time_ms"": 1692100800000, ""role"": ""ENTRY"", ""qty"": 2893.3555766819736, ""price"": 238.49069500000002, ""fee"": 0.0, ""gross_pnl"": 0.0}, {""time_ms"": 1692126300000, ""role"": ""TP2R"", ""qty"": 1446.6777883409868, ""price"": 236.07334561001718, ""fee"": 0.0, ""gross_pnl"": 3497.1256691477965}, {""time_ms"": 1692126300000, ""role"": ""BE_AFTER_TP"", ""qty"": 1446.6777883409868, ""price"": 238.60994034750001, ""fee"": 0.0, ""gross_pnl"": -172.50959559124942}]",4.954544180546366,-0.9066325302251874
ETHUSDT,SHORT,1692129600000,1692251400000,1825.94657,156.93614920300772,1614.4547210841658,1692115200000,186391.98283100198,2.0,3425.751968999796,0.0,90.84471449053258,3516.596683490329,2.1781946793334686,9,True,STOP,"[{""time_ms"": 1692129600000, ""role"": ""ENTRY"", ""qty"": 156.93614920300772, ""price"": 1825.94657, ""fee"": 0.0, ""gross_pnl"": 0.0}, {""time_ms"": 1692217500000, ""role"": ""TP2R"", ""qty"": 78.46807460150386, ""price"": 1806.2745861970668, ""fee"": 0.0, ""gross_pnl"": 1543.6226926081422}, {""time_ms"": 1692251400000, ""role"": ""STOP"", ""qty"": 78.46807460150386, ""price"": 1801.9606459672013, ""fee"": 0.0, ""gross_pnl"": 1882.1292763916542}]",4.952358469076364,-0.533999336653637
BTCUSDT,SHORT,1692129600000,1692316800000,29157.813800000004,22.123750216258166,3734.293685528127,1692115200000,186714.68427640633,2.0,31614.63081289794,0.0,317.26897427258547,31931.899787170525,8.550987810872867,14,True,STOP,"[{""time_ms"": 1692129600000, ""role"": ""ENTRY"", ""qty"": 22.123750216258166, ""price"": 29157.813800000004, ""fee"": 0.0, ""gross_pnl"": 0.0}, {""time_ms"": 1692218400000, ""role"": ""TP2R"", ""qty"": 11.061875108129083, ""price"": 28834.641575572794, ""fee"": 0.0, ""gross_pnl"": 3574.890785030055}, {""time_ms"": 1692316800000, ""role"": ""STOP"", ""qty"": 11.061875108129083, ""price"": 26623.004849999998, ""fee"": 0.0, ""gross_pnl"": 28039.740027867883}]",27.115244226754797,-0.5899965025045131
LINKUSDT,SHORT,1693296000000,1693318800000,5.883057000000001,52449.558473025354,4443.263614941343,1693281600000,222163.18074706715,2.0,-4599.767117809621,0.0,0.0,-4599.767117809621,-1.0352226463318548,2,False,STOP,"[{""time_ms"": 1693296000000, ""role"": ""ENTRY"", ""qty"": 52449.558473025354, ""price"": 5.883057000000001, ""fee"": 0.0, ""gross_pnl"": 0.0}, {""time_ms"": 1693318800000, ""role"": ""STOP"", ""qty"": 52449.558473025354, ""price"": 5.970755872053905, ""fee"": 0.0, ""gross_pnl"": -4599.767117809621}]",0.5790829023420968,-2.5136402648639247
AVAXUSDT,SHORT,1693886400000,1693907400000,9.715140000000002,32452.931709330725,4351.268272585151,1693872000000,217563.41362925753,2.0000000000000004,-4511.086294204699,0.0,-12.420725481460735,-4523.50701968616,-1.0395835734115009,2,False,STOP,"[{""time_ms"": 1693886400000, ""role"": ""ENTRY"", ""qty"": 32452.931709330725, ""price"": 9.715140000000002, ""fee"": 0.0, ""gross_pnl"": 0.0}, {""time_ms"": 1693907400000, ""role"": ""STOP"", ""qty"": 32452.931709330725, ""price"": 9.854143968412128, ""fee"": 0.0, ""gross_pnl"": -4511.086294204699}]",0.0,-1.0281970416846369
ADAUSDT,SHORT,1694174400000,1694332800000,0.25337325,1344383.385720876,4260.798132191428,1694160000000,213039.90660957136,2.0000000000000004,6831.986952764759,0.0,-208.5378565055229,6623.449096259236,1.5545090123414607,12,True,STOP,"[{""time_ms"": 1694174400000, ""role"": ""ENTRY"", ""qty"": 1344383.385720876, ""price"": 0.25337325, ""fee"": 0.0, ""gross_pnl"": 0.0}, {""time_ms"": 1694319600000, ""role"": ""TP2R"", ""qty"": 672191.692860438, ""price"": 0.2471581020314823, ""fee"": 0.0, ""gross_pnl"": 4177.770834336016}, {""time_ms"": 1694332800000, ""role"": ""STOP"", ""qty"": 672191.692860438, ""price"": 0.24942464999999997, ""fee"": 0.0, ""gross_pnl"": 2654.216118428742}]",3.9040553462727363,-0.7341450934023028
SOLUSDT,SHORT,1694332800000,1694376900000,18.5057425,12476.359079229911,4394.942888006914,1694318400000,219747.14440034566,2.0000000000000004,4428.276096554659,0.0,-54.38694015860939,4373.889156396049,0.9952095551302118,4,True,STOP,"[{""time_ms"": 1694332800000, ""role"": ""ENTRY"", ""qty"": 12476.359079229911, ""price"": 18.5057425, ""fee"": 0.0, ""gross_pnl"": 0.0}, {""time_ms"": 1694358000000, ""role"": ""TP2R"", ""qty"": 6238.1795396149555, ""price"": 17.81011980113739, ""fee"": 0.0, ""gross_pnl"": 4339.419287336474}, {""time_ms"": 1694376900000, ""role"": ""STOP"", ""qty"": 6238.1795396149555, ""price"": 18.491498471168526, ""fee"": 0.0, ""gross_pnl"": 88.85680921818538}]",2.1936605665776856,-0.1540261318499831
XRPUSDT,SHORT,1694361600000,1694385000000,0.49585195,991060.6644550283,4666.3183654890145,1694347200000,233315.91827445073,2.0,-4914.361206190893,0.0,0.0,-4914.361206190893,-1.053156004643049,2,False,STOP,"[{""time_ms"": 1694361600000, ""role"": ""ENTRY"", ""qty"": 991060.6644550283, ""price"": 0.49585195, ""fee"": 0.0, ""gross_pnl"": 0.0}, {""time_ms"": 1694385000000, ""role"": ""STOP"", ""qty"": 991060.6644550283, ""price"": 0.5008106385873361, ""fee"": 0.0, ""gross_pnl"": -4914.361206190893}]",0.7119072326459002,-1.0933737165001702
LTCUSDT,SHORT,1694332800000,1694436900000,61.719125000000005,2904.095764328382,2249.8168515847556,1694318400000,219463.19493017963,2.0,4340.7396649371785,0.0,0.037215438159180714,4340.776880375338,1.929391220142086,8,True,STOP,"[{""time_ms"": 1694332800000, ""role"": ""ENTRY"", ""qty"": 2904.095764328382, ""price"": 61.719125000000005, ""fee"": 0.0, ""gross_pnl"": 0.0}, {""time_ms"": 1694358000000, ""role"": ""TP2R"", ""qty"": 1452.047882164191, ""price"": 60.19980031054844, ""fee"": 0.0, ""gross_pnl"": 2206.1321976379127}, {""time_ms"": 1694436900000, ""role"": ""STOP"", ""qty"": 1452.047882164191, ""price"": 60.249058142343934, ""fee"": 0.0, ""gross_pnl"": 2134.607467299266}]",4.4263635863683195,-0.05276203451106982
XRPUSDT,SHORT,1694419200000,1694435400000,0.48505735000000005,742501.3451236618,4538.4341840915695,1694404800000,226921.70920457848,2.0,9159.624603454751,0.0,0.0,9159.624603454751,2.0182345346246717,2,True,STOP,"[{""time_ms"": 1694419200000, ""role"": ""ENTRY"", ""qty"": 742501.3451236618, ""price"": 0.48505735000000005, ""fee"": 0.0, ""gross_pnl"": 0.0}, {""time_ms"": 1694427600000, ""role"": ""TP2R"", ""qty"": 371250.6725618309, ""price"": 0.47306904992026594, ""fee"": 0.0, ""gross_pnl"": 4450.664467474341}, {""time_ms"": 1694435400000, ""role"": ""STOP"", ""qty"": 371250.6725618309, ""price"": 0.4723733052722531, ""fee"": 0.0, ""gross_pnl"": 4708.960135980411}]",4.639346890376254,-0.03969826245927736
DOGEUSDT,SHORT,1694332800000,1694487600000,0.062078945,5424233.649656459,4392.632890123394,1694318400000,219631.6445061697,2.0,6923.7098770305,0.0,-46.90626088263157,6876.8036161478685,1.5655311491224326,11,True,STOP,"[{""time_ms"": 1694332800000, ""role"": ""ENTRY"", ""qty"": 5424233.649656459, ""price"": 0.062078945, ""fee"": 0.0, ""gross_pnl"": 0.0}, {""time_ms"": 1694364300000, ""role"": ""TP2R"", ""qty"": 2712116.8248282294, ""price"": 0.06048954203199163, ""fee"": 0.0, ""gross_pnl"": 4310.646530967429}, {""time_ms"": 1694487600000, ""role"": ""STOP"", ""qty"": 2712116.8248282294, ""price"": 0.06111546757080461, ""fee"": 0.0, ""gross_pnl"": 2613.063346063071}]",3.6785440790664325,-0.03834820259366653
AVAXUSDT,SHORT,1695600000000,1695624300000,8.769613,42964.74401906918,4790.001775120276,1695585600000,239500.08875601378,2.0,-3326.61619475856,0.0,0.0,-3326.61619475856,-0.6944916413261725,2,False,STOP,"[{""time_ms"": 1695600000000, ""role"": ""ENTRY"", ""qty"": 42964.74401906918, ""price"": 8.769613, ""fee"": 0.0, ""gross_pnl"": 0.0}, {""time_ms"": 1695624300000, ""role"": ""STOP"", ""qty"": 42964.74401906918, ""price"": 8.847039649936098, ""fee"": 0.0, ""gross_pnl"": -3326.61619475856}]",1.467554918184857,-0.6672269789015344
ETHUSDT,SHORT,1695614400000,1695655200000,1576.2115000000001,367.20132404056966,4784.51345871928,1695600000000,239225.672935964,2.0,-5076.299190332609,0.0,24.98472894858548,-5051.314461384024,-1.0557634553579376,3,False,STOP,"[{""time_ms"": 1695614400000, ""role"": ""ENTRY"", ""qty"": 367.20132404056966, ""price"": 1576.2115000000001, ""fee"": 0.0, ""gross_pnl"": 0.0}, {""time_ms"": 1695655200000, ""role"": ""STOP"", ""qty"": 367.20132404056966, ""price"": 1590.0357943529577, ""fee"": 0.0, ""gross_pnl"": -5076.299190332609}]",1.0139547802339384,-1.0175619311759805
XRPUSDT,SHORT,1695614400000,1695661200000,0.50144915,475712.42654706,2864.096339494979,1695600000000,238936.13469195802,2.0,-1000.171599494009,0.0,32.71838548098383,-967.4532140130252,-0.3377865474258504,4,False,STOP,"[{""time_ms"": 1695614400000, ""role"": ""ENTRY"", ""qty"": 475712.42654706, ""price"": 0.50144915, ""fee"": 0.0, ""gross_pnl"": 0.0}, {""time_ms"": 1695661200000, ""role"": ""STOP"", ""qty"": 475712.42654706, ""price"": 0.503551621038551, ""fee"": 0.0, ""gross_pnl"": -1000.171599494009}]",1.7687718521566522,-0.34063617781657324
BNBUSDT,SHORT,1695643200000,1695657600000,208.16586500000003,1917.8140301629317,3291.9802286693994,1695628800000,242129.6681304136,2.0000000000000004,-3493.2379270327215,0.0,0.0,-3493.2379270327215,-1.0611357554977385,2,False,STOP,"[{""time_ms"": 1695643200000, ""role"": ""ENTRY"", ""qty"": 1917.8140301629317, ""price"": 208.16586500000003, ""fee"": 0.0, ""gross_pnl"": 0.0}, {""time_ms"": 1695657600000, ""role"": ""STOP"", ""qty"": 1917.8140301629317, ""price"": 209.98733354287847, ""fee"": 0.0, ""gross_pnl"": -3493.2379270327215}]",0.20149110974778472,-1.2491120541223368
SOLUSDT,SHORT,1695744000000,1695814200000,19.1474215,17629.2415311411,4533.229339176509,1695729600000,226661.46695882545,2.0,-3198.3973042174725,0.0,37.1441403805912,-3161.2531638368814,-0.6973512538880603,5,False,STOP,"[{""time_ms"": 1695744000000, ""role"": ""ENTRY"", ""qty"": 17629.2415311411, ""price"": 19.1474215, ""fee"": 0.0, ""gross_pnl"": 0.0}, {""time_ms"": 1695814200000, ""role"": ""STOP"", ""qty"": 17629.2415311411, ""price"": 19.328847189730762, ""fee"": 0.0, ""gross_pnl"": -3198.3973042174725}]",1.304418152228716,-1.2700286759424404
DOGEUSDT,SHORT,1696838400000,1696852800000,0.06024986,4814840.526259451,2235.0021379498858,1696824000000,223500.21379498858,1.0,5896.361575600735,0.0,0.0,5896.361575600735,2.6381905750700207,2,True,STOP,"[{""time_ms"": 1696838400000, ""role"": ""ENTRY"", ""qty"": 4814840.526259451, ""price"": 0.06024986, ""fee"": 0.0, ""gross_pnl"": 0.0}, {""time_ms"": 1696844700000, ""role"": ""TP2R"", ""qty"": 2407420.2631297256, ""price"": 0.059351140193887396, ""fee"": 0.0, ""gross_pnl"": 2163.596272111507}, {""time_ms"": 1696852800000, ""role"": ""STOP"", ""qty"": 2407420.2631297256, ""price"": 0.058699335, ""fee"": 0.0, ""gross_pnl"": 3732.7653034892273}]",8.336796839058865,-0.1726447206571224
BNBUSDT,SHORT,1696852800000,1696874400000,206.99645,1282.4566927649587,2293.6059642604673,1696838400000,229360.59642604672,1.0000000000000002,2162.0207759020736,0.0,0.0,2162.0207759020736,0.9426295578190907,2,True,STOP,"[{""time_ms"": 1696852800000, ""role"": ""ENTRY"", ""qty"": 1282.4566927649587, ""price"": 206.99645, ""fee"": 0.0, ""gross_pnl"": 0.0}, {""time_ms"": 1696869600000, ""role"": ""TP2R"", ""qty"": 641.2283463824793, ""price"": 203.52126556041014, ""fee"": 0.0, ""gross_pnl"": 2228.3867715723336}, {""time_ms"": 1696874400000, ""role"": ""STOP"", ""qty"": 641.2283463824793, ""price"": 207.099948225, ""fee"": 0.0, ""gross_pnl"": -66.36599567025986}]",3.112448767869884,-0.723281104416285
ETHUSDT,SHORT,1696852800000,1696881600000,1588.96512,134.10907050314964,2294.6719704400825,1696838400000,229467.19704400824,1.0000000000000002,2671.353712584947,0.0,8.36772660284537,2679.7214391877924,1.1678015305489888,3,True,STOP,"[{""time_ms"": 1696852800000, ""role"": ""ENTRY"", ""qty"": 134.10907050314964, ""price"": 1588.96512, ""fee"": 0.0, ""gross_pnl"": 0.0}, {""time_ms"": 1696869600000, ""role"": ""TP2R"", ""qty"": 67.05453525157482, ""price"": 1555.5215111645134, ""fee"": 0.0, ""gross_pnl"": 2242.545647599019}, {""time_ms"": 1696881600000, ""role"": ""STOP"", ""qty"": 67.05453525157482, ""price"": 1582.5702048257, ""fee"": 0.0, ""gross_pnl"": 428.8080649859279}]",2.610393905653916,-0.46725019497169695
DOGEUSDT,SHORT,1696867200000,1696881900000,0.058730620000000004,3284202.642477989,2299.246076207153,1696852800000,229924.60762071525,1.0000000000000002,-841.3258427088706,0.0,0.0,-841.3258427088706,-0.36591378861749574,2,False,STOP,"[{""time_ms"": 1696867200000, ""role"": ""ENTRY"", ""qty"": 3284202.642477989, ""price"": 0.058730620000000004, ""fee"": 0.0, ""gross_pnl"": 0.0}, {""time_ms"": 1696881900000, ""role"": ""STOP"", ""qty"": 3284202.642477989, ""price"": 0.05898679354782776, ""fee"": 0.0, ""gross_pnl"": -841.3258427088706}]",1.8434989009210674,-0.34192618036484645
BNBUSDT,SHORT,1696881600000,1696916400000,205.95697,1106.1710030332358,2338.014101493362,1696867200000,233801.4101493362,1.0,-2453.094922587397,0.0,0.0,-2453.094922587397,-1.0492216112043675,3,False,STOP,"[{""time_ms"": 1696881600000, ""role"": ""ENTRY"", ""qty"": 1106.1710030332358, ""price"": 205.95697, ""fee"": 0.0, ""gross_pnl"": 0.0}, {""time_ms"": 1696916400000, ""role"": ""STOP"", ""qty"": 1106.1710030332358, ""price"": 208.17461529702982, ""fee"": 0.0, ""gross_pnl"": -2453.094922587397}]",0.5757779325203881,-1.2031689817639803
XRPUSDT,SHORT,1697702400000,1697727000000,0.47936020000000007,402008.428440677,2309.4389682038295,1697688000000,230943.89682038294,1.0,-2406.9471080174176,0.0,0.0,-2406.9471080174176,-1.042221570327717,2,False,STOP,"[{""time_ms"": 1697702400000, ""role"": ""ENTRY"", ""qty"": 402008.428440677, ""price"": 0.47936020000000007, ""fee"": 0.0, ""gross_pnl"": 0.0}, {""time_ms"": 1697727000000, ""role"": ""STOP"", ""qty"": 402008.428440677, ""price"": 0.4853475050855018, ""fee"": 0.0, ""gross_pnl"": -2406.9471080174176}]",0.2541797879446272,-1.0513594598191063
BTCUSDT,LONG,1698926400000,1698932400000,35395.288799999995,6.250855314667763,4570.73899424731,1698912000000,228536.94971236552,2.0,-4679.079039305045,0.0,0.0,-4679.079039305045,-1.0237029603296295,1,False,STOP,"[{""time_ms"": 1698926400000, ""role"": ""ENTRY"", ""qty"": 6.250855314667763, ""price"": 35395.288799999995, ""fee"": 0.0, ""gross_pnl"": 0.0}, {""time_ms"": 1698932400000, ""role"": ""STOP"", ""qty"": 6.250855314667763, ""price"": 34646.738593066635, ""fee"": 0.0, ""gross_pnl"": -4679.079039305045}]",0.09943844781509983,-1.163385748628595
BTCUSDT,LONG,1699502400000,1699547700000,36473.72775,5.873158985004523,4477.157413461209,1699488000000,223857.87067306048,2.0,-4582.0268356802535,0.0,-65.14410518452792,-4647.170940864781,-1.0379735425188317,4,False,STOP,"[{""time_ms"": 1699502400000, ""role"": ""ENTRY"", ""qty"": 5.873158985004523, ""price"": 36473.72775, ""fee"": 0.0, ""gross_pnl"": 0.0}, {""time_ms"": 1699547700000, ""role"": ""STOP"", ""qty"": 5.873158985004523, ""price"": 35693.56381311711, ""fee"": 0.0, ""gross_pnl"": -4582.0268356802535}]",2.6579435691662785,-1.5344551040948422
BCHUSDT,SHORT,1700611200000,1700678100000,215.961965,375.38970873497226,2192.106997321957,1700596800000,219210.6997321957,1.0,-2233.738000390213,0.0,-36.76271998700692,-2270.50072037722,-1.035761814159179,5,False,STOP,"[{""time_ms"": 1700611200000, ""role"": ""ENTRY"", ""qty"": 375.38970873497226, ""price"": 215.961965, ""fee"": 0.0, ""gross_pnl"": 0.0}, {""time_ms"": 1700678100000, ""role"": ""STOP"", ""qty"": 375.38970873497226, ""price"": 221.91241582060906, ""fee"": 0.0, ""gross_pnl"": -2233.738000390213}]",0.15617042240397613,-1.008302854911554
BCHUSDT,SHORT,1701086400000,1701086400000,222.26881,670.1331847635146,2169.4019901181846,1701072000000,216940.19901181848,0.9999999999999999,-2244.961543872685,0.0,0.0,-2244.961543872685,-1.0348296692354302,1,False,STOP,"[{""time_ms"": 1701086400000, ""role"": ""ENTRY"", ""qty"": 670.1331847635146, ""price"": 222.26881, ""fee"": 0.0, ""gross_pnl"": 0.0}, {""time_ms"": 1701086400000, ""role"": ""STOP"", ""qty"": 670.1331847635146, ""price"": 225.6188329430735, ""fee"": 0.0, ""gross_pnl"": -2244.961543872685}]",0.042878723169217814,-1.6344605665710175
BCHUSDT,SHORT,1701115200000,1701154200000,220.839525,585.4494164866105,2146.952374679458,1701100800000,214695.2374679458,1.0,-2212.6710363910133,0.0,13.062215249340788,-2199.6088211416727,-1.0245261362493316,3,False,STOP,"[{""time_ms"": 1701115200000, ""role"": ""ENTRY"", ""qty"": 585.4494164866105, ""price"": 220.839525, ""fee"": 0.0, ""gross_pnl"": 0.0}, {""time_ms"": 1701154200000, ""role"": ""STOP"", ""qty"": 585.4494164866105, ""price"": 224.61896516012462, ""fee"": 0.0, ""gross_pnl"": -2212.6710363910133}]",0.3925420429476067,-1.0499805997246856
XRPUSDT,SHORT,1705608000000,1705694100000,0.54642665,491870.99577420007,4384.686349696596,1705593600000,219234.3174848298,2.0,4252.492982644912,0.0,80.57255557204687,4333.065538216959,0.988227023015407,6,True,STOP,"[{""time_ms"": 1705608000000, ""role"": ""ENTRY"", ""qty"": 491870.99577420007, ""price"": 0.54642665, ""fee"": 0.0, ""gross_pnl"": 0.0}, {""time_ms"": 1705681800000, ""role"": ""TP2R"", ""qty"": 245935.49788710003, ""price"": 0.5288623460468506, ""fee"": 0.0, ""gross_pnl"": 4319.685837758169}, {""time_ms"": 1705694100000, ""role"": ""STOP"", ""qty"": 245935.49788710003, ""price"": 0.546699863325, ""fee"": 0.0, ""gross_pnl"": -67.19285511325666}]",2.796253866063506,-0.838355087023145
BTCUSDT,SHORT,1705636800000,1705690200000,41029.275100000006,3.438468391158514,2275.456621398178,1705622400000,219451.6091420919,2.0,-2347.1332824806154,0.0,28.257023776385463,-2318.87625870423,-1.019081724915227,4,False,STOP,"[{""time_ms"": 1705636800000, ""role"": ""ENTRY"", ""qty"": 3.438468391158514, ""price"": 41029.275100000006, ""fee"": 0.0, ""gross_pnl"": 0.0}, {""time_ms"": 1705690200000, ""role"": ""STOP"", ""qty"": 3.438468391158514, ""price"": 41711.88520876701, ""fee"": 0.0, ""gross_pnl"": -2347.1332824806154}]",1.1020159014361572,-1.4487401049381416
ADAUSDT,SHORT,1705579200000,1705694400000,0.51704135,378719.0209337307,4249.912572936082,1705564800000,212495.6286468041,2.0,7799.485215325394,0.0,57.437706235200295,7856.922921560595,1.848725776524053,9,True,STOP,"[{""time_ms"": 1705579200000, ""role"": ""ENTRY"", ""qty"": 378719.0209337307, ""price"": 0.51704135, ""fee"": 0.0, ""gross_pnl"": 0.0}, {""time_ms"": 1705627500000, ""role"": ""TP2R"", ""qty"": 189359.51046686535, ""price"": 0.49484503057354867, ""fee"": 0.0, ""gross_pnl"": 4203.084180758989}, {""time_ms"": 1705694400000, ""role"": ""STOP"", ""qty"": 189359.51046686535, ""price"": 0.4980489, ""fee"": 0.0, ""gross_pnl"": 3596.401034566405}]",4.102845575108131,-0.5755444524035933
DOGEUSDT,SHORT,1705608000000,1705694400000,0.077511225,3101454.4605885274,4381.997290962699,1705593600000,219099.86454813494,2.0,-2971.162358699178,0.0,72.46345822188817,-2898.69890047729,-0.6615017554792836,7,False,STOP,"[{""time_ms"": 1705608000000, ""role"": ""ENTRY"", ""qty"": 3101454.4605885274, ""price"": 0.077511225, ""fee"": 0.0, ""gross_pnl"": 0.0}, {""time_ms"": 1705694400000, ""role"": ""STOP"", ""qty"": 3101454.4605885274, ""price"": 0.078469215, ""fee"": 0.0, ""gross_pnl"": -2971.162358699178}]",1.926006534034364,-0.8130706413969085
AVAXUSDT,SHORT,1705924800000,1706031000000,31.180402000000004,5422.695653781902,4386.413788892983,1705910400000,219320.68944464915,1.9999999999999998,9150.761611138447,0.0,40.44099532677695,9191.202606465224,2.095379745006876,8,True,STOP,"[{""time_ms"": 1705924800000, ""role"": ""ENTRY"", ""qty"": 5422.695653781902, ""price"": 31.180402000000004, ""fee"": 0.0, ""gross_pnl"": 0.0}, {""time_ms"": 1705952400000, ""role"": ""TP2R"", ""qty"": 2711.347826890951, ""price"": 29.577385044713544, ""fee"": 0.0, ""gross_pnl"": 4346.336538185292}, {""time_ms"": 1706031000000, ""role"": ""STOP"", ""qty"": 2711.347826890951, ""price"": 29.40843271398542, ""fee"": 0.0, ""gross_pnl"": 4804.425072953155}]",4.914583116171638,-0.5780671328221898
XRPUSDT,SHORT,1705924800000,1706050200000,0.5309344,554791.0495144172,4389.360838948003,1705910400000,219468.04194740017,2.0,8267.723078423383,0.0,101.73979239270405,8369.462870816087,1.9067611841231067,9,True,STOP,"[{""time_ms"": 1705924800000, ""role"": ""ENTRY"", ""qty"": 554791.0495144172, ""price"": 0.5309344, ""fee"": 0.0, ""gross_pnl"": 0.0}, {""time_ms"": 1705997700000, ""role"": ""TP2R"", ""qty"": 277395.5247572086, ""price"": 0.5153684815883857, ""fee"": 0.0, ""gross_pnl"": 4317.916106117662}, {""time_ms"": 1706050200000, ""role"": ""STOP"", ""qty"": 277395.5247572086, ""price"": 0.5166955005953943, ""fee"": 0.0, ""gross_pnl"": 3949.806972305721}]",4.440794768363371,-0.6023456085236162
BTCUSDT,SHORT,1705939200000,1706053800000,40754.6125,8.854960326763397,4474.114473445245,1705924800000,223705.72367226222,2.0,8245.661781174982,0.0,52.48692757466457,8298.148708749646,1.854701921017176,8,True,STOP,"[{""time_ms"": 1705939200000, ""role"": ""ENTRY"", ""qty"": 8.854960326763397, ""price"": 40754.6125, ""fee"": 0.0, ""gross_pnl"": 0.0}, {""time_ms"": 1705951800000, ""role"": ""TP2R"", ""qty"": 4.4274801633816985, ""price"": 39763.95161624195, ""fee"": 0.0, ""gross_pnl"": 4386.1314114769475}, {""time_ms"": 1706053800000, ""role"": ""STOP"", ""qty"": 4.4274801633816985, ""price"": 39882.89083727659, ""fee"": 0.0, ""gross_pnl"": 3859.530369698034}]",4.373162810461999,-0.24835905308185496
ADAUSDT,SHORT,1705953600000,1706049600000,0.4819589,413704.40980013635,4778.592295771402,1705939200000,238929.6147885701,2.0,6410.1569776763345,0.0,49.12590974159532,6459.2828874179295,1.3517124892897388,7,True,STOP,"[{""time_ms"": 1705953600000, ""role"": ""ENTRY"", ""qty"": 413704.40980013635, ""price"": 0.4819589, ""fee"": 0.0, ""gross_pnl"": 0.0}, {""time_ms"": 1706001900000, ""role"": ""TP2R"", ""qty"": 206852.20490006817, ""price"": 0.45908684763953894, ""fee"": 0.0, ""gross_pnl"": 4731.134461351184}, {""time_ms"": 1706049600000, ""role"": ""STOP"", ""qty"": 206852.20490006817, ""price"": 0.4738418846791515, ""fee"": 0.0, ""gross_pnl"": 1679.0225163251505}]",2.9919207253762923,-0.6442097783667148
BCHUSDT,SHORT,1706040000000,1706048400000,223.957965,1006.3124371962434,5195.287706094701,1706025600000,259764.38530473504,2.0000000000000004,-5310.5711927420725,0.0,0.0,-5310.5711927420725,-1.02219001009552,1,False,STOP,"[{""time_ms"": 1706040000000, ""role"": ""ENTRY"", ""qty"": 1006.3124371962434, ""price"": 223.957965, ""fee"": 0.0, ""gross_pnl"": 0.0}, {""time_ms"": 1706048400000, ""role"": ""STOP"", ""qty"": 1006.3124371962434, ""price"": 229.23522382782312, ""fee"": 0.0, ""gross_pnl"": -5310.5711927420725}]",0.16812234932174788,-1.0986570306811694
XRPUSDT,SHORT,1706644800000,1706716800000,0.51404285,316847.95859507436,2464.7556782810702,1706630400000,246475.567828107,1.0,3278.9610752486847,0.0,27.070177514966616,3306.031252763651,1.341322096098908,6,True,STOP,"[{""time_ms"": 1706644800000, ""role"": ""ENTRY"", ""qty"": 316847.95859507436, ""price"": 0.51404285, ""fee"": 0.0, ""gross_pnl"": 0.0}, {""time_ms"": 1706709900000, ""role"": ""TP2R"", ""qty"": 158423.97929753718, ""price"": 0.4987341214226672, ""fee"": 0.0, ""gross_pnl"": 2425.269699206994}, {""time_ms"": 1706716800000, ""role"": ""STOP"", ""qty"": 158423.97929753718, ""price"": 0.5086542, ""fee"": 0.0, ""gross_pnl"": 853.6913760416905}]",3.8620524446936857,-0.29015994406456325
LTCUSDT,SHORT,1706745600000,1706816700000,66.68664,4740.002853830948,4991.392242181178,1706731200000,249569.6121090589,2.0,-4699.731369566671,0.0,63.14631801873589,-4636.585051547935,-0.9289161874246541,5,False,STOP,"[{""time_ms"": 1706745600000, ""role"": ""ENTRY"", ""qty"": 4740.002853830948, ""price"": 66.68664, ""fee"": 0.0, ""gross_pnl"": 0.0}, {""time_ms"": 1706816700000, ""role"": ""STOP"", ""qty"": 4740.002853830948, ""price"": 67.67814391138863, ""fee"": 0.0, ""gross_pnl"": -4699.731369566671}]",1.0034227671282545,-0.9813152546180851
AVAXUSDT,SHORT,1706745600000,1706832900000,33.156413500000006,4659.927304940558,4977.664913032713,1706731200000,249411.4856138551,2.0000000000000004,-4777.93374237106,0.0,46.85137409607879,-4731.0823682749815,-0.9504622048559115,7,False,STOP,"[{""time_ms"": 1706745600000, ""role"": ""ENTRY"", ""qty"": 4659.927304940558, ""price"": 33.156413500000006, ""fee"": 0.0, ""gross_pnl"": 0.0}, {""time_ms"": 1706832900000, ""role"": ""STOP"", ""qty"": 4659.927304940558, ""price"": 34.18173716487894, ""fee"": 0.0, ""gross_pnl"": -4777.93374237106}]",0.8757035650686866,-0.9816524310723328
BNBUSDT,SHORT,1706745600000,1706859600000,300.379735,1410.7541464196336,4995.631981617413,1706731200000,249781.59908087063,2.0,-4305.957526285897,0.0,0.0,-4305.957526285897,-0.8619445031440801,8,False,STOP,"[{""time_ms"": 1706745600000, ""role"": ""ENTRY"", ""qty"": 1410.7541464196336, ""price"": 300.379735, ""fee"": 0.0, ""gross_pnl"": 0.0}, {""time_ms"": 1706859600000, ""role"": ""STOP"", ""qty"": 1410.7541464196336, ""price"": 303.4319730793379, ""fee"": 0.0, ""gross_pnl"": -4305.957526285897}]",1.1266913205530416,-0.943282594921006
DOGEUSDT,SHORT,1707105600000,1707129000000,0.078150905,4859217.888575504,4722.159482695237,1707091200000,236107.97413476184,2.0,-4914.3967002287245,0.0,38.250286016628245,-4876.146414212097,-1.0326094305118576,2,False,STOP,"[{""time_ms"": 1707105600000, ""role"": ""ENTRY"", ""qty"": 4859217.888575504, ""price"": 0.078150905, ""fee"": 0.0, ""gross_pnl"": 0.0}, {""time_ms"": 1707129000000, ""role"": ""STOP"", ""qty"": 4859217.888575504, ""price"": 0.07916226049236905, ""fee"": 0.0, ""gross_pnl"": -4914.3967002287245}]",0.23760690647431004,-1.0486737418134418
BTCUSDT,LONG,1707393600000,1708171200000,44700.23895,6.7845134523462605,4624.636554410996,1707379200000,231231.82772054977,2.0000000000000004,47475.30590652746,0.0,-860.3903522762992,46614.91555425116,10.0796927511611,54,False,BB_MID,"[{""time_ms"": 1707393600000, ""role"": ""ENTRY"", ""qty"": 6.7845134523462605, ""price"": 44700.23895, ""fee"": 0.0, ""gross_pnl"": 0.0}, {""time_ms"": 1708171200000, ""role"": ""BB_MID"", ""qty"": 6.7845134523462605, ""price"": 51697.83815, ""fee"": 0.0, ""gross_pnl"": 47475.30590652746}]",11.969205243903458,-0.17580818704867635
SOLUSDT,LONG,1711425600000,1711548300000,191.88789599999998,622.8285386766738,5556.934865496018,1711411200000,277846.7432748009,2.0,-5613.913026990968,0.0,-140.17970360231894,-5754.092730593287,-1.0354796069900796,9,False,STOP,"[{""time_ms"": 1711425600000, ""role"": ""ENTRY"", ""qty"": 622.8285386766738, ""price"": 191.88789599999998, ""fee"": 0.0, ""gross_pnl"": 0.0}, {""time_ms"": 1711548300000, ""role"": ""STOP"", ""qty"": 622.8285386766738, ""price"": 182.87431894247004, ""fee"": 0.0, ""gross_pnl"": -5613.913026990968}]",0.5514517010959662,-1.0431290946539404
ETHUSDT,LONG,1711900800000,1711950300000,3622.85052,64.5776418367878,5441.853010884152,1711886400000,272092.6505442076,2.0,-5556.109656033071,0.0,-143.52003126124885,-5699.629687294319,-1.0473692832008863,4,False,STOP,"[{""time_ms"": 1711900800000, ""role"": ""ENTRY"", ""qty"": 64.5776418367878, ""price"": 3622.85052, ""fee"": 0.0, ""gross_pnl"": 0.0}, {""time_ms"": 1711950300000, ""role"": ""STOP"", ""qty"": 64.5776418367878, ""price"": 3536.8128528136467, ""fee"": 0.0, ""gross_pnl"": -5556.109656033071}]",0.4536634234899213,-1.1374435395534856
LINKUSDT,SHORT,1711972800000,1712040300000,18.360815000000002,7355.844175527991,2663.930208569133,1711958400000,266393.0208569133,1.0,3251.798122992269,0.0,38.30180969666578,3290.0999326889346,1.2350548532035808,5,True,STOP,"[{""time_ms"": 1711972800000, ""role"": ""ENTRY"", ""qty"": 7355.844175527991, ""price"": 18.360815000000002, ""fee"": 0.0, ""gross_pnl"": 0.0}, {""time_ms"": 1712025300000, ""role"": ""TP2R"", ""qty"": 3677.9220877639955, ""price"": 17.64533019978926, ""fee"": 0.0, ""gross_pnl"": 2631.497350154498}, {""time_ms"": 1712040300000, ""role"": ""STOP"", ""qty"": 3677.9220877639955, ""price"": 18.192159776198107, ""fee"": 0.0, ""gross_pnl"": 620.3007728377712}]",2.827034875141613,-0.6024688095337208
XRPUSDT,SHORT,1712937600000,1712952000000,0.5935031000000001,238840.91118060975,2696.831207896022,1712923200000,269683.1207896022,1.0,9449.991069631275,0.0,0.0,9449.991069631275,3.5041092086010983,2,True,STOP,"[{""time_ms"": 1712937600000, ""role"": ""ENTRY"", ""qty"": 238840.91118060975, ""price"": 0.5935031000000001, ""fee"": 0.0, ""gross_pnl"": 0.0}, {""time_ms"": 1712942700000, ""role"": ""TP2R"", ""qty"": 119420.45559030487, ""price"": 0.5712059030496142, ""fee"": 0.0, ""gross_pnl"": 2662.7414182018406}, {""time_ms"": 1712952000000, ""role"": ""STOP"", ""qty"": 119420.45559030487, ""price"": 0.5366681999999999, ""fee"": 0.0, ""gross_pnl"": 6787.249651429434}]",9.104606177910274,-0.3716923095516686
XRPUSDT,SHORT,1712966400000,1713052800000,0.54662655,311930.84759643173,5582.66223718467,1712952000000,279133.11185923347,2.0,16115.293321903824,0.0,36.67033715558827,16151.963659059413,2.8932367699903745,7,True,STOP,"[{""time_ms"": 1712966400000, ""role"": ""ENTRY"", ""qty"": 311930.84759643173, ""price"": 0.54662655, ""fee"": 0.0, ""gross_pnl"": 0.0}, {""time_ms"": 1713037800000, ""role"": ""TP2R"", ""qty"": 155965.42379821587, ""price"": 0.5110877362517081, ""fee"": 0.0, ""gross_pnl"": 5542.826147538211}, {""time_ms"": 1713052800000, ""role"": ""STOP"", ""qty"": 155965.42379821587, ""price"": 0.4788393, ""fee"": 0.0, ""gross_pnl"": 10572.467174365613}]",7.63958606457694,-0.1437913320996203
DOGEUSDT,SHORT,1714003200000,1714240800000,0.15123434500000002,1224315.8250667865,5905.701510365857,1713988800000,295285.07551829284,2.0,7071.84065333541,0.0,56.266546695910655,7128.107200031321,1.2069873811806882,17,True,STOP,"[{""time_ms"": 1714003200000, ""role"": ""ENTRY"", ""qty"": 1224315.8250667865, ""price"": 0.15123434500000002, ""fee"": 0.0, ""gross_pnl"": 0.0}, {""time_ms"": 1714180500000, ""role"": ""TP2R"", ""qty"": 612157.9125333932, ""price"": 0.1416577887052515, ""fee"": 0.0, ""gross_pnl"": 5862.364710651779}, {""time_ms"": 1714240800000, ""role"": ""STOP"", ""qty"": 612157.9125333932, ""price"": 0.14925858691875876, ""fee"": 0.0, ""gross_pnl"": 1209.4759426836308}]",2.0284005888863517,-0.639689669477117
XRPUSDT,SHORT,1714348800000,1714410000000,0.50964505,710851.4048815304,6048.263654366484,1714334400000,302413.1827183242,2.0,-4613.25062974771,0.0,-4.679691185644195,-4617.930320933355,-0.7635133957163864,5,False,STOP,"[{""time_ms"": 1714348800000, ""role"": ""ENTRY"", ""qty"": 710851.4048815304, ""price"": 0.50964505, ""fee"": 0.0, ""gross_pnl"": 0.0}, {""time_ms"": 1714410000000, ""role"": ""STOP"", ""qty"": 710851.4048815304, ""price"": 0.5161348038333157, ""fee"": 0.0, ""gross_pnl"": -4613.25062974771}]",1.3451347917953111,-0.8174140978149169
BCHUSDT,SHORT,1714363200000,1714429800000,459.1703,569.3101229372116,6139.893111307119,1714348800000,306994.65556535596,2.0,-5226.967155502846,0.0,-66.48018488748794,-5293.447340390334,-0.8621399826394395,5,False,STOP,"[{""time_ms"": 1714363200000, ""role"": ""ENTRY"", ""qty"": 569.3101229372116, ""price"": 459.1703, ""fee"": 0.0, ""gross_pnl"": 0.0}, {""time_ms"": 1714429800000, ""role"": ""STOP"", ""qty"": 569.3101229372116, ""price"": 468.35152995694443, ""fee"": 0.0, ""gross_pnl"": -5226.967155502846}]",1.165557593368933,-0.8558066966991432
DOGEUSDT,SHORT,1714377600000,1714437600000,0.14138927,1762718.8104471837,6188.895176997896,1714363200000,309444.7588498948,2.0,-6316.60438749855,0.0,31.938022598391093,-6284.666364900158,-1.0154746825020098,5,False,STOP,"[{""time_ms"": 1714377600000, ""role"": ""ENTRY"", ""qty"": 1762718.8104471837, ""price"": 0.14138927, ""fee"": 0.0, ""gross_pnl"": 0.0}, {""time_ms"": 1714437600000, ""role"": ""STOP"", ""qty"": 1762718.8104471837, ""price"": 0.14497271413757978, ""fee"": 0.0, ""gross_pnl"": -6316.60438749855}]",0.5580385488804104,-1.051192338732982
ADAUSDT,SHORT,1714478400000,1714515900000,0.43128425000000004,527508.6428332324,5711.6940101767905,1714464000000,285947.4266338929,2.0,-5828.302941878303,0.0,-15.501365813245512,-5843.804307691548,-1.023129792541297,3,False,STOP,"[{""time_ms"": 1714478400000, ""role"": ""ENTRY"", ""qty"": 527508.6428332324, ""price"": 0.43128425000000004, ""fee"": 0.0, ""gross_pnl"": 0.0}, {""time_ms"": 1714515900000, ""role"": ""STOP"", ""qty"": 527508.6428332324, ""price"": 0.4423329845014381, ""fee"": 0.0, ""gross_pnl"": -5828.302941878303}]",0.5803875667741099,-1.0727830494898047
LINKUSDT,SHORT,1714507200000,1714515900000,12.8745595,12063.321405313016,3995.663370070579,1714492800000,304838.9596863858,2.0,-4075.316176355763,0.0,0.0,-4075.316176355763,-1.019934814049107,1,False,STOP,"[{""time_ms"": 1714507200000, ""role"": ""ENTRY"", ""qty"": 12063.321405313016, ""price"": 12.8745595, ""fee"": 0.0, ""gross_pnl"": 0.0}, {""time_ms"": 1714515900000, ""role"": ""STOP"", ""qty"": 12063.321405313016, ""price"": 13.212386541113311, ""fee"": 0.0, ""gross_pnl"": -4075.316176355763}]",0.0,-1.0097104958024323
BTCUSDT,SHORT,1714478400000,1714589400000,61151.70885,5.776114705121422,5724.342773842006,1714464000000,286217.1386921003,2.0,11510.137793845639,0.0,83.73067186204786,11593.868465707686,2.0253623732469523,8,True,STOP,"[{""time_ms"": 1714478400000, ""role"": ""ENTRY"", ""qty"": 5.776114705121422, ""price"": 61151.70885, ""fee"": 0.0, ""gross_pnl"": 0.0}, {""time_ms"": 1714506900000, ""role"": ""TP2R"", ""qty"": 2.888057352560711, ""price"": 59199.21988053884, ""fee"": 0.0, ""gross_pnl"": 5638.9001240459975}, {""time_ms"": 1714589400000, ""role"": ""STOP"", ""qty"": 2.888057352560711, ""price"": 59118.772189447234, ""fee"": 0.0, ""gross_pnl"": 5871.2376697996415}]",4.65573873210916,-0.4282294158623746
SOLUSDT,SHORT,1714478400000,1714585800000,128.665635,1445.1031903346645,5720.808814014775,1714464000000,286040.44070073875,2.0,6719.055566714442,0.0,17.86597648276355,6736.921543197205,1.1776169702950339,8,True,STOP,"[{""time_ms"": 1714478400000, ""role"": ""ENTRY"", ""qty"": 1445.1031903346645, ""price"": 128.665635, ""fee"": 0.0, ""gross_pnl"": 0.0}, {""time_ms"": 1714547100000, ""role"": ""TP2R"", ""qty"": 722.5515951673323, ""price"": 120.80849998502465, ""fee"": 0.0, ""gross_pnl"": 5677.185438515544}, {""time_ms"": 1714585800000, ""role"": ""STOP"", ""qty"": 722.5515951673323, ""price"": 127.22370319171493, ""fee"": 0.0, ""gross_pnl"": 1041.8701281988979}]",2.6272492769179907,-0.41461651230030083
ADAUSDT,SHORT,1715126400000,1715178600000,0.4409794,638591.433016069,5892.576164339157,1715112000000,294628.8082169579,2.0,-6036.3252859095965,0.0,-5.83574420099804,-6042.161030110595,-1.025385308836006,4,False,STOP,"[{""time_ms"": 1715126400000, ""role"": ""ENTRY"", ""qty"": 638591.433016069, ""price"": 0.4409794, ""fee"": 0.0, ""gross_pnl"": 0.0}, {""time_ms"": 1715178600000, ""role"": ""STOP"", ""qty"": 638591.433016069, ""price"": 0.45043196227037063, ""fee"": 0.0, ""gross_pnl"": -6036.3252859095965}]",0.5613029642586489,-1.2376755287508834
LINKUSDT,SHORT,1715155200000,1715197500000,13.796098500000001,18682.367168195644,6008.590236311708,1715140800000,300429.5118155854,2.0,-6140.466420262639,0.0,26.149709325323446,-6114.316710937315,-1.0175958869664086,3,False,STOP,"[{""time_ms"": 1715155200000, ""role"": ""ENTRY"", ""qty"": 18682.367168195644, ""price"": 13.796098500000001, ""fee"": 0.0, ""gross_pnl"": 0.0}, {""time_ms"": 1715197500000, ""role"": ""STOP"", ""qty"": 18682.367168195644, ""price"": 14.124775608472422, ""fee"": 0.0, ""gross_pnl"": -6140.466420262639}]",0.37031014242488763,-1.0008807022068549
AVAXUSDT,SHORT,1715140800000,1715294700000,35.267357499999996,6011.137462901884,5853.997578687791,1715126400000,292699.87893438956,2.0,-161.98594665065687,0.0,64.34504236953568,-97.6409042811212,-0.016679355084907293,11,False,STOP,"[{""time_ms"": 1715140800000, ""role"": ""ENTRY"", ""qty"": 6011.137462901884, ""price"": 35.267357499999996, ""fee"": 0.0, ""gross_pnl"": 0.0}, {""time_ms"": 1715294700000, ""role"": ""STOP"", ""qty"": 6011.137462901884, ""price"": 35.29430513639167, ""fee"": 0.0, ""gross_pnl"": -161.98594665065687}]",1.6967120223140408,-0.13414935955153515
ETHUSDT,SHORT,1715371200000,1715530500000,2899.019765,106.20039437709731,5647.493791432577,1715356800000,282374.6895716289,2.0,-5804.256059503285,0.0,137.35661236755953,-5666.8994471357255,-1.0034361535257617,12,False,STOP,"[{""time_ms"": 1715371200000, ""role"": ""ENTRY"", ""qty"": 106.20039437709731, ""price"": 2899.019765, ""fee"": 0.0, ""gross_pnl"": 0.0}, {""time_ms"": 1715530500000, ""role"": ""STOP"", ""qty"": 106.20039437709731, ""price"": 2953.673573901062, ""fee"": 0.0, ""gross_pnl"": -5804.256059503285}]",0.2711618261800009,-1.022237227456476
LINKUSDT,SHORT,1715385600000,1715587200000,13.545224000000001,19620.384064560432,5627.08249544983,1715371200000,281354.1247724915,2.0,-706.5354641413667,0.0,72.08231732106904,-634.4531468202977,-0.11274992810809668,15,False,STOP,"[{""time_ms"": 1715385600000, ""role"": ""ENTRY"", ""qty"": 19620.384064560432, ""price"": 13.545224000000001, ""fee"": 0.0, ""gross_pnl"": 0.0}, {""time_ms"": 1715587200000, ""role"": ""STOP"", ""qty"": 19620.384064560432, ""price"": 13.581234276955668, ""fee"": 0.0, ""gross_pnl"": -706.5354641413667}]",1.6779209668098654,-0.9057810854695453
BNBUSDT,SHORT,1715702400000,1715779200000,568.265725,659.644711747297,5521.466739553458,1715688000000,276073.3369776729,2.0,-5212.052264296182,0.0,-638.5476350417567,-5850.599899337939,-1.0596097333026948,6,False,STOP,"[{""time_ms"": 1715702400000, ""role"": ""ENTRY"", ""qty"": 659.644711747297, ""price"": 568.265725, ""fee"": 0.0, ""gross_pnl"": 0.0}, {""time_ms"": 1715779200000, ""role"": ""STOP"", ""qty"": 659.644711747297, ""price"": 576.167027279056, ""fee"": 0.0, ""gross_pnl"": -5212.052264296182}]",0.9277642464886146,-1.047060125280515
LINKUSDT,SHORT,1715716800000,1715776200000,13.066463500000001,20103.88570824521,5528.930289644521,1715702400000,276446.51448222605,2.0,-5663.0380991968295,0.0,-48.368092415944865,-5711.406191612775,-1.033003834812319,5,False,STOP,"[{""time_ms"": 1715716800000, ""role"": ""ENTRY"", ""qty"": 20103.88570824521, ""price"": 13.066463500000001, ""fee"": 0.0, ""gross_pnl"": 0.0}, {""time_ms"": 1715776200000, ""role"": ""STOP"", ""qty"": 20103.88570824521, ""price"": 13.348152233281759, ""fee"": 0.0, ""gross_pnl"": -5663.0380991968295}]",0.8452665145899614,-1.1218775075604686
LTCUSDT,SHORT,1715716800000,1715779800000,79.230365,4175.914545910812,5526.302108665882,1715702400000,276315.10543329414,2.0,-5694.494876560904,0.0,24.376813173095563,-5670.118063387808,-1.0260239038499916,5,False,STOP,"[{""time_ms"": 1715716800000, ""role"": ""ENTRY"", ""qty"": 4175.914545910812, ""price"": 79.230365, ""fee"": 0.0, ""gross_pnl"": 0.0}, {""time_ms"": 1715779800000, ""role"": ""STOP"", ""qty"": 4175.914545910812, ""price"": 80.59401715666043, ""fee"": 0.0, ""gross_pnl"": -5694.494876560904}]",0.7937015378036397,-1.223866741733197
BCHUSDT,SHORT,1716883200000,1716889500000,462.66855,256.40312225391176,2588.4121282333435,1716868800000,258841.21282333435,1.0,-2649.0211646918106,0.0,0.0,-2649.0211646918106,-1.0234155279205226,1,False,STOP,"[{""time_ms"": 1716883200000, ""role"": ""ENTRY"", ""qty"": 256.40312225391176, ""price"": 462.66855, ""fee"": 0.0, ""gross_pnl"": 0.0}, {""time_ms"": 1716889500000, ""role"": ""STOP"", ""qty"": 256.40312225391176, ""price"": 473.00001999695473, ""fee"": 0.0, ""gross_pnl"": -2649.0211646918106}]",0.09891444060779561,-1.0620461962390333
ADAUSDT,SHORT,1717056000000,1717068300000,0.44567705,350286.77571924316,2561.9219165864256,1717041600000,256192.19165864255,1.0,-2641.2602659729982,0.0,0.0,-2641.2602659729982,-1.0309682933242108,1,False,STOP,"[{""time_ms"": 1717056000000, ""role"": ""ENTRY"", ""qty"": 350286.77571924316, ""price"": 0.44567705, ""fee"": 0.0, ""gross_pnl"": 0.0}, {""time_ms"": 1717068300000, ""role"": ""STOP"", ""qty"": 350286.77571924316, ""price"": 0.45321732970524925, ""fee"": 0.0, ""gross_pnl"": -2641.2602659729982}]",0.33868239784274207,-1.001253210586169
BCHUSDT,SHORT,1717200000000,1717277700000,454.342715,296.10779361636605,2535.5093139266955,1717185600000,253550.93139266956,1.0,-2604.044278025801,0.0,27.226815515231245,-2576.8174625105694,-1.0162918544045498,6,False,STOP,"[{""time_ms"": 1717200000000, ""role"": ""ENTRY"", ""qty"": 296.10779361636605, ""price"": 454.342715, ""fee"": 0.0, ""gross_pnl"": 0.0}, {""time_ms"": 1717277700000, ""role"": ""STOP"", ""qty"": 296.10779361636605, ""price"": 463.1369593061785, ""fee"": 0.0, ""gross_pnl"": -2604.044278025801}]",0.03418452944831762,-1.0227137897607719
SOLUSDT,LONG,1717603200000,1717700400000,175.005459,1189.0162569117829,5019.48227860318,1717588800000,250974.113930159,2.0000000000000004,-5121.01470536351,0.0,-117.75392365495415,-5238.768629018464,-1.0436870454449152,7,False,STOP,"[{""time_ms"": 1717603200000, ""role"": ""ENTRY"", ""qty"": 1189.0162569117829, ""price"": 175.005459, ""fee"": 0.0, ""gross_pnl"": 0.0}, {""time_ms"": 1717700400000, ""role"": ""STOP"", ""qty"": 1189.0162569117829, ""price"": 170.69852486382237, ""fee"": 0.0, ""gross_pnl"": -5121.01470536351}]",0.1844209929016718,-1.0222470410761497
XRPUSDT,SHORT,1717790400000,1718031300000,0.49265355000000005,240087.01075455762,2457.3534530114052,1717776000000,245735.3453011405,1.0000000000000002,-2379.862274396676,0.0,95.22390850230344,-2284.638365894373,-0.9297150001334257,17,False,STOP,"[{""time_ms"": 1717790400000, ""role"": ""ENTRY"", ""qty"": 240087.01075455762, ""price"": 0.49265355000000005, ""fee"": 0.0, ""gross_pnl"": 0.0}, {""time_ms"": 1718031300000, ""role"": ""STOP"", ""qty"": 240087.01075455762, ""price"": 0.5025660490848823, ""fee"": 0.0, ""gross_pnl"": -2379.862274396676}]",0.2983362815760936,-1.0597139595883198
DOGEUSDT,SHORT,1717790400000,1718165700000,0.148175875,610901.4809152137,2456.7617585734006,1717776000000,245676.17585734004,1.0,4950.347735712563,0.0,102.08908618268902,5052.436821895252,2.0565432542507156,27,True,STOP,"[{""time_ms"": 1717790400000, ""role"": ""ENTRY"", ""qty"": 610901.4809152137, ""price"": 0.148175875, ""fee"": 0.0, ""gross_pnl"": 0.0}, {""time_ms"": 1718070600000, ""role"": ""TP2R"", ""qty"": 305450.74045760685, ""price"": 0.14020287116823377, ""fee"": 0.0, ""gross_pnl"": 2435.3599240843364}, {""time_ms"": 1718165700000, ""role"": ""STOP"", ""qty"": 305450.74045760685, ""price"": 0.13994218138426207, ""fee"": 0.0, ""gross_pnl"": 2514.987811628226}]",3.649321607982324,-0.42374987421212557
BTCUSDT,SHORT,1719216000000,1719218100000,62402.383200000004,9.078000167222475,4970.062875142828,1719201600000,248503.14375714137,2.0,-5255.792329142731,0.0,0.0,-5255.792329142731,-1.0574901085112918,1,False,STOP,"[{""time_ms"": 1719216000000, ""role"": ""ENTRY"", ""qty"": 9.078000167222475, ""price"": 62402.383200000004, ""fee"": 0.0, ""gross_pnl"": 0.0}, {""time_ms"": 1719218100000, ""role"": ""STOP"", ""qty"": 9.078000167222475, ""price"": 62981.34246771621, ""fee"": 0.0, ""gross_pnl"": -5255.792329142731}]",0.18225763517327945,-1.009922596344591
XRPUSDT,SHORT,1719216000000,1719230400000,0.47336320000000004,591526.0398399283,3906.7731091343126,1719201600000,248023.08936328418,2.0,-1404.6081579018542,0.0,0.0,-1404.6081579018542,-0.35953154141912685,2,False,STOP,"[{""time_ms"": 1719216000000, ""role"": ""ENTRY"", ""qty"": 591526.0398399283, ""price"": 0.47336320000000004, ""fee"": 0.0, ""gross_pnl"": 0.0}, {""time_ms"": 1719230400000, ""role"": ""STOP"", ""qty"": 591526.0398399283, ""price"": 0.47573774999999996, ""fee"": 0.0, ""gross_pnl"": -1404.6081579018542}]",1.9627631667998593,-0.7474828130289918
BNBUSDT,SHORT,1719216000000,1719274500000,570.41465,689.2177264309861,4964.395152830425,1719201600000,248219.75764152125,2.0,5338.697814747926,0.0,0.0,5338.697814747926,1.0753974352150621,5,True,STOP,"[{""time_ms"": 1719216000000, ""role"": ""ENTRY"", ""qty"": 689.2177264309861, ""price"": 570.41465, ""fee"": 0.0, ""gross_pnl"": 0.0}, {""time_ms"": 1719248100000, ""role"": ""TP2R"", ""qty"": 344.60886321549305, ""price"": 556.2867708359828, ""fee"": 0.0, ""gross_pnl"": 4868.592378357837}, {""time_ms"": 1719274500000, ""role"": ""STOP"", ""qty"": 344.60886321549305, ""price"": 569.0504789453046, ""fee"": 0.0, ""gross_pnl"": 470.105436390088}]",2.7578523642586066,-0.7518247641306413
BTCUSDT,SHORT,1719230400000,1719273600000,61226.671350000004,7.091250750711895,4848.691499413536,1719216000000,242434.5749706768,2.0,8015.307325461223,0.0,48.211463678584344,8063.518789139807,1.6630298690100442,4,True,STOP,"[{""time_ms"": 1719230400000, ""role"": ""ENTRY"", ""qty"": 7.091250750711895, ""price"": 61226.671350000004, ""fee"": 0.0, ""gross_pnl"": 0.0}, {""time_ms"": 1719249000000, ""role"": ""TP2R"", ""qty"": 3.5456253753559475, ""price"": 59889.0871657449, ""fee"": 0.0, ""gross_pnl"": 4742.5724253696735}, {""time_ms"": 1719273600000, ""role"": ""STOP"", ""qty"": 3.5456253753559475, ""price"": 60303.63675, ""fee"": 0.0, ""gross_pnl"": 3272.734900091549}]",4.400206317913495,-0.6586093130003828
BCHUSDT,SHORT,1719979200000,1720179600000,373.87297,700.502089294076,5104.89919747969,1719964800000,255244.95987398448,2.0000000000000004,27091.833032470342,0.0,17.266505590159927,27109.0995380605,5.3104083918923175,14,True,STOP,"[{""time_ms"": 1719979200000, ""role"": ""ENTRY"", ""qty"": 700.502089294076, ""price"": 373.87297, ""fee"": 0.0, ""gross_pnl"": 0.0}, {""time_ms"": 1720057200000, ""role"": ""TP2R"", ""qty"": 350.251044647038, ""price"": 359.47764691679396, ""fee"": 0.0, ""gross_pnl"": 5041.976947924539}, {""time_ms"": 1720179600000, ""role"": ""STOP"", ""qty"": 350.251044647038, ""price"": 310.9185365399476, ""fee"": 0.0, ""gross_pnl"": 22049.856084545805}]",11.800087096595892,-0.37420723478942575
DOGEUSDT,SHORT,1720008000000,1720174200000,0.11913040500000001,2235291.0726317,5105.828653217901,1719993600000,255291.43266089505,2.0,27704.275247940273,0.0,8.802329412565761,27713.07757735284,5.427733568749302,12,True,STOP,"[{""time_ms"": 1720008000000, ""role"": ""ENTRY"", ""qty"": 2235291.0726317, ""price"": 0.11913040500000001, ""fee"": 0.0, ""gross_pnl"": 0.0}, {""time_ms"": 1720057200000, ""role"": ""TP2R"", ""qty"": 1117645.53631585, ""price"": 0.11461930678412899, ""fee"": 0.0, ""gross_pnl"": 5041.808784850641}, {""time_ms"": 1720174200000, ""role"": ""STOP"", ""qty"": 1117645.53631585, ""price"": 0.09885343370032208, ""fee"": 0.0, ""gross_pnl"": 22662.466463089633}]",12.319644929153093,-0.3237887937780897
LTCUSDT,SHORT,1720036800000,1720186200000,73.26335,5006.898734630083,5216.487749644626,1720022400000,260824.3874822313,2.0,36987.398187872495,0.0,59.53234311087543,37046.93053098337,7.101891600053541,11,True,STOP,"[{""time_ms"": 1720036800000, ""role"": ""ENTRY"", ""qty"": 5006.898734630083, ""price"": 73.26335, ""fee"": 0.0, ""gross_pnl"": 0.0}, {""time_ms"": 1720055700000, ""role"": ""TP2R"", ""qty"": 2503.4493673150414, ""price"": 71.21521972148906, ""fee"": 0.0, ""gross_pnl"": 5127.39044991699}, {""time_ms"": 1720186200000, ""role"": ""STOP"", ""qty"": 2503.4493673150414, ""price"": 60.53690617656231, ""fee"": 0.0, ""gross_pnl"": 31860.007737955504}]",16.166614751022237,-0.15035608716482282
LINKUSDT,SHORT,1722369600000,1722548700000,13.13343,12494.102205899473,3471.1406752038106,1722355200000,347114.06752038107,1.0,6093.006797934815,0.0,-8.079067342009356,6084.927730592805,1.7530052221912684,13,True,STOP,"[{""time_ms"": 1722369600000, ""role"": ""ENTRY"", ""qty"": 12494.102205899473, ""price"": 13.13343, ""fee"": 0.0, ""gross_pnl"": 0.0}, {""time_ms"": 1722524400000, ""role"": ""TP2R"", ""qty"": 6247.051102949737, ""price"": 12.58407421839971, ""fee"": 0.0, ""gross_pnl"": 3431.8536413579095}, {""time_ms"": 1722548700000, ""role"": ""STOP"", ""qty"": 6247.051102949737, ""price"": 12.707444504968535, ""fee"": 0.0, ""gross_pnl"": 2661.1531565769055}]",3.67295880718445,-0.9918928868181238
ADAUSDT,SHORT,1723752000000,1723792800000,0.32323830000000003,923946.6935899269,7063.979905019478,1723737600000,353198.9952509739,2.0,-7216.83937423528,0.0,-54.59196374061505,-7271.431337975895,-1.0293675004382454,3,False,STOP,"[{""time_ms"": 1723752000000, ""role"": ""ENTRY"", ""qty"": 923946.6935899269, ""price"": 0.32323830000000003, ""fee"": 0.0, ""gross_pnl"": 0.0}, {""time_ms"": 1723792800000, ""role"": ""STOP"", ""qty"": 923946.6935899269, ""price"": 0.3310491828402154, ""fee"": 0.0, ""gross_pnl"": -7216.83937423528}]",0.41047992031134006,-1.407597029734088
DOGEUSDT,SHORT,1723752000000,1723790700000,0.09899048,2514679.5396820935,7060.99186141241,1723737600000,353049.59307062044,2.0,-7188.987024682761,0.0,-39.16417288344356,-7228.151197566205,-1.0236736338795833,3,False,STOP,"[{""time_ms"": 1723752000000, ""role"": ""ENTRY"", ""qty"": 2514679.5396820935, ""price"": 0.09899048, ""fee"": 0.0, ""gross_pnl"": 0.0}, {""time_ms"": 1723790700000, ""role"": ""STOP"", ""qty"": 2514679.5396820935, ""price"": 0.10184928841325476, ""fee"": 0.0, ""gross_pnl"": -7188.987024682761}]",0.25658949200201586,-1.0361873456163877
AVAXUSDT,SHORT,1723752000000,1723790700000,20.028980500000003,12778.04333763184,7050.532201957034,1723737600000,352925.0661398154,2.0,-7182.023058476819,0.0,-100.59983186410571,-7282.622890340925,-1.0329181800374543,3,False,STOP,"[{""time_ms"": 1723752000000, ""role"": ""ENTRY"", ""qty"": 12778.04333763184, ""price"": 20.028980500000003, ""fee"": 0.0, ""gross_pnl"": 0.0}, {""time_ms"": 1723790700000, ""role"": ""STOP"", ""qty"": 12778.04333763184, ""price"": 20.59104018853819, ""fee"": 0.0, ""gross_pnl"": -7182.023058476819}]",0.3551855733154023,-1.0167645900924562
LTCUSDT,SHORT,1724169600000,1724184300000,63.588190000000004,5891.967110316672,6628.335796501819,1724155200000,331416.7898250909,2.0,-6818.979726442309,0.0,0.0,-6818.979726442309,-1.0287619601350169,2,False,STOP,"[{""time_ms"": 1724169600000, ""role"": ""ENTRY"", ""qty"": 5891.967110316672, ""price"": 63.588190000000004, ""fee"": 0.0, ""gross_pnl"": 0.0}, {""time_ms"": 1724184300000, ""role"": ""STOP"", ""qty"": 5891.967110316672, ""price"": 64.74552499504817, ""fee"": 0.0, ""gross_pnl"": -6818.979726442309}]",0.4250659349469465,-1.0238507591778023
ETHUSDT,SHORT,1724760000000,1724838600000,2624.2772050000003,78.57893282649378,3245.9781009864855,1724745600000,324597.8100986486,1.0,8211.14607099073,0.0,8.436149436451931,8219.58222042718,2.5322358822843465,6,True,STOP,"[{""time_ms"": 1724760000000, ""role"": ""ENTRY"", ""qty"": 78.57893282649378, ""price"": 2624.2772050000003, ""fee"": 0.0, ""gross_pnl"": 0.0}, {""time_ms"": 1724793000000, ""role"": ""TP2R"", ""qty"": 39.28946641324689, ""price"": 2542.931028626199, ""fee"": 0.0, ""gross_pnl"": 3196.047864484529}, {""time_ms"": 1724838600000, ""role"": ""STOP"", ""qty"": 39.28946641324689, ""price"": 2496.632350937658, ""fee"": 0.0, ""gross_pnl"": 5015.098206506201}]",5.71982004884266,-0.09326881145847103
BTCUSDT,SHORT,1724803200000,1724930400000,59354.707800000004,6.63447750364239,6688.306615151893,1724788800000,334415.33075759467,2.0,-4231.49308649884,0.0,3.611378821013912,-4227.881707677826,-0.6321303658686721,9,False,STOP,"[{""time_ms"": 1724803200000, ""role"": ""ENTRY"", ""qty"": 6.63447750364239, ""price"": 59354.707800000004, ""fee"": 0.0, ""gross_pnl"": 0.0}, {""time_ms"": 1724930400000, ""role"": ""STOP"", ""qty"": 6.63447750364239, ""price"": 59992.51131718364, ""fee"": 0.0, ""gross_pnl"": -4231.49308649884}]",1.522356099927888,-0.8363067897821452
BNBUSDT,SHORT,1725177600000,1725272400000,521.5590900000001,822.4986573459664,6956.67630492854,1725163200000,347833.815246427,2.0,7375.930336785333,0.0,-22.964422581284925,7352.965914204047,1.0569653656293811,7,True,STOP,"[{""time_ms"": 1725177600000, ""role"": ""ENTRY"", ""qty"": 822.4986573459664, ""price"": 521.5590900000001, ""fee"": 0.0, ""gross_pnl"": 0.0}, {""time_ms"": 1725257400000, ""role"": ""TP2R"", ""qty"": 411.2493286729832, ""price"": 504.8954537276175, ""fee"": 0.0, ""gross_pnl"": 6852.9092302681065}, {""time_ms"": 1725272400000, ""role"": ""STOP"", ""qty"": 411.2493286729832, ""price"": 520.2873040782944, ""fee"": 0.0, ""gross_pnl"": 523.021106517226}]",2.347971092106257,-0.28386332277806775
SOLUSDT,SHORT,1724803200000,1725310200000,146.6596335,1821.5049934536253,6684.36677049322,1724788800000,334218.338524661,2.0,18103.00862877258,0.0,-67.84075260024342,18035.167876172334,2.698111652966878,36,True,STOP,"[{""time_ms"": 1724803200000, ""role"": ""ENTRY"", ""qty"": 1821.5049934536253, ""price"": 146.6596335, ""fee"": 0.0, ""gross_pnl"": 0.0}, {""time_ms"": 1724957400000, ""role"": ""TP2R"", ""qty"": 910.7524967268126, ""price"": 139.38990471640176, ""fee"": 0.0, ""gross_pnl"": 6620.923640188884}, {""time_ms"": 1725310200000, ""role"": ""STOP"", ""qty"": 910.7524967268126, ""price"": 134.05238286950535, ""fee"": 0.0, ""gross_pnl"": 11482.084988583696}]",5.4237849377385015,-0.5957897934101324
BCHUSDT,SHORT,1725393600000,1725422400000,311.0444,1224.4928706033324,7079.552888035495,1725379200000,353977.6444017747,2.0,7973.444573610502,0.0,-65.54939745078946,7907.895176159713,1.1170048873459402,3,True,STOP,"[{""time_ms"": 1725393600000, ""role"": ""ENTRY"", ""qty"": 1224.4928706033324, ""price"": 311.0444, ""fee"": 0.0, ""gross_pnl"": 0.0}, {""time_ms"": 1725411600000, ""role"": ""TP2R"", ""qty"": 612.2464353016662, ""price"": 299.63089989774755, ""fee"": 0.0, ""gross_pnl"": 6987.87475191926}, {""time_ms"": 1725422400000, ""role"": ""STOP"", ""qty"": 612.2464353016662, ""price"": 309.43463999999994, ""fee"": 0.0, ""gross_pnl"": 985.5698216912415}]",2.7940956076907706,-0.8415633876083474
BTCUSDT,SHORT,1725422400000,1725462000000,56604.58355,7.4788824278466715,7239.604347333789,1725408000000,361980.2173666894,2.0,-7454.893662131266,0.0,4.4539190452380835,-7450.439743086028,-1.0291225025066302,3,False,STOP,"[{""time_ms"": 1725422400000, ""role"": ""ENTRY"", ""qty"": 7.4788824278466715, ""price"": 56604.58355, ""fee"": 0.0, ""gross_pnl"": 0.0}, {""time_ms"": 1725462000000, ""role"": ""STOP"", ""qty"": 7.4788824278466715, ""price"": 57601.37601652868, ""fee"": 0.0, ""gross_pnl"": -7454.893662131266}]",0.5130995695453368,-1.1495964411907083
SOLUSDT,SHORT,1726444800000,1726568100000,131.25434,1655.9904894594827,3570.165519271705,1726430400000,357016.5519271705,1.0,-3214.0649322975164,0.0,30.845865896084113,-3183.2190664014324,-0.8916166629301805,9,False,STOP,"[{""time_ms"": 1726444800000, ""role"": ""ENTRY"", ""qty"": 1655.9904894594827, ""price"": 131.25434, ""fee"": 0.0, ""gross_pnl"": 0.0}, {""time_ms"": 1726568100000, ""role"": ""STOP"", ""qty"": 1655.9904894594827, ""price"": 133.19521161294423, ""fee"": 0.0, ""gross_pnl"": -3214.0649322975164}]",1.119870789390521,-0.9483979092568594
BCHUSDT,SHORT,1726430400000,1726585200000,319.39022500000004,787.2603601328091,3544.3509983484832,1726416000000,354435.0998348483,1.0,4171.985371166809,0.0,-82.37547616805128,4089.609894998758,1.1538388542512699,11,True,STOP,"[{""time_ms"": 1726430400000, ""role"": ""ENTRY"", ""qty"": 787.2603601328091, ""price"": 319.39022500000004, ""fee"": 0.0, ""gross_pnl"": 0.0}, {""time_ms"": 1726497000000, ""role"": ""TP2R"", ""qty"": 393.63018006640453, ""price"": 310.54115159467597, ""fee"": 0.0, ""gross_pnl"": 3483.262357958548}, {""time_ms"": 1726585200000, ""role"": ""STOP"", ""qty"": 393.63018006640453, ""price"": 317.64055475598553, ""fee"": 0.0, ""gross_pnl"": 688.7230132082615}]",2.41001865926998,-0.09323913399906032
BTCUSDT,LONG,1727236800000,1727280000000,64454.71124999999,5.854914350924892,7106.82981326891,1727222400000,355341.4906634455,2.0,-5950.620537379357,0.0,-9.227891305191157,-5959.848428684549,-0.8386085758740314,3,False,BB_MID,"[{""time_ms"": 1727236800000, ""role"": ""ENTRY"", ""qty"": 5.854914350924892, ""price"": 64454.71124999999, ""fee"": 0.0, ""gross_pnl"": 0.0}, {""time_ms"": 1727280000000, ""role"": ""BB_MID"", ""qty"": 5.854914350924892, ""price"": 63438.36495, ""fee"": 0.0, ""gross_pnl"": -5950.620537379357}]",0.0,-0.9980954645471166
BTCUSDT,LONG,1727409600000,1727654400000,65370.668999999994,5.7576817404554115,6987.632844695219,1727395200000,349381.642234761,2.0,948.5602179266656,0.0,-145.0002411779318,803.5599767487338,0.11499745258636049,17,False,BB_MID,"[{""time_ms"": 1727409600000, ""role"": ""ENTRY"", ""qty"": 5.7576817404554115, ""price"": 65370.668999999994, ""fee"": 0.0, ""gross_pnl"": 0.0}, {""time_ms"": 1727654400000, ""role"": ""BB_MID"", ""qty"": 5.7576817404554115, ""price"": 65535.4159, ""fee"": 0.0, ""gross_pnl"": 948.5602179266656}]",0.889349015428782,-0.24692177849475397
XRPUSDT,SHORT,1729598400000,1729723800000,0.53363305,477494.8593641548,3662.6625314082567,1729584000000,366266.25314082566,1.0,5364.112015748112,0.0,100.76850343436874,5464.88051918248,1.4920513348744935,9,True,STOP,"[{""time_ms"": 1729598400000, ""role"": ""ENTRY"", ""qty"": 477494.8593641548, ""price"": 0.53363305, ""fee"": 0.0, ""gross_pnl"": 0.0}, {""time_ms"": 1729702200000, ""role"": ""TP2R"", ""qty"": 238747.4296820774, ""price"": 0.5185510358902421, ""fee"": 0.0, ""gross_pnl"": 3600.7921031335372}, {""time_ms"": 1729723800000, ""role"": ""STOP"", ""qty"": 238747.4296820774, ""price"": 0.5262473373455742, ""fee"": 0.0, ""gross_pnl"": 1763.3199126145746}]",2.9115203700796606,-0.33464874766213454
SOLUSDT,LONG,1729425600000,1729886400000,159.21956999999998,1875.1781577899515,7003.704044230195,1729411200000,350185.20221150975,2.0,16119.93152987824,0.0,-476.1196650051026,15643.811864873138,2.2336483332360184,32,False,BB_MID,"[{""time_ms"": 1729425600000, ""role"": ""ENTRY"", ""qty"": 1875.1781577899515, ""price"": 159.21956999999998, ""fee"": 0.0, ""gross_pnl"": 0.0}, {""time_ms"": 1729886400000, ""role"": ""BB_MID"", ""qty"": 1875.1781577899515, ""price"": 167.81605000000002, ""fee"": 0.0, ""gross_pnl"": 16119.93152987824}]",5.376352783788837,-0.449689615464814
ADAUSDT,SHORT,1735574400000,1735580700000,0.83948005,290651.87252798077,7425.8778919113065,1735560000000,371293.89459556533,2.0,-7551.589055098441,0.0,0.0,-7551.589055098441,-1.0169287948195413,1,False,STOP,"[{""time_ms"": 1735574400000, ""role"": ""ENTRY"", ""qty"": 290651.87252798077, ""price"": 0.83948005, ""fee"": 0.0, ""gross_pnl"": 0.0}, {""time_ms"": 1735580700000, ""role"": ""STOP"", ""qty"": 290651.87252798077, ""price"": 0.8654616099652518, ""fee"": 0.0, ""gross_pnl"": -7551.589055098441}]",0.41019340757068135,-1.1710789781388722
AVAXUSDT,SHORT,1735574400000,1735580400000,35.1054385,7072.564498328819,7423.436706833944,1735560000000,371171.8353416972,2.0,-7551.291164204022,0.0,0.0,-7551.291164204022,-1.0172230817637842,1,False,STOP,"[{""time_ms"": 1735574400000, ""role"": ""ENTRY"", ""qty"": 7072.564498328819, ""price"": 35.1054385, ""fee"": 0.0, ""gross_pnl"": 0.0}, {""time_ms"": 1735580400000, ""role"": ""STOP"", ""qty"": 7072.564498328819, ""price"": 36.173126347313136, ""fee"": 0.0, ""gross_pnl"": -7551.291164204022}]",0.1738154589558892,-1.321977756624986
SOLUSDT,SHORT,1736265600000,1736376900000,207.53618,1744.0490044948526,7119.892330258757,1736251200000,355994.6165129379,2.0,15399.734057361806,0.0,14.76067888762714,15414.494736249433,2.1649898651893276,8,True,STOP,"[{""time_ms"": 1736265600000, ""role"": ""ENTRY"", ""qty"": 1744.0490044948526, ""price"": 207.53618, ""fee"": 0.0, ""gross_pnl"": 0.0}, {""time_ms"": 1736305200000, ""role"": ""TP2R"", ""qty"": 872.0245022474263, ""price"": 199.47108097896705, ""fee"": 0.0, ""gross_pnl"": 7032.963959392463}, {""time_ms"": 1736376900000, ""role"": ""STOP"", ""qty"": 872.0245022474263, ""price"": 197.94152976206968, ""fee"": 0.0, ""gross_pnl"": 8366.770097969342}]",4.729133875592576,-0.3561196161547251
ETHUSDT,SHORT,1736265600000,1736385600000,3459.4793950000003,113.48508950631664,7123.820287525258,1736251200000,356191.0143762629,2.0,13263.622777358258,0.0,87.52854684260312,13351.15132420086,1.8741561108132492,9,True,STOP,"[{""time_ms"": 1736265600000, ""role"": ""ENTRY"", ""qty"": 113.48508950631664, ""price"": 3459.4793950000003, ""fee"": 0.0, ""gross_pnl"": 0.0}, {""time_ms"": 1736317500000, ""role"": ""TP2R"", ""qty"": 56.74254475315832, ""price"": 3335.599995581964, ""fee"": 0.0, ""gross_pnl"": 7029.232365472307}, {""time_ms"": 1736385600000, ""role"": ""STOP"", ""qty"": 56.74254475315832, ""price"": 3349.6078614089915, ""fee"": 0.0, ""gross_pnl"": 6234.390411885952}]",4.029418026099643,-0.5003825441967777
DOGEUSDT,SHORT,1736265600000,1736494800000,0.363588115,621905.0176797573,7105.100342933459,1736251200000,355813.5493452912,2.0,14768.036321727106,0.0,-34.38221530668436,14733.654106420421,2.0736729103444844,16,True,STOP,"[{""time_ms"": 1736265600000, ""role"": ""ENTRY"", ""qty"": 621905.0176797573, ""price"": 0.363588115, ""fee"": 0.0, ""gross_pnl"": 0.0}, {""time_ms"": 1736319000000, ""role"": ""TP2R"", ""qty"": 310952.50883987866, ""price"": 0.3409090132904057, ""fee"": 0.0, ""gross_pnl"": 7052.123574833131}, {""time_ms"": 1736494800000, ""role"": ""STOP"", ""qty"": 310952.50883987866, ""price"": 0.33877431698408755, ""fee"": 0.0, ""gross_pnl"": 7715.912746893975}]",4.335165127591009,-0.48857892528765495
LINKUSDT,SHORT,1736280000000,1736494800000,21.458265500000003,1771.653726987507,1220.234538296132,1736265600000,376150.7916502268,2.0,2048.667916602113,0.0,9.739127282334573,2058.407043884448,1.6868945922139635,15,True,STOP,"[{""time_ms"": 1736280000000, ""role"": ""ENTRY"", ""qty"": 1771.653726987507, ""price"": 21.458265500000003, ""fee"": 0.0, ""gross_pnl"": 0.0}, {""time_ms"": 1736355900000, ""role"": ""TP2R"", ""qty"": 885.8268634937535, ""price"": 20.090796808910934, ""fee"": 0.0, ""gross_pnl"": 1211.3405015533388}, {""time_ms"": 1736494800000, ""role"": ""STOP"", ""qty"": 885.8268634937535, ""price"": 20.513015982790392, ""fee"": 0.0, ""gross_pnl"": 837.3274150487742}]",3.3891108988178305,-0.37420370688396654
LINKUSDT,SHORT,1736755200000,1736782800000,19.0914495,14960.317019254042,8183.606568505109,1736740800000,409180.3284252555,2.0,8044.891303350846,0.0,0.0,8044.891303350846,0.9830496170614905,2,True,STOP,"[{""time_ms"": 1736755200000, ""role"": ""ENTRY"", ""qty"": 14960.317019254042, ""price"": 19.0914495, ""fee"": 0.0, ""gross_pnl"": 0.0}, {""time_ms"": 1736778600000, ""role"": ""TP2R"", ""qty"": 7480.158509627021, ""price"": 18.006406338531647, ""fee"": 0.0, ""gross_pnl"": 8116.294837570101}, {""time_ms"": 1736782800000, ""role"": ""STOP"", ""qty"": 7480.158509627021, ""price"": 19.100995224749997, ""fee"": 0.0, ""gross_pnl"": -71.40353421925428}]",2.476046928325339,-0.06864545350866538
SOLUSDT,SHORT,1736769600000,1736781600000,175.24233500000003,1531.5964989993565,6819.152429575814,1736755200000,450863.13131964835,2.0,-6956.762279171826,0.0,0.0,-6956.762279171826,-1.020179905203347,1,False,STOP,"[{""time_ms"": 1736769600000, ""role"": ""ENTRY"", ""qty"": 1531.5964989993565, ""price"": 175.24233500000003, ""fee"": 0.0, ""gross_pnl"": 0.0}, {""time_ms"": 1736781600000, ""role"": ""STOP"", ""qty"": 1531.5964989993565, ""price"": 179.7844988686932, ""fee"": 0.0, ""gross_pnl"": -6956.762279171826}]",1.6917788587999014,-1.064089885417491
LTCUSDT,SHORT,1736740800000,1736804100000,100.45974500000001,3415.3482365611444,8034.974431740362,1736726400000,401748.7215870181,2.0,12617.615399914352,0.0,-17.77278812881241,12599.84261178554,1.5681247922846762,5,True,STOP,"[{""time_ms"": 1736740800000, ""role"": ""ENTRY"", ""qty"": 3415.3482365611444, ""price"": 100.45974500000001, ""fee"": 0.0, ""gross_pnl"": 0.0}, {""time_ms"": 1736763900000, ""role"": ""TP2R"", ""qty"": 1707.6741182805722, ""price"": 95.80240693966131, ""fee"": 0.0, ""gross_pnl"": 7953.215665723444}, {""time_ms"": 1736804100000, ""role"": ""STOP"", ""qty"": 1707.6741182805722, ""price"": 97.72831065649224, ""fee"": 0.0, ""gross_pnl"": 4664.399734190908}]",3.5448940903412747,-0.5441855097044097
AVAXUSDT,SHORT,1736740800000,1736804400000,35.318332,7814.961906821774,8031.541665227795,1736726400000,401577.08326138975,2.0,9368.693080420238,0.0,-46.20664714724906,9322.486433272989,1.1607343673051316,5,True,STOP,"[{""time_ms"": 1736740800000, ""role"": ""ENTRY"", ""qty"": 7814.961906821774, ""price"": 35.318332, ""fee"": 0.0, ""gross_pnl"": 0.0}, {""time_ms"": 1736778600000, ""role"": ""TP2R"", ""qty"": 3907.480953410887, ""price"": 33.27953650073898, ""fee"": 0.0, ""gross_pnl"": 7966.554581262278}, {""time_ms"": 1736804400000, ""role"": ""STOP"", ""qty"": 3907.480953410887, ""price"": 34.95949762156649, ""fee"": 0.0, ""gross_pnl"": 1402.1384991579616}]",2.6430829834559457,-0.5737669241788221
BNBUSDT,SHORT,1737936000000,1737977400000,666.30668,595.7647553890777,4247.591796562557,1737921600000,424759.17965625564,1.0000000000000002,7718.006549269483,0.0,-22.74771324247256,7695.25883602701,1.8116756987464149,3,True,STOP,"[{""time_ms"": 1737936000000, ""role"": ""ENTRY"", ""qty"": 595.7647553890777, ""price"": 666.30668, ""fee"": 0.0, ""gross_pnl"": 0.0}, {""time_ms"": 1737954600000, ""role"": ""TP2R"", ""qty"": 297.88237769453883, ""price"": 652.3734117230131, ""fee"": 0.0, ""gross_pnl"": 4150.475083404763}, {""time_ms"": 1737977400000, ""role"": ""STOP"", ""qty"": 297.88237769453883, ""price"": 654.3303707819938, ""fee"": 0.0, ""gross_pnl"": 3567.5314658647208}]",4.2536025016773875,-0.4759450899667217
BCHUSDT,SHORT,1737950400000,1737989100000,420.36971,442.0556633242625,4276.228301906893,1737936000000,427622.83019068924,1.0000000000000002,5041.775134262606,0.0,-4.2972517483821395,5037.477882514224,1.1780189285655933,3,True,STOP,"[{""time_ms"": 1737950400000, ""role"": ""ENTRY"", ""qty"": 442.0556633242625, ""price"": 420.36971, ""fee"": 0.0, ""gross_pnl"": 0.0}, {""time_ms"": 1737962400000, ""role"": ""TP2R"", ""qty"": 221.02783166213126, ""price"": 401.22320848711365, ""fee"": 0.0, ""gross_pnl"": 4231.9097133089845}, {""time_ms"": 1737989100000, ""role"": ""STOP"", ""qty"": 221.02783166213126, ""price"": 416.7056220212897, ""fee"": 0.0, ""gross_pnl"": 809.8654209536219}]",2.613293347249896,-0.022772507733103724
DOGEUSDT,SHORT,1737979200000,1737983100000,0.31159412500000006,402181.1033782397,4407.776325764713,1737964800000,440777.6325764713,1.0,-4472.638848426944,0.0,0.0,-4472.638848426944,-1.0147154750759677,1,False,STOP,"[{""time_ms"": 1737979200000, ""role"": ""ENTRY"", ""qty"": 402181.1033782397, ""price"": 0.31159412500000006, ""fee"": 0.0, ""gross_pnl"": 0.0}, {""time_ms"": 1737983100000, ""role"": ""STOP"", ""qty"": 402181.1033782397, ""price"": 0.32271508222762135, ""fee"": 0.0, ""gross_pnl"": -4472.638848426944}]",0.12902976711643827,-1.179402557076729
DOGEUSDT,SHORT,1738468800000,1738555200000,0.298400725,928191.9088597473,8660.385550527399,1738454400000,433019.2775263699,2.0000000000000004,38005.077106014236,0.0,15.770664794602318,38020.84777080884,4.3902026704219255,7,True,STOP,"[{""time_ms"": 1738468800000, ""role"": ""ENTRY"", ""qty"": 928191.9088597473, ""price"": 0.298400725, ""fee"": 0.0, ""gross_pnl"": 0.0}, {""time_ms"": 1738515300000, ""role"": ""TP2R"", ""qty"": 464095.9544298737, ""price"": 0.2798798299639159, ""fee"": 0.0, ""gross_pnl"": 8595.472458666942}, {""time_ms"": 1738555200000, ""role"": ""STOP"", ""qty"": 464095.9544298737, ""price"": 0.23503106110479105, ""fee"": 0.0, ""gross_pnl"": 29409.604647347292}]",10.331915644074819,-0.8337573506014656
BTCUSDT,SHORT,1739808000000,1739884500000,95557.69725000001,11.04307231213739,9420.802505943575,1739793600000,471040.12529717875,2.0,-9953.138187552942,0.0,205.68545104397032,-9747.452736508973,-1.0346732914058345,6,False,STOP,"[{""time_ms"": 1739808000000, ""role"": ""ENTRY"", ""qty"": 11.04307231213739, ""price"": 95557.69725000001, ""fee"": 0.0, ""gross_pnl"": 0.0}, {""time_ms"": 1739884500000, ""role"": ""STOP"", ""qty"": 11.04307231213739, ""price"": 96458.99879962525, ""fee"": 0.0, ""gross_pnl"": -9953.138187552942}]",0.6537331672269729,-1.0565078120572766
ETHUSDT,SHORT,1739908800000,1739931000000,2627.555565,160.48090373704568,9434.921042408123,1739894400000,471746.0521204061,2.0,-9650.474748774584,0.0,21.27448717929861,-9629.200261595286,-1.020591504509038,2,False,STOP,"[{""time_ms"": 1739908800000, ""role"": ""ENTRY"", ""qty"": 160.48090373704568, ""price"": 2627.555565, ""fee"": 0.0, ""gross_pnl"": 0.0}, {""time_ms"": 1739931000000, ""role"": ""STOP"", ""qty"": 160.48090373704568, ""price"": 2687.6902883474413, ""fee"": 0.0, ""gross_pnl"": -9650.474748774584}]",0.18158332342188843,-1.0022602773770775
LINKUSDT,SHORT,1739865600000,1740020400000,18.0659625,17333.644334723405,9457.55892935016,1739851200000,472877.946467508,2.0,-3881.4148340912107,0.0,-58.52617854432519,-3939.941012635536,-0.4165917486814173,11,False,STOP,"[{""time_ms"": 1739865600000, ""role"": ""ENTRY"", ""qty"": 17333.644334723405, ""price"": 18.0659625, ""fee"": 0.0, ""gross_pnl"": 0.0}, {""time_ms"": 1740020400000, ""role"": ""STOP"", ""qty"": 17333.644334723405, ""price"": 18.2898862611629, ""fee"": 0.0, ""gross_pnl"": -3881.4148340912107}]",1.4533274440530042,-0.5737295140283954
ADAUSDT,SHORT,1739894400000,1740012600000,0.7542227000000001,360080.9889298087,9362.559467736164,1739880000000,468127.9733868082,2.0,-9503.031375314655,0.0,-43.97713679636943,-9547.008512111024,-1.0197007073771314,9,False,STOP,"[{""time_ms"": 1739894400000, ""role"": ""ENTRY"", ""qty"": 360080.9889298087, ""price"": 0.7542227000000001, ""fee"": 0.0, ""gross_pnl"": 0.0}, {""time_ms"": 1740012600000, ""role"": ""STOP"", ""qty"": 360080.9889298087, ""price"": 0.7806140721286939, ""fee"": 0.0, ""gross_pnl"": -9503.031375314655}]",0.8508318394396999,-1.0529220446822576
DOGEUSDT,SHORT,1740168000000,1740240000000,0.23973007500000001,1333825.2642671173,8763.53045548656,1740153600000,438176.52277432795,2.0000000000000004,-8556.38211833742,0.0,10.992188985942057,-8545.389929351479,-0.9751081453709662,6,False,STOP,"[{""time_ms"": 1740168000000, ""role"": ""ENTRY"", ""qty"": 1333825.2642671173, ""price"": 0.23973007500000001, ""fee"": 0.0, ""gross_pnl"": 0.0}, {""time_ms"": 1740240000000, ""role"": ""STOP"", ""qty"": 1333825.2642671173, ""price"": 0.2461449948156318, ""fee"": 0.0, ""gross_pnl"": -8556.38211833742}]",0.8401654485082215,-1.0364829629909615
SOLUSDT,SHORT,1740326400000,1740501600000,166.60665500000002,2156.4030458637726,8592.62265689953,1740312000000,429631.13284497644,2.0000000000000004,32718.251676425785,0.0,-21.932209802967336,32696.31946662282,3.805161796598736,13,True,STOP,"[{""time_ms"": 1740326400000, ""role"": ""ENTRY"", ""qty"": 2156.4030458637726, ""price"": 166.60665500000002, ""fee"": 0.0, ""gross_pnl"": 0.0}, {""time_ms"": 1740371400000, ""role"": ""TP2R"", ""qty"": 1078.2015229318863, ""price"": 158.71657043536376, ""fee"": 0.0, ""gross_pnl"": 8507.101193652179}, {""time_ms"": 1740501600000, ""role"": ""STOP"", ""qty"": 1078.2015229318863, ""price"": 144.1515295268531, ""fee"": 0.0, ""gross_pnl"": 24211.150482773606}]",8.75514870207785,-0.7461901296521437
BNBUSDT,SHORT,1741507200000,1741598100000,585.4171450000001,1003.8598821595843,9246.549046231985,1741492800000,462327.4523115993,1.9999999999999998,16461.88783859751,0.0,-38.92996277297432,16422.957875824537,1.7761175324665557,7,True,STOP,"[{""time_ms"": 1741507200000, ""role"": ""ENTRY"", ""qty"": 1003.8598821595843, ""price"": 585.4171450000001, ""fee"": 0.0, ""gross_pnl"": 0.0}, {""time_ms"": 1741535100000, ""role"": ""TP2R"", ""qty"": 501.9299410797922, ""price"": 567.2786512002064, ""fee"": 0.0, ""gross_pnl"": 9104.25312420666}, {""time_ms"": 1741598100000, ""role"": ""STOP"", ""qty"": 501.9299410797922, ""price"": 570.7584563818983, ""fee"": 0.0, ""gross_pnl"": 7357.634714390852}]",3.8939487340710475,-0.0828200365969775
LTCUSDT,SHORT,1741550400000,1741708800000,97.181385,2729.567571047489,9682.102503783764,1741536000000,484105.12518918817,2.0000000000000004,18171.201312998128,0.0,55.11872222003691,18226.320035218163,1.8824754259826644,12,True,STOP,"[{""time_ms"": 1741550400000, ""role"": ""ENTRY"", ""qty"": 2729.567571047489, ""price"": 97.181385, ""fee"": 0.0, ""gross_pnl"": 0.0}, {""time_ms"": 1741626000000, ""role"": ""TP2R"", ""qty"": 1364.7837855237444, ""price"": 90.1321894660039, ""fee"": 0.0, ""gross_pnl"": 9620.627765784287}, {""time_ms"": 1741708800000, ""role"": ""STOP"", ""qty"": 1364.7837855237444, ""price"": 90.91623616257262, ""fee"": 0.0, ""gross_pnl"": 8550.573547213839}]",3.938797322556322,-0.5267978628381181
DOGEUSDT,SHORT,1742313600000,1742338800000,0.16350820500000002,2229662.183569826,9933.037083084972,1742299200000,496651.85415424855,2.0000000000000004,-10120.28763232244,0.0,0.0,-10120.28763232244,-1.0188512886513168,2,False,STOP,"[{""time_ms"": 1742313600000, ""role"": ""ENTRY"", ""qty"": 2229662.183569826, ""price"": 0.16350820500000002, ""fee"": 0.0, ""gross_pnl"": 0.0}, {""time_ms"": 1742338800000, ""role"": ""STOP"", ""qty"": 2229662.183569826, ""price"": 0.16804713816525613, ""fee"": 0.0, ""gross_pnl"": -10120.28763232244}]",0.1724384620134066,-1.0172489894754915
BTCUSDT,SHORT,1742313600000,1742343300000,81526.71625,7.965821396841933,9939.53460445284,1742299200000,496976.730222642,1.9999999999999998,-10269.218002114274,0.0,1.3170765072592394,-10267.900925607015,-1.033036387941853,3,False,STOP,"[{""time_ms"": 1742313600000, ""role"": ""ENTRY"", ""qty"": 7.965821396841933, ""price"": 81526.71625, ""fee"": 0.0, ""gross_pnl"": 0.0}, {""time_ms"": 1742343300000, ""role"": ""STOP"", ""qty"": 7.965821396841933, ""price"": 82815.87621110401, ""fee"": 0.0, ""gross_pnl"": -10269.218002114274}]",0.25935512588897436,-1.0372752447298703
BCHUSDT,SHORT,1742601600000,1742788500000,322.71856,1437.1576696688815,9531.770833294251,1742587200000,476588.54166471254,2.0,-9768.43544553518,0.0,103.5549652942153,-9664.880480240965,-1.0139648391966962,13,False,STOP,"[{""time_ms"": 1742601600000, ""role"": ""ENTRY"", ""qty"": 1437.1576696688815, ""price"": 322.71856, ""fee"": 0.0, ""gross_pnl"": 0.0}, {""time_ms"": 1742788500000, ""role"": ""STOP"", ""qty"": 1437.1576696688815, ""price"": 329.5156120226816, ""fee"": 0.0, ""gross_pnl"": -9768.43544553518}]",0.3917992259161473,-1.4974179946711303
XRPUSDT,SHORT,1743033600000,1743300000000,2.3462263,103751.82290456277,4669.236611844716,1743019200000,466923.66118447157,1.0000000000000002,13642.394986873294,0.0,-100.86288412845506,13541.532102744839,2.9001597538221278,19,True,STOP,"[{""time_ms"": 1743033600000, ""role"": ""ENTRY"", ""qty"": 103751.82290456277, ""price"": 2.3462263, ""fee"": 0.0, ""gross_pnl"": 0.0}, {""time_ms"": 1743136800000, ""role"": ""TP2R"", ""qty"": 51875.91145228138, ""price"": 2.2573466102330273, ""fee"": 0.0, ""gross_pnl"": 4610.714916257721}, {""time_ms"": 1743300000000, ""role"": ""STOP"", ""qty"": 51875.91145228138, ""price"": 2.1721246829339855, ""fee"": 0.0, ""gross_pnl"": 9031.680070615574}]",6.364477370331532,-0.9348900975089147
BTCUSDT,SHORT,1743148800000,1743425400000,85132.51245000001,9.371860836916714,9560.513887817586,1743134400000,478025.6943908793,2.0,18616.964322464664,0.0,234.5946175280231,18851.558939992687,1.971814398388579,20,True,STOP,"[{""time_ms"": 1743148800000, ""role"": ""ENTRY"", ""qty"": 9.371860836916714, ""price"": 85132.51245000001, ""fee"": 0.0, ""gross_pnl"": 0.0}, {""time_ms"": 1743241200000, ""role"": ""TP2R"", ""qty"": 4.685930418458357, ""price"": 83133.79911165766, ""fee"": 0.0, ""gross_pnl"": 9365.831629916865}, {""time_ms"": 1743425400000, ""role"": ""STOP"", ""qty"": 4.685930418458357, ""price"": 83158.27641437587, ""fee"": 0.0, ""gross_pnl"": 9251.132692547797}]",3.833348176935316,-0.43375615467201367
LINKUSDT,SHORT,1743177600000,1743433200000,14.1479225,2869.458447887658,1131.0033902774048,1743163200000,496287.546020983,2.0000000000000004,1822.8460348670487,0.0,-3.074549538168815,1819.7714853288799,1.6089885326360858,18,True,STOP,"[{""time_ms"": 1743177600000, ""role"": ""ENTRY"", ""qty"": 2869.458447887658, ""price"": 14.1479225, ""fee"": 0.0, ""gross_pnl"": 0.0}, {""time_ms"": 1743372000000, ""role"": ""TP2R"", ""qty"": 1434.729223943829, ""price"": 13.366297887966567, ""fee"": 0.0, ""gross_pnl"": 1121.4196730381234}, {""time_ms"": 1743433200000, ""role"": ""STOP"", ""qty"": 1434.729223943829, ""price"": 13.65903139070704, ""fee"": 0.0, ""gross_pnl"": 701.4263618289252}]",3.0417754054157062,-0.647154812738043
ADAUSDT,SHORT,1743148800000,1743441900000,0.7006495,406151.41781133006,7198.585781263748,1743134400000,477437.4895163596,2.0000000000000004,14645.441713691343,0.0,-114.94119336814241,14530.500520323201,2.0185215487940327,21,True,STOP,"[{""time_ms"": 1743148800000, ""role"": ""ENTRY"", ""qty"": 406151.41781133006, ""price"": 0.7006495, ""fee"": 0.0, ""gross_pnl"": 0.0}, {""time_ms"": 1743247200000, ""role"": ""TP2R"", ""qty"": 203075.70890566503, ""price"": 0.6655343074167575, ""fee"": 0.0, ""gross_pnl"": 7131.042627200938}, {""time_ms"": 1743441900000, ""role"": ""STOP"", ""qty"": 203075.70890566503, ""price"": 0.6636465559896897, ""fee"": 0.0, ""gross_pnl"": 7514.399086490405}]",4.031252333262626,-0.6234802750014831
SOLUSDT,SHORT,1743148800000,1743495300000,131.47423,2874.871256417765,9552.531395977883,1743134400000,477626.5697988941,2.0000000000000004,14033.847228520068,0.0,-273.44976937740404,13760.397459142663,1.440497485822084,25,True,STOP,"[{""time_ms"": 1743148800000, ""role"": ""ENTRY"", ""qty"": 2874.871256417765, ""price"": 131.47423, ""fee"": 0.0, ""gross_pnl"": 0.0}, {""time_ms"": 1743247800000, ""role"": ""TP2R"", ""qty"": 1437.4356282088825, ""price"": 124.89110752496413, ""fee"": 0.0, ""gross_pnl"": 9462.814790479211}, {""time_ms"": 1743495300000, ""role"": ""STOP"", ""qty"": 1437.4356282088825, ""price"": 128.29423894625342, ""fee"": 0.0, ""gross_pnl"": 4571.0324380408565}]",2.694810138095177,-0.34482391137208945
BNBUSDT,SHORT,1743998400000,1744012800000,549.814955,1059.4756394258068,10588.548433840075,1743984000000,529427.4216920037,2.0,18441.219756286297,0.0,0.0,18441.219756286297,1.7416192475778616,2,True,STOP,"[{""time_ms"": 1743998400000, ""role"": ""ENTRY"", ""qty"": 1059.4756394258068, ""price"": 549.814955, ""fee"": 0.0, ""gross_pnl"": 0.0}, {""time_ms"": 1744008000000, ""role"": ""TP2R"", ""qty"": 529.7378197129034, ""price"": 530.0915872669469, ""fee"": 0.0, ""gross_pnl"": 10448.213820303392}, {""time_ms"": 1744012800000, ""role"": ""STOP"", ""qty"": 529.7378197129034, ""price"": 534.7263476955135, ""fee"": 0.0, ""gross_pnl"": 7993.005935982905}]",4.024853849022216,-0.3937352077665563
XRPUSDT,SHORT,1744790400000,1744813800000,2.04847525,207373.40396175953,10974.655783370235,1744776000000,548732.7891685118,2.0,-11192.542754023849,0.0,0.0,-11192.542754023849,-1.0198536496227768,2,False,STOP,"[{""time_ms"": 1744790400000, ""role"": ""ENTRY"", ""qty"": 207373.40396175953, ""price"": 2.04847525, ""fee"": 0.0, ""gross_pnl"": 0.0}, {""time_ms"": 1744813800000, ""role"": ""STOP"", ""qty"": 207373.40396175953, ""price"": 2.1024481440172473, ""fee"": 0.0, ""gross_pnl"": -11192.542754023849}]",0.2678507556440398,-1.0189439364678423
DOGEUSDT,SHORT,1744761600000,1744871100000,0.153413255,1251730.7034901166,5478.686414482901,1744747200000,547868.6414482901,1.0,-5577.441798493032,0.0,2.700037914930034,-5574.741760578102,-1.0175325504743764,8,False,STOP,"[{""time_ms"": 1744761600000, ""role"": ""ENTRY"", ""qty"": 1251730.7034901166, ""price"": 0.153413255, ""fee"": 0.0, ""gross_pnl"": 0.0}, {""time_ms"": 1744871100000, ""role"": ""STOP"", ""qty"": 1251730.7034901166, ""price"": 0.15786903912588413, ""fee"": 0.0, ""gross_pnl"": -5577.441798493032}]",0.7569885732150575,-1.0022518153925062
DOGEUSDT,SHORT,1745164800000,1745179500000,0.15271360500000003,1858599.0371043342,5311.013569336882,1745150400000,531101.3569336882,1.0,-5455.585755724379,0.0,0.0,-5455.585755724379,-1.0272212044838642,2,False,STOP,"[{""time_ms"": 1745164800000, ""role"": ""ENTRY"", ""qty"": 1858599.0371043342, ""price"": 0.15271360500000003, ""fee"": 0.0, ""gross_pnl"": 0.0}, {""time_ms"": 1745179500000, ""role"": ""STOP"", ""qty"": 1858599.0371043342, ""price"": 0.1556489265227229, ""fee"": 0.0, ""gross_pnl"": -5455.585755724379}]",0.12724424331883805,-1.1465804996867477
BTCUSDT,LONG,1745294400000,1745755200000,88155.0555,7.002119485832448,10512.915423559276,1745280000000,525645.7711779638,2.0,39695.77824610219,0.0,107.82876405258374,39803.607010154774,3.786162582546372,32,False,BB_MID,"[{""time_ms"": 1745294400000, ""role"": ""ENTRY"", ""qty"": 7.002119485832448, ""price"": 88155.0555, ""fee"": 0.0, ""gross_pnl"": 0.0}, {""time_ms"": 1745755200000, ""role"": ""BB_MID"", ""qty"": 7.002119485832448, ""price"": 93824.16445000001, ""fee"": 0.0, ""gross_pnl"": 39695.77824610219}]",5.071661691456552,-0.16248637903030314
BNBUSDT,SHORT,1746374400000,1746424500000,588.5056,1369.9568603059888,5654.493781881183,1746360000000,565449.3781881183,1.0,-4728.03733340306,0.0,-242.53989561250853,-4970.577229015568,-0.8790490220261443,4,False,STOP,"[{""time_ms"": 1746374400000, ""role"": ""ENTRY"", ""qty"": 1369.9568603059888, ""price"": 588.5056, ""fee"": 0.0, ""gross_pnl"": 0.0}, {""time_ms"": 1746424500000, ""role"": ""STOP"", ""qty"": 1369.9568603059888, ""price"": 591.9568308163828, ""fee"": 0.0, ""gross_pnl"": -4728.03733340306}]",1.329037689806131,-0.885379053089463
AVAXUSDT,SHORT,1748592000000,1748725200000,21.4142875,8034.960571814296,5604.788009591029,1748577600000,560478.8009591028,1.0,6989.579478167996,0.0,-57.74783311033771,6931.8316450576585,1.2367696393147725,10,True,STOP,"[{""time_ms"": 1748592000000, ""role"": ""ENTRY"", ""qty"": 8034.960571814296, ""price"": 21.4142875, ""fee"": 0.0, ""gross_pnl"": 0.0}, {""time_ms"": 1748654700000, ""role"": ""TP2R"", ""qty"": 4017.480285907148, ""price"": 20.029196779285897, ""fee"": 0.0, ""gross_pnl"": 5564.574664661834}, {""time_ms"": 1748725200000, ""role"": ""STOP"", ""qty"": 4017.480285907148, ""price"": 21.059586365932233, ""fee"": 0.0, ""gross_pnl"": 1425.0048135061622}]",2.3730014007233695,-0.6432691547674243
LINKUSDT,SHORT,1748606400000,1748819100000,14.518737,13429.01279180997,5575.162105592677,1748592000000,557516.2105592677,1.0,8302.280652230578,0.0,-38.37559974455572,8263.905052486023,1.4822717072560376,15,True,STOP,"[{""time_ms"": 1748606400000, ""role"": ""ENTRY"", ""qty"": 13429.01279180997, ""price"": 14.518737, ""fee"": 0.0, ""gross_pnl"": 0.0}, {""time_ms"": 1748650500000, ""role"": ""TP2R"", ""qty"": 6714.506395904985, ""price"": 13.695265208567331, ""fee"": 0.0, ""gross_pnl"": 5529.2066104219875}, {""time_ms"": 1748819100000, ""role"": ""STOP"", ""qty"": 6714.506395904985, ""price"": 14.105739546680152, ""fee"": 0.0, ""gross_pnl"": 2773.074041808591}]",2.726039236548615,-0.1716527197698443
ETHUSDT,LONG,1748966400000,1749139200000,2623.861275,156.75867860478144,11513.49075313293,1748952000000,575674.5376566465,2.0,-5769.573707454399,0.0,-152.54857746657498,-5922.1222849209735,-0.5143637504819734,12,False,BB_MID,"[{""time_ms"": 1748966400000, ""role"": ""ENTRY"", ""qty"": 156.75867860478144, ""price"": 2623.861275, ""fee"": 0.0, ""gross_pnl"": 0.0}, {""time_ms"": 1749139200000, ""role"": ""BB_MID"", ""qty"": 156.75867860478144, ""price"": 2587.055825, ""fee"": 0.0, ""gross_pnl"": -5769.573707454399}]",0.7594394621700777,-0.869348984668868
LINKUSDT,SHORT,1749153600000,1749213000000,13.1804065,35184.25858536073,11395.048307434507,1749139200000,569752.4153717255,2.0,-3387.229641535338,0.0,-130.366847999066,-3517.596489534404,-0.30869518010199287,5,False,STOP,"[{""time_ms"": 1749153600000, ""role"": ""ENTRY"", ""qty"": 35184.25858536073, ""price"": 13.1804065, ""fee"": 0.0, ""gross_pnl"": 0.0}, {""time_ms"": 1749213000000, ""role"": ""STOP"", ""qty"": 35184.25858536073, ""price"": 13.276677667212962, ""fee"": 0.0, ""gross_pnl"": -3387.229641535338}]",1.6902159014755016,-0.5915793479239752
LTCUSDT,SHORT,1749168000000,1749213000000,83.488235,6597.12907101279,11607.648978025916,1749153600000,580382.4489012958,2.0,-11888.844133617964,0.0,34.188767742021994,-11854.655365875942,-1.0212796224556433,4,False,STOP,"[{""time_ms"": 1749168000000, ""role"": ""ENTRY"", ""qty"": 6597.12907101279, ""price"": 83.488235, ""fee"": 0.0, ""gross_pnl"": 0.0}, {""time_ms"": 1749213000000, ""role"": ""STOP"", ""qty"": 6597.12907101279, ""price"": 85.29035892476244, ""fee"": 0.0, ""gross_pnl"": -11888.844133617964}]",0.21496731326888469,-1.3195594910352746
ETHUSDT,LONG,1749556800000,1749569400000,2774.3764949999995,142.59141952440467,11087.6032703263,1749542400000,554380.1635163152,2.0,-11279.860610049742,0.0,0.0,-11279.860610049742,-1.0173398465868615,1,False,STOP,"[{""time_ms"": 1749556800000, ""role"": ""ENTRY"", ""qty"": 142.59141952440467, ""price"": 2774.3764949999995, ""fee"": 0.0, ""gross_pnl"": 0.0}, {""time_ms"": 1749569400000, ""role"": ""STOP"", ""qty"": 142.59141952440467, ""price"": 2695.270328249768, ""fee"": 0.0, ""gross_pnl"": -11279.860610049742}]",0.05303007485302499,-1.1040234110833556
DOGEUSDT,SHORT,1750118400000,1750372500000,0.17251370000000002,1299601.9367488374,5431.003029062655,1750104000000,543100.3029062655,1.0,6070.703819979906,0.0,62.76310115012491,6133.466921130032,1.129343306992892,18,True,STOP,"[{""time_ms"": 1750118400000, ""role"": ""ENTRY"", ""qty"": 1299601.9367488374, ""price"": 0.17251370000000002, ""fee"": 0.0, ""gross_pnl"": 0.0}, {""time_ms"": 1750179300000, ""role"": ""TP2R"", ""qty"": 649800.9683744187, ""price"": 0.16423782937553577, ""fee"": 0.0, ""gross_pnl"": 5377.668745918274}, {""time_ms"": 1750372500000, ""role"": ""STOP"", ""qty"": 649800.9683744187, ""price"": 0.17144716561825638, ""fee"": 0.0, ""gross_pnl"": 693.0350740616321}]",2.0827359727753842,-0.8390336456153478
XRPUSDT,SHORT,1750536000000,1750550400000,2.06866515,49321.966805283446,1604.6275283850118,1750521600000,575512.9625541698,2.0,1721.333194711753,0.0,-0.6289652127192401,1720.7042294990338,1.072338719771839,2,True,STOP,"[{""time_ms"": 1750536000000, ""role"": ""ENTRY"", ""qty"": 49321.966805283446, ""price"": 2.06866515, ""fee"": 0.0, ""gross_pnl"": 0.0}, {""time_ms"": 1750541400000, ""role"": ""TP2R"", ""qty"": 24660.983402641723, ""price"": 2.0045994897670396, ""fee"": 0.0, ""gross_pnl"": 1579.9221836843244}, {""time_ms"": 1750550400000, ""role"": ""STOP"", ""qty"": 24660.983402641723, ""price"": 2.06293095, ""fee"": 0.0, ""gross_pnl"": 141.4110110274287}]",2.599306971494921,-0.7449145961206669
XRPUSDT,SHORT,1750564800000,1750632900000,2.0574707500000002,317568.2055550004,12325.211389933687,1750550400000,616260.5694966844,2.0,18950.98729931569,0.0,64.30346673137186,19015.290766047063,1.5427963192239715,5,True,STOP,"[{""time_ms"": 1750564800000, ""role"": ""ENTRY"", ""qty"": 317568.2055550004, ""price"": 2.0574707500000002, ""fee"": 0.0, ""gross_pnl"": 0.0}, {""time_ms"": 1750598400000, ""role"": ""TP2R"", ""qty"": 158784.1027775002, ""price"": 1.9808382221885446, ""fee"": 0.0, ""gross_pnl"": 12168.027172113822}, {""time_ms"": 1750632900000, ""role"": ""STOP"", ""qty"": 158784.1027775002, ""price"": 2.01475261884863, ""fee"": 0.0, ""gross_pnl"": 6782.96012720187}]",3.8769903861480333,-0.809797918159129
ETHUSDT,SHORT,1750464000000,1750638900000,2404.227285,204.0629934116322,10984.675396547911,1750449600000,549233.7698273956,2.0,27384.61061085225,0.0,27.657494765913555,27412.268105618165,2.4955009698541346,13,True,STOP,"[{""time_ms"": 1750464000000, ""role"": ""ENTRY"", ""qty"": 204.0629934116322, ""price"": 2404.227285, ""fee"": 0.0, ""gross_pnl"": 0.0}, {""time_ms"": 1750541400000, ""role"": ""TP2R"", ""qty"": 102.0314967058161, ""price"": 2297.7159171287103, ""fee"": 0.0, ""gross_pnl"": 10867.514280091453}, {""time_ms"": 1750638900000, ""role"": ""STOP"", ""qty"": 102.0314967058161, ""price"": 2242.3449558758475, ""fee"": 0.0, ""gross_pnl"": 16517.096330760796}]",5.44730138733734,-0.8124253481101839
DOGEUSDT,SHORT,1750464000000,1750638000000,0.16218886500000002,2791417.1902363147,10961.708024231775,1750449600000,548769.1704144196,2.0,24707.025654781406,0.0,64.60591305899118,24771.6315678404,2.2598331859488163,13,True,STOP,"[{""time_ms"": 1750464000000, ""role"": ""ENTRY"", ""qty"": 2791417.1902363147, ""price"": 0.16218886500000002, ""fee"": 0.0, ""gross_pnl"": 0.0}, {""time_ms"": 1750540800000, ""role"": ""TP2R"", ""qty"": 1395708.5951181573, ""price"": 0.15441216668363797, ""fee"": 0.0, ""gross_pnl"": 10854.004681787412}, {""time_ms"": 1750638000000, ""role"": ""STOP"", ""qty"": 1395708.5951181573, ""price"": 0.15226342567731588, ""fee"": 0.0, ""gross_pnl"": 13853.020972993992}]",4.99343010423408,-0.5376040409836135
SOLUSDT,SHORT,1750464000000,1750652700000,139.939995,3130.7733712581608,10979.76680408549,1750449600000,548988.3402042745,2.0,20898.197961838458,0.0,-8.497141963685712,20889.70081987477,1.9025632504418828,14,True,STOP,"[{""time_ms"": 1750464000000, ""role"": ""ENTRY"", ""qty"": 3130.7733712581608, ""price"": 139.939995, ""fee"": 0.0, ""gross_pnl"": 0.0}, {""time_ms"": 1750541400000, ""role"": ""TP2R"", ""qty"": 1565.3866856290804, ""price"": 132.99236558367025, ""fee"": 0.0, ""gross_pnl"": 10875.726585007547}, {""time_ms"": 1750652700000, ""role"": ""STOP"", ""qty"": 1565.3866856290804, ""price"": 133.53744189996314, ""fee"": 0.0, ""gross_pnl"": 10022.471376830908}]",4.023327398733875,-0.738514654282846
BTCUSDT,SHORT,1751400000000,1751426400000,105287.42995,15.39163329581811,12979.094930092919,1751385600000,648954.7465046459,2.0,-13795.857233782584,0.0,29.38076034093266,-13766.476473441651,-1.0606653659280305,2,False,STOP,"[{""time_ms"": 1751400000000, ""role"": ""ENTRY"", ""qty"": 15.39163329581811, ""price"": 105287.42995, ""fee"": 0.0, ""gross_pnl"": 0.0}, {""time_ms"": 1751426400000, ""role"": ""STOP"", ""qty"": 15.39163329581811, ""price"": 106183.75180023086, ""fee"": 0.0, ""gross_pnl"": -13795.857233782584}]",0.3289982913813747,-1.0004904118666136
AVAXUSDT,SHORT,1751385600000,1751439000000,17.243374,18261.432201861062,6428.698414299557,1751371200000,642869.8414299558,1.0,-6589.3571161228365,0.0,-29.28670684380683,-6618.643822966644,-1.0295464799289051,4,False,STOP,"[{""time_ms"": 1751385600000, ""role"": ""ENTRY"", ""qty"": 18261.432201861062, ""price"": 17.243374, ""fee"": 0.0, ""gross_pnl"": 0.0}, {""time_ms"": 1751439000000, ""role"": ""STOP"", ""qty"": 18261.432201861062, ""price"": 17.604208629139947, ""fee"": 0.0, ""gross_pnl"": -6589.3571161228365}]",0.881651835714238,-1.0982541148255114
LINKUSDT,SHORT,1751400000000,1751433300000,12.8025955,50185.6406639147,12962.88136818747,1751385600000,648144.0684093735,2.0,-13290.61603753576,0.0,-34.97115168420348,-13325.587189219963,-1.027980339457755,3,False,STOP,"[{""time_ms"": 1751400000000, ""role"": ""ENTRY"", ""qty"": 50185.6406639147, ""price"": 12.8025955, ""fee"": 0.0, ""gross_pnl"": 0.0}, {""time_ms"": 1751433300000, ""role"": ""STOP"", ""qty"": 50185.6406639147, ""price"": 13.067424559900639, ""fee"": 0.0, ""gross_pnl"": -13290.61603753576}]",0.33525344579464833,-1.0700967262518881
DOGEUSDT,SHORT,1751385600000,1751454300000,0.159210355,2178716.6340546263,6430.4336531627505,1751371200000,643043.365316275,1.0,-6607.085994365391,0.0,-22.90512867509211,-6629.991123040483,-1.031033283389773,5,False,STOP,"[{""time_ms"": 1751385600000, ""role"": ""ENTRY"", ""qty"": 2178716.6340546263, ""price"": 0.159210355, ""fee"": 0.0, ""gross_pnl"": 0.0}, {""time_ms"": 1751454300000, ""role"": ""STOP"", ""qty"": 2178716.6340546263, ""price"": 0.16224291365911736, ""fee"": 0.0, ""gross_pnl"": -6607.085994365391}]",0.9352450672495305,-1.0027671756204382
SOLUSDT,LONG,1752120000000,1752336000000,157.35863999999998,3087.901278376563,12054.053334152131,1752105600000,602702.6667076065,2.0,1921.69360257219,0.0,-289.3316708599993,1632.3619317121907,0.1354201683418227,15,False,BB_MID,"[{""time_ms"": 1752120000000, ""role"": ""ENTRY"", ""qty"": 3087.901278376563, ""price"": 157.35863999999998, ""fee"": 0.0, ""gross_pnl"": 0.0}, {""time_ms"": 1752336000000, ""role"": ""BB_MID"", ""qty"": 3087.901278376563, ""price"": 157.98097, ""fee"": 0.0, ""gross_pnl"": 1921.69360257219}]",2.7721207507104064,-0.47613003468143755
BTCUSDT,LONG,1752134400000,1752552000000,111241.7931,8.689227600727877,12082.338692412608,1752120000000,604116.9346206305,2.0,51342.92803240445,0.0,-1334.7641817944482,50008.163850610006,4.138947361408915,29,False,BB_MID,"[{""time_ms"": 1752134400000, ""role"": ""ENTRY"", ""qty"": 8.689227600727877, ""price"": 111241.7931, ""fee"": 0.0, ""gross_pnl"": 0.0}, {""time_ms"": 1752552000000, ""role"": ""BB_MID"", ""qty"": 8.689227600727877, ""price"": 117150.5954, ""fee"": 0.0, ""gross_pnl"": 51342.92803240445}]",8.671872795335911,-0.5822331991319246
XRPUSDT,SHORT,1756483200000,1756604700000,2.8315835000000003,227729.00685014576,13086.863849798576,1756468800000,654343.1924899288,2.0,-5635.801523935051,0.0,28.403436932352378,-5607.398087002698,-0.4284753132118054,9,False,STOP,"[{""time_ms"": 1756483200000, ""role"": ""ENTRY"", ""qty"": 227729.00685014576, ""price"": 2.8315835000000003, ""fee"": 0.0, ""gross_pnl"": 0.0}, {""time_ms"": 1756604700000, ""role"": ""STOP"", ""qty"": 227729.00685014576, ""price"": 2.856331342191415, ""fee"": 0.0, ""gross_pnl"": -5635.801523935051}]",1.252609574970849,-0.45968257777431
SOLUSDT,LONG,1756900800000,1757001600000,210.36513,1802.6359708432271,12974.71588805852,1756886400000,648735.794402926,2.0,-12234.4362550338,0.0,-64.0993673805262,-12298.535622414325,-0.9478847728552942,7,False,BB_MID,"[{""time_ms"": 1756900800000, ""role"": ""ENTRY"", ""qty"": 1802.6359708432271, ""price"": 210.36513, ""fee"": 0.0, ""gross_pnl"": 0.0}, {""time_ms"": 1757001600000, ""role"": ""BB_MID"", ""qty"": 1802.6359708432271, ""price"": 203.57816000000003, ""fee"": 0.0, ""gross_pnl"": -12234.4362550338}]",0.35912768203595424,-0.9843691612434677
ETHUSDT,LONG,1757620800000,1757865600000,4424.571179999999,141.600266231657,13287.93884824129,1757606400000,664396.9424120645,2.0,21715.63416494367,0.0,-450.2203672652192,21265.41379767845,1.6003545802359718,17,False,BB_MID,"[{""time_ms"": 1757620800000, ""role"": ""ENTRY"", ""qty"": 141.600266231657, ""price"": 4424.571179999999, ""fee"": 0.0, ""gross_pnl"": 0.0}, {""time_ms"": 1757865600000, ""role"": ""BB_MID"", ""qty"": 141.600266231657, ""price"": 4577.92989, ""fee"": 0.0, ""gross_pnl"": 21715.63416494367}]",3.6596806245883853,-0.12160096042518288
SOLUSDT,LONG,1757390400000,1757894400000,214.63726499999999,2379.7518603486674,12728.745175610235,1757376000000,636437.2587805117,2.0,59167.5920224595,0.0,-425.62183048921145,58741.97019197029,4.614906605603731,35,False,BB_MID,"[{""time_ms"": 1757390400000, ""role"": ""ENTRY"", ""qty"": 2379.7518603486674, ""price"": 214.63726499999999, ""fee"": 0.0, ""gross_pnl"": 0.0}, {""time_ms"": 1757894400000, ""role"": ""BB_MID"", ""qty"": 2379.7518603486674, ""price"": 239.50019000000003, ""fee"": 0.0, ""gross_pnl"": 59167.5920224595}]",6.5272456098271245,-0.5566261108028879
ETHUSDT,LONG,1759809600000,1759848600000,4691.08437,141.78282375299978,14328.892855403214,1759795200000,716444.6427701606,2.0,-14654.286003196461,0.0,-66.3094163612742,-14720.595419557736,-1.0273365547573912,3,False,STOP,"[{""time_ms"": 1759809600000, ""role"": ""ENTRY"", ""qty"": 141.78282375299978, ""price"": 4691.08437, ""fee"": 0.0, ""gross_pnl"": 0.0}, {""time_ms"": 1759848600000, ""role"": ""STOP"", ""qty"": 141.78282375299978, ""price"": 4587.727097128035, ""fee"": 0.0, ""gross_pnl"": -14654.286003196461}]",0.6225432606424488,-1.0002187580381385
BCHUSDT,SHORT,1759852800000,1759945500000,577.711,813.2437878261725,7017.240473506027,1759838400000,701724.0473506028,1.0,-7255.659034697173,0.0,110.84582358020725,-7144.813211116966,-1.0181799010725936,7,False,STOP,"[{""time_ms"": 1759852800000, ""role"": ""ENTRY"", ""qty"": 813.2437878261725, ""price"": 577.711, ""fee"": 0.0, ""gross_pnl"": 0.0}, {""time_ms"": 1759945500000, ""role"": ""STOP"", ""qty"": 813.2437878261725, ""price"": 586.6328745268154, ""fee"": 0.0, ""gross_pnl"": -7255.659034697173}]",0.5749414526462553,-1.015100218449616
XRPUSDT,SHORT,1761782400000,1761906000000,2.5476255500000002,254708.5387379532,13891.584682789715,1761768000000,694579.2341394858,2.0,20188.93845570429,0.0,26.388910987267636,20215.32736669156,1.4552211161147317,9,True,STOP,"[{""time_ms"": 1761782400000, ""role"": ""ENTRY"", ""qty"": 254708.5387379532, ""price"": 2.5476255500000002, ""fee"": 0.0, ""gross_pnl"": 0.0}, {""time_ms"": 1761844800000, ""role"": ""TP2R"", ""qty"": 127354.2693689766, ""price"": 2.439766543404307, ""fee"": 0.0, ""gross_pnl"": 13736.304979858143}, {""time_ms"": 1761906000000, ""role"": ""STOP"", ""qty"": 127354.2693689766, ""price"": 2.4969587485820495, ""fee"": 0.0, ""gross_pnl"": 6452.633475846148}]",3.15600043631323,-0.8392954106580753
SOLUSDT,SHORT,1761840000000,1761911700000,184.84753,2821.716515069776,14377.003653877191,1761825600000,718850.1826938596,2.0,-10430.002187184446,0.0,-154.2212814615634,-10584.223468646009,-0.7361911927866593,5,False,STOP,"[{""time_ms"": 1761840000000, ""role"": ""ENTRY"", ""qty"": 2821.716515069776, ""price"": 184.84753, ""fee"": 0.0, ""gross_pnl"": 0.0}, {""time_ms"": 1761911700000, ""role"": ""STOP"", ""qty"": 2821.716515069776, ""price"": 188.54386240316012, ""fee"": 0.0, ""gross_pnl"": -10430.002187184446}]",1.2458041092638,-0.8522790708125456
ADAUSDT,SHORT,1762142400000,1762186500000,0.57481245,998469.2612305826,14084.206760750627,1762128000000,704210.3380375314,2.0,21847.923351014935,0.0,11.42859884216845,21859.351949857104,1.552047078062925,4,True,STOP,"[{""time_ms"": 1762142400000, ""role"": ""ENTRY"", ""qty"": 998469.2612305826, ""price"": 0.57481245, ""fee"": 0.0, ""gross_pnl"": 0.0}, {""time_ms"": 1762183800000, ""role"": ""TP2R"", ""qty"": 499234.6306152913, ""price"": 0.5468741523174727, ""fee"": 0.0, ""gross_pnl"": 13947.765723556573}, {""time_ms"": 1762186500000, ""role"": ""STOP"", ""qty"": 499234.6306152913, ""price"": 0.5589879115105093, ""fee"": 0.0, ""gross_pnl"": 7900.157627458362}]",3.5738811963905794,-0.7293135227890648
DOGEUSDT,SHORT,1762156800000,1762189500000,0.1733133,3358746.302907762,13987.39785430459,1762142400000,701934.814187174,2.0,20169.71848045937,0.0,-30.510255909894607,20139.208224549475,1.4398109236845422,3,True,STOP,"[{""time_ms"": 1762156800000, ""role"": ""ENTRY"", ""qty"": 3358746.302907762, ""price"": 0.1733133, ""fee"": 0.0, ""gross_pnl"": 0.0}, {""time_ms"": 1762183800000, ""role"": ""TP2R"", ""qty"": 1679373.151453881, ""price"": 0.1650668523955248, ""fee"": 0.0, ""gross_pnl"": 13848.862701826842}, {""time_ms"": 1762189500000, ""role"": ""STOP"", ""qty"": 1679373.151453881, ""price"": 0.16954948147452198, ""fee"": 0.0, ""gross_pnl"": 6320.855778632529}]",3.336150904996789,-0.577912690509506
BTCUSDT,SHORT,1762185600000,1762190400000,105665.9406,11.59198161960649,15690.348042488638,1762171200000,784517.4021244319,2.0,-16310.632037136662,0.0,0.0,-16310.632037136662,-1.0395328384665736,1,False,STOP,"[{""time_ms"": 1762185600000, ""role"": ""ENTRY"", ""qty"": 11.59198161960649, ""price"": 105665.9406, ""fee"": 0.0, ""gross_pnl"": 0.0}, {""time_ms"": 1762190400000, ""role"": ""STOP"", ""qty"": 11.59198161960649, ""price"": 107073.0021855316, ""fee"": 0.0, ""gross_pnl"": -16310.632037136662}]",0.27035580712299945,-1.5745679907489782
ETHUSDT,SHORT,1762185600000,1762190400000,3585.58631,133.709975585091,10285.886947768653,1762171200000,783904.6569312084,2.0,-10530.744220226637,0.0,0.0,-10530.744220226637,-1.023805168548066,1,False,STOP,"[{""time_ms"": 1762185600000, ""role"": ""ENTRY"", ""qty"": 133.709975585091, ""price"": 3585.58631, ""fee"": 0.0, ""gross_pnl"": 0.0}, {""time_ms"": 1762190400000, ""role"": ""STOP"", ""qty"": 133.709975585091, ""price"": 3664.34441442823, ""fee"": 0.0, ""gross_pnl"": -10530.744220226637}]",0.30309717155803945,-1.0713254514398234
SOLUSDT,SHORT,1762156800000,1762318200000,176.28181500000002,3281.7102861826806,14044.48423617522,1762142400000,702224.211808761,2.0,44118.418346132676,0.0,-77.6819040924155,44040.73644204026,3.135803045625691,12,True,STOP,"[{""time_ms"": 1762156800000, ""role"": ""ENTRY"", ""qty"": 3281.7102861826806, ""price"": 176.28181500000002, ""fee"": 0.0, ""gross_pnl"": 0.0}, {""time_ms"": 1762183500000, ""role"": ""TP2R"", ""qty"": 1640.8551430913403, ""price"": 167.80642942104825, ""fee"": 0.0, ""gross_pnl"": 13906.880016905194}, {""time_ms"": 1762318200000, ""role"": ""STOP"", ""qty"": 1640.8551430913403, ""price"": 157.86974586858997, ""fee"": 0.0, ""gross_pnl"": 30211.538329227486}]",7.1529225619736785,-0.12809187742169031
LTCUSDT,SHORT,1763683200000,1763950800000,87.146405,5486.795162324384,15268.165167932297,1763668800000,763408.2583966148,2.0,22166.89433159898,0.0,16.349441201474963,22183.243772800455,1.4529082917829503,19,True,STOP,"[{""time_ms"": 1763683200000, ""role"": ""ENTRY"", ""qty"": 5486.795162324384, ""price"": 87.146405, ""fee"": 0.0, ""gross_pnl"": 0.0}, {""time_ms"": 1763710200000, ""role"": ""TP2R"", ""qty"": 2743.397581162192, ""price"": 81.62177352250428, ""fee"": 0.0, ""gross_pnl"": 15156.260632174259}, {""time_ms"": 1763950800000, ""role"": ""STOP"", ""qty"": 2743.397581162192, ""price"": 84.59094831097909, ""fee"": 0.0, ""gross_pnl"": 7010.633699424721}]",2.5789257454183665,-0.5259601188012086
BTCUSDT,SHORT,1764561600000,1764624300000,86275.94045000001,14.511202484890655,17573.565253348315,1764547200000,878678.2626674158,2.0,16956.368215252958,0.0,48.73416522542277,17005.10238047838,0.9676523878521676,5,True,STOP,"[{""time_ms"": 1764561600000, ""role"": ""ENTRY"", ""qty"": 14.511202484890655, ""price"": 86275.94045000001, ""fee"": 0.0, ""gross_pnl"": 0.0}, {""time_ms"": 1764603600000, ""role"": ""TP2R"", ""qty"": 7.255601242445327, ""price"": 83895.79860529827, ""fee"": 0.0, ""gross_pnl"": 17269.36012561402}, {""time_ms"": 1764624300000, ""role"": ""STOP"", ""qty"": 7.255601242445327, ""price"": 86319.078420225, ""fee"": 0.0, ""gross_pnl"": -312.9919103610639}]",2.056044378267842,-0.5037508058419975
AVAXUSDT,SHORT,1764489600000,1764672600000,14.120936,67663.18162247416,15711.830043388307,1764475200000,785591.5021694154,2.0,49898.45066312844,0.0,-685.0207867062658,49213.429876422175,3.132253196509828,13,True,STOP,"[{""time_ms"": 1764489600000, ""role"": ""ENTRY"", ""qty"": 67663.18162247416, ""price"": 14.120936, ""fee"": 0.0, ""gross_pnl"": 0.0}, {""time_ms"": 1764546900000, ""role"": ""TP2R"", ""qty"": 33831.59081123708, ""price"": 13.663351277470303, ""fee"": 0.0, ""gross_pnl"": 15480.819094098173}, {""time_ms"": 1764672600000, ""role"": ""STOP"", ""qty"": 33831.59081123708, ""price"": 13.103613706139715, ""fee"": 0.0, ""gross_pnl"": 34417.631569030265}]",6.791093505999229,-0.7453021597086067
ETHUSDT,SHORT,1764561600000,1764672600000,2823.397595,322.5503238253957,17561.039313964182,1764547200000,878051.9656982091,2.0,-836.3391529865565,0.0,161.50254454025765,-674.8366084462989,-0.03842805635710197,8,False,STOP,"[{""time_ms"": 1764561600000, ""role"": ""ENTRY"", ""qty"": 322.5503238253957, ""price"": 2823.397595, ""fee"": 0.0, ""gross_pnl"": 0.0}, {""time_ms"": 1764672600000, ""role"": ""STOP"", ""qty"": 322.5503238253957, ""price"": 2825.990490096392, ""fee"": 0.0, ""gross_pnl"": -836.3391529865565}]",1.9345922110649254,-0.5723718080817368
XRPUSDT,SHORT,1764547200000,1764686100000,2.15262315,428752.07575542975,16295.851167966885,1764532800000,814792.5583983442,2.0,34439.96738330333,0.0,1.6294200628716604,34441.5968033662,2.1135193521568736,10,True,STOP,"[{""time_ms"": 1764547200000, ""role"": ""ENTRY"", ""qty"": 428752.07575542975, ""price"": 2.15262315, ""fee"": 0.0, ""gross_pnl"": 0.0}, {""time_ms"": 1764549300000, ""role"": ""TP2R"", ""qty"": 214376.03787771487, ""price"": 2.0776461896936946, ""fee"": 0.0, ""gross_pnl"": 16073.263682580477}, {""time_ms"": 1764686100000, ""role"": ""STOP"", ""qty"": 214376.03787771487, ""price"": 2.0669479790128413, ""fee"": 0.0, ""gross_pnl"": 18366.703700722857}]",4.476026010837255,-0.18882654874352706
BNBUSDT,SHORT,1765425600000,1765487100000,867.855855,1134.2743895435556,17711.535892424716,1765411200000,885576.7946212357,2.0000000000000004,-18212.58499544185,0.0,0.0,-18212.58499544185,-1.0282894214290832,5,False,STOP,"[{""time_ms"": 1765425600000, ""role"": ""ENTRY"", ""qty"": 1134.2743895435556, ""price"": 867.855855, ""fee"": 0.0, ""gross_pnl"": 0.0}, {""time_ms"": 1765487100000, ""role"": ""STOP"", ""qty"": 1134.2743895435556, ""price"": 883.9124504440449, ""fee"": 0.0, ""gross_pnl"": -18212.58499544185}]",0.5543344578208909,-1.0306941535718703
DOGEUSDT,SHORT,1765742400000,1765762500000,0.13417288,7242305.786295098,17347.28419251588,1765728000000,867364.2096257939,2.0000000000000004,-17841.818347205975,0.0,-77.88983996267798,-17919.708187168653,-1.0329979026284548,2,False,STOP,"[{""time_ms"": 1765742400000, ""role"": ""ENTRY"", ""qty"": 7242305.786295098, ""price"": 0.13417288, ""fee"": 0.0, ""gross_pnl"": 0.0}, {""time_ms"": 1765762500000, ""role"": ""STOP"", ""qty"": 7242305.786295098, ""price"": 0.13663643496076522, ""fee"": 0.0, ""gross_pnl"": -17841.818347205975}]",0.698409524472092,-1.0800949553777024
LTCUSDT,SHORT,1765742400000,1765762500000,79.02047,13385.868323603154,17337.562121228355,1765728000000,866878.1060614177,2.0,-17875.10970543345,0.0,-15.117266139093267,-17890.22697157254,-1.031876733676847,2,False,STOP,"[{""time_ms"": 1765742400000, ""role"": ""ENTRY"", ""qty"": 13385.868323603154, ""price"": 79.02047, ""fee"": 0.0, ""gross_pnl"": 0.0}, {""time_ms"": 1765762500000, ""role"": ""STOP"", ""qty"": 13385.868323603154, ""price"": 80.35584169747251, ""fee"": 0.0, ""gross_pnl"": -17875.10970543345}]",0.8650849396053936,-1.0573775088469797
LINKUSDT,SHORT,1765756800000,1765764000000,13.2603665,60405.12658931022,17398.81107184724,1765742400000,869940.5535923621,2.0,-17808.00753590973,0.0,0.0,-17808.00753590973,-1.023518645174819,1,False,STOP,"[{""time_ms"": 1765756800000, ""role"": ""ENTRY"", ""qty"": 60405.12658931022, ""price"": 13.2603665, ""fee"": 0.0, ""gross_pnl"": 0.0}, {""time_ms"": 1765764000000, ""role"": ""STOP"", ""qty"": 60405.12658931022, ""price"": 13.555176039213203, ""fee"": 0.0, ""gross_pnl"": -17808.00753590973}]",0.03251857933639454,-1.0992869898371573
BNBUSDT,SHORT,1765814400000,1765886400000,858.7604050000001,1234.964220912038,16274.925338622856,1765800000000,813746.2669311428,2.0,-11130.06411835019,0.0,0.0,-11130.06411835019,-0.6838780447082523,6,False,STOP,"[{""time_ms"": 1765814400000, ""role"": ""ENTRY"", ""qty"": 1234.964220912038, ""price"": 858.7604050000001, ""fee"": 0.0, ""gross_pnl"": 0.0}, {""time_ms"": 1765886400000, ""role"": ""STOP"", ""qty"": 1234.964220912038, ""price"": 867.7728637659152, ""fee"": 0.0, ""gross_pnl"": -11130.06411835019}]",1.3658960440310892,-0.7307072099834038
ETHUSDT,SHORT,1766505600000,1766522400000,2925.926305,314.081936456378,16052.324056255853,1766491200000,802616.2028127926,2.0,-16519.840518185483,0.0,0.0,-16519.840518185483,-1.0291245342600364,2,False,STOP,"[{""time_ms"": 1766505600000, ""role"": ""ENTRY"", ""qty"": 314.081936456378, ""price"": 2925.926305, ""fee"": 0.0, ""gross_pnl"": 0.0}, {""time_ms"": 1766522400000, ""role"": ""STOP"", ""qty"": 314.081936456378, ""price"": 2978.5235371253816, ""fee"": 0.0, ""gross_pnl"": -16519.840518185483}]",0.3648361172894342,-1.1491913941052718
SOLUSDT,SHORT,1766505600000,1766522700000,123.22835500000001,6905.250755300909,16043.129653056223,1766491200000,802156.4826528111,2.0,-16476.612563601815,0.0,0.0,-16476.612563601815,-1.0270198471196057,2,False,STOP,"[{""time_ms"": 1766505600000, ""role"": ""ENTRY"", ""qty"": 6905.250755300909, ""price"": 123.22835500000001, ""fee"": 0.0, ""gross_pnl"": 0.0}, {""time_ms"": 1766522700000, ""role"": ""STOP"", ""qty"": 6905.250755300909, ""price"": 125.61445409291902, ""fee"": 0.0, ""gross_pnl"": -16476.612563601815}]",0.2274134686757966,-1.0207985462758973
XRPUSDT,SHORT,1766548800000,1766677800000,1.8596697000000002,490742.0992650779,14928.741985289438,1766534400000,773632.8019052037,2.0,-14389.569013691531,0.0,84.90219811807034,-14304.66681557346,-0.9581963992457682,9,False,STOP,"[{""time_ms"": 1766548800000, ""role"": ""ENTRY"", ""qty"": 490742.0992650779, ""price"": 1.8596697000000002, ""fee"": 0.0, ""gross_pnl"": 0.0}, {""time_ms"": 1766677800000, ""role"": ""STOP"", ""qty"": 490742.0992650779, ""price"": 1.8889917594590133, ""fee"": 0.0, ""gross_pnl"": -14389.569013691531}]",0.7780775016689708,-0.9904522891517953
SOLUSDT,SHORT,1766548800000,1766679900000,122.59867,6665.002470854746,15480.831330134826,1766534400000,774041.5665067413,2.0,-12073.782960934015,0.0,208.92169077834248,-11864.861270155672,-0.7664227467590617,10,False,STOP,"[{""time_ms"": 1766548800000, ""role"": ""ENTRY"", ""qty"": 6665.002470854746, ""price"": 122.59867, ""fee"": 0.0, ""gross_pnl"": 0.0}, {""time_ms"": 1766679900000, ""role"": ""STOP"", ""qty"": 6665.002470854746, ""price"": 124.41018965265297, ""fee"": 0.0, ""gross_pnl"": -12073.782960934015}]",0.8992405132469651,-0.7841419295494755
BNBUSDT,SHORT,1766505600000,1766715600000,843.7779,1563.639724083596,16008.394798887957,1766491200000,801730.8084700006,2.0,-1062.7897513047872,0.0,0.0,-1062.7897513047872,-0.066389526536328,15,False,STOP,"[{""time_ms"": 1766505600000, ""role"": ""ENTRY"", ""qty"": 1563.639724083596, ""price"": 843.7779, ""fee"": 0.0, ""gross_pnl"": 0.0}, {""time_ms"": 1766715600000, ""role"": ""STOP"", ""qty"": 1563.639724083596, ""price"": 844.4575896592837, ""fee"": 0.0, ""gross_pnl"": -1062.7897513047872}]",1.6817796377166634,-0.650728841753764
XRPUSDT,SHORT,1767211200000,1767228600000,1.82638635,736890.1393804085,15478.470635631054,1767196800000,773923.5317815527,2.0,-16159.132916955752,0.0,-258.4079769322408,-16417.540893887992,-1.060669447283456,2,False,STOP,"[{""time_ms"": 1767211200000, ""role"": ""ENTRY"", ""qty"": 736890.1393804085, ""price"": 1.82638635, ""fee"": 0.0, ""gross_pnl"": 0.0}, {""time_ms"": 1767228600000, ""role"": ""STOP"", ""qty"": 736890.1393804085, ""price"": 1.8483151722943825, ""fee"": 0.0, ""gross_pnl"": -16159.132916955752}]",0.7515474833172112,-1.0575346899561637
DOGEUSDT,SHORT,1767196800000,1767255300000,0.12103945,8805085.427645026,14847.748637879431,1767182400000,742387.4318939715,2.0,23052.523806374607,0.0,-62.71932869424386,22989.80447768036,1.5483697251601498,5,True,STOP,"[{""time_ms"": 1767196800000, ""role"": ""ENTRY"", ""qty"": 8805085.427645026, ""price"": 0.12103945, ""fee"": 0.0, ""gross_pnl"": 0.0}, {""time_ms"": 1767199200000, ""role"": ""TP2R"", ""qty"": 4402542.713822513, ""price"": 0.11772574408363187, ""fee"": 0.0, ""gross_pnl"": 14588.731837857084}, {""time_ms"": 1767255300000, ""role"": ""STOP"", ""qty"": 4402542.713822513, ""price"": 0.11911697189616605, ""fee"": 0.0, ""gross_pnl"": 8463.791968517524}]",3.379916064349461,-0.26125714273292083
ETHUSDT,LONG,1767412800000,1767801600000,3125.4719549999995,263.19802856551894,14979.193909555275,1767398400000,748959.6954777638,2.0,9600.48498540407,0.0,-618.622183764767,8981.862801639303,0.5996225735424751,27,False,BB_MID,"[{""time_ms"": 1767412800000, ""role"": ""ENTRY"", ""qty"": 263.19802856551894, ""price"": 3125.4719549999995, ""fee"": 0.0, ""gross_pnl"": 0.0}, {""time_ms"": 1767801600000, ""role"": ""BB_MID"", ""qty"": 263.19802856551894, ""price"": 3161.9482350000003, ""fee"": 0.0, ""gross_pnl"": 9600.48498540407}]",3.2071833699457573,-0.8952720812970012
LTCUSDT,SHORT,1768176000000,1768187700000,78.72062000000001,7366.631947087799,7579.415582794032,1768161600000,757941.5582794031,1.0,-7873.158207678624,0.0,0.0,-7873.158207678624,-1.0387553132132528,1,False,STOP,"[{""time_ms"": 1768176000000, ""role"": ""ENTRY"", ""qty"": 7366.631947087799, ""price"": 78.72062000000001, ""fee"": 0.0, ""gross_pnl"": 0.0}, {""time_ms"": 1768187700000, ""role"": ""STOP"", ""qty"": 7366.631947087799, ""price"": 79.7893795449629, ""fee"": 0.0, ""gross_pnl"": -7873.158207678624}]",1.011405754578328,-1.0879546554552832
LTCUSDT,SHORT,1768190400000,1768194300000,79.170395,6720.396821254226,7500.684000717246,1768176000000,750068.4000717246,1.0,-7770.462578165357,0.0,0.0,-7770.462578165357,-1.0359671967812953,1,False,STOP,"[{""time_ms"": 1768190400000, ""role"": ""ENTRY"", ""qty"": 6720.396821254226, ""price"": 79.170395, ""fee"": 0.0, ""gross_pnl"": 0.0}, {""time_ms"": 1768194300000, ""role"": ""STOP"", ""qty"": 6720.396821254226, ""price"": 80.32664555853698, ""fee"": 0.0, ""gross_pnl"": -7770.462578165357}]",0.22434670783318203,-1.0837712395557342
LTCUSDT,SHORT,1768204800000,1768322100000,78.51072500000001,6219.35810806335,7422.979374935592,1768190400000,742297.9374935592,1.0,9362.259119854498,0.0,60.098316544355406,9422.357436398854,1.2693498069271694,9,True,STOP,"[{""time_ms"": 1768204800000, ""role"": ""ENTRY"", ""qty"": 6219.35810806335, ""price"": 78.51072500000001, ""fee"": 0.0, ""gross_pnl"": 0.0}, {""time_ms"": 1768222500000, ""role"": ""TP2R"", ""qty"": 3109.679054031675, ""price"": 76.16173040628847, ""fee"": 0.0, ""gross_pnl"": 7304.619286098415}, {""time_ms"": 1768322100000, ""role"": ""STOP"", ""qty"": 3109.679054031675, ""price"": 77.84903618967459, ""fee"": 0.0, ""gross_pnl"": 2057.6398337560827}]",2.740383479534063,-0.3848044768554303
ADAUSDT,SHORT,1768795200000,1769008500000,0.36511735,747139.8423292898,7517.202949299582,1768780800000,751720.2949299582,1.0,1536.7413675144544,0.0,92.58649071035799,1629.3278582248124,0.21674655709230595,15,False,STOP,"[{""time_ms"": 1768795200000, ""role"": ""ENTRY"", ""qty"": 747139.8423292898, ""price"": 0.36511735, ""fee"": 0.0, ""gross_pnl"": 0.0}, {""time_ms"": 1769008500000, ""role"": ""STOP"", ""qty"": 747139.8423292898, ""price"": 0.3630605176903704, ""fee"": 0.0, ""gross_pnl"": 1536.7413675144544}]",1.8702690358207024,-0.7735228027129211
SOLUSDT,SHORT,1769371200000,1769389200000,117.81106500000001,7212.281933955746,15066.99245576366,1769356800000,753349.622788183,2.0,-15499.369259851243,0.0,-177.7190523212038,-15677.088312172446,-1.040492212244747,2,False,STOP,"[{""time_ms"": 1769371200000, ""role"": ""ENTRY"", ""qty"": 7212.281933955746, ""price"": 117.81106500000001, ""fee"": 0.0, ""gross_pnl"": 0.0}, {""time_ms"": 1769389200000, ""role"": ""STOP"", ""qty"": 7212.281933955746, ""price"": 119.96008931737722, ""fee"": 0.0, ""gross_pnl"": -15499.369259851243}]",0.23027664072608559,-1.2727814738320014
XRPUSDT,SHORT,1769371200000,1769385900000,1.8160915,545640.9790490855,15058.491339048107,1769356800000,752924.5669524054,2.0000000000000004,-15561.487556768949,0.0,-148.09746480023315,-15709.585021569183,-1.0432376436564217,2,False,STOP,"[{""time_ms"": 1769371200000, ""role"": ""ENTRY"", ""qty"": 545640.9790490855, ""price"": 1.8160915, ""fee"": 0.0, ""gross_pnl"": 0.0}, {""time_ms"": 1769385900000, ""role"": ""STOP"", ""qty"": 545640.9790490855, ""price"": 1.844611145983864, ""fee"": 0.0, ""gross_pnl"": -15561.487556768949}]",0.16637194914787312,-1.000387663737163
ADAUSDT,SHORT,1769371200000,1769386500000,0.33413285,2144988.3033728045,15020.247332564588,1769356800000,752428.8521229393,2.0,-15386.112983742103,0.0,-75.4560124381539,-15461.568996180256,-1.029381784057501,2,False,STOP,"[{""time_ms"": 1769371200000, ""role"": ""ENTRY"", ""qty"": 2144988.3033728045, ""price"": 0.33413285, ""fee"": 0.0, ""gross_pnl"": 0.0}, {""time_ms"": 1769386500000, ""role"": ""STOP"", ""qty"": 2144988.3033728045, ""price"": 0.3413059021604937, ""fee"": 0.0, ""gross_pnl"": -15386.112983742103}]",0.19033958608338658,-1.1091991717354392
AVAXUSDT,SHORT,1771502400000,1771547100000,8.782606500000002,82658.05870411101,14096.41927103173,1771488000000,705842.9086394615,2.0,-14466.444082493215,0.0,-93.99539338051275,-14560.439475873729,-1.0329175938882271,4,False,STOP,"[{""time_ms"": 1771502400000, ""role"": ""ENTRY"", ""qty"": 82658.05870411101, ""price"": 8.782606500000002, ""fee"": 0.0, ""gross_pnl"": 0.0}, {""time_ms"": 1771547100000, ""role"": ""STOP"", ""qty"": 82658.05870411101, ""price"": 8.957622031568174, ""fee"": 0.0, ""gross_pnl"": -14466.444082493215}]",0.7599817712182999,-1.081239742845762
LTCUSDT,SHORT,1771502400000,1771565400000,52.503735000000006,13838.692902177165,14124.127638170741,1771488000000,706206.3819085371,2.0,-12111.722331036,0.0,-64.58280782249739,-12176.305138858497,-0.8620925448133013,5,False,STOP,"[{""time_ms"": 1771502400000, ""role"": ""ENTRY"", ""qty"": 13838.692902177165, ""price"": 52.503735000000006, ""fee"": 0.0, ""gross_pnl"": 0.0}, {""time_ms"": 1771565400000, ""role"": ""STOP"", ""qty"": 13838.692902177165, ""price"": 53.378942103492456, ""fee"": 0.0, ""gross_pnl"": -12111.722331036}]",1.1010254202462137,-1.0447168324549998
XRPUSDT,SHORT,1771502400000,1771664100000,1.40759585,418942.76748424256,14130.027609165223,1771488000000,706501.3804582611,2.0,-11600.727867458623,0.0,-6.81000082088535,-11607.537868279509,-0.821480197303398,12,False,STOP,"[{""time_ms"": 1771502400000, ""role"": ""ENTRY"", ""qty"": 418942.76748424256, ""price"": 1.40759585, ""fee"": 0.0, ""gross_pnl"": 0.0}, {""time_ms"": 1771664100000, ""role"": ""STOP"", ""qty"": 418942.76748424256, ""price"": 1.4352863336837767, ""fee"": 0.0, ""gross_pnl"": -11600.727867458623}]",0.9189994201500106,-0.9192455077774577
DOGEUSDT,SHORT,1771776000000,1771832400000,0.09565215,7487723.363440884,13363.141959504988,1771761600000,668157.0979752494,2.0,14793.100768013566,0.0,-61.40226676777372,14731.698501245792,1.1024127818059564,4,True,STOP,"[{""time_ms"": 1771776000000, ""role"": ""ENTRY"", ""qty"": 7487723.363440884, ""price"": 0.09565215, ""fee"": 0.0, ""gross_pnl"": 0.0}, {""time_ms"": 1771808400000, ""role"": ""TP2R"", ""qty"": 3743861.681720442, ""price"": 0.0921288442685651, ""fee"": 0.0, ""gross_pnl"": 13190.769320905149}, {""time_ms"": 1771832400000, ""role"": ""STOP"", ""qty"": 3743861.681720442, ""price"": 0.09522416104545826, ""fee"": 0.0, ""gross_pnl"": 1602.3314471084182}]",2.4050056440157253,-0.14448020346666113
BTCUSDT,SHORT,1771819200000,1771830000000,64861.65295,15.3645767978007,14364.340402523772,1771804800000,718217.0201261886,2.0,-14869.80849671639,0.0,0.0,-14869.80849671639,-1.0351890918780935,1,False,STOP,"[{""time_ms"": 1771819200000, ""role"": ""ENTRY"", ""qty"": 15.3645767978007, ""price"": 64861.65295, ""fee"": 0.0, ""gross_pnl"": 0.0}, {""time_ms"": 1771830000000, ""role"": ""STOP"", ""qty"": 15.3645767978007, ""price"": 65829.45106721498, ""fee"": 0.0, ""gross_pnl"": -14869.80849671639}]",0.24938815883807924,-1.0037942130542383
XRPUSDT,SHORT,1771790400000,1771839000000,1.3851071,572110.9080966475,13456.311701316285,1771776000000,672815.5850658142,2.0,13997.078656956852,0.0,-250.0119113185432,13747.066745638309,1.0216073357080144,4,True,STOP,"[{""time_ms"": 1771790400000, ""role"": ""ENTRY"", ""qty"": 572110.9080966475, ""price"": 1.3851071, ""fee"": 0.0, ""gross_pnl"": 0.0}, {""time_ms"": 1771809300000, ""role"": ""TP2R"", ""qty"": 286055.45404832374, ""price"": 1.3387352131884027, ""fee"": 0.0, ""gross_pnl"": 13264.931136968915}, {""time_ms"": 1771839000000, ""role"": ""STOP"", ""qty"": 286055.45404832374, ""price"": 1.382547639903622, ""fee"": 0.0, ""gross_pnl"": 732.1475199879362}]",2.3854593029774604,-0.6799569410393419
ETHUSDT,SHORT,1771819200000,1771839000000,1859.9995350000002,424.68384578502895,14354.369698692031,1771804800000,717718.4849346016,2.0,-14756.502761382442,0.0,-292.2915057606142,-15048.794267143057,-1.0483772247077001,2,False,STOP,"[{""time_ms"": 1771819200000, ""role"": ""ENTRY"", ""qty"": 424.68384578502895, ""price"": 1859.9995350000002, ""fee"": 0.0, ""gross_pnl"": 0.0}, {""time_ms"": 1771839000000, ""role"": ""STOP"", ""qty"": 424.68384578502895, ""price"": 1894.746566015755, ""fee"": 0.0, ""gross_pnl"": -14756.502761382442}]",0.23667171457911976,-1.3145056970308087
BTCUSDT,SHORT,1771833600000,1771959600000,65882.74215,13.989002354227228,13494.588974730525,1771819200000,674729.4487365262,2.0,22459.27521196475,0.0,40.37856553533324,22499.653777500083,1.667309305947155,9,True,STOP,"[{""time_ms"": 1771833600000, ""role"": ""ENTRY"", ""qty"": 13.989002354227228, ""price"": 65882.74215, ""fee"": 0.0, ""gross_pnl"": 0.0}, {""time_ms"": 1771877400000, ""role"": ""TP2R"", ""qty"": 6.994501177113614, ""price"": 63985.40487398649, ""fee"": 0.0, ""gross_pnl"": 13270.927810458084}, {""time_ms"": 1771959600000, ""role"": ""STOP"", ""qty"": 6.994501177113614, ""price"": 64569.08915762202, ""fee"": 0.0, ""gross_pnl"": 9188.347401506666}]",3.608580218538057,-0.7171024038098448
SOLUSDT,SHORT,1771833600000,1771971000000,79.28034,3270.450070739335,5878.989553636464,1771819200000,674268.401295286,2.0,5974.897797046198,0.0,-65.63389390358495,5909.263903142613,1.0051495838238773,10,True,STOP,"[{""time_ms"": 1771833600000, ""role"": ""ENTRY"", ""qty"": 3270.450070739335, ""price"": 79.28034, ""fee"": 0.0, ""gross_pnl"": 0.0}, {""time_ms"": 1771895700000, ""role"": ""TP2R"", ""qty"": 1635.2250353696675, ""price"": 75.72296512852984, ""fee"": 0.0, ""gross_pnl"": 5817.108450022958}, {""time_ms"": 1771971000000, ""role"": ""STOP"", ""qty"": 1635.2250353696675, ""price"": 79.18384603518764, ""fee"": 0.0, ""gross_pnl"": 157.78934702323986}]",2.0640420610989483,-0.9900152262206068
ETHUSDT,LONG,1773417600000,1773504000000,2128.0735050000003,195.999631476203,13902.523562778328,1773403200000,695126.1781389164,2.0,-10889.794404714681,0.0,15.3146013218663,-10874.479803392815,-0.782194668060654,6,False,BB_MID,"[{""time_ms"": 1773417600000, ""role"": ""ENTRY"", ""qty"": 195.999631476203, ""price"": 2128.0735050000003, ""fee"": 0.0, ""gross_pnl"": 0.0}, {""time_ms"": 1773504000000, ""role"": ""BB_MID"", ""qty"": 195.999631476203, ""price"": 2072.513225, ""fee"": 0.0, ""gross_pnl"": -10889.794404714681}]",0.20803903469898954,-0.9584405209810536
SOLUSDT,LONG,1773691200000,1773833400000,95.217585,4793.712174195127,13752.50580222192,1773676800000,687625.2901110959,2.0,-13973.852397526785,0.0,-9.520002919790688,-13983.372400446577,-1.016787238743601,10,False,STOP,"[{""time_ms"": 1773691200000, ""role"": ""ENTRY"", ""qty"": 4793.712174195127, ""price"": 95.217585, ""fee"": 0.0, ""gross_pnl"": 0.0}, {""time_ms"": 1773833400000, ""role"": ""STOP"", ""qty"": 4793.712174195127, ""price"": 92.30254715672919, ""fee"": 0.0, ""gross_pnl"": -13973.852397526785}]",0.8478671135198486,-1.079725479752579
BTCUSDT,LONG,1773662400000,1773835200000,73552.05765,8.989854988980637,13685.03396671047,1773648000000,684251.6983355235,2.0,-6132.077627910298,0.0,85.76628362652096,-6046.3113442837775,-0.4418192427575797,12,False,BB_MID,"[{""time_ms"": 1773662400000, ""role"": ""ENTRY"", ""qty"": 8.989854988980637, ""price"": 73552.05765, ""fee"": 0.0, ""gross_pnl"": 0.0}, {""time_ms"": 1773835200000, ""role"": ""BB_MID"", ""qty"": 8.989854988980637, ""price"": 72869.9468, ""fee"": 0.0, ""gross_pnl"": -6132.077627910298}]",1.6073586635520778,-0.5389679935060293
XRPUSDT,SHORT,1774166400000,1774263900000,1.4019986500000001,568777.549952939,13284.440291815867,1774152000000,664222.0145907933,2.0,-3024.4008017673573,0.0,39.13898979914276,-2985.2618119682147,-0.2247186743582522,7,False,STOP,"[{""time_ms"": 1774166400000, ""role"": ""ENTRY"", ""qty"": 568777.549952939, ""price"": 1.4019986500000001, ""fee"": 0.0, ""gross_pnl"": 0.0}, {""time_ms"": 1774263900000, ""role"": ""STOP"", ""qty"": 568777.549952939, ""price"": 1.4073160202126915, ""fee"": 0.0, ""gross_pnl"": -3024.4008017673573}]",1.7639333456001893,-1.4900309048209806
ADAUSDT,SHORT,1774166400000,1774263900000,0.25637175,2566627.9462448508,13276.462049122676,1774152000000,663823.1024561338,2.0,-2676.831865267223,0.0,-434.4651979321232,-3111.297063199346,-0.234346850214131,7,False,STOP,"[{""time_ms"": 1774166400000, ""role"": ""ENTRY"", ""qty"": 2566627.9462448508, ""price"": 0.25637175, ""fee"": 0.0, ""gross_pnl"": 0.0}, {""time_ms"": 1774263900000, ""role"": ""STOP"", ""qty"": 2566627.9462448508, ""price"": 0.2574146872395729, ""fee"": 0.0, ""gross_pnl"": -2676.831865267223}]",1.715101613505722,-1.5520347765240587
DOGEUSDT,SHORT,1774166400000,1774263900000,0.09125435000000001,7187230.3985281065,13248.733604383131,1774152000000,663493.9324220279,2.0,-8998.203951979936,0.0,-133.87432022048586,-9132.078272200422,-0.6892793337756614,7,False,STOP,"[{""time_ms"": 1774166400000, ""role"": ""ENTRY"", ""qty"": 7187230.3985281065, ""price"": 0.09125435000000001, ""fee"": 0.0, ""gross_pnl"": 0.0}, {""time_ms"": 1774263900000, ""role"": ""STOP"", ""qty"": 7187230.3985281065, ""price"": 0.09250632098924542, ""fee"": 0.0, ""gross_pnl"": -8998.203951979936}]",1.1849756504901778,-1.8909105116538334
LINKUSDT,SHORT,1774209600000,1774263900000,8.699648000000002,11394.943421265967,1736.6775841847193,1774195200000,692438.5588251066,2.0,-1787.1119213492705,0.0,19.28538290967738,-1767.8265384395932,-1.0179359453582726,4,False,STOP,"[{""time_ms"": 1774209600000, ""role"": ""ENTRY"", ""qty"": 11394.943421265967, ""price"": 8.699648000000002, ""fee"": 0.0, ""gross_pnl"": 0.0}, {""time_ms"": 1774263900000, ""role"": ""STOP"", ""qty"": 11394.943421265967, ""price"": 8.856481768741148, ""fee"": 0.0, ""gross_pnl"": -1787.1119213492705}]",0.8572267999880042,-2.8499339831332002
BCHUSDT,SHORT,1774540800000,1774590600000,461.28924,2013.7805080909654,12944.511018099713,1774526400000,647225.5509049856,2.0,-13415.450913660681,0.0,47.44618391564528,-13368.004729745036,-1.0327160841420098,4,False,STOP,"[{""time_ms"": 1774540800000, ""role"": ""ENTRY"", ""qty"": 2013.7805080909654, ""price"": 461.28924, ""fee"": 0.0, ""gross_pnl"": 0.0}, {""time_ms"": 1774590600000, ""role"": ""STOP"", ""qty"": 2013.7805080909654, ""price"": 467.95106379845276, ""fee"": 0.0, ""gross_pnl"": -13415.450913660681}]",0.435478400194995,-1.2789054933435515
LTCUSDT,SHORT,1775102400000,1775194200000,52.403785,15988.447973356331,12677.15092350481,1775088000000,633857.5461752405,2.0,-7493.57042770611,0.0,-178.4688038528789,-7672.03923155899,-0.6051863922621761,7,False,STOP,"[{""time_ms"": 1775102400000, ""role"": ""ENTRY"", ""qty"": 15988.447973356331, ""price"": 52.403785, ""fee"": 0.0, ""gross_pnl"": 0.0}, {""time_ms"": 1775194200000, ""role"": ""STOP"", ""qty"": 15988.447973356331, ""price"": 52.87247154419701, ""fee"": 0.0, ""gross_pnl"": -7493.57042770611}]",1.3164237192228614,-0.8276196639248833
BCHUSDT,SHORT,1775404800000,1775407800000,420.84947000000005,2368.553423888938,12523.71013887363,1775390400000,626185.5069436815,2.0,-13028.374220498186,0.0,0.0,-13028.374220498186,-1.0402966913181804,1,False,STOP,"[{""time_ms"": 1775404800000, ""role"": ""ENTRY"", ""qty"": 2368.553423888938, ""price"": 420.84947000000005, ""fee"": 0.0, ""gross_pnl"": 0.0}, {""time_ms"": 1775407800000, ""role"": ""STOP"", ""qty"": 2368.553423888938, ""price"": 426.35003168845327, ""fee"": 0.0, ""gross_pnl"": -13028.374220498186}]",0.026377338853011485,-1.0062481012944564
BCHUSDT,SHORT,1775419200000,1775433600000,425.10734,2259.374195623996,12263.142654463667,1775404800000,613157.1327231834,2.0,-12749.512502974007,0.0,-83.43039555953429,-12832.942898533542,-1.0464644553296845,2,False,STOP,"[{""time_ms"": 1775419200000, ""role"": ""ENTRY"", ""qty"": 2259.374195623996, ""price"": 425.10734, ""fee"": 0.0, ""gross_pnl"": 0.0}, {""time_ms"": 1775433600000, ""role"": ""STOP"", ""qty"": 2259.374195623996, ""price"": 430.75027976963514, ""fee"": 0.0, ""gross_pnl"": -12749.512502974007}]",0.6627776743612843,-1.157523832499182
BNBUSDT,SHORT,1775966400000,1776088800000,595.46212,855.9789774183714,6003.241898246499,1775952000000,600324.1898246498,1.0,-5074.5765323270725,0.0,0.0,-5074.5765323270725,-0.8453060227023864,9,False,STOP,"[{""time_ms"": 1775966400000, ""role"": ""ENTRY"", ""qty"": 855.9789774183714, ""price"": 595.46212, ""fee"": 0.0, ""gross_pnl"": 0.0}, {""time_ms"": 1776088800000, ""role"": ""STOP"", ""qty"": 855.9789774183714, ""price"": 601.3905092083799, ""fee"": 0.0, ""gross_pnl"": -5074.5765323270725}]",0.8971689854721543,-0.9322109506396256
ADAUSDT,SHORT,1775966400000,1776118500000,0.24347820000000003,1156609.0717595026,6000.692108068565,1775952000000,600069.2108068565,1.0,-210.74692639039796,0.0,-226.85604100760418,-437.60296739800214,-0.07292541585488092,11,False,STOP,"[{""time_ms"": 1775966400000, ""role"": ""ENTRY"", ""qty"": 1156609.0717595026, ""price"": 0.24347820000000003, ""fee"": 0.0, ""gross_pnl"": 0.0}, {""time_ms"": 1776118500000, ""role"": ""STOP"", ""qty"": 1156609.0717595026, ""price"": 0.24366041102664346, ""fee"": 0.0, ""gross_pnl"": -210.74692639039796}]",1.6148640774263128,-0.38969375184889915
BCHUSDT,SHORT,1775966400000,1776112200000,426.376705,1125.617196187612,5999.283358219162,1775952000000,599928.3358219162,1.0,-2373.883145055324,0.0,-189.01976417031264,-2562.9029092256364,-0.42720150994608347,11,False,STOP,"[{""time_ms"": 1775966400000, ""role"": ""ENTRY"", ""qty"": 1125.617196187612, ""price"": 426.376705, ""fee"": 0.0, ""gross_pnl"": 0.0}, {""time_ms"": 1776112200000, ""role"": ""STOP"", ""qty"": 1125.617196187612, ""price"": 428.4856663352528, ""fee"": 0.0, ""gross_pnl"": -2373.883145055324}]",1.3746750481613916,-0.3664875135819391
BCHUSDT,SHORT,1777291200000,1777298100000,447.486145,1456.4888054791588,5922.49107415699,1777276800000,592249.107415699,1.0,-6251.331600093817,0.0,0.0,-6251.331600093817,-1.0555240222094608,1,False,STOP,"[{""time_ms"": 1777291200000, ""role"": ""ENTRY"", ""qty"": 1456.4888054791588, ""price"": 447.486145, ""fee"": 0.0, ""gross_pnl"": 0.0}, {""time_ms"": 1777298100000, ""role"": ""STOP"", ""qty"": 1456.4888054791588, ""price"": 451.7782010574012, ""fee"": 0.0, ""gross_pnl"": -6251.331600093817}]",0.04085921440089654,-1.3584542162835127
ADAUSDT,SHORT,1777305600000,1777333200000,0.24417785,1563242.511866519,5857.843739888357,1777291200000,585784.3739888357,1.0,-6051.627259546391,0.0,0.0,-6051.627259546391,-1.0330810325885762,2,False,STOP,"[{""time_ms"": 1777305600000, ""role"": ""ENTRY"", ""qty"": 1563242.511866519, ""price"": 0.24417785, ""fee"": 0.0, ""gross_pnl"": 0.0}, {""time_ms"": 1777333200000, ""role"": ""STOP"", ""qty"": 1563242.511866519, ""price"": 0.24804905182160394, ""fee"": 0.0, ""gross_pnl"": -6051.627259546391}]",0.10083423343758259,-1.0466772229117363
AVAXUSDT,SHORT,1777305600000,1777333800000,9.125435000000001,41277.10549259407,5855.934239160112,1777291200000,585593.4239160112,1.0,-6047.197977860102,0.0,0.0,-6047.197977860102,-1.0326615243424286,2,False,STOP,"[{""time_ms"": 1777305600000, ""role"": ""ENTRY"", ""qty"": 41277.10549259407, ""price"": 9.125435000000001, ""fee"": 0.0, ""gross_pnl"": 0.0}, {""time_ms"": 1777333800000, ""role"": ""STOP"", ""qty"": 41277.10549259407, ""price"": 9.27193747166544, ""fee"": 0.0, ""gross_pnl"": -6047.197977860102}]",0.19338287332812681,-1.033102271891239
SOLUSDT,SHORT,1777305600000,1777437600000,84.05795,5074.954263246795,5859.977758156052,1777291200000,585997.7758156052,1.0,-4758.177990239428,0.0,-71.53650733392382,-4829.714497573352,-0.8241864895905524,10,False,STOP,"[{""time_ms"": 1777305600000, ""role"": ""ENTRY"", ""qty"": 5074.954263246795, ""price"": 84.05795, ""fee"": 0.0, ""gross_pnl"": 0.0}, {""time_ms"": 1777437600000, ""role"": ""STOP"", ""qty"": 5074.954263246795, ""price"": 84.99553046741397, ""fee"": 0.0, ""gross_pnl"": -4758.177990239428}]",0.994166528769794,-0.8504910837391609
BTCUSDT,LONG,1777694400000,1778155200000,78416.88884999999,10.038445139587298,11381.384721612507,1777680000000,569069.2360806253,2.0,23797.109940259295,0.0,388.6385996037982,24185.748539863092,2.1250268865734707,32,False,BB_MID,"[{""time_ms"": 1777694400000, ""role"": ""ENTRY"", ""qty"": 10.038445139587298, ""price"": 78416.88884999999, ""fee"": 0.0, ""gross_pnl"": 0.0}, {""time_ms"": 1778155200000, ""role"": ""BB_MID"", ""qty"": 10.038445139587298, ""price"": 80787.48604999999, ""fee"": 0.0, ""gross_pnl"": 23797.109940259295}]",3.8912421712091967,-0.3859558192491707
SOLUSDT,LONG,1778040000000,1778587200000,87.32364,7733.908560758979,12012.033646317459,1778025600000,600601.682315873,2.0,58382.50233431348,0.0,-516.6494181524731,57865.852916161006,4.817323579001212,38,False,BB_MID,"[{""time_ms"": 1778040000000, ""role"": ""ENTRY"", ""qty"": 7733.908560758979, ""price"": 87.32364, ""fee"": 0.0, ""gross_pnl"": 0.0}, {""time_ms"": 1778587200000, ""role"": ""BB_MID"", ""qty"": 7733.908560758979, ""price"": 94.87254, ""fee"": 0.0, ""gross_pnl"": 58382.50233431348}]",7.105724275904364,-0.4594747790264521
XRPUSDT,SHORT,1779926400000,1779977700000,1.3061466,741427.3089120862,13022.416750732982,1779912000000,651120.8375366492,2.0,13222.873183024149,0.0,-55.62422147844914,13167.2489615457,1.0111217613124357,4,True,STOP,"[{""time_ms"": 1779926400000, ""role"": ""ENTRY"", ""qty"": 741427.3089120862, ""price"": 1.3061466, ""fee"": 0.0, ""gross_pnl"": 0.0}, {""time_ms"": 1779940800000, ""role"": ""TP2R"", ""qty"": 370713.6544560431, ""price"": 1.2716541430437, ""fee"": 0.0, ""gross_pnl"": 12786.824769437693}, {""time_ms"": 1779977700000, ""role"": ""STOP"", ""qty"": 370713.6544560431, ""price"": 1.3049703595018551, ""fee"": 0.0, ""gross_pnl"": 436.0484135864547}]",2.2401866190619555,-0.2535529649151547
SOLUSDT,SHORT,1779940800000,1779987300000,80.61967,9382.079338022255,13432.375635504362,1779926400000,671618.7817752181,2.0,-13817.281893394622,0.0,-134.67180093345394,-13951.953694328076,-1.0386810250787186,4,False,STOP,"[{""time_ms"": 1779940800000, ""role"": ""ENTRY"", ""qty"": 9382.079338022255, ""price"": 80.61967, ""fee"": 0.0, ""gross_pnl"": 0.0}, {""time_ms"": 1779987300000, ""role"": ""STOP"", ""qty"": 9382.079338022255, ""price"": 82.09240129927585, ""fee"": 0.0, ""gross_pnl"": -13817.281893394622}]",0.49568151044074604,-1.068885941173767
ADAUSDT,SHORT,1779940800000,1779991200000,0.23188400000000003,3175461.741969628,13424.808050310314,1779926400000,671240.4025155157,2.0,-13593.267627878313,0.0,-144.20792363687949,-13737.475551515192,-1.0232902772265449,4,False,STOP,"[{""time_ms"": 1779940800000, ""role"": ""ENTRY"", ""qty"": 3175461.741969628, ""price"": 0.23188400000000003, ""fee"": 0.0, ""gross_pnl"": 0.0}, {""time_ms"": 1779991200000, ""role"": ""STOP"", ""qty"": 3175461.741969628, ""price"": 0.23616472158710594, ""fee"": 0.0, ""gross_pnl"": -13593.267627878313}]",0.9660164752898863,-1.162815130393002
LTCUSDT,SHORT,1779955200000,1779984600000,50.79459000000001,9241.363429675781,6517.619971121683,1779940800000,664766.8672050476,2.0,-6755.584414332917,0.0,0.6079698605864233,-6754.9764444723305,-1.03641766080292,3,False,STOP,"[{""time_ms"": 1779955200000, ""role"": ""ENTRY"", ""qty"": 9241.363429675781, ""price"": 50.79459000000001, ""fee"": 0.0, ""gross_pnl"": 0.0}, {""time_ms"": 1779984600000, ""role"": ""STOP"", ""qty"": 9241.363429675781, ""price"": 51.52560598760195, ""fee"": 0.0, ""gross_pnl"": -6755.584414332917}]",0.3893424279719067,-1.22706883204472
ETHUSDT,SHORT,1780300800000,1780341900000,1974.462275,511.3078844016881,12596.873616157583,1780286400000,629843.6808078792,2.0,-13107.951117296165,0.0,96.30287606076355,-13011.648241235402,-1.0329267910210516,3,False,STOP,"[{""time_ms"": 1780300800000, ""role"": ""ENTRY"", ""qty"": 511.3078844016881, ""price"": 1974.462275, ""fee"": 0.0, ""gross_pnl"": 0.0}, {""time_ms"": 1780341900000, ""role"": ""STOP"", ""qty"": 511.3078844016881, ""price"": 2000.098396634687, ""fee"": 0.0, ""gross_pnl"": -13107.951117296165}]",0.8135171901464806,-1.1404884072046901
SOLUSDT,SHORT,1780329600000,1780334700000,79.530215,7092.041505858806,8741.131336959643,1780315200000,669783.1224667854,2.0,-9027.517695503053,0.0,0.0,-9027.517695503053,-1.0327630769409102,1,False,STOP,"[{""time_ms"": 1780329600000, ""role"": ""ENTRY"", ""qty"": 7092.041505858806, ""price"": 79.530215, ""fee"": 0.0, ""gross_pnl"": 0.0}, {""time_ms"": 1780334700000, ""role"": ""STOP"", ""qty"": 7092.041505858806, ""price"": 80.80312318702137, ""fee"": 0.0, ""gross_pnl"": -9027.517695503053}]",0.38150488399334376,-1.0707961747735777
ADAUSDT,SHORT,1780300800000,1780470900000,0.23078455,3128583.3973467066,12586.772984555171,1780286400000,629338.6492277585,2.0,32316.957995109904,0.0,-51.42771602613432,32265.53027908377,2.5634473839065643,12,True,STOP,"[{""time_ms"": 1780300800000, ""role"": ""ENTRY"", ""qty"": 3128583.3973467066, ""price"": 0.23078455, ""fee"": 0.0, ""gross_pnl"": 0.0}, {""time_ms"": 1780383600000, ""role"": ""TP2R"", ""qty"": 1564291.6986733533, ""price"": 0.22284961100895329, ""fee"": 0.0, ""gross_pnl"": 12412.559193173896}, {""time_ms"": 1780470900000, ""role"": ""STOP"", ""qty"": 1564291.6986733533, ""price"": 0.2180603254715335, ""fee"": 0.0, ""gross_pnl"": 19904.398801936008}]",5.862204049793703,-0.37668207056144265
BTCUSDT,SHORT,1780315200000,1780545600000,72416.47365,18.14848700903036,12524.418820669443,1780300800000,628467.7570230367,2.0,85232.58818300079,0.0,369.2781070173742,85601.86629001817,6.834797487668387,17,True,STOP,"[{""time_ms"": 1780315200000, ""role"": ""ENTRY"", ""qty"": 18.14848700903036, ""price"": 72416.47365, ""fee"": 0.0, ""gross_pnl"": 0.0}, {""time_ms"": 1780329300000, ""role"": ""TP2R"", ""qty"": 9.07424350451518, ""price"": 71071.77547585589, ""fee"": 0.0, ""gross_pnl"": 12202.118672260634}, {""time_ms"": 1780545600000, ""role"": ""STOP"", ""qty"": 9.07424350451518, ""price"": 64368.36809999999, ""fee"": 0.0, ""gross_pnl"": 73030.46951074015}]",16.043389180952715,-0.24231904761392306
DOGEUSDT,SHORT,1780416000000,1780545600000,0.0947526,7248227.4189609075,14072.911714389527,1780401600000,703645.5857194763,2.0,26291.68453209014,0.0,36.97549632951576,26328.660028419657,1.8708750941355405,10,True,STOP,"[{""time_ms"": 1780416000000, ""role"": ""ENTRY"", ""qty"": 7248227.4189609075, ""price"": 0.0947526, ""fee"": 0.0, ""gross_pnl"": 0.0}, {""time_ms"": 1780458600000, ""role"": ""TP2R"", ""qty"": 3624113.7094804537, ""price"": 0.0909149027899127, ""fee"": 0.0, ""gross_pnl"": 13908.251071912307}, {""time_ms"": 1780545600000, ""role"": ""STOP"", ""qty"": 3624113.7094804537, ""price"": 0.091335645, ""fee"": 0.0, ""gross_pnl"": 12383.433460177832}]",4.64707361472662,-0.8021360192821619
AVAXUSDT,SHORT,1781467200000,1781471700000,6.425785500000001,120273.31125366068,15040.011429373242,1781452800000,752000.5714686621,2.0,-15433.956684833298,0.0,0.0,-15433.956684833298,-1.026193148676116,1,False,STOP,"[{""time_ms"": 1781467200000, ""role"": ""ENTRY"", ""qty"": 120273.31125366068, ""price"": 6.425785500000001, ""fee"": 0.0, ""gross_pnl"": 0.0}, {""time_ms"": 1781471700000, ""role"": ""STOP"", ""qty"": 120273.31125366068, ""price"": 6.554109535681388, ""fee"": 0.0, ""gross_pnl"": -15433.956684833298}]",0.12623490106442428,-1.3531896782594772
DOGEUSDT,SHORT,1782187200000,1782338100000,0.08212891500000001,12161124.772719555,14731.332295676577,1782172800000,736566.6147838288,2.0,51712.080273602856,0.0,-119.84169412646801,51592.23857947639,3.502211310148637,11,True,STOP,"[{""time_ms"": 1782187200000, ""role"": ""ENTRY"", ""qty"": 12161124.772719555, ""price"": 0.08212891500000001, ""fee"": 0.0, ""gross_pnl"": 0.0}, {""time_ms"": 1782195600000, ""role"": ""TP2R"", ""qty"": 6080562.386359777, ""price"": 0.07974607570891139, ""fee"": 0.0, ""gross_pnl"": 14489.002966133678}, {""time_ms"": 1782338100000, ""role"": ""STOP"", ""qty"": 6080562.386359777, ""price"": 0.07600726457651782, ""fee"": 0.0, ""gross_pnl"": 37223.07730746918}]",7.734300062828842,-0.06693792403863572
ADAUSDT,SHORT,1782201600000,1782338100000,0.15442275,4165621.4234256614,15275.390876062782,1782187200000,763769.5438031391,2.0,30193.09186746314,0.0,-227.41206413887335,29965.679803324267,1.9616964335938416,10,True,STOP,"[{""time_ms"": 1782201600000, ""role"": ""ENTRY"", ""qty"": 4165621.4234256614, ""price"": 0.15442275, ""fee"": 0.0, ""gross_pnl"": 0.0}, {""time_ms"": 1782295800000, ""role"": ""TP2R"", ""qty"": 2082810.7117128307, ""price"": 0.14716226693855616, ""fee"": 0.0, ""gross_pnl"": 15122.211892584784}, {""time_ms"": 1782338100000, ""role"": ""STOP"", ""qty"": 2082810.7117128307, ""price"": 0.14718691244158616, ""fee"": 0.0, ""gross_pnl"": 15070.879974878357}]",4.0967258871805425,-0.102876626512379
LINKUSDT,SHORT,1782201600000,1782338100000,7.6531715,53607.31625107293,7880.476126459026,1782187200000,763447.7495481794,2.0,13204.061373215922,0.0,6.484489523194801,13210.545862739116,1.6763639215128334,10,True,STOP,"[{""time_ms"": 1782201600000, ""role"": ""ENTRY"", ""qty"": 53607.31625107293, ""price"": 7.6531715, ""fee"": 0.0, ""gross_pnl"": 0.0}, {""time_ms"": 1782316500000, ""role"": ""TP2R"", ""qty"": 26803.658125536465, ""price"": 7.362843596553221, ""fee"": 0.0, ""gross_pnl"": 7781.849868291229}, {""time_ms"": 1782338100000, ""role"": ""STOP"", ""qty"": 26803.658125536465, ""price"": 7.450877787719032, ""fee"": 0.0, ""gross_pnl"": 5422.211504924693}]",3.6541348542226264,-0.3049480181143644
BTCUSDT,SHORT,1782230400000,1782333900000,62424.67205000001,2.6558140299613497,2155.9707474703755,1782216000000,799380.5953393523,2.0,4002.5549948789276,0.0,7.157817200113123,4009.7128120790408,1.8598178183927967,8,True,STOP,"[{""time_ms"": 1782230400000, ""role"": ""ENTRY"", ""qty"": 2.6558140299613497, ""price"": 62424.67205000001, ""fee"": 0.0, ""gross_pnl"": 0.0}, {""time_ms"": 1782314700000, ""role"": ""TP2R"", ""qty"": 1.3279070149806749, ""price"": 60831.48696323144, ""fee"": 0.0, ""gross_pnl"": 2115.6016528825817}, {""time_ms"": 1782333900000, ""role"": ""STOP"", ""qty"": 1.3279070149806749, ""price"": 61003.67395246092, ""fee"": 0.0, ""gross_pnl"": 1886.953341996346}]",4.144742338036581,-0.9669067470255271
BCHUSDT,SHORT,1782331200000,1782333900000,184.60765,3951.8415572577637,18128.94661764872,1782316800000,906447.3308824359,2.0,-18502.78118248635,0.0,0.0,-18502.78118248635,-1.0206208652230075,1,False,STOP,"[{""time_ms"": 1782331200000, ""role"": ""ENTRY"", ""qty"": 3951.8415572577637, ""price"": 184.60765, ""fee"": 0.0, ""gross_pnl"": 0.0}, {""time_ms"": 1782333900000, ""role"": ""STOP"", ""qty"": 3951.8415572577637, ""price"": 189.28971554195095, ""fee"": 0.0, ""gross_pnl"": -18502.78118248635}]",0.06270343489448052,-1.0577403521996118
XRPUSDT,SHORT,1782201600000,1782363300000,1.1116439000000002,893809.2490456494,15285.331822530665,1782187200000,764266.5911265332,2.0,28028.921707813948,0.0,-148.47196273831364,27880.449745075635,1.8240002944508995,12,True,STOP,"[{""time_ms"": 1782201600000, ""role"": ""ENTRY"", ""qty"": 893809.2490456494, ""price"": 1.1116439000000002, ""fee"": 0.0, ""gross_pnl"": 0.0}, {""time_ms"": 1782307200000, ""role"": ""TP2R"", ""qty"": 446904.6245228247, ""price"": 1.0779799496556974, ""fee"": 0.0, ""gross_pnl"": 15044.57508857566}, {""time_ms"": 1782363300000, ""role"": ""STOP"", ""qty"": 446904.6245228247, ""price"": 1.0825899455167542, ""fee"": 0.0, ""gross_pnl"": 12984.34661923829}]",3.8911522483207617,-0.19040033475279092
AVAXUSDT,SHORT,1783483200000,1783559100000,6.3838064999999995,58256.52107194821,8447.224604040366,1783468800000,844722.4604040367,0.9999999999999999,-8637.397395285652,0.0,-56.32894243718823,-8693.726337722841,-1.0291813874067668,6,False,STOP,"[{""time_ms"": 1783483200000, ""role"": ""ENTRY"", ""qty"": 58256.52107194821, ""price"": 6.3838064999999995, ""fee"": 0.0, ""gross_pnl"": 0.0}, {""time_ms"": 1783559100000, ""role"": ""STOP"", ""qty"": 58256.52107194821, ""price"": 6.532071402132042, ""fee"": 0.0, ""gross_pnl"": -8637.397395285652}]",0.5021120664171822,-1.1047789594555626
ADAUSDT,SHORT,1783900800000,1784032200000,0.16181905,2567454.459868211,8360.287340663139,1783886400000,836028.7340663138,1.0,8739.030733622645,0.0,-4.183153517444506,8734.8475801052,1.0448023164969773,10,True,STOP,"[{""time_ms"": 1783900800000, ""role"": ""ENTRY"", ""qty"": 2567454.459868211, ""price"": 0.16181905, ""fee"": 0.0, ""gross_pnl"": 0.0}, {""time_ms"": 1783978500000, ""role"": ""TP2R"", ""qty"": 1283727.2299341054, ""price"": 0.15538419255419045, ""fee"": 0.0, ""gross_pnl"": 8260.60172392994}, {""time_ms"": 1784032200000, ""role"": ""STOP"", ""qty"": 1283727.2299341054, ""price"": 0.1614463625641206, ""fee"": 0.0, ""gross_pnl"": 478.4290096927048}]",2.0020082222767535,-0.7926128993158796
XRPUSDT,SHORT,1783915200000,1784032200000,1.0711641500000002,587670.2356547267,8437.80007453379,1783900800000,843780.007453379,1.0,-4579.557747729257,0.0,-71.65102452577251,-4651.2087722550295,-0.5512347686801551,9,False,STOP,"[{""time_ms"": 1783915200000, ""role"": ""ENTRY"", ""qty"": 587670.2356547267, ""price"": 1.0711641500000002, ""fee"": 0.0, ""gross_pnl"": 0.0}, {""time_ms"": 1784032200000, ""role"": ""STOP"", ""qty"": 587670.2356547267, ""price"": 1.078956883866515, ""fee"": 0.0, ""gross_pnl"": -4579.557747729257}]",1.2929434578754948,-0.8870179317654333
BCHUSDT,SHORT,1784534400000,1784554200000,212.37376,2364.196863473873,8401.12372874164,1784520000000,840112.372874164,1.0,-8656.370979244057,0.0,0.0,-8656.370979244057,-1.0303825129523057,2,False,STOP,"[{""time_ms"": 1784534400000, ""role"": ""ENTRY"", ""qty"": 2364.196863473873, ""price"": 212.37376, ""fee"": 0.0, ""gross_pnl"": 0.0}, {""time_ms"": 1784554200000, ""role"": ""STOP"", ""qty"": 2364.196863473873, ""price"": 216.03520254439314, ""fee"": 0.0, ""gross_pnl"": -8656.370979244057}]",0.40910894104384565,-1.020476011426106
SOLUSDT,LONG,1784592000000,1784707200000,77.848905,10641.991183634518,16620.757871027447,1784577600000,831037.8935513723,2.0,-8805.555975030566,0.0,-72.78019350287397,-8878.33616853344,-0.5341715604924222,8,False,BB_MID,"[{""time_ms"": 1784592000000, ""role"": ""ENTRY"", ""qty"": 10641.991183634518, ""price"": 77.848905, ""fee"": 0.0, ""gross_pnl"": 0.0}, {""time_ms"": 1784707200000, ""role"": ""BB_MID"", ""qty"": 10641.991183634518, ""price"": 77.02147000000001, ""fee"": 0.0, ""gross_pnl"": -8805.555975030566}]",0.6537899217336701,-0.5819565552797171
ETHUSDT,LONG,1784592000000,1784793600000,1904.4617549999998,439.30249228824516,16629.1200378984,1784577600000,831456.00189492,2.0,4041.9936768821767,0.0,-117.23877228155965,3924.754904600617,0.2360169928207837,14,False,BB_MID,"[{""time_ms"": 1784592000000, ""role"": ""ENTRY"", ""qty"": 439.30249228824516, ""price"": 1904.4617549999998, ""fee"": 0.0, ""gross_pnl"": 0.0}, {""time_ms"": 1784793600000, ""role"": ""BB_MID"", ""qty"": 439.30249228824516, ""price"": 1913.6626899999999, ""fee"": 0.0, ""gross_pnl"": 4041.9936768821767}]",1.4341685715240646,-0.1326630322069438
DOGEUSDT,SHORT,1784822400000,1784984400000,0.069675145,7401130.280721231,8265.02420630987,1784808000000,826502.420630987,1.0,-2135.6079891201653,0.0,-108.61160422153401,-2244.2195933416992,-0.2715321258984779,12,False,STOP,"[{""time_ms"": 1784822400000, ""role"": ""ENTRY"", ""qty"": 7401130.280721231, ""price"": 0.069675145, ""fee"": 0.0, ""gross_pnl"": 0.0}, {""time_ms"": 1784984400000, ""role"": ""STOP"", ""qty"": 7401130.280721231, ""price"": 0.06996369660064984, ""fee"": 0.0, ""gross_pnl"": -2135.6079891201653}]",1.4552782387352292,-0.4073117065122932
XRPUSDT,SHORT,1785196800000,1785276600000,1.06476735,655123.7635445817,8242.582010376453,1785182400000,824258.2010376453,0.9999999999999999,-3777.6838438765167,0.0,-149.6937694952095,-3927.377613371726,-0.47647419321125517,6,False,STOP,"[{""time_ms"": 1785196800000, ""role"": ""ENTRY"", ""qty"": 655123.7635445817, ""price"": 1.06476735, ""fee"": 0.0, ""gross_pnl"": 0.0}, {""time_ms"": 1785276600000, ""role"": ""STOP"", ""qty"": 655123.7635445817, ""price"": 1.0705337166838111, ""fee"": 0.0, ""gross_pnl"": -3777.6838438765167}]",1.6108572037694295,-0.4317892269121653
AVAXUSDT,SHORT,1785614400000,1785636300000,6.1219375000000005,142513.2233501802,16406.616468485474,1785600000000,820330.8234242736,2.0,-16851.048299856302,0.0,-187.386106072663,-17038.434405928965,-1.0385099474140274,2,False,STOP,"[{""time_ms"": 1785614400000, ""role"": ""ENTRY"", ""qty"": 142513.2233501802, ""price"": 6.1219375000000005, ""fee"": 0.0, ""gross_pnl"": 0.0}, {""time_ms"": 1785636300000, ""role"": ""STOP"", ""qty"": 142513.2233501802, ""price"": 6.240179498207074, ""fee"": 0.0, ""gross_pnl"": -16851.048299856302}]",0.18186995591845606,-1.5119636633817537
XRPUSDT,SHORT,1785988800000,1786005600000,1.04237855,676831.451385695,8032.923890183447,1785974400000,803292.3890183447,1.0,-8389.697645573375,0.0,-49.624026262186575,-8439.321671835562,-1.0505915140250175,2,False,STOP,"[{""time_ms"": 1785988800000, ""role"": ""ENTRY"", ""qty"": 676831.451385695, ""price"": 1.04237855, ""fee"": 0.0, ""gross_pnl"": 0.0}, {""time_ms"": 1786005600000, ""role"": ""STOP"", ""qty"": 676831.451385695, ""price"": 1.0547740993326986, ""fee"": 0.0, ""gross_pnl"": -8389.697645573375}]",0.3015185035322192,-1.3330706369087317
DOGEUSDT,SHORT,1786046400000,1786092000000,0.068675645,9655628.195110602,7945.232279665405,1786032000000,794523.2279665406,1.0,-8280.758142894862,0.0,49.64086005954818,-8231.117282835314,-1.03598195661335,4,False,STOP,"[{""time_ms"": 1786046400000, ""role"": ""ENTRY"", ""qty"": 9655628.195110602, ""price"": 0.068675645, ""fee"": 0.0, ""gross_pnl"": 0.0}, {""time_ms"": 1786092000000, ""role"": ""STOP"", ""qty"": 9655628.195110602, ""price"": 0.06953325446626839, ""fee"": 0.0, ""gross_pnl"": -8280.758142894862}]",0.0,-1.001816573840397
ETHUSDT,LONG,1786003200000,1786320000000,1909.4842649999998,449.9146687751853,15979.284176274408,1785988800000,798964.2088137204,2.0,-395.49524001333793,0.0,-338.7395061572351,-734.2347461705731,-0.045949163809274024,22,False,BB_MID,"[{""time_ms"": 1786003200000, ""role"": ""ENTRY"", ""qty"": 449.9146687751853, ""price"": 1909.4842649999998, ""fee"": 0.0, ""gross_pnl"": 0.0}, {""time_ms"": 1786320000000, ""role"": ""BB_MID"", ""qty"": 449.9146687751853, ""price"": 1908.6052200000001, ""fee"": 0.0, ""gross_pnl"": -395.49524001333793}]",0.9436731110690908,-0.5074933975723175
BCHUSDT,SHORT,1786464000000,1786484400000,211.184355,6768.394063007111,15717.754306350062,1786449600000,785887.7153175032,2.0,-16440.302650794136,0.0,0.0,-16440.302650794136,-1.045970202254158,2,False,STOP,"[{""time_ms"": 1786464000000, ""role"": ""ENTRY"", ""qty"": 6768.394063007111, ""price"": 211.184355, ""fee"": 0.0, ""gross_pnl"": 0.0}, {""time_ms"": 1786484400000, ""role"": ""STOP"", ""qty"": 6768.394063007111, ""price"": 213.61333630601604, ""fee"": 0.0, ""gross_pnl"": -16440.302650794136}]",0.12244921610772735,-1.0789831938746972
AVAXUSDT,SHORT,1786464000000,1786478700000,6.206895,134784.20976205016,15703.453366534339,1786449600000,785172.668326717,2.0,-16129.600812043056,0.0,0.0,-16129.600812043056,-1.0271371803107259,2,False,STOP,"[{""time_ms"": 1786464000000, ""role"": ""ENTRY"", ""qty"": 134784.20976205016, ""price"": 6.206895, ""fee"": 0.0, ""gross_pnl"": 0.0}, {""time_ms"": 1786478700000, ""role"": ""STOP"", ""qty"": 134784.20976205016, ""price"": 6.326564810288004, ""fee"": 0.0, ""gross_pnl"": -16129.600812043056}]",0.19650992749648863,-1.0222893607542711
BCHUSDT,SHORT,1786636800000,1786749900000,208.03593,5569.641138762872,15066.356237093321,1786622400000,753317.811854666,2.0,25052.252888436156,0.0,-1700.3203183225442,23351.93257011361,1.5499389635180156,8,True,STOP,"[{""time_ms"": 1786636800000, ""role"": ""ENTRY"", ""qty"": 5569.641138762872, ""price"": 208.03593, ""fee"": 0.0, ""gross_pnl"": 0.0}, {""time_ms"": 1786709700000, ""role"": ""TP2R"", ""qty"": 2784.820569381436, ""price"": 202.72707160917787, ""fee"": 0.0, ""gross_pnl"": 14784.218046694721}, {""time_ms"": 1786749900000, ""role"": ""STOP"", ""qty"": 2784.820569381436, ""price"": 204.34878586057627, ""fee"": 0.0, ""gross_pnl"": 10268.034841741435}]",3.4956120713247256,-0.2750633807473794
LTCUSDT,SHORT,1786723200000,1786795500000,43.868055000000005,43653.71704490431,15702.087391791285,1786708800000,785104.3695895642,2.0,-10000.728026598585,0.0,-120.10678906725254,-10120.834815665838,-0.6445534636978771,6,False,STOP,"[{""time_ms"": 1786723200000, ""role"": ""ENTRY"", ""qty"": 43653.71704490431, ""price"": 43.868055000000005, ""fee"": 0.0, ""gross_pnl"": 0.0}, {""time_ms"": 1786795500000, ""role"": ""STOP"", ""qty"": 43653.71704490431, ""price"": 44.097147244683576, ""fee"": 0.0, ""gross_pnl"": -10000.728026598585}]",1.3846536132620424,-0.6726365932691597
XRPUSDT,SHORT,1787025600000,1787034000000,0.9900047500000001,1763283.6939075098,15330.978192182276,1787011200000,766548.9096091138,2.0,-16211.4732975612,0.0,0.0,-16211.4732975612,-1.057432415227615,1,False,STOP,"[{""time_ms"": 1787025600000, ""role"": ""ENTRY"", ""qty"": 1763283.6939075098, ""price"": 0.9900047500000001, ""fee"": 0.0, ""gross_pnl"": 0.0}, {""time_ms"": 1787034000000, ""role"": ""STOP"", ""qty"": 1763283.6939075098, ""price"": 0.9991986609705235, ""fee"": 0.0, ""gross_pnl"": -16211.4732975612}]",0.0925578612717545,-1.0000792087270398
