symbol,side,entry_ms,exit_ms,entry_price,initial_qty,initial_risk,signal_ms,entry_equity,requested_risk_pct,gross_pnl,fees,funding_pnl,net_pnl,r_multiple,bars,partial_taken,reason,fills,mfe_r,mae_r
XRPUSDT,SHORT,1610726400000,1610791500000,0.273863,65393.23443191487,1000.0,1610712000000,100000.0,1.0,-1009.4543936806124,0.0,20.752569104261955,-988.7018245763504,-0.9887018245763504,5,False,STOP,"[{""time_ms"": 1610726400000, ""role"": ""ENTRY"", ""qty"": 65393.23443191487, ""price"": 0.273863, ""fee"": 0.0, ""gross_pnl"": 0.0}, {""time_ms"": 1610791500000, ""role"": ""STOP"", ""qty"": 65393.23443191487, ""price"": 0.28929967938204865, ""fee"": 0.0, ""gross_pnl"": -1009.4543936806124}]",0.8084565572817644,-1.0356326536982352
XRPUSDT,SHORT,1611633600000,1611814200000,0.26396795,221259.98415613378,1980.2259635084731,1611619200000,99011.29817542365,2.0,2305.109740800977,0.0,83.09071061296497,2388.2004514139417,1.2060242090668472,13,True,STOP,"[{""time_ms"": 1611633600000, ""role"": ""ENTRY"", ""qty"": 221259.98415613378, ""price"": 0.26396795, ""fee"": 0.0, ""gross_pnl"": 0.0}, {""time_ms"": 1611758100000, ""role"": ""TP2R"", ""qty"": 110629.99207806689, ""price"": 0.24619144424924672, ""fee"": 0.0, ""gross_pnl"": 1966.614690381547}, {""time_ms"": 1611814200000, ""role"": ""STOP"", ""qty"": 110629.99207806689, ""price"": 0.26090824580892885, ""fee"": 0.0, ""gross_pnl"": 338.49505041942996}]",2.231113207304218,-0.8192445189223146
ETHUSDT,LONG,1612281600000,1612670400000,1429.1142,27.367518823942866,2027.9899725367522,1612267200000,101399.4986268376,2.0,5426.75155870645,0.0,-846.9575168088429,4579.794041897607,2.2582922518935726,27,False,BB_MID,"[{""time_ms"": 1612281600000, ""role"": ""ENTRY"", ""qty"": 27.367518823942866, ""price"": 1429.1142, ""fee"": 0.0, ""gross_pnl"": 0.0}, {""time_ms"": 1612670400000, ""role"": ""BB_MID"", ""qty"": 27.367518823942866, ""price"": 1627.4058900000002, ""fee"": 0.0, ""gross_pnl"": 5426.75155870645}]",4.562298603896017,-0.06523703829423509
BTCUSDT,LONG,1612368000000,1612713600000,36909.545549999995,1.2904055778842376,2118.3931773643367,1612353600000,105919.65886821682,2.0000000000000004,1338.488096296884,0.0,-462.10691454793243,876.3811817489515,0.41370090836457835,24,False,BB_MID,"[{""time_ms"": 1612368000000, ""role"": ""ENTRY"", ""qty"": 1.2904055778842376, ""price"": 36909.545549999995, ""fee"": 0.0, ""gross_pnl"": 0.0}, {""time_ms"": 1612713600000, ""role"": ""BB_MID"", ""qty"": 1.2904055778842376, ""price"": 37946.807105, ""fee"": 0.0, ""gross_pnl"": 1338.488096296884}]",2.487044526136787,-0.4121133700491546
ETHUSDT,LONG,1613664000000,1613860800000,1911.97551,27.15974550253984,2137.1134770096833,1613649600000,106855.67385048416,2.0,-2162.0093044005175,0.0,-511.8124098083113,-2673.821714208829,-1.2511369859265147,14,False,STOP,"[{""time_ms"": 1613664000000, ""role"": ""ENTRY"", ""qty"": 27.15974550253984, ""price"": 1911.97551, ""fee"": 0.0, ""gross_pnl"": 0.0}, {""time_ms"": 1613860800000, ""role"": ""STOP"", ""qty"": 27.15974550253984, ""price"": 1832.3720651076928, ""fee"": 0.0, ""gross_pnl"": -2162.0093044005175}]",1.7286824355635453,-1.5247221793279904
BTCUSDT,LONG,1615291200000,1615795200000,54327.149999999994,1.029287888722193,2083.6370427255065,1615276800000,104181.85213627532,2.0,3578.107126565814,0.0,-783.5173273724331,2794.5897991933807,1.3412075816899045,35,False,BB_MID,"[{""time_ms"": 1615291200000, ""role"": ""ENTRY"", ""qty"": 1.029287888722193, ""price"": 54327.149999999994, ""fee"": 0.0, ""gross_pnl"": 0.0}, {""time_ms"": 1615795200000, ""role"": ""BB_MID"", ""qty"": 1.029287888722193, ""price"": 57803.44382, ""fee"": 0.0, ""gross_pnl"": 3578.107126565814}]",3.765582499091519,-0.6254605929835562
BCHUSDT,SHORT,1616328000000,1616419500000,520.71951,76.95662835579914,1069.5474461949013,1616313600000,106954.74461949013,1.0,-1090.118628822337,0.0,61.982098209109125,-1028.136530613228,-0.9612818339859537,7,False,STOP,"[{""time_ms"": 1616328000000, ""role"": ""ENTRY"", ""qty"": 76.95662835579914, ""price"": 520.71951, ""fee"": 0.0, ""gross_pnl"": 0.0}, {""time_ms"": 1616419500000, ""role"": ""STOP"", ""qty"": 76.95662835579914, ""price"": 534.8848736874827, ""fee"": 0.0, ""gross_pnl"": -1090.118628822337}]",0.5101080725644612,-1.3138881753439373
ETHUSDT,SHORT,1616457600000,1616517000000,1680.8191700000002,26.75836558749732,1080.8713997425612,1616443200000,108087.1399742561,1.0000000000000002,-1103.8998223610931,0.0,24.042436197086083,-1079.857386164007,-0.999061855481794,5,False,STOP,"[{""time_ms"": 1616457600000, ""role"": ""ENTRY"", ""qty"": 26.75836558749732, ""price"": 1680.8191700000002, ""fee"": 0.0, ""gross_pnl"": 0.0}, {""time_ms"": 1616517000000, ""role"": ""STOP"", ""qty"": 26.75836558749732, ""price"": 1722.0735515036629, ""fee"": 0.0, ""gross_pnl"": -1103.8998223610931}]",0.6990970756812227,-1.0323578315679727
LTCUSDT,SHORT,1616328000000,1616551800000,194.45272500000002,223.05130792705077,1069.7644193546873,1616313600000,106976.44193546873,1.0,1438.7178392245257,0.0,123.03591959831176,1561.7537588228374,1.4599043776058025,16,True,STOP,"[{""time_ms"": 1616328000000, ""role"": ""ENTRY"", ""qty"": 223.05130792705077, ""price"": 194.45272500000002, ""fee"": 0.0, ""gross_pnl"": 0.0}, {""time_ms"": 1616450400000, ""role"": ""TP2R"", ""qty"": 111.52565396352539, ""price"": 184.95306254340906, ""fee"": 0.0, ""gross_pnl"": 1059.4560679040562}, {""time_ms"": 1616551800000, ""role"": ""STOP"", ""qty"": 111.52565396352539, ""price"": 191.05205656326072, ""fee"": 0.0, ""gross_pnl"": 379.26177132046945}]",2.7486650332475815,-0.9960860707257236
LINKUSDT,SHORT,1616457600000,1616587800000,27.269358500000003,1302.2908800213556,1080.6464073771917,1616443200000,108064.64073771916,1.0000000000000002,-785.1879070167868,0.0,72.62846342954185,-712.5594435872449,-0.6593826053766089,10,False,STOP,"[{""time_ms"": 1616457600000, ""role"": ""ENTRY"", ""qty"": 1302.2908800213556, ""price"": 27.269358500000003, ""fee"": 0.0, ""gross_pnl"": 0.0}, {""time_ms"": 1616587800000, ""role"": ""STOP"", ""qty"": 1302.2908800213556, ""price"": 27.87228670833078, ""fee"": 0.0, ""gross_pnl"": -785.1879070167868}]",1.1561263857372837,-0.8334996642244846
BNBUSDT,SHORT,1616644800000,1616719800000,240.84351800000002,253.76064198256088,2140.1796847566306,1616630400000,107008.98423783152,2.0000000000000004,2110.691471726503,0.0,-12.388177562101717,2098.3032941644014,0.9804332361013925,6,True,STOP,"[{""time_ms"": 1616644800000, ""role"": ""ENTRY"", ""qty"": 253.76064198256088, ""price"": 240.84351800000002, ""fee"": 0.0, ""gross_pnl"": 0.0}, {""time_ms"": 1616675100000, ""role"": ""TP2R"", ""qty"": 126.88032099128044, ""price"": 224.08780201068708, ""fee"": 0.0, ""gross_pnl"": 2125.970623162755}, {""time_ms"": 1616719800000, ""role"": ""STOP"", ""qty"": 126.88032099128044, ""price"": 240.963939759, ""fee"": 0.0, ""gross_pnl"": -15.279151436252258}]",2.127321905842408,-0.98240780735849
BCHUSDT,SHORT,1616630400000,1616758500000,474.12282000000005,122.13788789598372,2114.352846678542,1616616000000,105717.6423339271,2.0,-1090.5887997963564,0.0,39.841147376061954,-1050.7476524202943,-0.4969594616484776,9,False,STOP,"[{""time_ms"": 1616630400000, ""role"": ""ENTRY"", ""qty"": 122.13788789598372, ""price"": 474.12282000000005, ""fee"": 0.0, ""gross_pnl"": 0.0}, {""time_ms"": 1616758500000, ""role"": ""STOP"", ""qty"": 122.13788789598372, ""price"": 483.05198046431997, ""fee"": 0.0, ""gross_pnl"": -1090.5887997963564}]",1.3316711774335055,-0.6277544519925007
ETHUSDT,LONG,1618401600000,1618409400000,2395.9873949999997,26.838645611620468,2158.196169915544,1618387200000,107909.8084957772,2.0000000000000004,-2189.269600122744,0.0,0.0,-2189.269600122744,-1.0143978710741648,1,False,STOP,"[{""time_ms"": 1618401600000, ""role"": ""ENTRY"", ""qty"": 26.838645611620468, ""price"": 2395.9873949999997, ""fee"": 0.0, ""gross_pnl"": 0.0}, {""time_ms"": 1618409400000, ""role"": ""STOP"", ""qty"": 26.838645611620468, ""price"": 2314.415857009467, ""fee"": 0.0, ""gross_pnl"": -2189.269600122744}]",0.044925214251292686,-1.3055900697861353
BTCUSDT,LONG,1618358400000,1618423500000,63676.872525,1.3062113948064584,2135.303959513424,1618344000000,106765.19797567121,2.0,-2175.824035772562,0.0,-177.7128012033678,-2353.53683697593,-1.1022022539180956,5,False,STOP,"[{""time_ms"": 1618358400000, ""role"": ""ENTRY"", ""qty"": 1.3062113948064584, ""price"": 63676.872525, ""fee"": 0.0, ""gross_pnl"": 0.0}, {""time_ms"": 1618423500000, ""role"": ""STOP"", ""qty"": 1.3062113948064584, ""price"": 62011.12068389395, ""fee"": 0.0, ""gross_pnl"": -2175.824035772562}]",0.8008887450114274,-1.2450016614756139
BTCUSDT,SHORT,1620705600000,1620761100000,55170.0012,1.485110731986485,2390.4451831376155,1620691200000,119522.25915688077,2.0,-2432.6071861621026,0.0,63.493434015694945,-2369.1137521464075,-0.9910763772615739,4,False,STOP,"[{""time_ms"": 1620705600000, ""role"": ""ENTRY"", ""qty"": 1.485110731986485, ""price"": 55170.0012, ""fee"": 0.0, ""gross_pnl"": 0.0}, {""time_ms"": 1620761100000, ""role"": ""STOP"", ""qty"": 1.485110731986485, ""price"": 56807.99837675479, ""fee"": 0.0, ""gross_pnl"": -2432.6071861621026}]",0.34125166757754083,-1.0418682398478918
ETHUSDT,LONG,1619956800000,1620864000000,2939.759145,19.82111701355867,2044.447830771451,1619942400000,102222.39153857254,2.0000000000000004,17605.431485414494,0.0,-1162.6960975688505,16442.735387845645,8.042628987818755,63,False,BB_MID,"[{""time_ms"": 1619956800000, ""role"": ""ENTRY"", ""qty"": 19.82111701355867, ""price"": 2939.759145, ""fee"": 0.0, ""gross_pnl"": 0.0}, {""time_ms"": 1620864000000, ""role"": ""BB_MID"", ""qty"": 19.82111701355867, ""price"": 3827.975055, ""fee"": 0.0, ""gross_pnl"": 17605.431485414494}]",13.955322688740766,-0.34222858269734424
XRPUSDT,SHORT,1622793600000,1622843400000,0.9390302500000001,48399.312276435274,2325.9202634854346,1622779200000,116296.01317427173,2.0,-2349.807432770559,0.0,4.672983801460687,-2345.1344489690982,-1.0082608960355635,4,False,STOP,"[{""time_ms"": 1622793600000, ""role"": ""ENTRY"", ""qty"": 48399.312276435274, ""price"": 0.9390302500000001, ""fee"": 0.0, ""gross_pnl"": 0.0}, {""time_ms"": 1622843400000, ""role"": ""STOP"", ""qty"": 48399.312276435274, ""price"": 0.9875806802075515, ""fee"": 0.0, ""gross_pnl"": -2349.807432770559}]",0.47922892244124216,-1.0418850138145401
LINKUSDT,SHORT,1622793600000,1622877000000,28.231877,1362.3636063123315,2325.010840407761,1622779200000,116273.27759732988,2.0,-2345.4043867093046,0.0,7.842742968303297,-2337.5616437410013,-1.005398169812851,6,False,STOP,"[{""time_ms"": 1622793600000, ""role"": ""ENTRY"", ""qty"": 1362.3636063123315, ""price"": 28.231877, ""fee"": 0.0, ""gross_pnl"": 0.0}, {""time_ms"": 1622877000000, ""role"": ""STOP"", ""qty"": 1362.3636063123315, ""price"": 29.95344705357614, ""fee"": 0.0, ""gross_pnl"": -2345.4043867093046}]",0.6310069646890353,-1.0501125890695115
ETHUSDT,SHORT,1623168000000,1623178800000,2373.482665,21.114293850962678,2393.38303012081,1623153600000,119669.15150604049,2.0,-2419.6369268553617,0.0,0.0,-2419.6369268553617,-1.0109693669605515,1,False,STOP,"[{""time_ms"": 1623168000000, ""role"": ""ENTRY"", ""qty"": 21.114293850962678, ""price"": 2373.482665, ""fee"": 0.0, ""gross_pnl"": 0.0}, {""time_ms"": 1623178800000, ""role"": ""STOP"", ""qty"": 21.114293850962678, ""price"": 2488.0797689303804, ""fee"": 0.0, ""gross_pnl"": -2419.6369268553617}]",0.15370179526104313,-1.0014437046656866
BTCUSDT,SHORT,1623110400000,1623184800000,33534.194515,2.0659931105493556,2232.266341631233,1623096000000,111613.31708156165,2.0,2396.094365338513,0.0,3.96485495152995,2400.059220290043,1.075167051318883,6,True,STOP,"[{""time_ms"": 1623110400000, ""role"": ""ENTRY"", ""qty"": 2.0659931105493556, ""price"": 33534.194515, ""fee"": 0.0, ""gross_pnl"": 0.0}, {""time_ms"": 1623165300000, ""role"": ""TP2R"", ""qty"": 1.0329965552746778, ""price"": 31388.91909294999, ""fee"": 0.0, ""gross_pnl"": 2216.062121093095}, {""time_ms"": 1623184800000, ""role"": ""STOP"", ""qty"": 1.0329965552746778, ""price"": 33359.91296166264, ""fee"": 0.0, ""gross_pnl"": 180.03224424541813}]",2.3741227004911316,-0.4880932433387069
BNBUSDT,SHORT,1623110400000,1623221100000,357.850985,126.24530424156995,2230.880020173788,1623096000000,111578.65904512553,2.0,2221.421340360176,0.0,0.0,2221.421340360176,0.9957601127231956,8,True,STOP,"[{""time_ms"": 1623110400000, ""role"": ""ENTRY"", ""qty"": 126.24530424156995, ""price"": 357.850985, ""fee"": 0.0, ""gross_pnl"": 0.0}, {""time_ms"": 1623165300000, ""role"": ""TP2R"", ""qty"": 63.12265212078498, ""price"": 322.670251397173, ""fee"": 0.0, ""gross_pnl"": 2220.7012085652586}, {""time_ms"": 1623221100000, ""role"": ""STOP"", ""qty"": 63.12265212078498, ""price"": 357.8395765472382, ""fee"": 0.0, ""gross_pnl"": 0.7201317949176544}]",2.191217137476294,-0.486051603853595
ETHUSDT,SHORT,1623456000000,1623501000000,2353.0728750000003,25.509642133438074,2276.30321430713,1623441600000,113815.1607153565,2.0,-2018.4978630820995,0.0,5.920507333107509,-2012.577355748992,-0.8841429134306205,4,False,STOP,"[{""time_ms"": 1623456000000, ""role"": ""ENTRY"", ""qty"": 25.509642133438074, ""price"": 2353.0728750000003, ""fee"": 0.0, ""gross_pnl"": 0.0}, {""time_ms"": 1623501000000, ""role"": ""STOP"", ""qty"": 25.509642133438074, ""price"": 2432.1997342684904, ""fee"": 0.0, ""gross_pnl"": -2018.4978630820995}]",1.0943576755918323,-0.9202545858612301
ADAUSDT,SHORT,1623456000000,1623501300000,1.4358817000000001,38046.02354750155,2275.102092807277,1623441600000,113785.13267786018,2.0,-1522.8713590334016,0.0,5.314268569115017,-1517.5570904642866,-0.667028128215448,4,False,STOP,"[{""time_ms"": 1623456000000, ""role"": ""ENTRY"", ""qty"": 38046.02354750155, ""price"": 1.4358817000000001, ""fee"": 0.0, ""gross_pnl"": 0.0}, {""time_ms"": 1623501300000, ""role"": ""STOP"", ""qty"": 38046.02354750155, ""price"": 1.4759087834383535, ""fee"": 0.0, ""gross_pnl"": -1522.8713590334016}]",1.3358438062286573,-0.7545032417007438
SOLUSDT,SHORT,1624032000000,1624061100000,35.552215000000004,154.38703533718862,249.32412024447788,1624017600000,116477.42254644306,2.0,-252.19318284135977,0.0,0.5681442900408541,-251.6250385513189,-1.0092286229851521,3,False,STOP,"[{""time_ms"": 1624032000000, ""role"": ""ENTRY"", ""qty"": 154.38703533718862, ""price"": 35.552215000000004, ""fee"": 0.0, ""gross_pnl"": 0.0}, {""time_ms"": 1624061100000, ""role"": ""STOP"", ""qty"": 154.38703533718862, ""price"": 37.185727699369856, ""fee"": 0.0, ""gross_pnl"": -252.19318284135977}]",0.41996579820893093,-1.0574984196666763
BNBUSDT,SHORT,1624046400000,1624061400000,328.725555,227.60675456736877,2324.4822113012415,1624032000000,119467.31805880854,2.0,-2363.054530765347,0.0,-27.010430422506413,-2390.0649611878534,-1.0282139177352099,2,False,STOP,"[{""time_ms"": 1624046400000, ""role"": ""ENTRY"", ""qty"": 227.60675456736877, ""price"": 328.725555, ""fee"": 0.0, ""gross_pnl"": 0.0}, {""time_ms"": 1624061400000, ""role"": ""STOP"", ""qty"": 227.60675456736877, ""price"": 339.1077360352553, ""fee"": 0.0, ""gross_pnl"": -2363.054530765347}]",0.033835772840996016,-1.0236698244814784
BTCUSDT,SHORT,1623960000000,1624217700000,37663.43886,2.160523663223636,2205.7005253828643,1623945600000,110285.02626914321,2.0,4610.298013433465,0.0,10.611807301482267,4620.909820734947,2.094985138534549,18,True,STOP,"[{""time_ms"": 1623960000000, ""role"": ""ENTRY"", ""qty"": 2.160523663223636, ""price"": 37663.43886, ""fee"": 0.0, ""gross_pnl"": 0.0}, {""time_ms"": 1624040700000, ""role"": ""TP2R"", ""qty"": 1.080261831611818, ""price"": 35639.42938013218, ""fee"": 0.0, ""gross_pnl"": 2186.4601879217003}, {""time_ms"": 1624217700000, ""role"": ""STOP"", ""qty"": 1.080261831611818, ""price"": 35419.688544490615, ""fee"": 0.0, ""gross_pnl"": 2423.837825511765}]",4.262313273225974,-0.5236123304678119
ADAUSDT,SHORT,1623960000000,1624206000000,1.4664664,52819.759567353096,2204.0722562303804,1623945600000,110244.31954033111,2.0,4099.206311507445,0.0,20.161417029137706,4119.367728536583,1.8689803462169285,18,True,STOP,"[{""time_ms"": 1623960000000, ""role"": ""ENTRY"", ""qty"": 52819.759567353096, ""price"": 1.4664664, ""fee"": 0.0, ""gross_pnl"": 0.0}, {""time_ms"": 1624040700000, ""role"": ""TP2R"", ""qty"": 26409.879783676548, ""price"": 1.383701551784216, ""fee"": 0.0, ""gross_pnl"": 2185.809691693095}, {""time_ms"": 1624206000000, ""role"": ""STOP"", ""qty"": 26409.879783676548, ""price"": 1.3940163685917926, ""fee"": 0.0, ""gross_pnl"": 1913.39661981435}]",3.8646883967683543,-0.6310747828756545
BNBUSDT,SHORT,1624190400000,1624205700000,316.93145499999997,251.73012174275019,2395.977289403896,1624176000000,119798.8644701948,2.0,-2437.065874924222,0.0,-32.860901322728814,-2469.926776246951,-1.0308640182735007,2,False,STOP,"[{""time_ms"": 1624190400000, ""role"": ""ENTRY"", ""qty"": 251.73012174275019, ""price"": 316.93145499999997, ""fee"": 0.0, ""gross_pnl"": 0.0}, {""time_ms"": 1624205700000, ""role"": ""STOP"", ""qty"": 251.73012174275019, ""price"": 326.6127194353095, ""fee"": 0.0, ""gross_pnl"": -2437.065874924222}]",0.7282439690563579,-1.0578380979783608
DOGEUSDT,SHORT,1625486400000,1625509500000,0.22758615000000001,307935.5115367188,2278.273740848572,1625472000000,113913.68704242859,2.0,-2314.4538064784533,0.0,-23.17927659689474,-2337.633083075348,-1.0260545259169196,2,False,STOP,"[{""time_ms"": 1625486400000, ""role"": ""ENTRY"", ""qty"": 307935.5115367188, ""price"": 0.22758615000000001, ""fee"": 0.0, ""gross_pnl"": 0.0}, {""time_ms"": 1625509500000, ""role"": ""STOP"", ""qty"": 307935.5115367188, ""price"": 0.2351021841037915, ""fee"": 0.0, ""gross_pnl"": -2314.4538064784533}]",0.14680595657088782,-1.1804826256011025
XRPUSDT,SHORT,1625745600000,1625807700000,0.6230883,129683.39795345077,2229.6120648548317,1625731200000,111528.3286010474,2.0000000000000004,-419.0847654915643,0.0,10.261056211329043,-408.8237092802353,-0.18336091543658448,5,False,STOP,"[{""time_ms"": 1625745600000, ""role"": ""ENTRY"", ""qty"": 129683.39795345077, ""price"": 0.6230883, ""fee"": 0.0, ""gross_pnl"": 0.0}, {""time_ms"": 1625807700000, ""role"": ""STOP"", ""qty"": 129683.39795345077, ""price"": 0.6263198992031763, ""fee"": 0.0, ""gross_pnl"": -419.0847654915643}]",1.8605709505005192,-0.40201286841046074
BTCUSDT,SHORT,1625745600000,1625837400000,32650.836415,2.921915691248311,2231.5210791870645,1625731200000,111576.05395935323,2.0,-2280.338335353329,0.0,-54.10547955159321,-2334.4438149049224,-1.0461222332505828,7,False,STOP,"[{""time_ms"": 1625745600000, ""role"": ""ENTRY"", ""qty"": 2.921915691248311, ""price"": 32650.836415, ""fee"": 0.0, ""gross_pnl"": 0.0}, {""time_ms"": 1625837400000, ""role"": ""STOP"", ""qty"": 2.921915691248311, ""price"": 33431.26219599819, ""fee"": 0.0, ""gross_pnl"": -2280.338335353329}]",0.524848374293149,-1.1118803342660115
BNBUSDT,SHORT,1626235200000,1626254100000,294.19283,282.015262723164,2296.2715757064498,1626220800000,118458.82176053216,2.0000000000000004,-2338.9031456161506,0.0,0.0,-2338.9031456161506,-1.0185655609557354,2,False,STOP,"[{""time_ms"": 1626235200000, ""role"": ""ENTRY"", ""qty"": 282.015262723164, ""price"": 294.19283, ""fee"": 0.0, ""gross_pnl"": 0.0}, {""time_ms"": 1626254100000, ""role"": ""STOP"", ""qty"": 282.015262723164, ""price"": 302.4863639138439, ""fee"": 0.0, ""gross_pnl"": -2338.9031456161506}]",0.5149399864168022,-1.1221762379318931
ETHUSDT,SHORT,1626120000000,1626268200000,2018.840075,39.56667024726898,2176.655728703361,1626105600000,108832.78643516805,2.0000000000000004,3048.147370529604,0.0,26.222707530295988,3074.3700780598997,1.412428266683822,11,True,STOP,"[{""time_ms"": 1626120000000, ""role"": ""ENTRY"", ""qty"": 39.56667024726898, ""price"": 2018.840075, ""fee"": 0.0, ""gross_pnl"": 0.0}, {""time_ms"": 1626222900000, ""role"": ""TP2R"", ""qty"": 19.78333512363449, ""price"": 1909.7697717270437, ""fee"": 0.0, ""gross_pnl"": 2157.774361685344}, {""time_ms"": 1626268200000, ""role"": ""STOP"", ""qty"": 19.78333512363449, ""price"": 1973.8338612711248, ""fee"": 0.0, ""gross_pnl"": 890.3730088442597}]",2.8451803897771133,-0.5476937814874823
SOLUSDT,SHORT,1626120000000,1626268200000,30.331826500000002,2158.2477520651505,2175.057353925382,1626105600000,108792.82706571858,2.0,3121.382166654832,0.0,29.06202605196098,3150.444192706793,1.4484418937372412,11,True,STOP,"[{""time_ms"": 1626120000000, ""role"": ""ENTRY"", ""qty"": 2158.2477520651505, ""price"": 30.331826500000002, ""fee"": 0.0, ""gross_pnl"": 0.0}, {""time_ms"": 1626225000000, ""role"": ""TP2R"", ""qty"": 1079.1238760325753, ""price"": 28.330407542008903, ""fee"": 0.0, ""gross_pnl"": 2159.7789835124327}, {""time_ms"": 1626268200000, ""role"": ""STOP"", ""qty"": 1079.1238760325753, ""price"": 29.440730301964095, ""fee"": 0.0, ""gross_pnl"": 961.6031831423991}]",2.926036940299224,-0.7493372557982126
BTCUSDT,SHORT,1626206400000,1626268500000,32290.556645,0.4403025512202782,266.2247534004655,1626192000000,115448.4459007302,2.0,-259.63949476024516,0.0,1.6254262898250809,-258.01406847042006,-0.9691588222914246,5,False,STOP,"[{""time_ms"": 1626206400000, ""role"": ""ENTRY"", ""qty"": 0.4403025512202782, ""price"": 32290.556645, ""fee"": 0.0, ""gross_pnl"": 0.0}, {""time_ms"": 1626268500000, ""role"": ""STOP"", ""qty"": 0.4403025512202782, ""price"": 32880.24092922835, ""fee"": 0.0, ""gross_pnl"": -259.63949476024516}]",1.2148320343142007,-0.9880968244166366
BTCUSDT,SHORT,1626710400000,1626840900000,30657.653505000002,3.8743788474315823,2249.213669836963,1626696000000,112460.68349184815,2.0000000000000004,2701.320626876599,0.0,-50.13652554435824,2651.1841013322405,1.1787159827836253,10,True,STOP,"[{""time_ms"": 1626710400000, ""role"": ""ENTRY"", ""qty"": 3.8743788474315823, ""price"": 30657.653505000002, ""fee"": 0.0, ""gross_pnl"": 0.0}, {""time_ms"": 1626750900000, ""role"": ""TP2R"", ""qty"": 1.9371894237157912, ""price"": 29511.331205062255, ""fee"": 0.0, ""gross_pnl"": 2220.643435608964}, {""time_ms"": 1626840900000, ""role"": ""STOP"", ""qty"": 1.9371894237157912, ""price"": 30409.522276642565, ""fee"": 0.0, ""gross_pnl"": 480.6771912676349}]",2.4381179154662087,-0.6758357293827488
BNBUSDT,SHORT,1626724800000,1626840000000,282.94845499999997,284.59467624648397,2237.2268848709246,1626710400000,112161.01386769718,2.0000000000000004,3755.1730013680162,0.0,-83.51318785018918,3671.659813517827,1.641165604770417,9,True,STOP,"[{""time_ms"": 1626724800000, ""role"": ""ENTRY"", ""qty"": 284.59467624648397, ""price"": 282.94845499999997, ""fee"": 0.0, ""gross_pnl"": 0.0}, {""time_ms"": 1626747600000, ""role"": ""TP2R"", ""qty"": 142.29733812324199, ""price"": 267.3598704095707, ""fee"": 0.0, ""gross_pnl"": 2218.2140923270726}, {""time_ms"": 1626840000000, ""role"": ""STOP"", ""qty"": 142.29733812324199, ""price"": 272.14741733259257, ""fee"": 0.0, ""gross_pnl"": 1536.9589090409436}]",3.728289838824671,-0.10832391440634183
DOGEUSDT,SHORT,1627977600000,1628095200000,0.1987006,215485.0579293624,1187.835274066982,1627963200000,118783.52740669821,1.0,-912.7023125314621,0.0,16.9921145387257,-895.7101979927364,-0.7540693710214126,9,False,STOP,"[{""time_ms"": 1627977600000, ""role"": ""ENTRY"", ""qty"": 215485.0579293624, ""price"": 0.1987006, ""fee"": 0.0, ""gross_pnl"": 0.0}, {""time_ms"": 1628095200000, ""role"": ""STOP"", ""qty"": 215485.0579293624, ""price"": 0.20293617123311378, ""fee"": 0.0, ""gross_pnl"": -912.7023125314621}]",1.0141900911354491,-0.7654408597533175
SOLUSDT,LONG,1628164800000,1628424000000,36.886434,1204.1546741043283,2357.75634417411,1628150400000,117887.81720870548,2.0000000000000004,1628.5433349816376,0.0,-85.46907999548664,1543.074254986151,0.6544672263522925,18,False,BB_MID,"[{""time_ms"": 1628164800000, ""role"": ""ENTRY"", ""qty"": 1204.1546741043283, ""price"": 36.886434, ""fee"": 0.0, ""gross_pnl"": 0.0}, {""time_ms"": 1628424000000, ""role"": ""BB_MID"", ""qty"": 1204.1546741043283, ""price"": 38.238871, ""fee"": 0.0, ""gross_pnl"": 1628.5433349816376}]",1.8746335754455026,-0.6187042681799629
SOLUSDT,LONG,1628683200000,1628746200000,42.593286,1133.0459324195492,2388.6178292738327,1628668800000,119430.89146369163,2.0,-2411.5535950845388,0.0,-33.474123099723485,-2445.027718184262,-1.0236161215155875,5,False,STOP,"[{""time_ms"": 1628683200000, ""role"": ""ENTRY"", ""qty"": 1133.0459324195492, ""price"": 42.593286, ""fee"": 0.0, ""gross_pnl"": 0.0}, {""time_ms"": 1628746200000, ""role"": ""STOP"", ""qty"": 1133.0459324195492, ""price"": 40.46490485843867, ""fee"": 0.0, ""gross_pnl"": -2411.5535950845388}]",0.5624459502260971,-1.0641074710249645
BTCUSDT,LONG,1628928000000,1628938200000,47663.6199,1.7617389967022619,2339.717274910148,1628913600000,116985.86374550738,2.0000000000000004,-2380.532845223595,0.0,0.0,-2380.532845223595,-1.0174446591266095,1,False,STOP,"[{""time_ms"": 1628928000000, ""role"": ""ENTRY"", ""qty"": 1.7617389967022619, ""price"": 47663.6199, ""fee"": 0.0, ""gross_pnl"": 0.0}, {""time_ms"": 1628938200000, ""role"": ""STOP"", ""qty"": 1.7617389967022619, ""price"": 46312.379534838285, ""fee"": 0.0, ""gross_pnl"": -2380.532845223595}]",0.47917568969453533,-1.1020179991356784
ETHUSDT,LONG,1630440000000,1630814400000,3417.7079999999996,18.48250677559094,2292.1066180056755,1630425600000,114605.33090028378,2.0,7917.499195101576,0.0,-419.7273295660746,7497.771865535502,3.2711270089430617,26,False,BB_MID,"[{""time_ms"": 1630440000000, ""role"": ""ENTRY"", ""qty"": 18.48250677559094, ""price"": 3417.7079999999996, ""fee"": 0.0, ""gross_pnl"": 0.0}, {""time_ms"": 1630814400000, ""role"": ""BB_MID"", ""qty"": 18.48250677559094, ""price"": 3846.0859950000004, ""fee"": 0.0, ""gross_pnl"": 7917.499195101576}]",4.989173842281811,-0.37663209891406424
BTCUSDT,LONG,1630958400000,1631007600000,51782.308215,2.1874689998003847,2442.062055316386,1630944000000,122103.10276581929,2.0,-2497.477121267936,0.0,-22.981220409484582,-2520.458341677421,-1.0321024955898912,4,False,STOP,"[{""time_ms"": 1630958400000, ""role"": ""ENTRY"", ""qty"": 2.1874689998003847, ""price"": 51782.308215, ""fee"": 0.0, ""gross_pnl"": 0.0}, {""time_ms"": 1631007600000, ""role"": ""STOP"", ""qty"": 2.1874689998003847, ""price"": 50640.588208226945, ""fee"": 0.0, ""gross_pnl"": -2497.477121267936}]",1.0459560499080585,-1.1486233375582475
DOGEUSDT,SHORT,1632052800000,1632154500000,0.23458265,403291.3748947671,2391.652888482837,1632038400000,119582.64442414186,2.0,6347.41141183063,0.0,27.693299645502226,6375.104711476132,2.6655643643673677,8,True,STOP,"[{""time_ms"": 1632052800000, ""role"": ""ENTRY"", ""qty"": 403291.3748947671, ""price"": 0.23458265, ""fee"": 0.0, ""gross_pnl"": 0.0}, {""time_ms"": 1632105000000, ""role"": ""TP2R"", ""qty"": 201645.68744738356, ""price"": 0.22283334132369098, ""fee"": 0.0, ""gross_pnl"": 2369.197425065841}, {""time_ms"": 1632154500000, ""role"": ""STOP"", ""qty"": 201645.68744738356, ""price"": 0.2148539167098182, ""fee"": 0.0, ""gross_pnl"": 3978.2139867647893}]",6.033832996991694,-0.7415011333515374
XRPUSDT,SHORT,1632110400000,1632155100000,0.9804095500000001,96008.7713339418,2587.9723441191686,1632096000000,129398.61720595844,2.0,4470.874287230229,0.0,13.682825995076923,4484.557113225306,1.7328458410368568,4,True,STOP,"[{""time_ms"": 1632110400000, ""role"": ""ENTRY"", ""qty"": 96008.7713339418, ""price"": 0.9804095500000001, ""fee"": 0.0, ""gross_pnl"": 0.0}, {""time_ms"": 1632137100000, ""role"": ""TP2R"", ""qty"": 48004.3856669709, ""price"": 0.9269616344487825, ""fee"": 0.0, ""gross_pnl"": 2565.734351216338}, {""time_ms"": 1632155100000, ""role"": ""STOP"", ""qty"": 48004.3856669709, ""price"": 0.9407227607713919, ""fee"": 0.0, ""gross_pnl"": 1905.1399360138912}]",4.095980879827095,-0.5078892309245753
BNBUSDT,SHORT,1632124800000,1632210600000,382.17881500000004,35.61813864690549,370.9524152105523,1632110400000,133566.10663249047,2.0,599.0053079348868,0.0,0.0,599.0053079348868,1.6147766758571764,6,True,STOP,"[{""time_ms"": 1632124800000, ""role"": ""ENTRY"", ""qty"": 35.61813864690549, ""price"": 382.17881500000004, ""fee"": 0.0, ""gross_pnl"": 0.0}, {""time_ms"": 1632141000000, ""role"": ""TP2R"", ""qty"": 17.809069323452746, ""price"": 361.53007922194655, ""fee"": 0.0, ""gross_pnl"": 367.73476691301363}, {""time_ms"": 1632210600000, ""role"": ""STOP"", ""qty"": 17.809069323452746, ""price"": 369.19270456258863, ""fee"": 0.0, ""gross_pnl"": 231.2705410218731}]",3.7926003750640924,-0.48116436177934363
BCHUSDT,SHORT,1632081600000,1632214200000,611.2942,172.15295621612114,2375.7861234569586,1632067200000,119185.97529849489,2.0000000000000004,7766.51043084573,0.0,29.467174649207163,7795.977605494937,3.2814307350828225,10,True,STOP,"[{""time_ms"": 1632081600000, ""role"": ""ENTRY"", ""qty"": 172.15295621612114, ""price"": 611.2942, ""fee"": 0.0, ""gross_pnl"": 0.0}, {""time_ms"": 1632105000000, ""role"": ""TP2R"", ""qty"": 86.07647810806057, ""price"": 583.9851715374772, ""fee"": 0.0, ""gross_pnl"": 2350.664990606752}, {""time_ms"": 1632214200000, ""role"": ""STOP"", ""qty"": 86.07647810806057, ""price"": 548.3752056443072, ""fee"": 0.0, ""gross_pnl"": 5415.845440238978}]",7.339926690106768,-0.4822890556814961
XRPUSDT,SHORT,1632873600000,1632888300000,0.89205375,103317.15288127337,2776.7457832454625,1632859200000,138837.2891622731,2.0,-2824.2163829706105,0.0,0.0,-2824.2163829706105,-1.017095767286865,2,False,STOP,"[{""time_ms"": 1632873600000, ""role"": ""ENTRY"", ""qty"": 103317.15288127337, ""price"": 0.89205375, ""fee"": 0.0, ""gross_pnl"": 0.0}, {""time_ms"": 1632888300000, ""role"": ""STOP"", ""qty"": 103317.15288127337, ""price"": 0.919389156602, ""fee"": 0.0, ""gross_pnl"": -2824.2163829706105}]",0.243851920035775,-1.0398240275109314
SOLUSDT,LONG,1633161600000,1633392000000,158.62027049999998,288.7582254501504,2720.2614555860505,1633147200000,136013.0727793025,2.0,2466.02628685353,0.0,-39.276466534012805,2426.7498203195173,0.8921016821144866,16,False,BB_MID,"[{""time_ms"": 1633161600000, ""role"": ""ENTRY"", ""qty"": 288.7582254501504, ""price"": 158.62027049999998, ""fee"": 0.0, ""gross_pnl"": 0.0}, {""time_ms"": 1633392000000, ""role"": ""BB_MID"", ""qty"": 288.7582254501504, ""price"": 167.160378, ""fee"": 0.0, ""gross_pnl"": 2466.02628685353}]",2.057175897056678,-0.20702298581312217
LINKUSDT,SHORT,1633521600000,1633525800000,25.555216,1623.3848862032994,1384.3982259962204,1633507200000,138439.82259962204,1.0,-1405.833400818246,0.0,0.0,-1405.833400818246,-1.015483387958404,1,False,STOP,"[{""time_ms"": 1633521600000, ""role"": ""ENTRY"", ""qty"": 1623.3848862032994, ""price"": 25.555216, ""fee"": 0.0, ""gross_pnl"": 0.0}, {""time_ms"": 1633525800000, ""role"": ""STOP"", ""qty"": 1623.3848862032994, ""price"": 26.42120496710573, ""fee"": 0.0, ""gross_pnl"": -1405.833400818246}]",0.040122658512049304,-1.7352369681901192
LINKUSDT,SHORT,1633910400000,1633924500000,25.5362255,1773.1221615426227,1369.818394809558,1633896000000,136981.8394809558,1.0,-1393.1427276850586,0.0,0.0,-1393.1427276850586,-1.0170273176093123,1,False,STOP,"[{""time_ms"": 1633910400000, ""role"": ""ENTRY"", ""qty"": 1773.1221615426227, ""price"": 25.5362255, ""fee"": 0.0, ""gross_pnl"": 0.0}, {""time_ms"": 1633924500000, ""role"": ""STOP"", ""qty"": 1773.1221615426227, ""price"": 26.32192586396873, ""fee"": 0.0, ""gross_pnl"": -1393.1427276850586}]",0.43521746209915285,-1.022300966228398
SOLUSDT,SHORT,1633910400000,1633924800000,147.532197,272.2697308749771,1370.3398919880376,1633896000000,137033.98919880379,1.0,-1391.1093377203172,0.0,0.0,-1391.1093377203172,-1.0151564191144928,2,False,STOP,"[{""time_ms"": 1633910400000, ""role"": ""ENTRY"", ""qty"": 272.2697308749771, ""price"": 147.532197, ""fee"": 0.0, ""gross_pnl"": 0.0}, {""time_ms"": 1633924800000, ""role"": ""STOP"", ""qty"": 272.2697308749771, ""price"": 152.64150288299254, ""fee"": 0.0, ""gross_pnl"": -1391.1093377203172}]",0.4474839232606843,-1.076252325160835
ADAUSDT,SHORT,1633910400000,1633925700000,2.1872058500000002,29297.075264121126,1370.1389487585602,1633896000000,137013.89487585603,1.0,-1402.863385435727,0.0,0.0,-1402.863385435727,-1.0238840277526724,2,False,STOP,"[{""time_ms"": 1633910400000, ""role"": ""ENTRY"", ""qty"": 29297.075264121126, ""price"": 2.1872058500000002, ""fee"": 0.0, ""gross_pnl"": 0.0}, {""time_ms"": 1633925700000, ""role"": ""STOP"", ""qty"": 29297.075264121126, ""price"": 2.2350899262358883, ""fee"": 0.0, ""gross_pnl"": -1402.863385435727}]",0.44915880173646033,-1.006993384357061
BTCUSDT,LONG,1633968000000,1634058300000,57528.75,1.4643186999034221,2656.937474959254,1633953600000,132846.8737479627,2.0,-2697.729218425304,0.0,-25.068782435360717,-2722.798000860665,-1.0247881354085764,7,False,STOP,"[{""time_ms"": 1633968000000, ""role"": ""ENTRY"", ""qty"": 1.4643186999034221, ""price"": 57528.75, ""fee"": 0.0, ""gross_pnl"": 0.0}, {""time_ms"": 1634058300000, ""role"": ""STOP"", ""qty"": 1.4643186999034221, ""price"": 55686.4398399213, ""fee"": 0.0, ""gross_pnl"": -2697.729218425304}]",0.19358451156211903,-1.038351496550875
SOLUSDT,SHORT,1633982400000,1634057100000,141.65113900000003,259.2062937737467,1328.075567908703,1633968000000,132807.5567908703,1.0,-1347.0980390671664,0.0,11.195463345894659,-1335.9025757212717,-1.005893495823354,6,False,STOP,"[{""time_ms"": 1633982400000, ""role"": ""ENTRY"", ""qty"": 259.2062937737467, ""price"": 141.65113900000003, ""fee"": 0.0, ""gross_pnl"": 0.0}, {""time_ms"": 1634057100000, ""role"": ""STOP"", ""qty"": 259.2062937737467, ""price"": 146.84815030499175, ""fee"": 0.0, ""gross_pnl"": -1347.0980390671664}]",0.7719417074770604,-1.2237160832991616
ADAUSDT,SHORT,1633982400000,1634148600000,2.15442225,28632.54941784195,1326.554524079531,1633968000000,132789.1891736872,1.0,-549.7540589806644,0.0,36.48975765310895,-513.2643013275554,-0.3869153449864407,12,False,STOP,"[{""time_ms"": 1633982400000, ""role"": ""ENTRY"", ""qty"": 28632.54941784195, ""price"": 2.15442225, ""fee"": 0.0, ""gross_pnl"": 0.0}, {""time_ms"": 1634148600000, ""role"": ""STOP"", ""qty"": 28632.54941784195, ""price"": 2.1736225681748844, ""fee"": 0.0, ""gross_pnl"": -549.7540589806644}]",1.8221823537691957,-0.4484700348667236
ADAUSDT,SHORT,1635336000000,1635410400000,1.9764113,22279.03164836574,1282.7490887005322,1635321600000,128274.90887005322,1.0,-999.2841433504692,0.0,12.966190873002875,-986.3179524774663,-0.7689094938096113,6,False,STOP,"[{""time_ms"": 1635336000000, ""role"": ""ENTRY"", ""qty"": 22279.03164836574, ""price"": 1.9764113, ""fee"": 0.0, ""gross_pnl"": 0.0}, {""time_ms"": 1635410400000, ""role"": ""STOP"", ""qty"": 22279.03164836574, ""price"": 2.0212644228431453, ""fee"": 0.0, ""gross_pnl"": -999.2841433504692}]",1.2489692198480677,-0.9428965306643825
ETHUSDT,LONG,1636372800000,1636516800000,4736.4870599999995,22.66114943169914,2545.7718183515153,1636358400000,127288.59091757576,2.0000000000000004,-986.9995651528194,0.0,-80.02988807485846,-1067.0294532276778,-0.4191378997661386,10,False,BB_MID,"[{""time_ms"": 1636372800000, ""role"": ""ENTRY"", ""qty"": 22.66114943169914, ""price"": 4736.4870599999995, ""fee"": 0.0, ""gross_pnl"": 0.0}, {""time_ms"": 1636516800000, ""role"": ""BB_MID"", ""qty"": 22.66114943169914, ""price"": 4692.93236, ""fee"": 0.0, ""gross_pnl"": -986.9995651528194}]",0.9656592536726031,-0.47584721305608907
BTCUSDT,LONG,1636387200000,1636579200000,66476.90183999999,1.613021194194005,2559.0995337634704,1636372800000,127954.97668817351,2.0,-2611.4343097927203,0.0,-335.69857525963334,-2947.1328850523537,-1.1516288624843882,14,False,STOP,"[{""time_ms"": 1636387200000, ""role"": ""ENTRY"", ""qty"": 1.613021194194005, ""price"": 66476.90183999999, ""fee"": 0.0, ""gross_pnl"": 0.0}, {""time_ms"": 1636579200000, ""role"": ""STOP"", ""qty"": 1.613021194194005, ""price"": 64857.930980105244, ""fee"": 0.0, ""gross_pnl"": -2611.4343097927203}]",1.71557145803616,-2.5693828422881557
BTCUSDT,LONG,1636977600000,1636991100000,65833.87048499999,1.6236635869709715,2465.488571585915,1636963200000,123274.42857929574,2.0000000000000004,-2517.7018564480395,0.0,0.0,-2517.7018564480395,-1.021177662498163,1,False,STOP,"[{""time_ms"": 1636977600000, ""role"": ""ENTRY"", ""qty"": 1.6236635869709715, ""price"": 65833.87048499999, ""fee"": 0.0, ""gross_pnl"": 0.0}, {""time_ms"": 1636991100000, ""role"": ""STOP"", ""qty"": 1.6236635869709715, ""price"": 64283.24024567502, ""fee"": 0.0, ""gross_pnl"": -2517.7018564480395}]",0.10891834432619504,-1.0048719647216138
ADAUSDT,SHORT,1637035200000,1637064000000,1.92893505,54439.94665754119,2415.134534456954,1637020800000,120756.7267228477,2.0,3168.181786010799,0.0,10.594758956867205,3178.7765449676663,1.31619025756775,3,True,STOP,"[{""time_ms"": 1637035200000, ""role"": ""ENTRY"", ""qty"": 54439.94665754119, ""price"": 1.92893505, ""fee"": 0.0, ""gross_pnl"": 0.0}, {""time_ms"": 1637057100000, ""role"": ""TP2R"", ""qty"": 27219.973328770597, ""price"": 1.8411285965347801, ""fee"": 0.0, ""gross_pnl"": 2390.0893214172215}, {""time_ms"": 1637064000000, ""role"": ""STOP"", ""qty"": 27219.973328770597, ""price"": 1.9003496999999998, ""fee"": 0.0, ""gross_pnl"": 778.0924645935773}]",4.709639489896265,-0.9301600572455159
XRPUSDT,SHORT,1637928000000,1638001200000,0.9337329000000001,80387.8188164454,2478.7100653563075,1637913600000,123935.50326781537,2.0000000000000004,-2517.479795983056,0.0,22.77385098343975,-2494.7059449996163,-1.0064533080600573,6,False,STOP,"[{""time_ms"": 1637928000000, ""role"": ""ENTRY"", ""qty"": 80387.8188164454, ""price"": 0.9337329000000001, ""fee"": 0.0, ""gross_pnl"": 0.0}, {""time_ms"": 1638001200000, ""role"": ""STOP"", ""qty"": 80387.8188164454, ""price"": 0.9650495824656778, ""fee"": 0.0, ""gross_pnl"": -2517.479795983056}]",0.22484304108896722,-1.0140330669752466
BCHUSDT,SHORT,1638504000000,1638538200000,554.46263,208.80974977827745,2428.8159464563146,1638489600000,121440.79732281574,2.0,-2487.9189559453894,0.0,11.672047393106153,-2476.246908552283,-1.0195284299599445,3,False,STOP,"[{""time_ms"": 1638504000000, ""role"": ""ENTRY"", ""qty"": 208.80974977827745, ""price"": 554.46263, ""fee"": 0.0, ""gross_pnl"": 0.0}, {""time_ms"": 1638538200000, ""role"": ""STOP"", ""qty"": 208.80974977827745, ""price"": 566.3773943181756, ""fee"": 0.0, ""gross_pnl"": -2487.9189559453894}]",0.07416187904811603,-1.1638324618545997
DOGEUSDT,SHORT,1639411200000,1639477800000,0.157851035,462382.8084695773,2377.6140374374368,1639396800000,118922.62614306765,1.9999999999999998,-1978.8460545527514,0.0,-8.461429633161583,-1987.307484185913,-0.8358410797102328,5,False,STOP,"[{""time_ms"": 1639411200000, ""role"": ""ENTRY"", ""qty"": 462382.8084695773, ""price"": 0.157851035, ""fee"": 0.0, ""gross_pnl"": 0.0}, {""time_ms"": 1639477800000, ""role"": ""STOP"", ""qty"": 462382.8084695773, ""price"": 0.16213070547715822, ""fee"": 0.0, ""gross_pnl"": -1978.8460545527514}]",1.2915049987483747,-3.3330736806647576
BNBUSDT,SHORT,1639411200000,1639595100000,525.886925,159.36242970937457,2379.291008285269,1639396800000,118964.55041426345,2.0000000000000004,-922.2858480713675,0.0,-43.55350545808459,-965.8393535294521,-0.4059357809390129,13,False,STOP,"[{""time_ms"": 1639411200000, ""role"": ""ENTRY"", ""qty"": 159.36242970937457, ""price"": 525.886925, ""fee"": 0.0, ""gross_pnl"": 0.0}, {""time_ms"": 1639595100000, ""role"": ""STOP"", ""qty"": 159.36242970937457, ""price"": 531.674273057841, ""fee"": 0.0, ""gross_pnl"": -922.2858480713675}]",1.6334107965805966,-0.8133304961034586
BNBUSDT,SHORT,1640001600000,1640034000000,514.70252,214.26653895895808,2320.2280715309616,1639987200000,116011.40357654808,2.0,-2376.529949343651,0.0,0.0,-2376.529949343651,-1.0242656653039885,3,False,STOP,"[{""time_ms"": 1640001600000, ""role"": ""ENTRY"", ""qty"": 214.26653895895808, ""price"": 514.70252, ""fee"": 0.0, ""gross_pnl"": 0.0}, {""time_ms"": 1640034000000, ""role"": ""STOP"", ""qty"": 214.26653895895808, ""price"": 525.7939856151648, ""fee"": 0.0, ""gross_pnl"": -2376.529949343651}]",0.8036532543935477,-1.1033161870126942
DOGEUSDT,SHORT,1640001600000,1640034600000,0.16405793000000002,466014.00605110737,2318.0212975929153,1639987200000,115956.23422809693,1.9999999999999998,-2357.4069548335806,0.0,1.5056744770469102,-2355.901280356534,-1.0163415162763836,3,False,STOP,"[{""time_ms"": 1640001600000, ""role"": ""ENTRY"", ""qty"": 466014.00605110737, ""price"": 0.16405793000000002, ""fee"": 0.0, ""gross_pnl"": 0.0}, {""time_ms"": 1640034600000, ""role"": ""STOP"", ""qty"": 466014.00605110737, ""price"": 0.16911659116516475, ""fee"": 0.0, ""gross_pnl"": -2357.4069548335806}]",0.6147649337836804,-1.0538635012702693
ETHUSDT,SHORT,1640664000000,1640864400000,3957.7301450000004,36.43739492677735,2225.579446936958,1640649600000,111278.97234684789,2.0000000000000004,6266.413836434736,0.0,32.02763576714365,6298.44147220188,2.830023201764538,14,True,STOP,"[{""time_ms"": 1640664000000, ""role"": ""ENTRY"", ""qty"": 36.43739492677735, ""price"": 3957.7301450000004, ""fee"": 0.0, ""gross_pnl"": 0.0}, {""time_ms"": 1640708700000, ""role"": ""TP2R"", ""qty"": 18.218697463388676, ""price"": 3837.4888436124625, ""fee"": 0.0, ""gross_pnl"": 2190.6398925836916}, {""time_ms"": 1640864400000, ""role"": ""STOP"", ""qty"": 18.218697463388676, ""price"": 3734.0163503096005, ""fee"": 0.0, ""gross_pnl"": 4075.7739438510444}]",6.18423327374651,-0.032414371291946624
DOGEUSDT,SHORT,1640664000000,1640864400000,0.181159375,485238.60279448086,2222.6938165956485,1640649600000,111206.83158831515,2.0000000000000004,3733.031097834581,0.0,37.06726983797933,3770.0983676725605,1.6961843055140038,14,True,STOP,"[{""time_ms"": 1640664000000, ""role"": ""ENTRY"", ""qty"": 485238.60279448086, ""price"": 0.181159375, ""fee"": 0.0, ""gross_pnl"": 0.0}, {""time_ms"": 1640712900000, ""role"": ""TP2R"", ""qty"": 242619.30139724043, ""price"": 0.1720841333752751, ""fee"": 0.0, ""gross_pnl"": 2201.828783001918}, {""time_ms"": 1640864400000, ""role"": ""STOP"", ""qty"": 242619.30139724043, ""price"": 0.17484824350298186, ""fee"": 0.0, ""gross_pnl"": 1531.202314832663}]",3.5823477522091896,-0.2642928050287244
BTCUSDT,SHORT,1640721600000,1640885100000,47652.821670000005,2.639379707907026,2398.008234095049,1640707200000,119900.41170475243,2.0000000000000004,-176.04646599554349,0.0,74.84448115568571,-101.20198483985777,-0.04220251765651213,12,False,STOP,"[{""time_ms"": 1640721600000, ""role"": ""ENTRY"", ""qty"": 2.639379707907026, ""price"": 47652.821670000005, ""fee"": 0.0, ""gross_pnl"": 0.0}, {""time_ms"": 1640885100000, ""role"": ""STOP"", ""qty"": 2.639379707907026, ""price"": 47719.52160918198, ""fee"": 0.0, ""gross_pnl"": -176.04646599554349}]",1.9512650019325968,-0.5207730662790495
BTCUSDT,SHORT,1641326400000,1641375600000,46035.060955,2.953624639510234,2424.9262040376493,1641312000000,121246.31020188247,2.0,-2494.1238122986692,0.0,27.243846252751247,-2466.879966045918,-1.0173010469095567,4,False,STOP,"[{""time_ms"": 1641326400000, ""role"": ""ENTRY"", ""qty"": 2.953624639510234, ""price"": 46035.060955, ""fee"": 0.0, ""gross_pnl"": 0.0}, {""time_ms"": 1641375600000, ""role"": ""STOP"", ""qty"": 2.953624639510234, ""price"": 46879.489112503536, ""fee"": 0.0, ""gross_pnl"": -2494.1238122986692}]",0.3956527463665187,-1.0843957458250149
LTCUSDT,SHORT,1641340800000,1641375600000,146.376775,874.8410921005782,2437.109002795743,1641326400000,121855.45013978715,2.0,-2502.3557661467194,0.0,12.988233967751189,-2489.3675321789683,-1.0214428362963153,3,False,STOP,"[{""time_ms"": 1641340800000, ""role"": ""ENTRY"", ""qty"": 874.8410921005782, ""price"": 146.376775, ""fee"": 0.0, ""gross_pnl"": 0.0}, {""time_ms"": 1641375600000, ""role"": ""STOP"", ""qty"": 874.8410921005782, ""price"": 149.23712962753393, ""fee"": 0.0, ""gross_pnl"": -2502.3557661467194}]",0.1855050409528864,-1.0672889079137877
XRPUSDT,SHORT,1641412800000,1641427200000,0.7974011,145509.0279581987,2323.469153772165,1641398400000,116231.76019613293,2.0,4122.864155372786,0.0,2.5753554825359677,4125.439510855322,1.7755516591032197,2,True,STOP,"[{""time_ms"": 1641412800000, ""role"": ""ENTRY"", ""qty"": 145509.0279581987, ""price"": 0.7974011, ""fee"": 0.0, ""gross_pnl"": 0.0}, {""time_ms"": 1641421500000, ""role"": ""TP2R"", ""qty"": 72754.51397909936, ""price"": 0.7658480938968998, ""fee"": 0.0, ""gross_pnl"": 2295.62362361061}, {""time_ms"": 1641427200000, ""role"": ""STOP"", ""qty"": 72754.51397909936, ""price"": 0.77228595, ""fee"": 0.0, ""gross_pnl"": 1827.2405317621754}]",5.636387534952743,-0.2942721965397068
XRPUSDT,SHORT,1641441600000,1641492300000,0.7486255,65570.31313901999,1452.8072805481625,1641427200000,127673.7429814401,2.0,-1478.0774884178572,0.0,5.50282303072189,-1472.5746653871354,-1.0136063365758425,4,False,STOP,"[{""time_ms"": 1641441600000, ""role"": ""ENTRY"", ""qty"": 65570.31313901999, ""price"": 0.7486255, ""fee"": 0.0, ""gross_pnl"": 0.0}, {""time_ms"": 1641492300000, ""role"": ""STOP"", ""qty"": 65570.31313901999, ""price"": 0.7711673702101375, ""fee"": 0.0, ""gross_pnl"": -1478.0774884178572}]",0.5201864378038037,-1.0008133412936844
ADAUSDT,SHORT,1641427200000,1641500700000,1.2290851500000002,68030.72061665145,2491.2418116728654,1641412800000,124562.09058364328,1.9999999999999998,-2186.642298137398,0.0,16.697294617438395,-2169.9450035199598,-0.8710294574186055,6,False,STOP,"[{""time_ms"": 1641427200000, ""role"": ""ENTRY"", ""qty"": 68030.72061665145, ""price"": 1.2290851500000002, ""fee"": 0.0, ""gross_pnl"": 0.0}, {""time_ms"": 1641500700000, ""role"": ""STOP"", ""qty"": 68030.72061665145, ""price"": 1.2612271334791842, ""fee"": 0.0, ""gross_pnl"": -2186.642298137398}]",1.2038753158928635,-1.2347251132591823
ETHUSDT,SHORT,1641412800000,1641636000000,3651.7132300000003,31.91562568066448,2325.801254073152,1641398400000,116290.06270365759,2.0000000000000004,8830.118798747599,0.0,32.28275882960059,8862.4015575772,3.8104724305469206,16,True,STOP,"[{""time_ms"": 1641412800000, ""role"": ""ENTRY"", ""qty"": 31.91562568066448, ""price"": 3651.7132300000003, ""fee"": 0.0, ""gross_pnl"": 0.0}, {""time_ms"": 1641420900000, ""role"": ""TP2R"", ""qty"": 15.95781284033224, ""price"": 3507.719344399516, ""fee"": 0.0, ""gross_pnl"": 2297.8274765647384}, {""time_ms"": 1641636000000, ""role"": ""STOP"", ""qty"": 15.95781284033224, ""price"": 3242.365696754532, ""fee"": 0.0, ""gross_pnl"": 6532.29132218286}]",8.383620658329406,-0.1625663741399902
SOLUSDT,SHORT,1642449600000,1642545000000,139.80006500000002,694.6474543515033,2473.878777715822,1642435200000,124664.66149448707,2.0,-990.5758559520126,0.0,28.9327379435875,-961.6431180084251,-0.3887187709724112,7,False,STOP,"[{""time_ms"": 1642449600000, ""role"": ""ENTRY"", ""qty"": 694.6474543515033, ""price"": 139.80006500000002, ""fee"": 0.0, ""gross_pnl"": 0.0}, {""time_ms"": 1642545000000, ""role"": ""STOP"", ""qty"": 694.6474543515033, ""price"": 141.22607736029403, ""fee"": 0.0, ""gross_pnl"": -990.5758559520126}]",1.5612264566354446,-0.5671832906061123
XRPUSDT,SHORT,1642435200000,1642686300000,0.7580208,191117.22489683042,2512.7076820636607,1642420800000,125635.38410318304,2.0,3425.5203037582896,0.0,79.82388047583548,3505.344184234125,1.395046550482634,18,True,STOP,"[{""time_ms"": 1642435200000, ""role"": ""ENTRY"", ""qty"": 191117.22489683042, ""price"": 0.7580208, ""fee"": 0.0, ""gross_pnl"": 0.0}, {""time_ms"": 1642575900000, ""role"": ""TP2R"", ""qty"": 95558.61244841521, ""price"": 0.7320917260579237, ""fee"": 0.0, ""gross_pnl"": 2477.7463279771737}, {""time_ms"": 1642686300000, ""role"": ""STOP"", ""qty"": 95558.61244841521, ""price"": 0.7481025524292461, ""fee"": 0.0, ""gross_pnl"": 947.7739757811162}]",2.6712975329641058,-0.7970507820846099
AVAXUSDT,SHORT,1642737600000,1642854900000,74.62466900000001,907.625662366485,2563.581703388175,1642723200000,128179.08516940875,2.0,8925.679840672823,0.0,5.4328117791196275,8931.112652451942,3.483841626989332,9,True,STOP,"[{""time_ms"": 1642737600000, ""role"": ""ENTRY"", ""qty"": 907.625662366485, ""price"": 74.62466900000001, ""fee"": 0.0, ""gross_pnl"": 0.0}, {""time_ms"": 1642800900000, ""role"": ""TP2R"", ""qty"": 453.8128311832425, ""price"": 69.01017222290568, ""fee"": 0.0, ""gross_pnl"": 2547.930678082369}, {""time_ms"": 1642854900000, ""role"": ""STOP"", ""qty"": 453.8128311832425, ""price"": 60.57096949141292, ""fee"": 0.0, ""gross_pnl"": 6377.749162590453}]",7.735786330665127,-0.8604487934710435
DOGEUSDT,SHORT,1643601600000,1643647800000,0.137761085,779088.0926558662,2742.203956437214,1643587200000,137110.1978218607,2.0,-2797.239068892848,0.0,-31.94598824904178,-2829.18505714189,-1.0317194133209864,4,False,STOP,"[{""time_ms"": 1643601600000, ""role"": ""ENTRY"", ""qty"": 779088.0926558662, ""price"": 0.137761085, ""fee"": 0.0, ""gross_pnl"": 0.0}, {""time_ms"": 1643647800000, ""role"": ""STOP"", ""qty"": 779088.0926558662, ""price"": 0.14135148651590204, ""fee"": 0.0, ""gross_pnl"": -2797.239068892848}]",0.45204346489014874,-1.0963570816873849
LINKUSDT,SHORT,1644537600000,1644888600000,17.477257,2327.9703735904527,1342.810127647188,1644523200000,134281.0127647188,1.0,2858.5395725189655,0.0,16.90085853554901,2875.4404310545146,2.1413603992492467,25,True,STOP,"[{""time_ms"": 1644537600000, ""role"": ""ENTRY"", ""qty"": 2327.9703735904527, ""price"": 17.477257, ""fee"": 0.0, ""gross_pnl"": 0.0}, {""time_ms"": 1644612000000, ""role"": ""TP2R"", ""qty"": 1163.9851867952264, ""price"": 16.331787183279154, ""fee"": 0.0, ""gross_pnl"": 1333.3098985841095}, {""time_ms"": 1644888600000, ""role"": ""STOP"", ""qty"": 1163.9851867952264, ""price"": 16.166905552887314, ""fee"": 0.0, ""gross_pnl"": 1525.2296739348562}]",3.9687833475551475,-0.5577915719346613
BCHUSDT,SHORT,1645142400000,1645407300000,312.74354999999997,166.4581007452383,1371.5645319577327,1645128000000,137156.45319577327,1.0,406.6680601162951,0.0,26.432161119493955,433.1002212357891,0.3157709397877138,19,False,STOP,"[{""time_ms"": 1645142400000, ""role"": ""ENTRY"", ""qty"": 166.4581007452383, ""price"": 312.74354999999997, ""fee"": 0.0, ""gross_pnl"": 0.0}, {""time_ms"": 1645407300000, ""role"": ""STOP"", ""qty"": 166.4581007452383, ""price"": 310.30048439793177, ""fee"": 0.0, ""gross_pnl"": 406.6680601162951}]",1.987154065267986,-0.7495966193296242
BTCUSDT,SHORT,1647216000000,1647231000000,37724.1285,3.4687870928168496,2751.791068340181,1647201600000,137589.55341700904,2.0,-2818.5954488886237,0.0,0.0,-2818.5954488886237,-1.0242766906677756,2,False,STOP,"[{""time_ms"": 1647216000000, ""role"": ""ENTRY"", ""qty"": 3.4687870928168496, ""price"": 37724.1285, ""fee"": 0.0, ""gross_pnl"": 0.0}, {""time_ms"": 1647231000000, ""role"": ""STOP"", ""qty"": 3.4687870928168496, ""price"": 38536.68786829486, ""fee"": 0.0, ""gross_pnl"": -2818.5954488886237}]",0.2546682636061659,-1.3561964117357745
ETHUSDT,SHORT,1647216000000,1647231000000,2512.513115,50.628456536869166,2749.172619715297,1647201600000,137524.09220138696,2.0,-2814.1495365456904,0.0,0.0,-2814.1495365456904,-1.023635080738263,2,False,STOP,"[{""time_ms"": 1647216000000, ""role"": ""ENTRY"", ""qty"": 50.628456536869166, ""price"": 2512.513115, ""fee"": 0.0, ""gross_pnl"": 0.0}, {""time_ms"": 1647231000000, ""role"": ""STOP"", ""qty"": 50.628456536869166, ""price"": 2568.09745884616, ""fee"": 0.0, ""gross_pnl"": -2814.1495365456904}]",0.2884501800005635,-1.6111487227118024
BTCUSDT,LONG,1648468800000,1648670400000,47273.52495,2.6418237133366143,2639.1361686314945,1648454400000,131956.80843157473,2.0,-623.352835192188,0.0,-86.9999004285712,-710.3527356207592,-0.26916107780414666,14,False,BB_MID,"[{""time_ms"": 1648468800000, ""role"": ""ENTRY"", ""qty"": 2.6418237133366143, ""price"": 47273.52495, ""fee"": 0.0, ""gross_pnl"": 0.0}, {""time_ms"": 1648670400000, ""role"": ""BB_MID"", ""qty"": 2.6418237133366143, ""price"": 47037.56945, ""fee"": 0.0, ""gross_pnl"": -623.352835192188}]",0.9274185189822566,-0.7392770213946329
ETHUSDT,LONG,1648468800000,1648742400000,3347.9131199999997,34.36871698297563,2636.6396505060393,1648454400000,131894.39547843835,2.0,-4.050525140011698,0.0,-114.15072376621666,-118.20124890622836,-0.044830262976414875,19,False,BB_MID,"[{""time_ms"": 1648468800000, ""role"": ""ENTRY"", ""qty"": 34.36871698297563, ""price"": 3347.9131199999997, ""fee"": 0.0, ""gross_pnl"": 0.0}, {""time_ms"": 1648742400000, ""role"": ""BB_MID"", ""qty"": 34.36871698297563, ""price"": 3347.795265, ""fee"": 0.0, ""gross_pnl"": -4.050525140011698}]",1.7217584492492162,-0.4245920910419547
BNBUSDT,SHORT,1650873600000,1650885600000,383.38821,444.4942270414758,2754.3671550819668,1650859200000,137718.35775409834,2.0,-2840.951261689889,0.0,0.0,-2840.951261689889,-1.031435208791308,1,False,STOP,"[{""time_ms"": 1650873600000, ""role"": ""ENTRY"", ""qty"": 444.4942270414758, ""price"": 383.38821, ""fee"": 0.0, ""gross_pnl"": 0.0}, {""time_ms"": 1650885600000, ""role"": ""STOP"", ""qty"": 444.4942270414758, ""price"": 389.77963442996185, ""fee"": 0.0, ""gross_pnl"": -2840.951261689889}]",0.20466117693721167,-1.1121831972655047
LINKUSDT,SHORT,1650873600000,1650887100000,12.57371,4570.280941089968,1439.674628699319,1650859200000,137633.10820629407,2.0,-1469.1271595995597,0.0,0.0,-1469.1271595995597,-1.020457768938284,1,False,STOP,"[{""time_ms"": 1650873600000, ""role"": ""ENTRY"", ""qty"": 4570.280941089968, ""price"": 12.57371, ""fee"": 0.0, ""gross_pnl"": 0.0}, {""time_ms"": 1650887100000, ""role"": ""STOP"", ""qty"": 4570.280941089968, ""price"": 12.895162264868686, ""fee"": 0.0, ""gross_pnl"": -1469.1271595995597}]",0.17050365718239802,-1.038989796299132
AVAXUSDT,SHORT,1650643200000,1650904500000,73.68314000000001,1342.467015417961,2622.565088940954,1650628800000,131128.2544470477,2.0,4738.130501353271,0.0,27.339800702997724,4765.470302056268,1.8171027755046736,19,True,STOP,"[{""time_ms"": 1650643200000, ""role"": ""ENTRY"", ""qty"": 1342.467015417961, ""price"": 73.68314000000001, ""fee"": 0.0, ""gross_pnl"": 0.0}, {""time_ms"": 1650846000000, ""role"": ""TP2R"", ""qty"": 671.2335077089805, ""price"": 69.81094493617475, ""fee"": 0.0, ""gross_pnl"": 2599.1470752248283}, {""time_ms"": 1650904500000, ""role"": ""STOP"", ""qty"": 671.2335077089805, ""price"": 70.49649421792469, ""fee"": 0.0, ""gross_pnl"": 2138.9834261284423}]",3.2725897294755075,-0.6433751063465759
BCHUSDT,SHORT,1651003200000,1651041900000,298.47069000000005,374.8281505743242,2631.6729265562903,1650988800000,131583.64632781452,2.0,-2634.8835070437067,0.0,2.015327929613962,-2632.8681791140925,-1.000454179752256,3,False,STOP,"[{""time_ms"": 1651003200000, ""role"": ""ENTRY"", ""qty"": 374.8281505743242, ""price"": 298.47069000000005, ""fee"": 0.0, ""gross_pnl"": 0.0}, {""time_ms"": 1651041900000, ""role"": ""STOP"", ""qty"": 374.8281505743242, ""price"": 305.5002674290337, ""fee"": 0.0, ""gross_pnl"": -2634.8835070437067}]",1.0640474688009145,-1.0125762560648233
LTCUSDT,SHORT,1651017600000,1651044900000,98.45075,1200.8984330941546,2651.659263353915,1651003200000,132582.96316769574,2.0,-2712.0997686915675,0.0,0.0,-2712.0997686915675,-1.0227934660282125,2,False,STOP,"[{""time_ms"": 1651017600000, ""role"": ""ENTRY"", ""qty"": 1200.8984330941546, ""price"": 98.45075, ""fee"": 0.0, ""gross_pnl"": 0.0}, {""time_ms"": 1651044900000, ""role"": ""STOP"", ""qty"": 1200.8984330941546, ""price"": 100.7091422952616, ""fee"": 0.0, ""gross_pnl"": -2712.0997686915675}]",0.38076361151578036,-1.0050664821366595
SOLUSDT,SHORT,1651262400000,1651374300000,92.82356500000002,1014.8651009615552,2524.773567600177,1651248000000,126238.67838000886,2.0,5306.527133132397,0.0,-1.0624443053251085,5305.464688827072,2.1013625763953043,8,True,STOP,"[{""time_ms"": 1651262400000, ""role"": ""ENTRY"", ""qty"": 1014.8651009615552, ""price"": 92.82356500000002, ""fee"": 0.0, ""gross_pnl"": 0.0}, {""time_ms"": 1651358100000, ""role"": ""TP2R"", ""qty"": 507.4325504807776, ""price"": 87.89190442196534, ""fee"": 0.0, ""gross_pnl"": 2502.4851052176436}, {""time_ms"": 1651374300000, ""role"": ""STOP"", ""qty"": 507.4325504807776, ""price"": 87.29762460603435, ""fee"": 0.0, ""gross_pnl"": 2804.0420279147525}]",4.483318431032789,-0.8547478073506665
XRPUSDT,SHORT,1653480000000,1653483600000,0.3964017,261520.80248265003,2630.8828613767187,1653465600000,131544.14306883593,2.0,-2684.031948152137,0.0,0.0,-2684.031948152137,-1.020201996658873,1,False,STOP,"[{""time_ms"": 1653480000000, ""role"": ""ENTRY"", ""qty"": 261520.80248265003, ""price"": 0.3964017, ""fee"": 0.0, ""gross_pnl"": 0.0}, {""time_ms"": 1653483600000, ""role"": ""STOP"", ""qty"": 261520.80248265003, ""price"": 0.4066648680641551, ""fee"": 0.0, ""gross_pnl"": -2684.031948152137}]",0.07969234602890334,-1.808987427638471
LINKUSDT,SHORT,1653566400000,1653576000000,6.4337815,10010.856737358403,2577.202222413676,1653552000000,128860.11112068378,2.0000000000000004,-2610.6946559628627,0.0,0.0,-2610.6946559628627,-1.0129956560094147,1,False,STOP,"[{""time_ms"": 1653566400000, ""role"": ""ENTRY"", ""qty"": 10010.856737358403, ""price"": 6.4337815, ""fee"": 0.0, ""gross_pnl"": 0.0}, {""time_ms"": 1653576000000, ""role"": ""STOP"", ""qty"": 10010.856737358403, ""price"": 6.694567836719844, ""fee"": 0.0, ""gross_pnl"": -2610.6946559628627}]",0.8925607999984467,-1.0224431250313468
BNBUSDT,SHORT,1654574400000,1654626900000,284.047905,380.5025392373746,2524.9883292944187,1654560000000,126249.41646472093,2.0000000000000004,-1396.244892125014,0.0,-54.185105534631504,-1450.4299976596456,-0.5744303768980005,4,False,STOP,"[{""time_ms"": 1654574400000, ""role"": ""ENTRY"", ""qty"": 380.5025392373746, ""price"": 284.047905, ""fee"": 0.0, ""gross_pnl"": 0.0}, {""time_ms"": 1654626900000, ""role"": ""STOP"", ""qty"": 380.5025392373746, ""price"": 287.7173808855577, ""fee"": 0.0, ""gross_pnl"": -1396.244892125014}]",1.6347225648600332,-0.6904977588605621
BCHUSDT,SHORT,1654574400000,1654631100000,176.1119,467.60973337231627,2522.825628961901,1654560000000,126195.348956408,2.0,-2565.26286107772,0.0,3.3595089488640713,-2561.903352128856,-1.015489664730826,4,False,STOP,"[{""time_ms"": 1654574400000, ""role"": ""ENTRY"", ""qty"": 467.60973337231627, ""price"": 176.1119, ""fee"": 0.0, ""gross_pnl"": 0.0}, {""time_ms"": 1654631100000, ""role"": ""STOP"", ""qty"": 467.60973337231627, ""price"": 181.59780561316487, ""fee"": 0.0, ""gross_pnl"": -2565.26286107772}]",0.3840299525468048,-1.258185105884923
DOGEUSDT,SHORT,1654876800000,1655053800000,0.076711625,1586545.6648122023,2444.7416622986484,1654862400000,122237.08311493242,2.0,9073.41377209595,0.0,-82.67052177095738,8990.743250324993,3.6775841754467913,13,True,STOP,"[{""time_ms"": 1654876800000, ""role"": ""ENTRY"", ""qty"": 1586545.6648122023, ""price"": 0.076711625, ""fee"": 0.0, ""gross_pnl"": 0.0}, {""time_ms"": 1654945200000, ""role"": ""TP2R"", ""qty"": 793272.8324061012, ""price"": 0.0736665977276276, ""fee"": 0.0, ""gross_pnl"": 2415.5374091086846}, {""time_ms"": 1655053800000, ""role"": ""STOP"", ""qty"": 793272.8324061012, ""price"": 0.06831870381197312, ""fee"": 0.0, ""gross_pnl"": 6657.876362987266}]",8.697152084853471,-0.08980018615216927
AVAXUSDT,SHORT,1654948800000,1655152200000,21.329330000000002,1532.011920801167,1516.3847156493412,1654934400000,130913.4849259037,2.0000000000000004,4791.78439745478,0.0,-49.66361008028413,4742.120787374496,3.1272544087493266,15,True,STOP,"[{""time_ms"": 1654948800000, ""role"": ""ENTRY"", ""qty"": 1532.011920801167, ""price"": 21.329330000000002, ""fee"": 0.0, ""gross_pnl"": 0.0}, {""time_ms"": 1654997100000, ""role"": ""TP2R"", ""qty"": 766.0059604005835, ""price"": 19.35940575781477, ""fee"": 0.0, ""gross_pnl"": 1508.9737110514907}, {""time_ms"": 1655152200000, ""role"": ""STOP"", ""qty"": 766.0059604005835, ""price"": 17.04370970967414, ""fee"": 0.0, ""gross_pnl"": 3282.8106864032898}]",6.839091787730176,-0.22294412959604662
BCHUSDT,SHORT,1654891200000,1655179200000,167.84603500000003,496.7218662991612,2497.783850237483,1654876800000,124889.19251187413,2.0000000000000004,10977.903323951054,0.0,-51.81247426584922,10926.090849685204,4.3743139938415325,21,True,STOP,"[{""time_ms"": 1654891200000, ""role"": ""ENTRY"", ""qty"": 496.7218662991612, ""price"": 167.84603500000003, ""fee"": 0.0, ""gross_pnl"": 0.0}, {""time_ms"": 1654959000000, ""role"": ""TP2R"", ""qty"": 248.3609331495806, ""price"": 157.86785722543422, ""fee"": 0.0, ""gross_pnl"": 2478.1895432235697}, {""time_ms"": 1655179200000, ""role"": ""STOP"", ""qty"": 248.3609331495806, ""price"": 133.6228032181789, ""fee"": 0.0, ""gross_pnl"": 8499.713780727483}]",10.01803183232719,-0.41442776724002794
BTCUSDT,SHORT,1656374400000,1656407100000,20719.635000000002,6.403777891344313,2944.238988731479,1656360000000,147211.94943657395,2.0,-3012.0530784907,0.0,-7.502088908408574,-3019.5551673991085,-1.025580864514018,3,False,STOP,"[{""time_ms"": 1656374400000, ""role"": ""ENTRY"", ""qty"": 6.403777891344313, ""price"": 20719.635000000002, ""fee"": 0.0, ""gross_pnl"": 0.0}, {""time_ms"": 1656407100000, ""role"": ""STOP"", ""qty"": 6.403777891344313, ""price"": 21189.990644683112, ""fee"": 0.0, ""gross_pnl"": -3012.0530784907}]",0.4559602611710448,-1.040453313306861
LINKUSDT,SHORT,1656345600000,1656419100000,6.584706000000001,10002.601001361889,2937.920760046342,1656331200000,146896.0380023171,2.0,-2713.4087919957533,0.0,-13.637424957447429,-2727.0462169532007,-0.9282232026265355,6,False,STOP,"[{""time_ms"": 1656345600000, ""role"": ""ENTRY"", ""qty"": 10002.601001361889, ""price"": 6.584706000000001, ""fee"": 0.0, ""gross_pnl"": 0.0}, {""time_ms"": 1656419100000, ""role"": ""STOP"", ""qty"": 10002.601001361889, ""price"": 6.855976321751944, ""fee"": 0.0, ""gross_pnl"": -2713.4087919957533}]",0.9693251633678593,-1.5058576349167996
BTCUSDT,SHORT,1656446400000,1656633000000,20236.576650000003,6.313680226775394,2822.9887323592966,1656432000000,141149.43661796482,2.0,4791.464159068322,0.0,10.326109306886702,4801.790268375209,1.7009597712287503,13,True,STOP,"[{""time_ms"": 1656446400000, ""role"": ""ENTRY"", ""qty"": 6.313680226775394, ""price"": 20236.576650000003, ""fee"": 0.0, ""gross_pnl"": 0.0}, {""time_ms"": 1656572100000, ""role"": ""TP2R"", ""qty"": 3.156840113387697, ""price"": 19352.00273812531, ""fee"": 0.0, ""gross_pnl"": 2792.4584082623055}, {""time_ms"": 1656633000000, ""role"": ""STOP"", ""qty"": 3.156840113387697, ""price"": 19603.346686173667, ""fee"": 0.0, ""gross_pnl"": 1999.005750806017}]",3.742993261707846,-0.4773263064712953
ETHUSDT,SHORT,1656446400000,1656633000000,1155.38202,71.47367327304653,2820.4321085703477,1656432000000,141085.5210232411,2.0,5772.2728438674185,0.0,-2.928830343105412,5769.344013524313,2.0455532313623896,13,True,STOP,"[{""time_ms"": 1656446400000, ""role"": ""ENTRY"", ""qty"": 71.47367327304653, ""price"": 1155.38202, ""fee"": 0.0, ""gross_pnl"": 0.0}, {""time_ms"": 1656552600000, ""role"": ""TP2R"", ""qty"": 35.736836636523265, ""price"": 1076.997984393697, ""fee"": 0.0, ""gross_pnl"": 2801.1974753738764}, {""time_ms"": 1656633000000, ""role"": ""STOP"", ""qty"": 35.736836636523265, ""price"": 1072.2444049191765, ""fee"": 0.0, ""gross_pnl"": 2971.0753684935416}]",4.064303502118956,-0.3131684049940012
ADAUSDT,SHORT,1656590400000,1656633000000,0.44017980000000007,221473.08252902143,3106.219793336946,1656576000000,155310.9896668473,2.0,-3156.5168918201052,0.0,-20.819040408993207,-3177.3359322290985,-1.022894754274859,3,False,STOP,"[{""time_ms"": 1656590400000, ""role"": ""ENTRY"", ""qty"": 221473.08252902143, ""price"": 0.44017980000000007, ""fee"": 0.0, ""gross_pnl"": 0.0}, {""time_ms"": 1656633000000, ""role"": ""STOP"", ""qty"": 221473.08252902143, ""price"": 0.4544321725943377, ""fee"": 0.0, ""gross_pnl"": -3156.5168918201052}]",0.5119188414653806,-1.4702176794317807
LTCUSDT,SHORT,1657036800000,1657047900000,48.27585,2056.431619288647,2970.864699352705,1657022400000,148543.23496763528,2.0,-3021.9881238963944,0.0,0.0,-3021.9881238963944,-1.0172082641645808,1,False,STOP,"[{""time_ms"": 1657036800000, ""role"": ""ENTRY"", ""qty"": 2056.431619288647, ""price"": 48.27585, ""fee"": 0.0, ""gross_pnl"": 0.0}, {""time_ms"": 1657047900000, ""role"": ""STOP"", ""qty"": 2056.431619288647, ""price"": 49.745380080918395, ""fee"": 0.0, ""gross_pnl"": -3021.9881238963944}]",0.10787932144333848,-1.1173141270950528
LINKUSDT,SHORT,1657468800000,1657527000000,6.148924,18522.29602369634,2907.1737906937833,1657454400000,145439.96818921404,2.0,-2965.57347286673,0.0,6.036924264753746,-2959.536548601976,-1.018011567824329,5,False,STOP,"[{""time_ms"": 1657468800000, ""role"": ""ENTRY"", ""qty"": 18522.29602369634, ""price"": 6.148924, ""fee"": 0.0, ""gross_pnl"": 0.0}, {""time_ms"": 1657527000000, ""role"": ""STOP"", ""qty"": 18522.29602369634, ""price"": 6.309032307796871, ""fee"": 0.0, ""gross_pnl"": -2965.57347286673}]",0.6876094860446392,-1.089965905957648
AVAXUSDT,SHORT,1657584000000,1657638600000,17.321334999999998,598.8093599182664,359.93485053613676,1657569600000,152459.12815995773,2.0,-365.3009067235441,0.0,0.3095237883437565,-364.9913829352003,-1.0140484656918651,4,False,STOP,"[{""time_ms"": 1657584000000, ""role"": ""ENTRY"", ""qty"": 598.8093599182664, ""price"": 17.321334999999998, ""fee"": 0.0, ""gross_pnl"": 0.0}, {""time_ms"": 1657638600000, ""role"": ""STOP"", ""qty"": 598.8093599182664, ""price"": 17.93138041875131, ""fee"": 0.0, ""gross_pnl"": -365.3009067235441}]",0.18522363140772036,-1.0126118615959372
BNBUSDT,SHORT,1657468800000,1657713900000,232.88350000000003,697.6708542908502,2910.424936874778,1657454400000,145521.2468437389,2.0,4817.12509942164,0.0,-101.59112721676817,4715.533972204872,1.6202218145053502,18,True,STOP,"[{""time_ms"": 1657468800000, ""role"": ""ENTRY"", ""qty"": 697.6708542908502, ""price"": 232.88350000000003, ""fee"": 0.0, ""gross_pnl"": 0.0}, {""time_ms"": 1657584000000, ""role"": ""TP2R"", ""qty"": 348.8354271454251, ""price"": 224.65250934277122, ""fee"": 0.0, ""gross_pnl"": 2871.2611417444123}, {""time_ms"": 1657713900000, ""role"": ""STOP"", ""qty"": 348.8354271454251, ""price"": 227.30532815661664, ""fee"": 0.0, ""gross_pnl"": 1945.8639576772273}]",3.3232809978762776,-0.663169970110336
SOLUSDT,SHORT,1657540800000,1657715100000,35.112435000000005,2736.205143391793,2828.0053389873947,1657526400000,143460.75689655432,2.0,3824.396695393457,0.0,-2.7661829869556356,3821.630512406501,1.3513519439729513,13,True,STOP,"[{""time_ms"": 1657540800000, ""role"": ""ENTRY"", ""qty"": 2736.205143391793, ""price"": 35.112435000000005, ""fee"": 0.0, ""gross_pnl"": 0.0}, {""time_ms"": 1657654200000, ""role"": ""TP2R"", ""qty"": 1368.1025716958966, ""price"": 33.06185729231518, ""fee"": 0.0, ""gross_pnl"": 2805.400635345883}, {""time_ms"": 1657715100000, ""role"": ""STOP"", ""qty"": 1368.1025716958966, ""price"": 34.36761068555958, ""fee"": 0.0, ""gross_pnl"": 1018.9960600475739}]",2.6921140682426756,-0.6652458761233416
SOLUSDT,SHORT,1661515200000,1661518800000,34.202890000000004,3261.035438824989,3014.677667936262,1661500800000,150733.8833968131,2.0,-3071.9534249703374,0.0,0.0,-3071.9534249703374,-1.018998965509067,1,False,STOP,"[{""time_ms"": 1661515200000, ""role"": ""ENTRY"", ""qty"": 3261.035438824989, ""price"": 34.202890000000004, ""fee"": 0.0, ""gross_pnl"": 0.0}, {""time_ms"": 1661518800000, ""role"": ""STOP"", ""qty"": 3261.035438824989, ""price"": 35.14490779851777, ""fee"": 0.0, ""gross_pnl"": -3071.9534249703374}]",0.1545668907856051,-1.695173351662309
BTCUSDT,SHORT,1661529600000,1661780400000,20759.2152,7.772793013256476,2953.2385994368556,1661515200000,147661.92997184276,2.0,5335.185932475995,0.0,-40.709073314566304,5294.476859161429,1.7927697613633444,18,True,STOP,"[{""time_ms"": 1661529600000, ""role"": ""ENTRY"", ""qty"": 7.772793013256476, ""price"": 20759.2152, ""fee"": 0.0, ""gross_pnl"": 0.0}, {""time_ms"": 1661577000000, ""role"": ""TP2R"", ""qty"": 3.886396506628238, ""price"": 20009.323637713624, ""fee"": 0.0, ""gross_pnl"": 2914.37594801976}, {""time_ms"": 1661780400000, ""role"": ""STOP"", ""qty"": 3.886396506628238, ""price"": 20136.321992802135, ""fee"": 0.0, ""gross_pnl"": 2420.8099844562353}]",3.2931429131715975,-0.16524680900208094
SOLUSDT,SHORT,1661529600000,1661780400000,33.233375,2783.4213510730374,2950.009843401492,1661515200000,147581.2110709587,2.0,5101.800478666717,0.0,-140.9261745739193,4960.8743040927975,1.6816466952437994,18,True,STOP,"[{""time_ms"": 1661529600000, ""role"": ""ENTRY"", ""qty"": 2783.4213510730374, ""price"": 33.233375, ""fee"": 0.0, ""gross_pnl"": 0.0}, {""time_ms"": 1661578800000, ""role"": ""TP2R"", ""qty"": 1391.7106755365187, ""price"": 31.129231316681285, ""fee"": 0.0, ""gross_pnl"": 2928.359226937391}, {""time_ms"": 1661780400000, ""role"": ""STOP"", ""qty"": 1391.7106755365187, ""price"": 31.671670193150373, ""fee"": 0.0, ""gross_pnl"": 2173.4412517293263}]",3.14513769060341,-0.11003912946086757
LINKUSDT,SHORT,1661558400000,1661776200000,6.4937515,1585.5024036329987,339.36288276707364,1661544000000,156065.28314013552,2.0,-54.87184533191804,0.0,-8.385297781086408,-63.257143113004446,-0.18639971053175503,16,False,STOP,"[{""time_ms"": 1661558400000, ""role"": ""ENTRY"", ""qty"": 1585.5024036329987, ""price"": 6.4937515, ""fee"": 0.0, ""gross_pnl"": 0.0}, {""time_ms"": 1661776200000, ""role"": ""STOP"", ""qty"": 1585.5024036329987, ""price"": 6.528359990788904, ""fee"": 0.0, ""gross_pnl"": -54.87184533191804}]",1.4424861121635617,-0.627208602480602
XRPUSDT,SHORT,1662379200000,1662390000000,0.32413785,710414.6923906903,3157.080479839679,1662364800000,157854.02399198394,2.0,-3273.7951655795296,0.0,0.0,-3273.7951655795296,-1.0369691829160395,1,False,STOP,"[{""time_ms"": 1662379200000, ""role"": ""ENTRY"", ""qty"": 710414.6923906903, ""price"": 0.32413785, ""fee"": 0.0, ""gross_pnl"": 0.0}, {""time_ms"": 1662390000000, ""role"": ""STOP"", ""qty"": 710414.6923906903, ""price"": 0.3287461375264904, ""fee"": 0.0, ""gross_pnl"": -3273.7951655795296}]",0.053521643069959025,-1.0040849258971356
BTCUSDT,SHORT,1662494400000,1662576300000,18803.69345,9.386821202621746,3091.6045765280883,1662480000000,154580.2288264044,2.0,-3163.42311377139,0.0,-16.512277318909973,-3179.9353910903,-1.0285711876715515,6,False,STOP,"[{""time_ms"": 1662494400000, ""role"": ""ENTRY"", ""qty"": 9.386821202621746, ""price"": 18803.69345, ""fee"": 0.0, ""gross_pnl"": 0.0}, {""time_ms"": 1662576300000, ""role"": ""STOP"", ""qty"": 9.386821202621746, ""price"": 19140.700307325442, ""fee"": 0.0, ""gross_pnl"": -3163.42311377139}]",0.9220830300227875,-1.1121907750766309
BNBUSDT,SHORT,1662494400000,1662568500000,265.44721,575.7195405820992,3088.0726724087476,1662480000000,154491.9312234209,2.0,-1574.7622523946459,0.0,-141.63425772551074,-1716.3965101201566,-0.5558148049609658,6,False,STOP,"[{""time_ms"": 1662494400000, ""role"": ""ENTRY"", ""qty"": 575.7195405820992, ""price"": 265.44721, ""fee"": 0.0, ""gross_pnl"": 0.0}, {""time_ms"": 1662568500000, ""role"": ""STOP"", ""qty"": 575.7195405820992, ""price"": 268.1825040822582, ""fee"": 0.0, ""gross_pnl"": -1574.7622523946459}]",1.4368804983169854,-0.6008353348580171
ETHUSDT,SHORT,1663084800000,1663224300000,1591.553825,58.742660917723285,2993.67793850388,1663070400000,149683.89692519399,2.0,-3041.9208308102684,0.0,-726.2993986736826,-3768.220229483951,-1.2587259908683284,10,False,STOP,"[{""time_ms"": 1663084800000, ""role"": ""ENTRY"", ""qty"": 58.742660917723285, ""price"": 1591.553825, ""fee"": 0.0, ""gross_pnl"": 0.0}, {""time_ms"": 1663224300000, ""role"": ""STOP"", ""qty"": 58.742660917723285, ""price"": 1643.3376697099097, ""fee"": 0.0, ""gross_pnl"": -3041.9208308102684}]",0.8546235186953599,-1.0277377698584238
BNBUSDT,SHORT,1663084800000,1663374300000,282.77854,532.7444232663865,2991.8071609816334,1663070400000,149637.12748713783,2.0,4604.148425776219,0.0,-121.22001918931728,4482.9284065869015,1.4984015230166172,21,True,STOP,"[{""time_ms"": 1663084800000, ""role"": ""ENTRY"", ""qty"": 532.7444232663865, ""price"": 282.77854, ""fee"": 0.0, ""gross_pnl"": 0.0}, {""time_ms"": 1663222200000, ""role"": ""TP2R"", ""qty"": 266.3722116331933, ""price"": 271.6826344853472, ""fee"": 0.0, ""gross_pnl"": 2955.6408920110193}, {""time_ms"": 1663374300000, ""role"": ""STOP"", ""qty"": 266.3722116331933, ""price"": 276.58980310564533, ""fee"": 0.0, ""gross_pnl"": 1648.5075337651988}]",2.91649005993506,-0.27804569692939984
AVAXUSDT,SHORT,1663545600000,1663597500000,16.681655000000003,5492.874237482653,3007.9721020459397,1663531200000,150398.60510229695,2.0,-3055.291204590991,0.0,-30.716904161198684,-3086.00810875219,-1.0259430619895618,4,False,STOP,"[{""time_ms"": 1663545600000, ""role"": ""ENTRY"", ""qty"": 5492.874237482653, ""price"": 16.681655000000003, ""fee"": 0.0, ""gross_pnl"": 0.0}, {""time_ms"": 1663597500000, ""role"": ""STOP"", ""qty"": 5492.874237482653, ""price"": 17.23788313712757, ""fee"": 0.0, ""gross_pnl"": -3055.291204590991}]",0.5873759472887949,-1.0195968453434774
BTCUSDT,SHORT,1663560000000,1663594800000,18756.8169,8.335676268438542,3013.6467904206825,1663545600000,150682.33952103413,2.0,-1932.181442211808,0.0,-14.293286159511798,-1946.4747283713198,-0.6458868154551073,3,False,STOP,"[{""time_ms"": 1663560000000, ""role"": ""ENTRY"", ""qty"": 8.335676268438542, ""price"": 18756.8169, ""fee"": 0.0, ""gross_pnl"": 0.0}, {""time_ms"": 1663594800000, ""role"": ""STOP"", ""qty"": 8.335676268438542, ""price"": 18988.613502937624, ""fee"": 0.0, ""gross_pnl"": -1932.181442211808}]",1.4986528247188833,-0.92434260870842
ETHUSDT,SHORT,1664712000000,1664806800000,1296.5514,114.34038043361927,2907.322445303468,1664697600000,145366.1222651734,2.0,-1715.5819258162783,0.0,-3.189227089806895,-1718.7711529060853,-0.591186971944792,7,False,STOP,"[{""time_ms"": 1664712000000, ""role"": ""ENTRY"", ""qty"": 114.34038043361927, ""price"": 1296.5514, ""fee"": 0.0, ""gross_pnl"": 0.0}, {""time_ms"": 1664806800000, ""role"": ""STOP"", ""qty"": 114.34038043361927, ""price"": 1311.5555649267756, ""fee"": 0.0, ""gross_pnl"": -1715.5819258162783}]",1.4186309487053643,-0.7908393435002992
ADAUSDT,SHORT,1664712000000,1664838900000,0.4235881,435744.46551806387,2904.3559984734984,1664697600000,145291.96109442416,2.0,-2226.9118552782206,0.0,23.17952819208,-2203.7323270861407,-0.7587679775634947,9,False,STOP,"[{""time_ms"": 1664712000000, ""role"": ""ENTRY"", ""qty"": 435744.46551806387, ""price"": 0.4235881, ""fee"": 0.0, ""gross_pnl"": 0.0}, {""time_ms"": 1664838900000, ""role"": ""STOP"", ""qty"": 435744.46551806387, ""price"": 0.42869869125588805, ""fee"": 0.0, ""gross_pnl"": -2226.9118552782206}]",1.2884842788840543,-0.8269578249881732
SOLUSDT,LONG,1664928000000,1665086400000,34.087035,2960.4674351135454,2828.872375703624,1664913600000,141443.6187851812,2.0,-1402.81749412855,0.0,-25.8002954372864,-1428.6177895658363,-0.5050131641978005,11,False,BB_MID,"[{""time_ms"": 1664928000000, ""role"": ""ENTRY"", ""qty"": 2960.4674351135454, ""price"": 34.087035, ""fee"": 0.0, ""gross_pnl"": 0.0}, {""time_ms"": 1665086400000, ""role"": ""BB_MID"", ""qty"": 2960.4674351135454, ""price"": 33.613185, ""fee"": 0.0, ""gross_pnl"": -1402.81749412855}]",0.4112451645507771,-0.9806245155798642
LTCUSDT,SHORT,1665158400000,1665213900000,52.63367,3401.781884561435,2795.9920300764447,1665144000000,139907.30124971882,2.0,-2886.914158653473,0.0,2.7690087291629784,-2884.14514992431,-1.0315283873843715,4,False,STOP,"[{""time_ms"": 1665158400000, ""role"": ""ENTRY"", ""qty"": 3401.781884561435, ""price"": 52.63367, ""fee"": 0.0, ""gross_pnl"": 0.0}, {""time_ms"": 1665213900000, ""role"": ""STOP"", ""qty"": 3401.781884561435, ""price"": 53.48231763721489, ""fee"": 0.0, ""gross_pnl"": -2886.914158653473}]",0.46679734477426565,-1.041865588267377
ADAUSDT,SHORT,1665158400000,1665363600000,0.42368805000000004,508137.5130767476,2800.3000199123085,1665144000000,140015.0009956154,2.0,-1274.4944026102737,0.0,130.74580353689444,-1143.7485990733792,-0.40843787842032575,15,False,STOP,"[{""time_ms"": 1665158400000, ""role"": ""ENTRY"", ""qty"": 508137.5130767476, ""price"": 0.42368805000000004, ""fee"": 0.0, ""gross_pnl"": 0.0}, {""time_ms"": 1665363600000, ""role"": ""STOP"", ""qty"": 508137.5130767476, ""price"": 0.42619621830053206, ""fee"": 0.0, ""gross_pnl"": -1274.4944026102737}]",1.0321435420147347,-0.5828347939582382
ADAUSDT,SHORT,1665417600000,1665460800000,0.41549215000000006,607782.1026989947,2719.742144932355,1665403200000,135987.10724661776,2.0,8764.523768754418,0.0,-11.349308525874768,8753.174460228543,3.218383947367279,4,True,STOP,"[{""time_ms"": 1665417600000, ""role"": ""ENTRY"", ""qty"": 607782.1026989947, ""price"": 0.41549215000000006, ""fee"": 0.0, ""gross_pnl"": 0.0}, {""time_ms"": 1665437700000, ""role"": ""TP2R"", ""qty"": 303891.05134949734, ""price"": 0.40674569356090445, ""fee"": 0.0, ""gross_pnl"": 2657.9698428593447}, {""time_ms"": 1665460800000, ""role"": ""STOP"", ""qty"": 303891.05134949734, ""price"": 0.39539759999999996, ""fee"": 0.0, ""gross_pnl"": 6106.553925895072}]",7.5292011816654405,-0.1581835844979179
AVAXUSDT,SHORT,1665446400000,1665470700000,16.1919,12526.635471991862,2863.186378026113,1665432000000,143159.31890130564,2.0,3597.4622582048305,0.0,0.0,3597.4622582048305,1.2564540980685055,2,True,STOP,"[{""time_ms"": 1665446400000, ""role"": ""ENTRY"", ""qty"": 12526.635471991862, ""price"": 16.1919, ""fee"": 0.0, ""gross_pnl"": 0.0}, {""time_ms"": 1665446700000, ""role"": ""TP2R"", ""qty"": 6263.317735995931, ""price"": 15.742631643739138, ""fee"": 0.0, ""gross_pnl"": 2813.910463990399}, {""time_ms"": 1665470700000, ""role"": ""STOP"", ""qty"": 6263.317735995931, ""price"": 16.066798284385083, ""fee"": 0.0, ""gross_pnl"": 783.5517942144315}]",2.852106913773894,-0.03543805185084418
ETHUSDT,SHORT,1665460800000,1665491400000,1277.011175,173.00683993720818,2991.35539688881,1665446400000,149567.76984444048,2.0,-3103.316908562854,0.0,7.885831691451483,-3095.4310768714026,-1.0347921480980955,3,False,STOP,"[{""time_ms"": 1665460800000, ""role"": ""ENTRY"", ""qty"": 173.00683993720818, ""price"": 1277.011175, ""fee"": 0.0, ""gross_pnl"": 0.0}, {""time_ms"": 1665491400000, ""role"": ""STOP"", ""qty"": 173.00683993720818, ""price"": 1294.9487138261482, ""fee"": 0.0, ""gross_pnl"": -3103.316908562854}]",0.33609280399037933,-1.001066312411634
DOGEUSDT,SHORT,1665475200000,1665490500000,0.05921038000000001,3001625.9183647525,2899.295419054043,1665460800000,147266.27039857133,2.0,-2989.6087723856704,0.0,0.0,-2989.6087723856704,-1.0311501038280169,2,False,STOP,"[{""time_ms"": 1665475200000, ""role"": ""ENTRY"", ""qty"": 3001625.9183647525, ""price"": 0.05921038000000001, ""fee"": 0.0, ""gross_pnl"": 0.0}, {""time_ms"": 1665490500000, ""role"": ""STOP"", ""qty"": 3001625.9183647525, ""price"": 0.06020637645448637, ""fee"": 0.0, ""gross_pnl"": -2989.6087723856704}]",0.3316877974578695,-1.1280780881017267
BCHUSDT,SHORT,1666224000000,1666242000000,105.76709,1712.5946302094887,2845.0540823158813,1666209600000,142252.70411579407,2.0,-2937.0446845504584,0.0,0.0,-2937.0446845504584,-1.0323335161909106,2,False,STOP,"[{""time_ms"": 1666224000000, ""role"": ""ENTRY"", ""qty"": 1712.5946302094887, ""price"": 105.76709, ""fee"": 0.0, ""gross_pnl"": 0.0}, {""time_ms"": 1666242000000, ""role"": ""STOP"", ""qty"": 1712.5946302094887, ""price"": 107.48205782294079, ""fee"": 0.0, ""gross_pnl"": -2937.0446845504584}]",0.5580664935650315,-1.0130361482547956
BNBUSDT,SHORT,1666296000000,1666360500000,268.78554,1055.8156573536235,2786.313188624872,1666281600000,139315.6594312436,2.0,2645.812354418109,0.0,-25.85168747912095,2619.960666938988,0.9402965458567191,5,True,STOP,"[{""time_ms"": 1666296000000, ""role"": ""ENTRY"", ""qty"": 1055.8156573536235, ""price"": 268.78554, ""fee"": 0.0, ""gross_pnl"": 0.0}, {""time_ms"": 1666354200000, ""role"": ""TP2R"", ""qty"": 527.9078286768117, ""price"": 263.6392640740905, ""fee"": 0.0, ""gross_pnl"": 2716.759349818659}, {""time_ms"": 1666360500000, ""role"": ""STOP"", ""qty"": 527.9078286768117, ""price"": 268.91993277, ""fee"": 0.0, ""gross_pnl"": -70.94699540054988}]",2.158206885584072,-0.2138904227934081
LTCUSDT,SHORT,1666353600000,1666360200000,50.21488000000001,4122.044810673442,2839.3374115122188,1666339200000,141966.87057561093,2.0,-2944.2510729792507,0.0,0.0,-2944.2510729792507,-1.0369500507553822,1,False,STOP,"[{""time_ms"": 1666353600000, ""role"": ""ENTRY"", ""qty"": 4122.044810673442, ""price"": 50.21488000000001, ""fee"": 0.0, ""gross_pnl"": 0.0}, {""time_ms"": 1666360200000, ""role"": ""STOP"", ""qty"": 4122.044810673442, ""price"": 50.92914954538572, ""fee"": 0.0, ""gross_pnl"": -2944.2510729792507}]",1.037836286137204,-1.1107728559328518
BTCUSDT,LONG,1666756800000,1666944000000,20248.719299999997,7.9435080609851125,2779.8273805040667,1666742400000,138991.36902520334,2.0,-1500.1652572262424,0.0,-21.475371657950408,-1521.640628884193,-0.5473867332756013,13,False,BB_MID,"[{""time_ms"": 1666756800000, ""role"": ""ENTRY"", ""qty"": 7.9435080609851125, ""price"": 20248.719299999997, ""fee"": 0.0, ""gross_pnl"": 0.0}, {""time_ms"": 1666944000000, ""role"": ""BB_MID"", ""qty"": 7.9435080609851125, ""price"": 20059.865050000004, ""fee"": 0.0, ""gross_pnl"": -1500.1652572262424}]",2.232552129627833,-0.5675654616838537
ETHUSDT,SHORT,1668945600000,1668974100000,1166.19661,114.80678757759372,2749.3945679263816,1668931200000,137469.7283963191,2.0,-2817.712908449323,0.0,-2.712441625074821,-2820.425350074398,-1.0258350630995785,2,False,STOP,"[{""time_ms"": 1668945600000, ""role"": ""ENTRY"", ""qty"": 114.80678757759372, ""price"": 1166.19661, ""fee"": 0.0, ""gross_pnl"": 0.0}, {""time_ms"": 1668974100000, ""role"": ""STOP"", ""qty"": 114.80678757759372, ""price"": 1190.7396964141628, ""fee"": 0.0, ""gross_pnl"": -2817.712908449323}]",0.6136880468390866,-1.035718030490582
LINKUSDT,SHORT,1668945600000,1669071000000,5.9600185,17801.384753956267,2746.715482654187,1668931200000,137402.7512645142,2.0,3650.2520838663077,0.0,-5.476317687219159,3644.7757661790884,1.3269578844974121,9,True,STOP,"[{""time_ms"": 1668945600000, ""role"": ""ENTRY"", ""qty"": 17801.384753956267, ""price"": 5.9600185, ""fee"": 0.0, ""gross_pnl"": 0.0}, {""time_ms"": 1668989100000, ""role"": ""TP2R"", ""qty"": 8900.692376978133, ""price"": 5.654248501497399, ""fee"": 0.0, ""gross_pnl"": 2721.564694780718}, {""time_ms"": 1669071000000, ""role"": ""STOP"", ""qty"": 8900.692376978133, ""price"": 5.8556797194026995, ""fee"": 0.0, ""gross_pnl"": 928.6873890855895}]",2.8387854137393687,-0.5507626792879546
BTCUSDT,SHORT,1668988800000,1669122600000,16264.563650000002,13.451517801108054,2763.9356001328947,1668974400000,138196.78000664472,2.0,4733.637157233315,0.0,-3.4200000927968968,4730.217157140518,1.7114064296263203,10,True,STOP,"[{""time_ms"": 1668988800000, ""role"": ""ENTRY"", ""qty"": 13.451517801108054, ""price"": 16264.563650000002, ""fee"": 0.0, ""gross_pnl"": 0.0}, {""time_ms"": 1669058700000, ""role"": ""TP2R"", ""qty"": 6.725758900554027, ""price"": 15861.542691154245, ""fee"": 0.0, ""gross_pnl"": 2710.621801066665}, {""time_ms"": 1669122600000, ""role"": ""STOP"", ""qty"": 6.725758900554027, ""price"": 15963.777465707846, ""fee"": 0.0, ""gross_pnl"": 2023.0153561666498}]",3.997411429783988,-0.19338881099484542
ETHUSDT,SHORT,1669003200000,1669125000000,1123.99772,58.00401321708348,1556.0858304481344,1668988800000,142334.47929770307,2.0,-340.23447443832237,0.0,-4.39645088082771,-344.6309253191501,-0.2214729538536447,9,False,STOP,"[{""time_ms"": 1669003200000, ""role"": ""ENTRY"", ""qty"": 58.00401321708348, ""price"": 1123.99772, ""fee"": 0.0, ""gross_pnl"": 0.0}, {""time_ms"": 1669125000000, ""role"": ""STOP"", ""qty"": 58.00401321708348, ""price"": 1129.8634257601339, ""fee"": 0.0, ""gross_pnl"": -340.23447443832237}]",1.9561378330948485,-0.8585417638272689
BTCUSDT,SHORT,1669608000000,1669654500000,16160.915500000001,16.283141294965446,2853.593300884903,1669593600000,142679.66504424514,2.0,-2986.5953328065834,0.0,1.4706755899046695,-2985.1246572166788,-1.0460932384061135,4,False,STOP,"[{""time_ms"": 1669608000000, ""role"": ""ENTRY"", ""qty"": 16.283141294965446, ""price"": 16160.915500000001, ""fee"": 0.0, ""gross_pnl"": 0.0}, {""time_ms"": 1669654500000, ""role"": ""STOP"", ""qty"": 16.283141294965446, ""price"": 16344.331910795994, ""fee"": 0.0, ""gross_pnl"": -2986.5953328065834}]",1.0089425738233813,-1.3094818162580286
ETHUSDT,SHORT,1669608000000,1669694700000,1171.4639750000001,131.85455927073127,2848.3276586529378,1669593600000,142548.02398844602,2.0,-2850.4781710204034,0.0,-16.944406794507138,-2867.4225778149107,-1.0067039053965454,7,False,STOP,"[{""time_ms"": 1669608000000, ""role"": ""ENTRY"", ""qty"": 131.85455927073127, ""price"": 1171.4639750000001, ""fee"": 0.0, ""gross_pnl"": 0.0}, {""time_ms"": 1669694700000, ""role"": ""STOP"", ""qty"": 131.85455927073127, ""price"": 1193.0823262105005, ""fee"": 0.0, ""gross_pnl"": -2850.4781710204034}]",0.9820356571365073,-1.0052765161299402
ETHUSDT,SHORT,1670112000000,1670116800000,1239.14012,135.28900195798323,2736.5423561842717,1670097600000,136827.11780921358,2.0,-2821.7316424227797,0.0,0.0,-2821.7316424227797,-1.0311302640889113,1,False,STOP,"[{""time_ms"": 1670112000000, ""role"": ""ENTRY"", ""qty"": 135.28900195798323, ""price"": 1239.14012, ""fee"": 0.0, ""gross_pnl"": 0.0}, {""time_ms"": 1670116800000, ""role"": ""STOP"", ""qty"": 135.28900195798323, ""price"": 1259.9971859963855, ""fee"": 0.0, ""gross_pnl"": -2821.7316424227797}]",0.0005003118978623765,-1.0297862445783375
XRPUSDT,SHORT,1670299200000,1670341200000,0.38230875000000003,392990.7232360431,2604.026266068389,1670284800000,132103.34973510512,2.0,-2680.450175282396,0.0,6.381003962802842,-2674.069171319593,-1.0268979257866535,3,False,STOP,"[{""time_ms"": 1670299200000, ""role"": ""ENTRY"", ""qty"": 392990.7232360431, ""price"": 0.38230875000000003, ""fee"": 0.0, ""gross_pnl"": 0.0}, {""time_ms"": 1670341200000, ""role"": ""STOP"", ""qty"": 392990.7232360431, ""price"": 0.38912939490787596, ""fee"": 0.0, ""gross_pnl"": -2680.450175282396}]",0.2729703536079981,-1.1607371014167136
BNBUSDT,SHORT,1670270400000,1670369100000,286.61662,671.2959192503957,2680.107723335816,1670256000000,134005.3861667908,2.0,-2777.6500608951364,0.0,0.0,-2777.6500608951364,-1.0363949317074141,7,False,STOP,"[{""time_ms"": 1670270400000, ""role"": ""ENTRY"", ""qty"": 671.2959192503957, ""price"": 286.61662, ""fee"": 0.0, ""gross_pnl"": 0.0}, {""time_ms"": 1670369100000, ""role"": ""STOP"", ""qty"": 671.2959192503957, ""price"": 290.7543631044074, ""fee"": 0.0, ""gross_pnl"": -2777.6500608951364}]",0.14192328556563744,-1.0453210291093165
XRPUSDT,SHORT,1670400000000,1670458500000,0.37691145000000004,373309.0086003475,2567.2301095413945,1670385600000,128457.5862058229,2.0,-2638.8659444609743,0.0,-72.2346221604497,-2711.100566621424,-1.0560411225099453,5,False,STOP,"[{""time_ms"": 1670400000000, ""role"": ""ENTRY"", ""qty"": 373309.0086003475, ""price"": 0.37691145000000004, ""fee"": 0.0, ""gross_pnl"": 0.0}, {""time_ms"": 1670458500000, ""role"": ""STOP"", ""qty"": 373309.0086003475, ""price"": 0.383980301497463, ""fee"": 0.0, ""gross_pnl"": -2638.8659444609743}]",0.13253681258419886,-1.088933619921401
BNBUSDT,SHORT,1670400000000,1670486400000,282.408725,680.0971775130895,2571.0733386915213,1670385600000,128553.66693457606,2.0,-2668.3915637496666,0.0,0.0,-2668.3915637496666,-1.037851205406561,7,False,STOP,"[{""time_ms"": 1670400000000, ""role"": ""ENTRY"", ""qty"": 680.0971775130895, ""price"": 282.408725, ""fee"": 0.0, ""gross_pnl"": 0.0}, {""time_ms"": 1670486400000, ""role"": ""STOP"", ""qty"": 680.0971775130895, ""price"": 286.3322695344843, ""fee"": 0.0, ""gross_pnl"": -2668.3915637496666}]",0.36734383987760605,-1.061057560931808
BCHUSDT,SHORT,1670803200000,1670813400000,106.04695,983.7438960651293,1227.44840227039,1670788800000,123024.69534558471,1.0000000000000002,1175.900606592119,0.0,0.0,1175.900606592119,0.9580041038116763,1,True,BE_AFTER_TP,"[{""time_ms"": 1670803200000, ""role"": ""ENTRY"", ""qty"": 983.7438960651293, ""price"": 106.04695, ""fee"": 0.0, ""gross_pnl"": 0.0}, {""time_ms"": 1670813400000, ""role"": ""TP2R"", ""qty"": 491.87194803256466, ""price"": 103.60326242777796, ""fee"": 0.0, ""gross_pnl"": 1201.9813665318195}, {""time_ms"": 1670813400000, ""role"": ""BE_AFTER_TP"", ""qty"": 491.87194803256466, ""price"": 106.09997347499998, ""fee"": 0.0, ""gross_pnl"": -26.08075993970066}]",3.5880711786682538,-0.44324434388645684
LINKUSDT,SHORT,1670803200000,1670841900000,6.690653,11111.168462324922,1230.618844264281,1670788800000,123061.8844264281,1.0,1301.6791140487742,0.0,-1.7279985858741018,1299.9511154629001,1.05633935440024,3,True,STOP,"[{""time_ms"": 1670803200000, ""role"": ""ENTRY"", ""qty"": 11111.168462324922, ""price"": 6.690653, ""fee"": 0.0, ""gross_pnl"": 0.0}, {""time_ms"": 1670813400000, ""role"": ""TP2R"", ""qty"": 5555.584231162461, ""price"": 6.472377322757467, ""fee"": 0.0, ""gross_pnl"": 1212.6489105349253}, {""time_ms"": 1670841900000, ""role"": ""STOP"", ""qty"": 5555.584231162461, ""price"": 6.674627646084122, ""fee"": 0.0, ""gross_pnl"": 89.03020351384882}]",2.3263302859098767,-0.1927405177246803
SOLUSDT,SHORT,1670817600000,1670837400000,12.943525,5859.467755515346,1303.9354793666932,1670803200000,130393.54793666932,1.0,-1342.5085307964725,0.0,-21.781575678095205,-1364.2901064745677,-1.0462865134532484,2,False,STOP,"[{""time_ms"": 1670817600000, ""role"": ""ENTRY"", ""qty"": 5859.467755515346, ""price"": 12.943525, ""fee"": 0.0, ""gross_pnl"": 0.0}, {""time_ms"": 1670837400000, ""role"": ""STOP"", ""qty"": 5859.467755515346, ""price"": 13.172642828924445, ""fee"": 0.0, ""gross_pnl"": -1342.5085307964725}]",0.12368852027010285,-1.183972129996978
BNBUSDT,SHORT,1670817600000,1670847600000,282.568645,440.0085599271459,1303.5560788295236,1670803200000,130355.60788295236,1.0,1242.0415455854363,0.0,0.0,1242.0415455854363,0.9528102133516789,3,True,BE_AFTER_TP,"[{""time_ms"": 1670817600000, ""role"": ""ENTRY"", ""qty"": 440.0085599271459, ""price"": 282.568645, ""fee"": 0.0, ""gross_pnl"": 0.0}, {""time_ms"": 1670847600000, ""role"": ""TP2R"", ""qty"": 220.00427996357294, ""price"": 276.78182711882977, ""fee"": 0.0, ""gross_pnl"": 1273.1247012271867}, {""time_ms"": 1670847600000, ""role"": ""BE_AFTER_TP"", ""qty"": 220.00427996357294, ""price"": 282.7099293225, ""fee"": 0.0, ""gross_pnl"": -31.08315564175036}]",3.1285828091016,-0.47977097176886435
XRPUSDT,SHORT,1670803200000,1670873400000,0.38030975,295888.9857458756,1231.7417480420497,1670788800000,123174.17480420496,1.0000000000000002,1388.2921802434623,0.0,-4.029446980341851,1384.2627332631205,1.1238254572953421,5,True,STOP,"[{""time_ms"": 1670803200000, ""role"": ""ENTRY"", ""qty"": 295888.9857458756, ""price"": 0.38030975, ""fee"": 0.0, ""gross_pnl"": 0.0}, {""time_ms"": 1670813400000, ""role"": ""TP2R"", ""qty"": 147944.4928729378, ""price"": 0.37217004010622834, ""fee"": 0.0, ""gross_pnl"": 1204.2252523668828}, {""time_ms"": 1670873400000, ""role"": ""STOP"", ""qty"": 147944.4928729378, ""price"": 0.37906558792068107, ""fee"": 0.0, ""gross_pnl"": 184.0669278765794}]",2.596717996082154,-0.5501638234489358
ADAUSDT,SHORT,1670803200000,1670880000000,0.30694645,364685.758636865,1231.1788192466681,1670788800000,123117.8819246668,1.0000000000000002,1175.8249091667228,0.0,2.2856570719967895,1178.1105662387197,0.9568963889092733,6,True,STOP,"[{""time_ms"": 1670803200000, ""role"": ""ENTRY"", ""qty"": 364685.758636865, ""price"": 0.30694645, ""fee"": 0.0, ""gross_pnl"": 0.0}, {""time_ms"": 1670813400000, ""role"": ""TP2R"", ""qty"": 182342.8793184325, ""price"": 0.3003445488815623, ""fee"": 0.0, ""gross_pnl"": 1203.8096589115046}, {""time_ms"": 1670880000000, ""role"": ""STOP"", ""qty"": 182342.8793184325, ""price"": 0.30709992322499996, ""fee"": 0.0, ""gross_pnl"": -27.98474974478166}]",2.0279773930379226,-0.2232079931239853
DOGEUSDT,SHORT,1670817600000,1670879100000,0.08736629500000001,297726.1971169878,757.4751549458387,1670803200000,130293.41047296386,1.0,-770.8595099065863,0.0,-4.294054143391379,-775.1535640499776,-1.0233385992777584,5,False,STOP,"[{""time_ms"": 1670817600000, ""role"": ""ENTRY"", ""qty"": 297726.1971169878, ""price"": 0.08736629500000001, ""fee"": 0.0, ""gross_pnl"": 0.0}, {""time_ms"": 1670879100000, ""role"": ""STOP"", ""qty"": 297726.1971169878, ""price"": 0.08995545079942631, ""fee"": 0.0, ""gross_pnl"": -770.8595099065863}]",0.26974878201123076,-1.027318777328473
BNBUSDT,SHORT,1670860800000,1670919600000,275.84201,351.2302472417287,1288.3680842423562,1670846400000,128836.80842423563,0.9999999999999999,3065.3719987621043,0.0,0.0,3065.3719987621043,2.379267257745477,5,True,STOP,"[{""time_ms"": 1670860800000, ""role"": ""ENTRY"", ""qty"": 351.2302472417287, ""price"": 275.84201, ""fee"": 0.0, ""gross_pnl"": 0.0}, {""time_ms"": 1670902800000, ""role"": ""TP2R"", ""qty"": 175.61512362086435, ""price"": 268.6399466021343, ""fee"": 0.0, ""gross_pnl"": 1264.791253941495}, {""time_ms"": 1670919600000, ""role"": ""STOP"", ""qty"": 175.61512362086435, ""price"": 265.5890163642817, ""fee"": 0.0, ""gross_pnl"": 1800.5807448206092}]",5.589183812704434,-0.45199523703411165
ETHUSDT,LONG,1671004800000,1671068400000,1323.791565,96.45104763703048,2607.6073939916964,1670990400000,130380.36969958481,2.0,-2670.1441319433343,0.0,-25.52310632569602,-2695.6672382690303,-1.0337703614739844,5,False,STOP,"[{""time_ms"": 1671004800000, ""role"": ""ENTRY"", ""qty"": 96.45104763703048, ""price"": 1323.791565, ""fee"": 0.0, ""gross_pnl"": 0.0}, {""time_ms"": 1671068400000, ""role"": ""STOP"", ""qty"": 96.45104763703048, ""price"": 1296.1076341629628, ""fee"": 0.0, ""gross_pnl"": -2670.1441319433343}]",1.1321549513482325,-1.5679932740811535
DOGEUSDT,SHORT,1671148800000,1671317100000,0.084747605,553662.987129222,1276.8470246131578,1671134400000,127684.70246131578,1.0,2978.4893588127366,0.0,3.196832948437332,2981.686191761174,2.3351945333189197,12,True,STOP,"[{""time_ms"": 1671148800000, ""role"": ""ENTRY"", ""qty"": 553662.987129222, ""price"": 0.084747605, ""fee"": 0.0, ""gross_pnl"": 0.0}, {""time_ms"": 1671207600000, ""role"": ""TP2R"", ""qty"": 276831.493564611, ""price"": 0.08017531075416501, ""fee"": 0.0, ""gross_pnl"": 1265.7550450913786}, {""time_ms"": 1671317100000, ""role"": ""STOP"", ""qty"": 276831.493564611, ""price"": 0.07856068496547866, ""fee"": 0.0, ""gross_pnl"": 1712.734313721358}]",4.786096718911104,-0.9072987159955425
DOGEUSDT,SHORT,1672171200000,1672237800000,0.07324336000000001,1937318.7570339395,2613.3277730615396,1672156800000,130666.38865307697,2.0000000000000004,3676.229413651973,0.0,9.007493881285567,3685.2369075332585,1.4101701843607497,5,True,STOP,"[{""time_ms"": 1672171200000, ""role"": ""ENTRY"", ""qty"": 1937318.7570339395, ""price"": 0.07324336000000001, ""fee"": 0.0, ""gross_pnl"": 0.0}, {""time_ms"": 1672205100000, ""role"": ""TP2R"", ""qty"": 968659.3785169697, ""price"": 0.07058075169788688, ""fee"": 0.0, ""gross_pnl"": 2579.1605031590216}, {""time_ms"": 1672237800000, ""role"": ""STOP"", ""qty"": 968659.3785169697, ""price"": 0.0721107958243735, ""fee"": 0.0, ""gross_pnl"": 1097.0689104929515}]",3.1012190200431755,-0.4793688009448584
AVAXUSDT,SHORT,1672214400000,1672238400000,11.304345000000001,9318.007206549159,1475.710973121907,1672200000000,136336.5743825384,2.0,-1529.1158126961175,0.0,0.0,-1529.1158126961175,-1.0361892271229989,2,False,STOP,"[{""time_ms"": 1672214400000, ""role"": ""ENTRY"", ""qty"": 9318.007206549159, ""price"": 11.304345000000001, ""fee"": 0.0, ""gross_pnl"": 0.0}, {""time_ms"": 1672238400000, ""role"": ""STOP"", ""qty"": 9318.007206549159, ""price"": 11.46844830865825, ""fee"": 0.0, ""gross_pnl"": -1529.1158126961175}]",0.2926338909535696,-1.0838724900557197
LINKUSDT,SHORT,1672200000000,1672300800000,5.7841065,36657.3128123518,2671.0881156488604,1672185600000,133554.405782443,2.0,4017.0495749756237,0.0,43.47863731793775,4060.5282122935614,1.520177559289233,8,True,STOP,"[{""time_ms"": 1672200000000, ""role"": ""ENTRY"", ""qty"": 36657.3128123518, ""price"": 5.7841065, ""fee"": 0.0, ""gross_pnl"": 0.0}, {""time_ms"": 1672262700000, ""role"": ""TP2R"", ""qty"": 18328.6564061759, ""price"": 5.64119279419795, ""fee"": 0.0, ""gross_pnl"": 2619.4162093790774}, {""time_ms"": 1672300800000, ""role"": ""STOP"", ""qty"": 18328.6564061759, ""price"": 5.7078524999999996, ""fee"": 0.0, ""gross_pnl"": 1397.6333655965461}]",3.3500535896228336,-0.4651455055063265
AVAXUSDT,SHORT,1672243200000,1672358400000,11.272361000000002,16682.09869028156,2703.168938362003,1672228800000,135158.44691810015,2.0,5158.801888160051,0.0,6.414857439212412,5165.216745599263,1.9108005690273835,9,True,STOP,"[{""time_ms"": 1672243200000, ""role"": ""ENTRY"", ""qty"": 16682.09869028156, ""price"": 11.272361000000002, ""fee"": 0.0, ""gross_pnl"": 0.0}, {""time_ms"": 1672344300000, ""role"": ""TP2R"", ""qty"": 8341.04934514078, ""price"": 10.953754940594449, ""fee"": 0.0, ""gross_pnl"": 2657.508863162575}, {""time_ms"": 1672358400000, ""role"": ""STOP"", ""qty"": 8341.04934514078, ""price"": 10.9724835, ""fee"": 0.0, ""gross_pnl"": 2501.2930249974766}]",4.204891260920073,-0.5655328530095626
XRPUSDT,SHORT,1672632000000,1672643400000,0.32793595000000003,412165.9733486985,2840.9650941161394,1672617600000,142048.25470580696,2.0,-2909.96759667708,0.0,0.0,-2909.96759667708,-1.02428840210105,1,False,STOP,"[{""time_ms"": 1672632000000, ""role"": ""ENTRY"", ""qty"": 412165.9733486985, ""price"": 0.32793595000000003, ""fee"": 0.0, ""gross_pnl"": 0.0}, {""time_ms"": 1672643400000, ""role"": ""STOP"", ""qty"": 412165.9733486985, ""price"": 0.3349961339667517, ""fee"": 0.0, ""gross_pnl"": -2909.96759667708}]",0.2808667793057373,-1.3005004535424747
SOLUSDT,LONG,1676851200000,1677024000000,24.863425499999998,2400.404072853841,2782.7657421825984,1676836800000,139138.2871091299,2.0,257.0424693334149,0.0,-48.67121991671061,208.37124941670427,0.07487919168261467,12,False,BB_MID,"[{""time_ms"": 1676851200000, ""role"": ""ENTRY"", ""qty"": 2400.404072853841, ""price"": 24.863425499999998, ""fee"": 0.0, ""gross_pnl"": 0.0}, {""time_ms"": 1677024000000, ""role"": ""BB_MID"", ""qty"": 2400.404072853841, ""price"": 24.9705085, ""fee"": 0.0, ""gross_pnl"": 257.0424693334149}]",1.972391229158513,-0.6585281871707857
ADAUSDT,SHORT,1677614400000,1677646200000,0.3542228,412334.5440974251,2786.9331671709324,1677600000000,139346.6583585466,2.0,-2861.355782127986,0.0,-23.423905729101058,-2884.779687857087,-1.0351090301836985,3,False,STOP,"[{""time_ms"": 1677614400000, ""role"": ""ENTRY"", ""qty"": 412334.5440974251, ""price"": 0.3542228, ""fee"": 0.0, ""gross_pnl"": 0.0}, {""time_ms"": 1677646200000, ""role"": ""STOP"", ""qty"": 412334.5440974251, ""price"": 0.36116220350884576, ""fee"": 0.0, ""gross_pnl"": -2861.355782127986}]",0.9058853568284592,-1.1210678979814177
AVAXUSDT,SHORT,1677614400000,1677646800000,17.2323795,6792.816015839637,2784.0105399223694,1677600000000,139273.59267733255,2.0,-2843.930736921627,0.0,5.518163721705615,-2838.4125731999216,-1.0195408862493276,3,False,STOP,"[{""time_ms"": 1677614400000, ""role"": ""ENTRY"", ""qty"": 6792.816015839637, ""price"": 17.2323795, ""fee"": 0.0, ""gross_pnl"": 0.0}, {""time_ms"": 1677646800000, ""role"": ""STOP"", ""qty"": 6792.816015839637, ""price"": 17.651046917208134, ""fee"": 0.0, ""gross_pnl"": -2843.930736921627}]",0.8109857195439139,-1.17268472339616
SOLUSDT,SHORT,1677816000000,1677851700000,20.8385755,4755.131558686163,2672.4693219497913,1677801600000,133623.46609748958,2.0,-2723.35064060982,0.0,2.629893651590878,-2720.720746958229,-1.0180549967822397,3,False,STOP,"[{""time_ms"": 1677816000000, ""role"": ""ENTRY"", ""qty"": 4755.131558686163, ""price"": 20.8385755, ""fee"": 0.0, ""gross_pnl"": 0.0}, {""time_ms"": 1677851700000, ""role"": ""STOP"", ""qty"": 4755.131558686163, ""price"": 21.411293753322582, ""fee"": 0.0, ""gross_pnl"": -2723.35064060982}]",0.06329957892374218,-1.027412902425886
BNBUSDT,SHORT,1677816000000,1677981300000,289.64510500000006,655.2425446589307,2670.486527192451,1677801600000,133573.89622855606,2.0,-1491.4989925354062,0.0,-97.95361374619209,-1589.4526062815983,-0.5951921457370651,12,False,STOP,"[{""time_ms"": 1677816000000, ""role"": ""ENTRY"", ""qty"": 655.2425446589307, ""price"": 289.64510500000006, ""fee"": 0.0, ""gross_pnl"": 0.0}, {""time_ms"": 1677981300000, ""role"": ""STOP"", ""qty"": 655.2425446589307, ""price"": 291.92135980777016, ""fee"": 0.0, ""gross_pnl"": -1491.4989925354062}]",1.0146078982396038,-0.7004898341504384
ADAUSDT,SHORT,1678190400000,1678217400000,0.32573705000000003,467404.818526998,2586.2658548849954,1678176000000,129313.29274424976,2.0000000000000004,-2663.684521183808,0.0,-5.84571284904415,-2669.530234032852,-1.0321948259845697,2,False,STOP,"[{""time_ms"": 1678190400000, ""role"": ""ENTRY"", ""qty"": 467404.818526998, ""price"": 0.32573705000000003, ""fee"": 0.0, ""gross_pnl"": 0.0}, {""time_ms"": 1678217400000, ""role"": ""STOP"", ""qty"": 467404.818526998, ""price"": 0.3314359311745208, ""fee"": 0.0, ""gross_pnl"": -2663.684521183808}]",0.9645423273124588,-1.0234408469948801
LINKUSDT,SHORT,1678190400000,1678233900000,6.7995985,22580.767653184135,2583.219310277836,1678176000000,129237.12912907079,2.0,-2661.2809968646893,0.0,17.453977078786913,-2643.8270197859024,-1.0234620844103042,4,False,STOP,"[{""time_ms"": 1678190400000, ""role"": ""ENTRY"", ""qty"": 22580.767653184135, ""price"": 6.7995985, ""fee"": 0.0, ""gross_pnl"": 0.0}, {""time_ms"": 1678233900000, ""role"": ""STOP"", ""qty"": 22580.767653184135, ""price"": 6.9174545905341684, ""fee"": 0.0, ""gross_pnl"": -2661.2809968646893}]",1.1940523121676876,-1.09617566096477
BTCUSDT,SHORT,1678219200000,1678455600000,22107.44075,11.017324658084405,2572.6541527526883,1678204800000,128896.8365757631,2.0000000000000004,12734.38166372796,0.0,67.16754473212416,12801.549208460085,4.976008607594101,17,True,STOP,"[{""time_ms"": 1678219200000, ""role"": ""ENTRY"", ""qty"": 11.017324658084405, ""price"": 22107.44075, ""fee"": 0.0, ""gross_pnl"": 0.0}, {""time_ms"": 1678316100000, ""role"": ""TP2R"", ""qty"": 5.5086623290422025, ""price"": 21651.241201598838, ""fee"": 0.0, ""gross_pnl"": 2513.0492668035577}, {""time_ms"": 1678455600000, ""role"": ""STOP"", ""qty"": 5.5086623290422025, ""price"": 20251.939035357493, ""fee"": 0.0, ""gross_pnl"": 10221.332396924403}]",11.07379591865148,-0.7235636042429959
BCHUSDT,SHORT,1678248000000,1678455900000,121.36928500000002,1259.134930661827,2372.4866034333904,1678233600000,123628.51890465197,2.0,9140.66793031761,0.0,-207.21021736195596,8933.457712955655,3.765440740540927,15,True,STOP,"[{""time_ms"": 1678248000000, ""role"": ""ENTRY"", ""qty"": 1259.134930661827, ""price"": 121.36928500000002, ""fee"": 0.0, ""gross_pnl"": 0.0}, {""time_ms"": 1678287600000, ""role"": ""TP2R"", ""qty"": 629.5674653309135, ""price"": 117.65964640083209, ""fee"": 0.0, ""gross_pnl"": 2335.467770171875}, {""time_ms"": 1678455900000, ""role"": ""STOP"", ""qty"": 629.5674653309135, ""price"": 110.55995870076252, ""fee"": 0.0, ""gross_pnl"": 6805.200160145734}]",8.735333066676317,-0.1436748735528374
LINKUSDT,SHORT,1678291200000,1678455900000,6.7086440000000005,9930.839241238486,1323.01832424661,1678276800000,127047.89446789984,2.0000000000000004,3758.584018172921,0.0,12.311588425135245,3770.895606598056,2.850221752404967,12,True,STOP,"[{""time_ms"": 1678291200000, ""role"": ""ENTRY"", ""qty"": 9930.839241238486, ""price"": 6.7086440000000005, ""fee"": 0.0, ""gross_pnl"": 0.0}, {""time_ms"": 1678386600000, ""role"": ""TP2R"", ""qty"": 4965.419620619243, ""price"": 6.445418670219501, ""fee"": 0.0, ""gross_pnl"": 1307.0242171360612}, {""time_ms"": 1678455900000, ""role"": ""STOP"", ""qty"": 4965.419620619243, ""price"": 6.214917389089496, ""fee"": 0.0, ""gross_pnl"": 2451.5598010368594}]",6.167423631244592,-0.19032718987035085
ETHUSDT,SHORT,1678320000000,1678455600000,1531.044095,80.4492801985127,1623.200591168673,1678305600000,135469.73233770806,2.0,5873.361204903009,0.0,9.030983929233132,5882.392188832242,3.623946554009713,10,True,STOP,"[{""time_ms"": 1678320000000, ""role"": ""ENTRY"", ""qty"": 80.4492801985127, ""price"": 1531.044095, ""fee"": 0.0, ""gross_pnl"": 0.0}, {""time_ms"": 1678388700000, ""role"": ""TP2R"", ""qty"": 40.22464009925635, ""price"": 1491.4360503118642, ""fee"": 0.0, ""gross_pnl"": 1593.219342615525}, {""time_ms"": 1678455600000, ""role"": ""STOP"", ""qty"": 40.22464009925635, ""price"": 1424.6381246364115, ""fee"": 0.0, ""gross_pnl"": 4280.141862287484}]",8.105098225224882,-0.7303428527401732
ADAUSDT,SHORT,1679947200000,1679967300000,0.33992995000000004,180410.9150988398,1553.8823020727702,1679932800000,155388.23020727703,1.0,-1585.3227798983069,0.0,5.18599505268924,-1580.1367848456175,-1.0168960562443021,2,False,STOP,"[{""time_ms"": 1679947200000, ""role"": ""ENTRY"", ""qty"": 180410.9150988398, ""price"": 0.33992995000000004, ""fee"": 0.0, ""gross_pnl"": 0.0}, {""time_ms"": 1679967300000, ""role"": ""STOP"", ""qty"": 180410.9150988398, ""price"": 0.34871723861294107, ""fee"": 0.0, ""gross_pnl"": -1585.3227798983069}]",0.2008529617455082,-1.029842373092113
BCHUSDT,SHORT,1679947200000,1679964600000,118.40077,573.3299290409943,1553.5755133116447,1679932800000,155357.55133116446,1.0,-1588.293653599541,0.0,-18.124608412525696,-1606.4182620120666,-1.0340136338707997,2,False,STOP,"[{""time_ms"": 1679947200000, ""role"": ""ENTRY"", ""qty"": 573.3299290409943, ""price"": 118.40077, ""fee"": 0.0, ""gross_pnl"": 0.0}, {""time_ms"": 1679964600000, ""role"": ""STOP"", ""qty"": 573.3299290409943, ""price"": 121.17106607761148, ""fee"": 0.0, ""gross_pnl"": -1588.293653599541}]",0.08516312634379516,-1.0477865546175904
LINKUSDT,SHORT,1679976000000,1680030900000,6.811592500000001,9537.99581027229,1522.0167516041934,1679961600000,152201.67516041934,1.0,-1555.2622303431308,0.0,7.160934968356901,-1548.1012953747738,-1.0171381449928771,4,False,STOP,"[{""time_ms"": 1679976000000, ""role"": ""ENTRY"", ""qty"": 9537.99581027229, ""price"": 6.811592500000001, ""fee"": 0.0, ""gross_pnl"": 0.0}, {""time_ms"": 1680030900000, ""role"": ""STOP"", ""qty"": 9537.99581027229, ""price"": 6.9746521470453615, ""fee"": 0.0, ""gross_pnl"": -1555.2622303431308}]",0.4173140573690203,-1.0177562454053908
SOLUSDT,SHORT,1680494400000,1680509700000,20.015987000000003,3492.835246098653,1506.5357386504456,1680480000000,150653.57386504457,1.0,-1542.2452789592917,0.0,1.6695556877577782,-1540.575723271534,-1.0225948736215056,2,False,STOP,"[{""time_ms"": 1680494400000, ""role"": ""ENTRY"", ""qty"": 3492.835246098653, ""price"": 20.015987000000003, ""fee"": 0.0, ""gross_pnl"": 0.0}, {""time_ms"": 1680509700000, ""role"": ""STOP"", ""qty"": 3492.835246098653, ""price"": 20.457532383705665, ""fee"": 0.0, ""gross_pnl"": -1542.2452789592917}]",0.09038960327727903,-1.300683368902276
ETHUSDT,LONG,1680652800000,1680854400000,1870.0445549999997,66.3710450774627,2982.259962835461,1680638400000,149112.99814177305,2.0,-1391.1079015637545,0.0,-50.972662179274614,-1442.0805637430292,-0.4835529369384464,14,False,BB_MID,"[{""time_ms"": 1680652800000, ""role"": ""ENTRY"", ""qty"": 66.3710450774627, ""price"": 1870.0445549999997, ""fee"": 0.0, ""gross_pnl"": 0.0}, {""time_ms"": 1680854400000, ""role"": ""BB_MID"", ""qty"": 66.3710450774627, ""price"": 1849.0849950000002, ""fee"": 0.0, ""gross_pnl"": -1391.1079015637545}]",1.668154782243164,-0.6686501308026002
BCHUSDT,SHORT,1680868800000,1681074600000,123.37828,735.4830454127061,1476.7091757803007,1680854400000,147670.91757803006,1.0,-1522.818846924276,0.0,-30.272880265712438,-1553.0917271899884,-1.0517248437691373,15,False,STOP,"[{""time_ms"": 1680868800000, ""role"": ""ENTRY"", ""qty"": 735.4830454127061, ""price"": 123.37828, ""fee"": 0.0, ""gross_pnl"": 0.0}, {""time_ms"": 1681074600000, ""role"": ""STOP"", ""qty"": 735.4830454127061, ""price"": 125.44878163348058, ""fee"": 0.0, ""gross_pnl"": -1522.818846924276}]",0.33782104711235983,-1.0268508716938307
BTCUSDT,LONG,1681113600000,1681603200000,28292.43915,7.8193843922196375,2922.356517016802,1681099200000,146117.8258508401,2.0,15426.24299925864,0.0,-260.437319411804,15165.805679846837,5.189580939743924,34,False,BB_MID,"[{""time_ms"": 1681113600000, ""role"": ""ENTRY"", ""qty"": 7.8193843922196375, ""price"": 28292.43915, ""fee"": 0.0, ""gross_pnl"": 0.0}, {""time_ms"": 1681603200000, ""role"": ""BB_MID"", ""qty"": 7.8193843922196375, ""price"": 30265.259800000003, ""fee"": 0.0, ""gross_pnl"": 15426.24299925864}]",7.4025200568954155,-0.3714935793142988
LTCUSDT,SHORT,1682971200000,1683014400000,86.086935,2068.142721112003,3225.6726306137384,1682956800000,161283.63153068692,2.0,-3316.305500930573,0.0,32.37600743168742,-3283.9294934988857,-1.0180603767202696,4,False,STOP,"[{""time_ms"": 1682971200000, ""role"": ""ENTRY"", ""qty"": 2068.142721112003, ""price"": 86.086935, ""fee"": 0.0, ""gross_pnl"": 0.0}, {""time_ms"": 1683014400000, ""role"": ""STOP"", ""qty"": 2068.142721112003, ""price"": 87.6904536871182, ""fee"": 0.0, ""gross_pnl"": -3316.305500930573}]",0.08138448204968952,-1.0662755240080657
LTCUSDT,SHORT,1683388800000,1683398400000,81.99898000000002,1924.067223320618,3159.9940407437607,1683374400000,157999.70203718802,2.0000000000000004,-3240.4598126459973,0.0,0.0,-3240.4598126459973,-1.0254638998886523,1,False,STOP,"[{""time_ms"": 1683388800000, ""role"": ""ENTRY"", ""qty"": 1924.067223320618, ""price"": 81.99898000000002, ""fee"": 0.0, ""gross_pnl"": 0.0}, {""time_ms"": 1683398400000, ""role"": ""STOP"", ""qty"": 1924.067223320618, ""price"": 83.68315182797467, ""fee"": 0.0, ""gross_pnl"": -3240.4598126459973}]",0.060267257250736055,-1.2244762545601158
XRPUSDT,SHORT,1683504000000,1683518400000,0.44837570000000004,553926.1094742854,3109.094824386054,1683489600000,155454.74121930267,2.0,5917.00858532896,0.0,0.0,5917.00858532896,1.903129019713118,2,True,STOP,"[{""time_ms"": 1683504000000, ""role"": ""ENTRY"", ""qty"": 553926.1094742854, ""price"": 0.44837570000000004, ""fee"": 0.0, ""gross_pnl"": 0.0}, {""time_ms"": 1683510000000, ""role"": ""TP2R"", ""qty"": 276963.0547371427, ""price"": 0.4373686087367967, ""fee"": 0.0, ""gross_pnl"": 3048.5576200273053}, {""time_ms"": 1683518400000, ""role"": ""STOP"", ""qty"": 276963.0547371427, ""price"": 0.4380189, ""fee"": 0.0, ""gross_pnl"": 2868.450965301655}]",4.912973415034511,-0.4497372248599853
XRPUSDT,SHORT,1683532800000,1683582000000,0.4351823,448060.7573339005,3325.4081862046473,1683518400000,166270.40931023235,2.0,5776.903815230565,0.0,6.965380175068898,5783.869195405634,1.7392960116595118,4,True,STOP,"[{""time_ms"": 1683532800000, ""role"": ""ENTRY"", ""qty"": 448060.7573339005, ""price"": 0.4351823, ""fee"": 0.0, ""gross_pnl"": 0.0}, {""time_ms"": 1683568500000, ""role"": ""TP2R"", ""qty"": 224030.37866695024, ""price"": 0.42054891017994206, ""fee"": 0.0, ""gross_pnl"": 3278.3238625686804}, {""time_ms"": 1683582000000, ""role"": ""STOP"", ""qty"": 224030.37866695024, ""price"": 0.42402943775190133, ""fee"": 0.0, ""gross_pnl"": 2498.5799526618844}]",3.8376644892958693,-0.27186202097625894
LTCUSDT,SHORT,1683403200000,1683619200000,83.73811,1832.9759724101712,3095.1848444908405,1683388800000,154759.24222454202,2.0,7663.787856202189,0.0,32.97636010304795,7696.764216305237,2.486689681879519,16,True,STOP,"[{""time_ms"": 1683403200000, ""role"": ""ENTRY"", ""qty"": 1832.9759724101712, ""price"": 83.73811, ""fee"": 0.0, ""gross_pnl"": 0.0}, {""time_ms"": 1683510300000, ""role"": ""TP2R"", ""qty"": 916.4879862050856, ""price"": 80.40106685590422, ""fee"": 0.0, ""gross_pnl"": 3058.359951011835}, {""time_ms"": 1683619200000, ""role"": ""STOP"", ""qty"": 916.4879862050856, ""price"": 78.71302732078223, ""fee"": 0.0, ""gross_pnl"": 4605.427905190354}]",5.174729936658053,-0.8657348038764697
SOLUSDT,SHORT,1684267200000,1684285500000,20.4807545,9519.267514517178,3483.137684431637,1684252800000,174156.88422158183,2.0,-3582.3601437661628,0.0,6.002956615258021,-3576.357187150905,-1.0267630829340813,2,False,STOP,"[{""time_ms"": 1684267200000, ""role"": ""ENTRY"", ""qty"": 9519.267514517178, ""price"": 20.4807545, ""fee"": 0.0, ""gross_pnl"": 0.0}, {""time_ms"": 1684285500000, ""role"": ""STOP"", ""qty"": 9519.267514517178, ""price"": 20.857081789710364, ""fee"": 0.0, ""gross_pnl"": -3582.3601437661628}]",0.14690876788943605,-1.0692573523572206
BNBUSDT,SHORT,1684324800000,1684345500000,307.80602,1340.267220523453,3411.610540688619,1684310400000,170580.52703443094,2.0,-3619.5875054018593,0.0,-7.539544213189149,-3627.1270496150482,-1.0631714864156,2,False,STOP,"[{""time_ms"": 1684324800000, ""role"": ""ENTRY"", ""qty"": 1340.267220523453, ""price"": 307.80602, ""fee"": 0.0, ""gross_pnl"": 0.0}, {""time_ms"": 1684345500000, ""role"": ""STOP"", ""qty"": 1340.267220523453, ""price"": 310.50666614725725, ""fee"": 0.0, ""gross_pnl"": -3619.5875054018593}]",0.4266480565331563,-1.0583426928962973
LINKUSDT,SHORT,1684440000000,1684743300000,6.485755500000001,31110.679148308667,3339.0679996963177,1684425600000,166953.3999848159,2.0,77.45074642228212,0.0,96.99563281500504,174.44637923728715,0.05224403314132948,22,False,STOP,"[{""time_ms"": 1684440000000, ""role"": ""ENTRY"", ""qty"": 31110.679148308667, ""price"": 6.485755500000001, ""fee"": 0.0, ""gross_pnl"": 0.0}, {""time_ms"": 1684743300000, ""role"": ""STOP"", ""qty"": 31110.679148308667, ""price"": 6.483265977156315, ""fee"": 0.0, ""gross_pnl"": 77.45074642228212}]",1.469835518422321,-0.7010661350376184
DOGEUSDT,SHORT,1684713600000,1684748100000,0.07202397,4292434.591980537,3377.7860861427334,1684699200000,168889.30430713668,2.0,-1349.163574053694,0.0,0.14464839290537002,-1349.0189256607887,-0.3993796206323125,3,False,STOP,"[{""time_ms"": 1684713600000, ""role"": ""ENTRY"", ""qty"": 4292434.591980537, ""price"": 0.07202397, ""fee"": 0.0, ""gross_pnl"": 0.0}, {""time_ms"": 1684748100000, ""role"": ""STOP"", ""qty"": 4292434.591980537, ""price"": 0.07233828197031501, ""fee"": 0.0, ""gross_pnl"": -1349.163574053694}]",1.7714339794134322,-0.4397291906543335
LINKUSDT,SHORT,1684915200000,1684961700000,6.3298335,41382.32729977513,3315.5765487678486,1684900800000,165778.82743839244,2.0,-1235.6282329230296,0.0,25.931356772830853,-1209.6968761501987,-0.36485264579391247,4,False,STOP,"[{""time_ms"": 1684915200000, ""role"": ""ENTRY"", ""qty"": 41382.32729977513, ""price"": 6.3298335, ""fee"": 0.0, ""gross_pnl"": 0.0}, {""time_ms"": 1684961700000, ""role"": ""STOP"", ""qty"": 41382.32729977513, ""price"": 6.359692338628676, ""fee"": 0.0, ""gross_pnl"": -1235.6282329230296}]",1.7577690956762042,-0.5512502974376249
BCHUSDT,SHORT,1684915200000,1685016300000,112.34380000000002,2601.902016160039,3310.33506319206,1684900800000,165647.79029899772,2.0,3953.134931280759,0.0,-99.52062085310372,3853.6143104276553,1.164116090022539,8,True,STOP,"[{""time_ms"": 1684915200000, ""role"": ""ENTRY"", ""qty"": 2601.902016160039, ""price"": 112.34380000000002, ""fee"": 0.0, ""gross_pnl"": 0.0}, {""time_ms"": 1684977900000, ""role"": ""TP2R"", ""qty"": 1300.9510080800194, ""price"": 109.85414948996815, ""fee"": 0.0, ""gross_pnl"": 3238.913340792889}, {""time_ms"": 1685016300000, ""role"": ""STOP"", ""qty"": 1300.9510080800194, ""price"": 111.79480039428701, ""fee"": 0.0, ""gross_pnl"": 714.2215904878698}]",2.6282052407246628,-0.6651077440938906
DOGEUSDT,SHORT,1685534400000,1685638500000,0.071254355,4001549.7268375014,3368.4548974533977,1685520000000,168422.7448726699,2.0,-3107.8124343613636,0.0,108.61337717586468,-2999.199057185499,-0.8903782738646547,8,False,STOP,"[{""time_ms"": 1685534400000, ""role"": ""ENTRY"", ""qty"": 4001549.7268375014, ""price"": 0.071254355, ""fee"": 0.0, ""gross_pnl"": 0.0}, {""time_ms"": 1685638500000, ""role"": ""STOP"", ""qty"": 4001549.7268375014, ""price"": 0.07203100720889746, ""fee"": 0.0, ""gross_pnl"": -3107.8124343613636}]",1.0149294323212934,-0.9808234412497301
ADAUSDT,SHORT,1685592000000,1685672700000,0.36461760000000004,612370.3530168278,3366.4038356430233,1685577600000,168371.46832741052,2.0,-3479.7275417748824,0.0,18.073696960882785,-3461.6538448139995,-1.028294290828237,6,False,STOP,"[{""time_ms"": 1685592000000, ""role"": ""ENTRY"", ""qty"": 612370.3530168278, ""price"": 0.36461760000000004, ""fee"": 0.0, ""gross_pnl"": 0.0}, {""time_ms"": 1685672700000, ""role"": ""STOP"", ""qty"": 612370.3530168278, ""price"": 0.37029999060665186, ""fee"": 0.0, ""gross_pnl"": -3479.7275417748824}]",0.7490177318849471,-1.0700461205653586
BNBUSDT,SHORT,1685937600000,1685981400000,301.12935999999996,1595.321009278101,3239.237839413407,1685923200000,161961.89197067035,2.0,17742.511749517875,0.0,0.0,17742.511749517875,5.477372341615663,4,True,STOP,"[{""time_ms"": 1685937600000, ""role"": ""ENTRY"", ""qty"": 1595.321009278101, ""price"": 301.12935999999996, ""fee"": 0.0, ""gross_pnl"": 0.0}, {""time_ms"": 1685977200000, ""role"": ""TP2R"", ""qty"": 797.6605046390505, ""price"": 297.2169712812985, ""fee"": 0.0, ""gross_pnl"": 3120.7579597035156}, {""time_ms"": 1685981400000, ""role"": ""STOP"", ""qty"": 797.6605046390505, ""price"": 282.79856174086984, ""fee"": 0.0, ""gross_pnl"": 14621.75378981436}]",14.587501638326222,-0.1726898074253974
DOGEUSDT,SHORT,1685980800000,1685980800000,0.06811592500000001,4371632.712695847,3857.628298978068,1685966400000,192881.4149489034,2.0,3710.668210134786,0.0,0.0,3710.668210134786,0.9619040308050899,1,True,BE_AFTER_TP,"[{""time_ms"": 1685980800000, ""role"": ""ENTRY"", ""qty"": 4371632.712695847, ""price"": 0.06811592500000001, ""fee"": 0.0, ""gross_pnl"": 0.0}, {""time_ms"": 1685980800000, ""role"": ""TP2R"", ""qty"": 2185816.3563479236, ""price"": 0.06638425497628614, ""fee"": 0.0, ""gross_pnl"": 3785.1126616311712}, {""time_ms"": 1685980800000, ""role"": ""BE_AFTER_TP"", ""qty"": 2185816.3563479236, ""price"": 0.06814998296250001, ""fee"": 0.0, ""gross_pnl"": -74.44445149638503}]",6.114897656547779,-0.19726938561294435
LINKUSDT,SHORT,1685980800000,1686044100000,6.078959,8503.098184411525,760.2214793466973,1685966400000,192732.4515642183,2.0,-277.7385494184373,0.0,1.2746005200292874,-276.463948898408,-0.36366237525410305,5,False,STOP,"[{""time_ms"": 1685980800000, ""role"": ""ENTRY"", ""qty"": 8503.098184411525, ""price"": 6.078959, ""fee"": 0.0, ""gross_pnl"": 0.0}, {""time_ms"": 1686044100000, ""role"": ""STOP"", ""qty"": 8503.098184411525, ""price"": 6.111622217970082, ""fee"": 0.0, ""gross_pnl"": -277.7385494184373}]",1.7332206828601342,-0.9064458170204257
BTCUSDT,SHORT,1685966400000,1686060000000,26746.819900000002,12.397992865499914,2943.6587290745274,1685952000000,162327.79479735834,2.0,7861.3982266250005,0.0,-3.5879541102016024,7857.810272514799,2.6694026025854085,7,True,STOP,"[{""time_ms"": 1685966400000, ""role"": ""ENTRY"", ""qty"": 12.397992865499914, ""price"": 26746.819900000002, ""fee"": 0.0, ""gross_pnl"": 0.0}, {""time_ms"": 1685980200000, ""role"": ""TP2R"", ""qty"": 6.198996432749957, ""price"": 26285.0953500803, ""fee"": 0.0, ""gross_pnl"": 2862.2288378653093}, {""time_ms"": 1686060000000, ""role"": ""STOP"", ""qty"": 6.198996432749957, ""price"": 25940.371720364255, ""fee"": 0.0, ""gross_pnl"": 4999.169388759691}]",6.002688415420992,-0.265678430053911
DOGEUSDT,SHORT,1685995200000,1686059400000,0.06654671000000001,3179812.4266079264,3870.625804635818,1685980800000,193531.29023179092,2.0,-2650.062586326088,0.0,-77.52276647640396,-2727.585352802492,-0.7046884639521817,5,False,STOP,"[{""time_ms"": 1685995200000, ""role"": ""ENTRY"", ""qty"": 3179812.4266079264, ""price"": 0.06654671000000001, ""fee"": 0.0, ""gross_pnl"": 0.0}, {""time_ms"": 1686059400000, ""role"": ""STOP"", ""qty"": 3179812.4266079264, ""price"": 0.06738011217308135, ""fee"": 0.0, ""gross_pnl"": -2650.062586326088}]",1.1556461834353216,-1.9990064062182764
BTCUSDT,SHORT,1686787200000,1686855300000,25103.342050000003,11.330419851721267,3765.376658022739,1686772800000,188268.83290113695,2.0,-3277.5835626577873,0.0,36.42703339979148,-3241.1565292579958,-0.8607788339985037,5,False,STOP,"[{""time_ms"": 1686787200000, ""role"": ""ENTRY"", ""qty"": 11.330419851721267, ""price"": 25103.342050000003, ""fee"": 0.0, ""gross_pnl"": 0.0}, {""time_ms"": 1686855300000, ""role"": ""STOP"", ""qty"": 11.330419851721267, ""price"": 25392.614963585802, ""fee"": 0.0, ""gross_pnl"": -3277.5835626577873}]",0.9819980250563072,-0.8505479102875619
BNBUSDT,SHORT,1687953600000,1687989000000,233.24332000000004,469.0024242896366,1850.2767637187894,1687939200000,185027.67637187894,1.0,2380.5335332932227,0.0,0.0,2380.5335332932227,1.2865824075468006,3,True,STOP,"[{""time_ms"": 1687953600000, ""role"": ""ENTRY"", ""qty"": 469.0024242896366, ""price"": 233.24332000000004, ""fee"": 0.0, ""gross_pnl"": 0.0}, {""time_ms"": 1687980600000, ""role"": ""TP2R"", ""qty"": 234.5012121448183, ""price"": 225.46573128398958, ""fee"": 0.0, ""gross_pnl"": 1823.853981468313}, {""time_ms"": 1687989000000, ""role"": ""STOP"", ""qty"": 234.5012121448183, ""price"": 230.86943226298857, ""fee"": 0.0, ""gross_pnl"": 556.6795518249099}]",3.0527034588833777,-0.8407017755908806
BTCUSDT,LONG,1688443200000,1688497800000,31205.3949,7.372554000471819,3748.164198103443,1688428800000,187408.20990517215,2.0,-3861.3218455075353,0.0,-45.609462317179336,-3906.9313078247146,-1.0423586324744276,4,False,STOP,"[{""time_ms"": 1688443200000, ""role"": ""ENTRY"", ""qty"": 7.372554000471819, ""price"": 31205.3949, ""fee"": 0.0, ""gross_pnl"": 0.0}, {""time_ms"": 1688497800000, ""role"": ""STOP"", ""qty"": 7.372554000471819, ""price"": 30681.652131176546, ""fee"": 0.0, ""gross_pnl"": -3861.3218455075353}]",0.010435011424447195,-1.0576336778506519
BNBUSDT,SHORT,1688558400000,1688625900000,237.81103500000003,499.84221744480544,1835.0127859734741,1688544000000,183501.2785973474,1.0,-1895.3642899000786,0.0,0.0,-1895.3642899000786,-1.032888873793099,5,False,STOP,"[{""time_ms"": 1688558400000, ""role"": ""ENTRY"", ""qty"": 499.84221744480544, ""price"": 237.81103500000003, ""fee"": 0.0, ""gross_pnl"": 0.0}, {""time_ms"": 1688625900000, ""role"": ""STOP"", ""qty"": 499.84221744480544, ""price"": 241.60296017908792, ""fee"": 0.0, ""gross_pnl"": -1895.3642899000786}]",0.3217041089807849,-1.089284798647199
ADAUSDT,SHORT,1688572800000,1688626200000,0.2822588,285470.97415499267,1836.0176437753144,1688558400000,183601.76437753142,1.0,-1877.2239998970945,0.0,0.6851594560113462,-1876.538840441083,-1.0220701564623567,4,False,STOP,"[{""time_ms"": 1688572800000, ""role"": ""ENTRY"", ""qty"": 285470.97415499267, ""price"": 0.2822588, ""fee"": 0.0, ""gross_pnl"": 0.0}, {""time_ms"": 1688626200000, ""role"": ""STOP"", ""qty"": 285470.97415499267, ""price"": 0.28883468395966966, ""fee"": 0.0, ""gross_pnl"": -1877.2239998970945}]",0.19572298963716622,-1.1569859473213755
AVAXUSDT,SHORT,1688572800000,1688625600000,12.551721,6638.498987882637,1835.6145587598076,1688558400000,183561.45587598076,1.0,-1878.1946596165276,0.0,0.17735965088473898,-1878.017299965643,-1.0231000244596469,4,False,STOP,"[{""time_ms"": 1688572800000, ""role"": ""ENTRY"", ""qty"": 6638.498987882637, ""price"": 12.551721, ""fee"": 0.0, ""gross_pnl"": 0.0}, {""time_ms"": 1688625600000, ""role"": ""STOP"", ""qty"": 6638.498987882637, ""price"": 12.83464559832333, ""fee"": 0.0, ""gross_pnl"": -1878.1946596165276}]",0.1617334705809296,-1.0244783393192074
DOGEUSDT,SHORT,1688976000000,1689014100000,0.06442777000000001,1720487.380741336,1778.5135816704055,1688961600000,177851.35816704057,1.0,-1834.826421088394,0.0,11.144918099370043,-1823.681502989024,-1.0253964444152268,3,False,STOP,"[{""time_ms"": 1688976000000, ""role"": ""ENTRY"", ""qty"": 1720487.380741336, ""price"": 0.06442777000000001, ""fee"": 0.0, ""gross_pnl"": 0.0}, {""time_ms"": 1689014100000, ""role"": ""STOP"", ""qty"": 1720487.380741336, ""price"": 0.06549422735483268, ""fee"": 0.0, ""gross_pnl"": -1834.826421088394}]",0.6266357041682468,-1.1339845492954828
BNBUSDT,SHORT,1690200000000,1690396800000,238.610635,1479.0398986761193,3520.553533281031,1690185600000,176027.67666405154,2.0,-1256.525038985869,0.0,31.748717683615546,-1224.7763213022536,-0.3478931110474566,14,False,STOP,"[{""time_ms"": 1690200000000, ""role"": ""ENTRY"", ""qty"": 1479.0398986761193, ""price"": 238.610635, ""fee"": 0.0, ""gross_pnl"": 0.0}, {""time_ms"": 1690396800000, ""role"": ""STOP"", ""qty"": 1479.0398986761193, ""price"": 239.46018952527723, ""fee"": 0.0, ""gross_pnl"": -1256.525038985869}]",1.4496660234028256,-0.583694083728085
AVAXUSDT,SHORT,1690819200000,1690880100000,12.886553500000002,20588.2876743496,3496.0580068549857,1690804800000,174802.9003427493,2.0,4953.341887740164,0.0,-19.693425846384596,4933.648461893779,1.4112032615648828,5,True,STOP,"[{""time_ms"": 1690819200000, ""role"": ""ENTRY"", ""qty"": 20588.2876743496, ""price"": 12.886553500000002, ""fee"": 0.0, ""gross_pnl"": 0.0}, {""time_ms"": 1690855800000, ""role"": ""TP2R"", ""qty"": 10294.1438371748, ""price"": 12.553210769172864, ""fee"": 0.0, ""gross_pnl"": 3431.478018211196}, {""time_ms"": 1690880100000, ""role"": ""STOP"", ""qty"": 10294.1438371748, ""price"": 12.738715671657918, ""fee"": 0.0, ""gross_pnl"": 1521.863869528968}]",3.3364338972747154,-0.6327525021794428
BTCUSDT,SHORT,1690862400000,1690905900000,28805.68995,17.801815108215088,3626.4847948685674,1690848000000,181324.23974342836,2.0,-3293.5583096755654,0.0,86.37293976590318,-3207.1853699096623,-0.8843785514964219,4,False,STOP,"[{""time_ms"": 1690862400000, ""role"": ""ENTRY"", ""qty"": 17.801815108215088, ""price"": 28805.68995, ""fee"": 0.0, ""gross_pnl"": 0.0}, {""time_ms"": 1690905900000, ""role"": ""STOP"", ""qty"": 17.801815108215088, ""price"": 28990.70244954875, ""fee"": 0.0, ""gross_pnl"": -3293.5583096755654}]",1.255139748929714,-1.1806241261030166
ETHUSDT,SHORT,1690862400000,1690905900000,1824.7171850000002,128.09697943842247,1868.1947896090694,1690848000000,181067.71469762825,2.0,-1985.999266867792,0.0,30.611556543913245,-1955.3877103238788,-1.0466722855666752,4,False,STOP,"[{""time_ms"": 1690862400000, ""role"": ""ENTRY"", ""qty"": 128.09697943842247, ""price"": 1824.7171850000002, ""fee"": 0.0, ""gross_pnl"": 0.0}, {""time_ms"": 1690905900000, ""role"": ""STOP"", ""qty"": 128.09697943842247, ""price"": 1840.221057734349, ""fee"": 0.0, ""gross_pnl"": -1985.999266867792}]",0.9515204150527574,-1.1603508890787728
BTCUSDT,SHORT,1691424000000,1691431200000,28838.773400000002,20.14703035190161,3491.479514488191,1691409600000,174573.97572440957,2.0,-3783.73307574614,0.0,0.0,-3783.73307574614,-1.0837047904893091,1,False,STOP,"[{""time_ms"": 1691424000000, ""role"": ""ENTRY"", ""qty"": 20.14703035190161, ""price"": 28838.773400000002, ""fee"": 0.0, ""gross_pnl"": 0.0}, {""time_ms"": 1691431200000, ""role"": ""STOP"", ""qty"": 20.14703035190161, ""price"": 29026.579394712717, ""fee"": 0.0, ""gross_pnl"": -3783.73307574614}]",0.9029050080299291,-1.1605692366116476
ETHUSDT,SHORT,1691424000000,1691432100000,1816.5112900000001,159.70741185549508,1947.8976731756027,1691409600000,174283.32257633485,2.0,-2093.9267803782377,0.0,0.0,-2093.9267803782377,-1.074967545376533,1,False,STOP,"[{""time_ms"": 1691424000000, ""role"": ""ENTRY"", ""qty"": 159.70741185549508, ""price"": 1816.5112900000001, ""fee"": 0.0, ""gross_pnl"": 0.0}, {""time_ms"": 1691432100000, ""role"": ""STOP"", ""qty"": 159.70741185549508, ""price"": 1829.6223081803764, ""fee"": 0.0, ""gross_pnl"": -2093.9267803782377}]",1.3537545778760307,-1.0895364321362275
ADAUSDT,SHORT,1691438400000,1691473500000,0.2888555,796071.2049741002,3373.926317365704,1691424000000,168696.3158682852,2.0,-3490.588053498549,0.0,15.00388118541211,-3475.584172313137,-1.0301304312498458,3,False,STOP,"[{""time_ms"": 1691438400000, ""role"": ""ENTRY"", ""qty"": 796071.2049741002, ""price"": 0.2888555, ""fee"": 0.0, ""gross_pnl"": 0.0}, {""time_ms"": 1691473500000, ""role"": ""STOP"", ""qty"": 796071.2049741002, ""price"": 0.2932402686383935, ""fee"": 0.0, ""gross_pnl"": -3490.588053498549}]",0.10747431916320563,-1.0014813341124764
SOLUSDT,LONG,1691553600000,1691812800000,24.308148,4686.820143240854,3304.414633919441,1691539200000,165220.73169597203,2.0,677.8055857054254,0.0,-82.77571754326993,595.0298681621555,0.18007118781470144,18,False,BB_MID,"[{""time_ms"": 1691553600000, ""role"": ""ENTRY"", ""qty"": 4686.820143240854, ""price"": 24.308148, ""fee"": 0.0, ""gross_pnl"": 0.0}, {""time_ms"": 1691812800000, ""role"": ""BB_MID"", ""qty"": 4686.820143240854, ""price"": 24.4527675, ""fee"": 0.0, ""gross_pnl"": 677.8055857054254}]",0.9671055367886888,-0.3065737543716264
ETHUSDT,SHORT,1691971200000,1691990100000,1839.169955,355.5051847262061,3316.3152312826837,1691956800000,165815.76156413418,2.0,-3644.890616195898,0.0,0.0,-3644.890616195898,-1.099078453644507,2,False,STOP,"[{""time_ms"": 1691971200000, ""role"": ""ENTRY"", ""qty"": 355.5051847262061, ""price"": 1839.169955, ""fee"": 0.0, ""gross_pnl"": 0.0}, {""time_ms"": 1691990100000, ""role"": ""STOP"", ""qty"": 355.5051847262061, ""price"": 1849.422662338159, ""fee"": 0.0, ""gross_pnl"": -3644.890616195898}]",0.5241975609494429,-1.0237538578488548
LTCUSDT,SHORT,1691971200000,1692027000000,81.82906500000001,2117.607828213844,1632.0679163040174,1691956800000,165488.68079645283,2.0,-1719.524884571861,0.0,17.404618740089585,-1702.1202658317716,-1.0429224475451946,4,False,STOP,"[{""time_ms"": 1691971200000, ""role"": ""ENTRY"", ""qty"": 2117.607828213844, ""price"": 81.82906500000001, ""fee"": 0.0, ""gross_pnl"": 0.0}, {""time_ms"": 1692027000000, ""role"": ""STOP"", ""qty"": 2117.607828213844, ""price"": 82.64107790515736, ""fee"": 0.0, ""gross_pnl"": -1719.524884571861}]",0.5048117676069691,-1.0262380204135464
BNBUSDT,SHORT,1692100800000,1692126300000,238.49069500000002,2531.724641465874,3209.37501364213,1692086400000,160468.7506821065,2.0,2909.083316503064,0.0,0.0,2909.083316503064,0.9064329672093127,2,True,BE_AFTER_TP,"[{""time_ms"": 1692100800000, ""role"": ""ENTRY"", ""qty"": 2531.724641465874, ""price"": 238.49069500000002, ""fee"": 0.0, ""gross_pnl"": 0.0}, {""time_ms"": 1692126300000, ""role"": ""TP2R"", ""qty"": 1265.862320732937, ""price"": 236.07334561001718, ""fee"": 0.0, ""gross_pnl"": 3060.0315088260168}, {""time_ms"": 1692126300000, ""role"": ""BE_AFTER_TP"", ""qty"": 1265.862320732937, ""price"": 238.60994034750001, ""fee"": 0.0, ""gross_pnl"": -150.9481923229529}]",4.954544180546366,-0.9066325302251874
ETHUSDT,SHORT,1692129600000,1692251400000,1825.94657,137.3212194436382,1412.669370069949,1692115200000,163095.46593857883,2.0,2997.578571180341,0.0,79.49033436338452,3077.0689055437256,2.1781946793334686,9,True,STOP,"[{""time_ms"": 1692129600000, ""role"": ""ENTRY"", ""qty"": 137.3212194436382, ""price"": 1825.94657, ""fee"": 0.0, ""gross_pnl"": 0.0}, {""time_ms"": 1692217500000, ""role"": ""TP2R"", ""qty"": 68.6606097218191, ""price"": 1806.2745861970668, ""fee"": 0.0, ""gross_pnl"": 1350.6904023471468}, {""time_ms"": 1692251400000, ""role"": ""STOP"", ""qty"": 68.6606097218191, ""price"": 1801.9606459672013, ""fee"": 0.0, ""gross_pnl"": 1646.8881688331942}]",4.952358469076364,-0.533999336653637
BTCUSDT,SHORT,1692129600000,1692316800000,29157.813800000004,19.358575916330697,3267.5566799721914,1692115200000,163377.83399860957,2.0,27663.22276629661,0.0,277.61457548181465,27940.837341778424,8.550987810872867,14,True,STOP,"[{""time_ms"": 1692129600000, ""role"": ""ENTRY"", ""qty"": 19.358575916330697, ""price"": 29157.813800000004, ""fee"": 0.0, ""gross_pnl"": 0.0}, {""time_ms"": 1692218400000, ""role"": ""TP2R"", ""qty"": 9.679287958165348, ""price"": 28834.641575572794, ""fee"": 0.0, ""gross_pnl"": 3128.077020311799}, {""time_ms"": 1692316800000, ""role"": ""STOP"", ""qty"": 9.679287958165348, ""price"": 26623.004849999998, ""fee"": 0.0, ""gross_pnl"": 24535.14574598481}]",27.115244226754797,-0.5899965025045131
LINKUSDT,SHORT,1693296000000,1693318800000,5.883057000000001,45894.06179120275,3887.9148049186347,1693281600000,194395.74024593172,2.0,-4024.857453060666,0.0,0.0,-4024.857453060666,-1.0352226463318548,2,False,STOP,"[{""time_ms"": 1693296000000, ""role"": ""ENTRY"", ""qty"": 45894.06179120275, ""price"": 5.883057000000001, ""fee"": 0.0, ""gross_pnl"": 0.0}, {""time_ms"": 1693318800000, ""role"": ""STOP"", ""qty"": 45894.06179120275, ""price"": 5.970755872053905, ""fee"": 0.0, ""gross_pnl"": -4024.857453060666}]",0.5790829023420968,-2.5136402648639247
AVAXUSDT,SHORT,1693886400000,1693907400000,9.715140000000002,28396.747208838744,3807.4176558574213,1693872000000,190370.88279287107,2.0,-3947.260552024555,0.0,-10.868300121742568,-3958.128852146298,-1.0395835734115009,2,False,STOP,"[{""time_ms"": 1693886400000, ""role"": ""ENTRY"", ""qty"": 28396.747208838744, ""price"": 9.715140000000002, ""fee"": 0.0, ""gross_pnl"": 0.0}, {""time_ms"": 1693907400000, ""role"": ""STOP"", ""qty"": 28396.747208838744, ""price"": 9.854143968412128, ""fee"": 0.0, ""gross_pnl"": -3947.260552024555}]",0.0,-1.0281970416846369
ADAUSDT,SHORT,1694174400000,1694332800000,0.25337325,1176353.3568556532,3728.2550788144954,1694160000000,186412.75394072477,2.0,5978.079520500318,0.0,-182.47340017536268,5795.606120324956,1.5545090123414607,12,True,STOP,"[{""time_ms"": 1694174400000, ""role"": ""ENTRY"", ""qty"": 1176353.3568556532, ""price"": 0.25337325, ""fee"": 0.0, ""gross_pnl"": 0.0}, {""time_ms"": 1694319600000, ""role"": ""TP2R"", ""qty"": 588176.6784278266, ""price"": 0.2471581020314823, ""fee"": 0.0, ""gross_pnl"": 3655.6050880601874}, {""time_ms"": 1694332800000, ""role"": ""STOP"", ""qty"": 588176.6784278266, ""price"": 0.24942464999999997, ""fee"": 0.0, ""gross_pnl"": 2322.4744324401304}]",3.9040553462727363,-0.7341450934023028
SOLUSDT,SHORT,1694332800000,1694376900000,18.5057425,10916.980260298904,3845.6335256803154,1694318400000,192281.67628401576,2.0,3874.8005268396482,0.0,-47.58929655351378,3827.2112302861347,0.9952095551302118,4,True,STOP,"[{""time_ms"": 1694332800000, ""role"": ""ENTRY"", ""qty"": 10916.980260298904, ""price"": 18.5057425, ""fee"": 0.0, ""gross_pnl"": 0.0}, {""time_ms"": 1694358000000, ""role"": ""TP2R"", ""qty"": 5458.490130149452, ""price"": 17.81011980113739, ""fee"": 0.0, ""gross_pnl"": 3797.0496360494844}, {""time_ms"": 1694376900000, ""role"": ""STOP"", ""qty"": 5458.490130149452, ""price"": 18.491498471168526, ""fee"": 0.0, ""gross_pnl"": 77.75089079016396}]",2.1936605665776856,-0.1540261318499831
XRPUSDT,SHORT,1694361600000,1694385000000,0.49585195,450623.0784919723,2121.7174916699614,1694347200000,200191.128244759,2.0,-2234.4995165084083,0.0,0.0,-2234.4995165084083,-1.053156004643049,2,False,STOP,"[{""time_ms"": 1694361600000, ""role"": ""ENTRY"", ""qty"": 450623.0784919723, ""price"": 0.49585195, ""fee"": 0.0, ""gross_pnl"": 0.0}, {""time_ms"": 1694385000000, ""role"": ""STOP"", ""qty"": 450623.0784919723, ""price"": 0.5008106385873361, ""fee"": 0.0, ""gross_pnl"": -2234.4995165084083}]",0.7119072326459002,-1.0933737165001702
LTCUSDT,SHORT,1694347200000,1694436900000,61.13941500000001,2597.7612625605466,1985.6474467975613,1694332800000,195218.6100240139,2.0,3103.4011468823505,0.0,0.0665796388718558,3103.467726521222,1.5629500249535606,7,True,STOP,"[{""time_ms"": 1694347200000, ""role"": ""ENTRY"", ""qty"": 2597.7612625605466, ""price"": 61.13941500000001, ""fee"": 0.0, ""gross_pnl"": 0.0}, {""time_ms"": 1694427600000, ""role"": ""TP2R"", ""qty"": 1298.8806312802733, ""price"": 59.64048290211641, ""fee"": 0.0, ""gross_pnl"": 1946.93386954531}, {""time_ms"": 1694436900000, ""role"": ""STOP"", ""qty"": 1298.8806312802733, ""price"": 60.249058142343934, ""fee"": 0.0, ""gross_pnl"": 1156.4672773370405}]",3.7278016900215776,-0.6810652863130994
XRPUSDT,SHORT,1694419200000,1694435400000,0.48505735000000005,639660.1710078575,3909.8320903653353,1694404800000,195491.60451826674,2.0,7890.958149359092,0.0,0.0,7890.958149359092,2.018234534624672,2,True,STOP,"[{""time_ms"": 1694419200000, ""role"": ""ENTRY"", ""qty"": 639660.1710078575, ""price"": 0.48505735000000005, ""fee"": 0.0, ""gross_pnl"": 0.0}, {""time_ms"": 1694427600000, ""role"": ""TP2R"", ""qty"": 319830.08550392877, ""price"": 0.47306904992026594, ""fee"": 0.0, ""gross_pnl"": 3834.2190395481184}, {""time_ms"": 1694435400000, ""role"": ""STOP"", ""qty"": 319830.08550392877, ""price"": 0.4723733052722531, ""fee"": 0.0, ""gross_pnl"": 4056.7391098109733}]",4.639346890376254,-0.03969826245927736
DOGEUSDT,SHORT,1694332800000,1694487600000,0.062078945,2441866.6294326875,1977.463428482679,1694318400000,192180.61233925604,2.0,3116.896725432367,0.0,-21.116131892293417,3095.780593540074,1.5655311491224326,11,True,STOP,"[{""time_ms"": 1694332800000, ""role"": ""ENTRY"", ""qty"": 2441866.6294326875, ""price"": 0.062078945, ""fee"": 0.0, ""gross_pnl"": 0.0}, {""time_ms"": 1694364300000, ""role"": ""TP2R"", ""qty"": 1220933.3147163438, ""price"": 0.06048954203199163, ""fee"": 0.0, ""gross_pnl"": 1940.5550341504559}, {""time_ms"": 1694487600000, ""role"": ""STOP"", ""qty"": 1220933.3147163438, ""price"": 0.06111546757080461, ""fee"": 0.0, ""gross_pnl"": 1176.3416912819112}]",3.6785440790664325,-0.03834820259366653
AVAXUSDT,SHORT,1695600000000,1695624300000,8.769613,37294.330870417754,4157.825564884958,1695585600000,207891.2782442479,2.0,-2887.575100904875,0.0,0.0,-2887.575100904875,-0.6944916413261725,2,False,STOP,"[{""time_ms"": 1695600000000, ""role"": ""ENTRY"", ""qty"": 37294.330870417754, ""price"": 8.769613, ""fee"": 0.0, ""gross_pnl"": 0.0}, {""time_ms"": 1695624300000, ""role"": ""STOP"", ""qty"": 37294.330870417754, ""price"": 8.847039649936098, ""fee"": 0.0, ""gross_pnl"": -2887.575100904875}]",1.467554918184857,-0.6672269789015344
ETHUSDT,SHORT,1695614400000,1695655200000,1576.2115000000001,318.37309849116156,4148.297609234182,1695600000000,207653.07935297853,1.9999999999999998,-4401.283427604985,0.0,21.662409826834242,-4379.621017778151,-1.0557634553579374,3,False,STOP,"[{""time_ms"": 1695614400000, ""role"": ""ENTRY"", ""qty"": 318.37309849116156, ""price"": 1576.2115000000001, ""fee"": 0.0, ""gross_pnl"": 0.0}, {""time_ms"": 1695655200000, ""role"": ""STOP"", ""qty"": 318.37309849116156, ""price"": 1590.0357943529577, ""fee"": 0.0, ""gross_pnl"": -4401.283427604985}]",1.0139547802339384,-1.0175619311759805
XRPUSDT,SHORT,1695628800000,1695658500000,0.495752,617303.0273194328,3997.8485930986462,1695614400000,203653.6550583207,2.0000000000000004,-4152.862122594964,0.0,11.841080552567577,-4141.021042042396,-1.035812373983073,3,False,STOP,"[{""time_ms"": 1695628800000, ""role"": ""ENTRY"", ""qty"": 617303.0273194328, ""price"": 0.495752, ""fee"": 0.0, ""gross_pnl"": 0.0}, {""time_ms"": 1695658500000, ""role"": ""STOP"", ""qty"": 617303.0273194328, ""price"": 0.5024794287324141, ""fee"": 0.0, ""gross_pnl"": -4152.862122594964}]",0.4403739143483852,-1.0728323832021605
SOLUSDT,SHORT,1695744000000,1695814200000,19.1474215,15282.03001195875,3929.661221670449,1695729600000,196483.06108352245,2.0,-2772.5528354058247,0.0,32.19865511865058,-2740.354180287174,-0.6973512538880602,5,False,STOP,"[{""time_ms"": 1695744000000, ""role"": ""ENTRY"", ""qty"": 15282.03001195875, ""price"": 19.1474215, ""fee"": 0.0, ""gross_pnl"": 0.0}, {""time_ms"": 1695814200000, ""role"": ""STOP"", ""qty"": 15282.03001195875, ""price"": 19.328847189730762, ""fee"": 0.0, ""gross_pnl"": -2772.5528354058247}]",1.304418152228716,-1.2700286759424404
DOGEUSDT,SHORT,1696838400000,1696852800000,0.06024986,4173777.8278842093,1937.4270690323526,1696824000000,193742.70690323526,1.0,5111.3018334066865,0.0,0.0,5111.3018334066865,2.6381905750700203,2,True,STOP,"[{""time_ms"": 1696838400000, ""role"": ""ENTRY"", ""qty"": 4173777.8278842093, ""price"": 0.06024986, ""fee"": 0.0, ""gross_pnl"": 0.0}, {""time_ms"": 1696844700000, ""role"": ""TP2R"", ""qty"": 2086888.9139421047, ""price"": 0.059351140193887396, ""fee"": 0.0, ""gross_pnl"": 1875.5284001165962}, {""time_ms"": 1696852800000, ""role"": ""STOP"", ""qty"": 2086888.9139421047, ""price"": 0.058699335, ""fee"": 0.0, ""gross_pnl"": 3235.77343329009}]",8.336796839058865,-0.1726447206571224
BNBUSDT,SHORT,1696852800000,1696874400000,206.99645,1111.7064584572,1988.2282013959834,1696838400000,198822.82013959836,1.0,1874.162670325342,0.0,0.0,1874.162670325342,0.9426295578190909,2,True,STOP,"[{""time_ms"": 1696852800000, ""role"": ""ENTRY"", ""qty"": 1111.7064584572, ""price"": 206.99645, ""fee"": 0.0, ""gross_pnl"": 0.0}, {""time_ms"": 1696869600000, ""role"": ""TP2R"", ""qty"": 555.8532292286, ""price"": 203.52126556041014, ""fee"": 0.0, ""gross_pnl"": 1931.69249291101}, {""time_ms"": 1696874400000, ""role"": ""STOP"", ""qty"": 555.8532292286, ""price"": 207.099948225, ""fee"": 0.0, ""gross_pnl"": -57.52982258566788}]",3.112448767869884,-0.723281104416285
ETHUSDT,SHORT,1696852800000,1696881600000,1588.96512,116.25337577256325,1989.1522762293243,1696838400000,198915.22762293243,1.0,2315.681450967004,0.0,7.253621708606283,2322.93507267561,1.1678015305489888,3,True,STOP,"[{""time_ms"": 1696852800000, ""role"": ""ENTRY"", ""qty"": 116.25337577256325, ""price"": 1588.96512, ""fee"": 0.0, ""gross_pnl"": 0.0}, {""time_ms"": 1696869600000, ""role"": ""TP2R"", ""qty"": 58.12668788628162, ""price"": 1555.5215111645134, ""fee"": 0.0, ""gross_pnl"": 1943.9662125712234}, {""time_ms"": 1696881600000, ""role"": ""STOP"", ""qty"": 58.12668788628162, ""price"": 1582.5702048257, ""fee"": 0.0, ""gross_pnl"": 371.71523839578043}]",2.610393905653916,-0.46725019497169695
DOGEUSDT,SHORT,1696867200000,1696881900000,0.058730620000000004,2846933.7866320685,1993.1173714653708,1696852800000,199311.73714653708,1.0,-729.3091285522385,0.0,0.0,-729.3091285522385,-0.3659137886174958,2,False,STOP,"[{""time_ms"": 1696867200000, ""role"": ""ENTRY"", ""qty"": 2846933.7866320685, ""price"": 0.058730620000000004, ""fee"": 0.0, ""gross_pnl"": 0.0}, {""time_ms"": 1696881900000, ""role"": ""STOP"", ""qty"": 2846933.7866320685, ""price"": 0.05898679354782776, ""fee"": 0.0, ""gross_pnl"": -729.3091285522385}]",1.8434989009210674,-0.34192618036484645
BNBUSDT,SHORT,1696881600000,1696916400000,205.95697,958.891988452905,2026.7237024514031,1696867200000,202672.3702451403,1.0,-2126.4823085521425,0.0,0.0,-2126.4823085521425,-1.0492216112043675,3,False,STOP,"[{""time_ms"": 1696881600000, ""role"": ""ENTRY"", ""qty"": 958.891988452905, ""price"": 205.95697, ""fee"": 0.0, ""gross_pnl"": 0.0}, {""time_ms"": 1696916400000, ""role"": ""STOP"", ""qty"": 958.891988452905, ""price"": 208.17461529702982, ""fee"": 0.0, ""gross_pnl"": -2126.4823085521425}]",0.5757779325203881,-1.2031689817639803
XRPUSDT,SHORT,1697702400000,1697727000000,0.47936020000000007,348483.78800861223,2001.9531504253855,1697688000000,200195.31504253854,1.0,-2086.4787561588655,0.0,0.0,-2086.4787561588655,-1.042221570327717,2,False,STOP,"[{""time_ms"": 1697702400000, ""role"": ""ENTRY"", ""qty"": 348483.78800861223, ""price"": 0.47936020000000007, ""fee"": 0.0, ""gross_pnl"": 0.0}, {""time_ms"": 1697727000000, ""role"": ""STOP"", ""qty"": 348483.78800861223, ""price"": 0.4853475050855018, ""fee"": 0.0, ""gross_pnl"": -2086.4787561588655}]",0.2541797879446272,-1.0513594598191063
BTCUSDT,LONG,1698926400000,1698932400000,35395.288799999995,5.418597184139972,3962.1767257275933,1698912000000,198108.83628637966,2.0,-4056.092043476496,0.0,0.0,-4056.092043476496,-1.0237029603296297,1,False,STOP,"[{""time_ms"": 1698926400000, ""role"": ""ENTRY"", ""qty"": 5.418597184139972, ""price"": 35395.288799999995, ""fee"": 0.0, ""gross_pnl"": 0.0}, {""time_ms"": 1698932400000, ""role"": ""STOP"", ""qty"": 5.418597184139972, ""price"": 34646.738593066635, ""fee"": 0.0, ""gross_pnl"": -4056.092043476496}]",0.09943844781509983,-1.163385748628595
BTCUSDT,LONG,1699502400000,1699547700000,36473.72775,5.091188507191254,3881.0548848580634,1699488000000,194052.74424290317,2.0,-3971.9616691832575,0.0,-56.47061836288284,-4028.4322875461403,-1.0379735425188317,4,False,STOP,"[{""time_ms"": 1699502400000, ""role"": ""ENTRY"", ""qty"": 5.091188507191254, ""price"": 36473.72775, ""fee"": 0.0, ""gross_pnl"": 0.0}, {""time_ms"": 1699547700000, ""role"": ""STOP"", ""qty"": 5.091188507191254, ""price"": 35693.56381311711, ""fee"": 0.0, ""gross_pnl"": -3971.9616691832575}]",2.6579435691662785,-1.5344551040948422
BCHUSDT,SHORT,1700611200000,1700678100000,215.961965,325.4091666357115,1900.24311955357,1700596800000,190024.31195535703,1.0,-1936.3312426411808,0.0,-31.86801821112214,-1968.1992608523028,-1.0357618141591787,5,False,STOP,"[{""time_ms"": 1700611200000, ""role"": ""ENTRY"", ""qty"": 325.4091666357115, ""price"": 215.961965, ""fee"": 0.0, ""gross_pnl"": 0.0}, {""time_ms"": 1700678100000, ""role"": ""STOP"", ""qty"": 325.4091666357115, ""price"": 221.91241582060906, ""fee"": 0.0, ""gross_pnl"": -1936.3312426411808}]",0.15617042240397613,-1.008302854911554
BCHUSDT,SHORT,1701086400000,1701086400000,222.26881,580.9095883946775,1880.5611269450476,1701072000000,188056.11269450476,1.0,-1946.0604489735515,0.0,0.0,-1946.0604489735515,-1.0348296692354302,1,False,STOP,"[{""time_ms"": 1701086400000, ""role"": ""ENTRY"", ""qty"": 580.9095883946775, ""price"": 222.26881, ""fee"": 0.0, ""gross_pnl"": 0.0}, {""time_ms"": 1701086400000, ""role"": ""STOP"", ""qty"": 580.9095883946775, ""price"": 225.6188329430735, ""fee"": 0.0, ""gross_pnl"": -1946.0604489735515}]",0.042878723169217814,-1.6344605665710175
BCHUSDT,SHORT,1701115200000,1701154200000,220.839525,507.50087786975894,1861.100522455312,1701100800000,186110.0522455312,1.0,-1918.0691991194608,0.0,11.323071676707038,-1906.7461274427537,-1.0245261362493319,3,False,STOP,"[{""time_ms"": 1701115200000, ""role"": ""ENTRY"", ""qty"": 507.50087786975894, ""price"": 220.839525, ""fee"": 0.0, ""gross_pnl"": 0.0}, {""time_ms"": 1701154200000, ""role"": ""STOP"", ""qty"": 507.50087786975894, ""price"": 224.61896516012462, ""fee"": 0.0, ""gross_pnl"": -1918.0691991194608}]",0.3925420429476067,-1.0499805997246856
XRPUSDT,SHORT,1705608000000,1705694100000,0.54642665,426381.77633197454,3800.8957033531574,1705593600000,190044.78516765786,2.0,3686.3029683737677,0.0,69.8448773429752,3756.1478457167427,0.9882270230154071,6,True,STOP,"[{""time_ms"": 1705608000000, ""role"": ""ENTRY"", ""qty"": 426381.77633197454, ""price"": 0.54642665, ""fee"": 0.0, ""gross_pnl"": 0.0}, {""time_ms"": 1705681800000, ""role"": ""TP2R"", ""qty"": 213190.88816598727, ""price"": 0.5288623460468506, ""fee"": 0.0, ""gross_pnl"": 3744.5495597892927}, {""time_ms"": 1705694100000, ""role"": ""STOP"", ""qty"": 213190.88816598727, ""price"": 0.546699863325, ""fee"": 0.0, ""gross_pnl"": -58.24659141552523}]",2.796253866063506,-0.838355087023145
BTCUSDT,SHORT,1705636800000,1705690200000,41029.275100000006,2.9602269746484016,1958.973386995628,1705622400000,190047.55378824176,2.0,-2020.6808571397619,0.0,24.326878857232845,-1996.353978282529,-1.0190817249152269,4,False,STOP,"[{""time_ms"": 1705636800000, ""role"": ""ENTRY"", ""qty"": 2.9602269746484016, ""price"": 41029.275100000006, ""fee"": 0.0, ""gross_pnl"": 0.0}, {""time_ms"": 1705690200000, ""role"": ""STOP"", ""qty"": 2.9602269746484016, ""price"": 41711.88520876701, ""fee"": 0.0, ""gross_pnl"": -2020.6808571397619}]",1.1020159014361572,-1.4487401049381416
ADAUSDT,SHORT,1705579200000,1705694400000,0.51704135,328295.2039533541,3684.066122361769,1705564800000,184203.30611808845,2.0,6761.03772972224,0.0,49.7902731069784,6810.828002829218,1.848725776524053,9,True,STOP,"[{""time_ms"": 1705579200000, ""role"": ""ENTRY"", ""qty"": 328295.2039533541, ""price"": 0.51704135, ""fee"": 0.0, ""gross_pnl"": 0.0}, {""time_ms"": 1705627500000, ""role"": ""TP2R"", ""qty"": 164147.60197667705, ""price"": 0.49484503057354867, ""fee"": 0.0, ""gross_pnl"": 3643.47260656031}, {""time_ms"": 1705694400000, ""role"": ""STOP"", ""qty"": 164147.60197667705, ""price"": 0.4980489, ""fee"": 0.0, ""gross_pnl"": 3117.56512316193}]",4.102845575108131,-0.5755444524035933
AVAXUSDT,SHORT,1705924800000,1706031000000,31.180402000000004,4759.927695334455,3850.3013648548,1705910400000,192644.49811554592,2.0,8032.345240670788,0.0,35.49825141828971,8067.843492089078,2.095379745006876,8,True,STOP,"[{""time_ms"": 1705924800000, ""role"": ""ENTRY"", ""qty"": 4759.927695334455, ""price"": 31.180402000000004, ""fee"": 0.0, ""gross_pnl"": 0.0}, {""time_ms"": 1705952400000, ""role"": ""TP2R"", ""qty"": 2379.9638476672276, ""price"": 29.577385044713544, ""fee"": 0.0, ""gross_pnl"": 3815.122400779367}, {""time_ms"": 1706031000000, ""role"": ""STOP"", ""qty"": 2379.9638476672276, ""price"": 29.40843271398542, ""fee"": 0.0, ""gross_pnl"": 4217.222839891421}]",4.914583116171638,-0.5780671328221898
XRPUSDT,SHORT,1705924800000,1706050200000,0.5309344,487311.2680948187,3855.478559767038,1705910400000,192773.9279883519,2.0,7262.111782678638,0.0,89.36508130400868,7351.476863982646,1.9067611841231065,9,True,STOP,"[{""time_ms"": 1705924800000, ""role"": ""ENTRY"", ""qty"": 487311.2680948187, ""price"": 0.5309344, ""fee"": 0.0, ""gross_pnl"": 0.0}, {""time_ms"": 1705997700000, ""role"": ""TP2R"", ""qty"": 243655.63404740934, ""price"": 0.5153684815883857, ""fee"": 0.0, ""gross_pnl"": 3792.723720112141}, {""time_ms"": 1706050200000, ""role"": ""STOP"", ""qty"": 243655.63404740934, ""price"": 0.5166955005953943, ""fee"": 0.0, ""gross_pnl"": 3469.388062566497}]",4.440794768363371,-0.6023456085236162
BTCUSDT,SHORT,1705953600000,1706052300000,39792.6937,4.024804931350331,2313.2750342789177,1705939200000,202347.6069118339,2.0,2234.352756878329,0.0,39.823710946819574,2274.1764678251484,0.9830981764492362,7,True,STOP,"[{""time_ms"": 1705953600000, ""role"": ""ENTRY"", ""qty"": 4.024804931350331, ""price"": 39792.6937, ""fee"": 0.0, ""gross_pnl"": 0.0}, {""time_ms"": 1706018700000, ""role"": ""TP2R"", ""qty"": 2.0124024656751653, ""price"": 38662.50614898538, ""fee"": 0.0, ""gross_pnl"": 2274.3922143371983}, {""time_ms"": 1706052300000, ""role"": ""STOP"", ""qty"": 2.0124024656751653, ""price"": 39812.590046850004, ""fee"": 0.0, ""gross_pnl"": -40.03945745886943}]",2.170828665922165,-0.9870409527580598
BCHUSDT,SHORT,1706040000000,1706048400000,223.957965,828.9780410035374,4279.763685568234,1706025600000,213988.18427841167,2.0000000000000004,-4374.731684957433,0.0,0.0,-4374.731684957433,-1.02219001009552,1,False,STOP,"[{""time_ms"": 1706040000000, ""role"": ""ENTRY"", ""qty"": 828.9780410035374, ""price"": 223.957965, ""fee"": 0.0, ""gross_pnl"": 0.0}, {""time_ms"": 1706048400000, ""role"": ""STOP"", ""qty"": 828.9780410035374, ""price"": 229.23522382782312, ""fee"": 0.0, ""gross_pnl"": -4374.731684957433}]",0.16812234932174788,-1.0986570306811694
XRPUSDT,SHORT,1706644800000,1706716800000,0.51404285,264935.1806921645,2060.926931272914,1706630400000,206092.6931272914,1.0,2741.73186661992,0.0,22.634964741755294,2764.366831361675,1.341322096098908,6,True,STOP,"[{""time_ms"": 1706644800000, ""role"": ""ENTRY"", ""qty"": 264935.1806921645, ""price"": 0.51404285, ""fee"": 0.0, ""gross_pnl"": 0.0}, {""time_ms"": 1706709900000, ""role"": ""TP2R"", ""qty"": 132467.59034608226, ""price"": 0.4987341214226672, ""fee"": 0.0, ""gross_pnl"": 2027.9103859014895}, {""time_ms"": 1706716800000, ""role"": ""STOP"", ""qty"": 132467.59034608226, ""price"": 0.5086542, ""fee"": 0.0, ""gross_pnl"": 713.8214807184302}]",3.8620524446936857,-0.29015994406456325
LTCUSDT,SHORT,1706745600000,1706816700000,66.68664,3960.0281293199832,4170.05100904776,1706731200000,208679.80520552053,2.0000000000000004,-3926.3833794297775,0.0,52.75549473880082,-3873.6278846909768,-0.928916187424654,5,False,STOP,"[{""time_ms"": 1706745600000, ""role"": ""ENTRY"", ""qty"": 3960.0281293199832, ""price"": 66.68664, ""fee"": 0.0, ""gross_pnl"": 0.0}, {""time_ms"": 1706816700000, ""role"": ""STOP"", ""qty"": 3960.0281293199832, ""price"": 67.67814391138863, ""fee"": 0.0, ""gross_pnl"": -3926.3833794297775}]",1.0034227671282545,-0.9813152546180851
BNBUSDT,SHORT,1706745600000,1706859600000,300.379735,1179.6143688322202,4177.141199173062,1706731200000,208857.0599586531,2.0,-3600.463895483892,0.0,0.0,-3600.463895483892,-0.8619445031440801,8,False,STOP,"[{""time_ms"": 1706745600000, ""role"": ""ENTRY"", ""qty"": 1179.6143688322202, ""price"": 300.379735, ""fee"": 0.0, ""gross_pnl"": 0.0}, {""time_ms"": 1706859600000, ""role"": ""STOP"", ""qty"": 1179.6143688322202, ""price"": 303.4319730793379, ""fee"": 0.0, ""gross_pnl"": -3600.463895483892}]",1.1266913205530416,-0.943282594921006
DOGEUSDT,SHORT,1707105600000,1707129000000,0.078150905,4144560.237803591,4027.6593635695644,1707091200000,201382.96817847822,2.0,-4191.623759956996,0.0,32.62471824567758,-4158.999041711319,-1.0326094305118576,2,False,STOP,"[{""time_ms"": 1707105600000, ""role"": ""ENTRY"", ""qty"": 4144560.237803591, ""price"": 0.078150905, ""fee"": 0.0, ""gross_pnl"": 0.0}, {""time_ms"": 1707129000000, ""role"": ""STOP"", ""qty"": 4144560.237803591, ""price"": 0.07916226049236905, ""fee"": 0.0, ""gross_pnl"": -4191.623759956996}]",0.23760690647431004,-1.0486737418134418
BTCUSDT,LONG,1707393600000,1708171200000,44700.23895,5.786697639870807,3944.4793827353374,1707379200000,197223.9691367669,2.0,40492.99077540187,0.0,-733.8505341400815,39759.14024126179,10.0796927511611,54,False,BB_MID,"[{""time_ms"": 1707393600000, ""role"": ""ENTRY"", ""qty"": 5.786697639870807, ""price"": 44700.23895, ""fee"": 0.0, ""gross_pnl"": 0.0}, {""time_ms"": 1708171200000, ""role"": ""BB_MID"", ""qty"": 5.786697639870807, ""price"": 51697.83815, ""fee"": 0.0, ""gross_pnl"": 40492.99077540187}]",11.969205243903458,-0.17580818704867635
SOLUSDT,LONG,1711425600000,1711548300000,191.88789599999998,531.2275463995276,4739.662187560572,1711411200000,236983.10937802863,2.0,-4788.260424554705,0.0,-119.56311468625684,-4907.823539240962,-1.0354796069900796,9,False,STOP,"[{""time_ms"": 1711425600000, ""role"": ""ENTRY"", ""qty"": 531.2275463995276, ""price"": 191.88789599999998, ""fee"": 0.0, ""gross_pnl"": 0.0}, {""time_ms"": 1711548300000, ""role"": ""STOP"", ""qty"": 531.2275463995276, ""price"": 182.87431894247004, ""fee"": 0.0, ""gross_pnl"": -4788.260424554705}]",0.5514517010959662,-1.0431290946539404
ETHUSDT,LONG,1711900800000,1711950300000,3622.85052,55.08004225065398,4641.505716775754,1711886400000,232075.28583878768,2.0000000000000004,-4738.958343772042,0.0,-122.41217178019485,-4861.370515552237,-1.047369283200886,4,False,STOP,"[{""time_ms"": 1711900800000, ""role"": ""ENTRY"", ""qty"": 55.08004225065398, ""price"": 3622.85052, ""fee"": 0.0, ""gross_pnl"": 0.0}, {""time_ms"": 1711950300000, ""role"": ""STOP"", ""qty"": 55.08004225065398, ""price"": 3536.8128528136467, ""fee"": 0.0, ""gross_pnl"": -4738.958343772042}]",0.4536634234899213,-1.1374435395534856
LINKUSDT,SHORT,1711972800000,1712040300000,18.360815000000002,6274.001286719361,2272.1391532323546,1711958400000,227213.91532323544,1.0000000000000002,2773.5478241476876,0.0,32.66866420580646,2806.2164883534942,1.2350548532035808,5,True,STOP,"[{""time_ms"": 1711972800000, ""role"": ""ENTRY"", ""qty"": 6274.001286719361, ""price"": 18.360815000000002, ""fee"": 0.0, ""gross_pnl"": 0.0}, {""time_ms"": 1712025300000, ""role"": ""TP2R"", ""qty"": 3137.0006433596805, ""price"": 17.64533019978926, ""fee"": 0.0, ""gross_pnl"": 2244.4762785751705}, {""time_ms"": 1712040300000, ""role"": ""STOP"", ""qty"": 3137.0006433596805, ""price"": 18.192159776198107, ""fee"": 0.0, ""gross_pnl"": 529.0715455725169}]",2.827034875141613,-0.6024688095337208
XRPUSDT,SHORT,1712937600000,1712952000000,0.5935031000000001,203713.96515625765,2300.201318115889,1712923200000,230020.13181158892,1.0,8060.156620446271,0.0,0.0,8060.156620446271,3.504109208601098,2,True,STOP,"[{""time_ms"": 1712937600000, ""role"": ""ENTRY"", ""qty"": 203713.96515625765, ""price"": 0.5935031000000001, ""fee"": 0.0, ""gross_pnl"": 0.0}, {""time_ms"": 1712942700000, ""role"": ""TP2R"", ""qty"": 101856.98257812882, ""price"": 0.5712059030496142, ""fee"": 0.0, ""gross_pnl"": 2271.1252013165636}, {""time_ms"": 1712952000000, ""role"": ""STOP"", ""qty"": 101856.98257812882, ""price"": 0.5366681999999999, ""fee"": 0.0, ""gross_pnl"": 5789.0314191297075}]",9.104606177910274,-0.3716923095516686
XRPUSDT,SHORT,1712966400000,1713052800000,0.54662655,266054.3769671412,4761.605768640704,1712952000000,238080.2884320352,2.0,13745.175757509463,0.0,31.27713652010302,13776.452894029566,2.893236769990375,7,True,STOP,"[{""time_ms"": 1712966400000, ""role"": ""ENTRY"", ""qty"": 266054.3769671412, ""price"": 0.54662655, ""fee"": 0.0, ""gross_pnl"": 0.0}, {""time_ms"": 1713037800000, ""role"": ""TP2R"", ""qty"": 133027.1884835706, ""price"": 0.5110877362517081, ""fee"": 0.0, ""gross_pnl"": 4727.62847497654}, {""time_ms"": 1713052800000, ""role"": ""STOP"", ""qty"": 133027.1884835706, ""price"": 0.4788393, ""fee"": 0.0, ""gross_pnl"": 9017.547282532923}]",7.63958606457694,-0.1437913320996203
DOGEUSDT,SHORT,1714003200000,1714240800000,0.15123434500000002,1044252.5532793169,5037.1348265212955,1713988800000,251856.74132606477,2.0,6031.76689170634,0.0,47.99128121063815,6079.758172916979,1.2069873811806882,17,True,STOP,"[{""time_ms"": 1714003200000, ""role"": ""ENTRY"", ""qty"": 1044252.5532793169, ""price"": 0.15123434500000002, ""fee"": 0.0, ""gross_pnl"": 0.0}, {""time_ms"": 1714180500000, ""role"": ""TP2R"", ""qty"": 522126.27663965843, ""price"": 0.1416577887052515, ""fee"": 0.0, ""gross_pnl"": 5000.171681207126}, {""time_ms"": 1714240800000, ""role"": ""STOP"", ""qty"": 522126.27663965843, ""price"": 0.14925858691875876, ""fee"": 0.0, ""gross_pnl"": 1031.5952104992136}]",2.0284005888863517,-0.639689669477117
XRPUSDT,SHORT,1714348800000,1714410000000,0.50964505,606304.6636755142,5158.729989979635,1714334400000,257936.49949898178,2.0,-3934.7680152453095,0.0,-3.9914369880019187,-3938.7594522333115,-0.7635133957163864,5,False,STOP,"[{""time_ms"": 1714348800000, ""role"": ""ENTRY"", ""qty"": 606304.6636755142, ""price"": 0.50964505, ""fee"": 0.0, ""gross_pnl"": 0.0}, {""time_ms"": 1714410000000, ""role"": ""STOP"", ""qty"": 606304.6636755142, ""price"": 0.5161348038333157, ""fee"": 0.0, ""gross_pnl"": -3934.7680152453095}]",1.3451347917953111,-0.8174140978149169
BCHUSDT,SHORT,1714363200000,1714429800000,459.1703,485.5802214698277,5236.883267432074,1714348800000,261844.1633716037,2.0,-4458.223675858495,0.0,-56.702773410164276,-4514.926449268659,-0.8621399826394394,5,False,STOP,"[{""time_ms"": 1714363200000, ""role"": ""ENTRY"", ""qty"": 485.5802214698277, ""price"": 459.1703, ""fee"": 0.0, ""gross_pnl"": 0.0}, {""time_ms"": 1714429800000, ""role"": ""STOP"", ""qty"": 485.5802214698277, ""price"": 468.35152995694443, ""fee"": 0.0, ""gross_pnl"": -4458.223675858495}]",1.165557593368933,-0.8558066966991432
LINKUSDT,SHORT,1714507200000,1714515900000,12.8745595,9579.573572082201,3172.9861069611306,1714492800000,266282.7430526286,2.0,-3236.2389949838,0.0,0.0,-3236.2389949838,-1.0199348140491067,1,False,STOP,"[{""time_ms"": 1714507200000, ""role"": ""ENTRY"", ""qty"": 9579.573572082201, ""price"": 12.8745595, ""fee"": 0.0, ""gross_pnl"": 0.0}, {""time_ms"": 1714515900000, ""role"": ""STOP"", ""qty"": 9579.573572082201, ""price"": 13.212386541113311, ""fee"": 0.0, ""gross_pnl"": -3236.2389949838}]",0.0,-1.0097104958024323
BTCUSDT,SHORT,1714478400000,1714589400000,61151.70885,5.034783573340373,4989.656271949597,1714464000000,249482.81359747984,2.0,10032.877747381925,0.0,72.98432126045005,10105.862068642375,2.025362373246952,8,True,STOP,"[{""time_ms"": 1714478400000, ""role"": ""ENTRY"", ""qty"": 5.034783573340373, ""price"": 61151.70885, ""fee"": 0.0, ""gross_pnl"": 0.0}, {""time_ms"": 1714506900000, ""role"": ""TP2R"", ""qty"": 2.5173917866701867, ""price"": 59199.21988053884, ""fee"": 0.0, ""gross_pnl"": 4915.1796952856685}, {""time_ms"": 1714589400000, ""role"": ""STOP"", ""qty"": 2.5173917866701867, ""price"": 59118.772189447234, ""fee"": 0.0, ""gross_pnl"": 5117.698052096257}]",4.65573873210916,-0.4282294158623746
SOLUSDT,SHORT,1714478400000,1714585800000,128.665635,1258.8543770809554,4983.4954791692135,1714464000000,249328.79377797025,2.0,5853.085486614845,0.0,15.563361043403274,5868.648847658248,1.177616970295034,8,True,STOP,"[{""time_ms"": 1714478400000, ""role"": ""ENTRY"", ""qty"": 1258.8543770809554, ""price"": 128.665635, ""fee"": 0.0, ""gross_pnl"": 0.0}, {""time_ms"": 1714547100000, ""role"": ""TP2R"", ""qty"": 629.4271885404777, ""price"": 120.80849998502465, ""fee"": 0.0, ""gross_pnl"": 4945.494402458882}, {""time_ms"": 1714585800000, ""role"": ""STOP"", ""qty"": 629.4271885404777, ""price"": 127.22370319171493, ""fee"": 0.0, ""gross_pnl"": 907.5910841559628}]",2.6272492769179907,-0.41461651230030083
ADAUSDT,SHORT,1715126400000,1715178600000,0.4409794,568349.5099541307,5244.421710375935,1715112000000,262221.0855187967,2.0,-5372.359134176043,0.0,-5.193840984038751,-5377.552975160082,-1.0253853088360059,4,False,STOP,"[{""time_ms"": 1715126400000, ""role"": ""ENTRY"", ""qty"": 568349.5099541307, ""price"": 0.4409794, ""fee"": 0.0, ""gross_pnl"": 0.0}, {""time_ms"": 1715178600000, ""role"": ""STOP"", ""qty"": 568349.5099541307, ""price"": 0.45043196227037063, ""fee"": 0.0, ""gross_pnl"": -5372.359134176043}]",0.5613029642586489,-1.2376755287508834
AVAXUSDT,SHORT,1715140800000,1715294700000,35.267357499999996,5314.685053532267,5175.751449185236,1715126400000,260504.32898902925,2.0000000000000004,-143.21820035885833,0.0,56.89000410667426,-86.32819625218406,-0.016679355084907293,11,False,STOP,"[{""time_ms"": 1715140800000, ""role"": ""ENTRY"", ""qty"": 5314.685053532267, ""price"": 35.267357499999996, ""fee"": 0.0, ""gross_pnl"": 0.0}, {""time_ms"": 1715294700000, ""role"": ""STOP"", ""qty"": 5314.685053532267, ""price"": 35.29430513639167, ""fee"": 0.0, ""gross_pnl"": -143.21820035885833}]",1.6967120223140408,-0.13414935955153515
ETHUSDT,SHORT,1715371200000,1715530500000,2899.019765,96.56572408178351,5135.144086947688,1715356800000,256757.20434738442,2.0,-5277.684630358467,0.0,124.89539995112003,-5152.789230407347,-1.0034361535257614,12,False,STOP,"[{""time_ms"": 1715371200000, ""role"": ""ENTRY"", ""qty"": 96.56572408178351, ""price"": 2899.019765, ""fee"": 0.0, ""gross_pnl"": 0.0}, {""time_ms"": 1715530500000, ""role"": ""STOP"", ""qty"": 96.56572408178351, ""price"": 2953.673573901062, ""fee"": 0.0, ""gross_pnl"": -5277.684630358467}]",0.2711618261800009,-1.022237227456476
LINKUSDT,SHORT,1715385600000,1715587200000,13.545224000000001,17775.678298357605,5098.024986070854,1715371200000,255829.22682546356,2.0,-640.1070985986879,0.0,65.30514792591852,-574.8019506727694,-0.1127499281080967,15,False,STOP,"[{""time_ms"": 1715385600000, ""role"": ""ENTRY"", ""qty"": 17775.678298357605, ""price"": 13.545224000000001, ""fee"": 0.0, ""gross_pnl"": 0.0}, {""time_ms"": 1715587200000, ""role"": ""STOP"", ""qty"": 17775.678298357605, ""price"": 13.581234276955668, ""fee"": 0.0, ""gross_pnl"": -640.1070985986879}]",1.6779209668098654,-0.9057810854695453
BNBUSDT,SHORT,1715702400000,1715779200000,568.265725,599.8056843515976,5020.592263326087,1715688000000,251029.61316630433,2.0000000000000004,-4739.246020758046,0.0,-580.6224084064818,-5319.868429164528,-1.0596097333026948,6,False,STOP,"[{""time_ms"": 1715702400000, ""role"": ""ENTRY"", ""qty"": 599.8056843515976, ""price"": 568.265725, ""fee"": 0.0, ""gross_pnl"": 0.0}, {""time_ms"": 1715779200000, ""role"": ""STOP"", ""qty"": 599.8056843515976, ""price"": 576.167027279056, ""fee"": 0.0, ""gross_pnl"": -4739.246020758046}]",0.9277642464886146,-1.047060125280515
LINKUSDT,SHORT,1715716800000,1715776200000,13.066463500000001,18280.18130156674,5027.378764741682,1715702400000,251368.9382370841,2.0,-5149.321114999211,0.0,-43.98042803296377,-5193.301543032175,-1.0330038348123185,5,False,STOP,"[{""time_ms"": 1715716800000, ""role"": ""ENTRY"", ""qty"": 18280.18130156674, ""price"": 13.066463500000001, ""fee"": 0.0, ""gross_pnl"": 0.0}, {""time_ms"": 1715776200000, ""role"": ""STOP"", ""qty"": 18280.18130156674, ""price"": 13.348152233281759, ""fee"": 0.0, ""gross_pnl"": -5149.321114999211}]",0.8452665145899614,-1.1218775075604686
BCHUSDT,SHORT,1716883200000,1716889500000,462.66855,238.25095824468093,2405.164431941076,1716868800000,240516.44319410762,1.0,-2461.4826268506404,0.0,0.0,-2461.4826268506404,-1.0234155279205226,1,False,STOP,"[{""time_ms"": 1716883200000, ""role"": ""ENTRY"", ""qty"": 238.25095824468093, ""price"": 462.66855, ""fee"": 0.0, ""gross_pnl"": 0.0}, {""time_ms"": 1716889500000, ""role"": ""STOP"", ""qty"": 238.25095824468093, ""price"": 473.00001999695473, ""fee"": 0.0, ""gross_pnl"": -2461.4826268506404}]",0.09891444060779561,-1.0620461962390333
ADAUSDT,SHORT,1717056000000,1717068300000,0.44567705,325488.08002776216,2380.54960567257,1717041600000,238054.960567257,1.0000000000000002,-2454.2711641338724,0.0,0.0,-2454.2711641338724,-1.0309682933242108,1,False,STOP,"[{""time_ms"": 1717056000000, ""role"": ""ENTRY"", ""qty"": 325488.08002776216, ""price"": 0.44567705, ""fee"": 0.0, ""gross_pnl"": 0.0}, {""time_ms"": 1717068300000, ""role"": ""STOP"", ""qty"": 325488.08002776216, ""price"": 0.45321732970524925, ""fee"": 0.0, ""gross_pnl"": -2454.2711641338724}]",0.33868239784274207,-1.001253210586169
BCHUSDT,SHORT,1717200000000,1717277700000,454.342715,275.1447211432743,2356.006894031231,1717185600000,235600.6894031231,1.0000000000000002,-2419.689897289307,0.0,25.29928196440293,-2394.390615324904,-1.01629185440455,6,False,STOP,"[{""time_ms"": 1717200000000, ""role"": ""ENTRY"", ""qty"": 275.1447211432743, ""price"": 454.342715, ""fee"": 0.0, ""gross_pnl"": 0.0}, {""time_ms"": 1717277700000, ""role"": ""STOP"", ""qty"": 275.1447211432743, ""price"": 463.1369593061785, ""fee"": 0.0, ""gross_pnl"": -2419.689897289307}]",0.03418452944831762,-1.0227137897607719
SOLUSDT,LONG,1717603200000,1717700400000,175.005459,1104.839364230535,4664.125975755965,1717588800000,233206.2987877982,2.0000000000000004,-4758.470372797282,0.0,-109.41748642234333,-4867.887859219625,-1.0436870454449152,7,False,STOP,"[{""time_ms"": 1717603200000, ""role"": ""ENTRY"", ""qty"": 1104.839364230535, ""price"": 175.005459, ""fee"": 0.0, ""gross_pnl"": 0.0}, {""time_ms"": 1717700400000, ""role"": ""STOP"", ""qty"": 1104.839364230535, ""price"": 170.69852486382237, ""fee"": 0.0, ""gross_pnl"": -4758.470372797282}]",0.1844209929016718,-1.0222470410761497
XRPUSDT,SHORT,1717790400000,1718031300000,0.49265355000000005,223089.95253860133,2283.384109285786,1717776000000,228338.41092857858,1.0000000000000002,-2211.3789503853186,0.0,88.48249291602178,-2122.896457469297,-0.9297150001334258,17,False,STOP,"[{""time_ms"": 1717790400000, ""role"": ""ENTRY"", ""qty"": 223089.95253860133, ""price"": 0.49265355000000005, ""fee"": 0.0, ""gross_pnl"": 0.0}, {""time_ms"": 1718031300000, ""role"": ""STOP"", ""qty"": 223089.95253860133, ""price"": 0.5025660490848823, ""fee"": 0.0, ""gross_pnl"": -2211.3789503853186}]",0.2983362815760936,-1.0597139595883198
DOGEUSDT,SHORT,1717790400000,1718165700000,0.148175875,567652.4604759325,2282.8343040977547,1717776000000,228283.43040977546,1.0,4599.8858411323845,0.0,94.8616475319789,4694.747488664363,2.056543254250715,27,True,STOP,"[{""time_ms"": 1717790400000, ""role"": ""ENTRY"", ""qty"": 567652.4604759325, ""price"": 0.148175875, ""fee"": 0.0, ""gross_pnl"": 0.0}, {""time_ms"": 1718070600000, ""role"": ""TP2R"", ""qty"": 283826.2302379662, ""price"": 0.14020287116823377, ""fee"": 0.0, ""gross_pnl"": 2262.947621243073}, {""time_ms"": 1718165700000, ""role"": ""STOP"", ""qty"": 283826.2302379662, ""price"": 0.13994218138426207, ""fee"": 0.0, ""gross_pnl"": 2336.9382198893113}]",3.649321607982324,-0.42374987421212557
BTCUSDT,SHORT,1719216000000,1719218100000,62402.383200000004,8.435319428927631,4618.205239195473,1719201600000,230910.2619597737,2.0,-4883.706359524237,0.0,0.0,-4883.706359524237,-1.0574901085112918,1,False,STOP,"[{""time_ms"": 1719216000000, ""role"": ""ENTRY"", ""qty"": 8.435319428927631, ""price"": 62402.383200000004, ""fee"": 0.0, ""gross_pnl"": 0.0}, {""time_ms"": 1719218100000, ""role"": ""STOP"", ""qty"": 8.435319428927631, ""price"": 62981.34246771621, ""fee"": 0.0, ""gross_pnl"": -4883.706359524237}]",0.18225763517327945,-1.009922596344591
BNBUSDT,SHORT,1719216000000,1719274500000,570.41465,639.6931193984437,4607.67229201352,1719201600000,230646.9382802248,2.0000000000000004,4955.078965142846,0.0,0.0,4955.078965142846,1.0753974352150621,5,True,STOP,"[{""time_ms"": 1719216000000, ""role"": ""ENTRY"", ""qty"": 639.6931193984437, ""price"": 570.41465, ""fee"": 0.0, ""gross_pnl"": 0.0}, {""time_ms"": 1719248100000, ""role"": ""TP2R"", ""qty"": 319.84655969922187, ""price"": 556.2867708359828, ""fee"": 0.0, ""gross_pnl"": 4518.753546457239}, {""time_ms"": 1719274500000, ""role"": ""STOP"", ""qty"": 319.84655969922187, ""price"": 569.0504789453046, ""fee"": 0.0, ""gross_pnl"": 436.32541868560685}]",2.7578523642586066,-0.7518247641306413
BTCUSDT,SHORT,1719230400000,1719273600000,61226.671350000004,6.508367310469179,4450.140936021027,1719216000000,226445.33070086368,2.0,7356.468698439261,0.0,44.24859946802334,7400.717297907285,1.6630298690100442,4,True,STOP,"[{""time_ms"": 1719230400000, ""role"": ""ENTRY"", ""qty"": 6.508367310469179, ""price"": 61226.671350000004, ""fee"": 0.0, ""gross_pnl"": 0.0}, {""time_ms"": 1719249000000, ""role"": ""TP2R"", ""qty"": 3.2541836552345895, ""price"": 59889.0871657449, ""fee"": 0.0, ""gross_pnl"": 4352.744589903244}, {""time_ms"": 1719273600000, ""role"": ""STOP"", ""qty"": 3.2541836552345895, ""price"": 60303.63675, ""fee"": 0.0, ""gross_pnl"": 3003.724108536018}]",4.400206317913495,-0.6586093130003828
BCHUSDT,SHORT,1719979200000,1720179600000,373.87297,654.2238311523146,4767.647037265992,1719964800000,238382.3518632996,2.0,25302.027032214686,0.0,16.125804063184,25318.15283627787,5.3104083918923175,14,True,STOP,"[{""time_ms"": 1719979200000, ""role"": ""ENTRY"", ""qty"": 654.2238311523146, ""price"": 373.87297, ""fee"": 0.0, ""gross_pnl"": 0.0}, {""time_ms"": 1720057200000, ""role"": ""TP2R"", ""qty"": 327.1119155761573, ""price"": 359.47764691679396, ""fee"": 0.0, ""gross_pnl"": 4708.881709085206}, {""time_ms"": 1720179600000, ""role"": ""STOP"", ""qty"": 327.1119155761573, ""price"": 310.9185365399476, ""fee"": 0.0, ""gross_pnl"": 20593.14532312948}]",11.800087096595892,-0.37420723478942575
DOGEUSDT,SHORT,1720008000000,1720174200000,0.11913040500000001,2087617.8838401146,4768.515089058033,1719993600000,238425.7544529016,2.0000000000000004,25874.00861326597,0.0,8.220808701879452,25882.22942196785,5.427733568749302,12,True,STOP,"[{""time_ms"": 1720008000000, ""role"": ""ENTRY"", ""qty"": 2087617.8838401146, ""price"": 0.11913040500000001, ""fee"": 0.0, ""gross_pnl"": 0.0}, {""time_ms"": 1720057200000, ""role"": ""TP2R"", ""qty"": 1043808.9419200573, ""price"": 0.11461930678412899, ""fee"": 0.0, ""gross_pnl"": 4708.724655605788}, {""time_ms"": 1720174200000, ""role"": ""STOP"", ""qty"": 1043808.9419200573, ""price"": 0.09885343370032208, ""fee"": 0.0, ""gross_pnl"": 21165.283957660184}]",12.319644929153093,-0.3237887937780897
LTCUSDT,SHORT,1720065600000,1720186200000,70.454755,4040.2254690019004,5110.562575316742,1720051200000,255528.12876583711,2.0,25077.127289795353,0.0,30.57109531897916,25107.698385114334,4.912903034664087,9,True,STOP,"[{""time_ms"": 1720065600000, ""role"": ""ENTRY"", ""qty"": 4040.2254690019004, ""price"": 70.454755, ""fee"": 0.0, ""gross_pnl"": 0.0}, {""time_ms"": 1720098300000, ""role"": ""TP2R"", ""qty"": 2020.1127345009502, ""price"": 67.95887717268698, ""fee"": 0.0, ""gross_pnl"": 5041.954582713603}, {""time_ms"": 1720186200000, ""role"": ""STOP"", ""qty"": 2020.1127345009502, ""price"": 60.53690617656231, ""fee"": 0.0, ""gross_pnl"": 20035.17270708175}]",11.09536841913875,-0.241315629172009
LINKUSDT,SHORT,1722369600000,1722548700000,13.13343,11327.03855837263,3146.9043250665973,1722355200000,314690.4325066597,1.0,5523.864123990143,0.0,-7.324408412108146,5516.539715578035,1.7530052221912686,13,True,STOP,"[{""time_ms"": 1722369600000, ""role"": ""ENTRY"", ""qty"": 11327.03855837263, ""price"": 13.13343, ""fee"": 0.0, ""gross_pnl"": 0.0}, {""time_ms"": 1722524400000, ""role"": ""TP2R"", ""qty"": 5663.519279186315, ""price"": 12.58407421839971, ""fee"": 0.0, ""gross_pnl"": 3111.2870602257117}, {""time_ms"": 1722548700000, ""role"": ""STOP"", ""qty"": 5663.519279186315, ""price"": 12.707444504968535, ""fee"": 0.0, ""gross_pnl"": 2412.5770637644305}]",3.67295880718445,-0.9918928868181238
ADAUSDT,SHORT,1723752000000,1723792800000,0.32323830000000003,837641.6049512032,6404.139444444756,1723737600000,320206.9722222378,2.0,-6542.720438363807,0.0,-49.492574022265245,-6592.2130123860725,-1.0293675004382454,3,False,STOP,"[{""time_ms"": 1723752000000, ""role"": ""ENTRY"", ""qty"": 837641.6049512032, ""price"": 0.32323830000000003, ""fee"": 0.0, ""gross_pnl"": 0.0}, {""time_ms"": 1723792800000, ""role"": ""STOP"", ""qty"": 837641.6049512032, ""price"": 0.3310491828402154, ""fee"": 0.0, ""gross_pnl"": -6542.720438363807}]",0.41047992031134006,-1.407597029734088
DOGEUSDT,SHORT,1723752000000,1723790700000,0.09899048,2278820.6741351644,6398.721578543933,1723737600000,320071.5255747172,2.0,-6514.711715516479,0.0,-35.490854975293495,-6550.202570491772,-1.0236736338795835,3,False,STOP,"[{""time_ms"": 1723752000000, ""role"": ""ENTRY"", ""qty"": 2278820.6741351644, ""price"": 0.09899048, ""fee"": 0.0, ""gross_pnl"": 0.0}, {""time_ms"": 1723790700000, ""role"": ""STOP"", ""qty"": 2278820.6741351644, ""price"": 0.10184928841325476, ""fee"": 0.0, ""gross_pnl"": -6514.711715516479}]",0.25658949200201586,-1.0361873456163877
LTCUSDT,SHORT,1724169600000,1724184300000,63.588190000000004,5459.030212132324,6141.2911327872,1724155200000,307064.55663936,2.0,-6317.926703525957,0.0,0.0,-6317.926703525957,-1.0287619601350169,2,False,STOP,"[{""time_ms"": 1724169600000, ""role"": ""ENTRY"", ""qty"": 5459.030212132324, ""price"": 63.588190000000004, ""fee"": 0.0, ""gross_pnl"": 0.0}, {""time_ms"": 1724184300000, ""role"": ""STOP"", ""qty"": 5459.030212132324, ""price"": 64.74552499504817, ""fee"": 0.0, ""gross_pnl"": -6317.926703525957}]",0.4250659349469465,-1.0238507591778023
ETHUSDT,SHORT,1724760000000,1724838600000,2624.2772050000003,72.80501745942209,3007.46629935834,1724745600000,300746.62993583403,1.0,7607.79780988303,0.0,7.8162681130748854,7615.614077996105,2.5322358822843465,6,True,STOP,"[{""time_ms"": 1724760000000, ""role"": ""ENTRY"", ""qty"": 72.80501745942209, ""price"": 2624.2772050000003, ""fee"": 0.0, ""gross_pnl"": 0.0}, {""time_ms"": 1724793000000, ""role"": ""TP2R"", ""qty"": 36.402508729711045, ""price"": 2542.931028626199, ""fee"": 0.0, ""gross_pnl"": 2961.2048955759205}, {""time_ms"": 1724838600000, ""role"": ""STOP"", ""qty"": 36.402508729711045, ""price"": 2496.632350937658, ""fee"": 0.0, ""gross_pnl"": 4646.59291430711}]",5.71982004884266,-0.09326881145847103
BTCUSDT,SHORT,1724803200000,1724930400000,59354.707800000004,6.146981552337531,6196.855344998064,1724788800000,309842.7672499032,2.0,-3920.5664541438173,0.0,3.346017674954429,-3917.2204364688628,-0.6321303658686722,9,False,STOP,"[{""time_ms"": 1724803200000, ""role"": ""ENTRY"", ""qty"": 6.146981552337531, ""price"": 59354.707800000004, ""fee"": 0.0, ""gross_pnl"": 0.0}, {""time_ms"": 1724930400000, ""role"": ""STOP"", ""qty"": 6.146981552337531, ""price"": 59992.51131718364, ""fee"": 0.0, ""gross_pnl"": -3920.5664541438173}]",1.522356099927888,-0.8363067897821452
BNBUSDT,SHORT,1725177600000,1725272400000,521.5590900000001,751.8002010034138,6358.7102515610095,1725163200000,317935.5125780505,2.0,6741.927005298333,0.0,-20.990499325855232,6720.936505972478,1.0569653656293814,7,True,STOP,"[{""time_ms"": 1725177600000, ""role"": ""ENTRY"", ""qty"": 751.8002010034138, ""price"": 521.5590900000001, ""fee"": 0.0, ""gross_pnl"": 0.0}, {""time_ms"": 1725257400000, ""role"": ""TP2R"", ""qty"": 375.9001005017069, ""price"": 504.8954537276175, ""fee"": 0.0, ""gross_pnl"": 6263.862549512499}, {""time_ms"": 1725272400000, ""role"": ""STOP"", ""qty"": 375.9001005017069, ""price"": 520.2873040782944, ""fee"": 0.0, ""gross_pnl"": 478.0644557858338}]",2.347971092106257,-0.28386332277806775
SOLUSDT,SHORT,1724803200000,1725310200000,146.6596335,1276.8969076782707,4685.821499092962,1724788800000,309660.24984425487,2.0,12690.426773919946,0.0,-47.55718349449745,12642.86959042545,2.6981116529668787,36,True,STOP,"[{""time_ms"": 1724803200000, ""role"": ""ENTRY"", ""qty"": 1276.8969076782707, ""price"": 146.6596335, ""fee"": 0.0, ""gross_pnl"": 0.0}, {""time_ms"": 1724957400000, ""role"": ""TP2R"", ""qty"": 638.4484538391354, ""price"": 139.38990471640176, ""fee"": 0.0, ""gross_pnl"": 4641.347101718164}, {""time_ms"": 1725310200000, ""role"": ""STOP"", ""qty"": 638.4484538391354, ""price"": 134.05238286950535, ""fee"": 0.0, ""gross_pnl"": 8049.079672201781}]",5.4237849377385015,-0.5957897934101324
BCHUSDT,SHORT,1725393600000,1725422400000,311.0444,1120.131764377431,6476.176593475181,1725379200000,323808.8296737591,2.0,7293.883658141143,0.0,-59.962751913984434,7233.920906227159,1.1170048873459402,3,True,STOP,"[{""time_ms"": 1725393600000, ""role"": ""ENTRY"", ""qty"": 1120.131764377431, ""price"": 311.0444, ""fee"": 0.0, ""gross_pnl"": 0.0}, {""time_ms"": 1725411600000, ""role"": ""TP2R"", ""qty"": 560.0658821887155, ""price"": 299.63089989774755, ""fee"": 0.0, ""gross_pnl"": 6392.312003629008}, {""time_ms"": 1725422400000, ""role"": ""STOP"", ""qty"": 560.0658821887155, ""price"": 309.43463999999994, ""fee"": 0.0, ""gross_pnl"": 901.5716545121353}]",2.7940956076907706,-0.8415633876083474
BTCUSDT,SHORT,1725422400000,1725462000000,56604.58355,6.8414720661849,6622.587183360159,1725408000000,331129.3591680079,2.0,-6819.527815539493,0.0,4.074320331549672,-6815.453495207943,-1.0291225025066304,3,False,STOP,"[{""time_ms"": 1725422400000, ""role"": ""ENTRY"", ""qty"": 6.8414720661849, ""price"": 56604.58355, ""fee"": 0.0, ""gross_pnl"": 0.0}, {""time_ms"": 1725462000000, ""role"": ""STOP"", ""qty"": 6.8414720661849, ""price"": 57601.37601652868, ""fee"": 0.0, ""gross_pnl"": -6819.527815539493}]",0.5130995695453368,-1.1495964411907083
SOLUSDT,SHORT,1726444800000,1726568100000,131.25434,1514.8536943596384,3265.8873711946303,1726430400000,326588.73711946304,1.0,-2940.136533146304,0.0,28.21693373592788,-2911.919599410376,-0.8916166629301805,9,False,STOP,"[{""time_ms"": 1726444800000, ""role"": ""ENTRY"", ""qty"": 1514.8536943596384, ""price"": 131.25434, ""fee"": 0.0, ""gross_pnl"": 0.0}, {""time_ms"": 1726568100000, ""role"": ""STOP"", ""qty"": 1514.8536943596384, ""price"": 133.19521161294423, ""fee"": 0.0, ""gross_pnl"": -2940.136533146304}]",1.119870789390521,-0.9483979092568594
BCHUSDT,SHORT,1726430400000,1726585200000,319.39022500000004,720.1637162537969,3242.272970847783,1726416000000,324227.2970847783,1.0,3816.415307064503,0.0,-75.35477721163566,3741.060529852867,1.1538388542512699,11,True,STOP,"[{""time_ms"": 1726430400000, ""role"": ""ENTRY"", ""qty"": 720.1637162537969, ""price"": 319.39022500000004, ""fee"": 0.0, ""gross_pnl"": 0.0}, {""time_ms"": 1726497000000, ""role"": ""TP2R"", ""qty"": 360.08185812689845, ""price"": 310.54115159467597, ""fee"": 0.0, ""gross_pnl"": 3186.3907944904145}, {""time_ms"": 1726585200000, ""role"": ""STOP"", ""qty"": 360.08185812689845, ""price"": 317.64055475598553, ""fee"": 0.0, ""gross_pnl"": 630.0245125740886}]",2.41001865926998,-0.09323913399906032
BTCUSDT,LONG,1727236800000,1727280000000,64454.71124999999,5.35591157745888,6501.128760304417,1727222400000,325056.4380152208,2.0,-5443.460914877443,0.0,-8.441416375151253,-5451.902331252595,-0.8386085758740316,3,False,BB_MID,"[{""time_ms"": 1727236800000, ""role"": ""ENTRY"", ""qty"": 5.35591157745888, ""price"": 64454.71124999999, ""fee"": 0.0, ""gross_pnl"": 0.0}, {""time_ms"": 1727280000000, ""role"": ""BB_MID"", ""qty"": 5.35591157745888, ""price"": 63438.36495, ""fee"": 0.0, ""gross_pnl"": -5443.460914877443}]",0.0,-0.9980954645471166
BTCUSDT,LONG,1727409600000,1727654400000,65370.668999999994,5.26696591012597,6392.090713679365,1727395200000,319604.5356839682,2.0,867.7163060989615,0.0,-132.64215732490345,735.074148774058,0.1149974525863605,17,False,BB_MID,"[{""time_ms"": 1727409600000, ""role"": ""ENTRY"", ""qty"": 5.26696591012597, ""price"": 65370.668999999994, ""fee"": 0.0, ""gross_pnl"": 0.0}, {""time_ms"": 1727654400000, ""role"": ""BB_MID"", ""qty"": 5.26696591012597, ""price"": 65535.4159, ""fee"": 0.0, ""gross_pnl"": 867.7163060989615}]",0.889349015428782,-0.24692177849475397
XRPUSDT,SHORT,1729598400000,1729723800000,0.53363305,436798.91663002444,3350.501045877037,1729584000000,335050.1045877037,1.0,4906.939354867454,0.0,92.1802031317646,4999.119557999219,1.4920513348744933,9,True,STOP,"[{""time_ms"": 1729598400000, ""role"": ""ENTRY"", ""qty"": 436798.91663002444, ""price"": 0.53363305, ""fee"": 0.0, ""gross_pnl"": 0.0}, {""time_ms"": 1729702200000, ""role"": ""TP2R"", ""qty"": 218399.45831501222, ""price"": 0.5185510358902421, ""fee"": 0.0, ""gross_pnl"": 3293.903711870509}, {""time_ms"": 1729723800000, ""role"": ""STOP"", ""qty"": 218399.45831501222, ""price"": 0.5262473373455742, ""fee"": 0.0, ""gross_pnl"": 1613.0356429969456}]",2.9115203700796606,-0.33464874766213454
SOLUSDT,LONG,1729425600000,1729886400000,159.21956999999998,1715.3604311083886,6406.7921966548465,1729411200000,320339.6098327423,2.0,14746.061638814714,0.0,-435.5409273670834,14310.52071144763,2.233648333236019,32,False,BB_MID,"[{""time_ms"": 1729425600000, ""role"": ""ENTRY"", ""qty"": 1715.3604311083886, ""price"": 159.21956999999998, ""fee"": 0.0, ""gross_pnl"": 0.0}, {""time_ms"": 1729886400000, ""role"": ""BB_MID"", ""qty"": 1715.3604311083886, ""price"": 167.81605000000002, ""fee"": 0.0, ""gross_pnl"": 14746.061638814714}]",5.376352783788837,-0.449689615464814
ADAUSDT,SHORT,1735574400000,1735580700000,0.83948005,265880.18812551955,6792.9850020437825,1735560000000,339649.2501021891,2.0,-6907.982051355603,0.0,0.0,-6907.982051355603,-1.0169287948195413,1,False,STOP,"[{""time_ms"": 1735574400000, ""role"": ""ENTRY"", ""qty"": 265880.18812551955, ""price"": 0.83948005, ""fee"": 0.0, ""gross_pnl"": 0.0}, {""time_ms"": 1735580700000, ""role"": ""STOP"", ""qty"": 265880.18812551955, ""price"": 0.8654616099652518, ""fee"": 0.0, ""gross_pnl"": -6907.982051355603}]",0.41019340757068135,-1.1710789781388722
AVAXUSDT,SHORT,1735574400000,1735580400000,35.1054385,6467.656232530672,6788.518746643649,1735560000000,339537.5937171858,2.0,-6905.437960072075,0.0,0.0,-6905.437960072075,-1.0172230817637842,1,False,STOP,"[{""time_ms"": 1735574400000, ""role"": ""ENTRY"", ""qty"": 6467.656232530672, ""price"": 35.1054385, ""fee"": 0.0, ""gross_pnl"": 0.0}, {""time_ms"": 1735580400000, ""role"": ""STOP"", ""qty"": 6467.656232530672, ""price"": 36.173126347313136, ""fee"": 0.0, ""gross_pnl"": -6905.437960072075}]",0.1738154589558892,-1.321977756624986
XRPUSDT,SHORT,1736294400000,1736296800000,2.2686651,11677.108360790624,690.6011283458647,1736280000000,342921.19778512855,2.0,-704.1921530135626,0.0,0.0,-704.1921530135626,-1.0196799919806838,1,False,STOP,"[{""time_ms"": 1736294400000, ""role"": ""ENTRY"", ""qty"": 11677.108360790624, ""price"": 2.2686651, ""fee"": 0.0, ""gross_pnl"": 0.0}, {""time_ms"": 1736296800000, ""role"": ""STOP"", ""qty"": 11677.108360790624, ""price"": 2.3289704539674343, ""fee"": 0.0, ""gross_pnl"": -704.1921530135626}]",0.03660884159356084,-1.1875748595628606
SOLUSDT,SHORT,1736265600000,1736376900000,207.53618,1594.5381061563446,6509.530181244049,1736251200000,325656.1695764819,2.0,14079.571569291604,0.0,13.495300245807048,14093.066869537412,2.164989865189327,8,True,STOP,"[{""time_ms"": 1736265600000, ""role"": ""ENTRY"", ""qty"": 1594.5381061563446, ""price"": 207.53618, ""fee"": 0.0, ""gross_pnl"": 0.0}, {""time_ms"": 1736305200000, ""role"": ""TP2R"", ""qty"": 797.2690530781723, ""price"": 199.47108097896705, ""fee"": 0.0, ""gross_pnl"": 6430.053859480634}, {""time_ms"": 1736376900000, ""role"": ""STOP"", ""qty"": 797.2690530781723, ""price"": 197.94152976206968, ""fee"": 0.0, ""gross_pnl"": 7649.51770981097}]",4.729133875592576,-0.3561196161547251
ETHUSDT,SHORT,1736265600000,1736385600000,3459.4793950000003,103.81370346179985,6516.716601815228,1736251200000,325835.8300907614,2.0,12133.275021660029,0.0,80.06922007013517,12213.344241730165,1.8741561108132496,9,True,STOP,"[{""time_ms"": 1736265600000, ""role"": ""ENTRY"", ""qty"": 103.81370346179985, ""price"": 3459.4793950000003, ""fee"": 0.0, ""gross_pnl"": 0.0}, {""time_ms"": 1736317500000, ""role"": ""TP2R"", ""qty"": 51.90685173089992, ""price"": 3335.599995581964, ""fee"": 0.0, ""gross_pnl"": 6430.189618104947}, {""time_ms"": 1736385600000, ""role"": ""STOP"", ""qty"": 51.90685173089992, ""price"": 3349.6078614089915, ""fee"": 0.0, ""gross_pnl"": 5703.085403555082}]",4.029418026099643,-0.5003825441967777
SOLUSDT,SHORT,1736769600000,1736781600000,175.24233500000003,1059.7057440116498,4718.14541469223,1736755200000,381382.0279593016,2.0,-4813.357141896325,0.0,0.0,-4813.357141896325,-1.020179905203347,1,False,STOP,"[{""time_ms"": 1736769600000, ""role"": ""ENTRY"", ""qty"": 1059.7057440116498, ""price"": 175.24233500000003, ""fee"": 0.0, ""gross_pnl"": 0.0}, {""time_ms"": 1736781600000, ""role"": ""STOP"", ""qty"": 1059.7057440116498, ""price"": 179.7844988686932, ""fee"": 0.0, ""gross_pnl"": -4813.357141896325}]",1.6917788587999014,-1.064089885417491
LTCUSDT,SHORT,1736740800000,1736804100000,100.45974500000001,2987.6468961459154,7028.76098098031,1736726400000,351438.0490490155,2.0,11037.521469340256,0.0,-15.547116021870046,11021.974353318386,1.5681247922846764,5,True,STOP,"[{""time_ms"": 1736740800000, ""role"": ""ENTRY"", ""qty"": 2987.6468961459154, ""price"": 100.45974500000001, ""fee"": 0.0, ""gross_pnl"": 0.0}, {""time_ms"": 1736763900000, ""role"": ""TP2R"", ""qty"": 1493.8234480729577, ""price"": 95.80240693966131, ""fee"": 0.0, ""gross_pnl"": 6957.240800136581}, {""time_ms"": 1736804100000, ""role"": ""STOP"", ""qty"": 1493.8234480729577, ""price"": 97.72831065649224, ""fee"": 0.0, ""gross_pnl"": 4080.280669203675}]",3.5448940903412747,-0.5441855097044097
AVAXUSDT,SHORT,1736740800000,1736804400000,35.318332,6833.378541709249,7022.75521318968,1736726400000,351287.90485424973,2.0,8191.956278599376,0.0,-40.402949478835296,8151.55332912054,1.160734367305132,5,True,STOP,"[{""time_ms"": 1736740800000, ""role"": ""ENTRY"", ""qty"": 6833.378541709249, ""price"": 35.318332, ""fee"": 0.0, ""gross_pnl"": 0.0}, {""time_ms"": 1736778600000, ""role"": ""TP2R"", ""qty"": 3416.6892708546243, ""price"": 33.27953650073898, ""fee"": 0.0, ""gross_pnl"": 6965.930707791826}, {""time_ms"": 1736804400000, ""role"": ""STOP"", ""qty"": 3416.6892708546243, ""price"": 34.95949762156649, ""fee"": 0.0, ""gross_pnl"": 1226.0255708075501}]",2.6430829834559457,-0.5737669241788221
BNBUSDT,SHORT,1737936000000,1737977400000,666.30668,513.0664556605861,3657.9821958955818,1737921600000,365798.21958955814,1.0,6646.667546509721,0.0,-19.59009575864673,6627.077450751075,1.8116756987464153,3,True,STOP,"[{""time_ms"": 1737936000000, ""role"": ""ENTRY"", ""qty"": 513.0664556605861, ""price"": 666.30668, ""fee"": 0.0, ""gross_pnl"": 0.0}, {""time_ms"": 1737954600000, ""role"": ""TP2R"", ""qty"": 256.5332278302931, ""price"": 652.3734117230131, ""fee"": 0.0, ""gross_pnl"": 3574.3462853208885}, {""time_ms"": 1737977400000, ""role"": ""STOP"", ""qty"": 256.5332278302931, ""price"": 654.3303707819938, ""fee"": 0.0, ""gross_pnl"": 3072.321261188833}]",4.2536025016773875,-0.4759450899667217
BCHUSDT,SHORT,1737950400000,1737989100000,420.36971,380.69377272636626,3682.6436586065283,1737936000000,368264.36586065276,1.0,4341.9246858341685,0.0,-3.700748833629479,4338.223937000539,1.1780189285655933,3,True,STOP,"[{""time_ms"": 1737950400000, ""role"": ""ENTRY"", ""qty"": 380.69377272636626, ""price"": 420.36971, ""fee"": 0.0, ""gross_pnl"": 0.0}, {""time_ms"": 1737962400000, ""role"": ""TP2R"", ""qty"": 190.34688636318313, ""price"": 401.22320848711365, ""fee"": 0.0, ""gross_pnl"": 3644.476947725891}, {""time_ms"": 1737989100000, ""role"": ""STOP"", ""qty"": 190.34688636318313, ""price"": 416.7056220212897, ""fee"": 0.0, ""gross_pnl"": 697.4477381082773}]",2.613293347249896,-0.022772507733103724
DOGEUSDT,SHORT,1737979200000,1737983100000,0.31159412500000006,346354.2134330832,3795.9314584291415,1737964800000,379593.1458429141,1.0,-3851.790393195736,0.0,0.0,-3851.790393195736,-1.0147154750759675,1,False,STOP,"[{""time_ms"": 1737979200000, ""role"": ""ENTRY"", ""qty"": 346354.2134330832, ""price"": 0.31159412500000006, ""fee"": 0.0, ""gross_pnl"": 0.0}, {""time_ms"": 1737983100000, ""role"": ""STOP"", ""qty"": 346354.2134330832, ""price"": 0.32271508222762135, ""fee"": 0.0, ""gross_pnl"": -3851.790393195736}]",0.12902976711643827,-1.179402557076729
DOGEUSDT,SHORT,1738468800000,1738555200000,0.298400725,799349.2876907351,7458.234611682278,1738454400000,372911.7305841139,2.0,32729.579975162607,0.0,13.581533678160472,32743.161508840767,4.3902026704219255,7,True,STOP,"[{""time_ms"": 1738468800000, ""role"": ""ENTRY"", ""qty"": 799349.2876907351, ""price"": 0.298400725, ""fee"": 0.0, ""gross_pnl"": 0.0}, {""time_ms"": 1738515300000, ""role"": ""TP2R"", ""qty"": 399674.64384536754, ""price"": 0.2798798299639159, ""fee"": 0.0, ""gross_pnl"": 7402.332127244333}, {""time_ms"": 1738555200000, ""role"": ""STOP"", ""qty"": 399674.64384536754, ""price"": 0.23503106110479105, ""fee"": 0.0, ""gross_pnl"": 25327.247847918276}]",10.331915644074819,-0.8337573506014656
BTCUSDT,SHORT,1739808000000,1739884500000,95557.69725000001,9.510179847902695,8113.097841859096,1739793600000,405654.8920929547,2.0,-8571.539834129368,0.0,177.13418659544553,-8394.405647533922,-1.0346732914058343,6,False,STOP,"[{""time_ms"": 1739808000000, ""role"": ""ENTRY"", ""qty"": 9.510179847902695, ""price"": 95557.69725000001, ""fee"": 0.0, ""gross_pnl"": 0.0}, {""time_ms"": 1739884500000, ""role"": ""STOP"", ""qty"": 9.510179847902695, ""price"": 96458.99879962525, ""fee"": 0.0, ""gross_pnl"": -8571.539834129368}]",0.6537331672269729,-1.0565078120572766
LINKUSDT,SHORT,1739865600000,1740020400000,18.0659625,14927.55551927498,8144.752094161516,1739851200000,407237.60470807576,2.0000000000000004,-3342.6343768440192,0.0,-50.4021406393623,-3393.0365174833814,-0.4165917486814173,11,False,STOP,"[{""time_ms"": 1739865600000, ""role"": ""ENTRY"", ""qty"": 14927.55551927498, ""price"": 18.0659625, ""fee"": 0.0, ""gross_pnl"": 0.0}, {""time_ms"": 1740020400000, ""role"": ""STOP"", ""qty"": 14927.55551927498, ""price"": 18.2898862611629, ""fee"": 0.0, ""gross_pnl"": -3342.6343768440192}]",1.4533274440530042,-0.5737295140283954
ADAUSDT,SHORT,1739894400000,1740012600000,0.7542227000000001,306951.54533772584,7981.126983347007,1739880000000,403146.9769377131,2.0,-8100.87245848555,0.0,-37.48837210010418,-8138.360830585654,-1.0197007073771314,9,False,STOP,"[{""time_ms"": 1739894400000, ""role"": ""ENTRY"", ""qty"": 306951.54533772584, ""price"": 0.7542227000000001, ""fee"": 0.0, ""gross_pnl"": 0.0}, {""time_ms"": 1740012600000, ""role"": ""STOP"", ""qty"": 306951.54533772584, ""price"": 0.7806140721286939, ""fee"": 0.0, ""gross_pnl"": -8100.87245848555}]",0.8508318394396999,-1.0529220446822576
DOGEUSDT,SHORT,1740168000000,1740240000000,0.23973007500000001,1174173.369543506,7714.581781947034,1740153600000,385729.0890973517,2.0,-7532.2280152717685,0.0,9.676481564753033,-7522.551533707016,-0.9751081453709661,6,False,STOP,"[{""time_ms"": 1740168000000, ""role"": ""ENTRY"", ""qty"": 1174173.369543506, ""price"": 0.23973007500000001, ""fee"": 0.0, ""gross_pnl"": 0.0}, {""time_ms"": 1740240000000, ""role"": ""STOP"", ""qty"": 1174173.369543506, ""price"": 0.2461449948156318, ""fee"": 0.0, ""gross_pnl"": -7532.2280152717685}]",0.8401654485082215,-1.0364829629909615
SOLUSDT,SHORT,1740326400000,1740501600000,166.60665500000002,1898.2929010922373,7564.1307512728945,1740312000000,378206.5375636447,2.0,28802.048398438354,0.0,-19.30703921704098,28782.741359221312,3.805161796598736,13,True,STOP,"[{""time_ms"": 1740326400000, ""role"": ""ENTRY"", ""qty"": 1898.2929010922373, ""price"": 166.60665500000002, ""fee"": 0.0, ""gross_pnl"": 0.0}, {""time_ms"": 1740371400000, ""role"": ""TP2R"", ""qty"": 949.1464505461187, ""price"": 158.71657043536376, ""fee"": 0.0, ""gross_pnl"": 7488.845759033218}, {""time_ms"": 1740501600000, ""role"": ""STOP"", ""qty"": 949.1464505461187, ""price"": 144.1515295268531, ""fee"": 0.0, ""gross_pnl"": 21313.202639405135}]",8.75514870207785,-0.7461901296521437
BNBUSDT,SHORT,1741507200000,1741598100000,585.4171450000001,883.7031146148797,8139.785578457321,1741492800000,406989.27892286604,2.0,14491.486126643336,0.0,-34.27025022686357,14457.215876416472,1.7761175324665557,7,True,STOP,"[{""time_ms"": 1741507200000, ""role"": ""ENTRY"", ""qty"": 883.7031146148797, ""price"": 585.4171450000001, ""fee"": 0.0, ""gross_pnl"": 0.0}, {""time_ms"": 1741535100000, ""role"": ""TP2R"", ""qty"": 441.85155730743986, ""price"": 567.2786512002064, ""fee"": 0.0, ""gross_pnl"": 8014.521732650217}, {""time_ms"": 1741598100000, ""role"": ""STOP"", ""qty"": 441.85155730743986, ""price"": 570.7584563818983, ""fee"": 0.0, ""gross_pnl"": 6476.96439399312}]",3.8939487340710475,-0.0828200365969775
LTCUSDT,SHORT,1741550400000,1741708800000,97.181385,2402.8526360643828,8523.205569494077,1741536000000,426160.27847470384,2.0,15996.20373517197,0.0,48.52129999921219,16044.725035171183,1.8824754259826646,12,True,STOP,"[{""time_ms"": 1741550400000, ""role"": ""ENTRY"", ""qty"": 2402.8526360643828, ""price"": 97.181385, ""fee"": 0.0, ""gross_pnl"": 0.0}, {""time_ms"": 1741626000000, ""role"": ""TP2R"", ""qty"": 1201.4263180321914, ""price"": 90.1321894660039, ""fee"": 0.0, ""gross_pnl"": 8469.089035497916}, {""time_ms"": 1741708800000, ""role"": ""STOP"", ""qty"": 1201.4263180321914, ""price"": 90.91623616257262, ""fee"": 0.0, ""gross_pnl"": 7527.114699674053}]",3.938797322556322,-0.5267978628381181
DOGEUSDT,SHORT,1742313600000,1742338800000,0.16350820500000002,1961499.3837522184,8738.384792473176,1742299200000,437205.22972905624,2.0000000000000004,-8903.114606542365,0.0,0.0,-8903.114606542365,-1.0188512886513168,2,False,STOP,"[{""time_ms"": 1742313600000, ""role"": ""ENTRY"", ""qty"": 1961499.3837522184, ""price"": 0.16350820500000002, ""fee"": 0.0, ""gross_pnl"": 0.0}, {""time_ms"": 1742338800000, ""role"": ""STOP"", ""qty"": 1961499.3837522184, ""price"": 0.16804713816525613, ""fee"": 0.0, ""gross_pnl"": -8903.114606542365}]",0.1724384620134066,-1.0172489894754915
BTCUSDT,SHORT,1742313600000,1742343300000,81526.71625,7.012354317528157,8749.824396689075,1742299200000,437491.2198344538,2.0,-9040.046419232169,0.0,1.159429350983916,-9038.886989881184,-1.033036387941853,3,False,STOP,"[{""time_ms"": 1742313600000, ""role"": ""ENTRY"", ""qty"": 7.012354317528157, ""price"": 81526.71625, ""fee"": 0.0, ""gross_pnl"": 0.0}, {""time_ms"": 1742343300000, ""role"": ""STOP"", ""qty"": 7.012354317528157, ""price"": 82815.87621110401, ""fee"": 0.0, ""gross_pnl"": -9040.046419232169}]",0.25935512588897436,-1.0372752447298703
BCHUSDT,SHORT,1742601600000,1742788500000,322.71856,1265.1550007649137,8390.984364760605,1742587200000,419549.21823803027,2.0,-8599.324356954841,0.0,91.16124483836123,-8508.16311211648,-1.0139648391966962,13,False,STOP,"[{""time_ms"": 1742601600000, ""role"": ""ENTRY"", ""qty"": 1265.1550007649137, ""price"": 322.71856, ""fee"": 0.0, ""gross_pnl"": 0.0}, {""time_ms"": 1742788500000, ""role"": ""STOP"", ""qty"": 1265.1550007649137, ""price"": 329.5156120226816, ""fee"": 0.0, ""gross_pnl"": -8599.324356954841}]",0.3917992259161473,-1.4974179946711303
XRPUSDT,SHORT,1743033600000,1743300000000,2.3462263,91334.54203144311,4110.410551259138,1743019200000,411041.05512591376,1.0,12009.638611210661,0.0,-88.79135876308366,11920.847252447578,2.900159753822128,19,True,STOP,"[{""time_ms"": 1743033600000, ""role"": ""ENTRY"", ""qty"": 91334.54203144311, ""price"": 2.3462263, ""fee"": 0.0, ""gross_pnl"": 0.0}, {""time_ms"": 1743136800000, ""role"": ""TP2R"", ""qty"": 45667.271015721555, ""price"": 2.2573466102330273, ""fee"": 0.0, ""gross_pnl"": 4058.8928803816007}, {""time_ms"": 1743300000000, ""role"": ""STOP"", ""qty"": 45667.271015721555, ""price"": 2.1721246829339855, ""fee"": 0.0, ""gross_pnl"": 7950.74573082906}]",6.364477370331532,-0.9348900975089147
BTCUSDT,SHORT,1743148800000,1743425400000,85132.51245000001,8.250212801654413,8416.287377738878,1743134400000,420814.3688869439,2.0,16388.838892711614,0.0,206.5177396899622,16595.356632401577,1.9718143983885792,20,True,STOP,"[{""time_ms"": 1743148800000, ""role"": ""ENTRY"", ""qty"": 8.250212801654413, ""price"": 85132.51245000001, ""fee"": 0.0, ""gross_pnl"": 0.0}, {""time_ms"": 1743241200000, ""role"": ""TP2R"", ""qty"": 4.125106400827207, ""price"": 83133.79911165766, ""fee"": 0.0, ""gross_pnl"": 8244.905185414742}, {""time_ms"": 1743425400000, ""role"": ""STOP"", ""qty"": 4.125106400827207, ""price"": 83158.27641437587, ""fee"": 0.0, ""gross_pnl"": 8143.933707296872}]",3.833348176935316,-0.43375615467201367
SOLUSDT,SHORT,1743148800000,1743495300000,131.47423,1910.162570297579,6347.0278481012665,1743134400000,420463.01253674284,2.0,9324.567016123094,0.0,-181.68935849046545,9142.877657632629,1.4404974858220845,25,True,STOP,"[{""time_ms"": 1743148800000, ""role"": ""ENTRY"", ""qty"": 1910.162570297579, ""price"": 131.47423, ""fee"": 0.0, ""gross_pnl"": 0.0}, {""time_ms"": 1743247800000, ""role"": ""TP2R"", ""qty"": 955.0812851487894, ""price"": 124.89110752496413, ""fee"": 0.0, ""gross_pnl"": 6287.417073749147}, {""time_ms"": 1743495300000, ""role"": ""STOP"", ""qty"": 955.0812851487894, ""price"": 128.29423894625342, ""fee"": 0.0, ""gross_pnl"": 3037.149942373947}]",2.694810138095177,-0.34482391137208945
BNBUSDT,SHORT,1743998400000,1744012800000,549.814955,897.9264101732779,8974.002733367908,1743984000000,448700.1366683954,2.0,15629.29588824989,0.0,0.0,15629.29588824989,1.7416192475778616,2,True,STOP,"[{""time_ms"": 1743998400000, ""role"": ""ENTRY"", ""qty"": 897.9264101732779, ""price"": 549.814955, ""fee"": 0.0, ""gross_pnl"": 0.0}, {""time_ms"": 1744008000000, ""role"": ""TP2R"", ""qty"": 448.96320508663894, ""price"": 530.0915872669469, ""fee"": 0.0, ""gross_pnl"": 8855.066392533927}, {""time_ms"": 1744012800000, ""role"": ""STOP"", ""qty"": 448.96320508663894, ""price"": 534.7263476955135, ""fee"": 0.0, ""gross_pnl"": 6774.229495715963}]",4.024853849022216,-0.3937352077665563
XRPUSDT,SHORT,1744790400000,1744813800000,2.04847525,175753.03221290858,9301.23629438969,1744776000000,465061.8147194845,2.0,-9485.899780837157,0.0,0.0,-9485.899780837157,-1.0198536496227768,2,False,STOP,"[{""time_ms"": 1744790400000, ""role"": ""ENTRY"", ""qty"": 175753.03221290858, ""price"": 2.04847525, ""fee"": 0.0, ""gross_pnl"": 0.0}, {""time_ms"": 1744813800000, ""role"": ""STOP"", ""qty"": 175753.03221290858, ""price"": 2.1024481440172473, ""fee"": 0.0, ""gross_pnl"": -9485.899780837157}]",0.2678507556440398,-1.0189439364678423
DOGEUSDT,SHORT,1744761600000,1744871100000,0.153413255,1060866.3524323169,4643.294325566454,1744747200000,464329.43255664536,1.0000000000000002,-4726.991452852513,0.0,2.2883351556802323,-4724.703117696833,-1.0175325504743764,8,False,STOP,"[{""time_ms"": 1744761600000, ""role"": ""ENTRY"", ""qty"": 1060866.3524323169, ""price"": 0.153413255, ""fee"": 0.0, ""gross_pnl"": 0.0}, {""time_ms"": 1744871100000, ""role"": ""STOP"", ""qty"": 1060866.3524323169, ""price"": 0.15786903912588413, ""fee"": 0.0, ""gross_pnl"": -4726.991452852513}]",0.7569885732150575,-1.0022518153925062
DOGEUSDT,SHORT,1745164800000,1745179500000,0.15271360500000003,1575199.1827231387,4501.188296581114,1745150400000,450118.8296581114,1.0,-4623.716063622725,0.0,0.0,-4623.716063622725,-1.0272212044838644,2,False,STOP,"[{""time_ms"": 1745164800000, ""role"": ""ENTRY"", ""qty"": 1575199.1827231387, ""price"": 0.15271360500000003, ""fee"": 0.0, ""gross_pnl"": 0.0}, {""time_ms"": 1745179500000, ""role"": ""STOP"", ""qty"": 1575199.1827231387, ""price"": 0.1556489265227229, ""fee"": 0.0, ""gross_pnl"": -4623.716063622725}]",0.12724424331883805,-1.1465804996867477
BTCUSDT,LONG,1745294400000,1745755200000,88155.0555,5.9344337703936265,8909.902271889774,1745280000000,445495.11359448865,2.0000000000000004,33642.95160092081,0.0,91.38699505316772,33734.338595973975,3.786162582546372,32,False,BB_MID,"[{""time_ms"": 1745294400000, ""role"": ""ENTRY"", ""qty"": 5.9344337703936265, ""price"": 88155.0555, ""fee"": 0.0, ""gross_pnl"": 0.0}, {""time_ms"": 1745755200000, ""role"": ""BB_MID"", ""qty"": 5.9344337703936265, ""price"": 93824.16445000001, ""fee"": 0.0, ""gross_pnl"": 33642.95160092081}]",5.071661691456552,-0.16248637903030314
BNBUSDT,SHORT,1746374400000,1746424500000,588.5056,1161.0653420341857,4792.294521904627,1746360000000,479229.4521904627,1.0,-4007.1044882624224,0.0,-205.55732447908957,-4212.661812741512,-0.8790490220261445,4,False,STOP,"[{""time_ms"": 1746374400000, ""role"": ""ENTRY"", ""qty"": 1161.0653420341857, ""price"": 588.5056, ""fee"": 0.0, ""gross_pnl"": 0.0}, {""time_ms"": 1746424500000, ""role"": ""STOP"", ""qty"": 1161.0653420341857, ""price"": 591.9568308163828, ""fee"": 0.0, ""gross_pnl"": -4007.1044882624224}]",1.329037689806131,-0.885379053089463
AVAXUSDT,SHORT,1748592000000,1748725200000,21.4142875,6809.786873479388,4750.167903777211,1748577600000,475016.79037772113,0.9999999999999999,5923.80586763997,0.0,-48.94242260081932,5874.86344503915,1.2367696393147725,10,True,STOP,"[{""time_ms"": 1748592000000, ""role"": ""ENTRY"", ""qty"": 6809.786873479388, ""price"": 21.4142875, ""fee"": 0.0, ""gross_pnl"": 0.0}, {""time_ms"": 1748654700000, ""role"": ""TP2R"", ""qty"": 3404.893436739694, ""price"": 20.029196779285897, ""fee"": 0.0, ""gross_pnl"": 4716.086304248503}, {""time_ms"": 1748725200000, ""role"": ""STOP"", ""qty"": 3404.893436739694, ""price"": 21.059586365932233, ""fee"": 0.0, ""gross_pnl"": 1207.7195633914664}]",2.3730014007233695,-0.6432691547674243
LINKUSDT,SHORT,1748606400000,1748819100000,14.518737,11381.352057189399,4725.059368351333,1748592000000,472505.93683513335,1.0,7036.345891207738,0.0,-32.524074395472276,7003.821816812266,1.4822717072560376,15,True,STOP,"[{""time_ms"": 1748606400000, ""role"": ""ENTRY"", ""qty"": 11381.352057189399, ""price"": 14.518737, ""fee"": 0.0, ""gross_pnl"": 0.0}, {""time_ms"": 1748650500000, ""role"": ""TP2R"", ""qty"": 5690.676028594699, ""price"": 13.695265208567331, ""fee"": 0.0, ""gross_pnl"": 4686.1111837298195}, {""time_ms"": 1748819100000, ""role"": ""STOP"", ""qty"": 5690.676028594699, ""price"": 14.105739546680152, ""fee"": 0.0, ""gross_pnl"": 2350.234707477918}]",2.726039236548615,-0.1716527197698443
ETHUSDT,LONG,1748966400000,1749139200000,2623.861275,132.8560585115323,9757.909512791452,1748952000000,487895.4756395726,2.0,-4889.827018743315,0.0,-129.2879151198211,-5019.114933863137,-0.5143637504819734,12,False,BB_MID,"[{""time_ms"": 1748966400000, ""role"": ""ENTRY"", ""qty"": 132.8560585115323, ""price"": 2623.861275, ""fee"": 0.0, ""gross_pnl"": 0.0}, {""time_ms"": 1749139200000, ""role"": ""BB_MID"", ""qty"": 132.8560585115323, ""price"": 2587.055825, ""fee"": 0.0, ""gross_pnl"": -4889.827018743315}]",0.7594394621700777,-0.869348984668868
LINKUSDT,SHORT,1749153600000,1749213000000,13.1804065,29819.35009216766,9657.52721411419,1749139200000,482876.36070570955,2.0,-2870.7436389049108,0.0,-110.48846379596662,-2981.2321027008775,-0.30869518010199287,5,False,STOP,"[{""time_ms"": 1749153600000, ""role"": ""ENTRY"", ""qty"": 29819.35009216766, ""price"": 13.1804065, ""fee"": 0.0, ""gross_pnl"": 0.0}, {""time_ms"": 1749213000000, ""role"": ""STOP"", ""qty"": 29819.35009216766, ""price"": 13.276677667212962, ""fee"": 0.0, ""gross_pnl"": -2870.7436389049108}]",1.6902159014755016,-0.5915793479239752
LTCUSDT,SHORT,1749168000000,1749213000000,83.488235,5591.196440717332,9837.710457447689,1749153600000,491885.52287238446,2.0,-10076.028873863308,0.0,28.975652053198143,-10047.05322181011,-1.0212796224556433,4,False,STOP,"[{""time_ms"": 1749168000000, ""role"": ""ENTRY"", ""qty"": 5591.196440717332, ""price"": 83.488235, ""fee"": 0.0, ""gross_pnl"": 0.0}, {""time_ms"": 1749213000000, ""role"": ""STOP"", ""qty"": 5591.196440717332, ""price"": 85.29035892476244, ""fee"": 0.0, ""gross_pnl"": -10076.028873863308}]",0.21496731326888469,-1.3195594910352746
ETHUSDT,LONG,1749556800000,1749569400000,2774.3764949999995,120.84902822725715,9396.961507623972,1749542400000,469848.07538119855,2.0,-9559.903378548814,0.0,0.0,-9559.903378548814,-1.0173398465868615,1,False,STOP,"[{""time_ms"": 1749556800000, ""role"": ""ENTRY"", ""qty"": 120.84902822725715, ""price"": 2774.3764949999995, ""fee"": 0.0, ""gross_pnl"": 0.0}, {""time_ms"": 1749569400000, ""role"": ""STOP"", ""qty"": 120.84902822725715, ""price"": 2695.270328249768, ""fee"": 0.0, ""gross_pnl"": -9559.903378548814}]",0.05303007485302499,-1.1040234110833556
DOGEUSDT,SHORT,1750118400000,1750372500000,0.17251370000000002,1101438.1627042994,4602.881720026497,1750104000000,460288.17200264975,1.0,5145.040702638536,0.0,53.19296075331856,5198.233663391854,1.129343306992892,18,True,STOP,"[{""time_ms"": 1750118400000, ""role"": ""ENTRY"", ""qty"": 1101438.1627042994, ""price"": 0.17251370000000002, ""fee"": 0.0, ""gross_pnl"": 0.0}, {""time_ms"": 1750179300000, ""role"": ""TP2R"", ""qty"": 550719.0813521497, ""price"": 0.16423782937553577, ""fee"": 0.0, ""gross_pnl"": 4557.679867694193}, {""time_ms"": 1750372500000, ""role"": ""STOP"", ""qty"": 550719.0813521497, ""price"": 0.17144716561825638, ""fee"": 0.0, ""gross_pnl"": 587.3608349443429}]",2.0827359727753842,-0.8390336456153478
XRPUSDT,SHORT,1750550400000,1750632900000,2.06086905,263025.2461518953,9990.046117506914,1750536000000,499502.3058753457,2.0,15924.418820892894,0.0,53.25922075820028,15977.678041651094,1.5993597881046053,6,True,STOP,"[{""time_ms"": 1750550400000, ""role"": ""ENTRY"", ""qty"": 263025.2461518953, ""price"": 2.06086905, ""fee"": 0.0, ""gross_pnl"": 0.0}, {""time_ms"": 1750598400000, ""role"": ""TP2R"", ""qty"": 131512.62307594766, ""price"": 1.9858988626318939, ""fee"": 0.0, ""gross_pnl"": 9859.525993274912}, {""time_ms"": 1750632900000, ""role"": ""STOP"", ""qty"": 131512.62307594766, ""price"": 2.01475261884863, ""fee"": 0.0, ""gross_pnl"": 6064.892827617982}]",4.051176969091731,-0.7380193681689904
ETHUSDT,SHORT,1750464000000,1750638900000,2404.227285,172.94739426252923,9309.728113320833,1750449600000,465486.4056660416,2.0000000000000004,23208.995265924263,0.0,23.440269946180393,23232.43553587044,2.4955009698541346,13,True,STOP,"[{""time_ms"": 1750464000000, ""role"": ""ENTRY"", ""qty"": 172.94739426252923, ""price"": 2404.227285, ""fee"": 0.0, ""gross_pnl"": 0.0}, {""time_ms"": 1750541400000, ""role"": ""TP2R"", ""qty"": 86.47369713126461, ""price"": 2297.7159171287103, ""fee"": 0.0, ""gross_pnl"": 9210.431766338608}, {""time_ms"": 1750638900000, ""role"": ""STOP"", ""qty"": 86.47369713126461, ""price"": 2242.3449558758475, ""fee"": 0.0, ""gross_pnl"": 13998.563499585653}]",5.44730138733734,-0.8124253481101839
SOLUSDT,SHORT,1750464000000,1750652700000,139.939995,2652.2056935588816,9301.407856309213,1750449600000,465278.39924075117,2.0,17703.715039978906,0.0,-7.1982751935853955,17696.51676478532,1.9025632504418826,14,True,STOP,"[{""time_ms"": 1750464000000, ""role"": ""ENTRY"", ""qty"": 2652.2056935588816, ""price"": 139.939995, ""fee"": 0.0, ""gross_pnl"": 0.0}, {""time_ms"": 1750541400000, ""role"": ""TP2R"", ""qty"": 1326.1028467794408, ""price"": 132.99236558367025, ""fee"": 0.0, ""gross_pnl"": 9213.27114736348}, {""time_ms"": 1750652700000, ""role"": ""STOP"", ""qty"": 1326.1028467794408, ""price"": 133.53744189996314, ""fee"": 0.0, ""gross_pnl"": 8490.443892615425}]",4.023327398733875,-0.738514654282846
BTCUSDT,SHORT,1751400000000,1751426400000,105287.42995,12.503794425396132,10543.906011435218,1751385600000,527195.3005717609,2.0,-11207.424154277363,0.0,23.86822634766564,-11183.555927929698,-1.0606653659280307,2,False,STOP,"[{""time_ms"": 1751400000000, ""role"": ""ENTRY"", ""qty"": 12.503794425396132, ""price"": 105287.42995, ""fee"": 0.0, ""gross_pnl"": 0.0}, {""time_ms"": 1751426400000, ""role"": ""STOP"", ""qty"": 12.503794425396132, ""price"": 106183.75180023086, ""fee"": 0.0, ""gross_pnl"": -11207.424154277363}]",0.3289982913813747,-1.0004904118666136
AVAXUSDT,SHORT,1751385600000,1751439000000,17.243374,14835.150355837723,5222.520693571342,1751371200000,522252.0693571342,1.0,-5353.035976884069,0.0,-23.79181953817061,-5376.82779642224,-1.0295464799289051,4,False,STOP,"[{""time_ms"": 1751385600000, ""role"": ""ENTRY"", ""qty"": 14835.150355837723, ""price"": 17.243374, ""fee"": 0.0, ""gross_pnl"": 0.0}, {""time_ms"": 1751439000000, ""role"": ""STOP"", ""qty"": 14835.150355837723, ""price"": 17.604208629139947, ""fee"": 0.0, ""gross_pnl"": -5353.035976884069}]",0.881651835714238,-1.0982541148255114
DOGEUSDT,SHORT,1751385600000,1751454300000,0.159210355,1769937.2366681672,5223.930360083486,1751371200000,522393.03600834863,1.0,-5367.438493152307,0.0,-18.607578204089148,-5386.046071356396,-1.031033283389773,5,False,STOP,"[{""time_ms"": 1751385600000, ""role"": ""ENTRY"", ""qty"": 1769937.2366681672, ""price"": 0.159210355, ""fee"": 0.0, ""gross_pnl"": 0.0}, {""time_ms"": 1751454300000, ""role"": ""STOP"", ""qty"": 1769937.2366681672, ""price"": 0.16224291365911736, ""fee"": 0.0, ""gross_pnl"": -5367.438493152307}]",0.9352450672495305,-1.0027671756204382
SOLUSDT,LONG,1752120000000,1752336000000,157.35863999999998,2564.0001288279036,10008.932124252806,1752105600000,500446.6062126403,2.0,1595.6542001735554,0.0,-240.24292698536337,1355.4112731881921,0.13542016834182272,15,False,BB_MID,"[{""time_ms"": 1752120000000, ""role"": ""ENTRY"", ""qty"": 2564.0001288279036, ""price"": 157.35863999999998, ""fee"": 0.0, ""gross_pnl"": 0.0}, {""time_ms"": 1752336000000, ""role"": ""BB_MID"", ""qty"": 2564.0001288279036, ""price"": 157.98097, ""fee"": 0.0, ""gross_pnl"": 1595.6542001735554}]",2.7721207507104064,-0.47613003468143755
BTCUSDT,LONG,1752134400000,1752552000000,111241.7931,7.214991244601686,10032.41851701143,1752120000000,501620.9258505715,2.0000000000000004,42631.95686058238,0.0,-1108.304711047984,41523.6521495344,4.138947361408915,29,False,BB_MID,"[{""time_ms"": 1752134400000, ""role"": ""ENTRY"", ""qty"": 7.214991244601686, ""price"": 111241.7931, ""fee"": 0.0, ""gross_pnl"": 0.0}, {""time_ms"": 1752552000000, ""role"": ""BB_MID"", ""qty"": 7.214991244601686, ""price"": 117150.5954, ""fee"": 0.0, ""gross_pnl"": 42631.95686058238}]",8.671872795335911,-0.5822331991319246
XRPUSDT,SHORT,1756483200000,1756604700000,2.8315835000000003,189091.92693122727,10866.513392707258,1756468800000,543325.6696353629,2.0,-4679.61716736457,0.0,23.584437904049377,-4656.032729460521,-0.42847531321180543,9,False,STOP,"[{""time_ms"": 1756483200000, ""role"": ""ENTRY"", ""qty"": 189091.92693122727, ""price"": 2.8315835000000003, ""fee"": 0.0, ""gross_pnl"": 0.0}, {""time_ms"": 1756604700000, ""role"": ""STOP"", ""qty"": 189091.92693122727, ""price"": 2.856331342191415, ""fee"": 0.0, ""gross_pnl"": -4679.61716736457}]",1.252609574970849,-0.45968257777431
SOLUSDT,LONG,1756900800000,1757001600000,210.36513,1496.7961877012478,10773.39273811805,1756886400000,538669.6369059024,2.0,-10158.71082204269,0.0,-53.224106409212126,-10211.934928451903,-0.9478847728552942,7,False,BB_MID,"[{""time_ms"": 1756900800000, ""role"": ""ENTRY"", ""qty"": 1496.7961877012478, ""price"": 210.36513, ""fee"": 0.0, ""gross_pnl"": 0.0}, {""time_ms"": 1757001600000, ""role"": ""BB_MID"", ""qty"": 1496.7961877012478, ""price"": 203.57816000000003, ""fee"": 0.0, ""gross_pnl"": -10158.71082204269}]",0.35912768203595424,-0.9843691612434677
ETHUSDT,LONG,1757620800000,1757865600000,4424.571179999999,117.57600652664371,11033.473497786219,1757606400000,551673.674889311,2.0,18031.30468787782,0.0,-373.8348397834357,17657.469848094384,1.6003545802359718,17,False,BB_MID,"[{""time_ms"": 1757620800000, ""role"": ""ENTRY"", ""qty"": 117.57600652664371, ""price"": 4424.571179999999, ""fee"": 0.0, ""gross_pnl"": 0.0}, {""time_ms"": 1757865600000, ""role"": ""BB_MID"", ""qty"": 117.57600652664371, ""price"": 4577.92989, ""fee"": 0.0, ""gross_pnl"": 18031.30468787782}]",3.6596806245883853,-0.12160096042518288
SOLUSDT,LONG,1757390400000,1757894400000,214.63726499999999,1975.9971341183336,10569.15403954901,1757376000000,528457.7019774505,2.0,49129.068545799164,0.0,-353.4097530410832,48775.658792758084,4.614906605603731,35,False,BB_MID,"[{""time_ms"": 1757390400000, ""role"": ""ENTRY"", ""qty"": 1975.9971341183336, ""price"": 214.63726499999999, ""fee"": 0.0, ""gross_pnl"": 0.0}, {""time_ms"": 1757894400000, ""role"": ""BB_MID"", ""qty"": 1975.9971341183336, ""price"": 239.50019000000003, ""fee"": 0.0, ""gross_pnl"": 49129.068545799164}]",6.5272456098271245,-0.5566261108028879
ETHUSDT,LONG,1759809600000,1759848600000,4691.08437,117.72759087667424,11897.816612366061,1759795200000,594890.830618303,2.0,-12168.00273479943,0.0,-55.05919288397564,-12223.061927683404,-1.0273365547573912,3,False,STOP,"[{""time_ms"": 1759809600000, ""role"": ""ENTRY"", ""qty"": 117.72759087667424, ""price"": 4691.08437, ""fee"": 0.0, ""gross_pnl"": 0.0}, {""time_ms"": 1759848600000, ""role"": ""STOP"", ""qty"": 117.72759087667424, ""price"": 4587.727097128035, ""fee"": 0.0, ""gross_pnl"": -12168.00273479943}]",0.6225432606424488,-1.0002187580381385
BCHUSDT,SHORT,1759852800000,1759945500000,577.711,675.2667876257534,5826.677686906196,1759838400000,582667.7686906196,1.0,-6024.645551322656,0.0,92.03944048661646,-5932.606110836039,-1.0181799010725936,7,False,STOP,"[{""time_ms"": 1759852800000, ""role"": ""ENTRY"", ""qty"": 675.2667876257534, ""price"": 577.711, ""fee"": 0.0, ""gross_pnl"": 0.0}, {""time_ms"": 1759945500000, ""role"": ""STOP"", ""qty"": 675.2667876257534, ""price"": 586.6328745268154, ""fee"": 0.0, ""gross_pnl"": -6024.645551322656}]",0.5749414526462553,-1.015100218449616
XRPUSDT,SHORT,1761782400000,1761906000000,2.5476255500000002,211494.0431259599,11534.703251595674,1761768000000,576735.1625797837,2.0,16763.632038307635,0.0,21.91170153164825,16785.543739839282,1.4552211161147317,9,True,STOP,"[{""time_ms"": 1761782400000, ""role"": ""ENTRY"", ""qty"": 211494.0431259599, ""price"": 2.5476255500000002, ""fee"": 0.0, ""gross_pnl"": 0.0}, {""time_ms"": 1761844800000, ""role"": ""TP2R"", ""qty"": 105747.02156297995, ""price"": 2.439766543404307, ""fee"": 0.0, ""gross_pnl"": 11405.768696236371}, {""time_ms"": 1761906000000, ""role"": ""STOP"", ""qty"": 105747.02156297995, ""price"": 2.4969587485820495, ""fee"": 0.0, ""gross_pnl"": 5357.863342071263}]",3.15600043631323,-0.8392954106580753
SOLUSDT,SHORT,1761840000000,1761911700000,184.84753,2342.976946451607,11937.764810952956,1761825600000,596888.2405476478,2.0,-8660.421607026214,0.0,-128.0557083558525,-8788.477315382066,-0.7361911927866593,5,False,STOP,"[{""time_ms"": 1761840000000, ""role"": ""ENTRY"", ""qty"": 2342.976946451607, ""price"": 184.84753, ""fee"": 0.0, ""gross_pnl"": 0.0}, {""time_ms"": 1761911700000, ""role"": ""STOP"", ""qty"": 2342.976946451607, ""price"": 188.54386240316012, ""fee"": 0.0, ""gross_pnl"": -8660.421607026214}]",1.2458041092638,-0.8522790708125456
ADAUSDT,SHORT,1762142400000,1762186500000,0.57481245,829066.4382158793,11694.644580084821,1762128000000,584732.2290042411,2.0,18141.14935568002,0.0,9.489593825048745,18150.638949505068,1.552047078062925,4,True,STOP,"[{""time_ms"": 1762142400000, ""role"": ""ENTRY"", ""qty"": 829066.4382158793, ""price"": 0.57481245, ""fee"": 0.0, ""gross_pnl"": 0.0}, {""time_ms"": 1762183800000, ""role"": ""TP2R"", ""qty"": 414533.2191079396, ""price"": 0.5468741523174727, ""fee"": 0.0, ""gross_pnl"": 11581.352474733936}, {""time_ms"": 1762186500000, ""role"": ""STOP"", ""qty"": 414533.2191079396, ""price"": 0.5589879115105093, ""fee"": 0.0, ""gross_pnl"": 6559.796880946083}]",3.5738811963905794,-0.7293135227890648
BTCUSDT,SHORT,1762185600000,1762190400000,105665.9406,9.323171481831887,12619.395907454234,1762171200000,630969.7953727117,2.0,-13118.276447409364,0.0,0.0,-13118.276447409364,-1.0395328384665736,1,False,STOP,"[{""time_ms"": 1762185600000, ""role"": ""ENTRY"", ""qty"": 9.323171481831887, ""price"": 105665.9406, ""fee"": 0.0, ""gross_pnl"": 0.0}, {""time_ms"": 1762190400000, ""role"": ""STOP"", ""qty"": 9.323171481831887, ""price"": 107073.0021855316, ""fee"": 0.0, ""gross_pnl"": -13118.276447409364}]",0.27035580712299945,-1.5745679907489782
SOLUSDT,SHORT,1762156800000,1762318200000,176.28181500000002,2717.2199996640443,11628.678379130195,1762142400000,583083.0739803754,2.0,36529.564839528175,0.0,-64.31976165008295,36465.24507787809,3.1358030456256913,12,True,STOP,"[{""time_ms"": 1762156800000, ""role"": ""ENTRY"", ""qty"": 2717.2199996640443, ""price"": 176.28181500000002, ""fee"": 0.0, ""gross_pnl"": 0.0}, {""time_ms"": 1762183500000, ""role"": ""TP2R"", ""qty"": 1358.6099998320221, ""price"": 167.80642942104825, ""fee"": 0.0, ""gross_pnl"": 11514.74359999599}, {""time_ms"": 1762318200000, ""role"": ""STOP"", ""qty"": 1358.6099998320221, ""price"": 157.86974586858997, ""fee"": 0.0, ""gross_pnl"": 25014.821239532186}]",7.1529225619736785,-0.12809187742169031
LTCUSDT,SHORT,1763683200000,1763950800000,87.146405,4500.861498525146,12524.596731684298,1763668800000,626229.8365842148,2.0,18183.678866681672,0.0,13.411576020079764,18197.090442701752,1.4529082917829501,19,True,STOP,"[{""time_ms"": 1763683200000, ""role"": ""ENTRY"", ""qty"": 4500.861498525146, ""price"": 87.146405, ""fee"": 0.0, ""gross_pnl"": 0.0}, {""time_ms"": 1763710200000, ""role"": ""TP2R"", ""qty"": 2250.430749262573, ""price"": 81.62177352250428, ""fee"": 0.0, ""gross_pnl"": 12432.800555300282}, {""time_ms"": 1763950800000, ""role"": ""STOP"", ""qty"": 2250.430749262573, ""price"": 84.59094831097909, ""fee"": 0.0, ""gross_pnl"": 5750.878311381391}]",2.5789257454183665,-0.5259601188012086
BTCUSDT,SHORT,1764561600000,1764624300000,86275.94045000001,11.903654251579182,14415.734668524967,1764547200000,720786.7334262483,2.0,13909.443053186016,0.0,39.977021455444,13949.42007464146,0.9676523878521677,5,True,STOP,"[{""time_ms"": 1764561600000, ""role"": ""ENTRY"", ""qty"": 11.903654251579182, ""price"": 86275.94045000001, ""fee"": 0.0, ""gross_pnl"": 0.0}, {""time_ms"": 1764603600000, ""role"": ""TP2R"", ""qty"": 5.951827125789591, ""price"": 83895.79860529827, ""fee"": 0.0, ""gross_pnl"": 14166.192794522662}, {""time_ms"": 1764624300000, ""role"": ""STOP"", ""qty"": 5.951827125789591, ""price"": 86319.078420225, ""fee"": 0.0, ""gross_pnl"": -256.74974133664585}]",2.056044378267842,-0.5037508058419975
AVAXUSDT,SHORT,1764489600000,1764672600000,14.120936,55504.643425269394,12888.538540538328,1764475200000,644426.9270269164,2.0,40932.094015076975,0.0,-561.9279731356875,40370.16604194129,3.132253196509828,13,True,STOP,"[{""time_ms"": 1764489600000, ""role"": ""ENTRY"", ""qty"": 55504.643425269394, ""price"": 14.120936, ""fee"": 0.0, ""gross_pnl"": 0.0}, {""time_ms"": 1764546900000, ""role"": ""TP2R"", ""qty"": 27752.321712634697, ""price"": 13.663351277470303, ""fee"": 0.0, ""gross_pnl"": 12699.038430430839}, {""time_ms"": 1764672600000, ""role"": ""STOP"", ""qty"": 27752.321712634697, ""price"": 13.103613706139715, ""fee"": 0.0, ""gross_pnl"": 28233.055584646136}]",6.791093505999229,-0.7453021597086067
ETHUSDT,SHORT,1764590400000,1764672600000,2835.06176,29.079535145195834,1495.406692021821,1764576000000,725980.4619133843,2.0,1607.4379818324164,0.0,4.078614808155681,1611.516596640572,1.0776443660699204,6,True,STOP,"[{""time_ms"": 1764590400000, ""role"": ""ENTRY"", ""qty"": 29.079535145195834, ""price"": 2835.06176, ""fee"": 0.0, ""gross_pnl"": 0.0}, {""time_ms"": 1764603000000, ""role"": ""TP2R"", ""qty"": 14.539767572597917, ""price"": 2733.578444088781, ""fee"": 0.0, ""gross_pnl"": 1475.543825845653}, {""time_ms"": 1764672600000, ""role"": ""STOP"", ""qty"": 14.539767572597917, ""price"": 2825.990490096392, ""fee"": 0.0, ""gross_pnl"": 131.89415598676342}]",2.275010547143298,-0.07619371933748748
XRPUSDT,SHORT,1764547200000,1764686100000,2.15262315,351708.7212278657,13367.615691438836,1764532800000,668380.7845719418,2.0,28251.377829877765,0.0,1.3366261741028138,28252.71445605187,2.1135193521568736,10,True,STOP,"[{""time_ms"": 1764547200000, ""role"": ""ENTRY"", ""qty"": 351708.7212278657, ""price"": 2.15262315, ""fee"": 0.0, ""gross_pnl"": 0.0}, {""time_ms"": 1764549300000, ""role"": ""TP2R"", ""qty"": 175854.36061393286, ""price"": 2.0776461896936946, ""fee"": 0.0, ""gross_pnl"": 13185.02541544158}, {""time_ms"": 1764686100000, ""role"": ""STOP"", ""qty"": 175854.36061393286, ""price"": 2.0669479790128413, ""fee"": 0.0, ""gross_pnl"": 15066.352414436185}]",4.476026010837255,-0.18882654874352706
BNBUSDT,SHORT,1765425600000,1765487100000,867.855855,933.2273746417262,14572.214883923834,1765411200000,728610.7441961917,2.0,-14984.454411930312,0.0,0.0,-14984.454411930312,-1.028289421429083,5,False,STOP,"[{""time_ms"": 1765425600000, ""role"": ""ENTRY"", ""qty"": 933.2273746417262, ""price"": 867.855855, ""fee"": 0.0, ""gross_pnl"": 0.0}, {""time_ms"": 1765487100000, ""role"": ""STOP"", ""qty"": 933.2273746417262, ""price"": 883.9124504440449, ""fee"": 0.0, ""gross_pnl"": -14984.454411930312}]",0.5543344578208909,-1.0306941535718703
DOGEUSDT,SHORT,1765742400000,1765762500000,0.13417288,5958627.010891552,14272.525795685227,1765728000000,713626.2897842614,2.0,-14679.405132031541,0.0,-64.0840801218169,-14743.489212153358,-1.0329979026284548,2,False,STOP,"[{""time_ms"": 1765742400000, ""role"": ""ENTRY"", ""qty"": 5958627.010891552, ""price"": 0.13417288, ""fee"": 0.0, ""gross_pnl"": 0.0}, {""time_ms"": 1765762500000, ""role"": ""STOP"", ""qty"": 5958627.010891552, ""price"": 0.13663643496076522, ""fee"": 0.0, ""gross_pnl"": -14679.405132031541}]",0.698409524472092,-1.0800949553777024
LTCUSDT,SHORT,1765742400000,1765762500000,79.02047,11007.08428407778,14256.528073886386,1765728000000,713226.3467392903,2.0,-14698.548824651936,0.0,-12.43079780221868,-14710.979622454155,-1.031876733676847,2,False,STOP,"[{""time_ms"": 1765742400000, ""role"": ""ENTRY"", ""qty"": 11007.08428407778, ""price"": 79.02047, ""fee"": 0.0, ""gross_pnl"": 0.0}, {""time_ms"": 1765762500000, ""role"": ""STOP"", ""qty"": 11007.08428407778, ""price"": 80.35584169747251, ""fee"": 0.0, ""gross_pnl"": -14698.548824651936}]",0.8650849396053936,-1.0573775088469797
BNBUSDT,SHORT,1765814400000,1765886400000,858.7604050000001,1038.3183974723604,13683.43641899308,1765800000000,684171.8209496539,2.0,-9357.801743110678,0.0,0.0,-9357.801743110678,-0.6838780447082523,6,False,STOP,"[{""time_ms"": 1765814400000, ""role"": ""ENTRY"", ""qty"": 1038.3183974723604, ""price"": 858.7604050000001, ""fee"": 0.0, ""gross_pnl"": 0.0}, {""time_ms"": 1765886400000, ""role"": ""STOP"", ""qty"": 1038.3183974723604, ""price"": 867.7728637659152, ""fee"": 0.0, ""gross_pnl"": -9357.801743110678}]",1.3658960440310892,-0.7307072099834038
ETHUSDT,SHORT,1766505600000,1766522400000,2925.926305,264.0700413940415,13496.280384130865,1766491200000,674814.0192065432,2.0,-13889.353264561541,0.0,0.0,-13889.353264561541,-1.0291245342600364,2,False,STOP,"[{""time_ms"": 1766505600000, ""role"": ""ENTRY"", ""qty"": 264.0700413940415, ""price"": 2925.926305, ""fee"": 0.0, ""gross_pnl"": 0.0}, {""time_ms"": 1766522400000, ""role"": ""STOP"", ""qty"": 264.0700413940415, ""price"": 2978.5235371253816, ""fee"": 0.0, ""gross_pnl"": -13889.353264561541}]",0.3648361172894342,-1.1491913941052718
SOLUSDT,SHORT,1766505600000,1766522700000,123.22835500000001,5802.386578001133,13480.819664161334,1766491200000,674427.501207305,2.0,-13845.069350533948,0.0,0.0,-13845.069350533948,-1.0270198471196057,2,False,STOP,"[{""time_ms"": 1766505600000, ""role"": ""ENTRY"", ""qty"": 5802.386578001133, ""price"": 123.22835500000001, ""fee"": 0.0, ""gross_pnl"": 0.0}, {""time_ms"": 1766522700000, ""role"": ""STOP"", ""qty"": 5802.386578001133, ""price"": 125.61445409291902, ""fee"": 0.0, ""gross_pnl"": -13845.069350533948}]",0.2274134686757966,-1.0207985462758973
XRPUSDT,SHORT,1766548800000,1766677800000,1.8596697000000002,424970.5836016949,12927.923248135006,1766534400000,646737.879499099,2.0,-12461.012720700402,0.0,73.52321461178266,-12387.48950608862,-0.9581963992457683,9,False,STOP,"[{""time_ms"": 1766548800000, ""role"": ""ENTRY"", ""qty"": 424970.5836016949, ""price"": 1.8596697000000002, ""fee"": 0.0, ""gross_pnl"": 0.0}, {""time_ms"": 1766677800000, ""role"": ""STOP"", ""qty"": 424970.5836016949, ""price"": 1.8889917594590133, ""fee"": 0.0, ""gross_pnl"": -12461.012720700402}]",0.7780775016689708,-0.9904522891517953
SOLUSDT,SHORT,1766548800000,1766679900000,122.59867,5571.777145748581,12941.591931828954,1766534400000,647079.5965914477,2.0,-10093.383799726258,0.0,174.65336389899886,-9918.73043582726,-0.7664227467590617,10,False,STOP,"[{""time_ms"": 1766548800000, ""role"": ""ENTRY"", ""qty"": 5571.777145748581, ""price"": 122.59867, ""fee"": 0.0, ""gross_pnl"": 0.0}, {""time_ms"": 1766679900000, ""role"": ""STOP"", ""qty"": 5571.777145748581, ""price"": 124.41018965265297, ""fee"": 0.0, ""gross_pnl"": -10093.383799726258}]",0.8992405132469651,-0.7841419295494755
XRPUSDT,SHORT,1767211200000,1767228600000,1.82638635,620147.0025238727,13026.266271402877,1767196800000,651313.3135701439,2.0,-13599.09341474,0.0,-217.4692315160157,-13816.562646256016,-1.0606694472834561,2,False,STOP,"[{""time_ms"": 1767211200000, ""role"": ""ENTRY"", ""qty"": 620147.0025238727, ""price"": 1.82638635, ""fee"": 0.0, ""gross_pnl"": 0.0}, {""time_ms"": 1767228600000, ""role"": ""STOP"", ""qty"": 620147.0025238727, ""price"": 1.8483151722943825, ""fee"": 0.0, ""gross_pnl"": -13599.09341474}]",0.7515474833172112,-1.0575346899561637
DOGEUSDT,SHORT,1767196800000,1767255300000,0.12103945,7410124.037637339,12495.46753299064,1767182400000,624773.376649532,2.0,19400.38653679603,0.0,-52.782906991737846,19347.603629804293,1.5483697251601498,5,True,STOP,"[{""time_ms"": 1767196800000, ""role"": ""ENTRY"", ""qty"": 7410124.037637339, ""price"": 0.12103945, ""fee"": 0.0, ""gross_pnl"": 0.0}, {""time_ms"": 1767199200000, ""role"": ""TP2R"", ""qty"": 3705062.0188186695, ""price"": 0.11772574408363187, ""fee"": 0.0, ""gross_pnl"": 12277.485932270289}, {""time_ms"": 1767255300000, ""role"": ""STOP"", ""qty"": 3705062.0188186695, ""price"": 0.11911697189616605, ""fee"": 0.0, ""gross_pnl"": 7122.900604525742}]",3.379916064349461,-0.26125714273292083
ETHUSDT,LONG,1767412800000,1767801600000,3125.4719549999995,221.5004106614033,12606.088352661605,1767398400000,630304.4176330803,2.0,8079.510999400502,0.0,-520.6158590737307,7558.895140326772,0.5996225735424751,27,False,BB_MID,"[{""time_ms"": 1767412800000, ""role"": ""ENTRY"", ""qty"": 221.5004106614033, ""price"": 3125.4719549999995, ""fee"": 0.0, ""gross_pnl"": 0.0}, {""time_ms"": 1767801600000, ""role"": ""BB_MID"", ""qty"": 221.5004106614033, ""price"": 3161.9482350000003, ""fee"": 0.0, ""gross_pnl"": 8079.510999400502}]",3.2071833699457573,-0.8952720812970012
LTCUSDT,SHORT,1768176000000,1768187700000,78.72062000000001,6199.560119673055,6378.633127734072,1768161600000,637863.3127734072,1.0,-6625.839052471837,0.0,0.0,-6625.839052471837,-1.0387553132132528,1,False,STOP,"[{""time_ms"": 1768176000000, ""role"": ""ENTRY"", ""qty"": 6199.560119673055, ""price"": 78.72062000000001, ""fee"": 0.0, ""gross_pnl"": 0.0}, {""time_ms"": 1768187700000, ""role"": ""STOP"", ""qty"": 6199.560119673055, ""price"": 79.7893795449629, ""fee"": 0.0, ""gross_pnl"": -6625.839052471837}]",1.011405754578328,-1.0879546554552832
LTCUSDT,SHORT,1768190400000,1768194300000,79.170395,5655.705948210948,6312.374737209354,1768176000000,631237.4737209354,1.0,-6539.41316153984,0.0,0.0,-6539.41316153984,-1.0359671967812953,1,False,STOP,"[{""time_ms"": 1768190400000, ""role"": ""ENTRY"", ""qty"": 5655.705948210948, ""price"": 79.170395, ""fee"": 0.0, ""gross_pnl"": 0.0}, {""time_ms"": 1768194300000, ""role"": ""STOP"", ""qty"": 5655.705948210948, ""price"": 80.32664555853698, ""fee"": 0.0, ""gross_pnl"": -6539.41316153984}]",0.22434670783318203,-1.0837712395557342
LTCUSDT,SHORT,1768204800000,1768322100000,78.51072500000001,5234.045188311248,6246.980605593956,1768190400000,624698.0605593956,1.0,7879.026492214073,0.0,50.57713337438611,7929.603625588459,1.2693498069271694,9,True,STOP,"[{""time_ms"": 1768204800000, ""role"": ""ENTRY"", ""qty"": 5234.045188311248, ""price"": 78.51072500000001, ""fee"": 0.0, ""gross_pnl"": 0.0}, {""time_ms"": 1768222500000, ""role"": ""TP2R"", ""qty"": 2617.022594155624, ""price"": 76.16173040628847, ""fee"": 0.0, ""gross_pnl"": 6147.371925292506}, {""time_ms"": 1768322100000, ""role"": ""STOP"", ""qty"": 2617.022594155624, ""price"": 77.84903618967459, ""fee"": 0.0, ""gross_pnl"": 1731.6545669215675}]",2.740383479534063,-0.3848044768554303
ADAUSDT,SHORT,1768795200000,1769008500000,0.36511735,628772.8779709962,6326.27664184984,1768780800000,632627.664184984,1.0,1293.2803708295398,0.0,77.91831050488804,1371.1986813344279,0.21674655709230592,15,False,STOP,"[{""time_ms"": 1768795200000, ""role"": ""ENTRY"", ""qty"": 628772.8779709962, ""price"": 0.36511735, ""fee"": 0.0, ""gross_pnl"": 0.0}, {""time_ms"": 1769008500000, ""role"": ""STOP"", ""qty"": 628772.8779709962, ""price"": 0.3630605176903704, ""fee"": 0.0, ""gross_pnl"": 1293.2803708295398}]",1.8702690358207024,-0.7735228027129211
SOLUSDT,SHORT,1769371200000,1769389200000,117.81106500000001,6069.66328313261,12679.97725732637,1769356800000,633998.8628663186,2.0,-13043.85399374358,0.0,-149.5635939450163,-13193.417587688597,-1.040492212244747,2,False,STOP,"[{""time_ms"": 1769371200000, ""role"": ""ENTRY"", ""qty"": 6069.66328313261, ""price"": 117.81106500000001, ""fee"": 0.0, ""gross_pnl"": 0.0}, {""time_ms"": 1769389200000, ""role"": ""STOP"", ""qty"": 6069.66328313261, ""price"": 119.96008931737722, ""fee"": 0.0, ""gross_pnl"": -13043.85399374358}]",0.23027664072608559,-1.2727814738320014
XRPUSDT,SHORT,1769371200000,1769385900000,1.8160915,458937.5972450051,12665.668633102714,1769356800000,633641.1472607271,2.0,-13088.737802112766,0.0,-124.5644980183598,-13213.302300131127,-1.0432376436564217,2,False,STOP,"[{""time_ms"": 1769371200000, ""role"": ""ENTRY"", ""qty"": 458937.5972450051, ""price"": 1.8160915, ""fee"": 0.0, ""gross_pnl"": 0.0}, {""time_ms"": 1769385900000, ""role"": ""STOP"", ""qty"": 458937.5972450051, ""price"": 1.844611145983864, ""fee"": 0.0, ""gross_pnl"": -13088.737802112766}]",0.16637194914787312,-1.000387663737163
LTCUSDT,SHORT,1771502400000,1771565400000,52.503735000000006,11896.323174603196,12141.69489349602,1771488000000,607338.44382665,2.0,-10411.74654785457,0.0,-55.51810122608099,-10467.264649080651,-0.8620925448133014,5,False,STOP,"[{""time_ms"": 1771502400000, ""role"": ""ENTRY"", ""qty"": 11896.323174603196, ""price"": 52.503735000000006, ""fee"": 0.0, ""gross_pnl"": 0.0}, {""time_ms"": 1771565400000, ""role"": ""STOP"", ""qty"": 11896.323174603196, ""price"": 53.378942103492456, ""fee"": 0.0, ""gross_pnl"": -10411.74654785457}]",1.1010254202462137,-1.0447168324549998
XRPUSDT,SHORT,1771502400000,1771664100000,1.40759585,360291.3467996148,12151.842859569979,1771488000000,607592.142978499,2.0,-9976.641659960622,0.0,-5.856609918813205,-9982.498269879436,-0.821480197303398,12,False,STOP,"[{""time_ms"": 1771502400000, ""role"": ""ENTRY"", ""qty"": 360291.3467996148, ""price"": 1.40759585, ""fee"": 0.0, ""gross_pnl"": 0.0}, {""time_ms"": 1771664100000, ""role"": ""STOP"", ""qty"": 360291.3467996148, ""price"": 1.4352863336837767, ""fee"": 0.0, ""gross_pnl"": -9976.641659960622}]",0.9189994201500106,-0.9192455077774577
DOGEUSDT,SHORT,1771776000000,1771832400000,0.09565215,6579829.399643601,11742.847601190775,1771761600000,587142.3800595388,2.0,12999.422470722327,0.0,-53.95718037020219,12945.465290352126,1.1024127818059566,4,True,STOP,"[{""time_ms"": 1771776000000, ""role"": ""ENTRY"", ""qty"": 6579829.399643601, ""price"": 0.09565215, ""fee"": 0.0, ""gross_pnl"": 0.0}, {""time_ms"": 1771808400000, ""role"": ""TP2R"", ""qty"": 3289914.6998218005, ""price"": 0.0921288442685651, ""fee"": 0.0, ""gross_pnl"": 11591.375317814089}, {""time_ms"": 1771832400000, ""role"": ""STOP"", ""qty"": 3289914.6998218005, ""price"": 0.09522416104545826, ""fee"": 0.0, ""gross_pnl"": 1408.0471529082395}]",2.4050056440157253,-0.14448020346666113
BTCUSDT,SHORT,1771819200000,1771830000000,64861.65295,13.501606459028357,12622.649729353949,1771804800000,631132.4864676974,2.0,-13066.829310425175,0.0,0.0,-13066.829310425175,-1.0351890918780933,1,False,STOP,"[{""time_ms"": 1771819200000, ""role"": ""ENTRY"", ""qty"": 13.501606459028357, ""price"": 64861.65295, ""fee"": 0.0, ""gross_pnl"": 0.0}, {""time_ms"": 1771830000000, ""role"": ""STOP"", ""qty"": 13.501606459028357, ""price"": 65829.45106721498, ""fee"": 0.0, ""gross_pnl"": -13066.829310425175}]",0.24938815883807924,-1.0037942130542383
XRPUSDT,SHORT,1771790400000,1771839000000,1.3851071,502741.88698408887,11824.720418410541,1771776000000,591236.020920527,2.0,12299.918838594225,0.0,-219.6977164496746,12080.22112214455,1.0216073357080144,4,True,STOP,"[{""time_ms"": 1771790400000, ""role"": ""ENTRY"", ""qty"": 502741.88698408887, ""price"": 1.3851071, ""fee"": 0.0, ""gross_pnl"": 0.0}, {""time_ms"": 1771809300000, ""role"": ""TP2R"", ""qty"": 251370.94349204443, ""price"": 1.3387352131884027, ""fee"": 0.0, ""gross_pnl"": 11656.544939337482}, {""time_ms"": 1771839000000, ""role"": ""STOP"", ""qty"": 251370.94349204443, ""price"": 1.382547639903622, ""fee"": 0.0, ""gross_pnl"": 643.3738992567426}]",2.3854593029774604,-0.6799569410393419
ETHUSDT,SHORT,1771833600000,1771839900000,1883.1879350000002,180.14858402082103,6114.779596251305,1771819200000,601768.4641162816,2.0,-6287.463806017064,0.0,0.0,-6287.463806017064,-1.0282404634619413,1,False,STOP,"[{""time_ms"": 1771833600000, ""role"": ""ENTRY"", ""qty"": 180.14858402082103, ""price"": 1883.1879350000002, ""fee"": 0.0, ""gross_pnl"": 0.0}, {""time_ms"": 1771839900000, ""role"": ""STOP"", ""qty"": 180.14858402082103, ""price"": 1918.089479412308, ""fee"": 0.0, ""gross_pnl"": -6287.463806017064}]",0.22354947130557107,-1.0200066719412886
BTCUSDT,SHORT,1771833600000,1771959600000,65882.74215,12.484850906628445,12043.598759194689,1771819200000,602179.9379597345,2.0,20044.367381751406,0.0,36.03690654750838,20080.404288298916,1.6673093059471553,9,True,STOP,"[{""time_ms"": 1771833600000, ""role"": ""ENTRY"", ""qty"": 12.484850906628445, ""price"": 65882.74215, ""fee"": 0.0, ""gross_pnl"": 0.0}, {""time_ms"": 1771877400000, ""role"": ""TP2R"", ""qty"": 6.2424254533142225, ""price"": 63985.40487398649, ""fee"": 0.0, ""gross_pnl"": 11843.986505308652}, {""time_ms"": 1771959600000, ""role"": ""STOP"", ""qty"": 6.2424254533142225, ""price"": 64569.08915762202, ""fee"": 0.0, ""gross_pnl"": 8200.380876442752}]",3.608580218538057,-0.7171024038098448
ETHUSDT,LONG,1773417600000,1773504000000,2128.0735050000003,172.8132772581423,12257.883552877844,1773403200000,612894.1776438921,2.0,-9601.554072180044,0.0,13.502915410608423,-9588.051156769436,-0.7821946680606541,6,False,BB_MID,"[{""time_ms"": 1773417600000, ""role"": ""ENTRY"", ""qty"": 172.8132772581423, ""price"": 2128.0735050000003, ""fee"": 0.0, ""gross_pnl"": 0.0}, {""time_ms"": 1773504000000, ""role"": ""BB_MID"", ""qty"": 172.8132772581423, ""price"": 2072.513225, ""fee"": 0.0, ""gross_pnl"": -9601.554072180044}]",0.20803903469898954,-0.9584405209810536
SOLUSDT,LONG,1773691200000,1773833400000,95.217585,4226.625860546556,12125.61258556315,1773676800000,606280.6292781576,2.0,-12320.774332840263,0.0,-8.39380610915006,-12329.168138949413,-1.016787238743601,10,False,STOP,"[{""time_ms"": 1773691200000, ""role"": ""ENTRY"", ""qty"": 4226.625860546556, ""price"": 95.217585, ""fee"": 0.0, ""gross_pnl"": 0.0}, {""time_ms"": 1773833400000, ""role"": ""STOP"", ""qty"": 4226.625860546556, ""price"": 92.30254715672919, ""fee"": 0.0, ""gross_pnl"": -12320.774332840263}]",0.8478671135198486,-1.079725479752579
BTCUSDT,LONG,1773662400000,1773835200000,73552.05765,7.926373590706616,12066.122529742455,1773648000000,603306.1264871227,2.0,-5406.665427374421,0.0,75.62030826343658,-5331.045119110984,-0.4418192427575798,12,False,BB_MID,"[{""time_ms"": 1773662400000, ""role"": ""ENTRY"", ""qty"": 7.926373590706616, ""price"": 73552.05765, ""fee"": 0.0, ""gross_pnl"": 0.0}, {""time_ms"": 1773835200000, ""role"": ""BB_MID"", ""qty"": 7.926373590706616, ""price"": 72869.9468, ""fee"": 0.0, ""gross_pnl"": -5406.665427374421}]",1.6073586635520778,-0.5389679935060293
XRPUSDT,SHORT,1774166400000,1774263900000,1.4019986500000001,501492.33290858567,11712.918264581247,1774152000000,585645.9132290623,2.0,-2666.6203929012368,0.0,34.508927617979055,-2632.1114652832575,-0.22471867435825219,7,False,STOP,"[{""time_ms"": 1774166400000, ""role"": ""ENTRY"", ""qty"": 501492.33290858567, ""price"": 1.4019986500000001, ""fee"": 0.0, ""gross_pnl"": 0.0}, {""time_ms"": 1774263900000, ""role"": ""STOP"", ""qty"": 501492.33290858567, ""price"": 1.4073160202126915, ""fee"": 0.0, ""gross_pnl"": -2666.6203929012368}]",1.7639333456001893,-1.4900309048209806
ADAUSDT,SHORT,1774166400000,1774263900000,0.25637175,2261641.2184547475,11698.84939867383,1774152000000,585294.191581377,2.0,-2358.749849279446,0.0,-382.83865842924627,-2741.5885077086923,-0.23434685021413096,7,False,STOP,"[{""time_ms"": 1774166400000, ""role"": ""ENTRY"", ""qty"": 2261641.2184547475, ""price"": 0.25637175, ""fee"": 0.0, ""gross_pnl"": 0.0}, {""time_ms"": 1774263900000, ""role"": ""STOP"", ""qty"": 2261641.2184547475, ""price"": 0.2574146872395729, ""fee"": 0.0, ""gross_pnl"": -2358.749849279446}]",1.715101613505722,-1.5520347765240587
BCHUSDT,SHORT,1774540800000,1774590600000,461.28924,1805.4615903342533,11605.444265121409,1774526400000,580272.2132560704,2.0,-12027.666989681093,0.0,42.5380334765674,-11985.128956204526,-1.0327160841420098,4,False,STOP,"[{""time_ms"": 1774540800000, ""role"": ""ENTRY"", ""qty"": 1805.4615903342533, ""price"": 461.28924, ""fee"": 0.0, ""gross_pnl"": 0.0}, {""time_ms"": 1774590600000, ""role"": ""STOP"", ""qty"": 1805.4615903342533, ""price"": 467.95106379845276, ""fee"": 0.0, ""gross_pnl"": -12027.666989681093}]",0.435478400194995,-1.2789054933435515
LTCUSDT,SHORT,1775102400000,1775194200000,52.403785,14334.496033193529,11365.741685997318,1775088000000,568287.0842998659,2.0,-6718.3854086032625,0.0,-160.00679772927646,-6878.392206332539,-0.6051863922621761,7,False,STOP,"[{""time_ms"": 1775102400000, ""role"": ""ENTRY"", ""qty"": 14334.496033193529, ""price"": 52.403785, ""fee"": 0.0, ""gross_pnl"": 0.0}, {""time_ms"": 1775194200000, ""role"": ""STOP"", ""qty"": 14334.496033193529, ""price"": 52.87247154419701, ""fee"": 0.0, ""gross_pnl"": -6718.3854086032625}]",1.3164237192228614,-0.8276196639248833
BCHUSDT,SHORT,1775404800000,1775407800000,420.84947000000005,2123.5344240867958,11228.173841870666,1775390400000,561408.6920935333,2.0,-11680.632097243395,0.0,0.0,-11680.632097243395,-1.0402966913181804,1,False,STOP,"[{""time_ms"": 1775404800000, ""role"": ""ENTRY"", ""qty"": 2123.5344240867958, ""price"": 420.84947000000005, ""fee"": 0.0, ""gross_pnl"": 0.0}, {""time_ms"": 1775407800000, ""role"": ""STOP"", ""qty"": 2123.5344240867958, ""price"": 426.35003168845327, ""fee"": 0.0, ""gross_pnl"": -11680.632097243395}]",0.026377338853011485,-1.0062481012944564
BCHUSDT,SHORT,1775419200000,1775433600000,425.10734,2025.649425050056,10994.561199925798,1775404800000,549728.0599962899,2.0,-11430.617699953476,0.0,-74.79979771575404,-11505.41749766923,-1.0464644553296842,2,False,STOP,"[{""time_ms"": 1775419200000, ""role"": ""ENTRY"", ""qty"": 2025.649425050056, ""price"": 425.10734, ""fee"": 0.0, ""gross_pnl"": 0.0}, {""time_ms"": 1775433600000, ""role"": ""STOP"", ""qty"": 2025.649425050056, ""price"": 430.75027976963514, ""fee"": 0.0, ""gross_pnl"": -11430.617699953476}]",0.6627776743612843,-1.157523832499182
BNBUSDT,SHORT,1775966400000,1776088800000,595.46212,767.4307898269967,5382.226424986206,1775952000000,538222.6424986207,1.0,-4549.628412588774,0.0,0.0,-4549.628412588774,-0.8453060227023864,9,False,STOP,"[{""time_ms"": 1775966400000, ""role"": ""ENTRY"", ""qty"": 767.4307898269967, ""price"": 595.46212, ""fee"": 0.0, ""gross_pnl"": 0.0}, {""time_ms"": 1776088800000, ""role"": ""STOP"", ""qty"": 767.4307898269967, ""price"": 601.3905092083799, ""fee"": 0.0, ""gross_pnl"": -4549.628412588774}]",0.8971689854721543,-0.9322109506396256
ADAUSDT,SHORT,1775966400000,1776118500000,0.24347820000000003,1036961.6975156503,5379.940402149471,1775952000000,537994.0402149471,1.0,-188.94585549423553,0.0,-203.3885356069899,-392.33439110122544,-0.07292541585488091,11,False,STOP,"[{""time_ms"": 1775966400000, ""role"": ""ENTRY"", ""qty"": 1036961.6975156503, ""price"": 0.24347820000000003, ""fee"": 0.0, ""gross_pnl"": 0.0}, {""time_ms"": 1776118500000, ""role"": ""STOP"", ""qty"": 1036961.6975156503, ""price"": 0.24366041102664346, ""fee"": 0.0, ""gross_pnl"": -188.94585549423553}]",1.6148640774263128,-0.38969375184889915
BCHUSDT,SHORT,1775966400000,1776112200000,426.376705,1009.1758287317125,5378.677382801897,1775952000000,537867.7382801897,1.0,-2128.3128032668697,0.0,-169.46629617894905,-2297.7790994458187,-0.42720150994608347,11,False,STOP,"[{""time_ms"": 1775966400000, ""role"": ""ENTRY"", ""qty"": 1009.1758287317125, ""price"": 426.376705, ""fee"": 0.0, ""gross_pnl"": 0.0}, {""time_ms"": 1776112200000, ""role"": ""STOP"", ""qty"": 1009.1758287317125, ""price"": 428.4856663352528, ""fee"": 0.0, ""gross_pnl"": -2128.3128032668697}]",1.3746750481613916,-0.3664875135819391
BCHUSDT,SHORT,1777291200000,1777298100000,447.486145,1305.8198669016288,5309.829005954848,1777276800000,530982.9005954848,1.0,-5604.652069609923,0.0,0.0,-5604.652069609923,-1.0555240222094606,1,False,STOP,"[{""time_ms"": 1777291200000, ""role"": ""ENTRY"", ""qty"": 1305.8198669016288, ""price"": 447.486145, ""fee"": 0.0, ""gross_pnl"": 0.0}, {""time_ms"": 1777298100000, ""role"": ""STOP"", ""qty"": 1305.8198669016288, ""price"": 451.7782010574012, ""fee"": 0.0, ""gross_pnl"": -5604.652069609923}]",0.04085921440089654,-1.3584542162835127
ADAUSDT,SHORT,1777305600000,1777333200000,0.24417785,1401530.2562582693,5251.869224106446,1777291200000,525186.9224106446,1.0,-5425.606481060052,0.0,0.0,-5425.606481060052,-1.0330810325885762,2,False,STOP,"[{""time_ms"": 1777305600000, ""role"": ""ENTRY"", ""qty"": 1401530.2562582693, ""price"": 0.24417785, ""fee"": 0.0, ""gross_pnl"": 0.0}, {""time_ms"": 1777333200000, ""role"": ""STOP"", ""qty"": 1401530.2562582693, ""price"": 0.24804905182160394, ""fee"": 0.0, ""gross_pnl"": -5425.606481060052}]",0.10083423343758259,-1.0466772229117363
AVAXUSDT,SHORT,1777305600000,1777333800000,9.125435000000001,37007.12576550932,5250.157254898426,1777291200000,525015.7254898426,1.0,-5421.635393880869,0.0,0.0,-5421.635393880869,-1.0326615243424286,2,False,STOP,"[{""time_ms"": 1777305600000, ""role"": ""ENTRY"", ""qty"": 37007.12576550932, ""price"": 9.125435000000001, ""fee"": 0.0, ""gross_pnl"": 0.0}, {""time_ms"": 1777333800000, ""role"": ""STOP"", ""qty"": 37007.12576550932, ""price"": 9.27193747166544, ""fee"": 0.0, ""gross_pnl"": -5421.635393880869}]",0.19338287332812681,-1.033102271891239
SOLUSDT,SHORT,1777305600000,1777437600000,84.05795,4549.967068497052,5253.782485258748,1777291200000,525378.2485258748,1.0,-4265.960250799619,0.0,-64.13629279811754,-4330.096543597736,-0.8241864895905524,10,False,STOP,"[{""time_ms"": 1777305600000, ""role"": ""ENTRY"", ""qty"": 4549.967068497052, ""price"": 84.05795, ""fee"": 0.0, ""gross_pnl"": 0.0}, {""time_ms"": 1777437600000, ""role"": ""STOP"", ""qty"": 4549.967068497052, ""price"": 84.99553046741397, ""fee"": 0.0, ""gross_pnl"": -4265.960250799619}]",0.994166528769794,-0.8504910837391609
BTCUSDT,LONG,1777694400000,1778155200000,78416.88884999999,9.000001267955339,10204.018202146723,1777680000000,510200.9101073361,2.0,21335.37780581141,0.0,348.43522483546406,21683.813030646874,2.1250268865734707,32,False,BB_MID,"[{""time_ms"": 1777694400000, ""role"": ""ENTRY"", ""qty"": 9.000001267955339, ""price"": 78416.88884999999, ""fee"": 0.0, ""gross_pnl"": 0.0}, {""time_ms"": 1778155200000, ""role"": ""BB_MID"", ""qty"": 9.000001267955339, ""price"": 80787.48604999999, ""fee"": 0.0, ""gross_pnl"": 21335.37780581141}]",3.8912421712091967,-0.3859558192491707
SOLUSDT,LONG,1778040000000,1778587200000,87.32364,6933.8613585273915,10769.428586230628,1778025600000,538471.4293115314,2.0,52343.026009387446,0.0,-463.2037485689554,51879.82226081849,4.817323579001211,38,False,BB_MID,"[{""time_ms"": 1778040000000, ""role"": ""ENTRY"", ""qty"": 6933.8613585273915, ""price"": 87.32364, ""fee"": 0.0, ""gross_pnl"": 0.0}, {""time_ms"": 1778587200000, ""role"": ""BB_MID"", ""qty"": 6933.8613585273915, ""price"": 94.87254, ""fee"": 0.0, ""gross_pnl"": 52343.026009387446}]",7.105724275904364,-0.4594747790264521
XRPUSDT,SHORT,1779926400000,1779977700000,1.3061466,664729.1116819143,11675.290907976032,1779912000000,583764.5453988016,2.0,11855.010786871984,0.0,-49.870080164192906,11805.14070670779,1.0111217613124355,4,True,STOP,"[{""time_ms"": 1779926400000, ""role"": ""ENTRY"", ""qty"": 664729.1116819143, ""price"": 1.3061466, ""fee"": 0.0, ""gross_pnl"": 0.0}, {""time_ms"": 1779940800000, ""role"": ""TP2R"", ""qty"": 332364.55584095715, ""price"": 1.2716541430437, ""fee"": 0.0, ""gross_pnl"": 11464.070136143942}, {""time_ms"": 1779977700000, ""role"": ""STOP"", ""qty"": 332364.55584095715, ""price"": 1.3049703595018551, ""fee"": 0.0, ""gross_pnl"": 390.94065072804204}]",2.2401866190619555,-0.2535529649151547
SOLUSDT,SHORT,1779940800000,1779987300000,80.61967,8411.53433266951,12042.840905156536,1779926400000,602142.0452578268,2.0,-12387.929886655786,0.0,-120.74044957212814,-12508.670336227913,-1.0386810250787186,4,False,STOP,"[{""time_ms"": 1779940800000, ""role"": ""ENTRY"", ""qty"": 8411.53433266951, ""price"": 80.61967, ""fee"": 0.0, ""gross_pnl"": 0.0}, {""time_ms"": 1779987300000, ""role"": ""STOP"", ""qty"": 8411.53433266951, ""price"": 82.09240129927585, ""fee"": 0.0, ""gross_pnl"": -12387.929886655786}]",0.49568151044074604,-1.068885941173767
ADAUSDT,SHORT,1779955200000,1779991200000,0.2312843,1395983.7072259013,5908.972203150643,1779940800000,594736.4640573799,2.0,-6073.36124652079,0.0,-6.781758648888791,-6080.143005169679,-1.0289679484238847,3,False,STOP,"[{""time_ms"": 1779955200000, ""role"": ""ENTRY"", ""qty"": 1395983.7072259013, ""price"": 0.2312843, ""fee"": 0.0, ""gross_pnl"": 0.0}, {""time_ms"": 1779991200000, ""role"": ""STOP"", ""qty"": 1395983.7072259013, ""price"": 0.23563489608151858, ""fee"": 0.0, ""gross_pnl"": -6073.36124652079}]",0.5632864462222399,-1.3030738797248702
ETHUSDT,SHORT,1780300800000,1780341900000,1974.462275,468.3937910035901,11539.617455282238,1780286400000,576980.8727641118,2.0,-12007.800199100204,0.0,88.22017140500992,-11919.580027695194,-1.0329267910210516,3,False,STOP,"[{""time_ms"": 1780300800000, ""role"": ""ENTRY"", ""qty"": 468.3937910035901, ""price"": 1974.462275, ""fee"": 0.0, ""gross_pnl"": 0.0}, {""time_ms"": 1780341900000, ""role"": ""STOP"", ""qty"": 468.3937910035901, ""price"": 2000.098396634687, ""fee"": 0.0, ""gross_pnl"": -12007.800199100204}]",0.8135171901464806,-1.1404884072046901
ADAUSDT,SHORT,1780300800000,1780470900000,0.23078455,2863701.3459190135,11521.111684993473,1780286400000,576518.2285068928,2.0,29580.837188195495,0.0,-47.07357960362562,29533.76360859187,2.5634473839065643,12,True,STOP,"[{""time_ms"": 1780300800000, ""role"": ""ENTRY"", ""qty"": 2863701.3459190135, ""price"": 0.23078455, ""fee"": 0.0, ""gross_pnl"": 0.0}, {""time_ms"": 1780383600000, ""role"": ""TP2R"", ""qty"": 1431850.6729595067, ""price"": 0.22284961100895329, ""fee"": 0.0, ""gross_pnl"": 11361.647734222875}, {""time_ms"": 1780470900000, ""role"": ""STOP"", ""qty"": 1431850.6729595067, ""price"": 0.2180603254715335, ""fee"": 0.0, ""gross_pnl"": 18219.18945397262}]",5.862204049793703,-0.37668207056144265
BTCUSDT,SHORT,1780344000000,1780545600000,71535.2145,14.147852789432289,11021.168486918741,1780329600000,563557.0042978054,2.0,61471.405565997025,0.0,288.0785504264484,61759.484116423475,5.603714723146381,15,True,STOP,"[{""time_ms"": 1780344000000, ""role"": ""ENTRY"", ""qty"": 14.147852789432289, ""price"": 71535.2145, ""fee"": 0.0, ""gross_pnl"": 0.0}, {""time_ms"": 1780382700000, ""role"": ""TP2R"", ""qty"": 7.073926394716144, ""price"": 70012.20435697562, ""fee"": 0.0, ""gross_pnl"": 10773.66165016058}, {""time_ms"": 1780545600000, ""role"": ""STOP"", ""qty"": 7.073926394716144, ""price"": 64368.36809999999, ""fee"": 0.0, ""gross_pnl"": 50697.74391583644}]",13.081415494229818,-0.17302388711445338
DOGEUSDT,SHORT,1780416000000,1780545600000,0.0947526,6590488.794564944,12795.868782754336,1780401600000,639793.4391377168,2.0,23905.852049523153,0.0,33.620163958388225,23939.472213481542,1.8708750941355403,10,True,STOP,"[{""time_ms"": 1780416000000, ""role"": ""ENTRY"", ""qty"": 6590488.794564944, ""price"": 0.0947526, ""fee"": 0.0, ""gross_pnl"": 0.0}, {""time_ms"": 1780458600000, ""role"": ""TP2R"", ""qty"": 3295244.397282472, ""price"": 0.0909149027899127, ""fee"": 0.0, ""gross_pnl"": 12646.15023000678}, {""time_ms"": 1780545600000, ""role"": ""STOP"", ""qty"": 3295244.397282472, ""price"": 0.091335645, ""fee"": 0.0, ""gross_pnl"": 11259.701819516373}]",4.64707361472662,-0.8021360192821619
AVAXUSDT,SHORT,1781467200000,1781471700000,6.425785500000001,108804.72254250321,13605.880253498268,1781452800000,680294.0126749134,2.0,-13962.261097847577,0.0,0.0,-13962.261097847577,-1.0261931486761158,1,False,STOP,"[{""time_ms"": 1781467200000, ""role"": ""ENTRY"", ""qty"": 108804.72254250321, ""price"": 6.425785500000001, ""fee"": 0.0, ""gross_pnl"": 0.0}, {""time_ms"": 1781471700000, ""role"": ""STOP"", ""qty"": 108804.72254250321, ""price"": 6.554109535681388, ""fee"": 0.0, ""gross_pnl"": -13962.261097847577}]",0.12623490106442428,-1.3531896782594772
DOGEUSDT,SHORT,1782187200000,1782338100000,0.08212891500000001,11001508.08943693,13326.635031541316,1782172800000,666331.7515770658,2.0,46781.10619569196,0.0,-108.4142620049219,46672.691933687034,3.502211310148637,11,True,STOP,"[{""time_ms"": 1782187200000, ""role"": ""ENTRY"", ""qty"": 11001508.08943693, ""price"": 0.08212891500000001, ""fee"": 0.0, ""gross_pnl"": 0.0}, {""time_ms"": 1782195600000, ""role"": ""TP2R"", ""qty"": 5500754.044718465, ""price"": 0.07974607570891139, ""fee"": 0.0, ""gross_pnl"": 13107.412868369824}, {""time_ms"": 1782338100000, ""role"": ""STOP"", ""qty"": 5500754.044718465, ""price"": 0.07600726457651782, ""fee"": 0.0, ""gross_pnl"": 33673.69332732214}]",7.734300062828842,-0.06693792403863572
ADAUSDT,SHORT,1782201600000,1782338100000,0.15442275,1948862.2756498156,7146.504686372253,1782187200000,690940.7617842191,2.0,14125.666195882584,0.0,-106.39343996446001,14019.272755918124,1.9616964335938416,10,True,STOP,"[{""time_ms"": 1782201600000, ""role"": ""ENTRY"", ""qty"": 1948862.2756498156, ""price"": 0.15442275, ""fee"": 0.0, ""gross_pnl"": 0.0}, {""time_ms"": 1782295800000, ""role"": ""TP2R"", ""qty"": 974431.1378249078, ""price"": 0.14716226693855616, ""fee"": 0.0, ""gross_pnl"": 7074.840770721185}, {""time_ms"": 1782338100000, ""role"": ""STOP"", ""qty"": 974431.1378249078, ""price"": 0.14718691244158616, ""fee"": 0.0, ""gross_pnl"": 7050.825425161399}]",4.0967258871805425,-0.102876626512379
BCHUSDT,SHORT,1782331200000,1782333900000,184.60765,3056.122421434269,14019.863760334303,1782316800000,779258.4438476004,2.0,-14308.965481381085,0.0,0.0,-14308.965481381085,-1.0206208652230075,1,False,STOP,"[{""time_ms"": 1782331200000, ""role"": ""ENTRY"", ""qty"": 3056.122421434269, ""price"": 184.60765, ""fee"": 0.0, ""gross_pnl"": 0.0}, {""time_ms"": 1782333900000, ""role"": ""STOP"", ""qty"": 3056.122421434269, ""price"": 189.28971554195095, ""fee"": 0.0, ""gross_pnl"": -14308.965481381085}]",0.06270343489448052,-1.0577403521996118
XRPUSDT,SHORT,1782201600000,1782363300000,1.1116439000000002,808580.6097350221,13827.808269225852,1782187200000,691390.4134612926,2.0,25356.240863381245,0.0,-134.31450870270612,25221.926354678537,1.8240002944508995,12,True,STOP,"[{""time_ms"": 1782201600000, ""role"": ""ENTRY"", ""qty"": 808580.6097350221, ""price"": 1.1116439000000002, ""fee"": 0.0, ""gross_pnl"": 0.0}, {""time_ms"": 1782307200000, ""role"": ""TP2R"", ""qty"": 404290.30486751103, ""price"": 1.0779799496556974, ""fee"": 0.0, ""gross_pnl"": 13610.008747742935}, {""time_ms"": 1782363300000, ""role"": ""STOP"", ""qty"": 404290.30486751103, ""price"": 1.0825899455167542, ""fee"": 0.0, ""gross_pnl"": 11746.232115638311}]",3.8911522483207617,-0.19040033475279092
AVAXUSDT,SHORT,1783483200000,1783559100000,6.3838064999999995,50892.0096205395,7379.3667713996865,1783468800000,737936.6771399686,1.0,-7545.498825692236,0.0,-49.20810628028687,-7594.706931972523,-1.0291813874067668,6,False,STOP,"[{""time_ms"": 1783483200000, ""role"": ""ENTRY"", ""qty"": 50892.0096205395, ""price"": 6.3838064999999995, ""fee"": 0.0, ""gross_pnl"": 0.0}, {""time_ms"": 1783559100000, ""role"": ""STOP"", ""qty"": 50892.0096205395, ""price"": 6.532071402132042, ""fee"": 0.0, ""gross_pnl"": -7545.498825692236}]",0.5021120664171822,-1.1047789594555626
ADAUSDT,SHORT,1783900800000,1784032200000,0.16181905,2242889.116405323,7303.419702079961,1783886400000,730341.9702079961,1.0,7634.284162290446,0.0,-3.6543392076409127,7630.629823082805,1.044802316496977,10,True,STOP,"[{""time_ms"": 1783900800000, ""role"": ""ENTRY"", ""qty"": 2242889.116405323, ""price"": 0.16181905, ""fee"": 0.0, ""gross_pnl"": 0.0}, {""time_ms"": 1783978500000, ""role"": ""TP2R"", ""qty"": 1121444.5582026616, ""price"": 0.15538419255419045, ""fee"": 0.0, ""gross_pnl"": 7216.335865412992}, {""time_ms"": 1784032200000, ""role"": ""STOP"", ""qty"": 1121444.5582026616, ""price"": 0.1614463625641206, ""fee"": 0.0, ""gross_pnl"": 417.9482968774549}]",2.0020082222767535,-0.7926128993158796
XRPUSDT,SHORT,1783915200000,1784032200000,1.0711641500000002,513379.7682444563,7371.133645948796,1783900800000,737113.3645948796,1.0,-4000.6319063820374,0.0,-62.593243853055576,-4063.2251502350928,-0.5512347686801551,9,False,STOP,"[{""time_ms"": 1783915200000, ""role"": ""ENTRY"", ""qty"": 513379.7682444563, ""price"": 1.0711641500000002, ""fee"": 0.0, ""gross_pnl"": 0.0}, {""time_ms"": 1784032200000, ""role"": ""STOP"", ""qty"": 513379.7682444563, ""price"": 1.078956883866515, ""fee"": 0.0, ""gross_pnl"": -4000.6319063820374}]",1.2929434578754948,-0.8870179317654333
BCHUSDT,SHORT,1784534400000,1784554200000,212.37376,2065.3263756029146,7339.093748808439,1784520000000,733909.3748808438,1.0,-7562.073859689796,0.0,0.0,-7562.073859689796,-1.0303825129523057,2,False,STOP,"[{""time_ms"": 1784534400000, ""role"": ""ENTRY"", ""qty"": 2065.3263756029146, ""price"": 212.37376, ""fee"": 0.0, ""gross_pnl"": 0.0}, {""time_ms"": 1784554200000, ""role"": ""STOP"", ""qty"": 2065.3263756029146, ""price"": 216.03520254439314, ""fee"": 0.0, ""gross_pnl"": -7562.073859689796}]",0.40910894104384565,-1.020476011426106
SOLUSDT,LONG,1784592000000,1784707200000,77.848905,9292.004123394488,14512.335897160843,1784577600000,725982.0479395981,2.0,-7688.529431840864,0.0,-63.54768073573881,-7752.077112576603,-0.5341715604924222,8,False,BB_MID,"[{""time_ms"": 1784592000000, ""role"": ""ENTRY"", ""qty"": 9292.004123394488, ""price"": 77.848905, ""fee"": 0.0, ""gross_pnl"": 0.0}, {""time_ms"": 1784707200000, ""role"": ""BB_MID"", ""qty"": 9292.004123394488, ""price"": 77.02147000000001, ""fee"": 0.0, ""gross_pnl"": -7688.529431840864}]",0.6537899217336701,-0.5819565552797171
ETHUSDT,LONG,1784592000000,1784793600000,1904.4617549999998,383.76796713021935,14526.946020423082,1784577600000,726347.301021154,2.0,3531.0241206473124,0.0,-102.41800603720537,3428.606114610107,0.2360169928207837,14,False,BB_MID,"[{""time_ms"": 1784592000000, ""role"": ""ENTRY"", ""qty"": 383.76796713021935, ""price"": 1904.4617549999998, ""fee"": 0.0, ""gross_pnl"": 0.0}, {""time_ms"": 1784793600000, ""role"": ""BB_MID"", ""qty"": 383.76796713021935, ""price"": 1913.6626899999999, ""fee"": 0.0, ""gross_pnl"": 3531.0241206473124}]",1.4341685715240646,-0.1326630322069438
DOGEUSDT,SHORT,1784822400000,1784984400000,0.069675145,6465549.644376427,7220.2383002318775,1784808000000,722023.8300231878,1.0,-1865.644698965869,0.0,-94.88195618970519,-1960.5266551555742,-0.2715321258984779,12,False,STOP,"[{""time_ms"": 1784822400000, ""role"": ""ENTRY"", ""qty"": 6465549.644376427, ""price"": 0.069675145, ""fee"": 0.0, ""gross_pnl"": 0.0}, {""time_ms"": 1784984400000, ""role"": ""STOP"", ""qty"": 6465549.644376427, ""price"": 0.06996369660064984, ""fee"": 0.0, ""gross_pnl"": -1865.644698965869}]",1.4552782387352292,-0.4073117065122932
XRPUSDT,SHORT,1785196800000,1785276600000,1.06476735,572309.2359881348,7200.633033680323,1785182400000,720063.3033680323,1.0,-3300.144911239452,0.0,-130.77090409369237,-3430.9158153331446,-0.47647419321125517,6,False,STOP,"[{""time_ms"": 1785196800000, ""role"": ""ENTRY"", ""qty"": 572309.2359881348, ""price"": 1.06476735, ""fee"": 0.0, ""gross_pnl"": 0.0}, {""time_ms"": 1785276600000, ""role"": ""STOP"", ""qty"": 572309.2359881348, ""price"": 1.0705337166838111, ""fee"": 0.0, ""gross_pnl"": -3300.144911239452}]",1.6108572037694295,-0.4317892269121653
AVAXUSDT,SHORT,1785614400000,1785636300000,6.1219375000000005,124498.05443242435,14332.647751053984,1785600000000,716632.3875526992,2.0,-14720.898728982886,0.0,-163.69853326796533,-14884.59726225085,-1.0385099474140274,2,False,STOP,"[{""time_ms"": 1785614400000, ""role"": ""ENTRY"", ""qty"": 124498.05443242435, ""price"": 6.1219375000000005, ""fee"": 0.0, ""gross_pnl"": 0.0}, {""time_ms"": 1785636300000, ""role"": ""STOP"", ""qty"": 124498.05443242435, ""price"": 6.240179498207074, ""fee"": 0.0, ""gross_pnl"": -14720.898728982886}]",0.18186995591845606,-1.5119636633817537
XRPUSDT,SHORT,1785988800000,1786005600000,1.04237855,591272.8439882452,7017.477902904484,1785974400000,701747.7902904483,1.0,-7329.151706741294,0.0,-43.35102790823199,-7372.502734649526,-1.0505915140250175,2,False,STOP,"[{""time_ms"": 1785988800000, ""role"": ""ENTRY"", ""qty"": 591272.8439882452, ""price"": 1.04237855, ""fee"": 0.0, ""gross_pnl"": 0.0}, {""time_ms"": 1786005600000, ""role"": ""STOP"", ""qty"": 591272.8439882452, ""price"": 1.0547740993326986, ""fee"": 0.0, ""gross_pnl"": -7329.151706741294}]",0.3015185035322192,-1.3330706369087317
DOGEUSDT,SHORT,1786046400000,1786092000000,0.068675645,8435055.332797728,6940.871433393118,1786032000000,694087.1433393118,1.0,-7233.983301905032,0.0,43.36573373672258,-7190.61756816831,-1.03598195661335,4,False,STOP,"[{""time_ms"": 1786046400000, ""role"": ""ENTRY"", ""qty"": 8435055.332797728, ""price"": 0.068675645, ""fee"": 0.0, ""gross_pnl"": 0.0}, {""time_ms"": 1786092000000, ""role"": ""STOP"", ""qty"": 8435055.332797728, ""price"": 0.06953325446626839, ""fee"": 0.0, ""gross_pnl"": -7233.983301905032}]",0.0,-1.001816573840397
ETHUSDT,LONG,1786003200000,1786320000000,1909.4842649999998,393.04072707333347,13959.334750858212,1785988800000,697966.7375429106,2.0,-345.5004859300519,0.0,-295.9192732056233,-641.4197591356752,-0.04594916380927402,22,False,BB_MID,"[{""time_ms"": 1786003200000, ""role"": ""ENTRY"", ""qty"": 393.04072707333347, ""price"": 1909.4842649999998, ""fee"": 0.0, ""gross_pnl"": 0.0}, {""time_ms"": 1786320000000, ""role"": ""BB_MID"", ""qty"": 393.04072707333347, ""price"": 1908.6052200000001, ""fee"": 0.0, ""gross_pnl"": -345.5004859300519}]",0.9436731110690908,-0.5074933975723175
BCHUSDT,SHORT,1786464000000,1786484400000,211.184355,5912.797933184158,13730.865004569903,1786449600000,686543.2502284951,2.0,-14362.075645954521,0.0,0.0,-14362.075645954521,-1.045970202254158,2,False,STOP,"[{""time_ms"": 1786464000000, ""role"": ""ENTRY"", ""qty"": 5912.797933184158, ""price"": 211.184355, ""fee"": 0.0, ""gross_pnl"": 0.0}, {""time_ms"": 1786484400000, ""role"": ""STOP"", ""qty"": 5912.797933184158, ""price"": 213.61333630601604, ""fee"": 0.0, ""gross_pnl"": -14362.075645954521}]",0.12244921610772735,-1.0789831938746972
AVAXUSDT,SHORT,1786464000000,1786478700000,6.206895,117638.83949398264,13705.878703063854,1786449600000,685918.592690844,2.0,-14077.817604745835,0.0,0.0,-14077.817604745835,-1.0271371803107259,2,False,STOP,"[{""time_ms"": 1786464000000, ""role"": ""ENTRY"", ""qty"": 117638.83949398264, ""price"": 6.206895, ""fee"": 0.0, ""gross_pnl"": 0.0}, {""time_ms"": 1786478700000, ""role"": ""STOP"", ""qty"": 117638.83949398264, ""price"": 6.326564810288004, ""fee"": 0.0, ""gross_pnl"": -14077.817604745835}]",0.19650992749648863,-1.0222893607542711
BCHUSDT,SHORT,1786636800000,1786749900000,208.03593,4865.674849181214,13162.067139555897,1786622400000,658103.3569777948,2.0,21885.81162729396,0.0,-1485.4109272561577,20400.4007000378,1.5499389635180156,8,True,STOP,"[{""time_ms"": 1786636800000, ""role"": ""ENTRY"", ""qty"": 4865.674849181214, ""price"": 208.03593, ""fee"": 0.0, ""gross_pnl"": 0.0}, {""time_ms"": 1786709700000, ""role"": ""TP2R"", ""qty"": 2432.837424590607, ""price"": 202.72707160917787, ""fee"": 0.0, ""gross_pnl"": 12915.589375043965}, {""time_ms"": 1786749900000, ""role"": ""STOP"", ""qty"": 2432.837424590607, ""price"": 204.34878586057627, ""fee"": 0.0, ""gross_pnl"": 8970.222252249994}]",3.4956120713247256,-0.2750633807473794
LTCUSDT,SHORT,1786723200000,1786795500000,43.868055000000005,38136.17211715788,13717.446025410269,1786708800000,685872.3012705134,2.0,-8736.701273958704,0.0,-104.9260748081609,-8841.627348766866,-0.6445534636978771,6,False,STOP,"[{""time_ms"": 1786723200000, ""role"": ""ENTRY"", ""qty"": 38136.17211715788, ""price"": 43.868055000000005, ""fee"": 0.0, ""gross_pnl"": 0.0}, {""time_ms"": 1786795500000, ""role"": ""STOP"", ""qty"": 38136.17211715788, ""price"": 44.097147244683576, ""fee"": 0.0, ""gross_pnl"": -8736.701273958704}]",1.3846536132620424,-0.6726365932691597
XRPUSDT,SHORT,1787025600000,1787034000000,0.9900047500000001,1540416.1430987292,13393.242606581318,1787011200000,669662.1303290658,2.0,-14162.448877206682,0.0,0.0,-14162.448877206682,-1.057432415227615,1,False,STOP,"[{""time_ms"": 1787025600000, ""role"": ""ENTRY"", ""qty"": 1540416.1430987292, ""price"": 0.9900047500000001, ""fee"": 0.0, ""gross_pnl"": 0.0}, {""time_ms"": 1787034000000, ""role"": ""STOP"", ""qty"": 1540416.1430987292, ""price"": 0.9991986609705235, ""fee"": 0.0, ""gross_pnl"": -14162.448877206682}]",0.0925578612717545,-1.0000792087270398
