time_ms,equity,cash,positions,gross,initial_risk,short_initial_risk,short_gross
1609473600000,100000.0,100000.0,0,0.0,0.0,0.0,0.0
1609488000000,100000.0,100000.0,0,0.0,0.0,0.0,0.0
1609502400000,100000.0,100000.0,0,0.0,0.0,0.0,0.0
1609516800000,100000.0,100000.0,0,0.0,0.0,0.0,0.0
1609531200000,100000.0,100000.0,0,0.0,0.0,0.0,0.0
1609545600000,100000.0,100000.0,0,0.0,0.0,0.0,0.0
1609560000000,100000.0,100000.0,0,0.0,0.0,0.0,0.0
1609574400000,100000.0,100000.0,0,0.0,0.0,0.0,0.0
1609588800000,100000.0,100000.0,0,0.0,0.0,0.0,0.0
1609603200000,100000.0,100000.0,0,0.0,0.0,0.0,0.0
1609617600000,100000.0,100000.0,0,0.0,0.0,0.0,0.0
1609632000000,100000.0,100000.0,0,0.0,0.0,0.0,0.0
1609646400000,100000.0,100000.0,0,0.0,0.0,0.0,0.0
1609660800000,100000.0,100000.0,0,0.0,0.0,0.0,0.0
1609675200000,100000.0,100000.0,0,0.0,0.0,0.0,0.0
1609689600000,100000.0,100000.0,0,0.0,0.0,0.0,0.0
1609704000000,100000.0,100000.0,0,0.0,0.0,0.0,0.0
1609718400000,100000.0,100000.0,0,0.0,0.0,0.0,0.0
1609732800000,100000.0,100000.0,0,0.0,0.0,0.0,0.0
1609747200000,100000.0,100000.0,0,0.0,0.0,0.0,0.0
1609761600000,100000.0,100000.0,0,0.0,0.0,0.0,0.0
1609776000000,100000.0,100000.0,0,0.0,0.0,0.0,0.0
1609790400000,100000.0,100000.0,0,0.0,0.0,0.0,0.0
1609804800000,100000.0,100000.0,0,0.0,0.0,0.0,0.0
1609819200000,100000.0,100000.0,0,0.0,0.0,0.0,0.0
1609833600000,100000.0,100000.0,0,0.0,0.0,0.0,0.0
1609848000000,100000.0,100000.0,0,0.0,0.0,0.0,0.0
1609862400000,100000.0,100000.0,0,0.0,0.0,0.0,0.0
1609876800000,100000.0,100000.0,0,0.0,0.0,0.0,0.0
1609891200000,100000.0,100000.0,0,0.0,0.0,0.0,0.0
1609905600000,100000.0,100000.0,0,0.0,0.0,0.0,0.0
1609920000000,100000.0,100000.0,0,0.0,0.0,0.0,0.0
1609934400000,100000.0,100000.0,0,0.0,0.0,0.0,0.0
1609948800000,100000.0,100000.0,0,0.0,0.0,0.0,0.0
1609963200000,100000.0,100000.0,0,0.0,0.0,0.0,0.0
1609977600000,100000.0,100000.0,0,0.0,0.0,0.0,0.0
1609992000000,100000.0,100000.0,0,0.0,0.0,0.0,0.0
1610006400000,100000.0,100000.0,0,0.0,0.0,0.0,0.0
1610020800000,100000.0,100000.0,0,0.0,0.0,0.0,0.0
1610035200000,100000.0,100000.0,0,0.0,0.0,0.0,0.0
1610049600000,100000.0,100000.0,0,0.0,0.0,0.0,0.0
1610064000000,100000.0,100000.0,0,0.0,0.0,0.0,0.0
1610078400000,100000.0,100000.0,0,0.0,0.0,0.0,0.0
1610092800000,100000.0,100000.0,0,0.0,0.0,0.0,0.0
1610107200000,100000.0,100000.0,0,0.0,0.0,0.0,0.0
1610121600000,100000.0,100000.0,0,0.0,0.0,0.0,0.0
1610136000000,100000.0,100000.0,0,0.0,0.0,0.0,0.0
1610150400000,100000.0,100000.0,0,0.0,0.0,0.0,0.0
1610164800000,100000.0,100000.0,0,0.0,0.0,0.0,0.0
1610179200000,100000.0,100000.0,0,0.0,0.0,0.0,0.0
1610193600000,100000.0,100000.0,0,0.0,0.0,0.0,0.0
1610208000000,100000.0,100000.0,0,0.0,0.0,0.0,0.0
1610222400000,100000.0,100000.0,0,0.0,0.0,0.0,0.0
1610236800000,100000.0,100000.0,0,0.0,0.0,0.0,0.0
1610251200000,100000.0,100000.0,0,0.0,0.0,0.0,0.0
1610265600000,100000.0,100000.0,0,0.0,0.0,0.0,0.0
1610280000000,100000.0,100000.0,0,0.0,0.0,0.0,0.0
1610294400000,100000.0,100000.0,0,0.0,0.0,0.0,0.0
1610308800000,100000.0,100000.0,0,0.0,0.0,0.0,0.0
1610323200000,100000.0,100000.0,0,0.0,0.0,0.0,0.0
1610337600000,100000.0,100000.0,0,0.0,0.0,0.0,0.0
1610352000000,100000.0,100000.0,0,0.0,0.0,0.0,0.0
1610366400000,100000.0,100000.0,0,0.0,0.0,0.0,0.0
1610380800000,100000.0,100000.0,0,0.0,0.0,0.0,0.0
1610395200000,100000.0,100000.0,0,0.0,0.0,0.0,0.0
1610409600000,100000.0,100000.0,0,0.0,0.0,0.0,0.0
1610424000000,100000.0,100000.0,0,0.0,0.0,0.0,0.0
1610438400000,100000.0,100000.0,0,0.0,0.0,0.0,0.0
1610452800000,100000.0,100000.0,0,0.0,0.0,0.0,0.0
1610467200000,100000.0,100000.0,0,0.0,0.0,0.0,0.0
1610481600000,100000.0,100000.0,0,0.0,0.0,0.0,0.0
1610496000000,100000.0,100000.0,0,0.0,0.0,0.0,0.0
1610510400000,100000.0,100000.0,0,0.0,0.0,0.0,0.0
1610524800000,100000.0,100000.0,0,0.0,0.0,0.0,0.0
1610539200000,100000.0,100000.0,0,0.0,0.0,0.0,0.0
1610553600000,100000.0,100000.0,0,0.0,0.0,0.0,0.0
1610568000000,100000.0,100000.0,0,0.0,0.0,0.0,0.0
1610582400000,100000.0,100000.0,0,0.0,0.0,0.0,0.0
1610596800000,100000.0,100000.0,0,0.0,0.0,0.0,0.0
1610611200000,100000.0,100000.0,0,0.0,0.0,0.0,0.0
1610625600000,100000.0,100000.0,0,0.0,0.0,0.0,0.0
1610640000000,100000.0,100000.0,0,0.0,0.0,0.0,0.0
1610654400000,100000.0,100000.0,0,0.0,0.0,0.0,0.0
1610668800000,100000.0,100000.0,0,0.0,0.0,0.0,0.0
1610683200000,100000.0,100000.0,0,0.0,0.0,0.0,0.0
1610697600000,100000.0,100000.0,0,0.0,0.0,0.0,0.0
1610712000000,100000.0,100000.0,0,0.0,0.0,0.0,0.0
1610726400000,100000.0,100000.0,0,0.0,0.0,0.0,0.0
1610740800000,99924.48389287802,100000.0,1,17989.67879221978,1000.0,1000.0,17989.67879221978
1610755200000,99584.43907383207,100000.0,1,18329.723611265737,1000.0,1000.0,18329.723611265737
1610769600000,99622.82923696876,100005.69354592073,1,18297.02699404978,1000.0,1000.0,18297.02699404978
1610784000000,99492.04276810493,100005.69354592073,1,18427.81346291361,1000.0,1000.0,18427.81346291361
1610798400000,99016.96973656725,99016.96973656725,0,0.0,0.0,0.0,0.0
1610812800000,99016.96973656725,99016.96973656725,0,0.0,0.0,0.0,0.0
1610827200000,99016.96973656725,99016.96973656725,0,0.0,0.0,0.0,0.0
1610841600000,99016.96973656725,99016.96973656725,0,0.0,0.0,0.0,0.0
1610856000000,99016.96973656725,99016.96973656725,0,0.0,0.0,0.0,0.0
1610870400000,99016.96973656725,99016.96973656725,0,0.0,0.0,0.0,0.0
1610884800000,99016.96973656725,99016.96973656725,0,0.0,0.0,0.0,0.0
1610899200000,99016.96973656725,99016.96973656725,0,0.0,0.0,0.0,0.0
1610913600000,99016.96973656725,99016.96973656725,0,0.0,0.0,0.0,0.0
1610928000000,99016.96973656725,99016.96973656725,0,0.0,0.0,0.0,0.0
1610942400000,99016.96973656725,99016.96973656725,0,0.0,0.0,0.0,0.0
1610956800000,99016.96973656725,99016.96973656725,0,0.0,0.0,0.0,0.0
1610971200000,99016.96973656725,99016.96973656725,0,0.0,0.0,0.0,0.0
1610985600000,99016.96973656725,99016.96973656725,0,0.0,0.0,0.0,0.0
1611000000000,99016.96973656725,99016.96973656725,0,0.0,0.0,0.0,0.0
1611014400000,99016.96973656725,99016.96973656725,0,0.0,0.0,0.0,0.0
1611028800000,99016.96973656725,99016.96973656725,0,0.0,0.0,0.0,0.0
1611043200000,99016.96973656725,99016.96973656725,0,0.0,0.0,0.0,0.0
1611057600000,99016.96973656725,99016.96973656725,0,0.0,0.0,0.0,0.0
1611072000000,99016.96973656725,99016.96973656725,0,0.0,0.0,0.0,0.0
1611086400000,99016.96973656725,99016.96973656725,0,0.0,0.0,0.0,0.0
1611100800000,99016.96973656725,99016.96973656725,0,0.0,0.0,0.0,0.0
1611115200000,99016.96973656725,99016.96973656725,0,0.0,0.0,0.0,0.0
1611129600000,99016.96973656725,99016.96973656725,0,0.0,0.0,0.0,0.0
1611144000000,99016.96973656725,99016.96973656725,0,0.0,0.0,0.0,0.0
1611158400000,99016.96973656725,99016.96973656725,0,0.0,0.0,0.0,0.0
1611172800000,99016.96973656725,99016.96973656725,0,0.0,0.0,0.0,0.0
1611187200000,99016.96973656725,99016.96973656725,0,0.0,0.0,0.0,0.0
1611201600000,99016.96973656725,99016.96973656725,0,0.0,0.0,0.0,0.0
1611216000000,99016.96973656725,99016.96973656725,0,0.0,0.0,0.0,0.0
1611230400000,99016.96973656725,99016.96973656725,0,0.0,0.0,0.0,0.0
1611244800000,99016.96973656725,99016.96973656725,0,0.0,0.0,0.0,0.0
1611259200000,99016.96973656725,99016.96973656725,0,0.0,0.0,0.0,0.0
1611273600000,99016.96973656725,99016.96973656725,0,0.0,0.0,0.0,0.0
1611288000000,99016.96973656725,99016.96973656725,0,0.0,0.0,0.0,0.0
1611302400000,99016.96973656725,99016.96973656725,0,0.0,0.0,0.0,0.0
1611316800000,99016.96973656725,99016.96973656725,0,0.0,0.0,0.0,0.0
1611331200000,99016.96973656725,99016.96973656725,0,0.0,0.0,0.0,0.0
1611345600000,99016.96973656725,99016.96973656725,0,0.0,0.0,0.0,0.0
1611360000000,99016.96973656725,99016.96973656725,0,0.0,0.0,0.0,0.0
1611374400000,99016.96973656725,99016.96973656725,0,0.0,0.0,0.0,0.0
1611388800000,99016.96973656725,99016.96973656725,0,0.0,0.0,0.0,0.0
1611403200000,99016.96973656725,99016.96973656725,0,0.0,0.0,0.0,0.0
1611417600000,99016.96973656725,99016.96973656725,0,0.0,0.0,0.0,0.0
1611432000000,99016.96973656725,99016.96973656725,0,0.0,0.0,0.0,0.0
1611446400000,99016.96973656725,99016.96973656725,0,0.0,0.0,0.0,0.0
1611460800000,99016.96973656725,99016.96973656725,0,0.0,0.0,0.0,0.0
1611475200000,99016.96973656725,99016.96973656725,0,0.0,0.0,0.0,0.0
1611489600000,99016.96973656725,99016.96973656725,0,0.0,0.0,0.0,0.0
1611504000000,99016.96973656725,99016.96973656725,0,0.0,0.0,0.0,0.0
1611518400000,99016.96973656725,99016.96973656725,0,0.0,0.0,0.0,0.0
1611532800000,99016.96973656725,99016.96973656725,0,0.0,0.0,0.0,0.0
1611547200000,99016.96973656725,99016.96973656725,0,0.0,0.0,0.0,0.0
1611561600000,99016.96973656725,99016.96973656725,0,0.0,0.0,0.0,0.0
1611576000000,99016.96973656725,99016.96973656725,0,0.0,0.0,0.0,0.0
1611590400000,99016.96973656725,99016.96973656725,0,0.0,0.0,0.0,0.0
1611604800000,99016.96973656725,99016.96973656725,0,0.0,0.0,0.0,0.0
1611619200000,99016.96973656725,99016.96973656725,0,0.0,0.0,0.0,0.0
1611633600000,99016.96973656725,99016.96973656725,0,0.0,0.0,0.0,0.0
1611648000000,98518.48226635724,99016.96973656725,1,58924.90892167315,1980.339394731345,1980.339394731345,58924.90892167315
1611662400000,98655.27300561198,99043.12414664122,1,58814.272592492394,1980.339394731345,1980.339394731345,58814.272592492394
1611676800000,99296.96371486038,99043.12414664122,1,58172.58188324399,1980.339394731345,1980.339394731345,58172.58188324399
1611691200000,98407.42271803501,99060.80104909808,1,59079.79978252623,1980.339394731345,1980.339394731345,59079.79978252623
1611705600000,98053.38646465658,99060.80104909808,1,59433.83603590466,1980.339394731345,1980.339394731345,59433.83603590466
1611720000000,98911.06076651771,99077.63924918542,1,58592.99993413087,1980.339394731345,1980.339394731345,58592.99993413087
1611734400000,99154.46069071538,99077.63924918542,1,58349.6000099332,1980.339394731345,1980.339394731345,58349.6000099332
1611748800000,101693.22026862756,99093.89052177627,1,55827.09170461186,1980.339394731345,1980.339394731345,55827.09170461186
1611763200000,102335.25731691283,101068.78334224141,1,27946.736751060154,990.1696973656725,990.1696973656725,27946.736751060154
1611777600000,102260.6065601614,101071.57801591652,1,28024.182181486693,990.1696973656725,990.1696973656725,28024.182181486693
1611792000000,102548.26101603138,101071.57801591652,1,27736.52772561671,990.1696973656725,990.1696973656725,27736.52772561671
1611806400000,101954.20484978281,101074.95802724405,1,28333.96390319282,990.1696973656725,990.1696973656725,28333.96390319282
1611820800000,101430.8936351292,101430.8936351292,0,0.0,0.0,0.0,0.0
1611835200000,101430.8936351292,101430.8936351292,0,0.0,0.0,0.0,0.0
1611849600000,101430.8936351292,101430.8936351292,0,0.0,0.0,0.0,0.0
1611864000000,101430.8936351292,101430.8936351292,0,0.0,0.0,0.0,0.0
1611878400000,101430.8936351292,101430.8936351292,0,0.0,0.0,0.0,0.0
1611892800000,101430.8936351292,101430.8936351292,0,0.0,0.0,0.0,0.0
1611907200000,101430.8936351292,101430.8936351292,0,0.0,0.0,0.0,0.0
1611921600000,101430.8936351292,101430.8936351292,0,0.0,0.0,0.0,0.0
1611936000000,101430.8936351292,101430.8936351292,0,0.0,0.0,0.0,0.0
1611950400000,101430.8936351292,101430.8936351292,0,0.0,0.0,0.0,0.0
1611964800000,101430.8936351292,101430.8936351292,0,0.0,0.0,0.0,0.0
1611979200000,101430.8936351292,101430.8936351292,0,0.0,0.0,0.0,0.0
1611993600000,101430.8936351292,101430.8936351292,0,0.0,0.0,0.0,0.0
1612008000000,101430.8936351292,101430.8936351292,0,0.0,0.0,0.0,0.0
1612022400000,101430.8936351292,101430.8936351292,0,0.0,0.0,0.0,0.0
1612036800000,101430.8936351292,101430.8936351292,0,0.0,0.0,0.0,0.0
1612051200000,101430.8936351292,101430.8936351292,0,0.0,0.0,0.0,0.0
1612065600000,101430.8936351292,101430.8936351292,0,0.0,0.0,0.0,0.0
1612080000000,101430.8936351292,101430.8936351292,0,0.0,0.0,0.0,0.0
1612094400000,101430.8936351292,101430.8936351292,0,0.0,0.0,0.0,0.0
1612108800000,101430.8936351292,101430.8936351292,0,0.0,0.0,0.0,0.0
1612123200000,101430.8936351292,101430.8936351292,0,0.0,0.0,0.0,0.0
1612137600000,101430.8936351292,101430.8936351292,0,0.0,0.0,0.0,0.0
1612152000000,101430.8936351292,101430.8936351292,0,0.0,0.0,0.0,0.0
1612166400000,101430.8936351292,101430.8936351292,0,0.0,0.0,0.0,0.0
1612180800000,101430.8936351292,101430.8936351292,0,0.0,0.0,0.0,0.0
1612195200000,101430.8936351292,101430.8936351292,0,0.0,0.0,0.0,0.0
1612209600000,101430.8936351292,101430.8936351292,0,0.0,0.0,0.0,0.0
1612224000000,101430.8936351292,101430.8936351292,0,0.0,0.0,0.0,0.0
1612238400000,101430.8936351292,101430.8936351292,0,0.0,0.0,0.0,0.0
1612252800000,101430.8936351292,101430.8936351292,0,0.0,0.0,0.0,0.0
1612267200000,101430.8936351292,101430.8936351292,0,0.0,0.0,0.0,0.0
1612281600000,101430.8936351292,101430.8936351292,0,0.0,0.0,0.0,0.0
1612296000000,103963.29118466319,101430.8936351292,1,41644.08568568034,2028.6178727025842,0.0,0.0
1612310400000,103828.32754275757,101430.8936351292,1,41509.12204377472,2028.6178727025842,0.0,0.0
1612324800000,104479.828443467,101367.88113751479,1,42223.63544209856,2028.6178727025842,0.0,0.0
1612339200000,104678.85190729132,101367.88113751479,1,42422.65890592287,2028.6178727025842,0.0,0.0
1612353600000,104393.0655697,101301.92401787524,1,42202.82968797113,2028.6178727025842,0.0,0.0
1612368000000,106036.17262592213,101301.92401787524,1,43845.93674419325,2028.6178727025842,0.0,0.0
1612382400000,106381.67639042764,101228.29338757516,2,91899.0888554556,4147.9015638057535,0.0,0.0
1612396800000,108698.42421804713,101228.29338757516,2,94215.8366830751,4147.9015638057535,0.0,0.0
1612411200000,108036.23934056576,101147.53689862454,2,93634.40829454435,4147.9015638057535,0.0,0.0
1612425600000,108871.34648879366,101147.53689862454,2,94469.51544277224,4147.9015638057535,0.0,0.0
1612440000000,106767.03191315435,101049.4836822987,2,92463.25408345879,4147.9015638057535,0.0,0.0
1612454400000,104895.71775463704,101049.4836822987,2,90591.93992494147,4147.9015638057535,0.0,0.0
1612468800000,108023.70252423052,100957.38869617647,2,93812.01968065719,4147.9015638057535,0.0,0.0
1612483200000,105639.0613983806,100957.38869617647,2,91427.37855480726,4147.9015638057535,0.0,0.0
1612497600000,107470.65612137003,100880.65603813878,2,93335.70593583438,4147.9015638057535,0.0,0.0
1612512000000,108436.7034069474,100880.65603813878,2,94301.75322141175,4147.9015638057535,0.0,0.0
1612526400000,108342.02897777519,100763.74075212362,2,94323.99407825469,4147.9015638057535,0.0,0.0
1612540800000,110860.3086356719,100763.74075212362,2,96842.2737361514,4147.9015638057535,0.0,0.0
1612555200000,109368.81041834677,100640.85847543883,2,95473.65779551107,4147.9015638057535,0.0,0.0
1612569600000,110537.80287271657,100640.85847543883,2,96642.65024988087,4147.9015638057535,0.0,0.0
1612584000000,110873.44126629783,100568.44355062526,2,97050.70356827568,4147.9015638057535,0.0,0.0
1612598400000,110554.39064707504,100568.44355062526,2,96731.65294905289,4147.9015638057535,0.0,0.0
1612612800000,111804.53713043487,100483.86340557021,2,98066.37957746777,4147.9015638057535,0.0,0.0
1612627200000,112434.13133374458,100483.86340557021,2,98695.9737807775,4147.9015638057535,0.0,0.0
1612641600000,112441.56028234845,100363.72918509893,2,98823.53694985266,4147.9015638057535,0.0,0.0
1612656000000,110260.73848260737,100363.72918509893,2,96642.71515011156,4147.9015638057535,0.0,0.0
1612670400000,108257.79948266811,100206.26054455366,2,94797.24479071757,4147.9015638057535,0.0,0.0
1612684800000,108445.53476823703,105659.79571943315,1,50419.75676526066,2119.283691103169,0.0,0.0
1612699200000,108502.5504724786,105626.96144088413,1,50509.606748051236,2119.283691103169,0.0,0.0
1612713600000,107004.80547917691,105626.96144088413,1,49011.86175474956,2119.283691103169,0.0,0.0
1612728000000,106942.94955522008,106942.94955522008,0,0.0,0.0,0.0,0.0
1612742400000,106942.94955522008,106942.94955522008,0,0.0,0.0,0.0,0.0
1612756800000,106942.94955522008,106942.94955522008,0,0.0,0.0,0.0,0.0
1612771200000,106942.94955522008,106942.94955522008,0,0.0,0.0,0.0,0.0
1612785600000,106942.94955522008,106942.94955522008,0,0.0,0.0,0.0,0.0
1612800000000,106942.94955522008,106942.94955522008,0,0.0,0.0,0.0,0.0
1612814400000,106942.94955522008,106942.94955522008,0,0.0,0.0,0.0,0.0
1612828800000,106942.94955522008,106942.94955522008,0,0.0,0.0,0.0,0.0
1612843200000,106942.94955522008,106942.94955522008,0,0.0,0.0,0.0,0.0
1612857600000,106942.94955522008,106942.94955522008,0,0.0,0.0,0.0,0.0
1612872000000,106942.94955522008,106942.94955522008,0,0.0,0.0,0.0,0.0
1612886400000,106942.94955522008,106942.94955522008,0,0.0,0.0,0.0,0.0
1612900800000,106942.94955522008,106942.94955522008,0,0.0,0.0,0.0,0.0
1612915200000,106942.94955522008,106942.94955522008,0,0.0,0.0,0.0,0.0
1612929600000,106942.94955522008,106942.94955522008,0,0.0,0.0,0.0,0.0
1612944000000,106942.94955522008,106942.94955522008,0,0.0,0.0,0.0,0.0
1612958400000,106942.94955522008,106942.94955522008,0,0.0,0.0,0.0,0.0
1612972800000,106942.94955522008,106942.94955522008,0,0.0,0.0,0.0,0.0
1612987200000,106942.94955522008,106942.94955522008,0,0.0,0.0,0.0,0.0
1613001600000,106942.94955522008,106942.94955522008,0,0.0,0.0,0.0,0.0
1613016000000,106942.94955522008,106942.94955522008,0,0.0,0.0,0.0,0.0
1613030400000,106942.94955522008,106942.94955522008,0,0.0,0.0,0.0,0.0
1613044800000,106942.94955522008,106942.94955522008,0,0.0,0.0,0.0,0.0
1613059200000,106942.94955522008,106942.94955522008,0,0.0,0.0,0.0,0.0
1613073600000,106942.94955522008,106942.94955522008,0,0.0,0.0,0.0,0.0
1613088000000,106942.94955522008,106942.94955522008,0,0.0,0.0,0.0,0.0
1613102400000,106942.94955522008,106942.94955522008,0,0.0,0.0,0.0,0.0
1613116800000,106942.94955522008,106942.94955522008,0,0.0,0.0,0.0,0.0
1613131200000,106942.94955522008,106942.94955522008,0,0.0,0.0,0.0,0.0
1613145600000,106942.94955522008,106942.94955522008,0,0.0,0.0,0.0,0.0
1613160000000,106942.94955522008,106942.94955522008,0,0.0,0.0,0.0,0.0
1613174400000,106942.94955522008,106942.94955522008,0,0.0,0.0,0.0,0.0
1613188800000,106942.94955522008,106942.94955522008,0,0.0,0.0,0.0,0.0
1613203200000,106942.94955522008,106942.94955522008,0,0.0,0.0,0.0,0.0
1613217600000,106942.94955522008,106942.94955522008,0,0.0,0.0,0.0,0.0
1613232000000,106942.94955522008,106942.94955522008,0,0.0,0.0,0.0,0.0
1613246400000,106942.94955522008,106942.94955522008,0,0.0,0.0,0.0,0.0
1613260800000,106942.94955522008,106942.94955522008,0,0.0,0.0,0.0,0.0
1613275200000,106942.94955522008,106942.94955522008,0,0.0,0.0,0.0,0.0
1613289600000,106942.94955522008,106942.94955522008,0,0.0,0.0,0.0,0.0
1613304000000,106942.94955522008,106942.94955522008,0,0.0,0.0,0.0,0.0
1613318400000,106942.94955522008,106942.94955522008,0,0.0,0.0,0.0,0.0
1613332800000,106942.94955522008,106942.94955522008,0,0.0,0.0,0.0,0.0
1613347200000,106942.94955522008,106942.94955522008,0,0.0,0.0,0.0,0.0
1613361600000,106942.94955522008,106942.94955522008,0,0.0,0.0,0.0,0.0
1613376000000,106942.94955522008,106942.94955522008,0,0.0,0.0,0.0,0.0
1613390400000,106942.94955522008,106942.94955522008,0,0.0,0.0,0.0,0.0
1613404800000,106942.94955522008,106942.94955522008,0,0.0,0.0,0.0,0.0
1613419200000,106942.94955522008,106942.94955522008,0,0.0,0.0,0.0,0.0
1613433600000,106942.94955522008,106942.94955522008,0,0.0,0.0,0.0,0.0
1613448000000,106942.94955522008,106942.94955522008,0,0.0,0.0,0.0,0.0
1613462400000,106942.94955522008,106942.94955522008,0,0.0,0.0,0.0,0.0
1613476800000,106942.94955522008,106942.94955522008,0,0.0,0.0,0.0,0.0
1613491200000,106942.94955522008,106942.94955522008,0,0.0,0.0,0.0,0.0
1613505600000,106942.94955522008,106942.94955522008,0,0.0,0.0,0.0,0.0
1613520000000,106942.94955522008,106942.94955522008,0,0.0,0.0,0.0,0.0
1613534400000,106942.94955522008,106942.94955522008,0,0.0,0.0,0.0,0.0
1613548800000,106942.94955522008,106942.94955522008,0,0.0,0.0,0.0,0.0
1613563200000,106942.94955522008,106942.94955522008,0,0.0,0.0,0.0,0.0
1613577600000,106942.94955522008,106942.94955522008,0,0.0,0.0,0.0,0.0
1613592000000,106942.94955522008,106942.94955522008,0,0.0,0.0,0.0,0.0
1613606400000,106942.94955522008,106942.94955522008,0,0.0,0.0,0.0,0.0
1613620800000,106942.94955522008,106942.94955522008,0,0.0,0.0,0.0,0.0
1613635200000,106942.94955522008,106942.94955522008,0,0.0,0.0,0.0,0.0
1613649600000,106942.94955522008,106942.94955522008,0,0.0,0.0,0.0,0.0
1613664000000,106942.94955522008,106942.94955522008,0,0.0,0.0,0.0,0.0
1613678400000,107315.5538868554,106942.94955522008,1,52328.202496919446,2138.858991104402,0.0,0.0
1613692800000,107754.54203315626,106942.94955522008,1,52767.19064322031,2138.858991104402,0.0,0.0
1613707200000,106964.85723190669,106899.68051232479,1,52020.77488486603,2138.858991104402,0.0,0.0
1613721600000,107188.02086541319,106899.68051232479,1,52243.93851837254,2138.858991104402,0.0,0.0
1613736000000,107595.30262294532,106826.65759213951,1,52724.24319608995,2138.858991104402,0.0,0.0
1613750400000,107424.32829228078,106826.65759213951,1,52553.2688654254,2138.858991104402,0.0,0.0
1613764800000,108059.62775757856,106737.8304805051,1,53277.39544235759,2138.858991104402,0.0,0.0
1613779200000,108020.21396116145,106737.8304805051,1,53237.98164594049,2138.858991104402,0.0,0.0
1613793600000,109717.88883262529,106633.34348820751,1,55040.14350970192,2138.858991104402,0.0,0.0
1613808000000,108757.82311576174,106633.34348820751,1,54080.07779283836,2138.858991104402,0.0,0.0
1613822400000,109104.00077518796,106530.74750705001,1,54528.85143342209,2138.858991104402,0.0,0.0
1613836800000,108426.89893467067,106530.74750705001,1,53851.749592904795,2138.858991104402,0.0,0.0
1613851200000,108722.63942374625,106430.71911624074,1,54247.51847278965,2138.858991104402,0.0,0.0
1613865600000,104281.8967773015,104281.8967773015,0,0.0,0.0,0.0,0.0
1613880000000,104281.8967773015,104281.8967773015,0,0.0,0.0,0.0,0.0
1613894400000,104281.8967773015,104281.8967773015,0,0.0,0.0,0.0,0.0
1613908800000,104281.8967773015,104281.8967773015,0,0.0,0.0,0.0,0.0
1613923200000,104281.8967773015,104281.8967773015,0,0.0,0.0,0.0,0.0
1613937600000,104281.8967773015,104281.8967773015,0,0.0,0.0,0.0,0.0
1613952000000,104281.8967773015,104281.8967773015,0,0.0,0.0,0.0,0.0
1613966400000,104281.8967773015,104281.8967773015,0,0.0,0.0,0.0,0.0
1613980800000,104281.8967773015,104281.8967773015,0,0.0,0.0,0.0,0.0
1613995200000,104281.8967773015,104281.8967773015,0,0.0,0.0,0.0,0.0
1614009600000,104281.8967773015,104281.8967773015,0,0.0,0.0,0.0,0.0
1614024000000,104281.8967773015,104281.8967773015,0,0.0,0.0,0.0,0.0
1614038400000,104281.8967773015,104281.8967773015,0,0.0,0.0,0.0,0.0
1614052800000,104281.8967773015,104281.8967773015,0,0.0,0.0,0.0,0.0
1614067200000,104281.8967773015,104281.8967773015,0,0.0,0.0,0.0,0.0
1614081600000,104281.8967773015,104281.8967773015,0,0.0,0.0,0.0,0.0
1614096000000,104281.8967773015,104281.8967773015,0,0.0,0.0,0.0,0.0
1614110400000,104281.8967773015,104281.8967773015,0,0.0,0.0,0.0,0.0
1614124800000,104281.8967773015,104281.8967773015,0,0.0,0.0,0.0,0.0
1614139200000,104281.8967773015,104281.8967773015,0,0.0,0.0,0.0,0.0
1614153600000,104281.8967773015,104281.8967773015,0,0.0,0.0,0.0,0.0
1614168000000,104281.8967773015,104281.8967773015,0,0.0,0.0,0.0,0.0
1614182400000,104281.8967773015,104281.8967773015,0,0.0,0.0,0.0,0.0
1614196800000,104281.8967773015,104281.8967773015,0,0.0,0.0,0.0,0.0
1614211200000,104281.8967773015,104281.8967773015,0,0.0,0.0,0.0,0.0
1614225600000,104281.8967773015,104281.8967773015,0,0.0,0.0,0.0,0.0
1614240000000,104281.8967773015,104281.8967773015,0,0.0,0.0,0.0,0.0
1614254400000,104281.8967773015,104281.8967773015,0,0.0,0.0,0.0,0.0
1614268800000,104281.8967773015,104281.8967773015,0,0.0,0.0,0.0,0.0
1614283200000,104281.8967773015,104281.8967773015,0,0.0,0.0,0.0,0.0
1614297600000,104281.8967773015,104281.8967773015,0,0.0,0.0,0.0,0.0
1614312000000,104281.8967773015,104281.8967773015,0,0.0,0.0,0.0,0.0
1614326400000,104281.8967773015,104281.8967773015,0,0.0,0.0,0.0,0.0
1614340800000,104281.8967773015,104281.8967773015,0,0.0,0.0,0.0,0.0
1614355200000,104281.8967773015,104281.8967773015,0,0.0,0.0,0.0,0.0
1614369600000,104281.8967773015,104281.8967773015,0,0.0,0.0,0.0,0.0
1614384000000,104281.8967773015,104281.8967773015,0,0.0,0.0,0.0,0.0
1614398400000,104281.8967773015,104281.8967773015,0,0.0,0.0,0.0,0.0
1614412800000,104281.8967773015,104281.8967773015,0,0.0,0.0,0.0,0.0
1614427200000,104281.8967773015,104281.8967773015,0,0.0,0.0,0.0,0.0
1614441600000,104281.8967773015,104281.8967773015,0,0.0,0.0,0.0,0.0
1614456000000,104281.8967773015,104281.8967773015,0,0.0,0.0,0.0,0.0
1614470400000,104281.8967773015,104281.8967773015,0,0.0,0.0,0.0,0.0
1614484800000,104281.8967773015,104281.8967773015,0,0.0,0.0,0.0,0.0
1614499200000,104281.8967773015,104281.8967773015,0,0.0,0.0,0.0,0.0
1614513600000,104281.8967773015,104281.8967773015,0,0.0,0.0,0.0,0.0
1614528000000,104281.8967773015,104281.8967773015,0,0.0,0.0,0.0,0.0
1614542400000,104281.8967773015,104281.8967773015,0,0.0,0.0,0.0,0.0
1614556800000,104281.8967773015,104281.8967773015,0,0.0,0.0,0.0,0.0
1614571200000,104281.8967773015,104281.8967773015,0,0.0,0.0,0.0,0.0
1614585600000,104281.8967773015,104281.8967773015,0,0.0,0.0,0.0,0.0
1614600000000,104281.8967773015,104281.8967773015,0,0.0,0.0,0.0,0.0
1614614400000,104281.8967773015,104281.8967773015,0,0.0,0.0,0.0,0.0
1614628800000,104281.8967773015,104281.8967773015,0,0.0,0.0,0.0,0.0
1614643200000,104281.8967773015,104281.8967773015,0,0.0,0.0,0.0,0.0
1614657600000,104281.8967773015,104281.8967773015,0,0.0,0.0,0.0,0.0
1614672000000,104281.8967773015,104281.8967773015,0,0.0,0.0,0.0,0.0
1614686400000,104281.8967773015,104281.8967773015,0,0.0,0.0,0.0,0.0
1614700800000,104281.8967773015,104281.8967773015,0,0.0,0.0,0.0,0.0
1614715200000,104281.8967773015,104281.8967773015,0,0.0,0.0,0.0,0.0
1614729600000,104281.8967773015,104281.8967773015,0,0.0,0.0,0.0,0.0
1614744000000,104281.8967773015,104281.8967773015,0,0.0,0.0,0.0,0.0
1614758400000,104281.8967773015,104281.8967773015,0,0.0,0.0,0.0,0.0
1614772800000,104281.8967773015,104281.8967773015,0,0.0,0.0,0.0,0.0
1614787200000,104281.8967773015,104281.8967773015,0,0.0,0.0,0.0,0.0
1614801600000,104281.8967773015,104281.8967773015,0,0.0,0.0,0.0,0.0
1614816000000,104281.8967773015,104281.8967773015,0,0.0,0.0,0.0,0.0
1614830400000,104281.8967773015,104281.8967773015,0,0.0,0.0,0.0,0.0
1614844800000,104281.8967773015,104281.8967773015,0,0.0,0.0,0.0,0.0
1614859200000,104281.8967773015,104281.8967773015,0,0.0,0.0,0.0,0.0
1614873600000,104281.8967773015,104281.8967773015,0,0.0,0.0,0.0,0.0
1614888000000,104281.8967773015,104281.8967773015,0,0.0,0.0,0.0,0.0
1614902400000,104281.8967773015,104281.8967773015,0,0.0,0.0,0.0,0.0
1614916800000,104281.8967773015,104281.8967773015,0,0.0,0.0,0.0,0.0
1614931200000,104281.8967773015,104281.8967773015,0,0.0,0.0,0.0,0.0
1614945600000,104281.8967773015,104281.8967773015,0,0.0,0.0,0.0,0.0
1614960000000,104281.8967773015,104281.8967773015,0,0.0,0.0,0.0,0.0
1614974400000,104281.8967773015,104281.8967773015,0,0.0,0.0,0.0,0.0
1614988800000,104281.8967773015,104281.8967773015,0,0.0,0.0,0.0,0.0
1615003200000,104281.8967773015,104281.8967773015,0,0.0,0.0,0.0,0.0
1615017600000,104281.8967773015,104281.8967773015,0,0.0,0.0,0.0,0.0
1615032000000,104281.8967773015,104281.8967773015,0,0.0,0.0,0.0,0.0
1615046400000,104281.8967773015,104281.8967773015,0,0.0,0.0,0.0,0.0
1615060800000,104281.8967773015,104281.8967773015,0,0.0,0.0,0.0,0.0
1615075200000,104281.8967773015,104281.8967773015,0,0.0,0.0,0.0,0.0
1615089600000,104281.8967773015,104281.8967773015,0,0.0,0.0,0.0,0.0
1615104000000,104281.8967773015,104281.8967773015,0,0.0,0.0,0.0,0.0
1615118400000,104281.8967773015,104281.8967773015,0,0.0,0.0,0.0,0.0
1615132800000,104281.8967773015,104281.8967773015,0,0.0,0.0,0.0,0.0
1615147200000,104281.8967773015,104281.8967773015,0,0.0,0.0,0.0,0.0
1615161600000,104281.8967773015,104281.8967773015,0,0.0,0.0,0.0,0.0
1615176000000,104281.8967773015,104281.8967773015,0,0.0,0.0,0.0,0.0
1615190400000,104281.8967773015,104281.8967773015,0,0.0,0.0,0.0,0.0
1615204800000,104281.8967773015,104281.8967773015,0,0.0,0.0,0.0,0.0
1615219200000,104281.8967773015,104281.8967773015,0,0.0,0.0,0.0,0.0
1615233600000,104281.8967773015,104281.8967773015,0,0.0,0.0,0.0,0.0
1615248000000,104281.8967773015,104281.8967773015,0,0.0,0.0,0.0,0.0
1615262400000,104281.8967773015,104281.8967773015,0,0.0,0.0,0.0,0.0
1615276800000,104281.8967773015,104281.8967773015,0,0.0,0.0,0.0,0.0
1615291200000,104281.8967773015,104281.8967773015,0,0.0,0.0,0.0,0.0
1615305600000,104093.09864493998,104281.8967773015,1,55766.39387281162,2085.63793554603,0.0,0.0
1615320000000,104077.24943045725,104250.0885828991,1,55782.35285273129,2085.63793554603,0.0,0.0
1615334400000,104875.38387617524,104250.0885828991,1,56580.487298449276,2085.63793554603,0.0,0.0
1615348800000,103459.78326183445,104236.31281349722,1,55178.66245351038,2085.63793554603,0.0,0.0
1615363200000,104112.7208682962,104236.31281349722,1,55831.60005997211,2085.63793554603,0.0,0.0
1615377600000,104841.66018272715,104209.18386362531,1,56587.66832427498,2085.63793554603,0.0,0.0
1615392000000,106334.29358093397,104209.18386362531,1,58080.301722481796,2085.63793554603,0.0,0.0
1615406400000,106772.64881290717,104176.1258708054,1,58551.71494727491,2085.63793554603,0.0,0.0
1615420800000,105862.8118105145,104176.1258708054,1,57641.87794488223,2085.63793554603,0.0,0.0
1615435200000,105946.84160997586,104120.82110316951,1,57781.21251197949,2085.63793554603,0.0,0.0
1615449600000,104939.5198638776,104120.82110316951,1,56773.89076588123,2085.63793554603,0.0,0.0
1615464000000,106097.62449647822,104064.46693913282,1,57988.349562518546,2085.63793554603,0.0,0.0
1615478400000,106247.31334041168,104064.46693913282,1,58138.038406452,2085.63793554603,0.0,0.0
1615492800000,106687.40553210318,104014.80698785366,1,58627.79054942265,2085.63793554603,0.0,0.0
1615507200000,107655.45314556503,104014.80698785366,1,59595.8381628845,2085.63793554603,0.0,0.0
1615521600000,106906.48517752161,103954.00177304109,1,58907.67540965365,2085.63793554603,0.0,0.0
1615536000000,106434.83498917901,103954.00177304109,1,58436.02522131106,2085.63793554603,0.0,0.0
1615550400000,106233.60195081113,103914.74877489083,1,58274.04518109344,2085.63793554603,0.0,0.0
1615564800000,106700.21408803642,103914.74877489083,1,58740.65731831872,2085.63793554603,0.0,0.0
1615579200000,106659.99295655193,103884.67586498211,1,58730.50909674295,2085.63793554603,0.0,0.0
1615593600000,106955.07439223904,103884.67586498211,1,59025.590532430055,2085.63793554603,0.0,0.0
1615608000000,106376.28427823418,103856.43449853537,1,58475.04178487194,2085.63793554603,0.0,0.0
1615622400000,107028.75826035996,103856.43449853537,1,59127.51576699772,2085.63793554603,0.0,0.0
1615636800000,109585.08838783472,103820.63066095536,1,61719.64973205251,2085.63793554603,0.0,0.0
1615651200000,109414.94855930441,103820.63066095536,1,61549.50990352219,2085.63793554603,0.0,0.0
1615665600000,110475.98182274513,103785.4808472409,1,62645.69298067737,2085.63793554603,0.0,0.0
1615680000000,110952.649456679,103785.4808472409,1,63122.360614611236,2085.63793554603,0.0,0.0
1615694400000,111070.9897223191,103733.84612855902,1,63292.33559893321,2085.63793554603,0.0,0.0
1615708800000,110214.0883163288,103733.84612855902,1,62435.43419294291,2085.63793554603,0.0,0.0
1615723200000,109972.81975562946,103681.0357090415,1,62246.976051761085,2085.63793554603,0.0,0.0
1615737600000,109297.14395118017,103681.0357090415,1,61571.3002473118,2085.63793554603,0.0,0.0
1615752000000,109491.31538448203,103610.19947191482,1,61836.30791774034,2085.63793554603,0.0,0.0
1615766400000,108479.55314752168,103610.19947191482,1,60824.54568078,2085.63793554603,0.0,0.0
1615780800000,109924.46906822562,103560.30811141449,1,62319.35296198426,2085.63793554603,0.0,0.0
1615795200000,107186.62312576352,103560.30811141449,1,59581.50701952216,2085.63793554603,0.0,0.0
1615809600000,107113.82838307819,107113.82838307819,0,0.0,0.0,0.0,0.0
1615824000000,107113.82838307819,107113.82838307819,0,0.0,0.0,0.0,0.0
1615838400000,107113.82838307819,107113.82838307819,0,0.0,0.0,0.0,0.0
1615852800000,107113.82838307819,107113.82838307819,0,0.0,0.0,0.0,0.0
1615867200000,107113.82838307819,107113.82838307819,0,0.0,0.0,0.0,0.0
1615881600000,107113.82838307819,107113.82838307819,0,0.0,0.0,0.0,0.0
1615896000000,107113.82838307819,107113.82838307819,0,0.0,0.0,0.0,0.0
1615910400000,107113.82838307819,107113.82838307819,0,0.0,0.0,0.0,0.0
1615924800000,107113.82838307819,107113.82838307819,0,0.0,0.0,0.0,0.0
1615939200000,107113.82838307819,107113.82838307819,0,0.0,0.0,0.0,0.0
1615953600000,107113.82838307819,107113.82838307819,0,0.0,0.0,0.0,0.0
1615968000000,107113.82838307819,107113.82838307819,0,0.0,0.0,0.0,0.0
1615982400000,107113.82838307819,107113.82838307819,0,0.0,0.0,0.0,0.0
1615996800000,107113.82838307819,107113.82838307819,0,0.0,0.0,0.0,0.0
1616011200000,107113.82838307819,107113.82838307819,0,0.0,0.0,0.0,0.0
1616025600000,107113.82838307819,107113.82838307819,0,0.0,0.0,0.0,0.0
1616040000000,107113.82838307819,107113.82838307819,0,0.0,0.0,0.0,0.0
1616054400000,107113.82838307819,107113.82838307819,0,0.0,0.0,0.0,0.0
1616068800000,107113.82838307819,107113.82838307819,0,0.0,0.0,0.0,0.0
1616083200000,107113.82838307819,107113.82838307819,0,0.0,0.0,0.0,0.0
1616097600000,107113.82838307819,107113.82838307819,0,0.0,0.0,0.0,0.0
1616112000000,107113.82838307819,107113.82838307819,0,0.0,0.0,0.0,0.0
1616126400000,107113.82838307819,107113.82838307819,0,0.0,0.0,0.0,0.0
1616140800000,107113.82838307819,107113.82838307819,0,0.0,0.0,0.0,0.0
1616155200000,107113.82838307819,107113.82838307819,0,0.0,0.0,0.0,0.0
1616169600000,107113.82838307819,107113.82838307819,0,0.0,0.0,0.0,0.0
1616184000000,107113.82838307819,107113.82838307819,0,0.0,0.0,0.0,0.0
1616198400000,107113.82838307819,107113.82838307819,0,0.0,0.0,0.0,0.0
1616212800000,107113.82838307819,107113.82838307819,0,0.0,0.0,0.0,0.0
1616227200000,107113.82838307819,107113.82838307819,0,0.0,0.0,0.0,0.0
1616241600000,107113.82838307819,107113.82838307819,0,0.0,0.0,0.0,0.0
1616256000000,107113.82838307819,107113.82838307819,0,0.0,0.0,0.0,0.0
1616270400000,107113.82838307819,107113.82838307819,0,0.0,0.0,0.0,0.0
1616284800000,107113.82838307819,107113.82838307819,0,0.0,0.0,0.0,0.0
1616299200000,107113.82838307819,107113.82838307819,0,0.0,0.0,0.0,0.0
1616313600000,107113.82838307819,107113.82838307819,0,0.0,0.0,0.0,0.0
1616328000000,107113.82838307819,107113.82838307819,0,0.0,0.0,0.0,0.0
1616342400000,106710.8646405561,107113.82838307819,2,83985.84667792029,2142.1896669369535,2142.1896669369535,83985.84667792029
1616356800000,106103.44216571176,107145.91227097432,2,84625.35304066076,2142.1896669369535,2142.1896669369535,84625.35304066076
1616371200000,106662.86463484168,107145.91227097432,2,84065.93057153084,2142.1896669369535,2142.1896669369535,84065.93057153084
1616385600000,107104.47479815572,107194.75407342841,2,83673.16221067091,2142.1896669369535,2142.1896669369535,83673.16221067091
1616400000000,106935.98358180452,107194.75407342841,2,83841.6534270221,2142.1896669369535,2142.1896669369535,83841.6534270221
1616414400000,106431.27757881088,107253.11813322121,2,84404.72348980853,2142.1896669369535,2142.1896669369535,84404.72348980853
1616428800000,105671.55776317381,106173.82429769788,1,43943.93876720585,1071.1382838307818,1071.1382838307818,43943.93876720585
1616443200000,106541.39992425207,106199.44970465924,1,43099.72201308896,1071.1382838307818,1071.1382838307818,43099.72201308896
1616457600000,108249.26593681911,107266.45804892352,1,20738.02822844531,535.5691419153909,535.5691419153909,20738.02822844531
1616472000000,107064.55721792814,107271.43659170445,3,102566.90784653721,2700.496896884162,2700.496896884162,102566.90784653721
1616486400000,108329.00496278658,107271.43659170445,3,101302.46010167878,2700.496896884162,2700.496896884162,101302.46010167878
1616500800000,108588.54957720847,107295.8715521997,3,101067.35044775213,2700.496896884162,2700.496896884162,101067.35044775213
1616515200000,107586.09065457014,107295.8715521997,3,102069.80937039046,2700.496896884162,2700.496896884162,102069.80937039046
1616529600000,107017.77230940973,106239.34816859824,2,56523.9708924906,1617.9879527530077,1617.9879527530077,56523.9708924906
1616544000000,107811.20032949679,106239.34816859824,2,55730.54287240355,1617.9879527530077,1617.9879527530077,55730.54287240355
1616558400000,107143.02847417734,106663.5950094453,1,35102.12545222918,1082.4188108376168,1082.4188108376168,35102.12545222918
1616572800000,106499.94605693656,106663.5950094453,1,35745.207869469945,1082.4188108376168,1082.4188108376168,35745.207869469945
1616587200000,106389.16306016762,106684.55912046807,1,35876.95497726167,1082.4188108376168,1082.4188108376168,35876.95497726167
1616601600000,105919.66176065269,105919.66176065269,0,0.0,0.0,0.0,0.0
1616616000000,105919.66176065269,105919.66176065269,0,0.0,0.0,0.0,0.0
1616630400000,105919.66176065269,105919.66176065269,0,0.0,0.0,0.0,0.0
1616644800000,107230.885746452,105919.66176065269,1,56725.209313157146,2118.3932352130537,2118.3932352130537,56725.209313157146
1616659200000,106771.45694908475,105919.66176065269,2,118446.3618284633,4263.010950142094,4263.010950142094,118446.3618284633
1616673600000,105984.62173229932,105925.34593530596,2,119238.88121990199,4263.010950142094,4263.010950142094,119238.88121990199
1616688000000,110095.32267395745,108064.26640140619,2,86636.23888537465,3190.702092677574,3190.702092677574,86636.23888537465
1616702400000,107874.7212989597,108057.57361916457,2,88850.14747813079,3190.702092677574,3190.702092677574,88850.14747813079
1616716800000,109098.26850021402,108057.57361916457,2,87626.60027687646,3190.702092677574,3190.702092677574,87626.60027687646
1616731200000,107750.71242608292,108057.23683230158,1,58342.957705175126,2118.3932352130537,2118.3932352130537,58342.957705175126
1616745600000,107727.46188187085,108057.23683230158,1,58366.208249387186,2118.3932352130537,2118.3932352130537,58366.208249387186
1616760000000,107022.42568414216,107022.42568414216,0,0.0,0.0,0.0,0.0
1616774400000,107022.42568414216,107022.42568414216,0,0.0,0.0,0.0,0.0
1616788800000,107022.42568414216,107022.42568414216,0,0.0,0.0,0.0,0.0
1616803200000,107022.42568414216,107022.42568414216,0,0.0,0.0,0.0,0.0
1616817600000,107022.42568414216,107022.42568414216,0,0.0,0.0,0.0,0.0
1616832000000,107022.42568414216,107022.42568414216,0,0.0,0.0,0.0,0.0
1616846400000,107022.42568414216,107022.42568414216,0,0.0,0.0,0.0,0.0
1616860800000,107022.42568414216,107022.42568414216,0,0.0,0.0,0.0,0.0
1616875200000,107022.42568414216,107022.42568414216,0,0.0,0.0,0.0,0.0
1616889600000,107022.42568414216,107022.42568414216,0,0.0,0.0,0.0,0.0
1616904000000,107022.42568414216,107022.42568414216,0,0.0,0.0,0.0,0.0
1616918400000,107022.42568414216,107022.42568414216,0,0.0,0.0,0.0,0.0
1616932800000,107022.42568414216,107022.42568414216,0,0.0,0.0,0.0,0.0
1616947200000,107022.42568414216,107022.42568414216,0,0.0,0.0,0.0,0.0
1616961600000,107022.42568414216,107022.42568414216,0,0.0,0.0,0.0,0.0
1616976000000,107022.42568414216,107022.42568414216,0,0.0,0.0,0.0,0.0
1616990400000,107022.42568414216,107022.42568414216,0,0.0,0.0,0.0,0.0
1617004800000,107022.42568414216,107022.42568414216,0,0.0,0.0,0.0,0.0
1617019200000,107022.42568414216,107022.42568414216,0,0.0,0.0,0.0,0.0
1617033600000,107022.42568414216,107022.42568414216,0,0.0,0.0,0.0,0.0
1617048000000,107022.42568414216,107022.42568414216,0,0.0,0.0,0.0,0.0
1617062400000,107022.42568414216,107022.42568414216,0,0.0,0.0,0.0,0.0
1617076800000,107022.42568414216,107022.42568414216,0,0.0,0.0,0.0,0.0
1617091200000,107022.42568414216,107022.42568414216,0,0.0,0.0,0.0,0.0
1617105600000,107022.42568414216,107022.42568414216,0,0.0,0.0,0.0,0.0
1617120000000,107022.42568414216,107022.42568414216,0,0.0,0.0,0.0,0.0
1617134400000,107022.42568414216,107022.42568414216,0,0.0,0.0,0.0,0.0
1617148800000,107022.42568414216,107022.42568414216,0,0.0,0.0,0.0,0.0
1617163200000,107022.42568414216,107022.42568414216,0,0.0,0.0,0.0,0.0
1617177600000,107022.42568414216,107022.42568414216,0,0.0,0.0,0.0,0.0
1617192000000,107022.42568414216,107022.42568414216,0,0.0,0.0,0.0,0.0
1617206400000,107022.42568414216,107022.42568414216,0,0.0,0.0,0.0,0.0
1617220800000,107022.42568414216,107022.42568414216,0,0.0,0.0,0.0,0.0
1617235200000,107022.42568414216,107022.42568414216,0,0.0,0.0,0.0,0.0
1617249600000,107022.42568414216,107022.42568414216,0,0.0,0.0,0.0,0.0
1617264000000,107022.42568414216,107022.42568414216,0,0.0,0.0,0.0,0.0
1617278400000,107022.42568414216,107022.42568414216,0,0.0,0.0,0.0,0.0
1617292800000,107022.42568414216,107022.42568414216,0,0.0,0.0,0.0,0.0
1617307200000,107022.42568414216,107022.42568414216,0,0.0,0.0,0.0,0.0
1617321600000,107022.42568414216,107022.42568414216,0,0.0,0.0,0.0,0.0
1617336000000,107022.42568414216,107022.42568414216,0,0.0,0.0,0.0,0.0
1617350400000,107022.42568414216,107022.42568414216,0,0.0,0.0,0.0,0.0
1617364800000,107022.42568414216,107022.42568414216,0,0.0,0.0,0.0,0.0
1617379200000,107022.42568414216,107022.42568414216,0,0.0,0.0,0.0,0.0
1617393600000,107022.42568414216,107022.42568414216,0,0.0,0.0,0.0,0.0
1617408000000,107022.42568414216,107022.42568414216,0,0.0,0.0,0.0,0.0
1617422400000,107022.42568414216,107022.42568414216,0,0.0,0.0,0.0,0.0
1617436800000,107022.42568414216,107022.42568414216,0,0.0,0.0,0.0,0.0
1617451200000,107022.42568414216,107022.42568414216,0,0.0,0.0,0.0,0.0
1617465600000,107022.42568414216,107022.42568414216,0,0.0,0.0,0.0,0.0
1617480000000,107022.42568414216,107022.42568414216,0,0.0,0.0,0.0,0.0
1617494400000,107022.42568414216,107022.42568414216,0,0.0,0.0,0.0,0.0
1617508800000,107022.42568414216,107022.42568414216,0,0.0,0.0,0.0,0.0
1617523200000,107022.42568414216,107022.42568414216,0,0.0,0.0,0.0,0.0
1617537600000,107022.42568414216,107022.42568414216,0,0.0,0.0,0.0,0.0
1617552000000,107022.42568414216,107022.42568414216,0,0.0,0.0,0.0,0.0
1617566400000,107022.42568414216,107022.42568414216,0,0.0,0.0,0.0,0.0
1617580800000,107022.42568414216,107022.42568414216,0,0.0,0.0,0.0,0.0
1617595200000,107022.42568414216,107022.42568414216,0,0.0,0.0,0.0,0.0
1617609600000,107022.42568414216,107022.42568414216,0,0.0,0.0,0.0,0.0
1617624000000,107022.42568414216,107022.42568414216,0,0.0,0.0,0.0,0.0
1617638400000,107022.42568414216,107022.42568414216,0,0.0,0.0,0.0,0.0
1617652800000,107022.42568414216,107022.42568414216,0,0.0,0.0,0.0,0.0
1617667200000,107022.42568414216,107022.42568414216,0,0.0,0.0,0.0,0.0
1617681600000,107022.42568414216,107022.42568414216,0,0.0,0.0,0.0,0.0
1617696000000,107022.42568414216,107022.42568414216,0,0.0,0.0,0.0,0.0
1617710400000,107022.42568414216,107022.42568414216,0,0.0,0.0,0.0,0.0
1617724800000,107022.42568414216,107022.42568414216,0,0.0,0.0,0.0,0.0
1617739200000,107022.42568414216,107022.42568414216,0,0.0,0.0,0.0,0.0
1617753600000,107022.42568414216,107022.42568414216,0,0.0,0.0,0.0,0.0
1617768000000,107022.42568414216,107022.42568414216,0,0.0,0.0,0.0,0.0
1617782400000,107022.42568414216,107022.42568414216,0,0.0,0.0,0.0,0.0
1617796800000,107022.42568414216,107022.42568414216,0,0.0,0.0,0.0,0.0
1617811200000,107022.42568414216,107022.42568414216,0,0.0,0.0,0.0,0.0
1617825600000,107022.42568414216,107022.42568414216,0,0.0,0.0,0.0,0.0
1617840000000,107022.42568414216,107022.42568414216,0,0.0,0.0,0.0,0.0
1617854400000,107022.42568414216,107022.42568414216,0,0.0,0.0,0.0,0.0
1617868800000,107022.42568414216,107022.42568414216,0,0.0,0.0,0.0,0.0
1617883200000,107022.42568414216,107022.42568414216,0,0.0,0.0,0.0,0.0
1617897600000,107022.42568414216,107022.42568414216,0,0.0,0.0,0.0,0.0
1617912000000,107022.42568414216,107022.42568414216,0,0.0,0.0,0.0,0.0
1617926400000,107022.42568414216,107022.42568414216,0,0.0,0.0,0.0,0.0
1617940800000,107022.42568414216,107022.42568414216,0,0.0,0.0,0.0,0.0
1617955200000,107022.42568414216,107022.42568414216,0,0.0,0.0,0.0,0.0
1617969600000,107022.42568414216,107022.42568414216,0,0.0,0.0,0.0,0.0
1617984000000,107022.42568414216,107022.42568414216,0,0.0,0.0,0.0,0.0
1617998400000,107022.42568414216,107022.42568414216,0,0.0,0.0,0.0,0.0
1618012800000,107022.42568414216,107022.42568414216,0,0.0,0.0,0.0,0.0
1618027200000,107022.42568414216,107022.42568414216,0,0.0,0.0,0.0,0.0
1618041600000,107022.42568414216,107022.42568414216,0,0.0,0.0,0.0,0.0
1618056000000,107022.42568414216,107022.42568414216,0,0.0,0.0,0.0,0.0
1618070400000,107022.42568414216,107022.42568414216,0,0.0,0.0,0.0,0.0
1618084800000,107022.42568414216,107022.42568414216,0,0.0,0.0,0.0,0.0
1618099200000,107022.42568414216,107022.42568414216,0,0.0,0.0,0.0,0.0
1618113600000,107022.42568414216,107022.42568414216,0,0.0,0.0,0.0,0.0
1618128000000,107022.42568414216,107022.42568414216,0,0.0,0.0,0.0,0.0
1618142400000,107022.42568414216,107022.42568414216,0,0.0,0.0,0.0,0.0
1618156800000,107022.42568414216,107022.42568414216,0,0.0,0.0,0.0,0.0
1618171200000,107022.42568414216,107022.42568414216,0,0.0,0.0,0.0,0.0
1618185600000,107022.42568414216,107022.42568414216,0,0.0,0.0,0.0,0.0
1618200000000,107022.42568414216,107022.42568414216,0,0.0,0.0,0.0,0.0
1618214400000,107022.42568414216,107022.42568414216,0,0.0,0.0,0.0,0.0
1618228800000,107022.42568414216,107022.42568414216,0,0.0,0.0,0.0,0.0
1618243200000,107022.42568414216,107022.42568414216,0,0.0,0.0,0.0,0.0
1618257600000,107022.42568414216,107022.42568414216,0,0.0,0.0,0.0,0.0
1618272000000,107022.42568414216,107022.42568414216,0,0.0,0.0,0.0,0.0
1618286400000,107022.42568414216,107022.42568414216,0,0.0,0.0,0.0,0.0
1618300800000,107022.42568414216,107022.42568414216,0,0.0,0.0,0.0,0.0
1618315200000,107022.42568414216,107022.42568414216,0,0.0,0.0,0.0,0.0
1618329600000,107022.42568414216,107022.42568414216,0,0.0,0.0,0.0,0.0
1618344000000,107022.42568414216,107022.42568414216,0,0.0,0.0,0.0,0.0
1618358400000,107022.42568414216,107022.42568414216,0,0.0,0.0,0.0,0.0
1618372800000,107284.4165085315,107022.42568414216,1,83612.840363513,2140.4485136828434,0.0,0.0
1618387200000,107971.14881754611,107022.42568414216,1,84299.5726725276,2140.4485136828434,0.0,0.0
1618401600000,108194.78105755744,106930.92153738251,1,84614.70905929858,2140.4485136828434,0.0,0.0
1618416000000,104066.76263668094,104754.56732334275,1,82663.04485246183,2140.4485136828434,0.0,0.0
1618430400000,102511.23991436057,102511.23991436057,0,0.0,0.0,0.0,0.0
1618444800000,102511.23991436057,102511.23991436057,0,0.0,0.0,0.0,0.0
1618459200000,102511.23991436057,102511.23991436057,0,0.0,0.0,0.0,0.0
1618473600000,102511.23991436057,102511.23991436057,0,0.0,0.0,0.0,0.0
1618488000000,102511.23991436057,102511.23991436057,0,0.0,0.0,0.0,0.0
1618502400000,102511.23991436057,102511.23991436057,0,0.0,0.0,0.0,0.0
1618516800000,102511.23991436057,102511.23991436057,0,0.0,0.0,0.0,0.0
1618531200000,102511.23991436057,102511.23991436057,0,0.0,0.0,0.0,0.0
1618545600000,102511.23991436057,102511.23991436057,0,0.0,0.0,0.0,0.0
1618560000000,102511.23991436057,102511.23991436057,0,0.0,0.0,0.0,0.0
1618574400000,102511.23991436057,102511.23991436057,0,0.0,0.0,0.0,0.0
1618588800000,102511.23991436057,102511.23991436057,0,0.0,0.0,0.0,0.0
1618603200000,102511.23991436057,102511.23991436057,0,0.0,0.0,0.0,0.0
1618617600000,102511.23991436057,102511.23991436057,0,0.0,0.0,0.0,0.0
1618632000000,102511.23991436057,102511.23991436057,0,0.0,0.0,0.0,0.0
1618646400000,102511.23991436057,102511.23991436057,0,0.0,0.0,0.0,0.0
1618660800000,102511.23991436057,102511.23991436057,0,0.0,0.0,0.0,0.0
1618675200000,102511.23991436057,102511.23991436057,0,0.0,0.0,0.0,0.0
1618689600000,102511.23991436057,102511.23991436057,0,0.0,0.0,0.0,0.0
1618704000000,102511.23991436057,102511.23991436057,0,0.0,0.0,0.0,0.0
1618718400000,102511.23991436057,102511.23991436057,0,0.0,0.0,0.0,0.0
1618732800000,102511.23991436057,102511.23991436057,0,0.0,0.0,0.0,0.0
1618747200000,102511.23991436057,102511.23991436057,0,0.0,0.0,0.0,0.0
1618761600000,102511.23991436057,102511.23991436057,0,0.0,0.0,0.0,0.0
1618776000000,102511.23991436057,102511.23991436057,0,0.0,0.0,0.0,0.0
1618790400000,102511.23991436057,102511.23991436057,0,0.0,0.0,0.0,0.0
1618804800000,102511.23991436057,102511.23991436057,0,0.0,0.0,0.0,0.0
1618819200000,102511.23991436057,102511.23991436057,0,0.0,0.0,0.0,0.0
1618833600000,102511.23991436057,102511.23991436057,0,0.0,0.0,0.0,0.0
1618848000000,102511.23991436057,102511.23991436057,0,0.0,0.0,0.0,0.0
1618862400000,102511.23991436057,102511.23991436057,0,0.0,0.0,0.0,0.0
1618876800000,102511.23991436057,102511.23991436057,0,0.0,0.0,0.0,0.0
1618891200000,102511.23991436057,102511.23991436057,0,0.0,0.0,0.0,0.0
1618905600000,102511.23991436057,102511.23991436057,0,0.0,0.0,0.0,0.0
1618920000000,102511.23991436057,102511.23991436057,0,0.0,0.0,0.0,0.0
1618934400000,102511.23991436057,102511.23991436057,0,0.0,0.0,0.0,0.0
1618948800000,102511.23991436057,102511.23991436057,0,0.0,0.0,0.0,0.0
1618963200000,102511.23991436057,102511.23991436057,0,0.0,0.0,0.0,0.0
1618977600000,102511.23991436057,102511.23991436057,0,0.0,0.0,0.0,0.0
1618992000000,102511.23991436057,102511.23991436057,0,0.0,0.0,0.0,0.0
1619006400000,102511.23991436057,102511.23991436057,0,0.0,0.0,0.0,0.0
1619020800000,102511.23991436057,102511.23991436057,0,0.0,0.0,0.0,0.0
1619035200000,102511.23991436057,102511.23991436057,0,0.0,0.0,0.0,0.0
1619049600000,102511.23991436057,102511.23991436057,0,0.0,0.0,0.0,0.0
1619064000000,102511.23991436057,102511.23991436057,0,0.0,0.0,0.0,0.0
1619078400000,102511.23991436057,102511.23991436057,0,0.0,0.0,0.0,0.0
1619092800000,102511.23991436057,102511.23991436057,0,0.0,0.0,0.0,0.0
1619107200000,102511.23991436057,102511.23991436057,0,0.0,0.0,0.0,0.0
1619121600000,102511.23991436057,102511.23991436057,0,0.0,0.0,0.0,0.0
1619136000000,102511.23991436057,102511.23991436057,0,0.0,0.0,0.0,0.0
1619150400000,102511.23991436057,102511.23991436057,0,0.0,0.0,0.0,0.0
1619164800000,102511.23991436057,102511.23991436057,0,0.0,0.0,0.0,0.0
1619179200000,102511.23991436057,102511.23991436057,0,0.0,0.0,0.0,0.0
1619193600000,102511.23991436057,102511.23991436057,0,0.0,0.0,0.0,0.0
1619208000000,102511.23991436057,102511.23991436057,0,0.0,0.0,0.0,0.0
1619222400000,102511.23991436057,102511.23991436057,0,0.0,0.0,0.0,0.0
1619236800000,102511.23991436057,102511.23991436057,0,0.0,0.0,0.0,0.0
1619251200000,102511.23991436057,102511.23991436057,0,0.0,0.0,0.0,0.0
1619265600000,102511.23991436057,102511.23991436057,0,0.0,0.0,0.0,0.0
1619280000000,102511.23991436057,102511.23991436057,0,0.0,0.0,0.0,0.0
1619294400000,102511.23991436057,102511.23991436057,0,0.0,0.0,0.0,0.0
1619308800000,102511.23991436057,102511.23991436057,0,0.0,0.0,0.0,0.0
1619323200000,102511.23991436057,102511.23991436057,0,0.0,0.0,0.0,0.0
1619337600000,102511.23991436057,102511.23991436057,0,0.0,0.0,0.0,0.0
1619352000000,102511.23991436057,102511.23991436057,0,0.0,0.0,0.0,0.0
1619366400000,102511.23991436057,102511.23991436057,0,0.0,0.0,0.0,0.0
1619380800000,102511.23991436057,102511.23991436057,0,0.0,0.0,0.0,0.0
1619395200000,102511.23991436057,102511.23991436057,0,0.0,0.0,0.0,0.0
1619409600000,102511.23991436057,102511.23991436057,0,0.0,0.0,0.0,0.0
1619424000000,102511.23991436057,102511.23991436057,0,0.0,0.0,0.0,0.0
1619438400000,102511.23991436057,102511.23991436057,0,0.0,0.0,0.0,0.0
1619452800000,102511.23991436057,102511.23991436057,0,0.0,0.0,0.0,0.0
1619467200000,102511.23991436057,102511.23991436057,0,0.0,0.0,0.0,0.0
1619481600000,102511.23991436057,102511.23991436057,0,0.0,0.0,0.0,0.0
1619496000000,102511.23991436057,102511.23991436057,0,0.0,0.0,0.0,0.0
1619510400000,102511.23991436057,102511.23991436057,0,0.0,0.0,0.0,0.0
1619524800000,102511.23991436057,102511.23991436057,0,0.0,0.0,0.0,0.0
1619539200000,102511.23991436057,102511.23991436057,0,0.0,0.0,0.0,0.0
1619553600000,102511.23991436057,102511.23991436057,0,0.0,0.0,0.0,0.0
1619568000000,102511.23991436057,102511.23991436057,0,0.0,0.0,0.0,0.0
1619582400000,102511.23991436057,102511.23991436057,0,0.0,0.0,0.0,0.0
1619596800000,102511.23991436057,102511.23991436057,0,0.0,0.0,0.0,0.0
1619611200000,102511.23991436057,102511.23991436057,0,0.0,0.0,0.0,0.0
1619625600000,102511.23991436057,102511.23991436057,0,0.0,0.0,0.0,0.0
1619640000000,102511.23991436057,102511.23991436057,0,0.0,0.0,0.0,0.0
1619654400000,102511.23991436057,102511.23991436057,0,0.0,0.0,0.0,0.0
1619668800000,102511.23991436057,102511.23991436057,0,0.0,0.0,0.0,0.0
1619683200000,102511.23991436057,102511.23991436057,0,0.0,0.0,0.0,0.0
1619697600000,102511.23991436057,102511.23991436057,0,0.0,0.0,0.0,0.0
1619712000000,102511.23991436057,102511.23991436057,0,0.0,0.0,0.0,0.0
1619726400000,102511.23991436057,102511.23991436057,0,0.0,0.0,0.0,0.0
1619740800000,102511.23991436057,102511.23991436057,0,0.0,0.0,0.0,0.0
1619755200000,102511.23991436057,102511.23991436057,0,0.0,0.0,0.0,0.0
1619769600000,102511.23991436057,102511.23991436057,0,0.0,0.0,0.0,0.0
1619784000000,102511.23991436057,102511.23991436057,0,0.0,0.0,0.0,0.0
1619798400000,102511.23991436057,102511.23991436057,0,0.0,0.0,0.0,0.0
1619812800000,102511.23991436057,102511.23991436057,0,0.0,0.0,0.0,0.0
1619827200000,102511.23991436057,102511.23991436057,0,0.0,0.0,0.0,0.0
1619841600000,102511.23991436057,102511.23991436057,0,0.0,0.0,0.0,0.0
1619856000000,102511.23991436057,102511.23991436057,0,0.0,0.0,0.0,0.0
1619870400000,102511.23991436057,102511.23991436057,0,0.0,0.0,0.0,0.0
1619884800000,102511.23991436057,102511.23991436057,0,0.0,0.0,0.0,0.0
1619899200000,102511.23991436057,102511.23991436057,0,0.0,0.0,0.0,0.0
1619913600000,102511.23991436057,102511.23991436057,0,0.0,0.0,0.0,0.0
1619928000000,102511.23991436057,102511.23991436057,0,0.0,0.0,0.0,0.0
1619942400000,102511.23991436057,102511.23991436057,0,0.0,0.0,0.0,0.0
1619956800000,102511.23991436057,102511.23991436057,0,0.0,0.0,0.0,0.0
1619971200000,102356.04611826467,102511.23991436057,1,58261.24555184394,2050.2247982872113,0.0,0.0
1619985600000,103035.78316364269,102505.41490933273,1,58946.80760224979,2050.2247982872113,0.0,0.0
1620000000000,102745.97467727221,102505.41490933273,1,58656.99911587933,2050.2247982872113,0.0,0.0
1620014400000,104795.00616683098,102499.5491889478,1,60711.896325823014,2050.2247982872113,0.0,0.0
1620028800000,106671.60556314344,102499.5491889478,1,62588.49572213548,2050.2247982872113,0.0,0.0
1620043200000,106803.496465434,102493.29407064339,1,62726.64174273045,2050.2247982872113,0.0,0.0
1620057600000,106973.84342895902,102493.29407064339,1,62896.98870625548,2050.2247982872113,0.0,0.0
1620072000000,109722.6460290614,102454.52862351706,1,65684.55675348417,2050.2247982872113,0.0,0.0
1620086400000,112283.41607701115,102454.52862351706,1,68245.32680143391,2050.2247982872113,0.0,0.0
1620100800000,108394.70556770415,102432.91283460612,1,64378.232081037866,2050.2247982872113,0.0,0.0
1620115200000,110007.93305424921,102432.91283460612,1,65991.45956758293,2050.2247982872113,0.0,0.0
1620129600000,113220.73710684697,102386.26588617306,1,69250.91056861373,2050.2247982872113,0.0,0.0
1620144000000,108252.44964674421,102386.26588617306,1,64282.62310851098,2050.2247982872113,0.0,0.0
1620158400000,111813.9162724042,102340.23304740396,1,67890.12257294006,2050.2247982872113,0.0,0.0
1620172800000,108398.62860929215,102340.23304740396,1,64474.83490982802,2050.2247982872113,0.0,0.0
1620187200000,109534.28771780651,102315.46558292053,1,65635.26148282582,2050.2247982872113,0.0,0.0
1620201600000,110358.98964507061,102315.46558292053,1,66459.96341008993,2050.2247982872113,0.0,0.0
1620216000000,110612.30145680234,102263.46475057471,1,66765.27605416745,2050.2247982872113,0.0,0.0
1620230400000,109667.93923544012,102263.46475057471,1,65820.91383280525,2050.2247982872113,0.0,0.0
1620244800000,113032.6907401403,102205.57405581462,1,69243.55603226552,2050.2247982872113,0.0,0.0
1620259200000,113925.3724358123,102205.57405581462,1,70136.2377279375,2050.2247982872113,0.0,0.0
1620273600000,112794.41378864259,102157.71996436005,1,69053.13317222237,2050.2247982872113,0.0,0.0
1620288000000,112134.49322982918,102157.71996436005,1,68393.21261340898,2050.2247982872113,0.0,0.0
1620302400000,113888.58544302172,102112.13725601746,1,70192.8875349441,2050.2247982872113,0.0,0.0
1620316800000,114382.5320058685,102112.13725601746,1,70686.83409779087,2050.2247982872113,0.0,0.0
1620331200000,112854.31400860482,102033.75677561674,1,69236.99658092792,2050.2247982872113,0.0,0.0
1620345600000,113051.29631998557,102033.75677561674,1,69433.97889230866,2050.2247982872113,0.0,0.0
1620360000000,111747.37401376388,102015.68570281794,1,68148.12765888579,2050.2247982872113,0.0,0.0
1620374400000,111932.03250748006,102015.68570281794,1,68332.78615260196,2050.2247982872113,0.0,0.0
1620388800000,112066.80843944833,101982.10238378773,1,68501.14540360044,2050.2247982872113,0.0,0.0
1620403200000,114407.33993945672,101982.10238378773,1,70841.67690360884,2050.2247982872113,0.0,0.0
1620417600000,113426.70984297353,101955.1767575415,1,69887.97243337186,2050.2247982872113,0.0,0.0
1620432000000,112730.61291617698,101955.1767575415,1,69191.87550657532,2050.2247982872113,0.0,0.0
1620446400000,113828.9648790494,101922.52029280901,1,70322.88393418022,2050.2247982872113,0.0,0.0
1620460800000,113706.32301616149,101922.52029280901,1,70200.2420712923,2050.2247982872113,0.0,0.0
1620475200000,113896.43753537847,101873.3142238298,1,70439.5626594885,2050.2247982872113,0.0,0.0
1620489600000,115735.4691649392,101873.3142238298,1,72278.59428904924,2050.2247982872113,0.0,0.0
1620504000000,119301.30370650822,101851.5264262352,1,75866.21662821286,2050.2247982872113,0.0,0.0
1620518400000,121243.49761619672,101851.5264262352,1,77808.41053790135,2050.2247982872113,0.0,0.0
1620532800000,120393.17813621486,101805.63420574667,1,77003.98327840802,2050.2247982872113,0.0,0.0
1620547200000,121697.91263863991,101805.63420574667,1,78308.71778083309,2050.2247982872113,0.0,0.0
1620561600000,120018.77590571673,101773.11852981451,1,76662.09672384204,2050.2247982872113,0.0,0.0
1620576000000,120449.31443896667,101773.11852981451,1,77092.635257092,2050.2247982872113,0.0,0.0
1620590400000,120223.70712538343,101731.37462493681,1,76908.77184838646,2050.2247982872113,0.0,0.0
1620604800000,121392.48209099272,101731.37462493681,1,78077.54681399575,2050.2247982872113,0.0,0.0
1620619200000,123966.53872423837,101677.67529808811,1,80705.3027740901,2050.2247982872113,0.0,0.0
1620633600000,124946.08345732045,101677.67529808811,1,81684.84750717216,2050.2247982872113,0.0,0.0
1620648000000,124185.22985237147,101623.45349632639,1,80978.21570398493,2050.2247982872113,0.0,0.0
1620662400000,125905.79381535004,101623.45349632639,1,82698.7796669635,2050.2247982872113,0.0,0.0
1620676800000,122612.53198818525,101560.82083855747,1,79468.1504975676,2050.2247982872113,0.0,0.0
1620691200000,121665.58574053853,101560.82083855747,1,78521.2042499209,2050.2247982872113,0.0,0.0
1620705600000,119877.31418184191,101528.49452581196,1,76765.2590039698,2050.2247982872113,0.0,0.0
1620720000000,120978.86871926044,101528.49452581196,2,161874.67656307388,4447.775057349103,2397.5502590618917,83104.80947608202
1620734400000,122006.960296492,101536.7397625366,2,161356.52886426728,4447.775057349103,2397.5502590618917,82335.81245642525
1620748800000,121770.70930365258,101536.7397625366,2,163526.42660293105,4447.775057349103,2397.5502590618917,83538.88682217685
1620763200000,121608.79069152159,99119.96338520075,1,80905.26665426067,2050.2247982872113,0.0,0.0
1620777600000,123708.61020456522,99119.96338520075,1,83005.0861673043,2050.2247982872113,0.0,0.0
1620792000000,126930.3421985766,99111.66252357422,1,86235.11902294222,2050.2247982872113,0.0,0.0
1620806400000,126398.03278396747,99111.66252357422,1,85702.80960833309,2050.2247982872113,0.0,0.0
1620820800000,125721.28850797632,99070.98625607791,1,85066.74159983825,2050.2247982872113,0.0,0.0
1620835200000,124068.90308465829,99070.98625607791,1,83414.3561765202,2050.2247982872113,0.0,0.0
1620849600000,121820.20021715447,99025.6627242508,1,81210.9768408435,2050.2247982872113,0.0,0.0
1620864000000,116718.53724652044,99025.6627242508,1,76109.31387020949,2050.2247982872113,0.0,0.0
1620878400000,116690.00893118723,116690.00893118723,0,0.0,0.0,0.0,0.0
1620892800000,116690.00893118723,116690.00893118723,0,0.0,0.0,0.0,0.0
1620907200000,116690.00893118723,116690.00893118723,0,0.0,0.0,0.0,0.0
1620921600000,116690.00893118723,116690.00893118723,0,0.0,0.0,0.0,0.0
1620936000000,116690.00893118723,116690.00893118723,0,0.0,0.0,0.0,0.0
1620950400000,116690.00893118723,116690.00893118723,0,0.0,0.0,0.0,0.0
1620964800000,116690.00893118723,116690.00893118723,0,0.0,0.0,0.0,0.0
1620979200000,116690.00893118723,116690.00893118723,0,0.0,0.0,0.0,0.0
1620993600000,116690.00893118723,116690.00893118723,0,0.0,0.0,0.0,0.0
1621008000000,116690.00893118723,116690.00893118723,0,0.0,0.0,0.0,0.0
1621022400000,116690.00893118723,116690.00893118723,0,0.0,0.0,0.0,0.0
1621036800000,116690.00893118723,116690.00893118723,0,0.0,0.0,0.0,0.0
1621051200000,116690.00893118723,116690.00893118723,0,0.0,0.0,0.0,0.0
1621065600000,116690.00893118723,116690.00893118723,0,0.0,0.0,0.0,0.0
1621080000000,116690.00893118723,116690.00893118723,0,0.0,0.0,0.0,0.0
1621094400000,116690.00893118723,116690.00893118723,0,0.0,0.0,0.0,0.0
1621108800000,116690.00893118723,116690.00893118723,0,0.0,0.0,0.0,0.0
1621123200000,116690.00893118723,116690.00893118723,0,0.0,0.0,0.0,0.0
1621137600000,116690.00893118723,116690.00893118723,0,0.0,0.0,0.0,0.0
1621152000000,116690.00893118723,116690.00893118723,0,0.0,0.0,0.0,0.0
1621166400000,116690.00893118723,116690.00893118723,0,0.0,0.0,0.0,0.0
1621180800000,116690.00893118723,116690.00893118723,0,0.0,0.0,0.0,0.0
1621195200000,116690.00893118723,116690.00893118723,0,0.0,0.0,0.0,0.0
1621209600000,116690.00893118723,116690.00893118723,0,0.0,0.0,0.0,0.0
1621224000000,116690.00893118723,116690.00893118723,0,0.0,0.0,0.0,0.0
1621238400000,116690.00893118723,116690.00893118723,0,0.0,0.0,0.0,0.0
1621252800000,116690.00893118723,116690.00893118723,0,0.0,0.0,0.0,0.0
1621267200000,116690.00893118723,116690.00893118723,0,0.0,0.0,0.0,0.0
1621281600000,116690.00893118723,116690.00893118723,0,0.0,0.0,0.0,0.0
1621296000000,116690.00893118723,116690.00893118723,0,0.0,0.0,0.0,0.0
1621310400000,116690.00893118723,116690.00893118723,0,0.0,0.0,0.0,0.0
1621324800000,116690.00893118723,116690.00893118723,0,0.0,0.0,0.0,0.0
1621339200000,116690.00893118723,116690.00893118723,0,0.0,0.0,0.0,0.0
1621353600000,116690.00893118723,116690.00893118723,0,0.0,0.0,0.0,0.0
1621368000000,116690.00893118723,116690.00893118723,0,0.0,0.0,0.0,0.0
1621382400000,116690.00893118723,116690.00893118723,0,0.0,0.0,0.0,0.0
1621396800000,116690.00893118723,116690.00893118723,0,0.0,0.0,0.0,0.0
1621411200000,116690.00893118723,116690.00893118723,0,0.0,0.0,0.0,0.0
1621425600000,116690.00893118723,116690.00893118723,0,0.0,0.0,0.0,0.0
1621440000000,116690.00893118723,116690.00893118723,0,0.0,0.0,0.0,0.0
1621454400000,116690.00893118723,116690.00893118723,0,0.0,0.0,0.0,0.0
1621468800000,116690.00893118723,116690.00893118723,0,0.0,0.0,0.0,0.0
1621483200000,116690.00893118723,116690.00893118723,0,0.0,0.0,0.0,0.0
1621497600000,116690.00893118723,116690.00893118723,0,0.0,0.0,0.0,0.0
1621512000000,116690.00893118723,116690.00893118723,0,0.0,0.0,0.0,0.0
1621526400000,116690.00893118723,116690.00893118723,0,0.0,0.0,0.0,0.0
1621540800000,116690.00893118723,116690.00893118723,0,0.0,0.0,0.0,0.0
1621555200000,116690.00893118723,116690.00893118723,0,0.0,0.0,0.0,0.0
1621569600000,116690.00893118723,116690.00893118723,0,0.0,0.0,0.0,0.0
1621584000000,116690.00893118723,116690.00893118723,0,0.0,0.0,0.0,0.0
1621598400000,116690.00893118723,116690.00893118723,0,0.0,0.0,0.0,0.0
1621612800000,116690.00893118723,116690.00893118723,0,0.0,0.0,0.0,0.0
1621627200000,116690.00893118723,116690.00893118723,0,0.0,0.0,0.0,0.0
1621641600000,116690.00893118723,116690.00893118723,0,0.0,0.0,0.0,0.0
1621656000000,116690.00893118723,116690.00893118723,0,0.0,0.0,0.0,0.0
1621670400000,116690.00893118723,116690.00893118723,0,0.0,0.0,0.0,0.0
1621684800000,116690.00893118723,116690.00893118723,0,0.0,0.0,0.0,0.0
1621699200000,116690.00893118723,116690.00893118723,0,0.0,0.0,0.0,0.0
1621713600000,116690.00893118723,116690.00893118723,0,0.0,0.0,0.0,0.0
1621728000000,116690.00893118723,116690.00893118723,0,0.0,0.0,0.0,0.0
1621742400000,116690.00893118723,116690.00893118723,0,0.0,0.0,0.0,0.0
1621756800000,116690.00893118723,116690.00893118723,0,0.0,0.0,0.0,0.0
1621771200000,116690.00893118723,116690.00893118723,0,0.0,0.0,0.0,0.0
1621785600000,116690.00893118723,116690.00893118723,0,0.0,0.0,0.0,0.0
1621800000000,116690.00893118723,116690.00893118723,0,0.0,0.0,0.0,0.0
1621814400000,116690.00893118723,116690.00893118723,0,0.0,0.0,0.0,0.0
1621828800000,116690.00893118723,116690.00893118723,0,0.0,0.0,0.0,0.0
1621843200000,116690.00893118723,116690.00893118723,0,0.0,0.0,0.0,0.0
1621857600000,116690.00893118723,116690.00893118723,0,0.0,0.0,0.0,0.0
1621872000000,116690.00893118723,116690.00893118723,0,0.0,0.0,0.0,0.0
1621886400000,116690.00893118723,116690.00893118723,0,0.0,0.0,0.0,0.0
1621900800000,116690.00893118723,116690.00893118723,0,0.0,0.0,0.0,0.0
1621915200000,116690.00893118723,116690.00893118723,0,0.0,0.0,0.0,0.0
1621929600000,116690.00893118723,116690.00893118723,0,0.0,0.0,0.0,0.0
1621944000000,116690.00893118723,116690.00893118723,0,0.0,0.0,0.0,0.0
1621958400000,116690.00893118723,116690.00893118723,0,0.0,0.0,0.0,0.0
1621972800000,116690.00893118723,116690.00893118723,0,0.0,0.0,0.0,0.0
1621987200000,116690.00893118723,116690.00893118723,0,0.0,0.0,0.0,0.0
1622001600000,116690.00893118723,116690.00893118723,0,0.0,0.0,0.0,0.0
1622016000000,116690.00893118723,116690.00893118723,0,0.0,0.0,0.0,0.0
1622030400000,116690.00893118723,116690.00893118723,0,0.0,0.0,0.0,0.0
1622044800000,116690.00893118723,116690.00893118723,0,0.0,0.0,0.0,0.0
1622059200000,116690.00893118723,116690.00893118723,0,0.0,0.0,0.0,0.0
1622073600000,116690.00893118723,116690.00893118723,0,0.0,0.0,0.0,0.0
1622088000000,116690.00893118723,116690.00893118723,0,0.0,0.0,0.0,0.0
1622102400000,116690.00893118723,116690.00893118723,0,0.0,0.0,0.0,0.0
1622116800000,116690.00893118723,116690.00893118723,0,0.0,0.0,0.0,0.0
1622131200000,116690.00893118723,116690.00893118723,0,0.0,0.0,0.0,0.0
1622145600000,116690.00893118723,116690.00893118723,0,0.0,0.0,0.0,0.0
1622160000000,116690.00893118723,116690.00893118723,0,0.0,0.0,0.0,0.0
1622174400000,116690.00893118723,116690.00893118723,0,0.0,0.0,0.0,0.0
1622188800000,116690.00893118723,116690.00893118723,0,0.0,0.0,0.0,0.0
1622203200000,116690.00893118723,116690.00893118723,0,0.0,0.0,0.0,0.0
1622217600000,116690.00893118723,116690.00893118723,0,0.0,0.0,0.0,0.0
1622232000000,116690.00893118723,116690.00893118723,0,0.0,0.0,0.0,0.0
1622246400000,116690.00893118723,116690.00893118723,0,0.0,0.0,0.0,0.0
1622260800000,116690.00893118723,116690.00893118723,0,0.0,0.0,0.0,0.0
1622275200000,116690.00893118723,116690.00893118723,0,0.0,0.0,0.0,0.0
1622289600000,116690.00893118723,116690.00893118723,0,0.0,0.0,0.0,0.0
1622304000000,116690.00893118723,116690.00893118723,0,0.0,0.0,0.0,0.0
1622318400000,116690.00893118723,116690.00893118723,0,0.0,0.0,0.0,0.0
1622332800000,116690.00893118723,116690.00893118723,0,0.0,0.0,0.0,0.0
1622347200000,116690.00893118723,116690.00893118723,0,0.0,0.0,0.0,0.0
1622361600000,116690.00893118723,116690.00893118723,0,0.0,0.0,0.0,0.0
1622376000000,116690.00893118723,116690.00893118723,0,0.0,0.0,0.0,0.0
1622390400000,116690.00893118723,116690.00893118723,0,0.0,0.0,0.0,0.0
1622404800000,116690.00893118723,116690.00893118723,0,0.0,0.0,0.0,0.0
1622419200000,116690.00893118723,116690.00893118723,0,0.0,0.0,0.0,0.0
1622433600000,116690.00893118723,116690.00893118723,0,0.0,0.0,0.0,0.0
1622448000000,116690.00893118723,116690.00893118723,0,0.0,0.0,0.0,0.0
1622462400000,116690.00893118723,116690.00893118723,0,0.0,0.0,0.0,0.0
1622476800000,116690.00893118723,116690.00893118723,0,0.0,0.0,0.0,0.0
1622491200000,116690.00893118723,116690.00893118723,0,0.0,0.0,0.0,0.0
1622505600000,116690.00893118723,116690.00893118723,0,0.0,0.0,0.0,0.0
1622520000000,116690.00893118723,116690.00893118723,0,0.0,0.0,0.0,0.0
1622534400000,116690.00893118723,116690.00893118723,0,0.0,0.0,0.0,0.0
1622548800000,116690.00893118723,116690.00893118723,0,0.0,0.0,0.0,0.0
1622563200000,116690.00893118723,116690.00893118723,0,0.0,0.0,0.0,0.0
1622577600000,116690.00893118723,116690.00893118723,0,0.0,0.0,0.0,0.0
1622592000000,116690.00893118723,116690.00893118723,0,0.0,0.0,0.0,0.0
1622606400000,116690.00893118723,116690.00893118723,0,0.0,0.0,0.0,0.0
1622620800000,116690.00893118723,116690.00893118723,0,0.0,0.0,0.0,0.0
1622635200000,116690.00893118723,116690.00893118723,0,0.0,0.0,0.0,0.0
1622649600000,116690.00893118723,116690.00893118723,0,0.0,0.0,0.0,0.0
1622664000000,116690.00893118723,116690.00893118723,0,0.0,0.0,0.0,0.0
1622678400000,116690.00893118723,116690.00893118723,0,0.0,0.0,0.0,0.0
1622692800000,116690.00893118723,116690.00893118723,0,0.0,0.0,0.0,0.0
1622707200000,116690.00893118723,116690.00893118723,0,0.0,0.0,0.0,0.0
1622721600000,116690.00893118723,116690.00893118723,0,0.0,0.0,0.0,0.0
1622736000000,116690.00893118723,116690.00893118723,0,0.0,0.0,0.0,0.0
1622750400000,116690.00893118723,116690.00893118723,0,0.0,0.0,0.0,0.0
1622764800000,116690.00893118723,116690.00893118723,0,0.0,0.0,0.0,0.0
1622779200000,116690.00893118723,116690.00893118723,0,0.0,0.0,0.0,0.0
1622793600000,116690.00893118723,116690.00893118723,0,0.0,0.0,0.0,0.0
1622808000000,116745.62500862348,116690.00893118723,2,84173.49283109517,4667.235355613609,4667.235355613609,84173.49283109517
1622822400000,114770.28826025226,116690.00893118723,2,86148.82957946639,4667.235355613609,4667.235355613609,86148.82957946639
1622836800000,114355.1831240538,116698.62684401702,2,86572.55262849464,4667.235355613609,4667.235355613609,86572.55262849464
1622851200000,113549.00937875129,114355.23668951872,1,39419.257025066574,2333.435176989864,2333.435176989864,39419.257025066574
1622865600000,112714.79658317595,114359.17875195121,1,40257.41188307441,2333.435176989864,2333.435176989864,40257.41188307441
1622880000000,112017.55428198309,112017.55428198309,0,0.0,0.0,0.0,0.0
1622894400000,112017.55428198309,112017.55428198309,0,0.0,0.0,0.0,0.0
1622908800000,112017.55428198309,112017.55428198309,0,0.0,0.0,0.0,0.0
1622923200000,112017.55428198309,112017.55428198309,0,0.0,0.0,0.0,0.0
1622937600000,112017.55428198309,112017.55428198309,0,0.0,0.0,0.0,0.0
1622952000000,112017.55428198309,112017.55428198309,0,0.0,0.0,0.0,0.0
1622966400000,112017.55428198309,112017.55428198309,0,0.0,0.0,0.0,0.0
1622980800000,112017.55428198309,112017.55428198309,0,0.0,0.0,0.0,0.0
1622995200000,112017.55428198309,112017.55428198309,0,0.0,0.0,0.0,0.0
1623009600000,112017.55428198309,112017.55428198309,0,0.0,0.0,0.0,0.0
1623024000000,112017.55428198309,112017.55428198309,0,0.0,0.0,0.0,0.0
1623038400000,112017.55428198309,112017.55428198309,0,0.0,0.0,0.0,0.0
1623052800000,112017.55428198309,112017.55428198309,0,0.0,0.0,0.0,0.0
1623067200000,112017.55428198309,112017.55428198309,0,0.0,0.0,0.0,0.0
1623081600000,112017.55428198309,112017.55428198309,0,0.0,0.0,0.0,0.0
1623096000000,112017.55428198309,112017.55428198309,0,0.0,0.0,0.0,0.0
1623110400000,112017.55428198309,112017.55428198309,0,0.0,0.0,0.0,0.0
1623124800000,115092.2236808029,112017.55428198309,2,111849.68305419883,4480.145634324157,4480.145634324157,111849.68305419883
1623139200000,114327.4066874503,112017.55428198309,2,112614.50004755141,4480.145634324157,4480.145634324157,112614.50004755141
1623153600000,113466.38189981018,112018.24762017252,2,113476.21817338097,4480.145634324157,4480.145634324157,113476.21817338097
1623168000000,120133.87698386652,116487.79684837823,2,53816.09609102104,2240.0728171620785,2240.0728171620785,53816.09609102104
1623182400000,115455.3877523043,114077.79381857073,2,56084.58229277575,2240.0728171620785,2240.0728171620785,56084.58229277575
1623196800000,114635.34871731004,114279.28362506055,1,22329.50814826954,1119.8972743422476,1119.8972743422476,22329.50814826954
1623211200000,115350.21745748284,114279.28362506055,1,21614.63940809675,1119.8972743422476,1119.8972743422476,21614.63940809675
1623225600000,114293.61368081182,114293.61368081182,0,0.0,0.0,0.0,0.0
1623240000000,114293.61368081182,114293.61368081182,0,0.0,0.0,0.0,0.0
1623254400000,114293.61368081182,114293.61368081182,0,0.0,0.0,0.0,0.0
1623268800000,114293.61368081182,114293.61368081182,0,0.0,0.0,0.0,0.0
1623283200000,114293.61368081182,114293.61368081182,0,0.0,0.0,0.0,0.0
1623297600000,114293.61368081182,114293.61368081182,0,0.0,0.0,0.0,0.0
1623312000000,114293.61368081182,114293.61368081182,0,0.0,0.0,0.0,0.0
1623326400000,114293.61368081182,114293.61368081182,0,0.0,0.0,0.0,0.0
1623340800000,114293.61368081182,114293.61368081182,0,0.0,0.0,0.0,0.0
1623355200000,114293.61368081182,114293.61368081182,0,0.0,0.0,0.0,0.0
1623369600000,114293.61368081182,114293.61368081182,0,0.0,0.0,0.0,0.0
1623384000000,114293.61368081182,114293.61368081182,0,0.0,0.0,0.0,0.0
1623398400000,114293.61368081182,114293.61368081182,0,0.0,0.0,0.0,0.0
1623412800000,114293.61368081182,114293.61368081182,0,0.0,0.0,0.0,0.0
1623427200000,114293.61368081182,114293.61368081182,0,0.0,0.0,0.0,0.0
1623441600000,114293.61368081182,114293.61368081182,0,0.0,0.0,0.0,0.0
1623456000000,114293.61368081182,114293.61368081182,0,0.0,0.0,0.0,0.0
1623470400000,117417.48703662306,114293.61368081182,2,112065.68997358621,4571.262078936245,4571.262078936245,112065.68997358621
1623484800000,116662.04942022251,114293.61368081182,2,112821.12758998675,4571.262078936245,4571.262078936245,112821.12758998675
1623499200000,113608.61094984674,114304.89737559964,2,115885.84975515035,4571.262078936245,4571.262078936245,115885.84975515035
1623513600000,110818.31613098373,110818.31613098373,0,0.0,0.0,0.0,0.0
1623528000000,110818.31613098373,110818.31613098373,0,0.0,0.0,0.0,0.0
1623542400000,110818.31613098373,110818.31613098373,0,0.0,0.0,0.0,0.0
1623556800000,110818.31613098373,110818.31613098373,0,0.0,0.0,0.0,0.0
1623571200000,110818.31613098373,110818.31613098373,0,0.0,0.0,0.0,0.0
1623585600000,110818.31613098373,110818.31613098373,0,0.0,0.0,0.0,0.0
1623600000000,110818.31613098373,110818.31613098373,0,0.0,0.0,0.0,0.0
1623614400000,110818.31613098373,110818.31613098373,0,0.0,0.0,0.0,0.0
1623628800000,110818.31613098373,110818.31613098373,0,0.0,0.0,0.0,0.0
1623643200000,110818.31613098373,110818.31613098373,0,0.0,0.0,0.0,0.0
1623657600000,110818.31613098373,110818.31613098373,0,0.0,0.0,0.0,0.0
1623672000000,110818.31613098373,110818.31613098373,0,0.0,0.0,0.0,0.0
1623686400000,110818.31613098373,110818.31613098373,0,0.0,0.0,0.0,0.0
1623700800000,110818.31613098373,110818.31613098373,0,0.0,0.0,0.0,0.0
1623715200000,110818.31613098373,110818.31613098373,0,0.0,0.0,0.0,0.0
1623729600000,110818.31613098373,110818.31613098373,0,0.0,0.0,0.0,0.0
1623744000000,110818.31613098373,110818.31613098373,0,0.0,0.0,0.0,0.0
1623758400000,110818.31613098373,110818.31613098373,0,0.0,0.0,0.0,0.0
1623772800000,110818.31613098373,110818.31613098373,0,0.0,0.0,0.0,0.0
1623787200000,110818.31613098373,110818.31613098373,0,0.0,0.0,0.0,0.0
1623801600000,110818.31613098373,110818.31613098373,0,0.0,0.0,0.0,0.0
1623816000000,110818.31613098373,110818.31613098373,0,0.0,0.0,0.0,0.0
1623830400000,110818.31613098373,110818.31613098373,0,0.0,0.0,0.0,0.0
1623844800000,110818.31613098373,110818.31613098373,0,0.0,0.0,0.0,0.0
1623859200000,110818.31613098373,110818.31613098373,0,0.0,0.0,0.0,0.0
1623873600000,110818.31613098373,110818.31613098373,0,0.0,0.0,0.0,0.0
1623888000000,110818.31613098373,110818.31613098373,0,0.0,0.0,0.0,0.0
1623902400000,110818.31613098373,110818.31613098373,0,0.0,0.0,0.0,0.0
1623916800000,110818.31613098373,110818.31613098373,0,0.0,0.0,0.0,0.0
1623931200000,110818.31613098373,110818.31613098373,0,0.0,0.0,0.0,0.0
1623945600000,110818.31613098373,110818.31613098373,0,0.0,0.0,0.0,0.0
1623960000000,110818.31613098373,110818.31613098373,0,0.0,0.0,0.0,0.0
1623974400000,109232.05082597338,110818.31613098373,2,161267.87018613535,4432.078188141081,4432.078188141081,161267.87018613535
1623988800000,109960.23565459465,110822.14114862154,2,160543.51037515188,4432.078188141081,4432.078188141081,160543.51037515188
1624003200000,110046.00808443794,110822.14114862154,2,160457.73794530856,4432.078188141081,4432.078188141081,160457.73794530856
1624017600000,110232.57182121239,110830.28609688864,2,160279.3191568012,4432.078188141081,4432.078188141081,160279.3191568012
1624032000000,117069.42286919602,110830.28609688864,2,153442.4681088176,4432.078188141081,4432.078188141081,153442.4681088176
1624046400000,120092.48421453506,115262.62194504886,3,80549.84834743322,2467.5637916857254,2467.5637916857254,80549.84834743322
1624060800000,116637.7866522089,115262.62194504886,4,159226.0034977471,4803.812230159693,4803.812230159693,159226.0034977471
1624075200000,117183.74647173879,112629.01037227357,2,75286.06634109726,2216.0390940705406,2216.0390940705406,75286.06634109726
1624089600000,115700.28252411715,112629.01037227357,2,76769.5302887189,2216.0390940705406,2216.0390940705406,76769.5302887189
1624104000000,115611.97627249619,112629.13899854163,2,76857.96516660793,2216.0390940705406,2216.0390940705406,76857.96516660793
1624118400000,115453.98776861944,112629.13899854163,2,77015.95367048468,2216.0390940705406,2216.0390940705406,77015.95367048468
1624132800000,115889.1973578635,112635.85061619703,2,76587.45569889602,2216.0390940705406,2216.0390940705406,76587.45569889602
1624147200000,117245.27595539269,112635.85061619703,2,75231.37710136682,2216.0390940705406,2216.0390940705406,75231.37710136682
1624161600000,116925.70466357157,112643.375151334,2,75558.47292832492,2216.0390940705406,2216.0390940705406,75558.47292832492
1624176000000,116642.91000434624,112643.375151334,2,75841.26758755025,2216.0390940705406,2216.0390940705406,75841.26758755025
1624190400000,120448.1304342311,112649.57506505393,2,72042.24707138531,2216.0390940705406,2216.0390940705406,72042.24707138531
1624204800000,117105.82971445846,112649.57506505393,3,155623.96387975023,4625.054584356472,4625.054584356472,155623.96387975023
1624219200000,114582.2846055815,114582.2846055815,0,0.0,0.0,0.0,0.0
1624233600000,114582.2846055815,114582.2846055815,0,0.0,0.0,0.0,0.0
1624248000000,114582.2846055815,114582.2846055815,0,0.0,0.0,0.0,0.0
1624262400000,114582.2846055815,114582.2846055815,0,0.0,0.0,0.0,0.0
1624276800000,114582.2846055815,114582.2846055815,0,0.0,0.0,0.0,0.0
1624291200000,114582.2846055815,114582.2846055815,0,0.0,0.0,0.0,0.0
1624305600000,114582.2846055815,114582.2846055815,0,0.0,0.0,0.0,0.0
1624320000000,114582.2846055815,114582.2846055815,0,0.0,0.0,0.0,0.0
1624334400000,114582.2846055815,114582.2846055815,0,0.0,0.0,0.0,0.0
1624348800000,114582.2846055815,114582.2846055815,0,0.0,0.0,0.0,0.0
1624363200000,114582.2846055815,114582.2846055815,0,0.0,0.0,0.0,0.0
1624377600000,114582.2846055815,114582.2846055815,0,0.0,0.0,0.0,0.0
1624392000000,114582.2846055815,114582.2846055815,0,0.0,0.0,0.0,0.0
1624406400000,114582.2846055815,114582.2846055815,0,0.0,0.0,0.0,0.0
1624420800000,114582.2846055815,114582.2846055815,0,0.0,0.0,0.0,0.0
1624435200000,114582.2846055815,114582.2846055815,0,0.0,0.0,0.0,0.0
1624449600000,114582.2846055815,114582.2846055815,0,0.0,0.0,0.0,0.0
1624464000000,114582.2846055815,114582.2846055815,0,0.0,0.0,0.0,0.0
1624478400000,114582.2846055815,114582.2846055815,0,0.0,0.0,0.0,0.0
1624492800000,114582.2846055815,114582.2846055815,0,0.0,0.0,0.0,0.0
1624507200000,114582.2846055815,114582.2846055815,0,0.0,0.0,0.0,0.0
1624521600000,114582.2846055815,114582.2846055815,0,0.0,0.0,0.0,0.0
1624536000000,114582.2846055815,114582.2846055815,0,0.0,0.0,0.0,0.0
1624550400000,114582.2846055815,114582.2846055815,0,0.0,0.0,0.0,0.0
1624564800000,114582.2846055815,114582.2846055815,0,0.0,0.0,0.0,0.0
1624579200000,114582.2846055815,114582.2846055815,0,0.0,0.0,0.0,0.0
1624593600000,114582.2846055815,114582.2846055815,0,0.0,0.0,0.0,0.0
1624608000000,114582.2846055815,114582.2846055815,0,0.0,0.0,0.0,0.0
1624622400000,114582.2846055815,114582.2846055815,0,0.0,0.0,0.0,0.0
1624636800000,114582.2846055815,114582.2846055815,0,0.0,0.0,0.0,0.0
1624651200000,114582.2846055815,114582.2846055815,0,0.0,0.0,0.0,0.0
1624665600000,114582.2846055815,114582.2846055815,0,0.0,0.0,0.0,0.0
1624680000000,114582.2846055815,114582.2846055815,0,0.0,0.0,0.0,0.0
1624694400000,114582.2846055815,114582.2846055815,0,0.0,0.0,0.0,0.0
1624708800000,114582.2846055815,114582.2846055815,0,0.0,0.0,0.0,0.0
1624723200000,114582.2846055815,114582.2846055815,0,0.0,0.0,0.0,0.0
1624737600000,114582.2846055815,114582.2846055815,0,0.0,0.0,0.0,0.0
1624752000000,114582.2846055815,114582.2846055815,0,0.0,0.0,0.0,0.0
1624766400000,114582.2846055815,114582.2846055815,0,0.0,0.0,0.0,0.0
1624780800000,114582.2846055815,114582.2846055815,0,0.0,0.0,0.0,0.0
1624795200000,114582.2846055815,114582.2846055815,0,0.0,0.0,0.0,0.0
1624809600000,114582.2846055815,114582.2846055815,0,0.0,0.0,0.0,0.0
1624824000000,114582.2846055815,114582.2846055815,0,0.0,0.0,0.0,0.0
1624838400000,114582.2846055815,114582.2846055815,0,0.0,0.0,0.0,0.0
1624852800000,114582.2846055815,114582.2846055815,0,0.0,0.0,0.0,0.0
1624867200000,114582.2846055815,114582.2846055815,0,0.0,0.0,0.0,0.0
1624881600000,114582.2846055815,114582.2846055815,0,0.0,0.0,0.0,0.0
1624896000000,114582.2846055815,114582.2846055815,0,0.0,0.0,0.0,0.0
1624910400000,114582.2846055815,114582.2846055815,0,0.0,0.0,0.0,0.0
1624924800000,114582.2846055815,114582.2846055815,0,0.0,0.0,0.0,0.0
1624939200000,114582.2846055815,114582.2846055815,0,0.0,0.0,0.0,0.0
1624953600000,114582.2846055815,114582.2846055815,0,0.0,0.0,0.0,0.0
1624968000000,114582.2846055815,114582.2846055815,0,0.0,0.0,0.0,0.0
1624982400000,114582.2846055815,114582.2846055815,0,0.0,0.0,0.0,0.0
1624996800000,114582.2846055815,114582.2846055815,0,0.0,0.0,0.0,0.0
1625011200000,114582.2846055815,114582.2846055815,0,0.0,0.0,0.0,0.0
1625025600000,114582.2846055815,114582.2846055815,0,0.0,0.0,0.0,0.0
1625040000000,114582.2846055815,114582.2846055815,0,0.0,0.0,0.0,0.0
1625054400000,114582.2846055815,114582.2846055815,0,0.0,0.0,0.0,0.0
1625068800000,114582.2846055815,114582.2846055815,0,0.0,0.0,0.0,0.0
1625083200000,114582.2846055815,114582.2846055815,0,0.0,0.0,0.0,0.0
1625097600000,114582.2846055815,114582.2846055815,0,0.0,0.0,0.0,0.0
1625112000000,114582.2846055815,114582.2846055815,0,0.0,0.0,0.0,0.0
1625126400000,114582.2846055815,114582.2846055815,0,0.0,0.0,0.0,0.0
1625140800000,114582.2846055815,114582.2846055815,0,0.0,0.0,0.0,0.0
1625155200000,114582.2846055815,114582.2846055815,0,0.0,0.0,0.0,0.0
1625169600000,114582.2846055815,114582.2846055815,0,0.0,0.0,0.0,0.0
1625184000000,114582.2846055815,114582.2846055815,0,0.0,0.0,0.0,0.0
1625198400000,114582.2846055815,114582.2846055815,0,0.0,0.0,0.0,0.0
1625212800000,114582.2846055815,114582.2846055815,0,0.0,0.0,0.0,0.0
1625227200000,114582.2846055815,114582.2846055815,0,0.0,0.0,0.0,0.0
1625241600000,114582.2846055815,114582.2846055815,0,0.0,0.0,0.0,0.0
1625256000000,114582.2846055815,114582.2846055815,0,0.0,0.0,0.0,0.0
1625270400000,114582.2846055815,114582.2846055815,0,0.0,0.0,0.0,0.0
1625284800000,114582.2846055815,114582.2846055815,0,0.0,0.0,0.0,0.0
1625299200000,114582.2846055815,114582.2846055815,0,0.0,0.0,0.0,0.0
1625313600000,114582.2846055815,114582.2846055815,0,0.0,0.0,0.0,0.0
1625328000000,114582.2846055815,114582.2846055815,0,0.0,0.0,0.0,0.0
1625342400000,114582.2846055815,114582.2846055815,0,0.0,0.0,0.0,0.0
1625356800000,114582.2846055815,114582.2846055815,0,0.0,0.0,0.0,0.0
1625371200000,114582.2846055815,114582.2846055815,0,0.0,0.0,0.0,0.0
1625385600000,114582.2846055815,114582.2846055815,0,0.0,0.0,0.0,0.0
1625400000000,114582.2846055815,114582.2846055815,0,0.0,0.0,0.0,0.0
1625414400000,114582.2846055815,114582.2846055815,0,0.0,0.0,0.0,0.0
1625428800000,114582.2846055815,114582.2846055815,0,0.0,0.0,0.0,0.0
1625443200000,114582.2846055815,114582.2846055815,0,0.0,0.0,0.0,0.0
1625457600000,114582.2846055815,114582.2846055815,0,0.0,0.0,0.0,0.0
1625472000000,114582.2846055815,114582.2846055815,0,0.0,0.0,0.0,0.0
1625486400000,114582.2846055815,114582.2846055815,0,0.0,0.0,0.0,0.0
1625500800000,113484.07880596974,114582.2846055815,1,71612.55573769951,2291.64569211163,2291.64569211163,71612.55573769951
1625515200000,112252.76239081306,112252.76239081306,0,0.0,0.0,0.0,0.0
1625529600000,112252.76239081306,112252.76239081306,0,0.0,0.0,0.0,0.0
1625544000000,112252.76239081306,112252.76239081306,0,0.0,0.0,0.0,0.0
1625558400000,112252.76239081306,112252.76239081306,0,0.0,0.0,0.0,0.0
1625572800000,112252.76239081306,112252.76239081306,0,0.0,0.0,0.0,0.0
1625587200000,112252.76239081306,112252.76239081306,0,0.0,0.0,0.0,0.0
1625601600000,112252.76239081306,112252.76239081306,0,0.0,0.0,0.0,0.0
1625616000000,112252.76239081306,112252.76239081306,0,0.0,0.0,0.0,0.0
1625630400000,112252.76239081306,112252.76239081306,0,0.0,0.0,0.0,0.0
1625644800000,112252.76239081306,112252.76239081306,0,0.0,0.0,0.0,0.0
1625659200000,112252.76239081306,112252.76239081306,0,0.0,0.0,0.0,0.0
1625673600000,112252.76239081306,112252.76239081306,0,0.0,0.0,0.0,0.0
1625688000000,112252.76239081306,112252.76239081306,0,0.0,0.0,0.0,0.0
1625702400000,112252.76239081306,112252.76239081306,0,0.0,0.0,0.0,0.0
1625716800000,112252.76239081306,112252.76239081306,0,0.0,0.0,0.0,0.0
1625731200000,112252.76239081306,112252.76239081306,0,0.0,0.0,0.0,0.0
1625745600000,112252.76239081306,112252.76239081306,0,0.0,0.0,0.0,0.0
1625760000000,110992.95964206585,112252.76239081306,2,178630.6829608683,4489.342258633157,4489.342258633157,178630.6829608683
1625774400000,110866.4744165797,112227.84201166102,2,178732.2478072024,4489.342258633157,4489.342258633157,178732.2478072024
1625788800000,111883.87654406326,112227.84201166102,2,177714.84567971883,4489.342258633157,4489.342258633157,177714.84567971883
1625803200000,112507.90423140107,112225.44139703602,2,177088.417377756,4489.342258633157,4489.342258633157,177088.417377756
1625817600000,111210.99931492195,111852.52641421359,1,96651.9460949612,2245.0552478162613,2245.0552478162613,96651.9460949612
1625832000000,111569.90089392367,111835.74237169193,1,96276.26047343783,2245.0552478162613,2245.0552478162613,96276.26047343783
1625846400000,109571.03602902697,109571.03602902697,0,0.0,0.0,0.0,0.0
1625860800000,109571.03602902697,109571.03602902697,0,0.0,0.0,0.0,0.0
1625875200000,109571.03602902697,109571.03602902697,0,0.0,0.0,0.0,0.0
1625889600000,109571.03602902697,109571.03602902697,0,0.0,0.0,0.0,0.0
1625904000000,109571.03602902697,109571.03602902697,0,0.0,0.0,0.0,0.0
1625918400000,109571.03602902697,109571.03602902697,0,0.0,0.0,0.0,0.0
1625932800000,109571.03602902697,109571.03602902697,0,0.0,0.0,0.0,0.0
1625947200000,109571.03602902697,109571.03602902697,0,0.0,0.0,0.0,0.0
1625961600000,109571.03602902697,109571.03602902697,0,0.0,0.0,0.0,0.0
1625976000000,109571.03602902697,109571.03602902697,0,0.0,0.0,0.0,0.0
1625990400000,109571.03602902697,109571.03602902697,0,0.0,0.0,0.0,0.0
1626004800000,109571.03602902697,109571.03602902697,0,0.0,0.0,0.0,0.0
1626019200000,109571.03602902697,109571.03602902697,0,0.0,0.0,0.0,0.0
1626033600000,109571.03602902697,109571.03602902697,0,0.0,0.0,0.0,0.0
1626048000000,109571.03602902697,109571.03602902697,0,0.0,0.0,0.0,0.0
1626062400000,109571.03602902697,109571.03602902697,0,0.0,0.0,0.0,0.0
1626076800000,109571.03602902697,109571.03602902697,0,0.0,0.0,0.0,0.0
1626091200000,109571.03602902697,109571.03602902697,0,0.0,0.0,0.0,0.0
1626105600000,109571.03602902697,109571.03602902697,0,0.0,0.0,0.0,0.0
1626120000000,109571.03602902697,109571.03602902697,0,0.0,0.0,0.0,0.0
1626134400000,108225.3304479716,109571.03602902697,2,147746.97708440933,4382.197754323234,4382.197754323234,147746.97708440933
1626148800000,108265.85460612149,109585.81495803955,2,147721.23185527205,4382.197754323234,4382.197754323234,147721.23185527205
1626163200000,108968.8493443679,109585.81495803955,2,147018.23711702562,4382.197754323234,4382.197754323234,147018.23711702562
1626177600000,110971.25781128103,109591.2840306908,2,145021.29772276376,4382.197754323234,4382.197754323234,145021.29772276376
1626192000000,110692.5272177081,109591.2840306908,2,145300.02831633668,4382.197754323234,4382.197754323234,145300.02831633668
1626206400000,116272.41114418989,109605.81225461062,2,139734.67261377472,4382.197754323234,4382.197754323234,139734.67261377472
1626220800000,115171.41965795595,109605.81225461062,3,155198.99545471944,4651.070353443173,4651.070353443173,155198.99545471944
1626235200000,119314.65948980938,113989.76481140833,3,82239.07242798673,2459.971476281556,2459.971476281556,82239.07242798673
1626249600000,118784.87431215853,113989.76481140833,4,166347.4270445169,4772.478988697815,4772.478988697815,166347.4270445169
1626264000000,114506.5893079054,111667.09861012397,3,84724.47640860637,2459.971476281556,2459.971476281556,84724.47640860637
1626278400000,113321.8844501539,113321.8844501539,0,0.0,0.0,0.0,0.0
1626292800000,113321.8844501539,113321.8844501539,0,0.0,0.0,0.0,0.0
1626307200000,113321.8844501539,113321.8844501539,0,0.0,0.0,0.0,0.0
1626321600000,113321.8844501539,113321.8844501539,0,0.0,0.0,0.0,0.0
1626336000000,113321.8844501539,113321.8844501539,0,0.0,0.0,0.0,0.0
1626350400000,113321.8844501539,113321.8844501539,0,0.0,0.0,0.0,0.0
1626364800000,113321.8844501539,113321.8844501539,0,0.0,0.0,0.0,0.0
1626379200000,113321.8844501539,113321.8844501539,0,0.0,0.0,0.0,0.0
1626393600000,113321.8844501539,113321.8844501539,0,0.0,0.0,0.0,0.0
1626408000000,113321.8844501539,113321.8844501539,0,0.0,0.0,0.0,0.0
1626422400000,113321.8844501539,113321.8844501539,0,0.0,0.0,0.0,0.0
1626436800000,113321.8844501539,113321.8844501539,0,0.0,0.0,0.0,0.0
1626451200000,113321.8844501539,113321.8844501539,0,0.0,0.0,0.0,0.0
1626465600000,113321.8844501539,113321.8844501539,0,0.0,0.0,0.0,0.0
1626480000000,113321.8844501539,113321.8844501539,0,0.0,0.0,0.0,0.0
1626494400000,113321.8844501539,113321.8844501539,0,0.0,0.0,0.0,0.0
1626508800000,113321.8844501539,113321.8844501539,0,0.0,0.0,0.0,0.0
1626523200000,113321.8844501539,113321.8844501539,0,0.0,0.0,0.0,0.0
1626537600000,113321.8844501539,113321.8844501539,0,0.0,0.0,0.0,0.0
1626552000000,113321.8844501539,113321.8844501539,0,0.0,0.0,0.0,0.0
1626566400000,113321.8844501539,113321.8844501539,0,0.0,0.0,0.0,0.0
1626580800000,113321.8844501539,113321.8844501539,0,0.0,0.0,0.0,0.0
1626595200000,113321.8844501539,113321.8844501539,0,0.0,0.0,0.0,0.0
1626609600000,113321.8844501539,113321.8844501539,0,0.0,0.0,0.0,0.0
1626624000000,113321.8844501539,113321.8844501539,0,0.0,0.0,0.0,0.0
1626638400000,113321.8844501539,113321.8844501539,0,0.0,0.0,0.0,0.0
1626652800000,113321.8844501539,113321.8844501539,0,0.0,0.0,0.0,0.0
1626667200000,113321.8844501539,113321.8844501539,0,0.0,0.0,0.0,0.0
1626681600000,113321.8844501539,113321.8844501539,0,0.0,0.0,0.0,0.0
1626696000000,113321.8844501539,113321.8844501539,0,0.0,0.0,0.0,0.0
1626710400000,113321.8844501539,113321.8844501539,0,0.0,0.0,0.0,0.0
1626724800000,113055.88370570855,113321.8844501539,1,119990.87776991409,2266.437689003078,2266.437689003078,119990.87776991409
1626739200000,113502.83929698466,113321.8844501539,2,200762.28744998117,4522.233786609122,4522.233786609122,200762.28744998117
1626753600000,123324.03720632014,117794.37142979185,2,94941.95537187767,2261.116893304561,2261.116893304561,94941.95537187767
1626768000000,121858.64811767873,117794.37142979185,2,96407.34446051907,2261.116893304561,2261.116893304561,96407.34446051907
1626782400000,122520.23238354885,117743.79330957413,2,95695.18207443124,2261.116893304561,2261.116893304561,95695.18207443124
1626796800000,121290.4584597639,117743.79330957413,2,96924.95599821619,2261.116893304561,2261.116893304561,96924.95599821619
1626811200000,121612.54521102652,117712.68579944527,2,96571.7617368247,2261.116893304561,2261.116893304561,96571.7617368247
1626825600000,122155.470837998,117712.68579944527,2,96028.83610985323,2261.116893304561,2261.116893304561,96028.83610985323
1626840000000,121297.94487284443,117690.20154258802,2,96863.87781814954,2261.116893304561,2261.116893304561,96863.87781814954
1626854400000,119783.93046940293,119783.93046940293,0,0.0,0.0,0.0,0.0
1626868800000,119783.93046940293,119783.93046940293,0,0.0,0.0,0.0,0.0
1626883200000,119783.93046940293,119783.93046940293,0,0.0,0.0,0.0,0.0
1626897600000,119783.93046940293,119783.93046940293,0,0.0,0.0,0.0,0.0
1626912000000,119783.93046940293,119783.93046940293,0,0.0,0.0,0.0,0.0
1626926400000,119783.93046940293,119783.93046940293,0,0.0,0.0,0.0,0.0
1626940800000,119783.93046940293,119783.93046940293,0,0.0,0.0,0.0,0.0
1626955200000,119783.93046940293,119783.93046940293,0,0.0,0.0,0.0,0.0
1626969600000,119783.93046940293,119783.93046940293,0,0.0,0.0,0.0,0.0
1626984000000,119783.93046940293,119783.93046940293,0,0.0,0.0,0.0,0.0
1626998400000,119783.93046940293,119783.93046940293,0,0.0,0.0,0.0,0.0
1627012800000,119783.93046940293,119783.93046940293,0,0.0,0.0,0.0,0.0
1627027200000,119783.93046940293,119783.93046940293,0,0.0,0.0,0.0,0.0
1627041600000,119783.93046940293,119783.93046940293,0,0.0,0.0,0.0,0.0
1627056000000,119783.93046940293,119783.93046940293,0,0.0,0.0,0.0,0.0
1627070400000,119783.93046940293,119783.93046940293,0,0.0,0.0,0.0,0.0
1627084800000,119783.93046940293,119783.93046940293,0,0.0,0.0,0.0,0.0
1627099200000,119783.93046940293,119783.93046940293,0,0.0,0.0,0.0,0.0
1627113600000,119783.93046940293,119783.93046940293,0,0.0,0.0,0.0,0.0
1627128000000,119783.93046940293,119783.93046940293,0,0.0,0.0,0.0,0.0
1627142400000,119783.93046940293,119783.93046940293,0,0.0,0.0,0.0,0.0
1627156800000,119783.93046940293,119783.93046940293,0,0.0,0.0,0.0,0.0
1627171200000,119783.93046940293,119783.93046940293,0,0.0,0.0,0.0,0.0
1627185600000,119783.93046940293,119783.93046940293,0,0.0,0.0,0.0,0.0
1627200000000,119783.93046940293,119783.93046940293,0,0.0,0.0,0.0,0.0
1627214400000,119783.93046940293,119783.93046940293,0,0.0,0.0,0.0,0.0
1627228800000,119783.93046940293,119783.93046940293,0,0.0,0.0,0.0,0.0
1627243200000,119783.93046940293,119783.93046940293,0,0.0,0.0,0.0,0.0
1627257600000,119783.93046940293,119783.93046940293,0,0.0,0.0,0.0,0.0
1627272000000,119783.93046940293,119783.93046940293,0,0.0,0.0,0.0,0.0
1627286400000,119783.93046940293,119783.93046940293,0,0.0,0.0,0.0,0.0
1627300800000,119783.93046940293,119783.93046940293,0,0.0,0.0,0.0,0.0
1627315200000,119783.93046940293,119783.93046940293,0,0.0,0.0,0.0,0.0
1627329600000,119783.93046940293,119783.93046940293,0,0.0,0.0,0.0,0.0
1627344000000,119783.93046940293,119783.93046940293,0,0.0,0.0,0.0,0.0
1627358400000,119783.93046940293,119783.93046940293,0,0.0,0.0,0.0,0.0
1627372800000,119783.93046940293,119783.93046940293,0,0.0,0.0,0.0,0.0
1627387200000,119783.93046940293,119783.93046940293,0,0.0,0.0,0.0,0.0
1627401600000,119783.93046940293,119783.93046940293,0,0.0,0.0,0.0,0.0
1627416000000,119783.93046940293,119783.93046940293,0,0.0,0.0,0.0,0.0
1627430400000,119783.93046940293,119783.93046940293,0,0.0,0.0,0.0,0.0
1627444800000,119783.93046940293,119783.93046940293,0,0.0,0.0,0.0,0.0
1627459200000,119783.93046940293,119783.93046940293,0,0.0,0.0,0.0,0.0
1627473600000,119783.93046940293,119783.93046940293,0,0.0,0.0,0.0,0.0
1627488000000,119783.93046940293,119783.93046940293,0,0.0,0.0,0.0,0.0
1627502400000,119783.93046940293,119783.93046940293,0,0.0,0.0,0.0,0.0
1627516800000,119783.93046940293,119783.93046940293,0,0.0,0.0,0.0,0.0
1627531200000,119783.93046940293,119783.93046940293,0,0.0,0.0,0.0,0.0
1627545600000,119783.93046940293,119783.93046940293,0,0.0,0.0,0.0,0.0
1627560000000,119783.93046940293,119783.93046940293,0,0.0,0.0,0.0,0.0
1627574400000,119783.93046940293,119783.93046940293,0,0.0,0.0,0.0,0.0
1627588800000,119783.93046940293,119783.93046940293,0,0.0,0.0,0.0,0.0
1627603200000,119783.93046940293,119783.93046940293,0,0.0,0.0,0.0,0.0
1627617600000,119783.93046940293,119783.93046940293,0,0.0,0.0,0.0,0.0
1627632000000,119783.93046940293,119783.93046940293,0,0.0,0.0,0.0,0.0
1627646400000,119783.93046940293,119783.93046940293,0,0.0,0.0,0.0,0.0
1627660800000,119783.93046940293,119783.93046940293,0,0.0,0.0,0.0,0.0
1627675200000,119783.93046940293,119783.93046940293,0,0.0,0.0,0.0,0.0
1627689600000,119783.93046940293,119783.93046940293,0,0.0,0.0,0.0,0.0
1627704000000,119783.93046940293,119783.93046940293,0,0.0,0.0,0.0,0.0
1627718400000,119783.93046940293,119783.93046940293,0,0.0,0.0,0.0,0.0
1627732800000,119783.93046940293,119783.93046940293,0,0.0,0.0,0.0,0.0
1627747200000,119783.93046940293,119783.93046940293,0,0.0,0.0,0.0,0.0
1627761600000,119783.93046940293,119783.93046940293,0,0.0,0.0,0.0,0.0
1627776000000,119783.93046940293,119783.93046940293,0,0.0,0.0,0.0,0.0
1627790400000,119783.93046940293,119783.93046940293,0,0.0,0.0,0.0,0.0
1627804800000,119783.93046940293,119783.93046940293,0,0.0,0.0,0.0,0.0
1627819200000,119783.93046940293,119783.93046940293,0,0.0,0.0,0.0,0.0
1627833600000,119783.93046940293,119783.93046940293,0,0.0,0.0,0.0,0.0
1627848000000,119783.93046940293,119783.93046940293,0,0.0,0.0,0.0,0.0
1627862400000,119783.93046940293,119783.93046940293,0,0.0,0.0,0.0,0.0
1627876800000,119783.93046940293,119783.93046940293,0,0.0,0.0,0.0,0.0
1627891200000,119783.93046940293,119783.93046940293,0,0.0,0.0,0.0,0.0
1627905600000,119783.93046940293,119783.93046940293,0,0.0,0.0,0.0,0.0
1627920000000,119783.93046940293,119783.93046940293,0,0.0,0.0,0.0,0.0
1627934400000,119783.93046940293,119783.93046940293,0,0.0,0.0,0.0,0.0
1627948800000,119783.93046940293,119783.93046940293,0,0.0,0.0,0.0,0.0
1627963200000,119783.93046940293,119783.93046940293,0,0.0,0.0,0.0,0.0
1627977600000,119783.93046940293,119783.93046940293,0,0.0,0.0,0.0,0.0
1627992000000,120007.80150596822,119783.93046940293,1,42966.70684506053,1197.8393046940294,1197.8393046940294,42966.70684506053
1628006400000,120298.98335582601,119783.93046940293,1,42675.52499520274,1197.8393046940294,1197.8393046940294,42675.52499520274
1628020800000,120642.2387335331,119788.19802190244,1,42336.53716999516,1197.8393046940294,1197.8393046940294,42336.53716999516
1628035200000,120320.63489936182,119788.19802190244,1,42658.14100416646,1197.8393046940294,1197.8393046940294,42658.14100416646
1628049600000,120490.04800465626,119792.46321235217,1,42492.99308932173,1197.8393046940294,1197.8393046940294,42492.99308932173
1628064000000,120450.93402482462,119792.46321235217,1,42532.107069153375,1197.8393046940294,1197.8393046940294,42532.107069153375
1628078400000,120246.57823138987,119796.71531135286,1,42740.71496158881,1197.8393046940294,1197.8393046940294,42740.71496158881
1628092800000,119472.99063027515,119796.71531135286,1,43514.302562703546,1197.8393046940294,1197.8393046940294,43514.302562703546
1628107200000,118906.85909443093,118906.85909443093,0,0.0,0.0,0.0,0.0
1628121600000,118906.85909443093,118906.85909443093,0,0.0,0.0,0.0,0.0
1628136000000,118906.85909443093,118906.85909443093,0,0.0,0.0,0.0,0.0
1628150400000,118906.85909443093,118906.85909443093,0,0.0,0.0,0.0,0.0
1628164800000,118906.85909443093,118906.85909443093,0,0.0,0.0,0.0,0.0
1628179200000,118726.6499225623,118906.85909443093,1,44607.27686878934,2378.1371818886187,0.0,0.0
1628193600000,119007.52398544762,118902.31071431341,1,44892.699311792196,2378.1371818886187,0.0,0.0
1628208000000,119538.2882730742,118902.31071431341,1,45423.463599418756,2378.1371818886187,0.0,0.0
1628222400000,117765.34309234329,118897.7701166129,1,43655.05901638836,2378.1371818886187,0.0,0.0
1628236800000,119086.7882752671,118897.7701166129,1,44976.50419931217,2378.1371818886187,0.0,0.0
1628251200000,119033.7082085282,118893.27259336384,1,44927.92165582233,2378.1371818886187,0.0,0.0
1628265600000,122309.38620333107,118893.27259336384,1,48203.5996506252,2378.1371818886187,0.0,0.0
1628280000000,122564.48246075562,118888.45224311772,1,48463.51625829587,2378.1371818886187,0.0,0.0
1628294400000,122132.09782369598,118888.45224311772,1,48031.13162123624,2378.1371818886187,0.0,0.0
1628308800000,122810.91537167951,118879.82680071992,1,48718.574611617565,2378.1371818886187,0.0,0.0
1628323200000,122053.0276932379,118879.82680071992,1,47960.686933175966,2378.1371818886187,0.0,0.0
1628337600000,122754.40664607298,118873.1151821905,1,48668.77750454047,2378.1371818886187,0.0,0.0
1628352000000,120928.91757444202,118873.1151821905,1,46843.2884329095,2378.1371818886187,0.0,0.0
1628366400000,120965.11807420982,118846.1583754215,1,46906.4457394463,2378.1371818886187,0.0,0.0
1628380800000,122020.57383152672,118846.1583754215,1,47961.90149676321,2378.1371818886187,0.0,0.0
1628395200000,121123.92576305581,118831.28347129129,1,47080.1283324225,2378.1371818886187,0.0,0.0
1628409600000,121171.29374295841,118831.28347129129,1,47127.49631232511,2378.1371818886187,0.0,0.0
1628424000000,120502.36801288213,118820.6512055024,1,46469.20284803769,2378.1371818886187,0.0,0.0
1628438400000,120490.64553096346,120490.64553096346,0,0.0,0.0,0.0,0.0
1628452800000,120490.64553096346,120490.64553096346,0,0.0,0.0,0.0,0.0
1628467200000,120490.64553096346,120490.64553096346,0,0.0,0.0,0.0,0.0
1628481600000,120490.64553096346,120490.64553096346,0,0.0,0.0,0.0,0.0
1628496000000,120490.64553096346,120490.64553096346,0,0.0,0.0,0.0,0.0
1628510400000,120490.64553096346,120490.64553096346,0,0.0,0.0,0.0,0.0
1628524800000,120490.64553096346,120490.64553096346,0,0.0,0.0,0.0,0.0
1628539200000,120490.64553096346,120490.64553096346,0,0.0,0.0,0.0,0.0
1628553600000,120490.64553096346,120490.64553096346,0,0.0,0.0,0.0,0.0
1628568000000,120490.64553096346,120490.64553096346,0,0.0,0.0,0.0,0.0
1628582400000,120490.64553096346,120490.64553096346,0,0.0,0.0,0.0,0.0
1628596800000,120490.64553096346,120490.64553096346,0,0.0,0.0,0.0,0.0
1628611200000,120490.64553096346,120490.64553096346,0,0.0,0.0,0.0,0.0
1628625600000,120490.64553096346,120490.64553096346,0,0.0,0.0,0.0,0.0
1628640000000,120490.64553096346,120490.64553096346,0,0.0,0.0,0.0,0.0
1628654400000,120490.64553096346,120490.64553096346,0,0.0,0.0,0.0,0.0
1628668800000,120490.64553096346,120490.64553096346,0,0.0,0.0,0.0,0.0
1628683200000,120490.64553096346,120490.64553096346,0,0.0,0.0,0.0,0.0
1628697600000,120554.07111278854,120490.64553096346,1,48737.205810043,2409.812910619269,0.0,0.0
1628712000000,121450.66308661409,120470.47141370039,1,49653.97190113162,2409.812910619269,0.0,0.0
1628726400000,119406.80052942398,120470.47141370039,1,47610.10934394152,2409.812910619269,0.0,0.0
1628740800000,120974.11060761494,120456.87437970236,1,49191.01645613051,2409.812910619269,0.0,0.0
1628755200000,118037.80867561958,118037.80867561958,0,0.0,0.0,0.0,0.0
1628769600000,118037.80867561958,118037.80867561958,0,0.0,0.0,0.0,0.0
1628784000000,118037.80867561958,118037.80867561958,0,0.0,0.0,0.0,0.0
1628798400000,118037.80867561958,118037.80867561958,0,0.0,0.0,0.0,0.0
1628812800000,118037.80867561958,118037.80867561958,0,0.0,0.0,0.0,0.0
1628827200000,118037.80867561958,118037.80867561958,0,0.0,0.0,0.0,0.0
1628841600000,118037.80867561958,118037.80867561958,0,0.0,0.0,0.0,0.0
1628856000000,118037.80867561958,118037.80867561958,0,0.0,0.0,0.0,0.0
1628870400000,118037.80867561958,118037.80867561958,0,0.0,0.0,0.0,0.0
1628884800000,118037.80867561958,118037.80867561958,0,0.0,0.0,0.0,0.0
1628899200000,118037.80867561958,118037.80867561958,0,0.0,0.0,0.0,0.0
1628913600000,118037.80867561958,118037.80867561958,0,0.0,0.0,0.0,0.0
1628928000000,118037.80867561958,118037.80867561958,0,0.0,0.0,0.0,0.0
1628942400000,115660.58454843127,115660.58454843127,0,0.0,0.0,0.0,0.0
1628956800000,115660.58454843127,115660.58454843127,0,0.0,0.0,0.0,0.0
1628971200000,115660.58454843127,115660.58454843127,0,0.0,0.0,0.0,0.0
1628985600000,115660.58454843127,115660.58454843127,0,0.0,0.0,0.0,0.0
1629000000000,115660.58454843127,115660.58454843127,0,0.0,0.0,0.0,0.0
1629014400000,115660.58454843127,115660.58454843127,0,0.0,0.0,0.0,0.0
1629028800000,115660.58454843127,115660.58454843127,0,0.0,0.0,0.0,0.0
1629043200000,115660.58454843127,115660.58454843127,0,0.0,0.0,0.0,0.0
1629057600000,115660.58454843127,115660.58454843127,0,0.0,0.0,0.0,0.0
1629072000000,115660.58454843127,115660.58454843127,0,0.0,0.0,0.0,0.0
1629086400000,115660.58454843127,115660.58454843127,0,0.0,0.0,0.0,0.0
1629100800000,115660.58454843127,115660.58454843127,0,0.0,0.0,0.0,0.0
1629115200000,115660.58454843127,115660.58454843127,0,0.0,0.0,0.0,0.0
1629129600000,115660.58454843127,115660.58454843127,0,0.0,0.0,0.0,0.0
1629144000000,115660.58454843127,115660.58454843127,0,0.0,0.0,0.0,0.0
1629158400000,115660.58454843127,115660.58454843127,0,0.0,0.0,0.0,0.0
1629172800000,115660.58454843127,115660.58454843127,0,0.0,0.0,0.0,0.0
1629187200000,115660.58454843127,115660.58454843127,0,0.0,0.0,0.0,0.0
1629201600000,115660.58454843127,115660.58454843127,0,0.0,0.0,0.0,0.0
1629216000000,115660.58454843127,115660.58454843127,0,0.0,0.0,0.0,0.0
1629230400000,115660.58454843127,115660.58454843127,0,0.0,0.0,0.0,0.0
1629244800000,115660.58454843127,115660.58454843127,0,0.0,0.0,0.0,0.0
1629259200000,115660.58454843127,115660.58454843127,0,0.0,0.0,0.0,0.0
1629273600000,115660.58454843127,115660.58454843127,0,0.0,0.0,0.0,0.0
1629288000000,115660.58454843127,115660.58454843127,0,0.0,0.0,0.0,0.0
1629302400000,115660.58454843127,115660.58454843127,0,0.0,0.0,0.0,0.0
1629316800000,115660.58454843127,115660.58454843127,0,0.0,0.0,0.0,0.0
1629331200000,115660.58454843127,115660.58454843127,0,0.0,0.0,0.0,0.0
1629345600000,115660.58454843127,115660.58454843127,0,0.0,0.0,0.0,0.0
1629360000000,115660.58454843127,115660.58454843127,0,0.0,0.0,0.0,0.0
1629374400000,115660.58454843127,115660.58454843127,0,0.0,0.0,0.0,0.0
1629388800000,115660.58454843127,115660.58454843127,0,0.0,0.0,0.0,0.0
1629403200000,115660.58454843127,115660.58454843127,0,0.0,0.0,0.0,0.0
1629417600000,115660.58454843127,115660.58454843127,0,0.0,0.0,0.0,0.0
1629432000000,115660.58454843127,115660.58454843127,0,0.0,0.0,0.0,0.0
1629446400000,115660.58454843127,115660.58454843127,0,0.0,0.0,0.0,0.0
1629460800000,115660.58454843127,115660.58454843127,0,0.0,0.0,0.0,0.0
1629475200000,115660.58454843127,115660.58454843127,0,0.0,0.0,0.0,0.0
1629489600000,115660.58454843127,115660.58454843127,0,0.0,0.0,0.0,0.0
1629504000000,115660.58454843127,115660.58454843127,0,0.0,0.0,0.0,0.0
1629518400000,115660.58454843127,115660.58454843127,0,0.0,0.0,0.0,0.0
1629532800000,115660.58454843127,115660.58454843127,0,0.0,0.0,0.0,0.0
1629547200000,115660.58454843127,115660.58454843127,0,0.0,0.0,0.0,0.0
1629561600000,115660.58454843127,115660.58454843127,0,0.0,0.0,0.0,0.0
1629576000000,115660.58454843127,115660.58454843127,0,0.0,0.0,0.0,0.0
1629590400000,115660.58454843127,115660.58454843127,0,0.0,0.0,0.0,0.0
1629604800000,115660.58454843127,115660.58454843127,0,0.0,0.0,0.0,0.0
1629619200000,115660.58454843127,115660.58454843127,0,0.0,0.0,0.0,0.0
1629633600000,115660.58454843127,115660.58454843127,0,0.0,0.0,0.0,0.0
1629648000000,115660.58454843127,115660.58454843127,0,0.0,0.0,0.0,0.0
1629662400000,115660.58454843127,115660.58454843127,0,0.0,0.0,0.0,0.0
1629676800000,115660.58454843127,115660.58454843127,0,0.0,0.0,0.0,0.0
1629691200000,115660.58454843127,115660.58454843127,0,0.0,0.0,0.0,0.0
1629705600000,115660.58454843127,115660.58454843127,0,0.0,0.0,0.0,0.0
1629720000000,115660.58454843127,115660.58454843127,0,0.0,0.0,0.0,0.0
1629734400000,115660.58454843127,115660.58454843127,0,0.0,0.0,0.0,0.0
1629748800000,115660.58454843127,115660.58454843127,0,0.0,0.0,0.0,0.0
1629763200000,115660.58454843127,115660.58454843127,0,0.0,0.0,0.0,0.0
1629777600000,115660.58454843127,115660.58454843127,0,0.0,0.0,0.0,0.0
1629792000000,115660.58454843127,115660.58454843127,0,0.0,0.0,0.0,0.0
1629806400000,115660.58454843127,115660.58454843127,0,0.0,0.0,0.0,0.0
1629820800000,115660.58454843127,115660.58454843127,0,0.0,0.0,0.0,0.0
1629835200000,115660.58454843127,115660.58454843127,0,0.0,0.0,0.0,0.0
1629849600000,115660.58454843127,115660.58454843127,0,0.0,0.0,0.0,0.0
1629864000000,115660.58454843127,115660.58454843127,0,0.0,0.0,0.0,0.0
1629878400000,115660.58454843127,115660.58454843127,0,0.0,0.0,0.0,0.0
1629892800000,115660.58454843127,115660.58454843127,0,0.0,0.0,0.0,0.0
1629907200000,115660.58454843127,115660.58454843127,0,0.0,0.0,0.0,0.0
1629921600000,115660.58454843127,115660.58454843127,0,0.0,0.0,0.0,0.0
1629936000000,115660.58454843127,115660.58454843127,0,0.0,0.0,0.0,0.0
1629950400000,115660.58454843127,115660.58454843127,0,0.0,0.0,0.0,0.0
1629964800000,115660.58454843127,115660.58454843127,0,0.0,0.0,0.0,0.0
1629979200000,115660.58454843127,115660.58454843127,0,0.0,0.0,0.0,0.0
1629993600000,115660.58454843127,115660.58454843127,0,0.0,0.0,0.0,0.0
1630008000000,115660.58454843127,115660.58454843127,0,0.0,0.0,0.0,0.0
1630022400000,115660.58454843127,115660.58454843127,0,0.0,0.0,0.0,0.0
1630036800000,115660.58454843127,115660.58454843127,0,0.0,0.0,0.0,0.0
1630051200000,115660.58454843127,115660.58454843127,0,0.0,0.0,0.0,0.0
1630065600000,115660.58454843127,115660.58454843127,0,0.0,0.0,0.0,0.0
1630080000000,115660.58454843127,115660.58454843127,0,0.0,0.0,0.0,0.0
1630094400000,115660.58454843127,115660.58454843127,0,0.0,0.0,0.0,0.0
1630108800000,115660.58454843127,115660.58454843127,0,0.0,0.0,0.0,0.0
1630123200000,115660.58454843127,115660.58454843127,0,0.0,0.0,0.0,0.0
1630137600000,115660.58454843127,115660.58454843127,0,0.0,0.0,0.0,0.0
1630152000000,115660.58454843127,115660.58454843127,0,0.0,0.0,0.0,0.0
1630166400000,115660.58454843127,115660.58454843127,0,0.0,0.0,0.0,0.0
1630180800000,115660.58454843127,115660.58454843127,0,0.0,0.0,0.0,0.0
1630195200000,115660.58454843127,115660.58454843127,0,0.0,0.0,0.0,0.0
1630209600000,115660.58454843127,115660.58454843127,0,0.0,0.0,0.0,0.0
1630224000000,115660.58454843127,115660.58454843127,0,0.0,0.0,0.0,0.0
1630238400000,115660.58454843127,115660.58454843127,0,0.0,0.0,0.0,0.0
1630252800000,115660.58454843127,115660.58454843127,0,0.0,0.0,0.0,0.0
1630267200000,115660.58454843127,115660.58454843127,0,0.0,0.0,0.0,0.0
1630281600000,115660.58454843127,115660.58454843127,0,0.0,0.0,0.0,0.0
1630296000000,115660.58454843127,115660.58454843127,0,0.0,0.0,0.0,0.0
1630310400000,115660.58454843127,115660.58454843127,0,0.0,0.0,0.0,0.0
1630324800000,115660.58454843127,115660.58454843127,0,0.0,0.0,0.0,0.0
1630339200000,115660.58454843127,115660.58454843127,0,0.0,0.0,0.0,0.0
1630353600000,115660.58454843127,115660.58454843127,0,0.0,0.0,0.0,0.0
1630368000000,115660.58454843127,115660.58454843127,0,0.0,0.0,0.0,0.0
1630382400000,115660.58454843127,115660.58454843127,0,0.0,0.0,0.0,0.0
1630396800000,115660.58454843127,115660.58454843127,0,0.0,0.0,0.0,0.0
1630411200000,115660.58454843127,115660.58454843127,0,0.0,0.0,0.0,0.0
1630425600000,115660.58454843127,115660.58454843127,0,0.0,0.0,0.0,0.0
1630440000000,115660.58454843127,115660.58454843127,0,0.0,0.0,0.0,0.0
1630454400000,115918.11848799654,115660.58454843127,1,63987.861368257356,2313.2116909686256,0.0,0.0
1630468800000,116164.65015790348,115654.18576229445,1,64240.79182430112,2313.2116909686256,0.0,0.0
1630483200000,117550.73144024951,115654.18576229445,1,65626.87310664715,2313.2116909686256,0.0,0.0
1630497600000,117816.4982196721,115647.62328963452,1,65899.20235872966,2313.2116909686256,0.0,0.0
1630512000000,118709.96199876473,115647.62328963452,1,66792.6661378223,2313.2116909686256,0.0,0.0
1630526400000,121227.92343031442,115640.94333287126,1,69317.30752613524,2313.2116909686256,0.0,0.0
1630540800000,123377.27272603144,115640.94333287126,1,71466.65682185226,2313.2116909686256,0.0,0.0
1630555200000,122218.44814767528,115622.5441293319,1,70326.23144703548,2313.2116909686256,0.0,0.0
1630569600000,121590.03907215063,115622.5441293319,1,69697.82237151082,2313.2116909686256,0.0,0.0
1630584000000,122034.49261727177,115566.91909580014,1,70197.9009501637,2313.2116909686256,0.0,0.0
1630598400000,121964.73156228624,115566.91909580014,1,70128.13989517819,2313.2116909686256,0.0,0.0
1630612800000,122454.06299245781,115546.65907618443,1,70637.73134496548,2313.2116909686256,0.0,0.0
1630627200000,122490.43573503048,115546.65907618443,1,70674.10408753813,2313.2116909686256,0.0,0.0
1630641600000,122861.46161849871,115527.28418937272,1,71064.50485781809,2313.2116909686256,0.0,0.0
1630656000000,122693.21436823951,115527.28418937272,1,70896.25760755889,2313.2116909686256,0.0,0.0
1630670400000,125612.25830660186,115500.50903311918,1,73842.07670217477,2313.2116909686256,0.0,0.0
1630684800000,125849.52050430664,115500.50903311918,1,74079.33889987954,2313.2116909686256,0.0,0.0
1630699200000,125374.36554146116,115452.1275831263,1,73652.56538702695,2313.2116909686256,0.0,0.0
1630713600000,125265.43384062815,115452.1275831263,1,73543.63368619393,2313.2116909686256,0.0,0.0
1630728000000,124848.52902845404,115395.59271274907,1,73183.26374439706,2313.2116909686256,0.0,0.0
1630742400000,124798.35329639228,115395.59271274907,1,73133.0880123353,2313.2116909686256,0.0,0.0
1630756800000,124205.58845240751,115343.3827814596,1,72592.53309963999,2313.2116909686256,0.0,0.0
1630771200000,124768.89964507133,115343.3827814596,1,73155.84429230382,2313.2116909686256,0.0,0.0
1630785600000,123648.66158410734,115288.02670689224,1,72090.96230590719,2313.2116909686256,0.0,0.0
1630800000000,124111.24825887765,115288.02670689224,1,72553.54898067749,2313.2116909686256,0.0,0.0
1630814400000,123283.14303681026,115236.99248768497,1,71776.47797781738,2313.2116909686256,0.0,0.0
1630828800000,123268.04178289625,123268.04178289625,0,0.0,0.0,0.0,0.0
1630843200000,123268.04178289625,123268.04178289625,0,0.0,0.0,0.0,0.0
1630857600000,123268.04178289625,123268.04178289625,0,0.0,0.0,0.0,0.0
1630872000000,123268.04178289625,123268.04178289625,0,0.0,0.0,0.0,0.0
1630886400000,123268.04178289625,123268.04178289625,0,0.0,0.0,0.0,0.0
1630900800000,123268.04178289625,123268.04178289625,0,0.0,0.0,0.0,0.0
1630915200000,123268.04178289625,123268.04178289625,0,0.0,0.0,0.0,0.0
1630929600000,123268.04178289625,123268.04178289625,0,0.0,0.0,0.0,0.0
1630944000000,123268.04178289625,123268.04178289625,0,0.0,0.0,0.0,0.0
1630958400000,123268.04178289625,123268.04178289625,0,0.0,0.0,0.0,0.0
1630972800000,125293.50521166212,123268.04178289625,1,116344.05536001631,2465.3608356579252,0.0,0.0
1630987200000,125275.09119716099,123256.4073685269,1,116337.27575988453,2465.3608356579252,0.0,0.0
1631001600000,124609.54204806683,123256.4073685269,1,115671.72661079037,2465.3608356579252,0.0,0.0
1631016000000,120757.10982557271,120757.10982557271,0,0.0,0.0,0.0,0.0
1631030400000,120757.10982557271,120757.10982557271,0,0.0,0.0,0.0,0.0
1631044800000,120757.10982557271,120757.10982557271,0,0.0,0.0,0.0,0.0
1631059200000,120757.10982557271,120757.10982557271,0,0.0,0.0,0.0,0.0
1631073600000,120757.10982557271,120757.10982557271,0,0.0,0.0,0.0,0.0
1631088000000,120757.10982557271,120757.10982557271,0,0.0,0.0,0.0,0.0
1631102400000,120757.10982557271,120757.10982557271,0,0.0,0.0,0.0,0.0
1631116800000,120757.10982557271,120757.10982557271,0,0.0,0.0,0.0,0.0
1631131200000,120757.10982557271,120757.10982557271,0,0.0,0.0,0.0,0.0
1631145600000,120757.10982557271,120757.10982557271,0,0.0,0.0,0.0,0.0
1631160000000,120757.10982557271,120757.10982557271,0,0.0,0.0,0.0,0.0
1631174400000,120757.10982557271,120757.10982557271,0,0.0,0.0,0.0,0.0
1631188800000,120757.10982557271,120757.10982557271,0,0.0,0.0,0.0,0.0
1631203200000,120757.10982557271,120757.10982557271,0,0.0,0.0,0.0,0.0
1631217600000,120757.10982557271,120757.10982557271,0,0.0,0.0,0.0,0.0
1631232000000,120757.10982557271,120757.10982557271,0,0.0,0.0,0.0,0.0
1631246400000,120757.10982557271,120757.10982557271,0,0.0,0.0,0.0,0.0
1631260800000,120757.10982557271,120757.10982557271,0,0.0,0.0,0.0,0.0
1631275200000,120757.10982557271,120757.10982557271,0,0.0,0.0,0.0,0.0
1631289600000,120757.10982557271,120757.10982557271,0,0.0,0.0,0.0,0.0
1631304000000,120757.10982557271,120757.10982557271,0,0.0,0.0,0.0,0.0
1631318400000,120757.10982557271,120757.10982557271,0,0.0,0.0,0.0,0.0
1631332800000,120757.10982557271,120757.10982557271,0,0.0,0.0,0.0,0.0
1631347200000,120757.10982557271,120757.10982557271,0,0.0,0.0,0.0,0.0
1631361600000,120757.10982557271,120757.10982557271,0,0.0,0.0,0.0,0.0
1631376000000,120757.10982557271,120757.10982557271,0,0.0,0.0,0.0,0.0
1631390400000,120757.10982557271,120757.10982557271,0,0.0,0.0,0.0,0.0
1631404800000,120757.10982557271,120757.10982557271,0,0.0,0.0,0.0,0.0
1631419200000,120757.10982557271,120757.10982557271,0,0.0,0.0,0.0,0.0
1631433600000,120757.10982557271,120757.10982557271,0,0.0,0.0,0.0,0.0
1631448000000,120757.10982557271,120757.10982557271,0,0.0,0.0,0.0,0.0
1631462400000,120757.10982557271,120757.10982557271,0,0.0,0.0,0.0,0.0
1631476800000,120757.10982557271,120757.10982557271,0,0.0,0.0,0.0,0.0
1631491200000,120757.10982557271,120757.10982557271,0,0.0,0.0,0.0,0.0
1631505600000,120757.10982557271,120757.10982557271,0,0.0,0.0,0.0,0.0
1631520000000,120757.10982557271,120757.10982557271,0,0.0,0.0,0.0,0.0
1631534400000,120757.10982557271,120757.10982557271,0,0.0,0.0,0.0,0.0
1631548800000,120757.10982557271,120757.10982557271,0,0.0,0.0,0.0,0.0
1631563200000,120757.10982557271,120757.10982557271,0,0.0,0.0,0.0,0.0
1631577600000,120757.10982557271,120757.10982557271,0,0.0,0.0,0.0,0.0
1631592000000,120757.10982557271,120757.10982557271,0,0.0,0.0,0.0,0.0
1631606400000,120757.10982557271,120757.10982557271,0,0.0,0.0,0.0,0.0
1631620800000,120757.10982557271,120757.10982557271,0,0.0,0.0,0.0,0.0
1631635200000,120757.10982557271,120757.10982557271,0,0.0,0.0,0.0,0.0
1631649600000,120757.10982557271,120757.10982557271,0,0.0,0.0,0.0,0.0
1631664000000,120757.10982557271,120757.10982557271,0,0.0,0.0,0.0,0.0
1631678400000,120757.10982557271,120757.10982557271,0,0.0,0.0,0.0,0.0
1631692800000,120757.10982557271,120757.10982557271,0,0.0,0.0,0.0,0.0
1631707200000,120757.10982557271,120757.10982557271,0,0.0,0.0,0.0,0.0
1631721600000,120757.10982557271,120757.10982557271,0,0.0,0.0,0.0,0.0
1631736000000,120757.10982557271,120757.10982557271,0,0.0,0.0,0.0,0.0
1631750400000,120757.10982557271,120757.10982557271,0,0.0,0.0,0.0,0.0
1631764800000,120757.10982557271,120757.10982557271,0,0.0,0.0,0.0,0.0
1631779200000,120757.10982557271,120757.10982557271,0,0.0,0.0,0.0,0.0
1631793600000,120757.10982557271,120757.10982557271,0,0.0,0.0,0.0,0.0
1631808000000,120757.10982557271,120757.10982557271,0,0.0,0.0,0.0,0.0
1631822400000,120757.10982557271,120757.10982557271,0,0.0,0.0,0.0,0.0
1631836800000,120757.10982557271,120757.10982557271,0,0.0,0.0,0.0,0.0
1631851200000,120757.10982557271,120757.10982557271,0,0.0,0.0,0.0,0.0
1631865600000,120757.10982557271,120757.10982557271,0,0.0,0.0,0.0,0.0
1631880000000,120757.10982557271,120757.10982557271,0,0.0,0.0,0.0,0.0
1631894400000,120757.10982557271,120757.10982557271,0,0.0,0.0,0.0,0.0
1631908800000,120757.10982557271,120757.10982557271,0,0.0,0.0,0.0,0.0
1631923200000,120757.10982557271,120757.10982557271,0,0.0,0.0,0.0,0.0
1631937600000,120757.10982557271,120757.10982557271,0,0.0,0.0,0.0,0.0
1631952000000,120757.10982557271,120757.10982557271,0,0.0,0.0,0.0,0.0
1631966400000,120757.10982557271,120757.10982557271,0,0.0,0.0,0.0,0.0
1631980800000,120757.10982557271,120757.10982557271,0,0.0,0.0,0.0,0.0
1631995200000,120757.10982557271,120757.10982557271,0,0.0,0.0,0.0,0.0
1632009600000,120757.10982557271,120757.10982557271,0,0.0,0.0,0.0,0.0
1632024000000,120757.10982557271,120757.10982557271,0,0.0,0.0,0.0,0.0
1632038400000,120757.10982557271,120757.10982557271,0,0.0,0.0,0.0,0.0
1632052800000,120757.10982557271,120757.10982557271,0,0.0,0.0,0.0,0.0
1632067200000,119512.16413636401,120757.10982557271,1,96807.9320437434,2415.142196511454,2415.142196511454,96807.9320437434
1632081600000,120381.14697400402,120766.79041840899,1,95948.62979893967,2415.142196511454,2415.142196511454,95948.62979893967
1632096000000,121852.27185712964,120766.79041840899,2,200829.88940524554,4815.40877985965,4815.40877985965,200829.88940524554
1632110400000,130716.4481413708,125583.04931699681,2,95824.28659760911,2407.704389929825,2407.704389929825,95824.28659760911
1632124800000,134946.7591402914,125583.04931699681,3,186719.61335477274,5022.323515422593,5022.323515422593,186719.61335477274
1632139200000,142590.8165718807,128207.35931466159,4,147955.68710332227,4091.4709242496606,4091.4709242496606,147955.68710332227
1632153600000,140560.61046991794,128582.50971362331,4,143451.72357398865,3903.242438462935,3903.242438462935,143451.72357398865
1632168000000,140273.9912077404,134593.63663180513,2,54405.15769903858,1388.3617774608238,1388.3617774608238,54405.15769903858
1632182400000,140913.1288071576,134593.63663180513,2,53766.02009962138,1388.3617774608238,1388.3617774608238,53766.02009962138
1632196800000,141359.23751775632,134598.35375963504,2,53324.62851685256,1388.3617774608238,1388.3617774608238,53324.62851685256
1632211200000,140766.9641645593,134837.1300937537,1,47246.35817391014,1200.133291674098,1200.133291674098,47246.35817391014
1632225600000,140343.761998657,140343.761998657,0,0.0,0.0,0.0,0.0
1632240000000,140343.761998657,140343.761998657,0,0.0,0.0,0.0,0.0
1632254400000,140343.761998657,140343.761998657,0,0.0,0.0,0.0,0.0
1632268800000,140343.761998657,140343.761998657,0,0.0,0.0,0.0,0.0
1632283200000,140343.761998657,140343.761998657,0,0.0,0.0,0.0,0.0
1632297600000,140343.761998657,140343.761998657,0,0.0,0.0,0.0,0.0
1632312000000,140343.761998657,140343.761998657,0,0.0,0.0,0.0,0.0
1632326400000,140343.761998657,140343.761998657,0,0.0,0.0,0.0,0.0
1632340800000,140343.761998657,140343.761998657,0,0.0,0.0,0.0,0.0
1632355200000,140343.761998657,140343.761998657,0,0.0,0.0,0.0,0.0
1632369600000,140343.761998657,140343.761998657,0,0.0,0.0,0.0,0.0
1632384000000,140343.761998657,140343.761998657,0,0.0,0.0,0.0,0.0
1632398400000,140343.761998657,140343.761998657,0,0.0,0.0,0.0,0.0
1632412800000,140343.761998657,140343.761998657,0,0.0,0.0,0.0,0.0
1632427200000,140343.761998657,140343.761998657,0,0.0,0.0,0.0,0.0
1632441600000,140343.761998657,140343.761998657,0,0.0,0.0,0.0,0.0
1632456000000,140343.761998657,140343.761998657,0,0.0,0.0,0.0,0.0
1632470400000,140343.761998657,140343.761998657,0,0.0,0.0,0.0,0.0
1632484800000,140343.761998657,140343.761998657,0,0.0,0.0,0.0,0.0
1632499200000,140343.761998657,140343.761998657,0,0.0,0.0,0.0,0.0
1632513600000,140343.761998657,140343.761998657,0,0.0,0.0,0.0,0.0
1632528000000,140343.761998657,140343.761998657,0,0.0,0.0,0.0,0.0
1632542400000,140343.761998657,140343.761998657,0,0.0,0.0,0.0,0.0
1632556800000,140343.761998657,140343.761998657,0,0.0,0.0,0.0,0.0
1632571200000,140343.761998657,140343.761998657,0,0.0,0.0,0.0,0.0
1632585600000,140343.761998657,140343.761998657,0,0.0,0.0,0.0,0.0
1632600000000,140343.761998657,140343.761998657,0,0.0,0.0,0.0,0.0
1632614400000,140343.761998657,140343.761998657,0,0.0,0.0,0.0,0.0
1632628800000,140343.761998657,140343.761998657,0,0.0,0.0,0.0,0.0
1632643200000,140343.761998657,140343.761998657,0,0.0,0.0,0.0,0.0
1632657600000,140343.761998657,140343.761998657,0,0.0,0.0,0.0,0.0
1632672000000,140343.761998657,140343.761998657,0,0.0,0.0,0.0,0.0
1632686400000,140343.761998657,140343.761998657,0,0.0,0.0,0.0,0.0
1632700800000,140343.761998657,140343.761998657,0,0.0,0.0,0.0,0.0
1632715200000,140343.761998657,140343.761998657,0,0.0,0.0,0.0,0.0
1632729600000,140343.761998657,140343.761998657,0,0.0,0.0,0.0,0.0
1632744000000,140343.761998657,140343.761998657,0,0.0,0.0,0.0,0.0
1632758400000,140343.761998657,140343.761998657,0,0.0,0.0,0.0,0.0
1632772800000,140343.761998657,140343.761998657,0,0.0,0.0,0.0,0.0
1632787200000,140343.761998657,140343.761998657,0,0.0,0.0,0.0,0.0
1632801600000,140343.761998657,140343.761998657,0,0.0,0.0,0.0,0.0
1632816000000,140343.761998657,140343.761998657,0,0.0,0.0,0.0,0.0
1632830400000,140343.761998657,140343.761998657,0,0.0,0.0,0.0,0.0
1632844800000,140343.761998657,140343.761998657,0,0.0,0.0,0.0,0.0
1632859200000,140343.761998657,140343.761998657,0,0.0,0.0,0.0,0.0
1632873600000,140343.761998657,140343.761998657,0,0.0,0.0,0.0,0.0
1632888000000,137964.81623988505,140343.761998657,1,95571.40566113654,2806.8752399731397,2806.8752399731397,95571.40566113654
1632902400000,137517.68689165538,137517.68689165538,0,0.0,0.0,0.0,0.0
1632916800000,137517.68689165538,137517.68689165538,0,0.0,0.0,0.0,0.0
1632931200000,137517.68689165538,137517.68689165538,0,0.0,0.0,0.0,0.0
1632945600000,137517.68689165538,137517.68689165538,0,0.0,0.0,0.0,0.0
1632960000000,137517.68689165538,137517.68689165538,0,0.0,0.0,0.0,0.0
1632974400000,137517.68689165538,137517.68689165538,0,0.0,0.0,0.0,0.0
1632988800000,137517.68689165538,137517.68689165538,0,0.0,0.0,0.0,0.0
1633003200000,137517.68689165538,137517.68689165538,0,0.0,0.0,0.0,0.0
1633017600000,137517.68689165538,137517.68689165538,0,0.0,0.0,0.0,0.0
1633032000000,137517.68689165538,137517.68689165538,0,0.0,0.0,0.0,0.0
1633046400000,137517.68689165538,137517.68689165538,0,0.0,0.0,0.0,0.0
1633060800000,137517.68689165538,137517.68689165538,0,0.0,0.0,0.0,0.0
1633075200000,137517.68689165538,137517.68689165538,0,0.0,0.0,0.0,0.0
1633089600000,137517.68689165538,137517.68689165538,0,0.0,0.0,0.0,0.0
1633104000000,137517.68689165538,137517.68689165538,0,0.0,0.0,0.0,0.0
1633118400000,137517.68689165538,137517.68689165538,0,0.0,0.0,0.0,0.0
1633132800000,137517.68689165538,137517.68689165538,0,0.0,0.0,0.0,0.0
1633147200000,137517.68689165538,137517.68689165538,0,0.0,0.0,0.0,0.0
1633161600000,137517.68689165538,137517.68689165538,0,0.0,0.0,0.0,0.0
1633176000000,137687.39651412005,137517.68689165538,1,46465.41591287429,2750.3537378331075,0.0,0.0
1633190400000,140977.11783124856,137517.68689165538,1,49755.13723000278,2750.3537378331075,0.0,0.0
1633204800000,142255.56421975608,137512.70987671093,1,51038.560633454756,2750.3537378331075,0.0,0.0
1633219200000,140524.5775593678,137512.70987671093,1,49307.5739730665,2750.3537378331075,0.0,0.0
1633233600000,141025.60012279858,137507.7786734942,1,49813.52773971397,2750.3537378331075,0.0,0.0
1633248000000,141330.10663094244,137507.7786734942,1,50118.034247857824,2750.3537378331075,0.0,0.0
1633262400000,141103.7939921908,137502.76606654798,1,49896.73421605242,2750.3537378331075,0.0,0.0
1633276800000,141605.36847060992,137502.76606654798,1,50398.30869447155,2750.3537378331075,0.0,0.0
1633291200000,142478.52187660153,137497.7262064833,1,51276.50196052786,2750.3537378331075,0.0,0.0
1633305600000,141722.94868093872,137497.7262064833,1,50520.92876486504,2750.3537378331075,0.0,0.0
1633320000000,140030.70331049018,137492.6746141396,1,48833.73498676018,2750.3537378331075,0.0,0.0
1633334400000,140742.77557641815,137492.6746141396,1,49545.80725268816,2750.3537378331075,0.0,0.0
1633348800000,139642.41345115498,137487.71845105838,1,48450.40129050622,2750.3537378331075,0.0,0.0
1633363200000,139794.52072895263,137487.71845105838,1,48602.50856830387,2750.3537378331075,0.0,0.0
1633377600000,140620.8486266548,137482.85744302173,1,49433.697474042674,2750.3537378331075,0.0,0.0
1633392000000,140014.46318330406,137482.85744302173,1,48827.31203069196,2750.3537378331075,0.0,0.0
1633406400000,139999.81621589558,139999.81621589558,0,0.0,0.0,0.0,0.0
1633420800000,139999.81621589558,139999.81621589558,0,0.0,0.0,0.0,0.0
1633435200000,139999.81621589558,139999.81621589558,0,0.0,0.0,0.0,0.0
1633449600000,139999.81621589558,139999.81621589558,0,0.0,0.0,0.0,0.0
1633464000000,139999.81621589558,139999.81621589558,0,0.0,0.0,0.0,0.0
1633478400000,139999.81621589558,139999.81621589558,0,0.0,0.0,0.0,0.0
1633492800000,139999.81621589558,139999.81621589558,0,0.0,0.0,0.0,0.0
1633507200000,139999.81621589558,139999.81621589558,0,0.0,0.0,0.0,0.0
1633521600000,139999.81621589558,139999.81621589558,0,0.0,0.0,0.0,0.0
1633536000000,138591.1448493972,138591.1448493972,0,0.0,0.0,0.0,0.0
1633550400000,138591.1448493972,138591.1448493972,0,0.0,0.0,0.0,0.0
1633564800000,138591.1448493972,138591.1448493972,0,0.0,0.0,0.0,0.0
1633579200000,138591.1448493972,138591.1448493972,0,0.0,0.0,0.0,0.0
1633593600000,138591.1448493972,138591.1448493972,0,0.0,0.0,0.0,0.0
1633608000000,138591.1448493972,138591.1448493972,0,0.0,0.0,0.0,0.0
1633622400000,138591.1448493972,138591.1448493972,0,0.0,0.0,0.0,0.0
1633636800000,138591.1448493972,138591.1448493972,0,0.0,0.0,0.0,0.0
1633651200000,138591.1448493972,138591.1448493972,0,0.0,0.0,0.0,0.0
1633665600000,138591.1448493972,138591.1448493972,0,0.0,0.0,0.0,0.0
1633680000000,138591.1448493972,138591.1448493972,0,0.0,0.0,0.0,0.0
1633694400000,138591.1448493972,138591.1448493972,0,0.0,0.0,0.0,0.0
1633708800000,138591.1448493972,138591.1448493972,0,0.0,0.0,0.0,0.0
1633723200000,138591.1448493972,138591.1448493972,0,0.0,0.0,0.0,0.0
1633737600000,138591.1448493972,138591.1448493972,0,0.0,0.0,0.0,0.0
1633752000000,138591.1448493972,138591.1448493972,0,0.0,0.0,0.0,0.0
1633766400000,138591.1448493972,138591.1448493972,0,0.0,0.0,0.0,0.0
1633780800000,138591.1448493972,138591.1448493972,0,0.0,0.0,0.0,0.0
1633795200000,138591.1448493972,138591.1448493972,0,0.0,0.0,0.0,0.0
1633809600000,138591.1448493972,138591.1448493972,0,0.0,0.0,0.0,0.0
1633824000000,138591.1448493972,138591.1448493972,0,0.0,0.0,0.0,0.0
1633838400000,138591.1448493972,138591.1448493972,0,0.0,0.0,0.0,0.0
1633852800000,138591.1448493972,138591.1448493972,0,0.0,0.0,0.0,0.0
1633867200000,138591.1448493972,138591.1448493972,0,0.0,0.0,0.0,0.0
1633881600000,138591.1448493972,138591.1448493972,0,0.0,0.0,0.0,0.0
1633896000000,138591.1448493972,138591.1448493972,0,0.0,0.0,0.0,0.0
1633910400000,138591.1448493972,138591.1448493972,0,0.0,0.0,0.0,0.0
1633924800000,134895.98915315725,137196.00372715807,2,107769.24150434174,2771.7416063464448,2771.7416063464448,107769.24150434174
1633939200000,134402.61392710428,134402.61392710428,0,0.0,0.0,0.0,0.0
1633953600000,134402.61392710428,134402.61392710428,0,0.0,0.0,0.0,0.0
1633968000000,134402.61392710428,134402.61392710428,0,0.0,0.0,0.0,0.0
1633982400000,134388.39184380465,134402.61392710428,1,85187.16788401188,2688.052278542086,0.0,0.0
1633996800000,133100.33211745572,134402.61392710428,3,186118.83000140387,5375.238293742207,2687.1860152001213,100934.4620900416
1634011200000,134373.60000101675,134404.18997674482,3,182604.93784727744,5375.238293742207,2687.1860152001213,98541.67009601815
1634025600000,134798.3740510227,134404.18997674482,3,183934.33925491897,5375.238293742207,2687.1860152001213,98993.98377483596
1634040000000,135193.9995462072,134405.59258075582,3,183316.97780264245,5375.238293742207,2687.1860152001213,98488.19160311093
1634054400000,132789.14754952793,134405.59258075582,3,183032.01903660034,5375.238293742207,2687.1860152001213,99548.13821842949
1634068800000,131222.87761091912,130351.05897689941,1,61612.316955123075,1343.3020967620748,1343.3020967620748,61612.316955123075
1634083200000,131376.54597791308,130351.05897689941,1,61458.648588129116,1343.3020967620748,1343.3020967620748,61458.648588129116
1634097600000,130994.1726903817,130357.20571157917,1,61847.16861034025,1343.3020967620748,1343.3020967620748,61847.16861034025
1634112000000,132353.99276812066,130357.20571157917,1,60487.34853260129,1343.3020967620748,1343.3020967620748,60487.34853260129
1634126400000,131246.67139070985,130363.25514408681,1,61600.719342519755,1343.3020967620748,1343.3020967620748,61600.719342519755
1634140800000,131490.2212553795,130363.25514408681,1,61357.1694778501,1343.3020967620748,1343.3020967620748,61357.1694778501
1634155200000,129850.34161234788,129850.34161234788,0,0.0,0.0,0.0,0.0
1634169600000,129850.34161234788,129850.34161234788,0,0.0,0.0,0.0,0.0
1634184000000,129850.34161234788,129850.34161234788,0,0.0,0.0,0.0,0.0
1634198400000,129850.34161234788,129850.34161234788,0,0.0,0.0,0.0,0.0
1634212800000,129850.34161234788,129850.34161234788,0,0.0,0.0,0.0,0.0
1634227200000,129850.34161234788,129850.34161234788,0,0.0,0.0,0.0,0.0
1634241600000,129850.34161234788,129850.34161234788,0,0.0,0.0,0.0,0.0
1634256000000,129850.34161234788,129850.34161234788,0,0.0,0.0,0.0,0.0
1634270400000,129850.34161234788,129850.34161234788,0,0.0,0.0,0.0,0.0
1634284800000,129850.34161234788,129850.34161234788,0,0.0,0.0,0.0,0.0
1634299200000,129850.34161234788,129850.34161234788,0,0.0,0.0,0.0,0.0
1634313600000,129850.34161234788,129850.34161234788,0,0.0,0.0,0.0,0.0
1634328000000,129850.34161234788,129850.34161234788,0,0.0,0.0,0.0,0.0
1634342400000,129850.34161234788,129850.34161234788,0,0.0,0.0,0.0,0.0
1634356800000,129850.34161234788,129850.34161234788,0,0.0,0.0,0.0,0.0
1634371200000,129850.34161234788,129850.34161234788,0,0.0,0.0,0.0,0.0
1634385600000,129850.34161234788,129850.34161234788,0,0.0,0.0,0.0,0.0
1634400000000,129850.34161234788,129850.34161234788,0,0.0,0.0,0.0,0.0
1634414400000,129850.34161234788,129850.34161234788,0,0.0,0.0,0.0,0.0
1634428800000,129850.34161234788,129850.34161234788,0,0.0,0.0,0.0,0.0
1634443200000,129850.34161234788,129850.34161234788,0,0.0,0.0,0.0,0.0
1634457600000,129850.34161234788,129850.34161234788,0,0.0,0.0,0.0,0.0
1634472000000,129850.34161234788,129850.34161234788,0,0.0,0.0,0.0,0.0
1634486400000,129850.34161234788,129850.34161234788,0,0.0,0.0,0.0,0.0
1634500800000,129850.34161234788,129850.34161234788,0,0.0,0.0,0.0,0.0
1634515200000,129850.34161234788,129850.34161234788,0,0.0,0.0,0.0,0.0
1634529600000,129850.34161234788,129850.34161234788,0,0.0,0.0,0.0,0.0
1634544000000,129850.34161234788,129850.34161234788,0,0.0,0.0,0.0,0.0
1634558400000,129850.34161234788,129850.34161234788,0,0.0,0.0,0.0,0.0
1634572800000,129850.34161234788,129850.34161234788,0,0.0,0.0,0.0,0.0
1634587200000,129850.34161234788,129850.34161234788,0,0.0,0.0,0.0,0.0
1634601600000,129850.34161234788,129850.34161234788,0,0.0,0.0,0.0,0.0
1634616000000,129850.34161234788,129850.34161234788,0,0.0,0.0,0.0,0.0
1634630400000,129850.34161234788,129850.34161234788,0,0.0,0.0,0.0,0.0
1634644800000,129850.34161234788,129850.34161234788,0,0.0,0.0,0.0,0.0
1634659200000,129850.34161234788,129850.34161234788,0,0.0,0.0,0.0,0.0
1634673600000,129850.34161234788,129850.34161234788,0,0.0,0.0,0.0,0.0
1634688000000,129850.34161234788,129850.34161234788,0,0.0,0.0,0.0,0.0
1634702400000,129850.34161234788,129850.34161234788,0,0.0,0.0,0.0,0.0
1634716800000,129850.34161234788,129850.34161234788,0,0.0,0.0,0.0,0.0
1634731200000,129850.34161234788,129850.34161234788,0,0.0,0.0,0.0,0.0
1634745600000,129850.34161234788,129850.34161234788,0,0.0,0.0,0.0,0.0
1634760000000,129850.34161234788,129850.34161234788,0,0.0,0.0,0.0,0.0
1634774400000,129850.34161234788,129850.34161234788,0,0.0,0.0,0.0,0.0
1634788800000,129850.34161234788,129850.34161234788,0,0.0,0.0,0.0,0.0
1634803200000,129850.34161234788,129850.34161234788,0,0.0,0.0,0.0,0.0
1634817600000,129850.34161234788,129850.34161234788,0,0.0,0.0,0.0,0.0
1634832000000,129850.34161234788,129850.34161234788,0,0.0,0.0,0.0,0.0
1634846400000,129850.34161234788,129850.34161234788,0,0.0,0.0,0.0,0.0
1634860800000,129850.34161234788,129850.34161234788,0,0.0,0.0,0.0,0.0
1634875200000,129850.34161234788,129850.34161234788,0,0.0,0.0,0.0,0.0
1634889600000,129850.34161234788,129850.34161234788,0,0.0,0.0,0.0,0.0
1634904000000,129850.34161234788,129850.34161234788,0,0.0,0.0,0.0,0.0
1634918400000,129850.34161234788,129850.34161234788,0,0.0,0.0,0.0,0.0
1634932800000,129850.34161234788,129850.34161234788,0,0.0,0.0,0.0,0.0
1634947200000,129850.34161234788,129850.34161234788,0,0.0,0.0,0.0,0.0
1634961600000,129850.34161234788,129850.34161234788,0,0.0,0.0,0.0,0.0
1634976000000,129850.34161234788,129850.34161234788,0,0.0,0.0,0.0,0.0
1634990400000,129850.34161234788,129850.34161234788,0,0.0,0.0,0.0,0.0
1635004800000,129850.34161234788,129850.34161234788,0,0.0,0.0,0.0,0.0
1635019200000,129850.34161234788,129850.34161234788,0,0.0,0.0,0.0,0.0
1635033600000,129850.34161234788,129850.34161234788,0,0.0,0.0,0.0,0.0
1635048000000,129850.34161234788,129850.34161234788,0,0.0,0.0,0.0,0.0
1635062400000,129850.34161234788,129850.34161234788,0,0.0,0.0,0.0,0.0
1635076800000,129850.34161234788,129850.34161234788,0,0.0,0.0,0.0,0.0
1635091200000,129850.34161234788,129850.34161234788,0,0.0,0.0,0.0,0.0
1635105600000,129850.34161234788,129850.34161234788,0,0.0,0.0,0.0,0.0
1635120000000,129850.34161234788,129850.34161234788,0,0.0,0.0,0.0,0.0
1635134400000,129850.34161234788,129850.34161234788,0,0.0,0.0,0.0,0.0
1635148800000,129850.34161234788,129850.34161234788,0,0.0,0.0,0.0,0.0
1635163200000,129850.34161234788,129850.34161234788,0,0.0,0.0,0.0,0.0
1635177600000,129850.34161234788,129850.34161234788,0,0.0,0.0,0.0,0.0
1635192000000,129850.34161234788,129850.34161234788,0,0.0,0.0,0.0,0.0
1635206400000,129850.34161234788,129850.34161234788,0,0.0,0.0,0.0,0.0
1635220800000,129850.34161234788,129850.34161234788,0,0.0,0.0,0.0,0.0
1635235200000,129850.34161234788,129850.34161234788,0,0.0,0.0,0.0,0.0
1635249600000,129850.34161234788,129850.34161234788,0,0.0,0.0,0.0,0.0
1635264000000,129850.34161234788,129850.34161234788,0,0.0,0.0,0.0,0.0
1635278400000,129850.34161234788,129850.34161234788,0,0.0,0.0,0.0,0.0
1635292800000,129850.34161234788,129850.34161234788,0,0.0,0.0,0.0,0.0
1635307200000,129850.34161234788,129850.34161234788,0,0.0,0.0,0.0,0.0
1635321600000,129850.34161234788,129850.34161234788,0,0.0,0.0,0.0,0.0
1635336000000,129850.34161234788,129850.34161234788,0,0.0,0.0,0.0,0.0
1635350400000,130091.7569676466,129850.34161234788,1,44345.28714261276,1298.503416123479,1298.503416123479,44345.28714261276
1635364800000,130621.6694652671,129854.777229318,1,43819.81026196237,1298.503416123479,1298.503416123479,43819.81026196237
1635379200000,131302.75967108866,129854.777229318,1,43138.720056140824,1298.503416123479,1298.503416123479,43138.720056140824
1635393600000,130828.95307432966,129859.0869359834,1,43616.83635956522,1298.503416123479,1298.503416123479,43616.83635956522
1635408000000,130635.00023426127,129859.0869359834,1,43810.789199633604,1298.503416123479,1298.503416123479,43810.789199633604
1635422400000,128878.95732437406,128878.95732437406,0,0.0,0.0,0.0,0.0
1635436800000,128878.95732437406,128878.95732437406,0,0.0,0.0,0.0,0.0
1635451200000,128878.95732437406,128878.95732437406,0,0.0,0.0,0.0,0.0
1635465600000,128878.95732437406,128878.95732437406,0,0.0,0.0,0.0,0.0
1635480000000,128878.95732437406,128878.95732437406,0,0.0,0.0,0.0,0.0
1635494400000,128878.95732437406,128878.95732437406,0,0.0,0.0,0.0,0.0
1635508800000,128878.95732437406,128878.95732437406,0,0.0,0.0,0.0,0.0
1635523200000,128878.95732437406,128878.95732437406,0,0.0,0.0,0.0,0.0
1635537600000,128878.95732437406,128878.95732437406,0,0.0,0.0,0.0,0.0
1635552000000,128878.95732437406,128878.95732437406,0,0.0,0.0,0.0,0.0
1635566400000,128878.95732437406,128878.95732437406,0,0.0,0.0,0.0,0.0
1635580800000,128878.95732437406,128878.95732437406,0,0.0,0.0,0.0,0.0
1635595200000,128878.95732437406,128878.95732437406,0,0.0,0.0,0.0,0.0
1635609600000,128878.95732437406,128878.95732437406,0,0.0,0.0,0.0,0.0
1635624000000,128878.95732437406,128878.95732437406,0,0.0,0.0,0.0,0.0
1635638400000,128878.95732437406,128878.95732437406,0,0.0,0.0,0.0,0.0
1635652800000,128878.95732437406,128878.95732437406,0,0.0,0.0,0.0,0.0
1635667200000,128878.95732437406,128878.95732437406,0,0.0,0.0,0.0,0.0
1635681600000,128878.95732437406,128878.95732437406,0,0.0,0.0,0.0,0.0
1635696000000,128878.95732437406,128878.95732437406,0,0.0,0.0,0.0,0.0
1635710400000,128878.95732437406,128878.95732437406,0,0.0,0.0,0.0,0.0
1635724800000,128878.95732437406,128878.95732437406,0,0.0,0.0,0.0,0.0
1635739200000,128878.95732437406,128878.95732437406,0,0.0,0.0,0.0,0.0
1635753600000,128878.95732437406,128878.95732437406,0,0.0,0.0,0.0,0.0
1635768000000,128878.95732437406,128878.95732437406,0,0.0,0.0,0.0,0.0
1635782400000,128878.95732437406,128878.95732437406,0,0.0,0.0,0.0,0.0
1635796800000,128878.95732437406,128878.95732437406,0,0.0,0.0,0.0,0.0
1635811200000,128878.95732437406,128878.95732437406,0,0.0,0.0,0.0,0.0
1635825600000,128878.95732437406,128878.95732437406,0,0.0,0.0,0.0,0.0
1635840000000,128878.95732437406,128878.95732437406,0,0.0,0.0,0.0,0.0
1635854400000,128878.95732437406,128878.95732437406,0,0.0,0.0,0.0,0.0
1635868800000,128878.95732437406,128878.95732437406,0,0.0,0.0,0.0,0.0
1635883200000,128878.95732437406,128878.95732437406,0,0.0,0.0,0.0,0.0
1635897600000,128878.95732437406,128878.95732437406,0,0.0,0.0,0.0,0.0
1635912000000,128878.95732437406,128878.95732437406,0,0.0,0.0,0.0,0.0
1635926400000,128878.95732437406,128878.95732437406,0,0.0,0.0,0.0,0.0
1635940800000,128878.95732437406,128878.95732437406,0,0.0,0.0,0.0,0.0
1635955200000,128878.95732437406,128878.95732437406,0,0.0,0.0,0.0,0.0
1635969600000,128878.95732437406,128878.95732437406,0,0.0,0.0,0.0,0.0
1635984000000,128878.95732437406,128878.95732437406,0,0.0,0.0,0.0,0.0
1635998400000,128878.95732437406,128878.95732437406,0,0.0,0.0,0.0,0.0
1636012800000,128878.95732437406,128878.95732437406,0,0.0,0.0,0.0,0.0
1636027200000,128878.95732437406,128878.95732437406,0,0.0,0.0,0.0,0.0
1636041600000,128878.95732437406,128878.95732437406,0,0.0,0.0,0.0,0.0
1636056000000,128878.95732437406,128878.95732437406,0,0.0,0.0,0.0,0.0
1636070400000,128878.95732437406,128878.95732437406,0,0.0,0.0,0.0,0.0
1636084800000,128878.95732437406,128878.95732437406,0,0.0,0.0,0.0,0.0
1636099200000,128878.95732437406,128878.95732437406,0,0.0,0.0,0.0,0.0
1636113600000,128878.95732437406,128878.95732437406,0,0.0,0.0,0.0,0.0
1636128000000,128878.95732437406,128878.95732437406,0,0.0,0.0,0.0,0.0
1636142400000,128878.95732437406,128878.95732437406,0,0.0,0.0,0.0,0.0
1636156800000,128878.95732437406,128878.95732437406,0,0.0,0.0,0.0,0.0
1636171200000,128878.95732437406,128878.95732437406,0,0.0,0.0,0.0,0.0
1636185600000,128878.95732437406,128878.95732437406,0,0.0,0.0,0.0,0.0
1636200000000,128878.95732437406,128878.95732437406,0,0.0,0.0,0.0,0.0
1636214400000,128878.95732437406,128878.95732437406,0,0.0,0.0,0.0,0.0
1636228800000,128878.95732437406,128878.95732437406,0,0.0,0.0,0.0,0.0
1636243200000,128878.95732437406,128878.95732437406,0,0.0,0.0,0.0,0.0
1636257600000,128878.95732437406,128878.95732437406,0,0.0,0.0,0.0,0.0
1636272000000,128878.95732437406,128878.95732437406,0,0.0,0.0,0.0,0.0
1636286400000,128878.95732437406,128878.95732437406,0,0.0,0.0,0.0,0.0
1636300800000,128878.95732437406,128878.95732437406,0,0.0,0.0,0.0,0.0
1636315200000,128878.95732437406,128878.95732437406,0,0.0,0.0,0.0,0.0
1636329600000,128878.95732437406,128878.95732437406,0,0.0,0.0,0.0,0.0
1636344000000,128878.95732437406,128878.95732437406,0,0.0,0.0,0.0,0.0
1636358400000,128878.95732437406,128878.95732437406,0,0.0,0.0,0.0,0.0
1636372800000,128878.95732437406,128878.95732437406,0,0.0,0.0,0.0,0.0
1636387200000,129611.64111594416,128878.95732437406,1,109375.39173725288,2577.5791464874815,0.0,0.0
1636401600000,128347.6388449711,128853.8009842745,2,216699.67683285286,5169.304253147997,0.0,0.0
1636416000000,132550.35819896596,128853.8009842745,2,220902.3961868477,5169.304253147997,0.0,0.0
1636430400000,134185.92860514342,128800.03342414318,2,222591.73415315646,5169.304253147997,0.0,0.0
1636444800000,132297.25132671485,128800.03342414318,2,220703.05687472792,5169.304253147997,0.0,0.0
1636459200000,131687.05669308818,128745.51993870067,2,220147.37572654377,5169.304253147997,0.0,0.0
1636473600000,130739.28938554699,128745.51993870067,2,219199.60841900256,5169.304253147997,0.0,0.0
1636488000000,129756.94642971072,128660.42923828708,2,218302.35616357988,5169.304253147997,0.0,0.0
1636502400000,129561.82822732245,128660.42923828708,2,218107.23796119163,5169.304253147997,0.0,0.0
1636516800000,127880.77943483776,128596.3366997552,2,216490.2817072388,5169.304253147997,0.0,0.0
1636531200000,127739.37731159483,127661.91062909349,1,108640.59770897482,2591.7251066605154,0.0,0.0
1636545600000,127836.63449108023,127587.80470458424,1,108811.96081296947,2591.7251066605154,0.0,0.0
1636560000000,130760.21319771632,127587.80470458424,1,111735.53951960556,2591.7251066605154,0.0,0.0
1636574400000,127985.99319183033,127523.5231122893,1,109025.6011060145,2591.7251066605154,0.0,0.0
1636588800000,124910.60372444484,124910.60372444484,0,0.0,0.0,0.0,0.0
1636603200000,124910.60372444484,124910.60372444484,0,0.0,0.0,0.0,0.0
1636617600000,124910.60372444484,124910.60372444484,0,0.0,0.0,0.0,0.0
1636632000000,124910.60372444484,124910.60372444484,0,0.0,0.0,0.0,0.0
1636646400000,124910.60372444484,124910.60372444484,0,0.0,0.0,0.0,0.0
1636660800000,124910.60372444484,124910.60372444484,0,0.0,0.0,0.0,0.0
1636675200000,124910.60372444484,124910.60372444484,0,0.0,0.0,0.0,0.0
1636689600000,124910.60372444484,124910.60372444484,0,0.0,0.0,0.0,0.0
1636704000000,124910.60372444484,124910.60372444484,0,0.0,0.0,0.0,0.0
1636718400000,124910.60372444484,124910.60372444484,0,0.0,0.0,0.0,0.0
1636732800000,124910.60372444484,124910.60372444484,0,0.0,0.0,0.0,0.0
1636747200000,124910.60372444484,124910.60372444484,0,0.0,0.0,0.0,0.0
1636761600000,124910.60372444484,124910.60372444484,0,0.0,0.0,0.0,0.0
1636776000000,124910.60372444484,124910.60372444484,0,0.0,0.0,0.0,0.0
1636790400000,124910.60372444484,124910.60372444484,0,0.0,0.0,0.0,0.0
1636804800000,124910.60372444484,124910.60372444484,0,0.0,0.0,0.0,0.0
1636819200000,124910.60372444484,124910.60372444484,0,0.0,0.0,0.0,0.0
1636833600000,124910.60372444484,124910.60372444484,0,0.0,0.0,0.0,0.0
1636848000000,124910.60372444484,124910.60372444484,0,0.0,0.0,0.0,0.0
1636862400000,124910.60372444484,124910.60372444484,0,0.0,0.0,0.0,0.0
1636876800000,124910.60372444484,124910.60372444484,0,0.0,0.0,0.0,0.0
1636891200000,124910.60372444484,124910.60372444484,0,0.0,0.0,0.0,0.0
1636905600000,124910.60372444484,124910.60372444484,0,0.0,0.0,0.0,0.0
1636920000000,124910.60372444484,124910.60372444484,0,0.0,0.0,0.0,0.0
1636934400000,124910.60372444484,124910.60372444484,0,0.0,0.0,0.0,0.0
1636948800000,124910.60372444484,124910.60372444484,0,0.0,0.0,0.0,0.0
1636963200000,124910.60372444484,124910.60372444484,0,0.0,0.0,0.0,0.0
1636977600000,124910.60372444484,124910.60372444484,0,0.0,0.0,0.0,0.0
1636992000000,122500.06895698523,124910.60372444484,1,105867.78463135558,2498.2120744888966,0.0,0.0
1637006400000,122435.50372870555,122435.50372870555,0,0.0,0.0,0.0,0.0
1637020800000,122435.50372870555,122435.50372870555,0,0.0,0.0,0.0,0.0
1637035200000,122435.50372870555,122435.50372870555,0,0.0,0.0,0.0,0.0
1637049600000,121486.89299809812,122435.50372870555,1,107451.56862008816,2448.710074574111,2448.710074574111,107451.56862008816
1637064000000,125713.1339045476,124884.79529829223,1,52423.140338484984,1224.3550372870554,1224.3550372870554,52423.140338484984
1637078400000,125705.40966737049,125705.40966737049,0,0.0,0.0,0.0,0.0
1637092800000,125705.40966737049,125705.40966737049,0,0.0,0.0,0.0,0.0
1637107200000,125705.40966737049,125705.40966737049,0,0.0,0.0,0.0,0.0
1637121600000,125705.40966737049,125705.40966737049,0,0.0,0.0,0.0,0.0
1637136000000,125705.40966737049,125705.40966737049,0,0.0,0.0,0.0,0.0
1637150400000,125705.40966737049,125705.40966737049,0,0.0,0.0,0.0,0.0
1637164800000,125705.40966737049,125705.40966737049,0,0.0,0.0,0.0,0.0
1637179200000,125705.40966737049,125705.40966737049,0,0.0,0.0,0.0,0.0
1637193600000,125705.40966737049,125705.40966737049,0,0.0,0.0,0.0,0.0
1637208000000,125705.40966737049,125705.40966737049,0,0.0,0.0,0.0,0.0
1637222400000,125705.40966737049,125705.40966737049,0,0.0,0.0,0.0,0.0
1637236800000,125705.40966737049,125705.40966737049,0,0.0,0.0,0.0,0.0
1637251200000,125705.40966737049,125705.40966737049,0,0.0,0.0,0.0,0.0
1637265600000,125705.40966737049,125705.40966737049,0,0.0,0.0,0.0,0.0
1637280000000,125705.40966737049,125705.40966737049,0,0.0,0.0,0.0,0.0
1637294400000,125705.40966737049,125705.40966737049,0,0.0,0.0,0.0,0.0
1637308800000,125705.40966737049,125705.40966737049,0,0.0,0.0,0.0,0.0
1637323200000,125705.40966737049,125705.40966737049,0,0.0,0.0,0.0,0.0
1637337600000,125705.40966737049,125705.40966737049,0,0.0,0.0,0.0,0.0
1637352000000,125705.40966737049,125705.40966737049,0,0.0,0.0,0.0,0.0
1637366400000,125705.40966737049,125705.40966737049,0,0.0,0.0,0.0,0.0
1637380800000,125705.40966737049,125705.40966737049,0,0.0,0.0,0.0,0.0
1637395200000,125705.40966737049,125705.40966737049,0,0.0,0.0,0.0,0.0
1637409600000,125705.40966737049,125705.40966737049,0,0.0,0.0,0.0,0.0
1637424000000,125705.40966737049,125705.40966737049,0,0.0,0.0,0.0,0.0
1637438400000,125705.40966737049,125705.40966737049,0,0.0,0.0,0.0,0.0
1637452800000,125705.40966737049,125705.40966737049,0,0.0,0.0,0.0,0.0
1637467200000,125705.40966737049,125705.40966737049,0,0.0,0.0,0.0,0.0
1637481600000,125705.40966737049,125705.40966737049,0,0.0,0.0,0.0,0.0
1637496000000,125705.40966737049,125705.40966737049,0,0.0,0.0,0.0,0.0
1637510400000,125705.40966737049,125705.40966737049,0,0.0,0.0,0.0,0.0
1637524800000,125705.40966737049,125705.40966737049,0,0.0,0.0,0.0,0.0
1637539200000,125705.40966737049,125705.40966737049,0,0.0,0.0,0.0,0.0
1637553600000,125705.40966737049,125705.40966737049,0,0.0,0.0,0.0,0.0
1637568000000,125705.40966737049,125705.40966737049,0,0.0,0.0,0.0,0.0
1637582400000,125705.40966737049,125705.40966737049,0,0.0,0.0,0.0,0.0
1637596800000,125705.40966737049,125705.40966737049,0,0.0,0.0,0.0,0.0
1637611200000,125705.40966737049,125705.40966737049,0,0.0,0.0,0.0,0.0
1637625600000,125705.40966737049,125705.40966737049,0,0.0,0.0,0.0,0.0
1637640000000,125705.40966737049,125705.40966737049,0,0.0,0.0,0.0,0.0
1637654400000,125705.40966737049,125705.40966737049,0,0.0,0.0,0.0,0.0
1637668800000,125705.40966737049,125705.40966737049,0,0.0,0.0,0.0,0.0
1637683200000,125705.40966737049,125705.40966737049,0,0.0,0.0,0.0,0.0
1637697600000,125705.40966737049,125705.40966737049,0,0.0,0.0,0.0,0.0
1637712000000,125705.40966737049,125705.40966737049,0,0.0,0.0,0.0,0.0
1637726400000,125705.40966737049,125705.40966737049,0,0.0,0.0,0.0,0.0
1637740800000,125705.40966737049,125705.40966737049,0,0.0,0.0,0.0,0.0
1637755200000,125705.40966737049,125705.40966737049,0,0.0,0.0,0.0,0.0
1637769600000,125705.40966737049,125705.40966737049,0,0.0,0.0,0.0,0.0
1637784000000,125705.40966737049,125705.40966737049,0,0.0,0.0,0.0,0.0
1637798400000,125705.40966737049,125705.40966737049,0,0.0,0.0,0.0,0.0
1637812800000,125705.40966737049,125705.40966737049,0,0.0,0.0,0.0,0.0
1637827200000,125705.40966737049,125705.40966737049,0,0.0,0.0,0.0,0.0
1637841600000,125705.40966737049,125705.40966737049,0,0.0,0.0,0.0,0.0
1637856000000,125705.40966737049,125705.40966737049,0,0.0,0.0,0.0,0.0
1637870400000,125705.40966737049,125705.40966737049,0,0.0,0.0,0.0,0.0
1637884800000,125705.40966737049,125705.40966737049,0,0.0,0.0,0.0,0.0
1637899200000,125705.40966737049,125705.40966737049,0,0.0,0.0,0.0,0.0
1637913600000,125705.40966737049,125705.40966737049,0,0.0,0.0,0.0,0.0
1637928000000,125705.40966737049,125705.40966737049,0,0.0,0.0,0.0,0.0
1637942400000,124687.28484709821,125705.40966737049,1,77173.65982007506,2514.1081933474097,2514.1081933474097,77173.65982007506
1637956800000,124059.02372444062,125713.1279917246,1,77809.63926708678,2514.1081933474097,2514.1081933474097,77809.63926708678
1637971200000,125290.21470519406,125713.1279917246,1,76578.44828633334,2514.1081933474097,2514.1081933474097,76578.44828633334
1637985600000,124107.45190562092,125720.78825963492,1,77768.8713538168,2514.1081933474097,2514.1081933474097,77768.8713538168
1638000000000,124661.89552609267,125720.78825963492,1,77214.42773334504,2514.1081933474097,2514.1081933474097,77214.42773334504
1638014400000,123198.66662669765,123198.66662669765,0,0.0,0.0,0.0,0.0
1638028800000,123198.66662669765,123198.66662669765,0,0.0,0.0,0.0,0.0
1638043200000,123198.66662669765,123198.66662669765,0,0.0,0.0,0.0,0.0
1638057600000,123198.66662669765,123198.66662669765,0,0.0,0.0,0.0,0.0
1638072000000,123198.66662669765,123198.66662669765,0,0.0,0.0,0.0,0.0
1638086400000,123198.66662669765,123198.66662669765,0,0.0,0.0,0.0,0.0
1638100800000,123198.66662669765,123198.66662669765,0,0.0,0.0,0.0,0.0
1638115200000,123198.66662669765,123198.66662669765,0,0.0,0.0,0.0,0.0
1638129600000,123198.66662669765,123198.66662669765,0,0.0,0.0,0.0,0.0
1638144000000,123198.66662669765,123198.66662669765,0,0.0,0.0,0.0,0.0
1638158400000,123198.66662669765,123198.66662669765,0,0.0,0.0,0.0,0.0
1638172800000,123198.66662669765,123198.66662669765,0,0.0,0.0,0.0,0.0
1638187200000,123198.66662669765,123198.66662669765,0,0.0,0.0,0.0,0.0
1638201600000,123198.66662669765,123198.66662669765,0,0.0,0.0,0.0,0.0
1638216000000,123198.66662669765,123198.66662669765,0,0.0,0.0,0.0,0.0
1638230400000,123198.66662669765,123198.66662669765,0,0.0,0.0,0.0,0.0
1638244800000,123198.66662669765,123198.66662669765,0,0.0,0.0,0.0,0.0
1638259200000,123198.66662669765,123198.66662669765,0,0.0,0.0,0.0,0.0
1638273600000,123198.66662669765,123198.66662669765,0,0.0,0.0,0.0,0.0
1638288000000,123198.66662669765,123198.66662669765,0,0.0,0.0,0.0,0.0
1638302400000,123198.66662669765,123198.66662669765,0,0.0,0.0,0.0,0.0
1638316800000,123198.66662669765,123198.66662669765,0,0.0,0.0,0.0,0.0
1638331200000,123198.66662669765,123198.66662669765,0,0.0,0.0,0.0,0.0
1638345600000,123198.66662669765,123198.66662669765,0,0.0,0.0,0.0,0.0
1638360000000,123198.66662669765,123198.66662669765,0,0.0,0.0,0.0,0.0
1638374400000,123198.66662669765,123198.66662669765,0,0.0,0.0,0.0,0.0
1638388800000,123198.66662669765,123198.66662669765,0,0.0,0.0,0.0,0.0
1638403200000,123198.66662669765,123198.66662669765,0,0.0,0.0,0.0,0.0
1638417600000,123198.66662669765,123198.66662669765,0,0.0,0.0,0.0,0.0
1638432000000,123198.66662669765,123198.66662669765,0,0.0,0.0,0.0,0.0
1638446400000,123198.66662669765,123198.66662669765,0,0.0,0.0,0.0,0.0
1638460800000,123198.66662669765,123198.66662669765,0,0.0,0.0,0.0,0.0
1638475200000,123198.66662669765,123198.66662669765,0,0.0,0.0,0.0,0.0
1638489600000,123198.66662669765,123198.66662669765,0,0.0,0.0,0.0,0.0
1638504000000,123198.66662669765,123198.66662669765,0,0.0,0.0,0.0,0.0
1638518400000,122276.99532830162,123198.66662669765,1,118410.01601890333,2463.973332533953,2463.973332533953,118410.01601890333
1638532800000,121613.09131022428,123210.50762829954,1,119085.76103858255,2463.973332533953,2463.973332533953,119085.76103858255
1638547200000,120722.543832155,120722.543832155,0,0.0,0.0,0.0,0.0
1638561600000,120722.543832155,120722.543832155,0,0.0,0.0,0.0,0.0
1638576000000,120722.543832155,120722.543832155,0,0.0,0.0,0.0,0.0
1638590400000,120722.543832155,120722.543832155,0,0.0,0.0,0.0,0.0
1638604800000,120722.543832155,120722.543832155,0,0.0,0.0,0.0,0.0
1638619200000,120722.543832155,120722.543832155,0,0.0,0.0,0.0,0.0
1638633600000,120722.543832155,120722.543832155,0,0.0,0.0,0.0,0.0
1638648000000,120722.543832155,120722.543832155,0,0.0,0.0,0.0,0.0
1638662400000,120722.543832155,120722.543832155,0,0.0,0.0,0.0,0.0
1638676800000,120722.543832155,120722.543832155,0,0.0,0.0,0.0,0.0
1638691200000,120722.543832155,120722.543832155,0,0.0,0.0,0.0,0.0
1638705600000,120722.543832155,120722.543832155,0,0.0,0.0,0.0,0.0
1638720000000,120722.543832155,120722.543832155,0,0.0,0.0,0.0,0.0
1638734400000,120722.543832155,120722.543832155,0,0.0,0.0,0.0,0.0
1638748800000,120722.543832155,120722.543832155,0,0.0,0.0,0.0,0.0
1638763200000,120722.543832155,120722.543832155,0,0.0,0.0,0.0,0.0
1638777600000,120722.543832155,120722.543832155,0,0.0,0.0,0.0,0.0
1638792000000,120722.543832155,120722.543832155,0,0.0,0.0,0.0,0.0
1638806400000,120722.543832155,120722.543832155,0,0.0,0.0,0.0,0.0
1638820800000,120722.543832155,120722.543832155,0,0.0,0.0,0.0,0.0
1638835200000,120722.543832155,120722.543832155,0,0.0,0.0,0.0,0.0
1638849600000,120722.543832155,120722.543832155,0,0.0,0.0,0.0,0.0
1638864000000,120722.543832155,120722.543832155,0,0.0,0.0,0.0,0.0
1638878400000,120722.543832155,120722.543832155,0,0.0,0.0,0.0,0.0
1638892800000,120722.543832155,120722.543832155,0,0.0,0.0,0.0,0.0
1638907200000,120722.543832155,120722.543832155,0,0.0,0.0,0.0,0.0
1638921600000,120722.543832155,120722.543832155,0,0.0,0.0,0.0,0.0
1638936000000,120722.543832155,120722.543832155,0,0.0,0.0,0.0,0.0
1638950400000,120722.543832155,120722.543832155,0,0.0,0.0,0.0,0.0
1638964800000,120722.543832155,120722.543832155,0,0.0,0.0,0.0,0.0
1638979200000,120722.543832155,120722.543832155,0,0.0,0.0,0.0,0.0
1638993600000,120722.543832155,120722.543832155,0,0.0,0.0,0.0,0.0
1639008000000,120722.543832155,120722.543832155,0,0.0,0.0,0.0,0.0
1639022400000,120722.543832155,120722.543832155,0,0.0,0.0,0.0,0.0
1639036800000,120722.543832155,120722.543832155,0,0.0,0.0,0.0,0.0
1639051200000,120722.543832155,120722.543832155,0,0.0,0.0,0.0,0.0
1639065600000,120722.543832155,120722.543832155,0,0.0,0.0,0.0,0.0
1639080000000,120722.543832155,120722.543832155,0,0.0,0.0,0.0,0.0
1639094400000,120722.543832155,120722.543832155,0,0.0,0.0,0.0,0.0
1639108800000,120722.543832155,120722.543832155,0,0.0,0.0,0.0,0.0
1639123200000,120722.543832155,120722.543832155,0,0.0,0.0,0.0,0.0
1639137600000,120722.543832155,120722.543832155,0,0.0,0.0,0.0,0.0
1639152000000,120722.543832155,120722.543832155,0,0.0,0.0,0.0,0.0
1639166400000,120722.543832155,120722.543832155,0,0.0,0.0,0.0,0.0
1639180800000,120722.543832155,120722.543832155,0,0.0,0.0,0.0,0.0
1639195200000,120722.543832155,120722.543832155,0,0.0,0.0,0.0,0.0
1639209600000,120722.543832155,120722.543832155,0,0.0,0.0,0.0,0.0
1639224000000,120722.543832155,120722.543832155,0,0.0,0.0,0.0,0.0
1639238400000,120722.543832155,120722.543832155,0,0.0,0.0,0.0,0.0
1639252800000,120722.543832155,120722.543832155,0,0.0,0.0,0.0,0.0
1639267200000,120722.543832155,120722.543832155,0,0.0,0.0,0.0,0.0
1639281600000,120722.543832155,120722.543832155,0,0.0,0.0,0.0,0.0
1639296000000,120722.543832155,120722.543832155,0,0.0,0.0,0.0,0.0
1639310400000,120722.543832155,120722.543832155,0,0.0,0.0,0.0,0.0
1639324800000,120722.543832155,120722.543832155,0,0.0,0.0,0.0,0.0
1639339200000,120722.543832155,120722.543832155,0,0.0,0.0,0.0,0.0
1639353600000,120722.543832155,120722.543832155,0,0.0,0.0,0.0,0.0
1639368000000,120722.543832155,120722.543832155,0,0.0,0.0,0.0,0.0
1639382400000,120722.543832155,120722.543832155,0,0.0,0.0,0.0,0.0
1639396800000,120722.543832155,120722.543832155,0,0.0,0.0,0.0,0.0
1639411200000,120722.543832155,120722.543832155,0,0.0,0.0,0.0,0.0
1639425600000,122779.74504980765,120722.543832155,2,157133.1522538241,4828.221052401852,4828.221052401852,157133.1522538241
1639440000000,121906.64573681293,120722.543832155,2,158006.25156681883,4828.221052401852,4828.221052401852,158006.25156681883
1639454400000,120939.14489705433,120678.0639635285,2,158929.27253795095,4828.221052401852,4828.221052401852,158929.27253795095
1639468800000,119223.42729583042,120678.0639635285,2,160644.99013917486,4828.221052401852,4828.221052401852,160644.99013917486
1639483200000,119026.85119623442,118705.87935022394,1,84749.62117537494,2414.4508766431,2414.4508766431,84749.62117537494
1639497600000,120061.84256272374,118705.87935022394,1,83714.6298088856,2414.4508766431,2414.4508766431,83714.6298088856
1639512000000,120863.96087175296,118705.87935022394,1,82912.51149985638,2414.4508766431,2414.4508766431,82912.51149985638
1639526400000,118412.32507238137,118705.87935022394,1,85364.14729922799,2414.4508766431,2414.4508766431,85364.14729922799
1639540800000,118329.84919786426,118705.87935022394,1,85446.6231737451,2414.4508766431,2414.4508766431,85446.6231737451
1639555200000,117718.55742203149,118705.87935022394,1,86057.91494957785,2414.4508766431,2414.4508766431,86057.91494957785
1639569600000,118561.1050813142,118705.87935022394,1,85215.36729029515,2414.4508766431,2414.4508766431,85215.36729029515
1639584000000,122487.60357793311,118705.87935022394,1,81288.86879367624,2414.4508766431,2414.4508766431,81288.86879367624
1639598400000,117821.27215049534,117821.27215049534,0,0.0,0.0,0.0,0.0
1639612800000,117821.27215049534,117821.27215049534,0,0.0,0.0,0.0,0.0
1639627200000,117821.27215049534,117821.27215049534,0,0.0,0.0,0.0,0.0
1639641600000,117821.27215049534,117821.27215049534,0,0.0,0.0,0.0,0.0
1639656000000,117821.27215049534,117821.27215049534,0,0.0,0.0,0.0,0.0
1639670400000,117821.27215049534,117821.27215049534,0,0.0,0.0,0.0,0.0
1639684800000,117821.27215049534,117821.27215049534,0,0.0,0.0,0.0,0.0
1639699200000,117821.27215049534,117821.27215049534,0,0.0,0.0,0.0,0.0
1639713600000,117821.27215049534,117821.27215049534,0,0.0,0.0,0.0,0.0
1639728000000,117821.27215049534,117821.27215049534,0,0.0,0.0,0.0,0.0
1639742400000,117821.27215049534,117821.27215049534,0,0.0,0.0,0.0,0.0
1639756800000,117821.27215049534,117821.27215049534,0,0.0,0.0,0.0,0.0
1639771200000,117821.27215049534,117821.27215049534,0,0.0,0.0,0.0,0.0
1639785600000,117821.27215049534,117821.27215049534,0,0.0,0.0,0.0,0.0
1639800000000,117821.27215049534,117821.27215049534,0,0.0,0.0,0.0,0.0
1639814400000,117821.27215049534,117821.27215049534,0,0.0,0.0,0.0,0.0
1639828800000,117821.27215049534,117821.27215049534,0,0.0,0.0,0.0,0.0
1639843200000,117821.27215049534,117821.27215049534,0,0.0,0.0,0.0,0.0
1639857600000,117821.27215049534,117821.27215049534,0,0.0,0.0,0.0,0.0
1639872000000,117821.27215049534,117821.27215049534,0,0.0,0.0,0.0,0.0
1639886400000,117821.27215049534,117821.27215049534,0,0.0,0.0,0.0,0.0
1639900800000,117821.27215049534,117821.27215049534,0,0.0,0.0,0.0,0.0
1639915200000,117821.27215049534,117821.27215049534,0,0.0,0.0,0.0,0.0
1639929600000,117821.27215049534,117821.27215049534,0,0.0,0.0,0.0,0.0
1639944000000,117821.27215049534,117821.27215049534,0,0.0,0.0,0.0,0.0
1639958400000,117821.27215049534,117821.27215049534,0,0.0,0.0,0.0,0.0
1639972800000,117821.27215049534,117821.27215049534,0,0.0,0.0,0.0,0.0
1639987200000,117821.27215049534,117821.27215049534,0,0.0,0.0,0.0,0.0
1640001600000,117821.27215049534,117821.27215049534,0,0.0,0.0,0.0,0.0
1640016000000,119342.1758339956,117821.27215049534,2,188230.44597330128,4711.954405485269,4711.954405485269,188230.44597330128
1640030400000,115472.88469485348,117822.80218813667,2,192101.26715008475,4711.954405485269,4711.954405485269,192101.26715008475
1640044800000,113071.95512183895,113071.95512183895,0,0.0,0.0,0.0,0.0
1640059200000,113071.95512183895,113071.95512183895,0,0.0,0.0,0.0,0.0
1640073600000,113071.95512183895,113071.95512183895,0,0.0,0.0,0.0,0.0
1640088000000,113071.95512183895,113071.95512183895,0,0.0,0.0,0.0,0.0
1640102400000,113071.95512183895,113071.95512183895,0,0.0,0.0,0.0,0.0
1640116800000,113071.95512183895,113071.95512183895,0,0.0,0.0,0.0,0.0
1640131200000,113071.95512183895,113071.95512183895,0,0.0,0.0,0.0,0.0
1640145600000,113071.95512183895,113071.95512183895,0,0.0,0.0,0.0,0.0
1640160000000,113071.95512183895,113071.95512183895,0,0.0,0.0,0.0,0.0
1640174400000,113071.95512183895,113071.95512183895,0,0.0,0.0,0.0,0.0
1640188800000,113071.95512183895,113071.95512183895,0,0.0,0.0,0.0,0.0
1640203200000,113071.95512183895,113071.95512183895,0,0.0,0.0,0.0,0.0
1640217600000,113071.95512183895,113071.95512183895,0,0.0,0.0,0.0,0.0
1640232000000,113071.95512183895,113071.95512183895,0,0.0,0.0,0.0,0.0
1640246400000,113071.95512183895,113071.95512183895,0,0.0,0.0,0.0,0.0
1640260800000,113071.95512183895,113071.95512183895,0,0.0,0.0,0.0,0.0
1640275200000,113071.95512183895,113071.95512183895,0,0.0,0.0,0.0,0.0
1640289600000,113071.95512183895,113071.95512183895,0,0.0,0.0,0.0,0.0
1640304000000,113071.95512183895,113071.95512183895,0,0.0,0.0,0.0,0.0
1640318400000,113071.95512183895,113071.95512183895,0,0.0,0.0,0.0,0.0
1640332800000,113071.95512183895,113071.95512183895,0,0.0,0.0,0.0,0.0
1640347200000,113071.95512183895,113071.95512183895,0,0.0,0.0,0.0,0.0
1640361600000,113071.95512183895,113071.95512183895,0,0.0,0.0,0.0,0.0
1640376000000,113071.95512183895,113071.95512183895,0,0.0,0.0,0.0,0.0
1640390400000,113071.95512183895,113071.95512183895,0,0.0,0.0,0.0,0.0
1640404800000,113071.95512183895,113071.95512183895,0,0.0,0.0,0.0,0.0
1640419200000,113071.95512183895,113071.95512183895,0,0.0,0.0,0.0,0.0
1640433600000,113071.95512183895,113071.95512183895,0,0.0,0.0,0.0,0.0
1640448000000,113071.95512183895,113071.95512183895,0,0.0,0.0,0.0,0.0
1640462400000,113071.95512183895,113071.95512183895,0,0.0,0.0,0.0,0.0
1640476800000,113071.95512183895,113071.95512183895,0,0.0,0.0,0.0,0.0
1640491200000,113071.95512183895,113071.95512183895,0,0.0,0.0,0.0,0.0
1640505600000,113071.95512183895,113071.95512183895,0,0.0,0.0,0.0,0.0
1640520000000,113071.95512183895,113071.95512183895,0,0.0,0.0,0.0,0.0
1640534400000,113071.95512183895,113071.95512183895,0,0.0,0.0,0.0,0.0
1640548800000,113071.95512183895,113071.95512183895,0,0.0,0.0,0.0,0.0
1640563200000,113071.95512183895,113071.95512183895,0,0.0,0.0,0.0,0.0
1640577600000,113071.95512183895,113071.95512183895,0,0.0,0.0,0.0,0.0
1640592000000,113071.95512183895,113071.95512183895,0,0.0,0.0,0.0,0.0
1640606400000,113071.95512183895,113071.95512183895,0,0.0,0.0,0.0,0.0
1640620800000,113071.95512183895,113071.95512183895,0,0.0,0.0,0.0,0.0
1640635200000,113071.95512183895,113071.95512183895,0,0.0,0.0,0.0,0.0
1640649600000,113071.95512183895,113071.95512183895,0,0.0,0.0,0.0,0.0
1640664000000,113071.95512183895,113071.95512183895,0,0.0,0.0,0.0,0.0
1640678400000,114633.36586546665,113071.95512183895,2,234433.83003033765,4521.70535484603,4521.70535484603,234433.83003033765
1640692800000,114347.84563701661,113084.17395884175,2,234731.5690957905,4521.70535484603,4521.70535484603,234731.5690957905
1640707200000,116820.60208628766,113084.17395884175,2,232258.81264651945,4521.70535484603,4521.70535484603,232258.81264651945
1640721600000,121907.2902810855,117598.08643339788,2,113688.41653929505,2260.852677423015,2260.852677423015,113688.41653929505
1640736000000,122924.05598477145,117598.08643339788,3,240586.32935432595,4698.945436487429,4698.945436487429,240586.32935432595
1640750400000,120563.82204364787,117619.44425055607,3,242967.92111260773,4698.945436487429,4698.945436487429,242967.92111260773
1640764800000,122432.22544405775,117619.44425055607,3,241099.51771219785,4698.945436487429,4698.945436487429,241099.51771219785
1640779200000,122628.90325317429,117643.55581175796,3,240926.95146428322,4698.945436487429,4698.945436487429,240926.95146428322
1640793600000,122106.11437056394,117643.55581175796,3,241449.74034689355,4698.945436487429,4698.945436487429,241449.74034689355
1640808000000,125775.15477629719,117665.49571005636,3,237802.6398394587,4698.945436487429,4698.945436487429,237802.6398394587
1640822400000,130370.86601269977,117665.49571005636,3,233206.92860305612,4698.945436487429,4698.945436487429,233206.92860305612
1640836800000,129675.14517678486,117688.30126588399,3,233925.45499479867,4698.945436487429,4698.945436487429,233925.45499479867
1640851200000,126290.16942052424,117688.30126588399,3,237310.4307510593,4698.945436487429,4698.945436487429,237310.4307510593
1640865600000,123939.53943212275,123472.24923513008,1,127447.38832172418,2438.0927590644137,2438.0927590644137,127447.38832172418
1640880000000,124875.32918247436,123472.24923513008,1,126511.59857137257,2438.0927590644137,2438.0927590644137,126511.59857137257
1640894400000,123382.68792158773,123382.68792158773,0,0.0,0.0,0.0,0.0
1640908800000,123382.68792158773,123382.68792158773,0,0.0,0.0,0.0,0.0
1640923200000,123382.68792158773,123382.68792158773,0,0.0,0.0,0.0,0.0
1640937600000,123382.68792158773,123382.68792158773,0,0.0,0.0,0.0,0.0
1640952000000,123382.68792158773,123382.68792158773,0,0.0,0.0,0.0,0.0
1640966400000,123382.68792158773,123382.68792158773,0,0.0,0.0,0.0,0.0
1640980800000,123382.68792158773,123382.68792158773,0,0.0,0.0,0.0,0.0
1640995200000,123382.68792158773,123382.68792158773,0,0.0,0.0,0.0,0.0
1641009600000,123382.68792158773,123382.68792158773,0,0.0,0.0,0.0,0.0
1641024000000,123382.68792158773,123382.68792158773,0,0.0,0.0,0.0,0.0
1641038400000,123382.68792158773,123382.68792158773,0,0.0,0.0,0.0,0.0
1641052800000,123382.68792158773,123382.68792158773,0,0.0,0.0,0.0,0.0
1641067200000,123382.68792158773,123382.68792158773,0,0.0,0.0,0.0,0.0
1641081600000,123382.68792158773,123382.68792158773,0,0.0,0.0,0.0,0.0
1641096000000,123382.68792158773,123382.68792158773,0,0.0,0.0,0.0,0.0
1641110400000,123382.68792158773,123382.68792158773,0,0.0,0.0,0.0,0.0
1641124800000,123382.68792158773,123382.68792158773,0,0.0,0.0,0.0,0.0
1641139200000,123382.68792158773,123382.68792158773,0,0.0,0.0,0.0,0.0
1641153600000,123382.68792158773,123382.68792158773,0,0.0,0.0,0.0,0.0
1641168000000,123382.68792158773,123382.68792158773,0,0.0,0.0,0.0,0.0
1641182400000,123382.68792158773,123382.68792158773,0,0.0,0.0,0.0,0.0
1641196800000,123382.68792158773,123382.68792158773,0,0.0,0.0,0.0,0.0
1641211200000,123382.68792158773,123382.68792158773,0,0.0,0.0,0.0,0.0
1641225600000,123382.68792158773,123382.68792158773,0,0.0,0.0,0.0,0.0
1641240000000,123382.68792158773,123382.68792158773,0,0.0,0.0,0.0,0.0
1641254400000,123382.68792158773,123382.68792158773,0,0.0,0.0,0.0,0.0
1641268800000,123382.68792158773,123382.68792158773,0,0.0,0.0,0.0,0.0
1641283200000,123382.68792158773,123382.68792158773,0,0.0,0.0,0.0,0.0
1641297600000,123382.68792158773,123382.68792158773,0,0.0,0.0,0.0,0.0
1641312000000,123382.68792158773,123382.68792158773,0,0.0,0.0,0.0,0.0
1641326400000,123382.68792158773,123382.68792158773,0,0.0,0.0,0.0,0.0
1641340800000,124030.28427226668,123382.68792158773,1,137760.04096761707,2467.653758431755,2467.653758431755,137760.04096761707
1641355200000,120415.52697411072,123396.46518425003,2,271784.1365331367,4948.535590263922,4948.535590263922,271784.1365331367
1641369600000,120491.40379480908,123396.46518425003,2,271708.25971243845,4948.535590263922,4948.535590263922,271708.25971243845
1641384000000,118420.34738653064,118420.34738653064,0,0.0,0.0,0.0,0.0
1641398400000,118420.34738653064,118420.34738653064,0,0.0,0.0,0.0,0.0
1641412800000,118420.34738653064,118420.34738653064,0,0.0,0.0,0.0,0.0
1641427200000,126919.44115823806,123133.46067373424,2,114703.28200038595,2367.931983453593,2367.931983453593,114703.28200038595
1641441600000,130132.21924810462,125035.91850373734,2,139483.68165178885,3722.525824318914,3722.525824318914,139483.68165178885
1641456000000,127952.5218429275,125035.91850373734,3,191773.11730791442,5205.139268640889,5205.139268640889,191773.11730791442
1641470400000,131812.7282292331,125050.51973342986,3,187927.51215130134,5205.139268640889,5205.139268640889,187927.51215130134
1641484800000,128216.00138038058,125050.51973342986,3,191524.23900015384,5205.139268640889,5205.139268640889,191524.23900015384
1641499200000,125816.42306900502,123573.6162914499,2,142337.175618601,3722.525824318914,3722.525824318914,142337.175618601
1641513600000,125430.87104091726,121397.4354235316,1,55325.22490314832,1184.2034738653065,1184.2034738653065,55325.22490314832
1641528000000,128138.40253497768,121398.50618575294,1,52618.76417130924,1184.2034738653065,1184.2034738653065,52618.76417130924
1641542400000,128724.38256493935,121398.50618575294,1,52032.784141347554,1184.2034738653065,1184.2034738653065,52032.784141347554
1641556800000,128354.36969079556,121403.70903240268,1,52407.9998621411,1184.2034738653065,1184.2034738653065,52407.9998621411
1641571200000,129899.10795058915,121403.70903240268,1,50863.261602347506,1184.2034738653065,1184.2034738653065,50863.261602347506
1641585600000,128832.66324764326,121408.79852734011,1,51934.79580023084,1184.2034738653065,1184.2034738653065,51934.79580023084
1641600000000,128822.58816116028,121408.79852734011,1,51944.87088671382,1184.2034738653065,1184.2034738653065,51944.87088671382
1641614400000,128725.89427365494,121413.99301442878,1,52046.75926130782,1184.2034738653065,1184.2034738653065,52046.75926130782
1641628800000,128523.41753562602,121413.99301442878,1,52249.23599933673,1184.2034738653065,1184.2034738653065,52249.23599933673
1641643200000,128104.78241380172,128104.78241380172,0,0.0,0.0,0.0,0.0
1641657600000,128104.78241380172,128104.78241380172,0,0.0,0.0,0.0,0.0
1641672000000,128104.78241380172,128104.78241380172,0,0.0,0.0,0.0,0.0
1641686400000,128104.78241380172,128104.78241380172,0,0.0,0.0,0.0,0.0
1641700800000,128104.78241380172,128104.78241380172,0,0.0,0.0,0.0,0.0
1641715200000,128104.78241380172,128104.78241380172,0,0.0,0.0,0.0,0.0
1641729600000,128104.78241380172,128104.78241380172,0,0.0,0.0,0.0,0.0
1641744000000,128104.78241380172,128104.78241380172,0,0.0,0.0,0.0,0.0
1641758400000,128104.78241380172,128104.78241380172,0,0.0,0.0,0.0,0.0
1641772800000,128104.78241380172,128104.78241380172,0,0.0,0.0,0.0,0.0
1641787200000,128104.78241380172,128104.78241380172,0,0.0,0.0,0.0,0.0
1641801600000,128104.78241380172,128104.78241380172,0,0.0,0.0,0.0,0.0
1641816000000,128104.78241380172,128104.78241380172,0,0.0,0.0,0.0,0.0
1641830400000,128104.78241380172,128104.78241380172,0,0.0,0.0,0.0,0.0
1641844800000,128104.78241380172,128104.78241380172,0,0.0,0.0,0.0,0.0
1641859200000,128104.78241380172,128104.78241380172,0,0.0,0.0,0.0,0.0
1641873600000,128104.78241380172,128104.78241380172,0,0.0,0.0,0.0,0.0
1641888000000,128104.78241380172,128104.78241380172,0,0.0,0.0,0.0,0.0
1641902400000,128104.78241380172,128104.78241380172,0,0.0,0.0,0.0,0.0
1641916800000,128104.78241380172,128104.78241380172,0,0.0,0.0,0.0,0.0
1641931200000,128104.78241380172,128104.78241380172,0,0.0,0.0,0.0,0.0
1641945600000,128104.78241380172,128104.78241380172,0,0.0,0.0,0.0,0.0
1641960000000,128104.78241380172,128104.78241380172,0,0.0,0.0,0.0,0.0
1641974400000,128104.78241380172,128104.78241380172,0,0.0,0.0,0.0,0.0
1641988800000,128104.78241380172,128104.78241380172,0,0.0,0.0,0.0,0.0
1642003200000,128104.78241380172,128104.78241380172,0,0.0,0.0,0.0,0.0
1642017600000,128104.78241380172,128104.78241380172,0,0.0,0.0,0.0,0.0
1642032000000,128104.78241380172,128104.78241380172,0,0.0,0.0,0.0,0.0
1642046400000,128104.78241380172,128104.78241380172,0,0.0,0.0,0.0,0.0
1642060800000,128104.78241380172,128104.78241380172,0,0.0,0.0,0.0,0.0
1642075200000,128104.78241380172,128104.78241380172,0,0.0,0.0,0.0,0.0
1642089600000,128104.78241380172,128104.78241380172,0,0.0,0.0,0.0,0.0
1642104000000,128104.78241380172,128104.78241380172,0,0.0,0.0,0.0,0.0
1642118400000,128104.78241380172,128104.78241380172,0,0.0,0.0,0.0,0.0
1642132800000,128104.78241380172,128104.78241380172,0,0.0,0.0,0.0,0.0
1642147200000,128104.78241380172,128104.78241380172,0,0.0,0.0,0.0,0.0
1642161600000,128104.78241380172,128104.78241380172,0,0.0,0.0,0.0,0.0
1642176000000,128104.78241380172,128104.78241380172,0,0.0,0.0,0.0,0.0
1642190400000,128104.78241380172,128104.78241380172,0,0.0,0.0,0.0,0.0
1642204800000,128104.78241380172,128104.78241380172,0,0.0,0.0,0.0,0.0
1642219200000,128104.78241380172,128104.78241380172,0,0.0,0.0,0.0,0.0
1642233600000,128104.78241380172,128104.78241380172,0,0.0,0.0,0.0,0.0
1642248000000,128104.78241380172,128104.78241380172,0,0.0,0.0,0.0,0.0
1642262400000,128104.78241380172,128104.78241380172,0,0.0,0.0,0.0,0.0
1642276800000,128104.78241380172,128104.78241380172,0,0.0,0.0,0.0,0.0
1642291200000,128104.78241380172,128104.78241380172,0,0.0,0.0,0.0,0.0
1642305600000,128104.78241380172,128104.78241380172,0,0.0,0.0,0.0,0.0
1642320000000,128104.78241380172,128104.78241380172,0,0.0,0.0,0.0,0.0
1642334400000,128104.78241380172,128104.78241380172,0,0.0,0.0,0.0,0.0
1642348800000,128104.78241380172,128104.78241380172,0,0.0,0.0,0.0,0.0
1642363200000,128104.78241380172,128104.78241380172,0,0.0,0.0,0.0,0.0
1642377600000,128104.78241380172,128104.78241380172,0,0.0,0.0,0.0,0.0
1642392000000,128104.78241380172,128104.78241380172,0,0.0,0.0,0.0,0.0
1642406400000,128104.78241380172,128104.78241380172,0,0.0,0.0,0.0,0.0
1642420800000,128104.78241380172,128104.78241380172,0,0.0,0.0,0.0,0.0
1642435200000,128104.78241380172,128104.78241380172,0,0.0,0.0,0.0,0.0
1642449600000,127139.83027562991,128104.78241380172,1,148727.59787642123,2562.0956482760344,2562.0956482760344,148727.59787642123
1642464000000,127562.91883182386,128104.78241380172,2,247424.38780135105,5086.372705772977,5086.372705772977,247424.38780135105
1642478400000,128865.05835072228,128129.5281494549,2,246146.99401810582,5086.372705772977,5086.372705772977,246146.99401810582
1642492800000,128271.42544065783,128129.5281494549,2,246740.62692817027,5086.372705772977,5086.372705772977,246740.62692817027
1642507200000,131954.8376965831,128154.20310638391,2,243081.889629174,5086.372705772977,5086.372705772977,243081.889629174
1642521600000,133398.8452474871,128154.20310638391,2,241637.88207827002,5086.372705772977,5086.372705772977,241637.88207827002
1642536000000,132179.2997292868,128178.36961653492,2,242881.5941066213,5086.372705772977,5086.372705772977,242881.5941066213
1642550400000,128756.80180734476,127227.3707526206,1,146233.2146835253,2562.0956482760344,2562.0956482760344,146233.2146835253
1642564800000,130642.21406337693,127241.99561398082,1,144362.42728885333,2562.0956482760344,2562.0956482760344,144362.42728885333
1642579200000,132717.64086926423,129789.82741681268,1,70953.50941667319,1281.0478241380172,1281.0478241380172,70953.50941667319
1642593600000,131793.21604548444,129791.05260602164,1,71879.15942966192,1281.0478241380172,1281.0478241380172,71879.15942966192
1642608000000,131754.24130809543,129791.05260602164,1,71918.13416705091,1281.0478241380172,1281.0478241380172,71918.13416705091
1642622400000,131546.90614473342,129798.0784982991,1,72132.49522269041,1281.0478241380172,1281.0478241380172,72132.49522269041
1642636800000,131780.75456906742,129798.0784982991,1,71898.64679835642,1281.0478241380172,1281.0478241380172,71898.64679835642
1642651200000,131281.27189670666,129805.26741199534,1,72405.3183844134,1281.0478241380172,1281.0478241380172,72405.3183844134
1642665600000,131057.16715671991,129805.26741199534,1,72629.42312440014,1281.0478241380172,1281.0478241380172,72629.42312440014
1642680000000,131376.22799814434,129812.53035430779,1,72317.62522528815,1281.0478241380172,1281.0478241380172,72317.62522528815
1642694400000,130822.95881794994,130822.95881794994,0,0.0,0.0,0.0,0.0
1642708800000,130822.95881794994,130822.95881794994,0,0.0,0.0,0.0,0.0
1642723200000,130822.95881794994,130822.95881794994,0,0.0,0.0,0.0,0.0
1642737600000,130822.95881794994,130822.95881794994,0,0.0,0.0,0.0,0.0
1642752000000,129206.54641897825,130822.95881794994,1,70765.47835448927,2616.459176358999,2616.459176358999,70765.47835448927
1642766400000,130050.74804298901,130815.84780964613,1,69914.16572217469,2616.459176358999,2616.459176358999,69914.16572217469
1642780800000,131344.85440571315,130815.84780964613,1,68620.05935945055,2616.459176358999,2616.459176358999,68620.05935945055
1642795200000,133064.53149015797,130822.70981558207,1,66907.24428094168,2616.459176358999,2616.459176358999,66907.24428094168
1642809600000,137425.3630351164,133432.77737718078,1,30581.947319823168,1308.2295881794994,1308.2295881794994,30581.947319823168
1642824000000,137233.42619477768,133435.83652063122,1,30776.943303612305,1308.2295881794994,1308.2295881794994,30776.943303612305
1642838400000,140720.19523507377,133435.83652063122,1,27290.174263316236,1308.2295881794994,1308.2295881794994,27290.174263316236
1642852800000,140777.58442140714,133438.57125070065,1,27235.519807052297,1308.2295881794994,1308.2295881794994,27235.519807052297
1642867200000,139966.6571332492,139966.6571332492,0,0.0,0.0,0.0,0.0
1642881600000,139966.6571332492,139966.6571332492,0,0.0,0.0,0.0,0.0
1642896000000,139966.6571332492,139966.6571332492,0,0.0,0.0,0.0,0.0
1642910400000,139966.6571332492,139966.6571332492,0,0.0,0.0,0.0,0.0
1642924800000,139966.6571332492,139966.6571332492,0,0.0,0.0,0.0,0.0
1642939200000,139966.6571332492,139966.6571332492,0,0.0,0.0,0.0,0.0
1642953600000,139966.6571332492,139966.6571332492,0,0.0,0.0,0.0,0.0
1642968000000,139966.6571332492,139966.6571332492,0,0.0,0.0,0.0,0.0
1642982400000,139966.6571332492,139966.6571332492,0,0.0,0.0,0.0,0.0
1642996800000,139966.6571332492,139966.6571332492,0,0.0,0.0,0.0,0.0
1643011200000,139966.6571332492,139966.6571332492,0,0.0,0.0,0.0,0.0
1643025600000,139966.6571332492,139966.6571332492,0,0.0,0.0,0.0,0.0
1643040000000,139966.6571332492,139966.6571332492,0,0.0,0.0,0.0,0.0
1643054400000,139966.6571332492,139966.6571332492,0,0.0,0.0,0.0,0.0
1643068800000,139966.6571332492,139966.6571332492,0,0.0,0.0,0.0,0.0
1643083200000,139966.6571332492,139966.6571332492,0,0.0,0.0,0.0,0.0
1643097600000,139966.6571332492,139966.6571332492,0,0.0,0.0,0.0,0.0
1643112000000,139966.6571332492,139966.6571332492,0,0.0,0.0,0.0,0.0
1643126400000,139966.6571332492,139966.6571332492,0,0.0,0.0,0.0,0.0
1643140800000,139966.6571332492,139966.6571332492,0,0.0,0.0,0.0,0.0
1643155200000,139966.6571332492,139966.6571332492,0,0.0,0.0,0.0,0.0
1643169600000,139966.6571332492,139966.6571332492,0,0.0,0.0,0.0,0.0
1643184000000,139966.6571332492,139966.6571332492,0,0.0,0.0,0.0,0.0
1643198400000,139966.6571332492,139966.6571332492,0,0.0,0.0,0.0,0.0
1643212800000,139966.6571332492,139966.6571332492,0,0.0,0.0,0.0,0.0
1643227200000,139966.6571332492,139966.6571332492,0,0.0,0.0,0.0,0.0
1643241600000,139966.6571332492,139966.6571332492,0,0.0,0.0,0.0,0.0
1643256000000,139966.6571332492,139966.6571332492,0,0.0,0.0,0.0,0.0
1643270400000,139966.6571332492,139966.6571332492,0,0.0,0.0,0.0,0.0
1643284800000,139966.6571332492,139966.6571332492,0,0.0,0.0,0.0,0.0
1643299200000,139966.6571332492,139966.6571332492,0,0.0,0.0,0.0,0.0
1643313600000,139966.6571332492,139966.6571332492,0,0.0,0.0,0.0,0.0
1643328000000,139966.6571332492,139966.6571332492,0,0.0,0.0,0.0,0.0
1643342400000,139966.6571332492,139966.6571332492,0,0.0,0.0,0.0,0.0
1643356800000,139966.6571332492,139966.6571332492,0,0.0,0.0,0.0,0.0
1643371200000,139966.6571332492,139966.6571332492,0,0.0,0.0,0.0,0.0
1643385600000,139966.6571332492,139966.6571332492,0,0.0,0.0,0.0,0.0
1643400000000,139966.6571332492,139966.6571332492,0,0.0,0.0,0.0,0.0
1643414400000,139966.6571332492,139966.6571332492,0,0.0,0.0,0.0,0.0
1643428800000,139966.6571332492,139966.6571332492,0,0.0,0.0,0.0,0.0
1643443200000,139966.6571332492,139966.6571332492,0,0.0,0.0,0.0,0.0
1643457600000,139966.6571332492,139966.6571332492,0,0.0,0.0,0.0,0.0
1643472000000,139966.6571332492,139966.6571332492,0,0.0,0.0,0.0,0.0
1643486400000,139966.6571332492,139966.6571332492,0,0.0,0.0,0.0,0.0
1643500800000,139966.6571332492,139966.6571332492,0,0.0,0.0,0.0,0.0
1643515200000,139966.6571332492,139966.6571332492,0,0.0,0.0,0.0,0.0
1643529600000,139966.6571332492,139966.6571332492,0,0.0,0.0,0.0,0.0
1643544000000,139966.6571332492,139966.6571332492,0,0.0,0.0,0.0,0.0
1643558400000,139966.6571332492,139966.6571332492,0,0.0,0.0,0.0,0.0
1643572800000,139966.6571332492,139966.6571332492,0,0.0,0.0,0.0,0.0
1643587200000,139966.6571332492,139966.6571332492,0,0.0,0.0,0.0,0.0
1643601600000,139966.6571332492,139966.6571332492,0,0.0,0.0,0.0,0.0
1643616000000,140406.01843208107,139966.6571332492,1,109157.54328060271,2799.333142664984,2799.333142664984,109157.54328060271
1643630400000,139482.2038514135,139949.50630004893,1,110064.20702807001,2799.333142664984,2799.333142664984,110064.20702807001
1643644800000,138146.06780251433,139949.50630004893,1,111400.34307696918,2799.333142664984,2799.333142664984,111400.34307696918
1643659200000,137112.23321410123,137112.23321410123,0,0.0,0.0,0.0,0.0
1643673600000,137112.23321410123,137112.23321410123,0,0.0,0.0,0.0,0.0
1643688000000,137112.23321410123,137112.23321410123,0,0.0,0.0,0.0,0.0
1643702400000,137112.23321410123,137112.23321410123,0,0.0,0.0,0.0,0.0
1643716800000,137112.23321410123,137112.23321410123,0,0.0,0.0,0.0,0.0
1643731200000,137112.23321410123,137112.23321410123,0,0.0,0.0,0.0,0.0
1643745600000,137112.23321410123,137112.23321410123,0,0.0,0.0,0.0,0.0
1643760000000,137112.23321410123,137112.23321410123,0,0.0,0.0,0.0,0.0
1643774400000,137112.23321410123,137112.23321410123,0,0.0,0.0,0.0,0.0
1643788800000,137112.23321410123,137112.23321410123,0,0.0,0.0,0.0,0.0
1643803200000,137112.23321410123,137112.23321410123,0,0.0,0.0,0.0,0.0
1643817600000,137112.23321410123,137112.23321410123,0,0.0,0.0,0.0,0.0
1643832000000,137112.23321410123,137112.23321410123,0,0.0,0.0,0.0,0.0
1643846400000,137112.23321410123,137112.23321410123,0,0.0,0.0,0.0,0.0
1643860800000,137112.23321410123,137112.23321410123,0,0.0,0.0,0.0,0.0
1643875200000,137112.23321410123,137112.23321410123,0,0.0,0.0,0.0,0.0
1643889600000,137112.23321410123,137112.23321410123,0,0.0,0.0,0.0,0.0
1643904000000,137112.23321410123,137112.23321410123,0,0.0,0.0,0.0,0.0
1643918400000,137112.23321410123,137112.23321410123,0,0.0,0.0,0.0,0.0
1643932800000,137112.23321410123,137112.23321410123,0,0.0,0.0,0.0,0.0
1643947200000,137112.23321410123,137112.23321410123,0,0.0,0.0,0.0,0.0
1643961600000,137112.23321410123,137112.23321410123,0,0.0,0.0,0.0,0.0
1643976000000,137112.23321410123,137112.23321410123,0,0.0,0.0,0.0,0.0
1643990400000,137112.23321410123,137112.23321410123,0,0.0,0.0,0.0,0.0
1644004800000,137112.23321410123,137112.23321410123,0,0.0,0.0,0.0,0.0
1644019200000,137112.23321410123,137112.23321410123,0,0.0,0.0,0.0,0.0
1644033600000,137112.23321410123,137112.23321410123,0,0.0,0.0,0.0,0.0
1644048000000,137112.23321410123,137112.23321410123,0,0.0,0.0,0.0,0.0
1644062400000,137112.23321410123,137112.23321410123,0,0.0,0.0,0.0,0.0
1644076800000,137112.23321410123,137112.23321410123,0,0.0,0.0,0.0,0.0
1644091200000,137112.23321410123,137112.23321410123,0,0.0,0.0,0.0,0.0
1644105600000,137112.23321410123,137112.23321410123,0,0.0,0.0,0.0,0.0
1644120000000,137112.23321410123,137112.23321410123,0,0.0,0.0,0.0,0.0
1644134400000,137112.23321410123,137112.23321410123,0,0.0,0.0,0.0,0.0
1644148800000,137112.23321410123,137112.23321410123,0,0.0,0.0,0.0,0.0
1644163200000,137112.23321410123,137112.23321410123,0,0.0,0.0,0.0,0.0
1644177600000,137112.23321410123,137112.23321410123,0,0.0,0.0,0.0,0.0
1644192000000,137112.23321410123,137112.23321410123,0,0.0,0.0,0.0,0.0
1644206400000,137112.23321410123,137112.23321410123,0,0.0,0.0,0.0,0.0
1644220800000,137112.23321410123,137112.23321410123,0,0.0,0.0,0.0,0.0
1644235200000,137112.23321410123,137112.23321410123,0,0.0,0.0,0.0,0.0
1644249600000,137112.23321410123,137112.23321410123,0,0.0,0.0,0.0,0.0
1644264000000,137112.23321410123,137112.23321410123,0,0.0,0.0,0.0,0.0
1644278400000,137112.23321410123,137112.23321410123,0,0.0,0.0,0.0,0.0
1644292800000,137112.23321410123,137112.23321410123,0,0.0,0.0,0.0,0.0
1644307200000,137112.23321410123,137112.23321410123,0,0.0,0.0,0.0,0.0
1644321600000,137112.23321410123,137112.23321410123,0,0.0,0.0,0.0,0.0
1644336000000,137112.23321410123,137112.23321410123,0,0.0,0.0,0.0,0.0
1644350400000,137112.23321410123,137112.23321410123,0,0.0,0.0,0.0,0.0
1644364800000,137112.23321410123,137112.23321410123,0,0.0,0.0,0.0,0.0
1644379200000,137112.23321410123,137112.23321410123,0,0.0,0.0,0.0,0.0
1644393600000,137112.23321410123,137112.23321410123,0,0.0,0.0,0.0,0.0
1644408000000,137112.23321410123,137112.23321410123,0,0.0,0.0,0.0,0.0
1644422400000,137112.23321410123,137112.23321410123,0,0.0,0.0,0.0,0.0
1644436800000,137112.23321410123,137112.23321410123,0,0.0,0.0,0.0,0.0
1644451200000,137112.23321410123,137112.23321410123,0,0.0,0.0,0.0,0.0
1644465600000,137112.23321410123,137112.23321410123,0,0.0,0.0,0.0,0.0
1644480000000,137112.23321410123,137112.23321410123,0,0.0,0.0,0.0,0.0
1644494400000,137112.23321410123,137112.23321410123,0,0.0,0.0,0.0,0.0
1644508800000,137112.23321410123,137112.23321410123,0,0.0,0.0,0.0,0.0
1644523200000,137112.23321410123,137112.23321410123,0,0.0,0.0,0.0,0.0
1644537600000,137112.23321410123,137112.23321410123,0,0.0,0.0,0.0,0.0
1644552000000,137553.18338445263,137112.23321410123,1,41115.9028142313,1371.1223321410123,1371.1223321410123,41115.9028142313
1644566400000,137113.42839684593,137112.23321410123,1,41555.65780183798,1371.1223321410123,1371.1223321410123,41555.65780183798
1644580800000,136902.5372484831,137115.27692457408,1,41769.59266067366,1371.1223321410123,1371.1223321410123,41769.59266067366
1644595200000,136622.04487800965,137115.27692457408,1,42050.08503114712,1371.1223321410123,1371.1223321410123,42050.08503114712
1644609600000,138759.67797239014,137115.9384845848,1,39913.11349677735,1371.1223321410123,1371.1223321410123,39913.11349677735
1644624000000,140020.54234990245,138483.17935589378,1,19241.063498282663,685.5611660705061,685.5611660705061,19241.063498282663
1644638400000,140099.7211473053,138485.10389871706,1,19163.809243703112,685.5611660705061,685.5611660705061,19163.809243703112
1644652800000,140375.4594098046,138485.10389871706,1,18888.070981203786,685.5611660705061,685.5611660705061,18888.070981203786
1644667200000,140124.19234395088,138486.99308248554,1,19141.227230826014,685.5611660705061,685.5611660705061,19141.227230826014
1644681600000,140430.83230828203,138486.99308248554,1,18834.587266494866,685.5611660705061,685.5611660705061,18834.587266494866
1644696000000,140006.03457633083,138488.8765412122,1,19261.2684571727,685.5611660705061,685.5611660705061,19261.2684571727
1644710400000,140311.48601366844,138488.8765412122,1,18955.817019835085,685.5611660705061,685.5611660705061,18955.817019835085
1644724800000,140319.62448762724,138489.8838532098,1,18948.685857873897,685.5611660705061,685.5611660705061,18948.685857873897
1644739200000,140060.52560303736,138489.8838532098,1,19207.784742463784,685.5611660705061,685.5611660705061,19207.784742463784
1644753600000,139999.2317471801,138490.3934010162,1,19269.588146127422,685.5611660705061,685.5611660705061,19269.588146127422
1644768000000,140189.39606614516,138490.3934010162,1,19079.423827162373,685.5611660705061,685.5611660705061,19079.423827162373
1644782400000,140679.19551066577,138490.5197242018,1,18589.750705827362,685.5611660705061,685.5611660705061,18589.750705827362
1644796800000,140726.73659040703,138490.5197242018,1,18542.2096260861,685.5611660705061,685.5611660705061,18542.2096260861
1644811200000,141031.8474359973,138491.36765944798,1,18237.946715742015,685.5611660705061,685.5611660705061,18237.946715742015
1644825600000,140681.2319729055,138491.36765944798,1,18588.562178833832,685.5611660705061,685.5611660705061,18588.562178833832
1644840000000,140805.48963070282,138493.20703691157,1,18466.14389850008,685.5611660705061,685.5611660705061,18466.14389850008
1644854400000,140500.0381933652,138493.20703691157,1,18771.595335837694,685.5611660705061,685.5611660705061,18771.595335837694
1644868800000,141062.65790151988,138494.84200411933,1,18210.61059489079,685.5611660705061,685.5611660705061,18210.61059489079
1644883200000,140380.44340723276,138494.84200411933,1,18892.825089177913,685.5611660705061,685.5611660705061,18892.825089177913
1644897600000,140066.1156877528,140066.1156877528,0,0.0,0.0,0.0,0.0
1644912000000,140066.1156877528,140066.1156877528,0,0.0,0.0,0.0,0.0
1644926400000,140066.1156877528,140066.1156877528,0,0.0,0.0,0.0,0.0
1644940800000,140066.1156877528,140066.1156877528,0,0.0,0.0,0.0,0.0
1644955200000,140066.1156877528,140066.1156877528,0,0.0,0.0,0.0,0.0
1644969600000,140066.1156877528,140066.1156877528,0,0.0,0.0,0.0,0.0
1644984000000,140066.1156877528,140066.1156877528,0,0.0,0.0,0.0,0.0
1644998400000,140066.1156877528,140066.1156877528,0,0.0,0.0,0.0,0.0
1645012800000,140066.1156877528,140066.1156877528,0,0.0,0.0,0.0,0.0
1645027200000,140066.1156877528,140066.1156877528,0,0.0,0.0,0.0,0.0
1645041600000,140066.1156877528,140066.1156877528,0,0.0,0.0,0.0,0.0
1645056000000,140066.1156877528,140066.1156877528,0,0.0,0.0,0.0,0.0
1645070400000,140066.1156877528,140066.1156877528,0,0.0,0.0,0.0,0.0
1645084800000,140066.1156877528,140066.1156877528,0,0.0,0.0,0.0,0.0
1645099200000,140066.1156877528,140066.1156877528,0,0.0,0.0,0.0,0.0
1645113600000,140066.1156877528,140066.1156877528,0,0.0,0.0,0.0,0.0
1645128000000,140066.1156877528,140066.1156877528,0,0.0,0.0,0.0,0.0
1645142400000,140066.1156877528,140066.1156877528,0,0.0,0.0,0.0,0.0
1645156800000,139943.2847660073,140066.1156877528,1,53301.868059627566,1400.6611568775281,1400.6611568775281,53301.868059627566
1645171200000,139771.59549843418,140066.1156877528,1,53473.55732720067,1400.6611568775281,1400.6611568775281,53473.55732720067
1645185600000,139892.53562837455,140071.46304348554,1,53357.964552993035,1400.6611568775281,1400.6611568775281,53357.964552993035
1645200000000,140650.68823567757,140071.46304348554,1,52599.81194569,1400.6611568775281,1400.6611568775281,52599.81194569
1645214400000,140084.9839351123,140073.52325152836,1,53167.5764542981,1400.6611568775281,1400.6611568775281,53167.5764542981
1645228800000,140576.25322549476,140073.52325152836,1,52676.30716391565,1400.6611568775281,1400.6611568775281,52676.30716391565
1645243200000,140213.6732979502,140074.7205839902,1,53040.08442392203,1400.6611568775281,1400.6611568775281,53040.08442392203
1645257600000,139832.89710056034,140074.7205839902,1,53420.8606213119,1400.6611568775281,1400.6611568775281,53420.8606213119
1645272000000,140806.51324861022,140075.99751370525,1,52448.52140297707,1400.6611568775281,1400.6611568775281,52448.52140297707
1645286400000,140407.03822009853,140075.99751370525,1,52847.996431488755,1400.6611568775281,1400.6611568775281,52847.996431488755
1645300800000,140884.60470267612,140079.29364328386,1,52373.72607848977,1400.6611568775281,1400.6611568775281,52373.72607848977
1645315200000,140281.14242556275,140079.29364328386,1,52977.18835560317,1400.6611568775281,1400.6611568775281,52977.18835560317
1645329600000,140918.80350488296,140084.59425193878,1,52344.82788493786,1400.6611568775281,1400.6611568775281,52344.82788493786
1645344000000,142035.63369097732,140084.59425193878,1,51227.99769884349,1400.6611568775281,1400.6611568775281,51227.99769884349
1645358400000,142020.67311562228,140086.6326139672,1,51244.996636226955,1400.6611568775281,1400.6611568775281,51244.996636226955
1645372800000,142205.96153310218,140086.6326139672,1,51059.70821874707,1400.6611568775281,1400.6611568775281,51059.70821874707
1645387200000,142100.57706131483,140091.74123517246,1,51170.201311739664,1400.6611568775281,1400.6611568775281,51170.201311739664
1645401600000,141847.29289430106,140091.74123517246,1,51423.48547875346,1400.6611568775281,1400.6611568775281,51423.48547875346
1645416000000,140540.1771074054,140540.1771074054,0,0.0,0.0,0.0,0.0
1645430400000,140540.1771074054,140540.1771074054,0,0.0,0.0,0.0,0.0
1645444800000,140540.1771074054,140540.1771074054,0,0.0,0.0,0.0,0.0
1645459200000,140540.1771074054,140540.1771074054,0,0.0,0.0,0.0,0.0
1645473600000,140540.1771074054,140540.1771074054,0,0.0,0.0,0.0,0.0
1645488000000,140540.1771074054,140540.1771074054,0,0.0,0.0,0.0,0.0
1645502400000,140540.1771074054,140540.1771074054,0,0.0,0.0,0.0,0.0
1645516800000,140540.1771074054,140540.1771074054,0,0.0,0.0,0.0,0.0
1645531200000,140540.1771074054,140540.1771074054,0,0.0,0.0,0.0,0.0
1645545600000,140540.1771074054,140540.1771074054,0,0.0,0.0,0.0,0.0
1645560000000,140540.1771074054,140540.1771074054,0,0.0,0.0,0.0,0.0
1645574400000,140540.1771074054,140540.1771074054,0,0.0,0.0,0.0,0.0
1645588800000,140540.1771074054,140540.1771074054,0,0.0,0.0,0.0,0.0
1645603200000,140540.1771074054,140540.1771074054,0,0.0,0.0,0.0,0.0
1645617600000,140540.1771074054,140540.1771074054,0,0.0,0.0,0.0,0.0
1645632000000,140540.1771074054,140540.1771074054,0,0.0,0.0,0.0,0.0
1645646400000,140540.1771074054,140540.1771074054,0,0.0,0.0,0.0,0.0
1645660800000,140540.1771074054,140540.1771074054,0,0.0,0.0,0.0,0.0
1645675200000,140540.1771074054,140540.1771074054,0,0.0,0.0,0.0,0.0
1645689600000,140540.1771074054,140540.1771074054,0,0.0,0.0,0.0,0.0
1645704000000,140540.1771074054,140540.1771074054,0,0.0,0.0,0.0,0.0
1645718400000,140540.1771074054,140540.1771074054,0,0.0,0.0,0.0,0.0
1645732800000,140540.1771074054,140540.1771074054,0,0.0,0.0,0.0,0.0
1645747200000,140540.1771074054,140540.1771074054,0,0.0,0.0,0.0,0.0
1645761600000,140540.1771074054,140540.1771074054,0,0.0,0.0,0.0,0.0
1645776000000,140540.1771074054,140540.1771074054,0,0.0,0.0,0.0,0.0
1645790400000,140540.1771074054,140540.1771074054,0,0.0,0.0,0.0,0.0
1645804800000,140540.1771074054,140540.1771074054,0,0.0,0.0,0.0,0.0
1645819200000,140540.1771074054,140540.1771074054,0,0.0,0.0,0.0,0.0
1645833600000,140540.1771074054,140540.1771074054,0,0.0,0.0,0.0,0.0
1645848000000,140540.1771074054,140540.1771074054,0,0.0,0.0,0.0,0.0
1645862400000,140540.1771074054,140540.1771074054,0,0.0,0.0,0.0,0.0
1645876800000,140540.1771074054,140540.1771074054,0,0.0,0.0,0.0,0.0
1645891200000,140540.1771074054,140540.1771074054,0,0.0,0.0,0.0,0.0
1645905600000,140540.1771074054,140540.1771074054,0,0.0,0.0,0.0,0.0
1645920000000,140540.1771074054,140540.1771074054,0,0.0,0.0,0.0,0.0
1645934400000,140540.1771074054,140540.1771074054,0,0.0,0.0,0.0,0.0
1645948800000,140540.1771074054,140540.1771074054,0,0.0,0.0,0.0,0.0
1645963200000,140540.1771074054,140540.1771074054,0,0.0,0.0,0.0,0.0
1645977600000,140540.1771074054,140540.1771074054,0,0.0,0.0,0.0,0.0
1645992000000,140540.1771074054,140540.1771074054,0,0.0,0.0,0.0,0.0
1646006400000,140540.1771074054,140540.1771074054,0,0.0,0.0,0.0,0.0
1646020800000,140540.1771074054,140540.1771074054,0,0.0,0.0,0.0,0.0
1646035200000,140540.1771074054,140540.1771074054,0,0.0,0.0,0.0,0.0
1646049600000,140540.1771074054,140540.1771074054,0,0.0,0.0,0.0,0.0
1646064000000,140540.1771074054,140540.1771074054,0,0.0,0.0,0.0,0.0
1646078400000,140540.1771074054,140540.1771074054,0,0.0,0.0,0.0,0.0
1646092800000,140540.1771074054,140540.1771074054,0,0.0,0.0,0.0,0.0
1646107200000,140540.1771074054,140540.1771074054,0,0.0,0.0,0.0,0.0
1646121600000,140540.1771074054,140540.1771074054,0,0.0,0.0,0.0,0.0
1646136000000,140540.1771074054,140540.1771074054,0,0.0,0.0,0.0,0.0
1646150400000,140540.1771074054,140540.1771074054,0,0.0,0.0,0.0,0.0
1646164800000,140540.1771074054,140540.1771074054,0,0.0,0.0,0.0,0.0
1646179200000,140540.1771074054,140540.1771074054,0,0.0,0.0,0.0,0.0
1646193600000,140540.1771074054,140540.1771074054,0,0.0,0.0,0.0,0.0
1646208000000,140540.1771074054,140540.1771074054,0,0.0,0.0,0.0,0.0
1646222400000,140540.1771074054,140540.1771074054,0,0.0,0.0,0.0,0.0
1646236800000,140540.1771074054,140540.1771074054,0,0.0,0.0,0.0,0.0
1646251200000,140540.1771074054,140540.1771074054,0,0.0,0.0,0.0,0.0
1646265600000,140540.1771074054,140540.1771074054,0,0.0,0.0,0.0,0.0
1646280000000,140540.1771074054,140540.1771074054,0,0.0,0.0,0.0,0.0
1646294400000,140540.1771074054,140540.1771074054,0,0.0,0.0,0.0,0.0
1646308800000,140540.1771074054,140540.1771074054,0,0.0,0.0,0.0,0.0
1646323200000,140540.1771074054,140540.1771074054,0,0.0,0.0,0.0,0.0
1646337600000,140540.1771074054,140540.1771074054,0,0.0,0.0,0.0,0.0
1646352000000,140540.1771074054,140540.1771074054,0,0.0,0.0,0.0,0.0
1646366400000,140540.1771074054,140540.1771074054,0,0.0,0.0,0.0,0.0
1646380800000,140540.1771074054,140540.1771074054,0,0.0,0.0,0.0,0.0
1646395200000,140540.1771074054,140540.1771074054,0,0.0,0.0,0.0,0.0
1646409600000,140540.1771074054,140540.1771074054,0,0.0,0.0,0.0,0.0
1646424000000,140540.1771074054,140540.1771074054,0,0.0,0.0,0.0,0.0
1646438400000,140540.1771074054,140540.1771074054,0,0.0,0.0,0.0,0.0
1646452800000,140540.1771074054,140540.1771074054,0,0.0,0.0,0.0,0.0
1646467200000,140540.1771074054,140540.1771074054,0,0.0,0.0,0.0,0.0
1646481600000,140540.1771074054,140540.1771074054,0,0.0,0.0,0.0,0.0
1646496000000,140540.1771074054,140540.1771074054,0,0.0,0.0,0.0,0.0
1646510400000,140540.1771074054,140540.1771074054,0,0.0,0.0,0.0,0.0
1646524800000,140540.1771074054,140540.1771074054,0,0.0,0.0,0.0,0.0
1646539200000,140540.1771074054,140540.1771074054,0,0.0,0.0,0.0,0.0
1646553600000,140540.1771074054,140540.1771074054,0,0.0,0.0,0.0,0.0
1646568000000,140540.1771074054,140540.1771074054,0,0.0,0.0,0.0,0.0
1646582400000,140540.1771074054,140540.1771074054,0,0.0,0.0,0.0,0.0
1646596800000,140540.1771074054,140540.1771074054,0,0.0,0.0,0.0,0.0
1646611200000,140540.1771074054,140540.1771074054,0,0.0,0.0,0.0,0.0
1646625600000,140540.1771074054,140540.1771074054,0,0.0,0.0,0.0,0.0
1646640000000,140540.1771074054,140540.1771074054,0,0.0,0.0,0.0,0.0
1646654400000,140540.1771074054,140540.1771074054,0,0.0,0.0,0.0,0.0
1646668800000,140540.1771074054,140540.1771074054,0,0.0,0.0,0.0,0.0
1646683200000,140540.1771074054,140540.1771074054,0,0.0,0.0,0.0,0.0
1646697600000,140540.1771074054,140540.1771074054,0,0.0,0.0,0.0,0.0
1646712000000,140540.1771074054,140540.1771074054,0,0.0,0.0,0.0,0.0
1646726400000,140540.1771074054,140540.1771074054,0,0.0,0.0,0.0,0.0
1646740800000,140540.1771074054,140540.1771074054,0,0.0,0.0,0.0,0.0
1646755200000,140540.1771074054,140540.1771074054,0,0.0,0.0,0.0,0.0
1646769600000,140540.1771074054,140540.1771074054,0,0.0,0.0,0.0,0.0
1646784000000,140540.1771074054,140540.1771074054,0,0.0,0.0,0.0,0.0
1646798400000,140540.1771074054,140540.1771074054,0,0.0,0.0,0.0,0.0
1646812800000,140540.1771074054,140540.1771074054,0,0.0,0.0,0.0,0.0
1646827200000,140540.1771074054,140540.1771074054,0,0.0,0.0,0.0,0.0
1646841600000,140540.1771074054,140540.1771074054,0,0.0,0.0,0.0,0.0
1646856000000,140540.1771074054,140540.1771074054,0,0.0,0.0,0.0,0.0
1646870400000,140540.1771074054,140540.1771074054,0,0.0,0.0,0.0,0.0
1646884800000,140540.1771074054,140540.1771074054,0,0.0,0.0,0.0,0.0
1646899200000,140540.1771074054,140540.1771074054,0,0.0,0.0,0.0,0.0
1646913600000,140540.1771074054,140540.1771074054,0,0.0,0.0,0.0,0.0
1646928000000,140540.1771074054,140540.1771074054,0,0.0,0.0,0.0,0.0
1646942400000,140540.1771074054,140540.1771074054,0,0.0,0.0,0.0,0.0
1646956800000,140540.1771074054,140540.1771074054,0,0.0,0.0,0.0,0.0
1646971200000,140540.1771074054,140540.1771074054,0,0.0,0.0,0.0,0.0
1646985600000,140540.1771074054,140540.1771074054,0,0.0,0.0,0.0,0.0
1647000000000,140540.1771074054,140540.1771074054,0,0.0,0.0,0.0,0.0
1647014400000,140540.1771074054,140540.1771074054,0,0.0,0.0,0.0,0.0
1647028800000,140540.1771074054,140540.1771074054,0,0.0,0.0,0.0,0.0
1647043200000,140540.1771074054,140540.1771074054,0,0.0,0.0,0.0,0.0
1647057600000,140540.1771074054,140540.1771074054,0,0.0,0.0,0.0,0.0
1647072000000,140540.1771074054,140540.1771074054,0,0.0,0.0,0.0,0.0
1647086400000,140540.1771074054,140540.1771074054,0,0.0,0.0,0.0,0.0
1647100800000,140540.1771074054,140540.1771074054,0,0.0,0.0,0.0,0.0
1647115200000,140540.1771074054,140540.1771074054,0,0.0,0.0,0.0,0.0
1647129600000,140540.1771074054,140540.1771074054,0,0.0,0.0,0.0,0.0
1647144000000,140540.1771074054,140540.1771074054,0,0.0,0.0,0.0,0.0
1647158400000,140540.1771074054,140540.1771074054,0,0.0,0.0,0.0,0.0
1647172800000,140540.1771074054,140540.1771074054,0,0.0,0.0,0.0,0.0
1647187200000,140540.1771074054,140540.1771074054,0,0.0,0.0,0.0,0.0
1647201600000,140540.1771074054,140540.1771074054,0,0.0,0.0,0.0,0.0
1647216000000,140540.1771074054,140540.1771074054,0,0.0,0.0,0.0,0.0
1647230400000,138159.54349241615,140540.1771074054,2,266129.8189734963,5620.537243674313,5620.537243674313,266129.8189734963
1647244800000,134865.76591921068,134865.76591921068,0,0.0,0.0,0.0,0.0
1647259200000,134865.76591921068,134865.76591921068,0,0.0,0.0,0.0,0.0
1647273600000,134865.76591921068,134865.76591921068,0,0.0,0.0,0.0,0.0
1647288000000,134865.76591921068,134865.76591921068,0,0.0,0.0,0.0,0.0
1647302400000,134865.76591921068,134865.76591921068,0,0.0,0.0,0.0,0.0
1647316800000,134865.76591921068,134865.76591921068,0,0.0,0.0,0.0,0.0
1647331200000,134865.76591921068,134865.76591921068,0,0.0,0.0,0.0,0.0
1647345600000,134865.76591921068,134865.76591921068,0,0.0,0.0,0.0,0.0
1647360000000,134865.76591921068,134865.76591921068,0,0.0,0.0,0.0,0.0
1647374400000,134865.76591921068,134865.76591921068,0,0.0,0.0,0.0,0.0
1647388800000,134865.76591921068,134865.76591921068,0,0.0,0.0,0.0,0.0
1647403200000,134865.76591921068,134865.76591921068,0,0.0,0.0,0.0,0.0
1647417600000,134865.76591921068,134865.76591921068,0,0.0,0.0,0.0,0.0
1647432000000,134865.76591921068,134865.76591921068,0,0.0,0.0,0.0,0.0
1647446400000,134865.76591921068,134865.76591921068,0,0.0,0.0,0.0,0.0
1647460800000,134865.76591921068,134865.76591921068,0,0.0,0.0,0.0,0.0
1647475200000,134865.76591921068,134865.76591921068,0,0.0,0.0,0.0,0.0
1647489600000,134865.76591921068,134865.76591921068,0,0.0,0.0,0.0,0.0
1647504000000,134865.76591921068,134865.76591921068,0,0.0,0.0,0.0,0.0
1647518400000,134865.76591921068,134865.76591921068,0,0.0,0.0,0.0,0.0
1647532800000,134865.76591921068,134865.76591921068,0,0.0,0.0,0.0,0.0
1647547200000,134865.76591921068,134865.76591921068,0,0.0,0.0,0.0,0.0
1647561600000,134865.76591921068,134865.76591921068,0,0.0,0.0,0.0,0.0
1647576000000,134865.76591921068,134865.76591921068,0,0.0,0.0,0.0,0.0
1647590400000,134865.76591921068,134865.76591921068,0,0.0,0.0,0.0,0.0
1647604800000,134865.76591921068,134865.76591921068,0,0.0,0.0,0.0,0.0
1647619200000,134865.76591921068,134865.76591921068,0,0.0,0.0,0.0,0.0
1647633600000,134865.76591921068,134865.76591921068,0,0.0,0.0,0.0,0.0
1647648000000,134865.76591921068,134865.76591921068,0,0.0,0.0,0.0,0.0
1647662400000,134865.76591921068,134865.76591921068,0,0.0,0.0,0.0,0.0
1647676800000,134865.76591921068,134865.76591921068,0,0.0,0.0,0.0,0.0
1647691200000,134865.76591921068,134865.76591921068,0,0.0,0.0,0.0,0.0
1647705600000,134865.76591921068,134865.76591921068,0,0.0,0.0,0.0,0.0
1647720000000,134865.76591921068,134865.76591921068,0,0.0,0.0,0.0,0.0
1647734400000,134865.76591921068,134865.76591921068,0,0.0,0.0,0.0,0.0
1647748800000,134865.76591921068,134865.76591921068,0,0.0,0.0,0.0,0.0
1647763200000,134865.76591921068,134865.76591921068,0,0.0,0.0,0.0,0.0
1647777600000,134865.76591921068,134865.76591921068,0,0.0,0.0,0.0,0.0
1647792000000,134865.76591921068,134865.76591921068,0,0.0,0.0,0.0,0.0
1647806400000,134865.76591921068,134865.76591921068,0,0.0,0.0,0.0,0.0
1647820800000,134865.76591921068,134865.76591921068,0,0.0,0.0,0.0,0.0
1647835200000,134865.76591921068,134865.76591921068,0,0.0,0.0,0.0,0.0
1647849600000,134865.76591921068,134865.76591921068,0,0.0,0.0,0.0,0.0
1647864000000,134865.76591921068,134865.76591921068,0,0.0,0.0,0.0,0.0
1647878400000,134865.76591921068,134865.76591921068,0,0.0,0.0,0.0,0.0
1647892800000,134865.76591921068,134865.76591921068,0,0.0,0.0,0.0,0.0
1647907200000,134865.76591921068,134865.76591921068,0,0.0,0.0,0.0,0.0
1647921600000,134865.76591921068,134865.76591921068,0,0.0,0.0,0.0,0.0
1647936000000,134865.76591921068,134865.76591921068,0,0.0,0.0,0.0,0.0
1647950400000,134865.76591921068,134865.76591921068,0,0.0,0.0,0.0,0.0
1647964800000,134865.76591921068,134865.76591921068,0,0.0,0.0,0.0,0.0
1647979200000,134865.76591921068,134865.76591921068,0,0.0,0.0,0.0,0.0
1647993600000,134865.76591921068,134865.76591921068,0,0.0,0.0,0.0,0.0
1648008000000,134865.76591921068,134865.76591921068,0,0.0,0.0,0.0,0.0
1648022400000,134865.76591921068,134865.76591921068,0,0.0,0.0,0.0,0.0
1648036800000,134865.76591921068,134865.76591921068,0,0.0,0.0,0.0,0.0
1648051200000,134865.76591921068,134865.76591921068,0,0.0,0.0,0.0,0.0
1648065600000,134865.76591921068,134865.76591921068,0,0.0,0.0,0.0,0.0
1648080000000,134865.76591921068,134865.76591921068,0,0.0,0.0,0.0,0.0
1648094400000,134865.76591921068,134865.76591921068,0,0.0,0.0,0.0,0.0
1648108800000,134865.76591921068,134865.76591921068,0,0.0,0.0,0.0,0.0
1648123200000,134865.76591921068,134865.76591921068,0,0.0,0.0,0.0,0.0
1648137600000,134865.76591921068,134865.76591921068,0,0.0,0.0,0.0,0.0
1648152000000,134865.76591921068,134865.76591921068,0,0.0,0.0,0.0,0.0
1648166400000,134865.76591921068,134865.76591921068,0,0.0,0.0,0.0,0.0
1648180800000,134865.76591921068,134865.76591921068,0,0.0,0.0,0.0,0.0
1648195200000,134865.76591921068,134865.76591921068,0,0.0,0.0,0.0,0.0
1648209600000,134865.76591921068,134865.76591921068,0,0.0,0.0,0.0,0.0
1648224000000,134865.76591921068,134865.76591921068,0,0.0,0.0,0.0,0.0
1648238400000,134865.76591921068,134865.76591921068,0,0.0,0.0,0.0,0.0
1648252800000,134865.76591921068,134865.76591921068,0,0.0,0.0,0.0,0.0
1648267200000,134865.76591921068,134865.76591921068,0,0.0,0.0,0.0,0.0
1648281600000,134865.76591921068,134865.76591921068,0,0.0,0.0,0.0,0.0
1648296000000,134865.76591921068,134865.76591921068,0,0.0,0.0,0.0,0.0
1648310400000,134865.76591921068,134865.76591921068,0,0.0,0.0,0.0,0.0
1648324800000,134865.76591921068,134865.76591921068,0,0.0,0.0,0.0,0.0
1648339200000,134865.76591921068,134865.76591921068,0,0.0,0.0,0.0,0.0
1648353600000,134865.76591921068,134865.76591921068,0,0.0,0.0,0.0,0.0
1648368000000,134865.76591921068,134865.76591921068,0,0.0,0.0,0.0,0.0
1648382400000,134865.76591921068,134865.76591921068,0,0.0,0.0,0.0,0.0
1648396800000,134865.76591921068,134865.76591921068,0,0.0,0.0,0.0,0.0
1648411200000,134865.76591921068,134865.76591921068,0,0.0,0.0,0.0,0.0
1648425600000,134865.76591921068,134865.76591921068,0,0.0,0.0,0.0,0.0
1648440000000,134865.76591921068,134865.76591921068,0,0.0,0.0,0.0,0.0
1648454400000,134865.76591921068,134865.76591921068,0,0.0,0.0,0.0,0.0
1648468800000,134865.76591921068,134865.76591921068,0,0.0,0.0,0.0,0.0
1648483200000,135609.22834965712,134865.76591921068,2,245978.19681231538,5393.610015451126,0.0,0.0
1648497600000,138799.15765445278,134841.1670520566,2,249192.72498426514,5393.610015451126,0.0,0.0
1648512000000,134002.9753636897,134841.1670520566,2,244396.54269350207,5393.610015451126,0.0,0.0
1648526400000,135820.32389145475,134816.7317392691,2,246238.3265340546,5393.610015451126,0.0,0.0
1648540800000,136387.98373001965,134816.7317392691,2,246805.98637261952,5393.610015451126,0.0,0.0
1648555200000,140558.03382815066,134792.05049198153,2,251000.7177180381,5393.610015451126,0.0,0.0
1648569600000,137145.43901588948,134792.05049198153,2,247588.1229057769,5393.610015451126,0.0,0.0
1648584000000,138866.54601461525,134769.87988109523,2,249331.400515389,5393.610015451126,0.0,0.0
1648598400000,137030.3932258743,134769.87988109523,2,247495.24772664803,5393.610015451126,0.0,0.0
1648612800000,136419.086492207,134745.12886917978,2,246908.69200489618,5393.610015451126,0.0,0.0
1648627200000,137178.10451154926,134745.12886917978,2,247667.71002423845,5393.610015451126,0.0,0.0
1648641600000,136990.60611882893,134720.3598873815,2,247504.9806133164,5393.610015451126,0.0,0.0
1648656000000,135636.77760012582,134720.3598873815,2,246151.15209461327,5393.610015451126,0.0,0.0
1648670400000,135818.60359823023,134695.74235533315,2,246357.59562476605,5393.610015451126,0.0,0.0
1648684800000,135477.3060310021,134135.04151755973,1,118973.81869971678,2696.2946970669122,0.0,0.0
1648699200000,135875.91770423032,134123.14413568977,1,119384.32775481492,2696.2946970669122,0.0,0.0
1648713600000,136032.31884251683,134123.14413568977,1,119540.72889310145,2696.2946970669122,0.0,0.0
1648728000000,136275.87512252823,134111.18664596116,1,119796.24266284147,2696.2946970669122,0.0,0.0
1648742400000,134201.53912664708,134111.18664596116,1,117721.90666696032,2696.2946970669122,0.0,0.0
1648756800000,134165.87056422004,134165.87056422004,0,0.0,0.0,0.0,0.0
1648771200000,134165.87056422004,134165.87056422004,0,0.0,0.0,0.0,0.0
1648785600000,134165.87056422004,134165.87056422004,0,0.0,0.0,0.0,0.0
1648800000000,134165.87056422004,134165.87056422004,0,0.0,0.0,0.0,0.0
1648814400000,134165.87056422004,134165.87056422004,0,0.0,0.0,0.0,0.0
1648828800000,134165.87056422004,134165.87056422004,0,0.0,0.0,0.0,0.0
1648843200000,134165.87056422004,134165.87056422004,0,0.0,0.0,0.0,0.0
1648857600000,134165.87056422004,134165.87056422004,0,0.0,0.0,0.0,0.0
1648872000000,134165.87056422004,134165.87056422004,0,0.0,0.0,0.0,0.0
1648886400000,134165.87056422004,134165.87056422004,0,0.0,0.0,0.0,0.0
1648900800000,134165.87056422004,134165.87056422004,0,0.0,0.0,0.0,0.0
1648915200000,134165.87056422004,134165.87056422004,0,0.0,0.0,0.0,0.0
1648929600000,134165.87056422004,134165.87056422004,0,0.0,0.0,0.0,0.0
1648944000000,134165.87056422004,134165.87056422004,0,0.0,0.0,0.0,0.0
1648958400000,134165.87056422004,134165.87056422004,0,0.0,0.0,0.0,0.0
1648972800000,134165.87056422004,134165.87056422004,0,0.0,0.0,0.0,0.0
1648987200000,134165.87056422004,134165.87056422004,0,0.0,0.0,0.0,0.0
1649001600000,134165.87056422004,134165.87056422004,0,0.0,0.0,0.0,0.0
1649016000000,134165.87056422004,134165.87056422004,0,0.0,0.0,0.0,0.0
1649030400000,134165.87056422004,134165.87056422004,0,0.0,0.0,0.0,0.0
1649044800000,134165.87056422004,134165.87056422004,0,0.0,0.0,0.0,0.0
1649059200000,134165.87056422004,134165.87056422004,0,0.0,0.0,0.0,0.0
1649073600000,134165.87056422004,134165.87056422004,0,0.0,0.0,0.0,0.0
1649088000000,134165.87056422004,134165.87056422004,0,0.0,0.0,0.0,0.0
1649102400000,134165.87056422004,134165.87056422004,0,0.0,0.0,0.0,0.0
1649116800000,134165.87056422004,134165.87056422004,0,0.0,0.0,0.0,0.0
1649131200000,134165.87056422004,134165.87056422004,0,0.0,0.0,0.0,0.0
1649145600000,134165.87056422004,134165.87056422004,0,0.0,0.0,0.0,0.0
1649160000000,134165.87056422004,134165.87056422004,0,0.0,0.0,0.0,0.0
1649174400000,134165.87056422004,134165.87056422004,0,0.0,0.0,0.0,0.0
1649188800000,134165.87056422004,134165.87056422004,0,0.0,0.0,0.0,0.0
1649203200000,134165.87056422004,134165.87056422004,0,0.0,0.0,0.0,0.0
1649217600000,134165.87056422004,134165.87056422004,0,0.0,0.0,0.0,0.0
1649232000000,134165.87056422004,134165.87056422004,0,0.0,0.0,0.0,0.0
1649246400000,134165.87056422004,134165.87056422004,0,0.0,0.0,0.0,0.0
1649260800000,134165.87056422004,134165.87056422004,0,0.0,0.0,0.0,0.0
1649275200000,134165.87056422004,134165.87056422004,0,0.0,0.0,0.0,0.0
1649289600000,134165.87056422004,134165.87056422004,0,0.0,0.0,0.0,0.0
1649304000000,134165.87056422004,134165.87056422004,0,0.0,0.0,0.0,0.0
1649318400000,134165.87056422004,134165.87056422004,0,0.0,0.0,0.0,0.0
1649332800000,134165.87056422004,134165.87056422004,0,0.0,0.0,0.0,0.0
1649347200000,134165.87056422004,134165.87056422004,0,0.0,0.0,0.0,0.0
1649361600000,134165.87056422004,134165.87056422004,0,0.0,0.0,0.0,0.0
1649376000000,134165.87056422004,134165.87056422004,0,0.0,0.0,0.0,0.0
1649390400000,134165.87056422004,134165.87056422004,0,0.0,0.0,0.0,0.0
1649404800000,134165.87056422004,134165.87056422004,0,0.0,0.0,0.0,0.0
1649419200000,134165.87056422004,134165.87056422004,0,0.0,0.0,0.0,0.0
1649433600000,134165.87056422004,134165.87056422004,0,0.0,0.0,0.0,0.0
1649448000000,134165.87056422004,134165.87056422004,0,0.0,0.0,0.0,0.0
1649462400000,134165.87056422004,134165.87056422004,0,0.0,0.0,0.0,0.0
1649476800000,134165.87056422004,134165.87056422004,0,0.0,0.0,0.0,0.0
1649491200000,134165.87056422004,134165.87056422004,0,0.0,0.0,0.0,0.0
1649505600000,134165.87056422004,134165.87056422004,0,0.0,0.0,0.0,0.0
1649520000000,134165.87056422004,134165.87056422004,0,0.0,0.0,0.0,0.0
1649534400000,134165.87056422004,134165.87056422004,0,0.0,0.0,0.0,0.0
1649548800000,134165.87056422004,134165.87056422004,0,0.0,0.0,0.0,0.0
1649563200000,134165.87056422004,134165.87056422004,0,0.0,0.0,0.0,0.0
1649577600000,134165.87056422004,134165.87056422004,0,0.0,0.0,0.0,0.0
1649592000000,134165.87056422004,134165.87056422004,0,0.0,0.0,0.0,0.0
1649606400000,134165.87056422004,134165.87056422004,0,0.0,0.0,0.0,0.0
1649620800000,134165.87056422004,134165.87056422004,0,0.0,0.0,0.0,0.0
1649635200000,134165.87056422004,134165.87056422004,0,0.0,0.0,0.0,0.0
1649649600000,134165.87056422004,134165.87056422004,0,0.0,0.0,0.0,0.0
1649664000000,134165.87056422004,134165.87056422004,0,0.0,0.0,0.0,0.0
1649678400000,134165.87056422004,134165.87056422004,0,0.0,0.0,0.0,0.0
1649692800000,134165.87056422004,134165.87056422004,0,0.0,0.0,0.0,0.0
1649707200000,134165.87056422004,134165.87056422004,0,0.0,0.0,0.0,0.0
1649721600000,134165.87056422004,134165.87056422004,0,0.0,0.0,0.0,0.0
1649736000000,134165.87056422004,134165.87056422004,0,0.0,0.0,0.0,0.0
1649750400000,134165.87056422004,134165.87056422004,0,0.0,0.0,0.0,0.0
1649764800000,134165.87056422004,134165.87056422004,0,0.0,0.0,0.0,0.0
1649779200000,134165.87056422004,134165.87056422004,0,0.0,0.0,0.0,0.0
1649793600000,134165.87056422004,134165.87056422004,0,0.0,0.0,0.0,0.0
1649808000000,134165.87056422004,134165.87056422004,0,0.0,0.0,0.0,0.0
1649822400000,134165.87056422004,134165.87056422004,0,0.0,0.0,0.0,0.0
1649836800000,134165.87056422004,134165.87056422004,0,0.0,0.0,0.0,0.0
1649851200000,134165.87056422004,134165.87056422004,0,0.0,0.0,0.0,0.0
1649865600000,134165.87056422004,134165.87056422004,0,0.0,0.0,0.0,0.0
1649880000000,134165.87056422004,134165.87056422004,0,0.0,0.0,0.0,0.0
1649894400000,134165.87056422004,134165.87056422004,0,0.0,0.0,0.0,0.0
1649908800000,134165.87056422004,134165.87056422004,0,0.0,0.0,0.0,0.0
1649923200000,134165.87056422004,134165.87056422004,0,0.0,0.0,0.0,0.0
1649937600000,134165.87056422004,134165.87056422004,0,0.0,0.0,0.0,0.0
1649952000000,134165.87056422004,134165.87056422004,0,0.0,0.0,0.0,0.0
1649966400000,134165.87056422004,134165.87056422004,0,0.0,0.0,0.0,0.0
1649980800000,134165.87056422004,134165.87056422004,0,0.0,0.0,0.0,0.0
1649995200000,134165.87056422004,134165.87056422004,0,0.0,0.0,0.0,0.0
1650009600000,134165.87056422004,134165.87056422004,0,0.0,0.0,0.0,0.0
1650024000000,134165.87056422004,134165.87056422004,0,0.0,0.0,0.0,0.0
1650038400000,134165.87056422004,134165.87056422004,0,0.0,0.0,0.0,0.0
1650052800000,134165.87056422004,134165.87056422004,0,0.0,0.0,0.0,0.0
1650067200000,134165.87056422004,134165.87056422004,0,0.0,0.0,0.0,0.0
1650081600000,134165.87056422004,134165.87056422004,0,0.0,0.0,0.0,0.0
1650096000000,134165.87056422004,134165.87056422004,0,0.0,0.0,0.0,0.0
1650110400000,134165.87056422004,134165.87056422004,0,0.0,0.0,0.0,0.0
1650124800000,134165.87056422004,134165.87056422004,0,0.0,0.0,0.0,0.0
1650139200000,134165.87056422004,134165.87056422004,0,0.0,0.0,0.0,0.0
1650153600000,134165.87056422004,134165.87056422004,0,0.0,0.0,0.0,0.0
1650168000000,134165.87056422004,134165.87056422004,0,0.0,0.0,0.0,0.0
1650182400000,134165.87056422004,134165.87056422004,0,0.0,0.0,0.0,0.0
1650196800000,134165.87056422004,134165.87056422004,0,0.0,0.0,0.0,0.0
1650211200000,134165.87056422004,134165.87056422004,0,0.0,0.0,0.0,0.0
1650225600000,134165.87056422004,134165.87056422004,0,0.0,0.0,0.0,0.0
1650240000000,134165.87056422004,134165.87056422004,0,0.0,0.0,0.0,0.0
1650254400000,134165.87056422004,134165.87056422004,0,0.0,0.0,0.0,0.0
1650268800000,134165.87056422004,134165.87056422004,0,0.0,0.0,0.0,0.0
1650283200000,134165.87056422004,134165.87056422004,0,0.0,0.0,0.0,0.0
1650297600000,134165.87056422004,134165.87056422004,0,0.0,0.0,0.0,0.0
1650312000000,134165.87056422004,134165.87056422004,0,0.0,0.0,0.0,0.0
1650326400000,134165.87056422004,134165.87056422004,0,0.0,0.0,0.0,0.0
1650340800000,134165.87056422004,134165.87056422004,0,0.0,0.0,0.0,0.0
1650355200000,134165.87056422004,134165.87056422004,0,0.0,0.0,0.0,0.0
1650369600000,134165.87056422004,134165.87056422004,0,0.0,0.0,0.0,0.0
1650384000000,134165.87056422004,134165.87056422004,0,0.0,0.0,0.0,0.0
1650398400000,134165.87056422004,134165.87056422004,0,0.0,0.0,0.0,0.0
1650412800000,134165.87056422004,134165.87056422004,0,0.0,0.0,0.0,0.0
1650427200000,134165.87056422004,134165.87056422004,0,0.0,0.0,0.0,0.0
1650441600000,134165.87056422004,134165.87056422004,0,0.0,0.0,0.0,0.0
1650456000000,134165.87056422004,134165.87056422004,0,0.0,0.0,0.0,0.0
1650470400000,134165.87056422004,134165.87056422004,0,0.0,0.0,0.0,0.0
1650484800000,134165.87056422004,134165.87056422004,0,0.0,0.0,0.0,0.0
1650499200000,134165.87056422004,134165.87056422004,0,0.0,0.0,0.0,0.0
1650513600000,134165.87056422004,134165.87056422004,0,0.0,0.0,0.0,0.0
1650528000000,134165.87056422004,134165.87056422004,0,0.0,0.0,0.0,0.0
1650542400000,134165.87056422004,134165.87056422004,0,0.0,0.0,0.0,0.0
1650556800000,134165.87056422004,134165.87056422004,0,0.0,0.0,0.0,0.0
1650571200000,134165.87056422004,134165.87056422004,0,0.0,0.0,0.0,0.0
1650585600000,134165.87056422004,134165.87056422004,0,0.0,0.0,0.0,0.0
1650600000000,134165.87056422004,134165.87056422004,0,0.0,0.0,0.0,0.0
1650614400000,134165.87056422004,134165.87056422004,0,0.0,0.0,0.0,0.0
1650628800000,134165.87056422004,134165.87056422004,0,0.0,0.0,0.0,0.0
1650643200000,134165.87056422004,134165.87056422004,0,0.0,0.0,0.0,0.0
1650657600000,133458.83592741712,134165.87056422004,1,101946.0367551873,2683.317411284401,2683.317411284401,101946.0367551873
1650672000000,133788.4916647015,134165.87056422004,1,101616.38101790295,2683.317411284401,2683.317411284401,101616.38101790295
1650686400000,134073.3664172069,134176.03220232183,1,101341.66790349931,2683.317411284401,2683.317411284401,101341.66790349931
1650700800000,133812.38895852346,134176.03220232183,1,101602.64536218277,2683.317411284401,2683.317411284401,101602.64536218277
1650715200000,133959.90908225407,134186.19576885062,1,101465.28880498096,2683.317411284401,2683.317411284401,101465.28880498096
1650729600000,133671.46031213025,134186.19576885062,1,101753.73757510475,2683.317411284401,2683.317411284401,101753.73757510475
1650744000000,134395.88703620606,134196.36839547698,1,101039.48347765532,2683.317411284401,2683.317411284401,101039.48347765532
1650758400000,135467.2681823802,134196.36839547698,1,99968.10233148116,2683.317411284401,2683.317411284401,99968.10233148116
1650772800000,134941.5744195263,134206.36520571014,1,100503.79290456824,2683.317411284401,2683.317411284401,100503.79290456824
1650787200000,135092.6666324483,134206.36520571014,1,100352.70069164624,2683.317411284401,2683.317411284401,100352.70069164624
1650801600000,135601.4974236187,134193.24107951368,1,99830.74577427935,2683.317411284401,2683.317411284401,99830.74577427935
1650816000000,136054.77406238473,134193.24107951368,1,99377.46913551335,2683.317411284401,2683.317411284401,99377.46913551335
1650830400000,135945.90246680845,134194.25472969888,1,99487.35438127481,2683.317411284401,2683.317411284401,99487.35438127481
1650844800000,137305.73238310643,134194.25472969888,1,98127.52446497683,2683.317411284401,2683.317411284401,98127.52446497683
1650859200000,139154.6609780682,136877.80022605488,1,48342.64030717889,1341.6587056422004,1341.6587056422004,48342.64030717889
1650873600000,140947.16404955188,136877.80022605488,1,46550.1372356952,1341.6587056422004,1341.6587056422004,46550.1372356952
1650888000000,135627.82697829726,132533.69471093317,1,47525.36879182809,1341.6587056422004,1341.6587056422004,47525.36879182809
1650902400000,135545.41304397618,132533.69471093317,1,47607.78272614917,1341.6587056422004,1341.6587056422004,47607.78272614917
1650916800000,134743.80713401033,134743.80713401033,0,0.0,0.0,0.0,0.0
1650931200000,134743.80713401033,134743.80713401033,0,0.0,0.0,0.0,0.0
1650945600000,134743.80713401033,134743.80713401033,0,0.0,0.0,0.0,0.0
1650960000000,134743.80713401033,134743.80713401033,0,0.0,0.0,0.0,0.0
1650974400000,134743.80713401033,134743.80713401033,0,0.0,0.0,0.0,0.0
1650988800000,134743.80713401033,134743.80713401033,0,0.0,0.0,0.0,0.0
1651003200000,134743.80713401033,134743.80713401033,0,0.0,0.0,0.0,0.0
1651017600000,135784.092804858,134743.80713401033,1,113556.15284948144,2694.8761426802066,2694.8761426802066,113556.15284948144
1651032000000,132637.86202207234,134745.87086279,2,237840.2491299542,5410.906337480996,5410.906337480996,237840.2491299542
1651046400000,129376.45276539559,129376.45276539559,0,0.0,0.0,0.0,0.0
1651060800000,129376.45276539559,129376.45276539559,0,0.0,0.0,0.0,0.0
1651075200000,129376.45276539559,129376.45276539559,0,0.0,0.0,0.0,0.0
1651089600000,129376.45276539559,129376.45276539559,0,0.0,0.0,0.0,0.0
1651104000000,129376.45276539559,129376.45276539559,0,0.0,0.0,0.0,0.0
1651118400000,129376.45276539559,129376.45276539559,0,0.0,0.0,0.0,0.0
1651132800000,129376.45276539559,129376.45276539559,0,0.0,0.0,0.0,0.0
1651147200000,129376.45276539559,129376.45276539559,0,0.0,0.0,0.0,0.0
1651161600000,129376.45276539559,129376.45276539559,0,0.0,0.0,0.0,0.0
1651176000000,129376.45276539559,129376.45276539559,0,0.0,0.0,0.0,0.0
1651190400000,129376.45276539559,129376.45276539559,0,0.0,0.0,0.0,0.0
1651204800000,129376.45276539559,129376.45276539559,0,0.0,0.0,0.0,0.0
1651219200000,129376.45276539559,129376.45276539559,0,0.0,0.0,0.0,0.0
1651233600000,129376.45276539559,129376.45276539559,0,0.0,0.0,0.0,0.0
1651248000000,129376.45276539559,129376.45276539559,0,0.0,0.0,0.0,0.0
1651262400000,129376.45276539559,129376.45276539559,0,0.0,0.0,0.0,0.0
1651276800000,128244.23731805847,129376.45276539559,1,97706.09910107145,2587.5290553079117,2587.5290553079117,97706.09910107145
1651291200000,128113.03541478224,129380.4626237027,1,97841.31086265479,2587.5290553079117,2587.5290553079117,97841.31086265479
1651305600000,128206.64355741684,129380.4626237027,1,97747.70272002017,2587.5290553079117,2587.5290553079117,97747.70272002017
1651320000000,128362.03122467232,129390.23762463764,1,97602.09005369965,2587.5290553079117,2587.5290553079117,97602.09005369965
1651334400000,130067.77960156988,129390.23762463764,1,95896.34167680208,2587.5290553079117,2587.5290553079117,95896.34167680208
1651348800000,130764.45224298042,129390.0496486571,1,95199.481059411,2587.5290553079117,2587.5290553079117,95199.481059411
1651363200000,136311.55813369123,131968.4388214107,1,43943.82251458664,1293.7645276539558,1293.7645276539558,43943.82251458664
1651377600000,134855.5938549963,134855.5938549963,0,0.0,0.0,0.0,0.0
1651392000000,134855.5938549963,134855.5938549963,0,0.0,0.0,0.0,0.0
1651406400000,134855.5938549963,134855.5938549963,0,0.0,0.0,0.0,0.0
1651420800000,134855.5938549963,134855.5938549963,0,0.0,0.0,0.0,0.0
1651435200000,134855.5938549963,134855.5938549963,0,0.0,0.0,0.0,0.0
1651449600000,134855.5938549963,134855.5938549963,0,0.0,0.0,0.0,0.0
1651464000000,134855.5938549963,134855.5938549963,0,0.0,0.0,0.0,0.0
1651478400000,134855.5938549963,134855.5938549963,0,0.0,0.0,0.0,0.0
1651492800000,134855.5938549963,134855.5938549963,0,0.0,0.0,0.0,0.0
1651507200000,134855.5938549963,134855.5938549963,0,0.0,0.0,0.0,0.0
1651521600000,134855.5938549963,134855.5938549963,0,0.0,0.0,0.0,0.0
1651536000000,134855.5938549963,134855.5938549963,0,0.0,0.0,0.0,0.0
1651550400000,134855.5938549963,134855.5938549963,0,0.0,0.0,0.0,0.0
1651564800000,134855.5938549963,134855.5938549963,0,0.0,0.0,0.0,0.0
1651579200000,134855.5938549963,134855.5938549963,0,0.0,0.0,0.0,0.0
1651593600000,134855.5938549963,134855.5938549963,0,0.0,0.0,0.0,0.0
1651608000000,134855.5938549963,134855.5938549963,0,0.0,0.0,0.0,0.0
1651622400000,134855.5938549963,134855.5938549963,0,0.0,0.0,0.0,0.0
1651636800000,134855.5938549963,134855.5938549963,0,0.0,0.0,0.0,0.0
1651651200000,134855.5938549963,134855.5938549963,0,0.0,0.0,0.0,0.0
1651665600000,134855.5938549963,134855.5938549963,0,0.0,0.0,0.0,0.0
1651680000000,134855.5938549963,134855.5938549963,0,0.0,0.0,0.0,0.0
1651694400000,134855.5938549963,134855.5938549963,0,0.0,0.0,0.0,0.0
1651708800000,134855.5938549963,134855.5938549963,0,0.0,0.0,0.0,0.0
1651723200000,134855.5938549963,134855.5938549963,0,0.0,0.0,0.0,0.0
1651737600000,134855.5938549963,134855.5938549963,0,0.0,0.0,0.0,0.0
1651752000000,134855.5938549963,134855.5938549963,0,0.0,0.0,0.0,0.0
1651766400000,134855.5938549963,134855.5938549963,0,0.0,0.0,0.0,0.0
1651780800000,134855.5938549963,134855.5938549963,0,0.0,0.0,0.0,0.0
1651795200000,134855.5938549963,134855.5938549963,0,0.0,0.0,0.0,0.0
1651809600000,134855.5938549963,134855.5938549963,0,0.0,0.0,0.0,0.0
1651824000000,134855.5938549963,134855.5938549963,0,0.0,0.0,0.0,0.0
1651838400000,134855.5938549963,134855.5938549963,0,0.0,0.0,0.0,0.0
1651852800000,134855.5938549963,134855.5938549963,0,0.0,0.0,0.0,0.0
1651867200000,134855.5938549963,134855.5938549963,0,0.0,0.0,0.0,0.0
1651881600000,134855.5938549963,134855.5938549963,0,0.0,0.0,0.0,0.0
1651896000000,134855.5938549963,134855.5938549963,0,0.0,0.0,0.0,0.0
1651910400000,134855.5938549963,134855.5938549963,0,0.0,0.0,0.0,0.0
1651924800000,134855.5938549963,134855.5938549963,0,0.0,0.0,0.0,0.0
1651939200000,134855.5938549963,134855.5938549963,0,0.0,0.0,0.0,0.0
1651953600000,134855.5938549963,134855.5938549963,0,0.0,0.0,0.0,0.0
1651968000000,134855.5938549963,134855.5938549963,0,0.0,0.0,0.0,0.0
1651982400000,134855.5938549963,134855.5938549963,0,0.0,0.0,0.0,0.0
1651996800000,134855.5938549963,134855.5938549963,0,0.0,0.0,0.0,0.0
1652011200000,134855.5938549963,134855.5938549963,0,0.0,0.0,0.0,0.0
1652025600000,134855.5938549963,134855.5938549963,0,0.0,0.0,0.0,0.0
1652040000000,134855.5938549963,134855.5938549963,0,0.0,0.0,0.0,0.0
1652054400000,134855.5938549963,134855.5938549963,0,0.0,0.0,0.0,0.0
1652068800000,134855.5938549963,134855.5938549963,0,0.0,0.0,0.0,0.0
1652083200000,134855.5938549963,134855.5938549963,0,0.0,0.0,0.0,0.0
1652097600000,134855.5938549963,134855.5938549963,0,0.0,0.0,0.0,0.0
1652112000000,134855.5938549963,134855.5938549963,0,0.0,0.0,0.0,0.0
1652126400000,134855.5938549963,134855.5938549963,0,0.0,0.0,0.0,0.0
1652140800000,134855.5938549963,134855.5938549963,0,0.0,0.0,0.0,0.0
1652155200000,134855.5938549963,134855.5938549963,0,0.0,0.0,0.0,0.0
1652169600000,134855.5938549963,134855.5938549963,0,0.0,0.0,0.0,0.0
1652184000000,134855.5938549963,134855.5938549963,0,0.0,0.0,0.0,0.0
1652198400000,134855.5938549963,134855.5938549963,0,0.0,0.0,0.0,0.0
1652212800000,134855.5938549963,134855.5938549963,0,0.0,0.0,0.0,0.0
1652227200000,134855.5938549963,134855.5938549963,0,0.0,0.0,0.0,0.0
1652241600000,134855.5938549963,134855.5938549963,0,0.0,0.0,0.0,0.0
1652256000000,134855.5938549963,134855.5938549963,0,0.0,0.0,0.0,0.0
1652270400000,134855.5938549963,134855.5938549963,0,0.0,0.0,0.0,0.0
1652284800000,134855.5938549963,134855.5938549963,0,0.0,0.0,0.0,0.0
1652299200000,134855.5938549963,134855.5938549963,0,0.0,0.0,0.0,0.0
1652313600000,134855.5938549963,134855.5938549963,0,0.0,0.0,0.0,0.0
1652328000000,134855.5938549963,134855.5938549963,0,0.0,0.0,0.0,0.0
1652342400000,134855.5938549963,134855.5938549963,0,0.0,0.0,0.0,0.0
1652356800000,134855.5938549963,134855.5938549963,0,0.0,0.0,0.0,0.0
1652371200000,134855.5938549963,134855.5938549963,0,0.0,0.0,0.0,0.0
1652385600000,134855.5938549963,134855.5938549963,0,0.0,0.0,0.0,0.0
1652400000000,134855.5938549963,134855.5938549963,0,0.0,0.0,0.0,0.0
1652414400000,134855.5938549963,134855.5938549963,0,0.0,0.0,0.0,0.0
1652428800000,134855.5938549963,134855.5938549963,0,0.0,0.0,0.0,0.0
1652443200000,134855.5938549963,134855.5938549963,0,0.0,0.0,0.0,0.0
1652457600000,134855.5938549963,134855.5938549963,0,0.0,0.0,0.0,0.0
1652472000000,134855.5938549963,134855.5938549963,0,0.0,0.0,0.0,0.0
1652486400000,134855.5938549963,134855.5938549963,0,0.0,0.0,0.0,0.0
1652500800000,134855.5938549963,134855.5938549963,0,0.0,0.0,0.0,0.0
1652515200000,134855.5938549963,134855.5938549963,0,0.0,0.0,0.0,0.0
1652529600000,134855.5938549963,134855.5938549963,0,0.0,0.0,0.0,0.0
1652544000000,134855.5938549963,134855.5938549963,0,0.0,0.0,0.0,0.0
1652558400000,134855.5938549963,134855.5938549963,0,0.0,0.0,0.0,0.0
1652572800000,134855.5938549963,134855.5938549963,0,0.0,0.0,0.0,0.0
1652587200000,134855.5938549963,134855.5938549963,0,0.0,0.0,0.0,0.0
1652601600000,134855.5938549963,134855.5938549963,0,0.0,0.0,0.0,0.0
1652616000000,134855.5938549963,134855.5938549963,0,0.0,0.0,0.0,0.0
1652630400000,134855.5938549963,134855.5938549963,0,0.0,0.0,0.0,0.0
1652644800000,134855.5938549963,134855.5938549963,0,0.0,0.0,0.0,0.0
1652659200000,134855.5938549963,134855.5938549963,0,0.0,0.0,0.0,0.0
1652673600000,134855.5938549963,134855.5938549963,0,0.0,0.0,0.0,0.0
1652688000000,134855.5938549963,134855.5938549963,0,0.0,0.0,0.0,0.0
1652702400000,134855.5938549963,134855.5938549963,0,0.0,0.0,0.0,0.0
1652716800000,134855.5938549963,134855.5938549963,0,0.0,0.0,0.0,0.0
1652731200000,134855.5938549963,134855.5938549963,0,0.0,0.0,0.0,0.0
1652745600000,134855.5938549963,134855.5938549963,0,0.0,0.0,0.0,0.0
1652760000000,134855.5938549963,134855.5938549963,0,0.0,0.0,0.0,0.0
1652774400000,134855.5938549963,134855.5938549963,0,0.0,0.0,0.0,0.0
1652788800000,134855.5938549963,134855.5938549963,0,0.0,0.0,0.0,0.0
1652803200000,134855.5938549963,134855.5938549963,0,0.0,0.0,0.0,0.0
1652817600000,134855.5938549963,134855.5938549963,0,0.0,0.0,0.0,0.0
1652832000000,134855.5938549963,134855.5938549963,0,0.0,0.0,0.0,0.0
1652846400000,134855.5938549963,134855.5938549963,0,0.0,0.0,0.0,0.0
1652860800000,134855.5938549963,134855.5938549963,0,0.0,0.0,0.0,0.0
1652875200000,134855.5938549963,134855.5938549963,0,0.0,0.0,0.0,0.0
1652889600000,134855.5938549963,134855.5938549963,0,0.0,0.0,0.0,0.0
1652904000000,134855.5938549963,134855.5938549963,0,0.0,0.0,0.0,0.0
1652918400000,134855.5938549963,134855.5938549963,0,0.0,0.0,0.0,0.0
1652932800000,134855.5938549963,134855.5938549963,0,0.0,0.0,0.0,0.0
1652947200000,134855.5938549963,134855.5938549963,0,0.0,0.0,0.0,0.0
1652961600000,134855.5938549963,134855.5938549963,0,0.0,0.0,0.0,0.0
1652976000000,134855.5938549963,134855.5938549963,0,0.0,0.0,0.0,0.0
1652990400000,134855.5938549963,134855.5938549963,0,0.0,0.0,0.0,0.0
1653004800000,134855.5938549963,134855.5938549963,0,0.0,0.0,0.0,0.0
1653019200000,134855.5938549963,134855.5938549963,0,0.0,0.0,0.0,0.0
1653033600000,134855.5938549963,134855.5938549963,0,0.0,0.0,0.0,0.0
1653048000000,134855.5938549963,134855.5938549963,0,0.0,0.0,0.0,0.0
1653062400000,134855.5938549963,134855.5938549963,0,0.0,0.0,0.0,0.0
1653076800000,134855.5938549963,134855.5938549963,0,0.0,0.0,0.0,0.0
1653091200000,134855.5938549963,134855.5938549963,0,0.0,0.0,0.0,0.0
1653105600000,134855.5938549963,134855.5938549963,0,0.0,0.0,0.0,0.0
1653120000000,134855.5938549963,134855.5938549963,0,0.0,0.0,0.0,0.0
1653134400000,134855.5938549963,134855.5938549963,0,0.0,0.0,0.0,0.0
1653148800000,134855.5938549963,134855.5938549963,0,0.0,0.0,0.0,0.0
1653163200000,134855.5938549963,134855.5938549963,0,0.0,0.0,0.0,0.0
1653177600000,134855.5938549963,134855.5938549963,0,0.0,0.0,0.0,0.0
1653192000000,134855.5938549963,134855.5938549963,0,0.0,0.0,0.0,0.0
1653206400000,134855.5938549963,134855.5938549963,0,0.0,0.0,0.0,0.0
1653220800000,134855.5938549963,134855.5938549963,0,0.0,0.0,0.0,0.0
1653235200000,134855.5938549963,134855.5938549963,0,0.0,0.0,0.0,0.0
1653249600000,134855.5938549963,134855.5938549963,0,0.0,0.0,0.0,0.0
1653264000000,134855.5938549963,134855.5938549963,0,0.0,0.0,0.0,0.0
1653278400000,134855.5938549963,134855.5938549963,0,0.0,0.0,0.0,0.0
1653292800000,134855.5938549963,134855.5938549963,0,0.0,0.0,0.0,0.0
1653307200000,134855.5938549963,134855.5938549963,0,0.0,0.0,0.0,0.0
1653321600000,134855.5938549963,134855.5938549963,0,0.0,0.0,0.0,0.0
1653336000000,134855.5938549963,134855.5938549963,0,0.0,0.0,0.0,0.0
1653350400000,134855.5938549963,134855.5938549963,0,0.0,0.0,0.0,0.0
1653364800000,134855.5938549963,134855.5938549963,0,0.0,0.0,0.0,0.0
1653379200000,134855.5938549963,134855.5938549963,0,0.0,0.0,0.0,0.0
1653393600000,134855.5938549963,134855.5938549963,0,0.0,0.0,0.0,0.0
1653408000000,134855.5938549963,134855.5938549963,0,0.0,0.0,0.0,0.0
1653422400000,134855.5938549963,134855.5938549963,0,0.0,0.0,0.0,0.0
1653436800000,134855.5938549963,134855.5938549963,0,0.0,0.0,0.0,0.0
1653451200000,134855.5938549963,134855.5938549963,0,0.0,0.0,0.0,0.0
1653465600000,134855.5938549963,134855.5938549963,0,0.0,0.0,0.0,0.0
1653480000000,134855.5938549963,134855.5938549963,0,0.0,0.0,0.0,0.0
1653494400000,132136.68078003585,132136.68078003585,0,0.0,0.0,0.0,0.0
1653508800000,132136.68078003585,132136.68078003585,0,0.0,0.0,0.0,0.0
1653523200000,132136.68078003585,132136.68078003585,0,0.0,0.0,0.0,0.0
1653537600000,132136.68078003585,132136.68078003585,0,0.0,0.0,0.0,0.0
1653552000000,132136.68078003585,132136.68078003585,0,0.0,0.0,0.0,0.0
1653566400000,132136.68078003585,132136.68078003585,0,0.0,0.0,0.0,0.0
1653580800000,129480.20557693281,129480.20557693281,0,0.0,0.0,0.0,0.0
1653595200000,129480.20557693281,129480.20557693281,0,0.0,0.0,0.0,0.0
1653609600000,129480.20557693281,129480.20557693281,0,0.0,0.0,0.0,0.0
1653624000000,129480.20557693281,129480.20557693281,0,0.0,0.0,0.0,0.0
1653638400000,129480.20557693281,129480.20557693281,0,0.0,0.0,0.0,0.0
1653652800000,129480.20557693281,129480.20557693281,0,0.0,0.0,0.0,0.0
1653667200000,129480.20557693281,129480.20557693281,0,0.0,0.0,0.0,0.0
1653681600000,129480.20557693281,129480.20557693281,0,0.0,0.0,0.0,0.0
1653696000000,129480.20557693281,129480.20557693281,0,0.0,0.0,0.0,0.0
1653710400000,129480.20557693281,129480.20557693281,0,0.0,0.0,0.0,0.0
1653724800000,129480.20557693281,129480.20557693281,0,0.0,0.0,0.0,0.0
1653739200000,129480.20557693281,129480.20557693281,0,0.0,0.0,0.0,0.0
1653753600000,129480.20557693281,129480.20557693281,0,0.0,0.0,0.0,0.0
1653768000000,129480.20557693281,129480.20557693281,0,0.0,0.0,0.0,0.0
1653782400000,129480.20557693281,129480.20557693281,0,0.0,0.0,0.0,0.0
1653796800000,129480.20557693281,129480.20557693281,0,0.0,0.0,0.0,0.0
1653811200000,129480.20557693281,129480.20557693281,0,0.0,0.0,0.0,0.0
1653825600000,129480.20557693281,129480.20557693281,0,0.0,0.0,0.0,0.0
1653840000000,129480.20557693281,129480.20557693281,0,0.0,0.0,0.0,0.0
1653854400000,129480.20557693281,129480.20557693281,0,0.0,0.0,0.0,0.0
1653868800000,129480.20557693281,129480.20557693281,0,0.0,0.0,0.0,0.0
1653883200000,129480.20557693281,129480.20557693281,0,0.0,0.0,0.0,0.0
1653897600000,129480.20557693281,129480.20557693281,0,0.0,0.0,0.0,0.0
1653912000000,129480.20557693281,129480.20557693281,0,0.0,0.0,0.0,0.0
1653926400000,129480.20557693281,129480.20557693281,0,0.0,0.0,0.0,0.0
1653940800000,129480.20557693281,129480.20557693281,0,0.0,0.0,0.0,0.0
1653955200000,129480.20557693281,129480.20557693281,0,0.0,0.0,0.0,0.0
1653969600000,129480.20557693281,129480.20557693281,0,0.0,0.0,0.0,0.0
1653984000000,129480.20557693281,129480.20557693281,0,0.0,0.0,0.0,0.0
1653998400000,129480.20557693281,129480.20557693281,0,0.0,0.0,0.0,0.0
1654012800000,129480.20557693281,129480.20557693281,0,0.0,0.0,0.0,0.0
1654027200000,129480.20557693281,129480.20557693281,0,0.0,0.0,0.0,0.0
1654041600000,129480.20557693281,129480.20557693281,0,0.0,0.0,0.0,0.0
1654056000000,129480.20557693281,129480.20557693281,0,0.0,0.0,0.0,0.0
1654070400000,129480.20557693281,129480.20557693281,0,0.0,0.0,0.0,0.0
1654084800000,129480.20557693281,129480.20557693281,0,0.0,0.0,0.0,0.0
1654099200000,129480.20557693281,129480.20557693281,0,0.0,0.0,0.0,0.0
1654113600000,129480.20557693281,129480.20557693281,0,0.0,0.0,0.0,0.0
1654128000000,129480.20557693281,129480.20557693281,0,0.0,0.0,0.0,0.0
1654142400000,129480.20557693281,129480.20557693281,0,0.0,0.0,0.0,0.0
1654156800000,129480.20557693281,129480.20557693281,0,0.0,0.0,0.0,0.0
1654171200000,129480.20557693281,129480.20557693281,0,0.0,0.0,0.0,0.0
1654185600000,129480.20557693281,129480.20557693281,0,0.0,0.0,0.0,0.0
1654200000000,129480.20557693281,129480.20557693281,0,0.0,0.0,0.0,0.0
1654214400000,129480.20557693281,129480.20557693281,0,0.0,0.0,0.0,0.0
1654228800000,129480.20557693281,129480.20557693281,0,0.0,0.0,0.0,0.0
1654243200000,129480.20557693281,129480.20557693281,0,0.0,0.0,0.0,0.0
1654257600000,129480.20557693281,129480.20557693281,0,0.0,0.0,0.0,0.0
1654272000000,129480.20557693281,129480.20557693281,0,0.0,0.0,0.0,0.0
1654286400000,129480.20557693281,129480.20557693281,0,0.0,0.0,0.0,0.0
1654300800000,129480.20557693281,129480.20557693281,0,0.0,0.0,0.0,0.0
1654315200000,129480.20557693281,129480.20557693281,0,0.0,0.0,0.0,0.0
1654329600000,129480.20557693281,129480.20557693281,0,0.0,0.0,0.0,0.0
1654344000000,129480.20557693281,129480.20557693281,0,0.0,0.0,0.0,0.0
1654358400000,129480.20557693281,129480.20557693281,0,0.0,0.0,0.0,0.0
1654372800000,129480.20557693281,129480.20557693281,0,0.0,0.0,0.0,0.0
1654387200000,129480.20557693281,129480.20557693281,0,0.0,0.0,0.0,0.0
1654401600000,129480.20557693281,129480.20557693281,0,0.0,0.0,0.0,0.0
1654416000000,129480.20557693281,129480.20557693281,0,0.0,0.0,0.0,0.0
1654430400000,129480.20557693281,129480.20557693281,0,0.0,0.0,0.0,0.0
1654444800000,129480.20557693281,129480.20557693281,0,0.0,0.0,0.0,0.0
1654459200000,129480.20557693281,129480.20557693281,0,0.0,0.0,0.0,0.0
1654473600000,129480.20557693281,129480.20557693281,0,0.0,0.0,0.0,0.0
1654488000000,129480.20557693281,129480.20557693281,0,0.0,0.0,0.0,0.0
1654502400000,129480.20557693281,129480.20557693281,0,0.0,0.0,0.0,0.0
1654516800000,129480.20557693281,129480.20557693281,0,0.0,0.0,0.0,0.0
1654531200000,129480.20557693281,129480.20557693281,0,0.0,0.0,0.0,0.0
1654545600000,129480.20557693281,129480.20557693281,0,0.0,0.0,0.0,0.0
1654560000000,129480.20557693281,129480.20557693281,0,0.0,0.0,0.0,0.0
1654574400000,129480.20557693281,129480.20557693281,0,0.0,0.0,0.0,0.0
1654588800000,129515.71567331685,129480.20557693281,2,195372.42370549252,5178.321005087727,5178.321005087727,195372.42370549252
1654603200000,133015.174940708,129443.3685984241,2,191836.12745959265,5178.321005087727,5178.321005087727,191836.12745959265
1654617600000,129458.63099659246,129443.3685984241,2,195392.67140370817,5178.321005087727,5178.321005087727,195392.67140370817
1654632000000,125456.90282697263,125456.90282697263,0,0.0,0.0,0.0,0.0
1654646400000,125456.90282697263,125456.90282697263,0,0.0,0.0,0.0,0.0
1654660800000,125456.90282697263,125456.90282697263,0,0.0,0.0,0.0,0.0
1654675200000,125456.90282697263,125456.90282697263,0,0.0,0.0,0.0,0.0
1654689600000,125456.90282697263,125456.90282697263,0,0.0,0.0,0.0,0.0
1654704000000,125456.90282697263,125456.90282697263,0,0.0,0.0,0.0,0.0
1654718400000,125456.90282697263,125456.90282697263,0,0.0,0.0,0.0,0.0
1654732800000,125456.90282697263,125456.90282697263,0,0.0,0.0,0.0,0.0
1654747200000,125456.90282697263,125456.90282697263,0,0.0,0.0,0.0,0.0
1654761600000,125456.90282697263,125456.90282697263,0,0.0,0.0,0.0,0.0
1654776000000,125456.90282697263,125456.90282697263,0,0.0,0.0,0.0,0.0
1654790400000,125456.90282697263,125456.90282697263,0,0.0,0.0,0.0,0.0
1654804800000,125456.90282697263,125456.90282697263,0,0.0,0.0,0.0,0.0
1654819200000,125456.90282697263,125456.90282697263,0,0.0,0.0,0.0,0.0
1654833600000,125456.90282697263,125456.90282697263,0,0.0,0.0,0.0,0.0
1654848000000,125456.90282697263,125456.90282697263,0,0.0,0.0,0.0,0.0
1654862400000,125456.90282697263,125456.90282697263,0,0.0,0.0,0.0,0.0
1654876800000,125456.90282697263,125456.90282697263,0,0.0,0.0,0.0,0.0
1654891200000,128216.36329349094,125456.90282697263,1,122190.37170361662,2509.1380565394525,2509.1380565394525,122190.37170361662
1654905600000,128048.29002178105,125456.90282697263,2,207978.06494131987,5073.465322409271,5073.465322409271,207978.06494131987
1654920000000,126554.2534873087,125422.88397872042,2,209438.08262754002,5073.465322409271,5073.465322409271,209438.08262754002
1654934400000,125572.15203111486,125422.88397872042,2,210420.18408373382,5073.465322409271,5073.465322409271,210420.18408373382
1654948800000,134425.11792121248,127920.74755232364,2,141590.16568217197,3818.896294139545,3818.896294139545,141590.16568217197
1654963200000,141289.0728974029,130477.02572165003,3,128058.65456355372,4094.8410839135904,4094.8410839135904,128058.65456355372
1654977600000,139218.77811347228,130430.89809391207,3,130082.82171974637,4094.8410839135904,4094.8410839135904,130082.82171974637
1654992000000,141181.62325545592,130430.89809391207,3,128119.97657776272,4094.8410839135904,4094.8410839135904,128119.97657776272
1655006400000,147265.00928768946,131958.06169367945,3,106770.76630967535,3315.7868725591134,3315.7868725591134,106770.76630967535
1655020800000,146499.79061612565,131958.06169367945,3,107535.98498123913,3315.7868725591134,3315.7868725591134,107535.98498123913
1655035200000,147176.68058284896,131919.63551969276,3,106820.66884052914,3315.7868725591134,3315.7868725591134,106820.66884052914
1655049600000,144734.21985206954,131919.63551969276,3,109263.12957130857,3315.7868725591134,3315.7868725591134,109263.12957130857
1655064000000,144769.27468410198,138769.2224918089,2,53602.74562632482,2061.217844289387,2061.217844289387,53602.74562632482
1655078400000,147585.53049644086,138769.2224918089,2,50786.48981398592,2061.217844289387,2061.217844289387,50786.48981398592
1655092800000,149513.2832234323,138756.83780474286,2,48846.35239992842,2061.217844289387,2061.217844289387,48846.35239992842
1655107200000,151281.3699334103,138756.83780474286,2,47078.265689950465,2061.217844289387,2061.217844289387,47078.265689950465
1655121600000,153252.58927035014,138742.68329533553,2,45092.891843603276,2061.217844289387,2061.217844289387,45092.891843603276
1655136000000,151964.41653451583,138742.68329533553,2,46381.06457943759,2061.217844289387,2061.217844289387,46381.06457943759
1655150400000,152137.65475244395,138741.75406314697,2,46206.897129320925,2061.217844289387,2061.217844289387,46206.897129320925
1655164800000,152592.41575779003,142123.95344790863,1,32341.347673115266,1282.1636329349094,1282.1636329349094,32341.347673115266
1655179200000,151647.1363971385,142127.19043339387,1,33289.86401925204,1282.1636329349094,1282.1636329349094,33289.86401925204
1655193600000,150876.4065865113,150876.4065865113,0,0.0,0.0,0.0,0.0
1655208000000,150876.4065865113,150876.4065865113,0,0.0,0.0,0.0,0.0
1655222400000,150876.4065865113,150876.4065865113,0,0.0,0.0,0.0,0.0
1655236800000,150876.4065865113,150876.4065865113,0,0.0,0.0,0.0,0.0
1655251200000,150876.4065865113,150876.4065865113,0,0.0,0.0,0.0,0.0
1655265600000,150876.4065865113,150876.4065865113,0,0.0,0.0,0.0,0.0
1655280000000,150876.4065865113,150876.4065865113,0,0.0,0.0,0.0,0.0
1655294400000,150876.4065865113,150876.4065865113,0,0.0,0.0,0.0,0.0
1655308800000,150876.4065865113,150876.4065865113,0,0.0,0.0,0.0,0.0
1655323200000,150876.4065865113,150876.4065865113,0,0.0,0.0,0.0,0.0
1655337600000,150876.4065865113,150876.4065865113,0,0.0,0.0,0.0,0.0
1655352000000,150876.4065865113,150876.4065865113,0,0.0,0.0,0.0,0.0
1655366400000,150876.4065865113,150876.4065865113,0,0.0,0.0,0.0,0.0
1655380800000,150876.4065865113,150876.4065865113,0,0.0,0.0,0.0,0.0
1655395200000,150876.4065865113,150876.4065865113,0,0.0,0.0,0.0,0.0
1655409600000,150876.4065865113,150876.4065865113,0,0.0,0.0,0.0,0.0
1655424000000,150876.4065865113,150876.4065865113,0,0.0,0.0,0.0,0.0
1655438400000,150876.4065865113,150876.4065865113,0,0.0,0.0,0.0,0.0
1655452800000,150876.4065865113,150876.4065865113,0,0.0,0.0,0.0,0.0
1655467200000,150876.4065865113,150876.4065865113,0,0.0,0.0,0.0,0.0
1655481600000,150876.4065865113,150876.4065865113,0,0.0,0.0,0.0,0.0
1655496000000,150876.4065865113,150876.4065865113,0,0.0,0.0,0.0,0.0
1655510400000,150876.4065865113,150876.4065865113,0,0.0,0.0,0.0,0.0
1655524800000,150876.4065865113,150876.4065865113,0,0.0,0.0,0.0,0.0
1655539200000,150876.4065865113,150876.4065865113,0,0.0,0.0,0.0,0.0
1655553600000,150876.4065865113,150876.4065865113,0,0.0,0.0,0.0,0.0
1655568000000,150876.4065865113,150876.4065865113,0,0.0,0.0,0.0,0.0
1655582400000,150876.4065865113,150876.4065865113,0,0.0,0.0,0.0,0.0
1655596800000,150876.4065865113,150876.4065865113,0,0.0,0.0,0.0,0.0
1655611200000,150876.4065865113,150876.4065865113,0,0.0,0.0,0.0,0.0
1655625600000,150876.4065865113,150876.4065865113,0,0.0,0.0,0.0,0.0
1655640000000,150876.4065865113,150876.4065865113,0,0.0,0.0,0.0,0.0
1655654400000,150876.4065865113,150876.4065865113,0,0.0,0.0,0.0,0.0
1655668800000,150876.4065865113,150876.4065865113,0,0.0,0.0,0.0,0.0
1655683200000,150876.4065865113,150876.4065865113,0,0.0,0.0,0.0,0.0
1655697600000,150876.4065865113,150876.4065865113,0,0.0,0.0,0.0,0.0
1655712000000,150876.4065865113,150876.4065865113,0,0.0,0.0,0.0,0.0
1655726400000,150876.4065865113,150876.4065865113,0,0.0,0.0,0.0,0.0
1655740800000,150876.4065865113,150876.4065865113,0,0.0,0.0,0.0,0.0
1655755200000,150876.4065865113,150876.4065865113,0,0.0,0.0,0.0,0.0
1655769600000,150876.4065865113,150876.4065865113,0,0.0,0.0,0.0,0.0
1655784000000,150876.4065865113,150876.4065865113,0,0.0,0.0,0.0,0.0
1655798400000,150876.4065865113,150876.4065865113,0,0.0,0.0,0.0,0.0
1655812800000,150876.4065865113,150876.4065865113,0,0.0,0.0,0.0,0.0
1655827200000,150876.4065865113,150876.4065865113,0,0.0,0.0,0.0,0.0
1655841600000,150876.4065865113,150876.4065865113,0,0.0,0.0,0.0,0.0
1655856000000,150876.4065865113,150876.4065865113,0,0.0,0.0,0.0,0.0
1655870400000,150876.4065865113,150876.4065865113,0,0.0,0.0,0.0,0.0
1655884800000,150876.4065865113,150876.4065865113,0,0.0,0.0,0.0,0.0
1655899200000,150876.4065865113,150876.4065865113,0,0.0,0.0,0.0,0.0
1655913600000,150876.4065865113,150876.4065865113,0,0.0,0.0,0.0,0.0
1655928000000,150876.4065865113,150876.4065865113,0,0.0,0.0,0.0,0.0
1655942400000,150876.4065865113,150876.4065865113,0,0.0,0.0,0.0,0.0
1655956800000,150876.4065865113,150876.4065865113,0,0.0,0.0,0.0,0.0
1655971200000,150876.4065865113,150876.4065865113,0,0.0,0.0,0.0,0.0
1655985600000,150876.4065865113,150876.4065865113,0,0.0,0.0,0.0,0.0
1656000000000,150876.4065865113,150876.4065865113,0,0.0,0.0,0.0,0.0
1656014400000,150876.4065865113,150876.4065865113,0,0.0,0.0,0.0,0.0
1656028800000,150876.4065865113,150876.4065865113,0,0.0,0.0,0.0,0.0
1656043200000,150876.4065865113,150876.4065865113,0,0.0,0.0,0.0,0.0
1656057600000,150876.4065865113,150876.4065865113,0,0.0,0.0,0.0,0.0
1656072000000,150876.4065865113,150876.4065865113,0,0.0,0.0,0.0,0.0
1656086400000,150876.4065865113,150876.4065865113,0,0.0,0.0,0.0,0.0
1656100800000,150876.4065865113,150876.4065865113,0,0.0,0.0,0.0,0.0
1656115200000,150876.4065865113,150876.4065865113,0,0.0,0.0,0.0,0.0
1656129600000,150876.4065865113,150876.4065865113,0,0.0,0.0,0.0,0.0
1656144000000,150876.4065865113,150876.4065865113,0,0.0,0.0,0.0,0.0
1656158400000,150876.4065865113,150876.4065865113,0,0.0,0.0,0.0,0.0
1656172800000,150876.4065865113,150876.4065865113,0,0.0,0.0,0.0,0.0
1656187200000,150876.4065865113,150876.4065865113,0,0.0,0.0,0.0,0.0
1656201600000,150876.4065865113,150876.4065865113,0,0.0,0.0,0.0,0.0
1656216000000,150876.4065865113,150876.4065865113,0,0.0,0.0,0.0,0.0
1656230400000,150876.4065865113,150876.4065865113,0,0.0,0.0,0.0,0.0
1656244800000,150876.4065865113,150876.4065865113,0,0.0,0.0,0.0,0.0
1656259200000,150876.4065865113,150876.4065865113,0,0.0,0.0,0.0,0.0
1656273600000,150876.4065865113,150876.4065865113,0,0.0,0.0,0.0,0.0
1656288000000,150876.4065865113,150876.4065865113,0,0.0,0.0,0.0,0.0
1656302400000,150876.4065865113,150876.4065865113,0,0.0,0.0,0.0,0.0
1656316800000,150876.4065865113,150876.4065865113,0,0.0,0.0,0.0,0.0
1656331200000,150876.4065865113,150876.4065865113,0,0.0,0.0,0.0,0.0
1656345600000,150876.4065865113,150876.4065865113,0,0.0,0.0,0.0,0.0
1656360000000,151551.20368761013,150876.4065865113,1,66994.38352230605,3017.528131730226,3017.528131730226,66994.38352230605
1656374400000,151222.44732007236,150876.4065865113,1,67323.13988984382,3017.528131730226,3017.528131730226,67323.13988984382
1656388800000,152023.3847045916,150875.14219673,2,202859.3598096085,6041.951790336047,6041.951790336047,202859.3598096085
1656403200000,150069.0587929076,150875.14219673,2,204813.6857212925,6041.951790336047,6041.951790336047,204813.6857212925
1656417600000,147028.6113599976,147802.39700336204,1,68442.96626676935,3017.528131730226,3017.528131730226,68442.96626676935
1656432000000,145056.88932596674,145056.88932596674,0,0.0,0.0,0.0,0.0
1656446400000,145056.88932596674,145056.88932596674,0,0.0,0.0,0.0,0.0
1656460800000,145787.24043576632,145056.88932596674,2,215550.41955208484,5801.224613423421,5801.224613423421,215550.41955208484
1656475200000,145688.5200886984,145065.06346456677,2,215657.3140377528,5801.224613423421,5801.224613423421,215657.3140377528
1656489600000,148022.0891223884,145065.06346456677,2,213323.7450040628,5801.224613423421,5801.224613423421,213323.7450040628
1656504000000,148836.25101021305,145077.35819180513,2,212521.87784347648,5801.224613423421,5801.224613423421,212521.87784347648
1656518400000,149243.30444877688,145077.35819180513,2,212114.82440491268,5801.224613423421,5801.224613423421,212114.82440491268
1656532800000,148063.82852233705,145085.22640190736,2,213302.16854145474,5801.224613423421,5801.224613423421,213302.16854145474
1656547200000,150092.18342312038,145085.22640190736,2,211273.8136406714,5801.224613423421,5801.224613423421,211273.8136406714
1656561600000,151439.58375559576,147980.62266344452,2,170353.26319668855,4351.181199971378,4351.181199971378,170353.26319668855
1656576000000,157161.2351062038,150869.20630972958,2,101848.35653446801,2900.6123067117105,2900.6123067117105,101848.35653446801
1656590400000,159677.9301302157,150863.32699988259,2,99325.78220060909,2900.6123067117105,2900.6123067117105,99325.78220060909
1656604800000,158093.16514869014,150863.32699988259,3,201169.71609646193,6094.170909316024,6094.170909316024,201169.71609646193
1656619200000,158965.25553291998,150823.84211113636,3,200258.14082348585,6094.170909316024,6094.170909316024,200258.14082348585
1656633600000,152782.2546754214,152782.2546754214,0,0.0,0.0,0.0,0.0
1656648000000,152782.2546754214,152782.2546754214,0,0.0,0.0,0.0,0.0
1656662400000,152782.2546754214,152782.2546754214,0,0.0,0.0,0.0,0.0
1656676800000,152782.2546754214,152782.2546754214,0,0.0,0.0,0.0,0.0
1656691200000,152782.2546754214,152782.2546754214,0,0.0,0.0,0.0,0.0
1656705600000,152782.2546754214,152782.2546754214,0,0.0,0.0,0.0,0.0
1656720000000,152782.2546754214,152782.2546754214,0,0.0,0.0,0.0,0.0
1656734400000,152782.2546754214,152782.2546754214,0,0.0,0.0,0.0,0.0
1656748800000,152782.2546754214,152782.2546754214,0,0.0,0.0,0.0,0.0
1656763200000,152782.2546754214,152782.2546754214,0,0.0,0.0,0.0,0.0
1656777600000,152782.2546754214,152782.2546754214,0,0.0,0.0,0.0,0.0
1656792000000,152782.2546754214,152782.2546754214,0,0.0,0.0,0.0,0.0
1656806400000,152782.2546754214,152782.2546754214,0,0.0,0.0,0.0,0.0
1656820800000,152782.2546754214,152782.2546754214,0,0.0,0.0,0.0,0.0
1656835200000,152782.2546754214,152782.2546754214,0,0.0,0.0,0.0,0.0
1656849600000,152782.2546754214,152782.2546754214,0,0.0,0.0,0.0,0.0
1656864000000,152782.2546754214,152782.2546754214,0,0.0,0.0,0.0,0.0
1656878400000,152782.2546754214,152782.2546754214,0,0.0,0.0,0.0,0.0
1656892800000,152782.2546754214,152782.2546754214,0,0.0,0.0,0.0,0.0
1656907200000,152782.2546754214,152782.2546754214,0,0.0,0.0,0.0,0.0
1656921600000,152782.2546754214,152782.2546754214,0,0.0,0.0,0.0,0.0
1656936000000,152782.2546754214,152782.2546754214,0,0.0,0.0,0.0,0.0
1656950400000,152782.2546754214,152782.2546754214,0,0.0,0.0,0.0,0.0
1656964800000,152782.2546754214,152782.2546754214,0,0.0,0.0,0.0,0.0
1656979200000,152782.2546754214,152782.2546754214,0,0.0,0.0,0.0,0.0
1656993600000,152782.2546754214,152782.2546754214,0,0.0,0.0,0.0,0.0
1657008000000,152782.2546754214,152782.2546754214,0,0.0,0.0,0.0,0.0
1657022400000,152782.2546754214,152782.2546754214,0,0.0,0.0,0.0,0.0
1657036800000,152782.2546754214,152782.2546754214,0,0.0,0.0,0.0,0.0
1657051200000,149705.5705131202,149705.5705131202,0,0.0,0.0,0.0,0.0
1657065600000,149705.5705131202,149705.5705131202,0,0.0,0.0,0.0,0.0
1657080000000,149705.5705131202,149705.5705131202,0,0.0,0.0,0.0,0.0
1657094400000,149705.5705131202,149705.5705131202,0,0.0,0.0,0.0,0.0
1657108800000,149705.5705131202,149705.5705131202,0,0.0,0.0,0.0,0.0
1657123200000,149705.5705131202,149705.5705131202,0,0.0,0.0,0.0,0.0
1657137600000,149705.5705131202,149705.5705131202,0,0.0,0.0,0.0,0.0
1657152000000,149705.5705131202,149705.5705131202,0,0.0,0.0,0.0,0.0
1657166400000,149705.5705131202,149705.5705131202,0,0.0,0.0,0.0,0.0
1657180800000,149705.5705131202,149705.5705131202,0,0.0,0.0,0.0,0.0
1657195200000,149705.5705131202,149705.5705131202,0,0.0,0.0,0.0,0.0
1657209600000,149705.5705131202,149705.5705131202,0,0.0,0.0,0.0,0.0
1657224000000,149705.5705131202,149705.5705131202,0,0.0,0.0,0.0,0.0
1657238400000,149705.5705131202,149705.5705131202,0,0.0,0.0,0.0,0.0
1657252800000,149705.5705131202,149705.5705131202,0,0.0,0.0,0.0,0.0
1657267200000,149705.5705131202,149705.5705131202,0,0.0,0.0,0.0,0.0
1657281600000,149705.5705131202,149705.5705131202,0,0.0,0.0,0.0,0.0
1657296000000,149705.5705131202,149705.5705131202,0,0.0,0.0,0.0,0.0
1657310400000,149705.5705131202,149705.5705131202,0,0.0,0.0,0.0,0.0
1657324800000,149705.5705131202,149705.5705131202,0,0.0,0.0,0.0,0.0
1657339200000,149705.5705131202,149705.5705131202,0,0.0,0.0,0.0,0.0
1657353600000,149705.5705131202,149705.5705131202,0,0.0,0.0,0.0,0.0
1657368000000,149705.5705131202,149705.5705131202,0,0.0,0.0,0.0,0.0
1657382400000,149705.5705131202,149705.5705131202,0,0.0,0.0,0.0,0.0
1657396800000,149705.5705131202,149705.5705131202,0,0.0,0.0,0.0,0.0
1657411200000,149705.5705131202,149705.5705131202,0,0.0,0.0,0.0,0.0
1657425600000,149705.5705131202,149705.5705131202,0,0.0,0.0,0.0,0.0
1657440000000,149705.5705131202,149705.5705131202,0,0.0,0.0,0.0,0.0
1657454400000,149705.5705131202,149705.5705131202,0,0.0,0.0,0.0,0.0
1657468800000,149705.5705131202,149705.5705131202,0,0.0,0.0,0.0,0.0
1657483200000,147781.08065642117,149705.5705131202,2,286403.39231918595,5986.884968618221,5986.884968618221,286403.39231918595
1657497600000,147797.25301171318,149705.5705131202,2,286387.21996389393,5986.884968618221,5986.884968618221,286387.21996389393
1657512000000,149943.14548746237,149693.55482191808,2,284229.3117969426,5986.884968618221,5986.884968618221,284229.3117969426
1657526400000,149783.88621331536,149693.55482191808,2,284388.5710710896,5986.884968618221,5986.884968618221,284388.5710710896
1657540800000,147670.02417472488,146677.11412774306,1,166205.13197887584,2994.111410262404,2994.111410262404,166205.13197887584
1657555200000,147622.5703801879,146677.11412774306,2,265234.0583795623,5906.800966988995,5906.800966988995,265234.0583795623
1657569600000,146900.7795675817,146677.3802389103,2,265956.1153033357,5906.800966988995,5906.800966988995,265956.1153033357
1657584000000,156960.92705406426,146677.3802389103,2,255895.9678168532,5906.800966988995,5906.800966988995,255895.9678168532
1657598400000,156771.18272221184,149628.74913674913,3,186152.4437677888,4781.443771978178,4781.443771978178,186152.4437677888
1657612800000,157757.14244117902,149628.74913674913,3,185166.4840488216,4781.443771978178,4781.443771978178,185166.4840488216
1657627200000,156054.64724632658,149613.1137177872,3,186853.3438247121,4781.443771978178,4781.443771978178,186853.3438247121
1657641600000,154231.53506144503,149239.19799121795,2,177588.15654885123,4409.745261857794,4409.745261857794,177588.15654885123
1657656000000,159081.93417072628,152122.61364481726,2,126130.43679009454,2953.4004834944976,2953.4004834944976,126130.43679009454
1657670400000,160137.31486614016,152122.61364481726,2,125075.05609468065,2953.4004834944976,2953.4004834944976,125075.05609468065
1657684800000,158712.10795968628,152112.0747618458,2,126489.72411816311,2953.4004834944976,2953.4004834944976,126489.72411816311
1657699200000,156726.7920768357,152112.0747618458,2,128475.0400010137,2953.4004834944976,2953.4004834944976,128475.0400010137
1657713600000,156128.1395117441,152095.36389597398,2,129056.98170023342,2953.4004834944976,2953.4004834944976,129056.98170023342
1657728000000,155225.60402809954,155225.60402809954,0,0.0,0.0,0.0,0.0
1657742400000,155225.60402809954,155225.60402809954,0,0.0,0.0,0.0,0.0
1657756800000,155225.60402809954,155225.60402809954,0,0.0,0.0,0.0,0.0
1657771200000,155225.60402809954,155225.60402809954,0,0.0,0.0,0.0,0.0
1657785600000,155225.60402809954,155225.60402809954,0,0.0,0.0,0.0,0.0
1657800000000,155225.60402809954,155225.60402809954,0,0.0,0.0,0.0,0.0
1657814400000,155225.60402809954,155225.60402809954,0,0.0,0.0,0.0,0.0
1657828800000,155225.60402809954,155225.60402809954,0,0.0,0.0,0.0,0.0
1657843200000,155225.60402809954,155225.60402809954,0,0.0,0.0,0.0,0.0
1657857600000,155225.60402809954,155225.60402809954,0,0.0,0.0,0.0,0.0
1657872000000,155225.60402809954,155225.60402809954,0,0.0,0.0,0.0,0.0
1657886400000,155225.60402809954,155225.60402809954,0,0.0,0.0,0.0,0.0
1657900800000,155225.60402809954,155225.60402809954,0,0.0,0.0,0.0,0.0
1657915200000,155225.60402809954,155225.60402809954,0,0.0,0.0,0.0,0.0
1657929600000,155225.60402809954,155225.60402809954,0,0.0,0.0,0.0,0.0
1657944000000,155225.60402809954,155225.60402809954,0,0.0,0.0,0.0,0.0
1657958400000,155225.60402809954,155225.60402809954,0,0.0,0.0,0.0,0.0
1657972800000,155225.60402809954,155225.60402809954,0,0.0,0.0,0.0,0.0
1657987200000,155225.60402809954,155225.60402809954,0,0.0,0.0,0.0,0.0
1658001600000,155225.60402809954,155225.60402809954,0,0.0,0.0,0.0,0.0
1658016000000,155225.60402809954,155225.60402809954,0,0.0,0.0,0.0,0.0
1658030400000,155225.60402809954,155225.60402809954,0,0.0,0.0,0.0,0.0
1658044800000,155225.60402809954,155225.60402809954,0,0.0,0.0,0.0,0.0
1658059200000,155225.60402809954,155225.60402809954,0,0.0,0.0,0.0,0.0
1658073600000,155225.60402809954,155225.60402809954,0,0.0,0.0,0.0,0.0
1658088000000,155225.60402809954,155225.60402809954,0,0.0,0.0,0.0,0.0
1658102400000,155225.60402809954,155225.60402809954,0,0.0,0.0,0.0,0.0
1658116800000,155225.60402809954,155225.60402809954,0,0.0,0.0,0.0,0.0
1658131200000,155225.60402809954,155225.60402809954,0,0.0,0.0,0.0,0.0
1658145600000,155225.60402809954,155225.60402809954,0,0.0,0.0,0.0,0.0
1658160000000,155225.60402809954,155225.60402809954,0,0.0,0.0,0.0,0.0
1658174400000,155225.60402809954,155225.60402809954,0,0.0,0.0,0.0,0.0
1658188800000,155225.60402809954,155225.60402809954,0,0.0,0.0,0.0,0.0
1658203200000,155225.60402809954,155225.60402809954,0,0.0,0.0,0.0,0.0
1658217600000,155225.60402809954,155225.60402809954,0,0.0,0.0,0.0,0.0
1658232000000,155225.60402809954,155225.60402809954,0,0.0,0.0,0.0,0.0
1658246400000,155225.60402809954,155225.60402809954,0,0.0,0.0,0.0,0.0
1658260800000,155225.60402809954,155225.60402809954,0,0.0,0.0,0.0,0.0
1658275200000,155225.60402809954,155225.60402809954,0,0.0,0.0,0.0,0.0
1658289600000,155225.60402809954,155225.60402809954,0,0.0,0.0,0.0,0.0
1658304000000,155225.60402809954,155225.60402809954,0,0.0,0.0,0.0,0.0
1658318400000,155225.60402809954,155225.60402809954,0,0.0,0.0,0.0,0.0
1658332800000,155225.60402809954,155225.60402809954,0,0.0,0.0,0.0,0.0
1658347200000,155225.60402809954,155225.60402809954,0,0.0,0.0,0.0,0.0
1658361600000,155225.60402809954,155225.60402809954,0,0.0,0.0,0.0,0.0
1658376000000,155225.60402809954,155225.60402809954,0,0.0,0.0,0.0,0.0
1658390400000,155225.60402809954,155225.60402809954,0,0.0,0.0,0.0,0.0
1658404800000,155225.60402809954,155225.60402809954,0,0.0,0.0,0.0,0.0
1658419200000,155225.60402809954,155225.60402809954,0,0.0,0.0,0.0,0.0
1658433600000,155225.60402809954,155225.60402809954,0,0.0,0.0,0.0,0.0
1658448000000,155225.60402809954,155225.60402809954,0,0.0,0.0,0.0,0.0
1658462400000,155225.60402809954,155225.60402809954,0,0.0,0.0,0.0,0.0
1658476800000,155225.60402809954,155225.60402809954,0,0.0,0.0,0.0,0.0
1658491200000,155225.60402809954,155225.60402809954,0,0.0,0.0,0.0,0.0
1658505600000,155225.60402809954,155225.60402809954,0,0.0,0.0,0.0,0.0
1658520000000,155225.60402809954,155225.60402809954,0,0.0,0.0,0.0,0.0
1658534400000,155225.60402809954,155225.60402809954,0,0.0,0.0,0.0,0.0
1658548800000,155225.60402809954,155225.60402809954,0,0.0,0.0,0.0,0.0
1658563200000,155225.60402809954,155225.60402809954,0,0.0,0.0,0.0,0.0
1658577600000,155225.60402809954,155225.60402809954,0,0.0,0.0,0.0,0.0
1658592000000,155225.60402809954,155225.60402809954,0,0.0,0.0,0.0,0.0
1658606400000,155225.60402809954,155225.60402809954,0,0.0,0.0,0.0,0.0
1658620800000,155225.60402809954,155225.60402809954,0,0.0,0.0,0.0,0.0
1658635200000,155225.60402809954,155225.60402809954,0,0.0,0.0,0.0,0.0
1658649600000,155225.60402809954,155225.60402809954,0,0.0,0.0,0.0,0.0
1658664000000,155225.60402809954,155225.60402809954,0,0.0,0.0,0.0,0.0
1658678400000,155225.60402809954,155225.60402809954,0,0.0,0.0,0.0,0.0
1658692800000,155225.60402809954,155225.60402809954,0,0.0,0.0,0.0,0.0
1658707200000,155225.60402809954,155225.60402809954,0,0.0,0.0,0.0,0.0
1658721600000,155225.60402809954,155225.60402809954,0,0.0,0.0,0.0,0.0
1658736000000,155225.60402809954,155225.60402809954,0,0.0,0.0,0.0,0.0
1658750400000,155225.60402809954,155225.60402809954,0,0.0,0.0,0.0,0.0
1658764800000,155225.60402809954,155225.60402809954,0,0.0,0.0,0.0,0.0
1658779200000,155225.60402809954,155225.60402809954,0,0.0,0.0,0.0,0.0
1658793600000,155225.60402809954,155225.60402809954,0,0.0,0.0,0.0,0.0
1658808000000,155225.60402809954,155225.60402809954,0,0.0,0.0,0.0,0.0
1658822400000,155225.60402809954,155225.60402809954,0,0.0,0.0,0.0,0.0
1658836800000,155225.60402809954,155225.60402809954,0,0.0,0.0,0.0,0.0
1658851200000,155225.60402809954,155225.60402809954,0,0.0,0.0,0.0,0.0
1658865600000,155225.60402809954,155225.60402809954,0,0.0,0.0,0.0,0.0
1658880000000,155225.60402809954,155225.60402809954,0,0.0,0.0,0.0,0.0
1658894400000,155225.60402809954,155225.60402809954,0,0.0,0.0,0.0,0.0
1658908800000,155225.60402809954,155225.60402809954,0,0.0,0.0,0.0,0.0
1658923200000,155225.60402809954,155225.60402809954,0,0.0,0.0,0.0,0.0
1658937600000,155225.60402809954,155225.60402809954,0,0.0,0.0,0.0,0.0
1658952000000,155225.60402809954,155225.60402809954,0,0.0,0.0,0.0,0.0
1658966400000,155225.60402809954,155225.60402809954,0,0.0,0.0,0.0,0.0
1658980800000,155225.60402809954,155225.60402809954,0,0.0,0.0,0.0,0.0
1658995200000,155225.60402809954,155225.60402809954,0,0.0,0.0,0.0,0.0
1659009600000,155225.60402809954,155225.60402809954,0,0.0,0.0,0.0,0.0
1659024000000,155225.60402809954,155225.60402809954,0,0.0,0.0,0.0,0.0
1659038400000,155225.60402809954,155225.60402809954,0,0.0,0.0,0.0,0.0
1659052800000,155225.60402809954,155225.60402809954,0,0.0,0.0,0.0,0.0
1659067200000,155225.60402809954,155225.60402809954,0,0.0,0.0,0.0,0.0
1659081600000,155225.60402809954,155225.60402809954,0,0.0,0.0,0.0,0.0
1659096000000,155225.60402809954,155225.60402809954,0,0.0,0.0,0.0,0.0
1659110400000,155225.60402809954,155225.60402809954,0,0.0,0.0,0.0,0.0
1659124800000,155225.60402809954,155225.60402809954,0,0.0,0.0,0.0,0.0
1659139200000,155225.60402809954,155225.60402809954,0,0.0,0.0,0.0,0.0
1659153600000,155225.60402809954,155225.60402809954,0,0.0,0.0,0.0,0.0
1659168000000,155225.60402809954,155225.60402809954,0,0.0,0.0,0.0,0.0
1659182400000,155225.60402809954,155225.60402809954,0,0.0,0.0,0.0,0.0
1659196800000,155225.60402809954,155225.60402809954,0,0.0,0.0,0.0,0.0
1659211200000,155225.60402809954,155225.60402809954,0,0.0,0.0,0.0,0.0
1659225600000,155225.60402809954,155225.60402809954,0,0.0,0.0,0.0,0.0
1659240000000,155225.60402809954,155225.60402809954,0,0.0,0.0,0.0,0.0
1659254400000,155225.60402809954,155225.60402809954,0,0.0,0.0,0.0,0.0
1659268800000,155225.60402809954,155225.60402809954,0,0.0,0.0,0.0,0.0
1659283200000,155225.60402809954,155225.60402809954,0,0.0,0.0,0.0,0.0
1659297600000,155225.60402809954,155225.60402809954,0,0.0,0.0,0.0,0.0
1659312000000,155225.60402809954,155225.60402809954,0,0.0,0.0,0.0,0.0
1659326400000,155225.60402809954,155225.60402809954,0,0.0,0.0,0.0,0.0
1659340800000,155225.60402809954,155225.60402809954,0,0.0,0.0,0.0,0.0
1659355200000,155225.60402809954,155225.60402809954,0,0.0,0.0,0.0,0.0
1659369600000,155225.60402809954,155225.60402809954,0,0.0,0.0,0.0,0.0
1659384000000,155225.60402809954,155225.60402809954,0,0.0,0.0,0.0,0.0
1659398400000,155225.60402809954,155225.60402809954,0,0.0,0.0,0.0,0.0
1659412800000,155225.60402809954,155225.60402809954,0,0.0,0.0,0.0,0.0
1659427200000,155225.60402809954,155225.60402809954,0,0.0,0.0,0.0,0.0
1659441600000,155225.60402809954,155225.60402809954,0,0.0,0.0,0.0,0.0
1659456000000,155225.60402809954,155225.60402809954,0,0.0,0.0,0.0,0.0
1659470400000,155225.60402809954,155225.60402809954,0,0.0,0.0,0.0,0.0
1659484800000,155225.60402809954,155225.60402809954,0,0.0,0.0,0.0,0.0
1659499200000,155225.60402809954,155225.60402809954,0,0.0,0.0,0.0,0.0
1659513600000,155225.60402809954,155225.60402809954,0,0.0,0.0,0.0,0.0
1659528000000,155225.60402809954,155225.60402809954,0,0.0,0.0,0.0,0.0
1659542400000,155225.60402809954,155225.60402809954,0,0.0,0.0,0.0,0.0
1659556800000,155225.60402809954,155225.60402809954,0,0.0,0.0,0.0,0.0
1659571200000,155225.60402809954,155225.60402809954,0,0.0,0.0,0.0,0.0
1659585600000,155225.60402809954,155225.60402809954,0,0.0,0.0,0.0,0.0
1659600000000,155225.60402809954,155225.60402809954,0,0.0,0.0,0.0,0.0
1659614400000,155225.60402809954,155225.60402809954,0,0.0,0.0,0.0,0.0
1659628800000,155225.60402809954,155225.60402809954,0,0.0,0.0,0.0,0.0
1659643200000,155225.60402809954,155225.60402809954,0,0.0,0.0,0.0,0.0
1659657600000,155225.60402809954,155225.60402809954,0,0.0,0.0,0.0,0.0
1659672000000,155225.60402809954,155225.60402809954,0,0.0,0.0,0.0,0.0
1659686400000,155225.60402809954,155225.60402809954,0,0.0,0.0,0.0,0.0
1659700800000,155225.60402809954,155225.60402809954,0,0.0,0.0,0.0,0.0
1659715200000,155225.60402809954,155225.60402809954,0,0.0,0.0,0.0,0.0
1659729600000,155225.60402809954,155225.60402809954,0,0.0,0.0,0.0,0.0
1659744000000,155225.60402809954,155225.60402809954,0,0.0,0.0,0.0,0.0
1659758400000,155225.60402809954,155225.60402809954,0,0.0,0.0,0.0,0.0
1659772800000,155225.60402809954,155225.60402809954,0,0.0,0.0,0.0,0.0
1659787200000,155225.60402809954,155225.60402809954,0,0.0,0.0,0.0,0.0
1659801600000,155225.60402809954,155225.60402809954,0,0.0,0.0,0.0,0.0
1659816000000,155225.60402809954,155225.60402809954,0,0.0,0.0,0.0,0.0
1659830400000,155225.60402809954,155225.60402809954,0,0.0,0.0,0.0,0.0
1659844800000,155225.60402809954,155225.60402809954,0,0.0,0.0,0.0,0.0
1659859200000,155225.60402809954,155225.60402809954,0,0.0,0.0,0.0,0.0
1659873600000,155225.60402809954,155225.60402809954,0,0.0,0.0,0.0,0.0
1659888000000,155225.60402809954,155225.60402809954,0,0.0,0.0,0.0,0.0
1659902400000,155225.60402809954,155225.60402809954,0,0.0,0.0,0.0,0.0
1659916800000,155225.60402809954,155225.60402809954,0,0.0,0.0,0.0,0.0
1659931200000,155225.60402809954,155225.60402809954,0,0.0,0.0,0.0,0.0
1659945600000,155225.60402809954,155225.60402809954,0,0.0,0.0,0.0,0.0
1659960000000,155225.60402809954,155225.60402809954,0,0.0,0.0,0.0,0.0
1659974400000,155225.60402809954,155225.60402809954,0,0.0,0.0,0.0,0.0
1659988800000,155225.60402809954,155225.60402809954,0,0.0,0.0,0.0,0.0
1660003200000,155225.60402809954,155225.60402809954,0,0.0,0.0,0.0,0.0
1660017600000,155225.60402809954,155225.60402809954,0,0.0,0.0,0.0,0.0
1660032000000,155225.60402809954,155225.60402809954,0,0.0,0.0,0.0,0.0
1660046400000,155225.60402809954,155225.60402809954,0,0.0,0.0,0.0,0.0
1660060800000,155225.60402809954,155225.60402809954,0,0.0,0.0,0.0,0.0
1660075200000,155225.60402809954,155225.60402809954,0,0.0,0.0,0.0,0.0
1660089600000,155225.60402809954,155225.60402809954,0,0.0,0.0,0.0,0.0
1660104000000,155225.60402809954,155225.60402809954,0,0.0,0.0,0.0,0.0
1660118400000,155225.60402809954,155225.60402809954,0,0.0,0.0,0.0,0.0
1660132800000,155225.60402809954,155225.60402809954,0,0.0,0.0,0.0,0.0
1660147200000,155225.60402809954,155225.60402809954,0,0.0,0.0,0.0,0.0
1660161600000,155225.60402809954,155225.60402809954,0,0.0,0.0,0.0,0.0
1660176000000,155225.60402809954,155225.60402809954,0,0.0,0.0,0.0,0.0
1660190400000,155225.60402809954,155225.60402809954,0,0.0,0.0,0.0,0.0
1660204800000,155225.60402809954,155225.60402809954,0,0.0,0.0,0.0,0.0
1660219200000,155225.60402809954,155225.60402809954,0,0.0,0.0,0.0,0.0
1660233600000,155225.60402809954,155225.60402809954,0,0.0,0.0,0.0,0.0
1660248000000,155225.60402809954,155225.60402809954,0,0.0,0.0,0.0,0.0
1660262400000,155225.60402809954,155225.60402809954,0,0.0,0.0,0.0,0.0
1660276800000,155225.60402809954,155225.60402809954,0,0.0,0.0,0.0,0.0
1660291200000,155225.60402809954,155225.60402809954,0,0.0,0.0,0.0,0.0
1660305600000,155225.60402809954,155225.60402809954,0,0.0,0.0,0.0,0.0
1660320000000,155225.60402809954,155225.60402809954,0,0.0,0.0,0.0,0.0
1660334400000,155225.60402809954,155225.60402809954,0,0.0,0.0,0.0,0.0
1660348800000,155225.60402809954,155225.60402809954,0,0.0,0.0,0.0,0.0
1660363200000,155225.60402809954,155225.60402809954,0,0.0,0.0,0.0,0.0
1660377600000,155225.60402809954,155225.60402809954,0,0.0,0.0,0.0,0.0
1660392000000,155225.60402809954,155225.60402809954,0,0.0,0.0,0.0,0.0
1660406400000,155225.60402809954,155225.60402809954,0,0.0,0.0,0.0,0.0
1660420800000,155225.60402809954,155225.60402809954,0,0.0,0.0,0.0,0.0
1660435200000,155225.60402809954,155225.60402809954,0,0.0,0.0,0.0,0.0
1660449600000,155225.60402809954,155225.60402809954,0,0.0,0.0,0.0,0.0
1660464000000,155225.60402809954,155225.60402809954,0,0.0,0.0,0.0,0.0
1660478400000,155225.60402809954,155225.60402809954,0,0.0,0.0,0.0,0.0
1660492800000,155225.60402809954,155225.60402809954,0,0.0,0.0,0.0,0.0
1660507200000,155225.60402809954,155225.60402809954,0,0.0,0.0,0.0,0.0
1660521600000,155225.60402809954,155225.60402809954,0,0.0,0.0,0.0,0.0
1660536000000,155225.60402809954,155225.60402809954,0,0.0,0.0,0.0,0.0
1660550400000,155225.60402809954,155225.60402809954,0,0.0,0.0,0.0,0.0
1660564800000,155225.60402809954,155225.60402809954,0,0.0,0.0,0.0,0.0
1660579200000,155225.60402809954,155225.60402809954,0,0.0,0.0,0.0,0.0
1660593600000,155225.60402809954,155225.60402809954,0,0.0,0.0,0.0,0.0
1660608000000,155225.60402809954,155225.60402809954,0,0.0,0.0,0.0,0.0
1660622400000,155225.60402809954,155225.60402809954,0,0.0,0.0,0.0,0.0
1660636800000,155225.60402809954,155225.60402809954,0,0.0,0.0,0.0,0.0
1660651200000,155225.60402809954,155225.60402809954,0,0.0,0.0,0.0,0.0
1660665600000,155225.60402809954,155225.60402809954,0,0.0,0.0,0.0,0.0
1660680000000,155225.60402809954,155225.60402809954,0,0.0,0.0,0.0,0.0
1660694400000,155225.60402809954,155225.60402809954,0,0.0,0.0,0.0,0.0
1660708800000,155225.60402809954,155225.60402809954,0,0.0,0.0,0.0,0.0
1660723200000,155225.60402809954,155225.60402809954,0,0.0,0.0,0.0,0.0
1660737600000,155225.60402809954,155225.60402809954,0,0.0,0.0,0.0,0.0
1660752000000,155225.60402809954,155225.60402809954,0,0.0,0.0,0.0,0.0
1660766400000,155225.60402809954,155225.60402809954,0,0.0,0.0,0.0,0.0
1660780800000,155225.60402809954,155225.60402809954,0,0.0,0.0,0.0,0.0
1660795200000,155225.60402809954,155225.60402809954,0,0.0,0.0,0.0,0.0
1660809600000,155225.60402809954,155225.60402809954,0,0.0,0.0,0.0,0.0
1660824000000,155225.60402809954,155225.60402809954,0,0.0,0.0,0.0,0.0
1660838400000,155225.60402809954,155225.60402809954,0,0.0,0.0,0.0,0.0
1660852800000,155225.60402809954,155225.60402809954,0,0.0,0.0,0.0,0.0
1660867200000,155225.60402809954,155225.60402809954,0,0.0,0.0,0.0,0.0
1660881600000,155225.60402809954,155225.60402809954,0,0.0,0.0,0.0,0.0
1660896000000,155225.60402809954,155225.60402809954,0,0.0,0.0,0.0,0.0
1660910400000,155225.60402809954,155225.60402809954,0,0.0,0.0,0.0,0.0
1660924800000,155225.60402809954,155225.60402809954,0,0.0,0.0,0.0,0.0
1660939200000,155225.60402809954,155225.60402809954,0,0.0,0.0,0.0,0.0
1660953600000,155225.60402809954,155225.60402809954,0,0.0,0.0,0.0,0.0
1660968000000,155225.60402809954,155225.60402809954,0,0.0,0.0,0.0,0.0
1660982400000,155225.60402809954,155225.60402809954,0,0.0,0.0,0.0,0.0
1660996800000,155225.60402809954,155225.60402809954,0,0.0,0.0,0.0,0.0
1661011200000,155225.60402809954,155225.60402809954,0,0.0,0.0,0.0,0.0
1661025600000,155225.60402809954,155225.60402809954,0,0.0,0.0,0.0,0.0
1661040000000,155225.60402809954,155225.60402809954,0,0.0,0.0,0.0,0.0
1661054400000,155225.60402809954,155225.60402809954,0,0.0,0.0,0.0,0.0
1661068800000,155225.60402809954,155225.60402809954,0,0.0,0.0,0.0,0.0
1661083200000,155225.60402809954,155225.60402809954,0,0.0,0.0,0.0,0.0
1661097600000,155225.60402809954,155225.60402809954,0,0.0,0.0,0.0,0.0
1661112000000,155225.60402809954,155225.60402809954,0,0.0,0.0,0.0,0.0
1661126400000,155225.60402809954,155225.60402809954,0,0.0,0.0,0.0,0.0
1661140800000,155225.60402809954,155225.60402809954,0,0.0,0.0,0.0,0.0
1661155200000,155225.60402809954,155225.60402809954,0,0.0,0.0,0.0,0.0
1661169600000,155225.60402809954,155225.60402809954,0,0.0,0.0,0.0,0.0
1661184000000,155225.60402809954,155225.60402809954,0,0.0,0.0,0.0,0.0
1661198400000,155225.60402809954,155225.60402809954,0,0.0,0.0,0.0,0.0
1661212800000,155225.60402809954,155225.60402809954,0,0.0,0.0,0.0,0.0
1661227200000,155225.60402809954,155225.60402809954,0,0.0,0.0,0.0,0.0
1661241600000,155225.60402809954,155225.60402809954,0,0.0,0.0,0.0,0.0
1661256000000,155225.60402809954,155225.60402809954,0,0.0,0.0,0.0,0.0
1661270400000,155225.60402809954,155225.60402809954,0,0.0,0.0,0.0,0.0
1661284800000,155225.60402809954,155225.60402809954,0,0.0,0.0,0.0,0.0
1661299200000,155225.60402809954,155225.60402809954,0,0.0,0.0,0.0,0.0
1661313600000,155225.60402809954,155225.60402809954,0,0.0,0.0,0.0,0.0
1661328000000,155225.60402809954,155225.60402809954,0,0.0,0.0,0.0,0.0
1661342400000,155225.60402809954,155225.60402809954,0,0.0,0.0,0.0,0.0
1661356800000,155225.60402809954,155225.60402809954,0,0.0,0.0,0.0,0.0
1661371200000,155225.60402809954,155225.60402809954,0,0.0,0.0,0.0,0.0
1661385600000,155225.60402809954,155225.60402809954,0,0.0,0.0,0.0,0.0
1661400000000,155225.60402809954,155225.60402809954,0,0.0,0.0,0.0,0.0
1661414400000,155225.60402809954,155225.60402809954,0,0.0,0.0,0.0,0.0
1661428800000,155225.60402809954,155225.60402809954,0,0.0,0.0,0.0,0.0
1661443200000,155225.60402809954,155225.60402809954,0,0.0,0.0,0.0,0.0
1661457600000,155225.60402809954,155225.60402809954,0,0.0,0.0,0.0,0.0
1661472000000,155225.60402809954,155225.60402809954,0,0.0,0.0,0.0,0.0
1661486400000,155225.60402809954,155225.60402809954,0,0.0,0.0,0.0,0.0
1661500800000,155225.60402809954,155225.60402809954,0,0.0,0.0,0.0,0.0
1661515200000,155225.60402809954,155225.60402809954,0,0.0,0.0,0.0,0.0
1661529600000,152097.49204528215,152097.49204528215,0,0.0,0.0,0.0,0.0
1661544000000,154180.29636810694,152097.49204528215,2,259543.43184026025,6082.569384434031,6082.569384434031,259543.43184026025
1661558400000,160879.94701146442,152097.49204528215,2,252843.78119690277,6082.569384434031,6082.569384434031,252843.78119690277
1661572800000,160610.40361200558,152052.21694411317,3,263714.6216799895,6433.386876411818,6433.386876411818,263714.6216799895
1661587200000,161498.18044691396,158109.84021880777,3,138071.3500382332,3392.1021841948022,3392.1021841948022,138071.3500382332
1661601600000,162056.37251832723,158082.8278055763,3,137486.14555358846,3392.1021841948022,3392.1021841948022,137486.14555358846
1661616000000,164021.93168901178,158082.8278055763,3,135520.58638290392,3392.1021841948022,3392.1021841948022,135520.58638290392
1661630400000,163910.51935896373,158068.33176001394,3,135617.50266738964,3392.1021841948022,3392.1021841948022,135617.50266738964
1661644800000,163487.94302843596,158068.33176001394,3,136040.07899791742,3392.1021841948022,3392.1021841948022,136040.07899791742
1661659200000,163889.93082759163,158048.40407203737,3,135618.16351078515,3392.1021841948022,3392.1021841948022,135618.16351078515
1661673600000,162992.56106000807,158048.40407203737,3,136515.53327836873,3392.1021841948022,3392.1021841948022,136515.53327836873
1661688000000,163144.93722724158,158028.80902893815,3,136343.56206803597,3392.1021841948022,3392.1021841948022,136343.56206803597
1661702400000,162981.28966122572,158028.80902893815,3,136507.20963405186,3392.1021841948022,3392.1021841948022,136507.20963405186
1661716800000,163493.79722617625,158013.65289977792,3,135979.54593994108,3392.1021841948022,3392.1021841948022,135979.54593994108
1661731200000,167399.32041277233,158013.65289977792,3,132074.022753345,3392.1021841948022,3392.1021841948022,132074.022753345
1661745600000,165557.77786251606,157978.4971504756,3,133880.40955429894,3392.1021841948022,3392.1021841948022,133880.40955429894
1661760000000,165594.71740645985,157978.4971504756,3,133843.47001035514,3392.1021841948022,3392.1021841948022,133843.47001035514
1661774400000,165673.82954129306,157959.26034373144,3,133745.1210687778,3392.1021841948022,3392.1021841948022,133745.1210687778
1661788800000,162719.7107702689,162719.7107702689,0,0.0,0.0,0.0,0.0
1661803200000,162719.7107702689,162719.7107702689,0,0.0,0.0,0.0,0.0
1661817600000,162719.7107702689,162719.7107702689,0,0.0,0.0,0.0,0.0
1661832000000,162719.7107702689,162719.7107702689,0,0.0,0.0,0.0,0.0
1661846400000,162719.7107702689,162719.7107702689,0,0.0,0.0,0.0,0.0
1661860800000,162719.7107702689,162719.7107702689,0,0.0,0.0,0.0,0.0
1661875200000,162719.7107702689,162719.7107702689,0,0.0,0.0,0.0,0.0
1661889600000,162719.7107702689,162719.7107702689,0,0.0,0.0,0.0,0.0
1661904000000,162719.7107702689,162719.7107702689,0,0.0,0.0,0.0,0.0
1661918400000,162719.7107702689,162719.7107702689,0,0.0,0.0,0.0,0.0
1661932800000,162719.7107702689,162719.7107702689,0,0.0,0.0,0.0,0.0
1661947200000,162719.7107702689,162719.7107702689,0,0.0,0.0,0.0,0.0
1661961600000,162719.7107702689,162719.7107702689,0,0.0,0.0,0.0,0.0
1661976000000,162719.7107702689,162719.7107702689,0,0.0,0.0,0.0,0.0
1661990400000,162719.7107702689,162719.7107702689,0,0.0,0.0,0.0,0.0
1662004800000,162719.7107702689,162719.7107702689,0,0.0,0.0,0.0,0.0
1662019200000,162719.7107702689,162719.7107702689,0,0.0,0.0,0.0,0.0
1662033600000,162719.7107702689,162719.7107702689,0,0.0,0.0,0.0,0.0
1662048000000,162719.7107702689,162719.7107702689,0,0.0,0.0,0.0,0.0
1662062400000,162719.7107702689,162719.7107702689,0,0.0,0.0,0.0,0.0
1662076800000,162719.7107702689,162719.7107702689,0,0.0,0.0,0.0,0.0
1662091200000,162719.7107702689,162719.7107702689,0,0.0,0.0,0.0,0.0
1662105600000,162719.7107702689,162719.7107702689,0,0.0,0.0,0.0,0.0
1662120000000,162719.7107702689,162719.7107702689,0,0.0,0.0,0.0,0.0
1662134400000,162719.7107702689,162719.7107702689,0,0.0,0.0,0.0,0.0
1662148800000,162719.7107702689,162719.7107702689,0,0.0,0.0,0.0,0.0
1662163200000,162719.7107702689,162719.7107702689,0,0.0,0.0,0.0,0.0
1662177600000,162719.7107702689,162719.7107702689,0,0.0,0.0,0.0,0.0
1662192000000,162719.7107702689,162719.7107702689,0,0.0,0.0,0.0,0.0
1662206400000,162719.7107702689,162719.7107702689,0,0.0,0.0,0.0,0.0
1662220800000,162719.7107702689,162719.7107702689,0,0.0,0.0,0.0,0.0
1662235200000,162719.7107702689,162719.7107702689,0,0.0,0.0,0.0,0.0
1662249600000,162719.7107702689,162719.7107702689,0,0.0,0.0,0.0,0.0
1662264000000,162719.7107702689,162719.7107702689,0,0.0,0.0,0.0,0.0
1662278400000,162719.7107702689,162719.7107702689,0,0.0,0.0,0.0,0.0
1662292800000,162719.7107702689,162719.7107702689,0,0.0,0.0,0.0,0.0
1662307200000,162719.7107702689,162719.7107702689,0,0.0,0.0,0.0,0.0
1662321600000,162719.7107702689,162719.7107702689,0,0.0,0.0,0.0,0.0
1662336000000,162719.7107702689,162719.7107702689,0,0.0,0.0,0.0,0.0
1662350400000,162719.7107702689,162719.7107702689,0,0.0,0.0,0.0,0.0
1662364800000,162719.7107702689,162719.7107702689,0,0.0,0.0,0.0,0.0
1662379200000,162719.7107702689,162719.7107702689,0,0.0,0.0,0.0,0.0
1662393600000,159417.17738751502,159417.17738751502,0,0.0,0.0,0.0,0.0
1662408000000,159417.17738751502,159417.17738751502,0,0.0,0.0,0.0,0.0
1662422400000,159417.17738751502,159417.17738751502,0,0.0,0.0,0.0,0.0
1662436800000,159417.17738751502,159417.17738751502,0,0.0,0.0,0.0,0.0
1662451200000,159417.17738751502,159417.17738751502,0,0.0,0.0,0.0,0.0
1662465600000,159417.17738751502,159417.17738751502,0,0.0,0.0,0.0,0.0
1662480000000,159417.17738751502,159417.17738751502,0,0.0,0.0,0.0,0.0
1662494400000,159417.17738751502,159417.17738751502,0,0.0,0.0,0.0,0.0
1662508800000,161639.533325584,159417.17738751502,2,337622.8474387469,6375.230127323535,6375.230127323535,337622.8474387469
1662523200000,161679.10938761802,159316.26378034145,2,337482.35776953923,6375.230127323535,6375.230127323535,337482.35776953923
1662537600000,160378.3005706907,159316.26378034145,2,338783.1665864666,6375.230127323535,6375.230127323535,338783.1665864666
1662552000000,161309.52999847525,159272.99024911836,2,337808.66362745897,6375.230127323535,6375.230127323535,337808.66362745897
1662566400000,157982.30859672904,159272.99024911836,2,341135.8850292052,6375.230127323535,6375.230127323535,341135.8850292052
1662580800000,154571.7318596106,154571.7318596106,0,0.0,0.0,0.0,0.0
1662595200000,154571.7318596106,154571.7318596106,0,0.0,0.0,0.0,0.0
1662609600000,154571.7318596106,154571.7318596106,0,0.0,0.0,0.0,0.0
1662624000000,154571.7318596106,154571.7318596106,0,0.0,0.0,0.0,0.0
1662638400000,154571.7318596106,154571.7318596106,0,0.0,0.0,0.0,0.0
1662652800000,154571.7318596106,154571.7318596106,0,0.0,0.0,0.0,0.0
1662667200000,154571.7318596106,154571.7318596106,0,0.0,0.0,0.0,0.0
1662681600000,154571.7318596106,154571.7318596106,0,0.0,0.0,0.0,0.0
1662696000000,154571.7318596106,154571.7318596106,0,0.0,0.0,0.0,0.0
1662710400000,154571.7318596106,154571.7318596106,0,0.0,0.0,0.0,0.0
1662724800000,154571.7318596106,154571.7318596106,0,0.0,0.0,0.0,0.0
1662739200000,154571.7318596106,154571.7318596106,0,0.0,0.0,0.0,0.0
1662753600000,154571.7318596106,154571.7318596106,0,0.0,0.0,0.0,0.0
1662768000000,154571.7318596106,154571.7318596106,0,0.0,0.0,0.0,0.0
1662782400000,154571.7318596106,154571.7318596106,0,0.0,0.0,0.0,0.0
1662796800000,154571.7318596106,154571.7318596106,0,0.0,0.0,0.0,0.0
1662811200000,154571.7318596106,154571.7318596106,0,0.0,0.0,0.0,0.0
1662825600000,154571.7318596106,154571.7318596106,0,0.0,0.0,0.0,0.0
1662840000000,154571.7318596106,154571.7318596106,0,0.0,0.0,0.0,0.0
1662854400000,154571.7318596106,154571.7318596106,0,0.0,0.0,0.0,0.0
1662868800000,154571.7318596106,154571.7318596106,0,0.0,0.0,0.0,0.0
1662883200000,154571.7318596106,154571.7318596106,0,0.0,0.0,0.0,0.0
1662897600000,154571.7318596106,154571.7318596106,0,0.0,0.0,0.0,0.0
1662912000000,154571.7318596106,154571.7318596106,0,0.0,0.0,0.0,0.0
1662926400000,154571.7318596106,154571.7318596106,0,0.0,0.0,0.0,0.0
1662940800000,154571.7318596106,154571.7318596106,0,0.0,0.0,0.0,0.0
1662955200000,154571.7318596106,154571.7318596106,0,0.0,0.0,0.0,0.0
1662969600000,154571.7318596106,154571.7318596106,0,0.0,0.0,0.0,0.0
1662984000000,154571.7318596106,154571.7318596106,0,0.0,0.0,0.0,0.0
1662998400000,154571.7318596106,154571.7318596106,0,0.0,0.0,0.0,0.0
1663012800000,154571.7318596106,154571.7318596106,0,0.0,0.0,0.0,0.0
1663027200000,154571.7318596106,154571.7318596106,0,0.0,0.0,0.0,0.0
1663041600000,154571.7318596106,154571.7318596106,0,0.0,0.0,0.0,0.0
1663056000000,154571.7318596106,154571.7318596106,0,0.0,0.0,0.0,0.0
1663070400000,154571.7318596106,154571.7318596106,0,0.0,0.0,0.0,0.0
1663084800000,154571.7318596106,154571.7318596106,0,0.0,0.0,0.0,0.0
1663099200000,155813.36174462,154571.7318596106,2,251005.48878866562,6182.0965277430605,6182.0965277430605,251005.48878866562
1663113600000,158893.26299011149,154571.7318596106,2,247925.5875431741,6182.0965277430605,6182.0965277430605,247925.5875431741
1663128000000,155712.9858265963,154430.78510706025,2,250964.91795413892,6182.0965277430605,6182.0965277430605,250964.91795413892
1663142400000,155473.78326511534,154430.78510706025,2,251204.1205156199,6182.0965277430605,6182.0965277430605,251204.1205156199
1663156800000,156148.1030606088,154238.6410342812,2,250337.65664734738,6182.0965277430605,6182.0965277430605,250337.65664734738
1663171200000,156142.1342804085,154238.6410342812,2,250343.62542754767,6182.0965277430605,6182.0965277430605,250343.62542754767
1663185600000,156963.3613724668,154064.98747292295,2,249348.7447741311,6182.0965277430605,6182.0965277430605,249348.7447741311
1663200000000,153483.996938463,154064.98747292295,2,252828.10920813493,6182.0965277430605,6182.0965277430605,252828.10920813493
1663214400000,157446.5206726194,153752.0510551921,2,248552.64905624767,6182.0965277430605,6182.0965277430605,248552.64905624767
1663228800000,155387.63998129556,153716.3960409836,1,76165.30964434908,1545.3309452754243,1545.3309452754243,76165.30964434908
1663243200000,155770.1514293619,153705.40919506742,1,75771.81135036657,1545.3309452754243,1545.3309452754243,75771.81135036657
1663257600000,157377.1654411506,153705.40919506742,1,74164.79733857785,1545.3309452754243,1545.3309452754243,74164.79733857785
1663272000000,156816.9310523822,153690.0185979671,1,74709.64113024593,1545.3309452754243,1545.3309452754243,74709.64113024593
1663286400000,156968.2765500678,153690.0185979671,1,74558.29563256036,1545.3309452754243,1545.3309452754243,74558.29563256036
1663300800000,156386.8491064352,153680.95230921818,1,75130.65678744401,1545.3309452754243,1545.3309452754243,75130.65678744401
1663315200000,156331.81438000407,153680.95230921818,1,75185.69151387514,1545.3309452754243,1545.3309452754243,75185.69151387514
1663329600000,155552.26771809492,153674.64355366628,1,75958.92942023238,1545.3309452754243,1545.3309452754243,75958.92942023238
1663344000000,155860.46218610922,153674.64355366628,1,75650.7349522181,1545.3309452754243,1545.3309452754243,75650.7349522181
1663358400000,156416.58420056727,153669.4113585269,1,75089.38074262066,1545.3309452754243,1545.3309452754243,75089.38074262066
1663372800000,155899.25777211474,153669.4113585269,1,75606.7071710732,1545.3309452754243,1545.3309452754243,75606.7071710732
1663387200000,155409.989743766,155409.989743766,0,0.0,0.0,0.0,0.0
1663401600000,155409.989743766,155409.989743766,0,0.0,0.0,0.0,0.0
1663416000000,155409.989743766,155409.989743766,0,0.0,0.0,0.0,0.0
1663430400000,155409.989743766,155409.989743766,0,0.0,0.0,0.0,0.0
1663444800000,155409.989743766,155409.989743766,0,0.0,0.0,0.0,0.0
1663459200000,155409.989743766,155409.989743766,0,0.0,0.0,0.0,0.0
1663473600000,155409.989743766,155409.989743766,0,0.0,0.0,0.0,0.0
1663488000000,155409.989743766,155409.989743766,0,0.0,0.0,0.0,0.0
1663502400000,155409.989743766,155409.989743766,0,0.0,0.0,0.0,0.0
1663516800000,155409.989743766,155409.989743766,0,0.0,0.0,0.0,0.0
1663531200000,155409.989743766,155409.989743766,0,0.0,0.0,0.0,0.0
1663545600000,155409.989743766,155409.989743766,0,0.0,0.0,0.0,0.0
1663560000000,155731.59762204558,155409.989743766,1,94390.22653257781,3108.19979487532,3108.19979487532,94390.22653257781
1663574400000,158056.82708422962,155409.989743766,2,253703.45443745254,6222.8317473162315,6222.8317473162315,253703.45443745254
1663588800000,155380.6935912322,155363.4770872775,2,256333.07527396144,6222.8317473162315,6222.8317473162315,256333.07527396144
1663603200000,150336.3385932717,150336.3385932717,0,0.0,0.0,0.0,0.0
1663617600000,150336.3385932717,150336.3385932717,0,0.0,0.0,0.0,0.0
1663632000000,150336.3385932717,150336.3385932717,0,0.0,0.0,0.0,0.0
1663646400000,150336.3385932717,150336.3385932717,0,0.0,0.0,0.0,0.0
1663660800000,150336.3385932717,150336.3385932717,0,0.0,0.0,0.0,0.0
1663675200000,150336.3385932717,150336.3385932717,0,0.0,0.0,0.0,0.0
1663689600000,150336.3385932717,150336.3385932717,0,0.0,0.0,0.0,0.0
1663704000000,150336.3385932717,150336.3385932717,0,0.0,0.0,0.0,0.0
1663718400000,150336.3385932717,150336.3385932717,0,0.0,0.0,0.0,0.0
1663732800000,150336.3385932717,150336.3385932717,0,0.0,0.0,0.0,0.0
1663747200000,150336.3385932717,150336.3385932717,0,0.0,0.0,0.0,0.0
1663761600000,150336.3385932717,150336.3385932717,0,0.0,0.0,0.0,0.0
1663776000000,150336.3385932717,150336.3385932717,0,0.0,0.0,0.0,0.0
1663790400000,150336.3385932717,150336.3385932717,0,0.0,0.0,0.0,0.0
1663804800000,150336.3385932717,150336.3385932717,0,0.0,0.0,0.0,0.0
1663819200000,150336.3385932717,150336.3385932717,0,0.0,0.0,0.0,0.0
1663833600000,150336.3385932717,150336.3385932717,0,0.0,0.0,0.0,0.0
1663848000000,150336.3385932717,150336.3385932717,0,0.0,0.0,0.0,0.0
1663862400000,150336.3385932717,150336.3385932717,0,0.0,0.0,0.0,0.0
1663876800000,150336.3385932717,150336.3385932717,0,0.0,0.0,0.0,0.0
1663891200000,150336.3385932717,150336.3385932717,0,0.0,0.0,0.0,0.0
1663905600000,150336.3385932717,150336.3385932717,0,0.0,0.0,0.0,0.0
1663920000000,150336.3385932717,150336.3385932717,0,0.0,0.0,0.0,0.0
1663934400000,150336.3385932717,150336.3385932717,0,0.0,0.0,0.0,0.0
1663948800000,150336.3385932717,150336.3385932717,0,0.0,0.0,0.0,0.0
1663963200000,150336.3385932717,150336.3385932717,0,0.0,0.0,0.0,0.0
1663977600000,150336.3385932717,150336.3385932717,0,0.0,0.0,0.0,0.0
1663992000000,150336.3385932717,150336.3385932717,0,0.0,0.0,0.0,0.0
1664006400000,150336.3385932717,150336.3385932717,0,0.0,0.0,0.0,0.0
1664020800000,150336.3385932717,150336.3385932717,0,0.0,0.0,0.0,0.0
1664035200000,150336.3385932717,150336.3385932717,0,0.0,0.0,0.0,0.0
1664049600000,150336.3385932717,150336.3385932717,0,0.0,0.0,0.0,0.0
1664064000000,150336.3385932717,150336.3385932717,0,0.0,0.0,0.0,0.0
1664078400000,150336.3385932717,150336.3385932717,0,0.0,0.0,0.0,0.0
1664092800000,150336.3385932717,150336.3385932717,0,0.0,0.0,0.0,0.0
1664107200000,150336.3385932717,150336.3385932717,0,0.0,0.0,0.0,0.0
1664121600000,150336.3385932717,150336.3385932717,0,0.0,0.0,0.0,0.0
1664136000000,150336.3385932717,150336.3385932717,0,0.0,0.0,0.0,0.0
1664150400000,150336.3385932717,150336.3385932717,0,0.0,0.0,0.0,0.0
1664164800000,150336.3385932717,150336.3385932717,0,0.0,0.0,0.0,0.0
1664179200000,150336.3385932717,150336.3385932717,0,0.0,0.0,0.0,0.0
1664193600000,150336.3385932717,150336.3385932717,0,0.0,0.0,0.0,0.0
1664208000000,150336.3385932717,150336.3385932717,0,0.0,0.0,0.0,0.0
1664222400000,150336.3385932717,150336.3385932717,0,0.0,0.0,0.0,0.0
1664236800000,150336.3385932717,150336.3385932717,0,0.0,0.0,0.0,0.0
1664251200000,150336.3385932717,150336.3385932717,0,0.0,0.0,0.0,0.0
1664265600000,150336.3385932717,150336.3385932717,0,0.0,0.0,0.0,0.0
1664280000000,150336.3385932717,150336.3385932717,0,0.0,0.0,0.0,0.0
1664294400000,150336.3385932717,150336.3385932717,0,0.0,0.0,0.0,0.0
1664308800000,150336.3385932717,150336.3385932717,0,0.0,0.0,0.0,0.0
1664323200000,150336.3385932717,150336.3385932717,0,0.0,0.0,0.0,0.0
1664337600000,150336.3385932717,150336.3385932717,0,0.0,0.0,0.0,0.0
1664352000000,150336.3385932717,150336.3385932717,0,0.0,0.0,0.0,0.0
1664366400000,150336.3385932717,150336.3385932717,0,0.0,0.0,0.0,0.0
1664380800000,150336.3385932717,150336.3385932717,0,0.0,0.0,0.0,0.0
1664395200000,150336.3385932717,150336.3385932717,0,0.0,0.0,0.0,0.0
1664409600000,150336.3385932717,150336.3385932717,0,0.0,0.0,0.0,0.0
1664424000000,150336.3385932717,150336.3385932717,0,0.0,0.0,0.0,0.0
1664438400000,150336.3385932717,150336.3385932717,0,0.0,0.0,0.0,0.0
1664452800000,150336.3385932717,150336.3385932717,0,0.0,0.0,0.0,0.0
1664467200000,150336.3385932717,150336.3385932717,0,0.0,0.0,0.0,0.0
1664481600000,150336.3385932717,150336.3385932717,0,0.0,0.0,0.0,0.0
1664496000000,150336.3385932717,150336.3385932717,0,0.0,0.0,0.0,0.0
1664510400000,150336.3385932717,150336.3385932717,0,0.0,0.0,0.0,0.0
1664524800000,150336.3385932717,150336.3385932717,0,0.0,0.0,0.0,0.0
1664539200000,150336.3385932717,150336.3385932717,0,0.0,0.0,0.0,0.0
1664553600000,150336.3385932717,150336.3385932717,0,0.0,0.0,0.0,0.0
1664568000000,150336.3385932717,150336.3385932717,0,0.0,0.0,0.0,0.0
1664582400000,150336.3385932717,150336.3385932717,0,0.0,0.0,0.0,0.0
1664596800000,150336.3385932717,150336.3385932717,0,0.0,0.0,0.0,0.0
1664611200000,150336.3385932717,150336.3385932717,0,0.0,0.0,0.0,0.0
1664625600000,150336.3385932717,150336.3385932717,0,0.0,0.0,0.0,0.0
1664640000000,150336.3385932717,150336.3385932717,0,0.0,0.0,0.0,0.0
1664654400000,150336.3385932717,150336.3385932717,0,0.0,0.0,0.0,0.0
1664668800000,150336.3385932717,150336.3385932717,0,0.0,0.0,0.0,0.0
1664683200000,150336.3385932717,150336.3385932717,0,0.0,0.0,0.0,0.0
1664697600000,150336.3385932717,150336.3385932717,0,0.0,0.0,0.0,0.0
1664712000000,150336.3385932717,150336.3385932717,0,0.0,0.0,0.0,0.0
1664726400000,151003.73866109227,150336.3385932717,2,343756.8839812608,6012.226394658994,6012.226394658994,343756.8839812608
1664740800000,147860.36373790132,150322.2205933067,2,346886.1409044868,6012.226394658994,6012.226394658994,346886.1409044868
1664755200000,154839.17583145975,150322.2205933067,2,339907.3288109284,6012.226394658994,6012.226394658994,339907.3288109284
1664769600000,151789.97106992317,150317.61394681392,2,342951.92692597216,6012.226394658994,6012.226394658994,342951.92692597216
1664784000000,151972.8607340044,150317.61394681392,2,342769.03726189095,6012.226394658994,6012.226394658994,342769.03726189095
1664798400000,150946.79264466147,150340.02402044614,2,343817.5154248661,6012.226394658994,6012.226394658994,343817.5154248661
1664812800000,148394.62728587215,148658.30678586877,1,191325.00829155435,3005.4996227935594,3005.4996227935594,191325.00829155435
1664827200000,147284.33238807716,148675.30983935564,1,192452.3062428362,3005.4996227935594,3005.4996227935594,192452.3062428362
1664841600000,146486.13963991133,146486.13963991133,0,0.0,0.0,0.0,0.0
1664856000000,146486.13963991133,146486.13963991133,0,0.0,0.0,0.0,0.0
1664870400000,146486.13963991133,146486.13963991133,0,0.0,0.0,0.0,0.0
1664884800000,146486.13963991133,146486.13963991133,0,0.0,0.0,0.0,0.0
1664899200000,146486.13963991133,146486.13963991133,0,0.0,0.0,0.0,0.0
1664913600000,146486.13963991133,146486.13963991133,0,0.0,0.0,0.0,0.0
1664928000000,146486.13963991133,146486.13963991133,0,0.0,0.0,0.0,0.0
1664942400000,146403.9276673983,146486.13963991133,1,104397.61557651422,2929.7227927982267,0.0,0.0
1664956800000,146587.88822348026,146486.13963991133,1,104581.5761325962,2929.7227927982267,0.0,0.0
1664971200000,144743.2627470063,146481.11972425698,1,102741.97057177656,2929.7227927982267,0.0,0.0
1664985600000,145203.1641372112,146481.11972425698,1,103201.87196198147,2929.7227927982267,0.0,0.0
1665000000000,145777.56907778967,146472.98290390923,1,103784.41372290769,2929.7227927982267,0.0,0.0
1665014400000,146298.79065335525,146472.98290390923,1,104305.63529847327,2929.7227927982267,0.0,0.0
1665028800000,147185.4623405845,146470.511903409,1,105194.77798620275,2929.7227927982267,0.0,0.0
1665043200000,146326.97974553533,146470.511903409,1,104336.29539115359,2929.7227927982267,0.0,0.0
1665057600000,146561.82557296488,146460.07698939595,1,104581.5761325962,2929.7227927982267,0.0,0.0
1665072000000,145672.6828852354,146460.07698939595,1,103692.4334448667,2929.7227927982267,0.0,0.0
1665086400000,145089.4836886684,146459.41955375517,1,103109.8916839405,2929.7227927982267,0.0,0.0
1665100800000,145068.8617103316,145068.8617103316,0,0.0,0.0,0.0,0.0
1665115200000,145068.8617103316,145068.8617103316,0,0.0,0.0,0.0,0.0
1665129600000,145068.8617103316,145068.8617103316,0,0.0,0.0,0.0,0.0
1665144000000,145068.8617103316,145068.8617103316,0,0.0,0.0,0.0,0.0
1665158400000,145068.8617103316,145068.8617103316,0,0.0,0.0,0.0,0.0
1665172800000,144495.87122613148,145068.8617103316,2,409440.9894526369,5800.969073484708,5800.969073484708,409440.9894526369
1665187200000,144475.26715205063,145068.8617103316,2,409461.59352671786,5800.969073484708,5800.969073484708,409461.59352671786
1665201600000,142739.2323236067,145094.0454908774,2,411222.8121357075,5800.969073484708,5800.969073484708,411222.8121357075
1665216000000,140953.83783219312,142156.7260796771,1,224332.61944385138,2901.3772342066322,2901.3772342066322,224332.61944385138
1665230400000,141608.04566192118,142179.15934162147,1,223700.84487606774,2901.3772342066322,2901.3772342066322,223700.84487606774
1665244800000,141660.6935425698,142179.15934162147,1,223648.1969954191,2901.3772342066322,2901.3772342066322,223648.1969954191
1665259200000,142525.42445264757,142201.52416132102,1,222805.83090504087,2901.3772342066322,2901.3772342066322,222805.83090504087
1665273600000,143315.14266237715,142201.52416132102,1,222016.11269531128,2901.3772342066322,2901.3772342066322,222016.11269531128
1665288000000,144216.69830308668,142208.06583100368,1,221121.0987242844,2901.3772342066322,2901.3772342066322,221121.0987242844
1665302400000,143584.92373530302,142208.06583100368,1,221752.8732920681,2901.3772342066322,2901.3772342066322,221752.8732920681
1665316800000,142712.0872512338,142230.24331796134,1,222647.88726309495,2901.3772342066322,2901.3772342066322,222647.88726309495
1665331200000,142501.49572863925,142230.24331796134,1,222858.4787856895,2901.3772342066322,2901.3772342066322,222858.4787856895
1665345600000,143155.55614430152,142252.52916583992,1,222226.70421790582,2901.3772342066322,2901.3772342066322,222226.70421790582
1665360000000,142787.02097976103,142252.52916583992,1,222595.2393824463,2901.3772342066322,2901.3772342066322,222595.2393824463
1665374400000,141083.61519787353,141083.61519787353,0,0.0,0.0,0.0,0.0
1665388800000,141083.61519787353,141083.61519787353,0,0.0,0.0,0.0,0.0
1665403200000,141083.61519787353,141083.61519787353,0,0.0,0.0,0.0,0.0
1665417600000,141083.61519787353,141083.61519787353,0,0.0,0.0,0.0,0.0
1665432000000,142166.199272178,141083.61519787353,1,260988.98474808992,2821.672303957471,2821.672303957471,260988.98474808992
1665446400000,148582.6359176669,143879.64467940957,1,126332.79317293988,1410.8361519787354,1410.8361519787354,126332.79317293988
1665460800000,155380.8999750565,146819.4517144075,2,227776.85496697237,2896.8600448328702,2896.8600448328702,227776.85496697237
1665475200000,153054.05027794902,154107.82649516352,1,230545.0434151231,3106.3177083464007,3106.3177083464007,230545.0434151231
1665489600000,150600.07709272054,154116.0153912919,2,417959.06858827564,6122.561429264864,6122.561429264864,417959.06858827564
1665504000000,147909.3408236833,147909.3408236833,0,0.0,0.0,0.0,0.0
1665518400000,147909.3408236833,147909.3408236833,0,0.0,0.0,0.0,0.0
1665532800000,147909.3408236833,147909.3408236833,0,0.0,0.0,0.0,0.0
1665547200000,147909.3408236833,147909.3408236833,0,0.0,0.0,0.0,0.0
1665561600000,147909.3408236833,147909.3408236833,0,0.0,0.0,0.0,0.0
1665576000000,147909.3408236833,147909.3408236833,0,0.0,0.0,0.0,0.0
1665590400000,147909.3408236833,147909.3408236833,0,0.0,0.0,0.0,0.0
1665604800000,147909.3408236833,147909.3408236833,0,0.0,0.0,0.0,0.0
1665619200000,147909.3408236833,147909.3408236833,0,0.0,0.0,0.0,0.0
1665633600000,147909.3408236833,147909.3408236833,0,0.0,0.0,0.0,0.0
1665648000000,147909.3408236833,147909.3408236833,0,0.0,0.0,0.0,0.0
1665662400000,147909.3408236833,147909.3408236833,0,0.0,0.0,0.0,0.0
1665676800000,147909.3408236833,147909.3408236833,0,0.0,0.0,0.0,0.0
1665691200000,147909.3408236833,147909.3408236833,0,0.0,0.0,0.0,0.0
1665705600000,147909.3408236833,147909.3408236833,0,0.0,0.0,0.0,0.0
1665720000000,147909.3408236833,147909.3408236833,0,0.0,0.0,0.0,0.0
1665734400000,147909.3408236833,147909.3408236833,0,0.0,0.0,0.0,0.0
1665748800000,147909.3408236833,147909.3408236833,0,0.0,0.0,0.0,0.0
1665763200000,147909.3408236833,147909.3408236833,0,0.0,0.0,0.0,0.0
1665777600000,147909.3408236833,147909.3408236833,0,0.0,0.0,0.0,0.0
1665792000000,147909.3408236833,147909.3408236833,0,0.0,0.0,0.0,0.0
1665806400000,147909.3408236833,147909.3408236833,0,0.0,0.0,0.0,0.0
1665820800000,147909.3408236833,147909.3408236833,0,0.0,0.0,0.0,0.0
1665835200000,147909.3408236833,147909.3408236833,0,0.0,0.0,0.0,0.0
1665849600000,147909.3408236833,147909.3408236833,0,0.0,0.0,0.0,0.0
1665864000000,147909.3408236833,147909.3408236833,0,0.0,0.0,0.0,0.0
1665878400000,147909.3408236833,147909.3408236833,0,0.0,0.0,0.0,0.0
1665892800000,147909.3408236833,147909.3408236833,0,0.0,0.0,0.0,0.0
1665907200000,147909.3408236833,147909.3408236833,0,0.0,0.0,0.0,0.0
1665921600000,147909.3408236833,147909.3408236833,0,0.0,0.0,0.0,0.0
1665936000000,147909.3408236833,147909.3408236833,0,0.0,0.0,0.0,0.0
1665950400000,147909.3408236833,147909.3408236833,0,0.0,0.0,0.0,0.0
1665964800000,147909.3408236833,147909.3408236833,0,0.0,0.0,0.0,0.0
1665979200000,147909.3408236833,147909.3408236833,0,0.0,0.0,0.0,0.0
1665993600000,147909.3408236833,147909.3408236833,0,0.0,0.0,0.0,0.0
1666008000000,147909.3408236833,147909.3408236833,0,0.0,0.0,0.0,0.0
1666022400000,147909.3408236833,147909.3408236833,0,0.0,0.0,0.0,0.0
1666036800000,147909.3408236833,147909.3408236833,0,0.0,0.0,0.0,0.0
1666051200000,147909.3408236833,147909.3408236833,0,0.0,0.0,0.0,0.0
1666065600000,147909.3408236833,147909.3408236833,0,0.0,0.0,0.0,0.0
1666080000000,147909.3408236833,147909.3408236833,0,0.0,0.0,0.0,0.0
1666094400000,147909.3408236833,147909.3408236833,0,0.0,0.0,0.0,0.0
1666108800000,147909.3408236833,147909.3408236833,0,0.0,0.0,0.0,0.0
1666123200000,147909.3408236833,147909.3408236833,0,0.0,0.0,0.0,0.0
1666137600000,147909.3408236833,147909.3408236833,0,0.0,0.0,0.0,0.0
1666152000000,147909.3408236833,147909.3408236833,0,0.0,0.0,0.0,0.0
1666166400000,147909.3408236833,147909.3408236833,0,0.0,0.0,0.0,0.0
1666180800000,147909.3408236833,147909.3408236833,0,0.0,0.0,0.0,0.0
1666195200000,147909.3408236833,147909.3408236833,0,0.0,0.0,0.0,0.0
1666209600000,147909.3408236833,147909.3408236833,0,0.0,0.0,0.0,0.0
1666224000000,147909.3408236833,147909.3408236833,0,0.0,0.0,0.0,0.0
1666238400000,147355.25250493482,147909.3408236833,1,188949.5941124313,2958.186816473666,2958.186816473666,188949.5941124313
1666252800000,144912.88326868764,144912.88326868764,0,0.0,0.0,0.0,0.0
1666267200000,144912.88326868764,144912.88326868764,0,0.0,0.0,0.0,0.0
1666281600000,144912.88326868764,144912.88326868764,0,0.0,0.0,0.0,0.0
1666296000000,144912.88326868764,144912.88326868764,0,0.0,0.0,0.0,0.0
1666310400000,144985.60397742435,144912.88326868764,1,295205.4867166588,2898.257665373753,2898.257665373753,295205.4867166588
1666324800000,145598.6312301443,144910.89909074787,1,294590.4752859991,2898.257665373753,2898.257665373753,294590.4752859991
1666339200000,147103.21276586538,144910.89909074787,1,293085.89375027805,2898.257665373753,2898.257665373753,293085.89375027805
1666353600000,147759.2121369899,144885.9929493563,1,292404.98823776195,2898.257665373753,2898.257665373753,292404.98823776195
1666368000000,144726.89976647386,144726.89976647386,0,0.0,0.0,0.0,0.0
1666382400000,144726.89976647386,144726.89976647386,0,0.0,0.0,0.0,0.0
1666396800000,144726.89976647386,144726.89976647386,0,0.0,0.0,0.0,0.0
1666411200000,144726.89976647386,144726.89976647386,0,0.0,0.0,0.0,0.0
1666425600000,144726.89976647386,144726.89976647386,0,0.0,0.0,0.0,0.0
1666440000000,144726.89976647386,144726.89976647386,0,0.0,0.0,0.0,0.0
1666454400000,144726.89976647386,144726.89976647386,0,0.0,0.0,0.0,0.0
1666468800000,144726.89976647386,144726.89976647386,0,0.0,0.0,0.0,0.0
1666483200000,144726.89976647386,144726.89976647386,0,0.0,0.0,0.0,0.0
1666497600000,144726.89976647386,144726.89976647386,0,0.0,0.0,0.0,0.0
1666512000000,144726.89976647386,144726.89976647386,0,0.0,0.0,0.0,0.0
1666526400000,144726.89976647386,144726.89976647386,0,0.0,0.0,0.0,0.0
1666540800000,144726.89976647386,144726.89976647386,0,0.0,0.0,0.0,0.0
1666555200000,144726.89976647386,144726.89976647386,0,0.0,0.0,0.0,0.0
1666569600000,144726.89976647386,144726.89976647386,0,0.0,0.0,0.0,0.0
1666584000000,144726.89976647386,144726.89976647386,0,0.0,0.0,0.0,0.0
1666598400000,144726.89976647386,144726.89976647386,0,0.0,0.0,0.0,0.0
1666612800000,144726.89976647386,144726.89976647386,0,0.0,0.0,0.0,0.0
1666627200000,144726.89976647386,144726.89976647386,0,0.0,0.0,0.0,0.0
1666641600000,144726.89976647386,144726.89976647386,0,0.0,0.0,0.0,0.0
1666656000000,144726.89976647386,144726.89976647386,0,0.0,0.0,0.0,0.0
1666670400000,144726.89976647386,144726.89976647386,0,0.0,0.0,0.0,0.0
1666684800000,144726.89976647386,144726.89976647386,0,0.0,0.0,0.0,0.0
1666699200000,144726.89976647386,144726.89976647386,0,0.0,0.0,0.0,0.0
1666713600000,144726.89976647386,144726.89976647386,0,0.0,0.0,0.0,0.0
1666728000000,144726.89976647386,144726.89976647386,0,0.0,0.0,0.0,0.0
1666742400000,144726.89976647386,144726.89976647386,0,0.0,0.0,0.0,0.0
1666756800000,144726.89976647386,144726.89976647386,0,0.0,0.0,0.0,0.0
1666771200000,145480.02047976485,144726.89976647386,1,168186.1305158366,2894.5379953294773,0.0,0.0
1666785600000,147639.22619154112,144717.370647833,1,170354.8653462537,2894.5379953294773,0.0,0.0
1666800000000,149622.68390448552,144717.370647833,1,172338.3230591981,2894.5379953294773,0.0,0.0
1666814400000,148939.67667152057,144706.82009569532,1,171665.86637837085,2894.5379953294773,0.0,0.0
1666828800000,148971.93474108053,144706.82009569532,1,171698.1244479308,2894.5379953294773,0.0,0.0
1666843200000,148856.11421955665,144706.79777259188,1,171582.32624951037,2894.5379953294773,0.0,0.0
1666857600000,148519.47231414865,144706.79777259188,1,171245.68434410237,2894.5379953294773,0.0,0.0
1666872000000,147774.81722613503,144710.69532436755,1,170497.1317043131,2894.5379953294773,0.0,0.0
1666886400000,147285.98340280305,144710.69532436755,1,170008.2978809811,2894.5379953294773,0.0,0.0
1666900800000,147829.5498145579,144708.3559435689,1,170554.2036735346,2894.5379953294773,0.0,0.0
1666915200000,145062.80000229809,144708.3559435689,1,167787.4538612748,2894.5379953294773,0.0,0.0
1666929600000,145054.93488252404,144710.41638365947,1,167777.52830141017,2894.5379953294773,0.0,0.0
1666944000000,143281.56818671388,144710.41638365947,1,166004.1616056,2894.5379953294773,0.0,0.0
1666958400000,143242.48917631898,143242.48917631898,0,0.0,0.0,0.0,0.0
1666972800000,143242.48917631898,143242.48917631898,0,0.0,0.0,0.0,0.0
1666987200000,143242.48917631898,143242.48917631898,0,0.0,0.0,0.0,0.0
1667001600000,143242.48917631898,143242.48917631898,0,0.0,0.0,0.0,0.0
1667016000000,143242.48917631898,143242.48917631898,0,0.0,0.0,0.0,0.0
1667030400000,143242.48917631898,143242.48917631898,0,0.0,0.0,0.0,0.0
1667044800000,143242.48917631898,143242.48917631898,0,0.0,0.0,0.0,0.0
1667059200000,143242.48917631898,143242.48917631898,0,0.0,0.0,0.0,0.0
1667073600000,143242.48917631898,143242.48917631898,0,0.0,0.0,0.0,0.0
1667088000000,143242.48917631898,143242.48917631898,0,0.0,0.0,0.0,0.0
1667102400000,143242.48917631898,143242.48917631898,0,0.0,0.0,0.0,0.0
1667116800000,143242.48917631898,143242.48917631898,0,0.0,0.0,0.0,0.0
1667131200000,143242.48917631898,143242.48917631898,0,0.0,0.0,0.0,0.0
1667145600000,143242.48917631898,143242.48917631898,0,0.0,0.0,0.0,0.0
1667160000000,143242.48917631898,143242.48917631898,0,0.0,0.0,0.0,0.0
1667174400000,143242.48917631898,143242.48917631898,0,0.0,0.0,0.0,0.0
1667188800000,143242.48917631898,143242.48917631898,0,0.0,0.0,0.0,0.0
1667203200000,143242.48917631898,143242.48917631898,0,0.0,0.0,0.0,0.0
1667217600000,143242.48917631898,143242.48917631898,0,0.0,0.0,0.0,0.0
1667232000000,143242.48917631898,143242.48917631898,0,0.0,0.0,0.0,0.0
1667246400000,143242.48917631898,143242.48917631898,0,0.0,0.0,0.0,0.0
1667260800000,143242.48917631898,143242.48917631898,0,0.0,0.0,0.0,0.0
1667275200000,143242.48917631898,143242.48917631898,0,0.0,0.0,0.0,0.0
1667289600000,143242.48917631898,143242.48917631898,0,0.0,0.0,0.0,0.0
1667304000000,143242.48917631898,143242.48917631898,0,0.0,0.0,0.0,0.0
1667318400000,143242.48917631898,143242.48917631898,0,0.0,0.0,0.0,0.0
1667332800000,143242.48917631898,143242.48917631898,0,0.0,0.0,0.0,0.0
1667347200000,143242.48917631898,143242.48917631898,0,0.0,0.0,0.0,0.0
1667361600000,143242.48917631898,143242.48917631898,0,0.0,0.0,0.0,0.0
1667376000000,143242.48917631898,143242.48917631898,0,0.0,0.0,0.0,0.0
1667390400000,143242.48917631898,143242.48917631898,0,0.0,0.0,0.0,0.0
1667404800000,143242.48917631898,143242.48917631898,0,0.0,0.0,0.0,0.0
1667419200000,143242.48917631898,143242.48917631898,0,0.0,0.0,0.0,0.0
1667433600000,143242.48917631898,143242.48917631898,0,0.0,0.0,0.0,0.0
1667448000000,143242.48917631898,143242.48917631898,0,0.0,0.0,0.0,0.0
1667462400000,143242.48917631898,143242.48917631898,0,0.0,0.0,0.0,0.0
1667476800000,143242.48917631898,143242.48917631898,0,0.0,0.0,0.0,0.0
1667491200000,143242.48917631898,143242.48917631898,0,0.0,0.0,0.0,0.0
1667505600000,143242.48917631898,143242.48917631898,0,0.0,0.0,0.0,0.0
1667520000000,143242.48917631898,143242.48917631898,0,0.0,0.0,0.0,0.0
1667534400000,143242.48917631898,143242.48917631898,0,0.0,0.0,0.0,0.0
1667548800000,143242.48917631898,143242.48917631898,0,0.0,0.0,0.0,0.0
1667563200000,143242.48917631898,143242.48917631898,0,0.0,0.0,0.0,0.0
1667577600000,143242.48917631898,143242.48917631898,0,0.0,0.0,0.0,0.0
1667592000000,143242.48917631898,143242.48917631898,0,0.0,0.0,0.0,0.0
1667606400000,143242.48917631898,143242.48917631898,0,0.0,0.0,0.0,0.0
1667620800000,143242.48917631898,143242.48917631898,0,0.0,0.0,0.0,0.0
1667635200000,143242.48917631898,143242.48917631898,0,0.0,0.0,0.0,0.0
1667649600000,143242.48917631898,143242.48917631898,0,0.0,0.0,0.0,0.0
1667664000000,143242.48917631898,143242.48917631898,0,0.0,0.0,0.0,0.0
1667678400000,143242.48917631898,143242.48917631898,0,0.0,0.0,0.0,0.0
1667692800000,143242.48917631898,143242.48917631898,0,0.0,0.0,0.0,0.0
1667707200000,143242.48917631898,143242.48917631898,0,0.0,0.0,0.0,0.0
1667721600000,143242.48917631898,143242.48917631898,0,0.0,0.0,0.0,0.0
1667736000000,143242.48917631898,143242.48917631898,0,0.0,0.0,0.0,0.0
1667750400000,143242.48917631898,143242.48917631898,0,0.0,0.0,0.0,0.0
1667764800000,143242.48917631898,143242.48917631898,0,0.0,0.0,0.0,0.0
1667779200000,143242.48917631898,143242.48917631898,0,0.0,0.0,0.0,0.0
1667793600000,143242.48917631898,143242.48917631898,0,0.0,0.0,0.0,0.0
1667808000000,143242.48917631898,143242.48917631898,0,0.0,0.0,0.0,0.0
1667822400000,143242.48917631898,143242.48917631898,0,0.0,0.0,0.0,0.0
1667836800000,143242.48917631898,143242.48917631898,0,0.0,0.0,0.0,0.0
1667851200000,143242.48917631898,143242.48917631898,0,0.0,0.0,0.0,0.0
1667865600000,143242.48917631898,143242.48917631898,0,0.0,0.0,0.0,0.0
1667880000000,143242.48917631898,143242.48917631898,0,0.0,0.0,0.0,0.0
1667894400000,143242.48917631898,143242.48917631898,0,0.0,0.0,0.0,0.0
1667908800000,143242.48917631898,143242.48917631898,0,0.0,0.0,0.0,0.0
1667923200000,143242.48917631898,143242.48917631898,0,0.0,0.0,0.0,0.0
1667937600000,143242.48917631898,143242.48917631898,0,0.0,0.0,0.0,0.0
1667952000000,143242.48917631898,143242.48917631898,0,0.0,0.0,0.0,0.0
1667966400000,143242.48917631898,143242.48917631898,0,0.0,0.0,0.0,0.0
1667980800000,143242.48917631898,143242.48917631898,0,0.0,0.0,0.0,0.0
1667995200000,143242.48917631898,143242.48917631898,0,0.0,0.0,0.0,0.0
1668009600000,143242.48917631898,143242.48917631898,0,0.0,0.0,0.0,0.0
1668024000000,143242.48917631898,143242.48917631898,0,0.0,0.0,0.0,0.0
1668038400000,143242.48917631898,143242.48917631898,0,0.0,0.0,0.0,0.0
1668052800000,143242.48917631898,143242.48917631898,0,0.0,0.0,0.0,0.0
1668067200000,143242.48917631898,143242.48917631898,0,0.0,0.0,0.0,0.0
1668081600000,143242.48917631898,143242.48917631898,0,0.0,0.0,0.0,0.0
1668096000000,143242.48917631898,143242.48917631898,0,0.0,0.0,0.0,0.0
1668110400000,143242.48917631898,143242.48917631898,0,0.0,0.0,0.0,0.0
1668124800000,143242.48917631898,143242.48917631898,0,0.0,0.0,0.0,0.0
1668139200000,143242.48917631898,143242.48917631898,0,0.0,0.0,0.0,0.0
1668153600000,143242.48917631898,143242.48917631898,0,0.0,0.0,0.0,0.0
1668168000000,143242.48917631898,143242.48917631898,0,0.0,0.0,0.0,0.0
1668182400000,143242.48917631898,143242.48917631898,0,0.0,0.0,0.0,0.0
1668196800000,143242.48917631898,143242.48917631898,0,0.0,0.0,0.0,0.0
1668211200000,143242.48917631898,143242.48917631898,0,0.0,0.0,0.0,0.0
1668225600000,143242.48917631898,143242.48917631898,0,0.0,0.0,0.0,0.0
1668240000000,143242.48917631898,143242.48917631898,0,0.0,0.0,0.0,0.0
1668254400000,143242.48917631898,143242.48917631898,0,0.0,0.0,0.0,0.0
1668268800000,143242.48917631898,143242.48917631898,0,0.0,0.0,0.0,0.0
1668283200000,143242.48917631898,143242.48917631898,0,0.0,0.0,0.0,0.0
1668297600000,143242.48917631898,143242.48917631898,0,0.0,0.0,0.0,0.0
1668312000000,143242.48917631898,143242.48917631898,0,0.0,0.0,0.0,0.0
1668326400000,143242.48917631898,143242.48917631898,0,0.0,0.0,0.0,0.0
1668340800000,143242.48917631898,143242.48917631898,0,0.0,0.0,0.0,0.0
1668355200000,143242.48917631898,143242.48917631898,0,0.0,0.0,0.0,0.0
1668369600000,143242.48917631898,143242.48917631898,0,0.0,0.0,0.0,0.0
1668384000000,143242.48917631898,143242.48917631898,0,0.0,0.0,0.0,0.0
1668398400000,143242.48917631898,143242.48917631898,0,0.0,0.0,0.0,0.0
1668412800000,143242.48917631898,143242.48917631898,0,0.0,0.0,0.0,0.0
1668427200000,143242.48917631898,143242.48917631898,0,0.0,0.0,0.0,0.0
1668441600000,143242.48917631898,143242.48917631898,0,0.0,0.0,0.0,0.0
1668456000000,143242.48917631898,143242.48917631898,0,0.0,0.0,0.0,0.0
1668470400000,143242.48917631898,143242.48917631898,0,0.0,0.0,0.0,0.0
1668484800000,143242.48917631898,143242.48917631898,0,0.0,0.0,0.0,0.0
1668499200000,143242.48917631898,143242.48917631898,0,0.0,0.0,0.0,0.0
1668513600000,143242.48917631898,143242.48917631898,0,0.0,0.0,0.0,0.0
1668528000000,143242.48917631898,143242.48917631898,0,0.0,0.0,0.0,0.0
1668542400000,143242.48917631898,143242.48917631898,0,0.0,0.0,0.0,0.0
1668556800000,143242.48917631898,143242.48917631898,0,0.0,0.0,0.0,0.0
1668571200000,143242.48917631898,143242.48917631898,0,0.0,0.0,0.0,0.0
1668585600000,143242.48917631898,143242.48917631898,0,0.0,0.0,0.0,0.0
1668600000000,143242.48917631898,143242.48917631898,0,0.0,0.0,0.0,0.0
1668614400000,143242.48917631898,143242.48917631898,0,0.0,0.0,0.0,0.0
1668628800000,143242.48917631898,143242.48917631898,0,0.0,0.0,0.0,0.0
1668643200000,143242.48917631898,143242.48917631898,0,0.0,0.0,0.0,0.0
1668657600000,143242.48917631898,143242.48917631898,0,0.0,0.0,0.0,0.0
1668672000000,143242.48917631898,143242.48917631898,0,0.0,0.0,0.0,0.0
1668686400000,143242.48917631898,143242.48917631898,0,0.0,0.0,0.0,0.0
1668700800000,143242.48917631898,143242.48917631898,0,0.0,0.0,0.0,0.0
1668715200000,143242.48917631898,143242.48917631898,0,0.0,0.0,0.0,0.0
1668729600000,143242.48917631898,143242.48917631898,0,0.0,0.0,0.0,0.0
1668744000000,143242.48917631898,143242.48917631898,0,0.0,0.0,0.0,0.0
1668758400000,143242.48917631898,143242.48917631898,0,0.0,0.0,0.0,0.0
1668772800000,143242.48917631898,143242.48917631898,0,0.0,0.0,0.0,0.0
1668787200000,143242.48917631898,143242.48917631898,0,0.0,0.0,0.0,0.0
1668801600000,143242.48917631898,143242.48917631898,0,0.0,0.0,0.0,0.0
1668816000000,143242.48917631898,143242.48917631898,0,0.0,0.0,0.0,0.0
1668830400000,143242.48917631898,143242.48917631898,0,0.0,0.0,0.0,0.0
1668844800000,143242.48917631898,143242.48917631898,0,0.0,0.0,0.0,0.0
1668859200000,143242.48917631898,143242.48917631898,0,0.0,0.0,0.0,0.0
1668873600000,143242.48917631898,143242.48917631898,0,0.0,0.0,0.0,0.0
1668888000000,143242.48917631898,143242.48917631898,0,0.0,0.0,0.0,0.0
1668902400000,143242.48917631898,143242.48917631898,0,0.0,0.0,0.0,0.0
1668916800000,143242.48917631898,143242.48917631898,0,0.0,0.0,0.0,0.0
1668931200000,143242.48917631898,143242.48917631898,0,0.0,0.0,0.0,0.0
1668945600000,143242.48917631898,143242.48917631898,0,0.0,0.0,0.0,0.0
1668960000000,141073.53742175328,143242.48917631898,2,252370.22696927327,5728.5829318558135,5728.5829318558135,252370.22696927327
1668974400000,139915.1035272407,140345.55291643,1,111080.24086553947,2863.7331483294342,2863.7331483294342,111080.24086553947
1668988800000,144091.0524319602,140345.55291643,1,106904.29196081993,2863.7331483294342,2863.7331483294342,106904.29196081993
1669003200000,148451.7124297909,143185.8820356896,2,278221.53663535987,4313.429386872884,4313.429386872884,278221.53663535987
1669017600000,148542.27125471632,143185.8820356896,3,346233.21616234904,5938.383596706834,5938.383596706834,346233.21616234904
1669032000000,148072.55555630897,143184.26358950956,3,346701.31341457635,5938.383596706834,5938.383596706834,346701.31341457635
1669046400000,146403.4783883072,143184.26358950956,3,348370.39058257814,5938.383596706834,5938.383596706834,348370.39058257814
1669060800000,155321.7290043287,146057.36787519025,3,228244.00860659426,4497.602190352751,4497.602190352751,228244.00860659426
1669075200000,151592.6208901512,147058.5145667993,2,177649.36767420574,3065.7356161880343,3065.7356161880343,177649.36767420574
1669089600000,151278.1370451897,147045.79569329807,2,177951.132645666,3065.7356161880343,3065.7356161880343,177951.132645666
1669104000000,152557.84335888256,147045.79569329807,2,176671.42633197314,3065.7356161880343,3065.7356161880343,176671.42633197314
1669118400000,153131.74753513554,147046.17406806108,2,176097.90053048317,3065.7356161880343,3065.7356161880343,176097.90053048317
1669132800000,148908.74369665352,148908.74369665352,0,0.0,0.0,0.0,0.0
1669147200000,148908.74369665352,148908.74369665352,0,0.0,0.0,0.0,0.0
1669161600000,148908.74369665352,148908.74369665352,0,0.0,0.0,0.0,0.0
1669176000000,148908.74369665352,148908.74369665352,0,0.0,0.0,0.0,0.0
1669190400000,148908.74369665352,148908.74369665352,0,0.0,0.0,0.0,0.0
1669204800000,148908.74369665352,148908.74369665352,0,0.0,0.0,0.0,0.0
1669219200000,148908.74369665352,148908.74369665352,0,0.0,0.0,0.0,0.0
1669233600000,148908.74369665352,148908.74369665352,0,0.0,0.0,0.0,0.0
1669248000000,148908.74369665352,148908.74369665352,0,0.0,0.0,0.0,0.0
1669262400000,148908.74369665352,148908.74369665352,0,0.0,0.0,0.0,0.0
1669276800000,148908.74369665352,148908.74369665352,0,0.0,0.0,0.0,0.0
1669291200000,148908.74369665352,148908.74369665352,0,0.0,0.0,0.0,0.0
1669305600000,148908.74369665352,148908.74369665352,0,0.0,0.0,0.0,0.0
1669320000000,148908.74369665352,148908.74369665352,0,0.0,0.0,0.0,0.0
1669334400000,148908.74369665352,148908.74369665352,0,0.0,0.0,0.0,0.0
1669348800000,148908.74369665352,148908.74369665352,0,0.0,0.0,0.0,0.0
1669363200000,148908.74369665352,148908.74369665352,0,0.0,0.0,0.0,0.0
1669377600000,148908.74369665352,148908.74369665352,0,0.0,0.0,0.0,0.0
1669392000000,148908.74369665352,148908.74369665352,0,0.0,0.0,0.0,0.0
1669406400000,148908.74369665352,148908.74369665352,0,0.0,0.0,0.0,0.0
1669420800000,148908.74369665352,148908.74369665352,0,0.0,0.0,0.0,0.0
1669435200000,148908.74369665352,148908.74369665352,0,0.0,0.0,0.0,0.0
1669449600000,148908.74369665352,148908.74369665352,0,0.0,0.0,0.0,0.0
1669464000000,148908.74369665352,148908.74369665352,0,0.0,0.0,0.0,0.0
1669478400000,148908.74369665352,148908.74369665352,0,0.0,0.0,0.0,0.0
1669492800000,148908.74369665352,148908.74369665352,0,0.0,0.0,0.0,0.0
1669507200000,148908.74369665352,148908.74369665352,0,0.0,0.0,0.0,0.0
1669521600000,148908.74369665352,148908.74369665352,0,0.0,0.0,0.0,0.0
1669536000000,148908.74369665352,148908.74369665352,0,0.0,0.0,0.0,0.0
1669550400000,148908.74369665352,148908.74369665352,0,0.0,0.0,0.0,0.0
1669564800000,148908.74369665352,148908.74369665352,0,0.0,0.0,0.0,0.0
1669579200000,148908.74369665352,148908.74369665352,0,0.0,0.0,0.0,0.0
1669593600000,148908.74369665352,148908.74369665352,0,0.0,0.0,0.0,0.0
1669608000000,148908.74369665352,148908.74369665352,0,0.0,0.0,0.0,0.0
1669622400000,147834.18033054555,148908.74369665352,2,437229.6587591553,5954.151536455216,5954.151536455216,437229.6587591553
1669636800000,148551.4628176955,148906.08707471524,2,436509.7196500671,5954.151536455216,5954.151536455216,436509.7196500671
1669651200000,150600.73059378375,148906.08707471524,2,434460.45187397883,5954.151536455216,5954.151536455216,434460.45187397883
1669665600000,145965.05636929418,145852.6976920614,1,161321.2656354461,2975.9766625221455,2975.9766625221455,161321.2656354461
1669680000000,146487.1807046984,145852.6976920614,1,160799.14130004187,2975.9766625221455,2975.9766625221455,160799.14130004187
1669694400000,144136.2064991299,145858.8599980407,1,163156.27781158965,2975.9766625221455,2975.9766625221455,163156.27781158965
1669708800000,142978.36060251866,142978.36060251866,0,0.0,0.0,0.0,0.0
1669723200000,142978.36060251866,142978.36060251866,0,0.0,0.0,0.0,0.0
1669737600000,142978.36060251866,142978.36060251866,0,0.0,0.0,0.0,0.0
1669752000000,142978.36060251866,142978.36060251866,0,0.0,0.0,0.0,0.0
1669766400000,142978.36060251866,142978.36060251866,0,0.0,0.0,0.0,0.0
1669780800000,142978.36060251866,142978.36060251866,0,0.0,0.0,0.0,0.0
1669795200000,142978.36060251866,142978.36060251866,0,0.0,0.0,0.0,0.0
1669809600000,142978.36060251866,142978.36060251866,0,0.0,0.0,0.0,0.0
1669824000000,142978.36060251866,142978.36060251866,0,0.0,0.0,0.0,0.0
1669838400000,142978.36060251866,142978.36060251866,0,0.0,0.0,0.0,0.0
1669852800000,142978.36060251866,142978.36060251866,0,0.0,0.0,0.0,0.0
1669867200000,142978.36060251866,142978.36060251866,0,0.0,0.0,0.0,0.0
1669881600000,142978.36060251866,142978.36060251866,0,0.0,0.0,0.0,0.0
1669896000000,142978.36060251866,142978.36060251866,0,0.0,0.0,0.0,0.0
1669910400000,142978.36060251866,142978.36060251866,0,0.0,0.0,0.0,0.0
1669924800000,142978.36060251866,142978.36060251866,0,0.0,0.0,0.0,0.0
1669939200000,142978.36060251866,142978.36060251866,0,0.0,0.0,0.0,0.0
1669953600000,142978.36060251866,142978.36060251866,0,0.0,0.0,0.0,0.0
1669968000000,142978.36060251866,142978.36060251866,0,0.0,0.0,0.0,0.0
1669982400000,142978.36060251866,142978.36060251866,0,0.0,0.0,0.0,0.0
1669996800000,142978.36060251866,142978.36060251866,0,0.0,0.0,0.0,0.0
1670011200000,142978.36060251866,142978.36060251866,0,0.0,0.0,0.0,0.0
1670025600000,142978.36060251866,142978.36060251866,0,0.0,0.0,0.0,0.0
1670040000000,142978.36060251866,142978.36060251866,0,0.0,0.0,0.0,0.0
1670054400000,142978.36060251866,142978.36060251866,0,0.0,0.0,0.0,0.0
1670068800000,142978.36060251866,142978.36060251866,0,0.0,0.0,0.0,0.0
1670083200000,142978.36060251866,142978.36060251866,0,0.0,0.0,0.0,0.0
1670097600000,142978.36060251866,142978.36060251866,0,0.0,0.0,0.0,0.0
1670112000000,142978.36060251866,142978.36060251866,0,0.0,0.0,0.0,0.0
1670126400000,140083.175241498,140083.175241498,0,0.0,0.0,0.0,0.0
1670140800000,140083.175241498,140083.175241498,0,0.0,0.0,0.0,0.0
1670155200000,140083.175241498,140083.175241498,0,0.0,0.0,0.0,0.0
1670169600000,140083.175241498,140083.175241498,0,0.0,0.0,0.0,0.0
1670184000000,140083.175241498,140083.175241498,0,0.0,0.0,0.0,0.0
1670198400000,140083.175241498,140083.175241498,0,0.0,0.0,0.0,0.0
1670212800000,140083.175241498,140083.175241498,0,0.0,0.0,0.0,0.0
1670227200000,140083.175241498,140083.175241498,0,0.0,0.0,0.0,0.0
1670241600000,140083.175241498,140083.175241498,0,0.0,0.0,0.0,0.0
1670256000000,140083.175241498,140083.175241498,0,0.0,0.0,0.0,0.0
1670270400000,140083.175241498,140083.175241498,0,0.0,0.0,0.0,0.0
1670284800000,138899.08876671488,140083.175241498,1,202375.4963177257,2801.66350482996,2801.66350482996,202375.4963177257
1670299200000,138162.25922639234,140083.175241498,1,203112.32585804822,2801.66350482996,2801.66350482996,203112.32585804822
1670313600000,138292.3158058028,140083.175241498,2,360226.8480687301,5526.209672087953,5526.209672087953,360226.8480687301
1670328000000,137854.47703748784,140089.85157196232,2,360671.3631675093,5526.209672087953,5526.209672087953,360671.3631675093
1670342400000,135882.5629855749,137333.31157971284,1,202642.1584370805,2801.66350482996,2801.66350482996,202642.1584370805
1670356800000,136079.05086299422,137333.31157971284,1,202445.6705596612,2801.66350482996,2801.66350482996,202445.6705596612
1670371200000,134490.84946021336,134490.84946021336,0,0.0,0.0,0.0,0.0
1670385600000,134490.84946021336,134490.84946021336,0,0.0,0.0,0.0,0.0
1670400000000,134490.84946021336,134490.84946021336,0,0.0,0.0,0.0,0.0
1670414400000,133379.18776194513,134490.84946021336,2,349487.02867101226,5378.025687753289,5378.025687753289,349487.02867101226
1670428800000,131741.08998281142,134490.84946021336,2,351125.12645014597,5378.025687753289,5378.025687753289,351125.12645014597
1670443200000,131993.05059849535,134483.49520194254,2,350865.8115761912,5378.025687753289,5378.025687753289,350865.8115761912
1670457600000,131061.575522685,134483.49520194254,2,351797.28665200155,5378.025687753289,5378.025687753289,351797.28665200155
1670472000000,130561.06044791314,131696.98865265766,1,202132.0528439381,2689.8169892042674,2689.8169892042674,202132.0528439381
1670486400000,129607.64093011638,131696.98865265766,1,203085.47236173484,2689.8169892042674,2689.8169892042674,203085.47236173484
1670500800000,128966.43447512771,128966.43447512771,0,0.0,0.0,0.0,0.0
1670515200000,128966.43447512771,128966.43447512771,0,0.0,0.0,0.0,0.0
1670529600000,128966.43447512771,128966.43447512771,0,0.0,0.0,0.0,0.0
1670544000000,128966.43447512771,128966.43447512771,0,0.0,0.0,0.0,0.0
1670558400000,128966.43447512771,128966.43447512771,0,0.0,0.0,0.0,0.0
1670572800000,128966.43447512771,128966.43447512771,0,0.0,0.0,0.0,0.0
1670587200000,128966.43447512771,128966.43447512771,0,0.0,0.0,0.0,0.0
1670601600000,128966.43447512771,128966.43447512771,0,0.0,0.0,0.0,0.0
1670616000000,128966.43447512771,128966.43447512771,0,0.0,0.0,0.0,0.0
1670630400000,128966.43447512771,128966.43447512771,0,0.0,0.0,0.0,0.0
1670644800000,128966.43447512771,128966.43447512771,0,0.0,0.0,0.0,0.0
1670659200000,128966.43447512771,128966.43447512771,0,0.0,0.0,0.0,0.0
1670673600000,128966.43447512771,128966.43447512771,0,0.0,0.0,0.0,0.0
1670688000000,128966.43447512771,128966.43447512771,0,0.0,0.0,0.0,0.0
1670702400000,128966.43447512771,128966.43447512771,0,0.0,0.0,0.0,0.0
1670716800000,128966.43447512771,128966.43447512771,0,0.0,0.0,0.0,0.0
1670731200000,128966.43447512771,128966.43447512771,0,0.0,0.0,0.0,0.0
1670745600000,128966.43447512771,128966.43447512771,0,0.0,0.0,0.0,0.0
1670760000000,128966.43447512771,128966.43447512771,0,0.0,0.0,0.0,0.0
1670774400000,128966.43447512771,128966.43447512771,0,0.0,0.0,0.0,0.0
1670788800000,128966.43447512771,128966.43447512771,0,0.0,0.0,0.0,0.0
1670803200000,128966.43447512771,128966.43447512771,0,0.0,0.0,0.0,0.0
1670817600000,136648.90173154316,134070.41720999219,3,153936.32969007565,1934.1434632039595,1934.1434632039595,153936.32969007565
1670832000000,136502.5974064609,134070.41720999219,6,391346.55160250433,5464.509554867882,5464.509554867882,391346.55160250433
1670846400000,133040.47814146042,132770.6829637871,4,275049.74030014593,3453.365338804377,3453.365338804377,275049.74030014593
1670860800000,135140.50075977357,134111.27148400183,3,143925.6683608552,2086.9771686554377,2086.9771686554377,143925.6683608552
1670875200000,135003.33431601382,134341.9152217639,3,186993.69932387132,2793.1991143341743,2793.1991143341743,186993.69932387132
1670889600000,133455.07103986616,133534.3319202016,1,101707.7431542995,1351.054118054375,1351.054118054375,101707.7431542995
1670904000000,136487.7758601088,134875.4934008522,1,49201.95867772543,675.5270590271875,675.5270590271875,49201.95867772543
1670918400000,137086.2950265669,134875.4934008522,1,48603.439511267345,675.5270590271875,675.5270590271875,48603.439511267345
1670932800000,136793.59530956755,136793.59530956755,0,0.0,0.0,0.0,0.0
1670947200000,136793.59530956755,136793.59530956755,0,0.0,0.0,0.0,0.0
1670961600000,136793.59530956755,136793.59530956755,0,0.0,0.0,0.0,0.0
1670976000000,136793.59530956755,136793.59530956755,0,0.0,0.0,0.0,0.0
1670990400000,136793.59530956755,136793.59530956755,0,0.0,0.0,0.0,0.0
1671004800000,136793.59530956755,136793.59530956755,0,0.0,0.0,0.0,0.0
1671019200000,137158.4423500401,136793.59530956755,1,134286.2134988181,2735.871906191351,0.0,0.0
1671033600000,138301.94966920864,136793.59530956755,1,135429.72081798664,2735.871906191351,0.0,0.0
1671048000000,135171.59055191616,136780.05260204416,1,132312.90440821752,2735.871906191351,0.0,0.0
1671062400000,135197.9013397908,136780.05260204416,1,132339.2151960922,2735.871906191351,0.0,0.0
1671076800000,134004.70775271134,134004.70775271134,0,0.0,0.0,0.0,0.0
1671091200000,134004.70775271134,134004.70775271134,0,0.0,0.0,0.0,0.0
1671105600000,134004.70775271134,134004.70775271134,0,0.0,0.0,0.0,0.0
1671120000000,134004.70775271134,134004.70775271134,0,0.0,0.0,0.0,0.0
1671134400000,134004.70775271134,134004.70775271134,0,0.0,0.0,0.0,0.0
1671148800000,134004.70775271134,134004.70775271134,0,0.0,0.0,0.0,0.0
1671163200000,133018.66039824934,134004.70775271134,1,50244.91751730463,1340.0470775271135,1340.0470775271135,50244.91751730463
1671177600000,133030.28175074552,134004.70775271134,1,50233.29616480843,1340.0470775271135,1340.0470775271135,50233.29616480843
1671192000000,135080.66558167606,134009.73354431134,1,48187.93812547789,1340.0470775271135,1340.0470775271135,48187.93812547789
1671206400000,135865.10687516932,134009.73354431134,1,47403.49683198464,1340.0470775271135,1340.0470775271135,47403.49683198464
1671220800000,136393.56396643125,135346.75843791626,1,23582.62955290631,670.0235387635568,670.0235387635568,23582.62955290631
1671235200000,137997.31061090634,135346.75843791626,1,21978.88290843122,670.0235387635568,670.0235387635568,21978.88290843122
1671249600000,137637.5406332258,135341.43971136972,1,22333.334159565205,670.0235387635568,670.0235387635568,22333.334159565205
1671264000000,137332.48013020068,135341.43971136972,1,22638.39466259036,670.0235387635568,670.0235387635568,22638.39466259036
1671278400000,137550.3879597585,135341.44718162387,1,22420.49430328668,670.0235387635568,670.0235387635568,22420.49430328668
1671292800000,137416.74240605225,135341.44718162387,1,22554.139856992937,670.0235387635568,670.0235387635568,22554.139856992937
1671307200000,137462.32731540487,135343.45201911576,1,22510.559785132198,670.0235387635568,670.0235387635568,22510.559785132198
1671321600000,137155.19573099882,137155.19573099882,0,0.0,0.0,0.0,0.0
1671336000000,137155.19573099882,137155.19573099882,0,0.0,0.0,0.0,0.0
1671350400000,137155.19573099882,137155.19573099882,0,0.0,0.0,0.0,0.0
1671364800000,137155.19573099882,137155.19573099882,0,0.0,0.0,0.0,0.0
1671379200000,137155.19573099882,137155.19573099882,0,0.0,0.0,0.0,0.0
1671393600000,137155.19573099882,137155.19573099882,0,0.0,0.0,0.0,0.0
1671408000000,137155.19573099882,137155.19573099882,0,0.0,0.0,0.0,0.0
1671422400000,137155.19573099882,137155.19573099882,0,0.0,0.0,0.0,0.0
1671436800000,137155.19573099882,137155.19573099882,0,0.0,0.0,0.0,0.0
1671451200000,137155.19573099882,137155.19573099882,0,0.0,0.0,0.0,0.0
1671465600000,137155.19573099882,137155.19573099882,0,0.0,0.0,0.0,0.0
1671480000000,137155.19573099882,137155.19573099882,0,0.0,0.0,0.0,0.0
1671494400000,137155.19573099882,137155.19573099882,0,0.0,0.0,0.0,0.0
1671508800000,137155.19573099882,137155.19573099882,0,0.0,0.0,0.0,0.0
1671523200000,137155.19573099882,137155.19573099882,0,0.0,0.0,0.0,0.0
1671537600000,137155.19573099882,137155.19573099882,0,0.0,0.0,0.0,0.0
1671552000000,137155.19573099882,137155.19573099882,0,0.0,0.0,0.0,0.0
1671566400000,137155.19573099882,137155.19573099882,0,0.0,0.0,0.0,0.0
1671580800000,137155.19573099882,137155.19573099882,0,0.0,0.0,0.0,0.0
1671595200000,137155.19573099882,137155.19573099882,0,0.0,0.0,0.0,0.0
1671609600000,137155.19573099882,137155.19573099882,0,0.0,0.0,0.0,0.0
1671624000000,137155.19573099882,137155.19573099882,0,0.0,0.0,0.0,0.0
1671638400000,137155.19573099882,137155.19573099882,0,0.0,0.0,0.0,0.0
1671652800000,137155.19573099882,137155.19573099882,0,0.0,0.0,0.0,0.0
1671667200000,137155.19573099882,137155.19573099882,0,0.0,0.0,0.0,0.0
1671681600000,137155.19573099882,137155.19573099882,0,0.0,0.0,0.0,0.0
1671696000000,137155.19573099882,137155.19573099882,0,0.0,0.0,0.0,0.0
1671710400000,137155.19573099882,137155.19573099882,0,0.0,0.0,0.0,0.0
1671724800000,137155.19573099882,137155.19573099882,0,0.0,0.0,0.0,0.0
1671739200000,137155.19573099882,137155.19573099882,0,0.0,0.0,0.0,0.0
1671753600000,137155.19573099882,137155.19573099882,0,0.0,0.0,0.0,0.0
1671768000000,137155.19573099882,137155.19573099882,0,0.0,0.0,0.0,0.0
1671782400000,137155.19573099882,137155.19573099882,0,0.0,0.0,0.0,0.0
1671796800000,137155.19573099882,137155.19573099882,0,0.0,0.0,0.0,0.0
1671811200000,137155.19573099882,137155.19573099882,0,0.0,0.0,0.0,0.0
1671825600000,137155.19573099882,137155.19573099882,0,0.0,0.0,0.0,0.0
1671840000000,137155.19573099882,137155.19573099882,0,0.0,0.0,0.0,0.0
1671854400000,137155.19573099882,137155.19573099882,0,0.0,0.0,0.0,0.0
1671868800000,137155.19573099882,137155.19573099882,0,0.0,0.0,0.0,0.0
1671883200000,137155.19573099882,137155.19573099882,0,0.0,0.0,0.0,0.0
1671897600000,137155.19573099882,137155.19573099882,0,0.0,0.0,0.0,0.0
1671912000000,137155.19573099882,137155.19573099882,0,0.0,0.0,0.0,0.0
1671926400000,137155.19573099882,137155.19573099882,0,0.0,0.0,0.0,0.0
1671940800000,137155.19573099882,137155.19573099882,0,0.0,0.0,0.0,0.0
1671955200000,137155.19573099882,137155.19573099882,0,0.0,0.0,0.0,0.0
1671969600000,137155.19573099882,137155.19573099882,0,0.0,0.0,0.0,0.0
1671984000000,137155.19573099882,137155.19573099882,0,0.0,0.0,0.0,0.0
1671998400000,137155.19573099882,137155.19573099882,0,0.0,0.0,0.0,0.0
1672012800000,137155.19573099882,137155.19573099882,0,0.0,0.0,0.0,0.0
1672027200000,137155.19573099882,137155.19573099882,0,0.0,0.0,0.0,0.0
1672041600000,137155.19573099882,137155.19573099882,0,0.0,0.0,0.0,0.0
1672056000000,137155.19573099882,137155.19573099882,0,0.0,0.0,0.0,0.0
1672070400000,137155.19573099882,137155.19573099882,0,0.0,0.0,0.0,0.0
1672084800000,137155.19573099882,137155.19573099882,0,0.0,0.0,0.0,0.0
1672099200000,137155.19573099882,137155.19573099882,0,0.0,0.0,0.0,0.0
1672113600000,137155.19573099882,137155.19573099882,0,0.0,0.0,0.0,0.0
1672128000000,137155.19573099882,137155.19573099882,0,0.0,0.0,0.0,0.0
1672142400000,137155.19573099882,137155.19573099882,0,0.0,0.0,0.0,0.0
1672156800000,137155.19573099882,137155.19573099882,0,0.0,0.0,0.0,0.0
1672171200000,137155.19573099882,137155.19573099882,0,0.0,0.0,0.0,0.0
1672185600000,136311.98249862492,137155.19573099882,1,149830.10244952128,2743.1039146199764,2743.1039146199764,149830.10244952128
1672200000000,140231.3349027903,137170.18064462292,1,145925.73495898003,2743.1039146199764,2743.1039146199764,145925.73495898003
1672214400000,143235.42165447128,139898.9344911041,2,293853.8151903982,4176.178655365793,4176.178655365793,293853.8151903982
1672228800000,143332.33535157333,139909.78420531287,3,404618.86900487763,5728.7179612422515,5728.7179612422515,404618.86900487763
1672243200000,141987.94937797397,139530.6501748669,1,220239.55854208462,2804.6266980558053,2804.6266980558053,220239.55854208462
1672257600000,142546.84442372495,139538.0237952869,2,417359.7211074851,5645.302957249627,5645.302957249627,417359.7211074851
1672272000000,145750.32488611335,142320.94173290778,2,305590.72971012176,4242.989608221725,4242.989608221725,305590.72971012176
1672286400000,148012.37758151157,145172.98133158867,2,207344.8746180387,2822.6514786248135,2822.6514786248135,207344.8746180387
1672300800000,147426.06886974737,145172.98133158867,2,207931.18332980288,2822.6514786248135,2822.6514786248135,207931.18332980288
1672315200000,147864.5470667817,146718.5266887232,1,97689.82161730723,1420.3381295969111,1420.3381295969111,97689.82161730723
1672329600000,148118.74220602817,146718.5266887232,1,97435.62647806076,1420.3381295969111,1420.3381295969111,97435.62647806076
1672344000000,149029.45902599965,146726.41249688825,1,96532.79546625433,1420.3381295969111,1420.3381295969111,96532.79546625433
1672358400000,149432.6651089423,146726.41249688825,1,96129.58938331166,1420.3381295969111,1420.3381295969111,96129.58938331166
1672372800000,149383.3472109837,149383.3472109837,0,0.0,0.0,0.0,0.0
1672387200000,149383.3472109837,149383.3472109837,0,0.0,0.0,0.0,0.0
1672401600000,149383.3472109837,149383.3472109837,0,0.0,0.0,0.0,0.0
1672416000000,149383.3472109837,149383.3472109837,0,0.0,0.0,0.0,0.0
1672430400000,149383.3472109837,149383.3472109837,0,0.0,0.0,0.0,0.0
1672444800000,149383.3472109837,149383.3472109837,0,0.0,0.0,0.0,0.0
1672459200000,149383.3472109837,149383.3472109837,0,0.0,0.0,0.0,0.0
1672473600000,149383.3472109837,149383.3472109837,0,0.0,0.0,0.0,0.0
1672488000000,149383.3472109837,149383.3472109837,0,0.0,0.0,0.0,0.0
1672502400000,149383.3472109837,149383.3472109837,0,0.0,0.0,0.0,0.0
1672516800000,149383.3472109837,149383.3472109837,0,0.0,0.0,0.0,0.0
1672531200000,149383.3472109837,149383.3472109837,0,0.0,0.0,0.0,0.0
1672545600000,149383.3472109837,149383.3472109837,0,0.0,0.0,0.0,0.0
1672560000000,149383.3472109837,149383.3472109837,0,0.0,0.0,0.0,0.0
1672574400000,149383.3472109837,149383.3472109837,0,0.0,0.0,0.0,0.0
1672588800000,149383.3472109837,149383.3472109837,0,0.0,0.0,0.0,0.0
1672603200000,149383.3472109837,149383.3472109837,0,0.0,0.0,0.0,0.0
1672617600000,149383.3472109837,149383.3472109837,0,0.0,0.0,0.0,0.0
1672632000000,149383.3472109837,149383.3472109837,0,0.0,0.0,0.0,0.0
1672646400000,146366.64547144476,146366.64547144476,0,0.0,0.0,0.0,0.0
1672660800000,146366.64547144476,146366.64547144476,0,0.0,0.0,0.0,0.0
1672675200000,146366.64547144476,146366.64547144476,0,0.0,0.0,0.0,0.0
1672689600000,146366.64547144476,146366.64547144476,0,0.0,0.0,0.0,0.0
1672704000000,146366.64547144476,146366.64547144476,0,0.0,0.0,0.0,0.0
1672718400000,146366.64547144476,146366.64547144476,0,0.0,0.0,0.0,0.0
1672732800000,146366.64547144476,146366.64547144476,0,0.0,0.0,0.0,0.0
1672747200000,146366.64547144476,146366.64547144476,0,0.0,0.0,0.0,0.0
1672761600000,146366.64547144476,146366.64547144476,0,0.0,0.0,0.0,0.0
1672776000000,146366.64547144476,146366.64547144476,0,0.0,0.0,0.0,0.0
1672790400000,146366.64547144476,146366.64547144476,0,0.0,0.0,0.0,0.0
1672804800000,146366.64547144476,146366.64547144476,0,0.0,0.0,0.0,0.0
1672819200000,146366.64547144476,146366.64547144476,0,0.0,0.0,0.0,0.0
1672833600000,146366.64547144476,146366.64547144476,0,0.0,0.0,0.0,0.0
1672848000000,146366.64547144476,146366.64547144476,0,0.0,0.0,0.0,0.0
1672862400000,146366.64547144476,146366.64547144476,0,0.0,0.0,0.0,0.0
1672876800000,146366.64547144476,146366.64547144476,0,0.0,0.0,0.0,0.0
1672891200000,146366.64547144476,146366.64547144476,0,0.0,0.0,0.0,0.0
1672905600000,146366.64547144476,146366.64547144476,0,0.0,0.0,0.0,0.0
1672920000000,146366.64547144476,146366.64547144476,0,0.0,0.0,0.0,0.0
1672934400000,146366.64547144476,146366.64547144476,0,0.0,0.0,0.0,0.0
1672948800000,146366.64547144476,146366.64547144476,0,0.0,0.0,0.0,0.0
1672963200000,146366.64547144476,146366.64547144476,0,0.0,0.0,0.0,0.0
1672977600000,146366.64547144476,146366.64547144476,0,0.0,0.0,0.0,0.0
1672992000000,146366.64547144476,146366.64547144476,0,0.0,0.0,0.0,0.0
1673006400000,146366.64547144476,146366.64547144476,0,0.0,0.0,0.0,0.0
1673020800000,146366.64547144476,146366.64547144476,0,0.0,0.0,0.0,0.0
1673035200000,146366.64547144476,146366.64547144476,0,0.0,0.0,0.0,0.0
1673049600000,146366.64547144476,146366.64547144476,0,0.0,0.0,0.0,0.0
1673064000000,146366.64547144476,146366.64547144476,0,0.0,0.0,0.0,0.0
1673078400000,146366.64547144476,146366.64547144476,0,0.0,0.0,0.0,0.0
1673092800000,146366.64547144476,146366.64547144476,0,0.0,0.0,0.0,0.0
1673107200000,146366.64547144476,146366.64547144476,0,0.0,0.0,0.0,0.0
1673121600000,146366.64547144476,146366.64547144476,0,0.0,0.0,0.0,0.0
1673136000000,146366.64547144476,146366.64547144476,0,0.0,0.0,0.0,0.0
1673150400000,146366.64547144476,146366.64547144476,0,0.0,0.0,0.0,0.0
1673164800000,146366.64547144476,146366.64547144476,0,0.0,0.0,0.0,0.0
1673179200000,146366.64547144476,146366.64547144476,0,0.0,0.0,0.0,0.0
1673193600000,146366.64547144476,146366.64547144476,0,0.0,0.0,0.0,0.0
1673208000000,146366.64547144476,146366.64547144476,0,0.0,0.0,0.0,0.0
1673222400000,146366.64547144476,146366.64547144476,0,0.0,0.0,0.0,0.0
1673236800000,146366.64547144476,146366.64547144476,0,0.0,0.0,0.0,0.0
1673251200000,146366.64547144476,146366.64547144476,0,0.0,0.0,0.0,0.0
1673265600000,146366.64547144476,146366.64547144476,0,0.0,0.0,0.0,0.0
1673280000000,146366.64547144476,146366.64547144476,0,0.0,0.0,0.0,0.0
1673294400000,146366.64547144476,146366.64547144476,0,0.0,0.0,0.0,0.0
1673308800000,146366.64547144476,146366.64547144476,0,0.0,0.0,0.0,0.0
1673323200000,146366.64547144476,146366.64547144476,0,0.0,0.0,0.0,0.0
1673337600000,146366.64547144476,146366.64547144476,0,0.0,0.0,0.0,0.0
1673352000000,146366.64547144476,146366.64547144476,0,0.0,0.0,0.0,0.0
1673366400000,146366.64547144476,146366.64547144476,0,0.0,0.0,0.0,0.0
1673380800000,146366.64547144476,146366.64547144476,0,0.0,0.0,0.0,0.0
1673395200000,146366.64547144476,146366.64547144476,0,0.0,0.0,0.0,0.0
1673409600000,146366.64547144476,146366.64547144476,0,0.0,0.0,0.0,0.0
1673424000000,146366.64547144476,146366.64547144476,0,0.0,0.0,0.0,0.0
1673438400000,146366.64547144476,146366.64547144476,0,0.0,0.0,0.0,0.0
1673452800000,146366.64547144476,146366.64547144476,0,0.0,0.0,0.0,0.0
1673467200000,146366.64547144476,146366.64547144476,0,0.0,0.0,0.0,0.0
1673481600000,146366.64547144476,146366.64547144476,0,0.0,0.0,0.0,0.0
1673496000000,146366.64547144476,146366.64547144476,0,0.0,0.0,0.0,0.0
1673510400000,146366.64547144476,146366.64547144476,0,0.0,0.0,0.0,0.0
1673524800000,146366.64547144476,146366.64547144476,0,0.0,0.0,0.0,0.0
1673539200000,146366.64547144476,146366.64547144476,0,0.0,0.0,0.0,0.0
1673553600000,146366.64547144476,146366.64547144476,0,0.0,0.0,0.0,0.0
1673568000000,146366.64547144476,146366.64547144476,0,0.0,0.0,0.0,0.0
1673582400000,146366.64547144476,146366.64547144476,0,0.0,0.0,0.0,0.0
1673596800000,146366.64547144476,146366.64547144476,0,0.0,0.0,0.0,0.0
1673611200000,146366.64547144476,146366.64547144476,0,0.0,0.0,0.0,0.0
1673625600000,146366.64547144476,146366.64547144476,0,0.0,0.0,0.0,0.0
1673640000000,146366.64547144476,146366.64547144476,0,0.0,0.0,0.0,0.0
1673654400000,146366.64547144476,146366.64547144476,0,0.0,0.0,0.0,0.0
1673668800000,146366.64547144476,146366.64547144476,0,0.0,0.0,0.0,0.0
1673683200000,146366.64547144476,146366.64547144476,0,0.0,0.0,0.0,0.0
1673697600000,146366.64547144476,146366.64547144476,0,0.0,0.0,0.0,0.0
1673712000000,146366.64547144476,146366.64547144476,0,0.0,0.0,0.0,0.0
1673726400000,146366.64547144476,146366.64547144476,0,0.0,0.0,0.0,0.0
1673740800000,146366.64547144476,146366.64547144476,0,0.0,0.0,0.0,0.0
1673755200000,146366.64547144476,146366.64547144476,0,0.0,0.0,0.0,0.0
1673769600000,146366.64547144476,146366.64547144476,0,0.0,0.0,0.0,0.0
1673784000000,146366.64547144476,146366.64547144476,0,0.0,0.0,0.0,0.0
1673798400000,146366.64547144476,146366.64547144476,0,0.0,0.0,0.0,0.0
1673812800000,146366.64547144476,146366.64547144476,0,0.0,0.0,0.0,0.0
1673827200000,146366.64547144476,146366.64547144476,0,0.0,0.0,0.0,0.0
1673841600000,146366.64547144476,146366.64547144476,0,0.0,0.0,0.0,0.0
1673856000000,146366.64547144476,146366.64547144476,0,0.0,0.0,0.0,0.0
1673870400000,146366.64547144476,146366.64547144476,0,0.0,0.0,0.0,0.0
1673884800000,146366.64547144476,146366.64547144476,0,0.0,0.0,0.0,0.0
1673899200000,146366.64547144476,146366.64547144476,0,0.0,0.0,0.0,0.0
1673913600000,146366.64547144476,146366.64547144476,0,0.0,0.0,0.0,0.0
1673928000000,146366.64547144476,146366.64547144476,0,0.0,0.0,0.0,0.0
1673942400000,146366.64547144476,146366.64547144476,0,0.0,0.0,0.0,0.0
1673956800000,146366.64547144476,146366.64547144476,0,0.0,0.0,0.0,0.0
1673971200000,146366.64547144476,146366.64547144476,0,0.0,0.0,0.0,0.0
1673985600000,146366.64547144476,146366.64547144476,0,0.0,0.0,0.0,0.0
1674000000000,146366.64547144476,146366.64547144476,0,0.0,0.0,0.0,0.0
1674014400000,146366.64547144476,146366.64547144476,0,0.0,0.0,0.0,0.0
1674028800000,146366.64547144476,146366.64547144476,0,0.0,0.0,0.0,0.0
1674043200000,146366.64547144476,146366.64547144476,0,0.0,0.0,0.0,0.0
1674057600000,146366.64547144476,146366.64547144476,0,0.0,0.0,0.0,0.0
1674072000000,146366.64547144476,146366.64547144476,0,0.0,0.0,0.0,0.0
1674086400000,146366.64547144476,146366.64547144476,0,0.0,0.0,0.0,0.0
1674100800000,146366.64547144476,146366.64547144476,0,0.0,0.0,0.0,0.0
1674115200000,146366.64547144476,146366.64547144476,0,0.0,0.0,0.0,0.0
1674129600000,146366.64547144476,146366.64547144476,0,0.0,0.0,0.0,0.0
1674144000000,146366.64547144476,146366.64547144476,0,0.0,0.0,0.0,0.0
1674158400000,146366.64547144476,146366.64547144476,0,0.0,0.0,0.0,0.0
1674172800000,146366.64547144476,146366.64547144476,0,0.0,0.0,0.0,0.0
1674187200000,146366.64547144476,146366.64547144476,0,0.0,0.0,0.0,0.0
1674201600000,146366.64547144476,146366.64547144476,0,0.0,0.0,0.0,0.0
1674216000000,146366.64547144476,146366.64547144476,0,0.0,0.0,0.0,0.0
1674230400000,146366.64547144476,146366.64547144476,0,0.0,0.0,0.0,0.0
1674244800000,146366.64547144476,146366.64547144476,0,0.0,0.0,0.0,0.0
1674259200000,146366.64547144476,146366.64547144476,0,0.0,0.0,0.0,0.0
1674273600000,146366.64547144476,146366.64547144476,0,0.0,0.0,0.0,0.0
1674288000000,146366.64547144476,146366.64547144476,0,0.0,0.0,0.0,0.0
1674302400000,146366.64547144476,146366.64547144476,0,0.0,0.0,0.0,0.0
1674316800000,146366.64547144476,146366.64547144476,0,0.0,0.0,0.0,0.0
1674331200000,146366.64547144476,146366.64547144476,0,0.0,0.0,0.0,0.0
1674345600000,146366.64547144476,146366.64547144476,0,0.0,0.0,0.0,0.0
1674360000000,146366.64547144476,146366.64547144476,0,0.0,0.0,0.0,0.0
1674374400000,146366.64547144476,146366.64547144476,0,0.0,0.0,0.0,0.0
1674388800000,146366.64547144476,146366.64547144476,0,0.0,0.0,0.0,0.0
1674403200000,146366.64547144476,146366.64547144476,0,0.0,0.0,0.0,0.0
1674417600000,146366.64547144476,146366.64547144476,0,0.0,0.0,0.0,0.0
1674432000000,146366.64547144476,146366.64547144476,0,0.0,0.0,0.0,0.0
1674446400000,146366.64547144476,146366.64547144476,0,0.0,0.0,0.0,0.0
1674460800000,146366.64547144476,146366.64547144476,0,0.0,0.0,0.0,0.0
1674475200000,146366.64547144476,146366.64547144476,0,0.0,0.0,0.0,0.0
1674489600000,146366.64547144476,146366.64547144476,0,0.0,0.0,0.0,0.0
1674504000000,146366.64547144476,146366.64547144476,0,0.0,0.0,0.0,0.0
1674518400000,146366.64547144476,146366.64547144476,0,0.0,0.0,0.0,0.0
1674532800000,146366.64547144476,146366.64547144476,0,0.0,0.0,0.0,0.0
1674547200000,146366.64547144476,146366.64547144476,0,0.0,0.0,0.0,0.0
1674561600000,146366.64547144476,146366.64547144476,0,0.0,0.0,0.0,0.0
1674576000000,146366.64547144476,146366.64547144476,0,0.0,0.0,0.0,0.0
1674590400000,146366.64547144476,146366.64547144476,0,0.0,0.0,0.0,0.0
1674604800000,146366.64547144476,146366.64547144476,0,0.0,0.0,0.0,0.0
1674619200000,146366.64547144476,146366.64547144476,0,0.0,0.0,0.0,0.0
1674633600000,146366.64547144476,146366.64547144476,0,0.0,0.0,0.0,0.0
1674648000000,146366.64547144476,146366.64547144476,0,0.0,0.0,0.0,0.0
1674662400000,146366.64547144476,146366.64547144476,0,0.0,0.0,0.0,0.0
1674676800000,146366.64547144476,146366.64547144476,0,0.0,0.0,0.0,0.0
1674691200000,146366.64547144476,146366.64547144476,0,0.0,0.0,0.0,0.0
1674705600000,146366.64547144476,146366.64547144476,0,0.0,0.0,0.0,0.0
1674720000000,146366.64547144476,146366.64547144476,0,0.0,0.0,0.0,0.0
1674734400000,146366.64547144476,146366.64547144476,0,0.0,0.0,0.0,0.0
1674748800000,146366.64547144476,146366.64547144476,0,0.0,0.0,0.0,0.0
1674763200000,146366.64547144476,146366.64547144476,0,0.0,0.0,0.0,0.0
1674777600000,146366.64547144476,146366.64547144476,0,0.0,0.0,0.0,0.0
1674792000000,146366.64547144476,146366.64547144476,0,0.0,0.0,0.0,0.0
1674806400000,146366.64547144476,146366.64547144476,0,0.0,0.0,0.0,0.0
1674820800000,146366.64547144476,146366.64547144476,0,0.0,0.0,0.0,0.0
1674835200000,146366.64547144476,146366.64547144476,0,0.0,0.0,0.0,0.0
1674849600000,146366.64547144476,146366.64547144476,0,0.0,0.0,0.0,0.0
1674864000000,146366.64547144476,146366.64547144476,0,0.0,0.0,0.0,0.0
1674878400000,146366.64547144476,146366.64547144476,0,0.0,0.0,0.0,0.0
1674892800000,146366.64547144476,146366.64547144476,0,0.0,0.0,0.0,0.0
1674907200000,146366.64547144476,146366.64547144476,0,0.0,0.0,0.0,0.0
1674921600000,146366.64547144476,146366.64547144476,0,0.0,0.0,0.0,0.0
1674936000000,146366.64547144476,146366.64547144476,0,0.0,0.0,0.0,0.0
1674950400000,146366.64547144476,146366.64547144476,0,0.0,0.0,0.0,0.0
1674964800000,146366.64547144476,146366.64547144476,0,0.0,0.0,0.0,0.0
1674979200000,146366.64547144476,146366.64547144476,0,0.0,0.0,0.0,0.0
1674993600000,146366.64547144476,146366.64547144476,0,0.0,0.0,0.0,0.0
1675008000000,146366.64547144476,146366.64547144476,0,0.0,0.0,0.0,0.0
1675022400000,146366.64547144476,146366.64547144476,0,0.0,0.0,0.0,0.0
1675036800000,146366.64547144476,146366.64547144476,0,0.0,0.0,0.0,0.0
1675051200000,146366.64547144476,146366.64547144476,0,0.0,0.0,0.0,0.0
1675065600000,146366.64547144476,146366.64547144476,0,0.0,0.0,0.0,0.0
1675080000000,146366.64547144476,146366.64547144476,0,0.0,0.0,0.0,0.0
1675094400000,146366.64547144476,146366.64547144476,0,0.0,0.0,0.0,0.0
1675108800000,146366.64547144476,146366.64547144476,0,0.0,0.0,0.0,0.0
1675123200000,146366.64547144476,146366.64547144476,0,0.0,0.0,0.0,0.0
1675137600000,146366.64547144476,146366.64547144476,0,0.0,0.0,0.0,0.0
1675152000000,146366.64547144476,146366.64547144476,0,0.0,0.0,0.0,0.0
1675166400000,146366.64547144476,146366.64547144476,0,0.0,0.0,0.0,0.0
1675180800000,146366.64547144476,146366.64547144476,0,0.0,0.0,0.0,0.0
1675195200000,146366.64547144476,146366.64547144476,0,0.0,0.0,0.0,0.0
1675209600000,146366.64547144476,146366.64547144476,0,0.0,0.0,0.0,0.0
1675224000000,146366.64547144476,146366.64547144476,0,0.0,0.0,0.0,0.0
1675238400000,146366.64547144476,146366.64547144476,0,0.0,0.0,0.0,0.0
1675252800000,146366.64547144476,146366.64547144476,0,0.0,0.0,0.0,0.0
1675267200000,146366.64547144476,146366.64547144476,0,0.0,0.0,0.0,0.0
1675281600000,146366.64547144476,146366.64547144476,0,0.0,0.0,0.0,0.0
1675296000000,146366.64547144476,146366.64547144476,0,0.0,0.0,0.0,0.0
1675310400000,146366.64547144476,146366.64547144476,0,0.0,0.0,0.0,0.0
1675324800000,146366.64547144476,146366.64547144476,0,0.0,0.0,0.0,0.0
1675339200000,146366.64547144476,146366.64547144476,0,0.0,0.0,0.0,0.0
1675353600000,146366.64547144476,146366.64547144476,0,0.0,0.0,0.0,0.0
1675368000000,146366.64547144476,146366.64547144476,0,0.0,0.0,0.0,0.0
1675382400000,146366.64547144476,146366.64547144476,0,0.0,0.0,0.0,0.0
1675396800000,146366.64547144476,146366.64547144476,0,0.0,0.0,0.0,0.0
1675411200000,146366.64547144476,146366.64547144476,0,0.0,0.0,0.0,0.0
1675425600000,146366.64547144476,146366.64547144476,0,0.0,0.0,0.0,0.0
1675440000000,146366.64547144476,146366.64547144476,0,0.0,0.0,0.0,0.0
1675454400000,146366.64547144476,146366.64547144476,0,0.0,0.0,0.0,0.0
1675468800000,146366.64547144476,146366.64547144476,0,0.0,0.0,0.0,0.0
1675483200000,146366.64547144476,146366.64547144476,0,0.0,0.0,0.0,0.0
1675497600000,146366.64547144476,146366.64547144476,0,0.0,0.0,0.0,0.0
1675512000000,146366.64547144476,146366.64547144476,0,0.0,0.0,0.0,0.0
1675526400000,146366.64547144476,146366.64547144476,0,0.0,0.0,0.0,0.0
1675540800000,146366.64547144476,146366.64547144476,0,0.0,0.0,0.0,0.0
1675555200000,146366.64547144476,146366.64547144476,0,0.0,0.0,0.0,0.0
1675569600000,146366.64547144476,146366.64547144476,0,0.0,0.0,0.0,0.0
1675584000000,146366.64547144476,146366.64547144476,0,0.0,0.0,0.0,0.0
1675598400000,146366.64547144476,146366.64547144476,0,0.0,0.0,0.0,0.0
1675612800000,146366.64547144476,146366.64547144476,0,0.0,0.0,0.0,0.0
1675627200000,146366.64547144476,146366.64547144476,0,0.0,0.0,0.0,0.0
1675641600000,146366.64547144476,146366.64547144476,0,0.0,0.0,0.0,0.0
1675656000000,146366.64547144476,146366.64547144476,0,0.0,0.0,0.0,0.0
1675670400000,146366.64547144476,146366.64547144476,0,0.0,0.0,0.0,0.0
1675684800000,146366.64547144476,146366.64547144476,0,0.0,0.0,0.0,0.0
1675699200000,146366.64547144476,146366.64547144476,0,0.0,0.0,0.0,0.0
1675713600000,146366.64547144476,146366.64547144476,0,0.0,0.0,0.0,0.0
1675728000000,146366.64547144476,146366.64547144476,0,0.0,0.0,0.0,0.0
1675742400000,146366.64547144476,146366.64547144476,0,0.0,0.0,0.0,0.0
1675756800000,146366.64547144476,146366.64547144476,0,0.0,0.0,0.0,0.0
1675771200000,146366.64547144476,146366.64547144476,0,0.0,0.0,0.0,0.0
1675785600000,146366.64547144476,146366.64547144476,0,0.0,0.0,0.0,0.0
1675800000000,146366.64547144476,146366.64547144476,0,0.0,0.0,0.0,0.0
1675814400000,146366.64547144476,146366.64547144476,0,0.0,0.0,0.0,0.0
1675828800000,146366.64547144476,146366.64547144476,0,0.0,0.0,0.0,0.0
1675843200000,146366.64547144476,146366.64547144476,0,0.0,0.0,0.0,0.0
1675857600000,146366.64547144476,146366.64547144476,0,0.0,0.0,0.0,0.0
1675872000000,146366.64547144476,146366.64547144476,0,0.0,0.0,0.0,0.0
1675886400000,146366.64547144476,146366.64547144476,0,0.0,0.0,0.0,0.0
1675900800000,146366.64547144476,146366.64547144476,0,0.0,0.0,0.0,0.0
1675915200000,146366.64547144476,146366.64547144476,0,0.0,0.0,0.0,0.0
1675929600000,146366.64547144476,146366.64547144476,0,0.0,0.0,0.0,0.0
1675944000000,146366.64547144476,146366.64547144476,0,0.0,0.0,0.0,0.0
1675958400000,146366.64547144476,146366.64547144476,0,0.0,0.0,0.0,0.0
1675972800000,146366.64547144476,146366.64547144476,0,0.0,0.0,0.0,0.0
1675987200000,146366.64547144476,146366.64547144476,0,0.0,0.0,0.0,0.0
1676001600000,146366.64547144476,146366.64547144476,0,0.0,0.0,0.0,0.0
1676016000000,146366.64547144476,146366.64547144476,0,0.0,0.0,0.0,0.0
1676030400000,146366.64547144476,146366.64547144476,0,0.0,0.0,0.0,0.0
1676044800000,146366.64547144476,146366.64547144476,0,0.0,0.0,0.0,0.0
1676059200000,146366.64547144476,146366.64547144476,0,0.0,0.0,0.0,0.0
1676073600000,146366.64547144476,146366.64547144476,0,0.0,0.0,0.0,0.0
1676088000000,146366.64547144476,146366.64547144476,0,0.0,0.0,0.0,0.0
1676102400000,146366.64547144476,146366.64547144476,0,0.0,0.0,0.0,0.0
1676116800000,146366.64547144476,146366.64547144476,0,0.0,0.0,0.0,0.0
1676131200000,146366.64547144476,146366.64547144476,0,0.0,0.0,0.0,0.0
1676145600000,146366.64547144476,146366.64547144476,0,0.0,0.0,0.0,0.0
1676160000000,146366.64547144476,146366.64547144476,0,0.0,0.0,0.0,0.0
1676174400000,146366.64547144476,146366.64547144476,0,0.0,0.0,0.0,0.0
1676188800000,146366.64547144476,146366.64547144476,0,0.0,0.0,0.0,0.0
1676203200000,146366.64547144476,146366.64547144476,0,0.0,0.0,0.0,0.0
1676217600000,146366.64547144476,146366.64547144476,0,0.0,0.0,0.0,0.0
1676232000000,146366.64547144476,146366.64547144476,0,0.0,0.0,0.0,0.0
1676246400000,146366.64547144476,146366.64547144476,0,0.0,0.0,0.0,0.0
1676260800000,146366.64547144476,146366.64547144476,0,0.0,0.0,0.0,0.0
1676275200000,146366.64547144476,146366.64547144476,0,0.0,0.0,0.0,0.0
1676289600000,146366.64547144476,146366.64547144476,0,0.0,0.0,0.0,0.0
1676304000000,146366.64547144476,146366.64547144476,0,0.0,0.0,0.0,0.0
1676318400000,146366.64547144476,146366.64547144476,0,0.0,0.0,0.0,0.0
1676332800000,146366.64547144476,146366.64547144476,0,0.0,0.0,0.0,0.0
1676347200000,146366.64547144476,146366.64547144476,0,0.0,0.0,0.0,0.0
1676361600000,146366.64547144476,146366.64547144476,0,0.0,0.0,0.0,0.0
1676376000000,146366.64547144476,146366.64547144476,0,0.0,0.0,0.0,0.0
1676390400000,146366.64547144476,146366.64547144476,0,0.0,0.0,0.0,0.0
1676404800000,146366.64547144476,146366.64547144476,0,0.0,0.0,0.0,0.0
1676419200000,146366.64547144476,146366.64547144476,0,0.0,0.0,0.0,0.0
1676433600000,146366.64547144476,146366.64547144476,0,0.0,0.0,0.0,0.0
1676448000000,146366.64547144476,146366.64547144476,0,0.0,0.0,0.0,0.0
1676462400000,146366.64547144476,146366.64547144476,0,0.0,0.0,0.0,0.0
1676476800000,146366.64547144476,146366.64547144476,0,0.0,0.0,0.0,0.0
1676491200000,146366.64547144476,146366.64547144476,0,0.0,0.0,0.0,0.0
1676505600000,146366.64547144476,146366.64547144476,0,0.0,0.0,0.0,0.0
1676520000000,146366.64547144476,146366.64547144476,0,0.0,0.0,0.0,0.0
1676534400000,146366.64547144476,146366.64547144476,0,0.0,0.0,0.0,0.0
1676548800000,146366.64547144476,146366.64547144476,0,0.0,0.0,0.0,0.0
1676563200000,146366.64547144476,146366.64547144476,0,0.0,0.0,0.0,0.0
1676577600000,146366.64547144476,146366.64547144476,0,0.0,0.0,0.0,0.0
1676592000000,146366.64547144476,146366.64547144476,0,0.0,0.0,0.0,0.0
1676606400000,146366.64547144476,146366.64547144476,0,0.0,0.0,0.0,0.0
1676620800000,146366.64547144476,146366.64547144476,0,0.0,0.0,0.0,0.0
1676635200000,146366.64547144476,146366.64547144476,0,0.0,0.0,0.0,0.0
1676649600000,146366.64547144476,146366.64547144476,0,0.0,0.0,0.0,0.0
1676664000000,146366.64547144476,146366.64547144476,0,0.0,0.0,0.0,0.0
1676678400000,146366.64547144476,146366.64547144476,0,0.0,0.0,0.0,0.0
1676692800000,146366.64547144476,146366.64547144476,0,0.0,0.0,0.0,0.0
1676707200000,146366.64547144476,146366.64547144476,0,0.0,0.0,0.0,0.0
1676721600000,146366.64547144476,146366.64547144476,0,0.0,0.0,0.0,0.0
1676736000000,146366.64547144476,146366.64547144476,0,0.0,0.0,0.0,0.0
1676750400000,146366.64547144476,146366.64547144476,0,0.0,0.0,0.0,0.0
1676764800000,146366.64547144476,146366.64547144476,0,0.0,0.0,0.0,0.0
1676779200000,146366.64547144476,146366.64547144476,0,0.0,0.0,0.0,0.0
1676793600000,146366.64547144476,146366.64547144476,0,0.0,0.0,0.0,0.0
1676808000000,146366.64547144476,146366.64547144476,0,0.0,0.0,0.0,0.0
1676822400000,146366.64547144476,146366.64547144476,0,0.0,0.0,0.0,0.0
1676836800000,146366.64547144476,146366.64547144476,0,0.0,0.0,0.0,0.0
1676851200000,146366.64547144476,146366.64547144476,0,0.0,0.0,0.0,0.0
1676865600000,149704.91245081587,146366.64547144476,1,66102.25653459298,2927.332909428895,0.0,0.0
1676880000000,150533.14761558577,146366.64547144476,1,66930.49169936289,2927.332909428895,0.0,0.0
1676894400000,150247.59199172555,146353.80142622828,1,66657.78012071914,2927.332909428895,0.0,0.0
1676908800000,150664.23468132014,146353.80142622828,1,67074.42281031374,2927.332909428895,0.0,0.0
1676923200000,150117.82782710737,146345.242407674,1,66536.57497465525,2927.332909428895,0.0,0.0
1676937600000,149968.84650173716,146345.242407674,1,66387.59364928505,2927.332909428895,0.0,0.0
1676952000000,149598.59342787098,146338.60477199947,1,66023.97821109337,2927.332909428895,0.0,0.0
1676966400000,149335.98227806587,146338.60477199947,1,65761.36706128829,2927.332909428895,0.0,0.0
1676980800000,146883.68222904016,146328.08339471914,1,63319.588389542885,2927.332909428895,0.0,0.0
1676995200000,146855.90604973384,146328.08339471914,1,63291.812210236574,2927.332909428895,0.0,0.0
1677009600000,147357.12341765536,146321.75421349812,1,63799.3587593791,2927.332909428895,0.0,0.0
1677024000000,146642.51807732033,146321.75421349812,1,63084.7534190441,2927.332909428895,0.0,0.0
1677038400000,146623.59265129463,146623.59265129463,0,0.0,0.0,0.0,0.0
1677052800000,146623.59265129463,146623.59265129463,0,0.0,0.0,0.0,0.0
1677067200000,146623.59265129463,146623.59265129463,0,0.0,0.0,0.0,0.0
1677081600000,146623.59265129463,146623.59265129463,0,0.0,0.0,0.0,0.0
1677096000000,146623.59265129463,146623.59265129463,0,0.0,0.0,0.0,0.0
1677110400000,146623.59265129463,146623.59265129463,0,0.0,0.0,0.0,0.0
1677124800000,146623.59265129463,146623.59265129463,0,0.0,0.0,0.0,0.0
1677139200000,146623.59265129463,146623.59265129463,0,0.0,0.0,0.0,0.0
1677153600000,146623.59265129463,146623.59265129463,0,0.0,0.0,0.0,0.0
1677168000000,146623.59265129463,146623.59265129463,0,0.0,0.0,0.0,0.0
1677182400000,146623.59265129463,146623.59265129463,0,0.0,0.0,0.0,0.0
1677196800000,146623.59265129463,146623.59265129463,0,0.0,0.0,0.0,0.0
1677211200000,146623.59265129463,146623.59265129463,0,0.0,0.0,0.0,0.0
1677225600000,146623.59265129463,146623.59265129463,0,0.0,0.0,0.0,0.0
1677240000000,146623.59265129463,146623.59265129463,0,0.0,0.0,0.0,0.0
1677254400000,146623.59265129463,146623.59265129463,0,0.0,0.0,0.0,0.0
1677268800000,146623.59265129463,146623.59265129463,0,0.0,0.0,0.0,0.0
1677283200000,146623.59265129463,146623.59265129463,0,0.0,0.0,0.0,0.0
1677297600000,146623.59265129463,146623.59265129463,0,0.0,0.0,0.0,0.0
1677312000000,146623.59265129463,146623.59265129463,0,0.0,0.0,0.0,0.0
1677326400000,146623.59265129463,146623.59265129463,0,0.0,0.0,0.0,0.0
1677340800000,146623.59265129463,146623.59265129463,0,0.0,0.0,0.0,0.0
1677355200000,146623.59265129463,146623.59265129463,0,0.0,0.0,0.0,0.0
1677369600000,146623.59265129463,146623.59265129463,0,0.0,0.0,0.0,0.0
1677384000000,146623.59265129463,146623.59265129463,0,0.0,0.0,0.0,0.0
1677398400000,146623.59265129463,146623.59265129463,0,0.0,0.0,0.0,0.0
1677412800000,146623.59265129463,146623.59265129463,0,0.0,0.0,0.0,0.0
1677427200000,146623.59265129463,146623.59265129463,0,0.0,0.0,0.0,0.0
1677441600000,146623.59265129463,146623.59265129463,0,0.0,0.0,0.0,0.0
1677456000000,146623.59265129463,146623.59265129463,0,0.0,0.0,0.0,0.0
1677470400000,146623.59265129463,146623.59265129463,0,0.0,0.0,0.0,0.0
1677484800000,146623.59265129463,146623.59265129463,0,0.0,0.0,0.0,0.0
1677499200000,146623.59265129463,146623.59265129463,0,0.0,0.0,0.0,0.0
1677513600000,146623.59265129463,146623.59265129463,0,0.0,0.0,0.0,0.0
1677528000000,146623.59265129463,146623.59265129463,0,0.0,0.0,0.0,0.0
1677542400000,146623.59265129463,146623.59265129463,0,0.0,0.0,0.0,0.0
1677556800000,146623.59265129463,146623.59265129463,0,0.0,0.0,0.0,0.0
1677571200000,146623.59265129463,146623.59265129463,0,0.0,0.0,0.0,0.0
1677585600000,146623.59265129463,146623.59265129463,0,0.0,0.0,0.0,0.0
1677600000000,146623.59265129463,146623.59265129463,0,0.0,0.0,0.0,0.0
1677614400000,146623.59265129463,146623.59265129463,0,0.0,0.0,0.0,0.0
1677628800000,148934.48738753586,146623.59265129463,2,274704.81199104874,5863.713605201969,5863.713605201969,274704.81199104874
1677643200000,143150.764775489,146604.75549634345,2,280469.6974481445,5863.713605201969,5863.713605201969,280469.6974481445
1677657600000,140684.46600707498,140684.46600707498,0,0.0,0.0,0.0,0.0
1677672000000,140684.46600707498,140684.46600707498,0,0.0,0.0,0.0,0.0
1677686400000,140684.46600707498,140684.46600707498,0,0.0,0.0,0.0,0.0
1677700800000,140684.46600707498,140684.46600707498,0,0.0,0.0,0.0,0.0
1677715200000,140684.46600707498,140684.46600707498,0,0.0,0.0,0.0,0.0
1677729600000,140684.46600707498,140684.46600707498,0,0.0,0.0,0.0,0.0
1677744000000,140684.46600707498,140684.46600707498,0,0.0,0.0,0.0,0.0
1677758400000,140684.46600707498,140684.46600707498,0,0.0,0.0,0.0,0.0
1677772800000,140684.46600707498,140684.46600707498,0,0.0,0.0,0.0,0.0
1677787200000,140684.46600707498,140684.46600707498,0,0.0,0.0,0.0,0.0
1677801600000,140684.46600707498,140684.46600707498,0,0.0,0.0,0.0,0.0
1677816000000,140684.46600707498,140684.46600707498,0,0.0,0.0,0.0,0.0
1677830400000,138939.0354397088,140684.46600707498,2,306068.7638426811,5626.5436120359855,5626.5436120359855,306068.7638426811
1677844800000,139408.08293993058,140669.92285501293,2,305585.1731903972,5626.5436120359855,5626.5436120359855,305585.1731903972
1677859200000,138498.77615844042,137834.7992659733,1,199301.70121233416,2812.854291894486,2812.854291894486,199301.70121233416
1677873600000,138018.5555063024,137830.79904475439,1,199777.92164325327,2812.854291894486,2812.854291894486,199777.92164325327
1677888000000,137411.20191324613,137830.79904475439,1,200385.2752363095,2812.854291894486,2812.854291894486,200385.2752363095
1677902400000,137639.2585611988,137824.19634993534,1,200150.6158935378,2812.854291894486,2812.854291894486,200150.6158935378
1677916800000,137728.98125108212,137824.19634993534,1,200060.89320365447,2812.854291894486,2812.854291894486,200060.89320365447
1677931200000,136916.9939573217,137805.90977437343,1,200854.59392185297,2812.854291894486,2812.854291894486,200854.59392185297
1677945600000,137683.08769401762,137805.90977437343,1,200088.50018515706,2812.854291894486,2812.854291894486,200088.50018515706
1677960000000,138748.78394610216,137767.32676635566,1,198984.22092505477,2812.854291894486,2812.854291894486,198984.22092505477
1677974400000,137961.9849732793,137767.32676635566,1,199771.01989787762,2812.854291894486,2812.854291894486,199771.01989787762
1677988800000,136298.33700446627,136298.33700446627,0,0.0,0.0,0.0,0.0
1678003200000,136298.33700446627,136298.33700446627,0,0.0,0.0,0.0,0.0
1678017600000,136298.33700446627,136298.33700446627,0,0.0,0.0,0.0,0.0
1678032000000,136298.33700446627,136298.33700446627,0,0.0,0.0,0.0,0.0
1678046400000,136298.33700446627,136298.33700446627,0,0.0,0.0,0.0,0.0
1678060800000,136298.33700446627,136298.33700446627,0,0.0,0.0,0.0,0.0
1678075200000,136298.33700446627,136298.33700446627,0,0.0,0.0,0.0,0.0
1678089600000,136298.33700446627,136298.33700446627,0,0.0,0.0,0.0,0.0
1678104000000,136298.33700446627,136298.33700446627,0,0.0,0.0,0.0,0.0
1678118400000,136298.33700446627,136298.33700446627,0,0.0,0.0,0.0,0.0
1678132800000,136298.33700446627,136298.33700446627,0,0.0,0.0,0.0,0.0
1678147200000,136298.33700446627,136298.33700446627,0,0.0,0.0,0.0,0.0
1678161600000,136298.33700446627,136298.33700446627,0,0.0,0.0,0.0,0.0
1678176000000,136298.33700446627,136298.33700446627,0,0.0,0.0,0.0,0.0
1678190400000,136298.33700446627,136298.33700446627,0,0.0,0.0,0.0,0.0
1678204800000,135423.38947440364,136298.33700446627,2,323395.2141571975,5450.649036933093,5450.649036933093,323395.2141571975
1678219200000,135958.62529283637,133537.8449384316,1,159576.1916590599,2724.6822968437677,2724.6822968437677,159576.1916590599
1678233600000,130799.06407946274,133537.8449384316,2,421727.6389153772,5438.345011713455,5438.345011713455,421727.6389153772
1678248000000,130507.18273137129,130829.36512119547,1,257314.06843276793,2713.6627148696875,2713.6627148696875,257314.06843276793
1678262400000,134863.50270977558,130829.36512119547,2,414466.8225415523,5220.287309254852,5220.287309254852,414466.8225415523
1678276800000,132063.4639982132,130776.21441019757,2,417213.7105421168,5220.287309254852,5220.287309254852,417213.7105421168
1678291200000,134175.96340347573,133267.1894220929,2,336837.6491051552,3966.9750120622693,3966.9750120622693,336837.6491051552
1678305600000,137710.91092063437,133272.9807568957,3,403814.3626358179,5366.691574712455,5366.691574712455,403814.3626358179
1678320000000,143073.18804621362,135961.4870157041,3,272644.64874757524,4009.8602172776114,4009.8602172776114,272644.64874757524
1678334400000,140640.777899995,135949.3842170418,4,405111.7301314693,5723.152979371634,5723.152979371634,405111.7301314693
1678348800000,142210.35409912647,135949.3842170418,4,403542.1539323379,5723.152979371634,5723.152979371634,403542.1539323379
1678363200000,142409.85772315855,135941.27653957176,4,403334.5426308358,5723.152979371634,5723.152979371634,403334.5426308358
1678377600000,142435.6251693197,135941.27653957176,4,403308.7751846746,5723.152979371634,5723.152979371634,403308.7751846746
1678392000000,156168.4429851895,139042.04377187902,4,292400.4027264339,4166.64831699953,4166.64831699953,292400.4027264339
1678406400000,163778.40220941935,139042.04377187902,4,284790.443502204,4166.64831699953,4166.64831699953,284790.443502204
1678420800000,166666.23645924628,138991.7273882774,4,281852.2928687755,4166.64831699953,4166.64831699953,281852.2928687755
1678435200000,167815.04481205344,138991.7273882774,4,280703.4845159683,4166.64831699953,4166.64831699953,280703.4845159683
1678449600000,171705.9751185269,138969.38271259455,4,276790.209533812,4166.64831699953,4166.64831699953,276790.209533812
1678464000000,164230.43416550022,164230.43416550022,0,0.0,0.0,0.0,0.0
1678478400000,164230.43416550022,164230.43416550022,0,0.0,0.0,0.0,0.0
1678492800000,164230.43416550022,164230.43416550022,0,0.0,0.0,0.0,0.0
1678507200000,164230.43416550022,164230.43416550022,0,0.0,0.0,0.0,0.0
1678521600000,164230.43416550022,164230.43416550022,0,0.0,0.0,0.0,0.0
1678536000000,164230.43416550022,164230.43416550022,0,0.0,0.0,0.0,0.0
1678550400000,164230.43416550022,164230.43416550022,0,0.0,0.0,0.0,0.0
1678564800000,164230.43416550022,164230.43416550022,0,0.0,0.0,0.0,0.0
1678579200000,164230.43416550022,164230.43416550022,0,0.0,0.0,0.0,0.0
1678593600000,164230.43416550022,164230.43416550022,0,0.0,0.0,0.0,0.0
1678608000000,164230.43416550022,164230.43416550022,0,0.0,0.0,0.0,0.0
1678622400000,164230.43416550022,164230.43416550022,0,0.0,0.0,0.0,0.0
1678636800000,164230.43416550022,164230.43416550022,0,0.0,0.0,0.0,0.0
1678651200000,164230.43416550022,164230.43416550022,0,0.0,0.0,0.0,0.0
1678665600000,164230.43416550022,164230.43416550022,0,0.0,0.0,0.0,0.0
1678680000000,164230.43416550022,164230.43416550022,0,0.0,0.0,0.0,0.0
1678694400000,164230.43416550022,164230.43416550022,0,0.0,0.0,0.0,0.0
1678708800000,164230.43416550022,164230.43416550022,0,0.0,0.0,0.0,0.0
1678723200000,164230.43416550022,164230.43416550022,0,0.0,0.0,0.0,0.0
1678737600000,164230.43416550022,164230.43416550022,0,0.0,0.0,0.0,0.0
1678752000000,164230.43416550022,164230.43416550022,0,0.0,0.0,0.0,0.0
1678766400000,164230.43416550022,164230.43416550022,0,0.0,0.0,0.0,0.0
1678780800000,164230.43416550022,164230.43416550022,0,0.0,0.0,0.0,0.0
1678795200000,164230.43416550022,164230.43416550022,0,0.0,0.0,0.0,0.0
1678809600000,164230.43416550022,164230.43416550022,0,0.0,0.0,0.0,0.0
1678824000000,164230.43416550022,164230.43416550022,0,0.0,0.0,0.0,0.0
1678838400000,164230.43416550022,164230.43416550022,0,0.0,0.0,0.0,0.0
1678852800000,164230.43416550022,164230.43416550022,0,0.0,0.0,0.0,0.0
1678867200000,164230.43416550022,164230.43416550022,0,0.0,0.0,0.0,0.0
1678881600000,164230.43416550022,164230.43416550022,0,0.0,0.0,0.0,0.0
1678896000000,164230.43416550022,164230.43416550022,0,0.0,0.0,0.0,0.0
1678910400000,164230.43416550022,164230.43416550022,0,0.0,0.0,0.0,0.0
1678924800000,164230.43416550022,164230.43416550022,0,0.0,0.0,0.0,0.0
1678939200000,164230.43416550022,164230.43416550022,0,0.0,0.0,0.0,0.0
1678953600000,164230.43416550022,164230.43416550022,0,0.0,0.0,0.0,0.0
1678968000000,164230.43416550022,164230.43416550022,0,0.0,0.0,0.0,0.0
1678982400000,164230.43416550022,164230.43416550022,0,0.0,0.0,0.0,0.0
1678996800000,164230.43416550022,164230.43416550022,0,0.0,0.0,0.0,0.0
1679011200000,164230.43416550022,164230.43416550022,0,0.0,0.0,0.0,0.0
1679025600000,164230.43416550022,164230.43416550022,0,0.0,0.0,0.0,0.0
1679040000000,164230.43416550022,164230.43416550022,0,0.0,0.0,0.0,0.0
1679054400000,164230.43416550022,164230.43416550022,0,0.0,0.0,0.0,0.0
1679068800000,164230.43416550022,164230.43416550022,0,0.0,0.0,0.0,0.0
1679083200000,164230.43416550022,164230.43416550022,0,0.0,0.0,0.0,0.0
1679097600000,164230.43416550022,164230.43416550022,0,0.0,0.0,0.0,0.0
1679112000000,164230.43416550022,164230.43416550022,0,0.0,0.0,0.0,0.0
1679126400000,164230.43416550022,164230.43416550022,0,0.0,0.0,0.0,0.0
1679140800000,164230.43416550022,164230.43416550022,0,0.0,0.0,0.0,0.0
1679155200000,164230.43416550022,164230.43416550022,0,0.0,0.0,0.0,0.0
1679169600000,164230.43416550022,164230.43416550022,0,0.0,0.0,0.0,0.0
1679184000000,164230.43416550022,164230.43416550022,0,0.0,0.0,0.0,0.0
1679198400000,164230.43416550022,164230.43416550022,0,0.0,0.0,0.0,0.0
1679212800000,164230.43416550022,164230.43416550022,0,0.0,0.0,0.0,0.0
1679227200000,164230.43416550022,164230.43416550022,0,0.0,0.0,0.0,0.0
1679241600000,164230.43416550022,164230.43416550022,0,0.0,0.0,0.0,0.0
1679256000000,164230.43416550022,164230.43416550022,0,0.0,0.0,0.0,0.0
1679270400000,164230.43416550022,164230.43416550022,0,0.0,0.0,0.0,0.0
1679284800000,164230.43416550022,164230.43416550022,0,0.0,0.0,0.0,0.0
1679299200000,164230.43416550022,164230.43416550022,0,0.0,0.0,0.0,0.0
1679313600000,164230.43416550022,164230.43416550022,0,0.0,0.0,0.0,0.0
1679328000000,164230.43416550022,164230.43416550022,0,0.0,0.0,0.0,0.0
1679342400000,164230.43416550022,164230.43416550022,0,0.0,0.0,0.0,0.0
1679356800000,164230.43416550022,164230.43416550022,0,0.0,0.0,0.0,0.0
1679371200000,164230.43416550022,164230.43416550022,0,0.0,0.0,0.0,0.0
1679385600000,164230.43416550022,164230.43416550022,0,0.0,0.0,0.0,0.0
1679400000000,164230.43416550022,164230.43416550022,0,0.0,0.0,0.0,0.0
1679414400000,164230.43416550022,164230.43416550022,0,0.0,0.0,0.0,0.0
1679428800000,164230.43416550022,164230.43416550022,0,0.0,0.0,0.0,0.0
1679443200000,164230.43416550022,164230.43416550022,0,0.0,0.0,0.0,0.0
1679457600000,164230.43416550022,164230.43416550022,0,0.0,0.0,0.0,0.0
1679472000000,164230.43416550022,164230.43416550022,0,0.0,0.0,0.0,0.0
1679486400000,164230.43416550022,164230.43416550022,0,0.0,0.0,0.0,0.0
1679500800000,164230.43416550022,164230.43416550022,0,0.0,0.0,0.0,0.0
1679515200000,164230.43416550022,164230.43416550022,0,0.0,0.0,0.0,0.0
1679529600000,164230.43416550022,164230.43416550022,0,0.0,0.0,0.0,0.0
1679544000000,164230.43416550022,164230.43416550022,0,0.0,0.0,0.0,0.0
1679558400000,164230.43416550022,164230.43416550022,0,0.0,0.0,0.0,0.0
1679572800000,164230.43416550022,164230.43416550022,0,0.0,0.0,0.0,0.0
1679587200000,164230.43416550022,164230.43416550022,0,0.0,0.0,0.0,0.0
1679601600000,164230.43416550022,164230.43416550022,0,0.0,0.0,0.0,0.0
1679616000000,164230.43416550022,164230.43416550022,0,0.0,0.0,0.0,0.0
1679630400000,164230.43416550022,164230.43416550022,0,0.0,0.0,0.0,0.0
1679644800000,164230.43416550022,164230.43416550022,0,0.0,0.0,0.0,0.0
1679659200000,164230.43416550022,164230.43416550022,0,0.0,0.0,0.0,0.0
1679673600000,164230.43416550022,164230.43416550022,0,0.0,0.0,0.0,0.0
1679688000000,164230.43416550022,164230.43416550022,0,0.0,0.0,0.0,0.0
1679702400000,164230.43416550022,164230.43416550022,0,0.0,0.0,0.0,0.0
1679716800000,164230.43416550022,164230.43416550022,0,0.0,0.0,0.0,0.0
1679731200000,164230.43416550022,164230.43416550022,0,0.0,0.0,0.0,0.0
1679745600000,164230.43416550022,164230.43416550022,0,0.0,0.0,0.0,0.0
1679760000000,164230.43416550022,164230.43416550022,0,0.0,0.0,0.0,0.0
1679774400000,164230.43416550022,164230.43416550022,0,0.0,0.0,0.0,0.0
1679788800000,164230.43416550022,164230.43416550022,0,0.0,0.0,0.0,0.0
1679803200000,164230.43416550022,164230.43416550022,0,0.0,0.0,0.0,0.0
1679817600000,164230.43416550022,164230.43416550022,0,0.0,0.0,0.0,0.0
1679832000000,164230.43416550022,164230.43416550022,0,0.0,0.0,0.0,0.0
1679846400000,164230.43416550022,164230.43416550022,0,0.0,0.0,0.0,0.0
1679860800000,164230.43416550022,164230.43416550022,0,0.0,0.0,0.0,0.0
1679875200000,164230.43416550022,164230.43416550022,0,0.0,0.0,0.0,0.0
1679889600000,164230.43416550022,164230.43416550022,0,0.0,0.0,0.0,0.0
1679904000000,164230.43416550022,164230.43416550022,0,0.0,0.0,0.0,0.0
1679918400000,164230.43416550022,164230.43416550022,0,0.0,0.0,0.0,0.0
1679932800000,164230.43416550022,164230.43416550022,0,0.0,0.0,0.0,0.0
1679947200000,164230.43416550022,164230.43416550022,0,0.0,0.0,0.0,0.0
1679961600000,162103.44437319625,164230.43416550022,2,138738.80728118512,3284.478984808723,3284.478984808723,138738.80728118512
1679976000000,160904.2987801708,160904.2987801708,0,0.0,0.0,0.0,0.0
1679990400000,160477.13733247292,160904.2987801708,1,69131.52716797082,1609.042987801708,1609.042987801708,69131.52716797082
1680004800000,160539.63816850272,160906.29944656702,1,69071.02699833724,1609.042987801708,1609.042987801708,69071.02699833724
1680019200000,160469.05463726353,160906.29944656702,1,69141.61052957643,1609.042987801708,1609.042987801708,69141.61052957643
1680033600000,159288.76349524036,159288.76349524036,0,0.0,0.0,0.0,0.0
1680048000000,159288.76349524036,159288.76349524036,0,0.0,0.0,0.0,0.0
1680062400000,159288.76349524036,159288.76349524036,0,0.0,0.0,0.0,0.0
1680076800000,159288.76349524036,159288.76349524036,0,0.0,0.0,0.0,0.0
1680091200000,159288.76349524036,159288.76349524036,0,0.0,0.0,0.0,0.0
1680105600000,159288.76349524036,159288.76349524036,0,0.0,0.0,0.0,0.0
1680120000000,159288.76349524036,159288.76349524036,0,0.0,0.0,0.0,0.0
1680134400000,159288.76349524036,159288.76349524036,0,0.0,0.0,0.0,0.0
1680148800000,159288.76349524036,159288.76349524036,0,0.0,0.0,0.0,0.0
1680163200000,159288.76349524036,159288.76349524036,0,0.0,0.0,0.0,0.0
1680177600000,159288.76349524036,159288.76349524036,0,0.0,0.0,0.0,0.0
1680192000000,159288.76349524036,159288.76349524036,0,0.0,0.0,0.0,0.0
1680206400000,159288.76349524036,159288.76349524036,0,0.0,0.0,0.0,0.0
1680220800000,159288.76349524036,159288.76349524036,0,0.0,0.0,0.0,0.0
1680235200000,159288.76349524036,159288.76349524036,0,0.0,0.0,0.0,0.0
1680249600000,159288.76349524036,159288.76349524036,0,0.0,0.0,0.0,0.0
1680264000000,159288.76349524036,159288.76349524036,0,0.0,0.0,0.0,0.0
1680278400000,159288.76349524036,159288.76349524036,0,0.0,0.0,0.0,0.0
1680292800000,159288.76349524036,159288.76349524036,0,0.0,0.0,0.0,0.0
1680307200000,159288.76349524036,159288.76349524036,0,0.0,0.0,0.0,0.0
1680321600000,159288.76349524036,159288.76349524036,0,0.0,0.0,0.0,0.0
1680336000000,159288.76349524036,159288.76349524036,0,0.0,0.0,0.0,0.0
1680350400000,159288.76349524036,159288.76349524036,0,0.0,0.0,0.0,0.0
1680364800000,159288.76349524036,159288.76349524036,0,0.0,0.0,0.0,0.0
1680379200000,159288.76349524036,159288.76349524036,0,0.0,0.0,0.0,0.0
1680393600000,159288.76349524036,159288.76349524036,0,0.0,0.0,0.0,0.0
1680408000000,159288.76349524036,159288.76349524036,0,0.0,0.0,0.0,0.0
1680422400000,159288.76349524036,159288.76349524036,0,0.0,0.0,0.0,0.0
1680436800000,159288.76349524036,159288.76349524036,0,0.0,0.0,0.0,0.0
1680451200000,159288.76349524036,159288.76349524036,0,0.0,0.0,0.0,0.0
1680465600000,159288.76349524036,159288.76349524036,0,0.0,0.0,0.0,0.0
1680480000000,159288.76349524036,159288.76349524036,0,0.0,0.0,0.0,0.0
1680494400000,159288.76349524036,159288.76349524036,0,0.0,0.0,0.0,0.0
1680508800000,158431.95942258375,159288.76349524036,1,74798.79626658012,1592.8876349524037,1592.8876349524037,74798.79626658012
1680523200000,157682.5341359141,157682.5341359141,0,0.0,0.0,0.0,0.0
1680537600000,157682.5341359141,157682.5341359141,0,0.0,0.0,0.0,0.0
1680552000000,157682.5341359141,157682.5341359141,0,0.0,0.0,0.0,0.0
1680566400000,157682.5341359141,157682.5341359141,0,0.0,0.0,0.0,0.0
1680580800000,157682.5341359141,157682.5341359141,0,0.0,0.0,0.0,0.0
1680595200000,157682.5341359141,157682.5341359141,0,0.0,0.0,0.0,0.0
1680609600000,157682.5341359141,157682.5341359141,0,0.0,0.0,0.0,0.0
1680624000000,157682.5341359141,157682.5341359141,0,0.0,0.0,0.0,0.0
1680638400000,157682.5341359141,157682.5341359141,0,0.0,0.0,0.0,0.0
1680652800000,157682.5341359141,157682.5341359141,0,0.0,0.0,0.0,0.0
1680667200000,160646.1950918056,157682.5341359141,1,134174.1202811995,3153.650682718282,0.0,0.0
1680681600000,160494.59463995494,157682.5341359141,1,134022.51982934884,3153.650682718282,0.0,0.0
1680696000000,160787.2007074483,157669.13188393114,1,134328.52814882513,3153.650682718282,0.0,0.0
1680710400000,159571.58967686814,157669.13188393114,1,133112.91711824498,3153.650682718282,0.0,0.0
1680724800000,160392.78272427863,157655.82059221933,1,133947.42145736728,3153.650682718282,0.0,0.0
1680739200000,160322.59732990334,157655.82059221933,1,133877.236062992,3153.650682718282,0.0,0.0
1680753600000,159650.5306698168,157649.11147081063,1,133211.87852431415,3153.650682718282,0.0,0.0
1680768000000,158271.38767034223,157649.11147081063,1,131832.73552483955,3153.650682718282,0.0,0.0
1680782400000,157519.18162566642,157640.87060651297,1,131088.7703444614,3153.650682718282,0.0,0.0
1680796800000,157914.32539599933,157640.87060651297,1,131483.91411479434,3153.650682718282,0.0,0.0
1680811200000,157697.8690379776,157640.58526316716,1,131267.74310011842,3153.650682718282,0.0,0.0
1680825600000,157770.15999418416,157640.58526316716,1,131340.03405632498,3153.650682718282,0.0,0.0
1680840000000,158088.8665666239,157637.84272936804,1,131661.48316256385,3153.650682718282,0.0,0.0
1680854400000,156271.0648523037,157637.84272936804,1,129843.68144824363,3153.650682718282,0.0,0.0
1680868800000,156235.88545738644,156235.88545738644,0,0.0,0.0,0.0,0.0
1680883200000,155384.06347644294,156235.88545738644,1,96886.3775315646,1562.3588545738644,1562.3588545738644,96886.3775315646
1680897600000,155613.90895389335,156224.50712120914,1,96645.15371793689,1562.3588545738644,1562.3588545738644,96645.15371793689
1680912000000,155403.81079363698,156224.50712120914,1,96855.25187819327,1562.3588545738644,1562.3588545738644,96855.25187819327
1680926400000,155561.92442866368,156219.21107603644,1,96691.84219799387,1562.3588545738644,1562.3588545738644,96691.84219799387
1680940800000,155258.44930829335,156219.21107603644,1,96995.3173183642,1562.3588545738644,1562.3588545738644,96995.3173183642
1680955200000,155618.86818923207,156221.68494320504,1,96637.37230459406,1562.3588545738644,1562.3588545738644,96637.37230459406
1680969600000,155400.98861563287,156221.68494320504,1,96855.25187819327,1562.3588545738644,1562.3588545738644,96855.25187819327
1680984000000,156370.02046354325,156218.04012326177,1,95882.57521033965,1562.3588545738644,1562.3588545738644,95882.57521033965
1680998400000,155996.51262308744,156218.04012326177,1,96256.08305079544,1562.3588545738644,1562.3588545738644,96256.08305079544
1681012800000,155430.12808454988,156204.13593206508,1,96808.5633981363,1562.3588545738644,1562.3588545738644,96808.5633981363
1681027200000,155803.63592500568,156204.13593206508,1,96435.05555768052,1562.3588545738644,1562.3588545738644,96435.05555768052
1681041600000,155606.5265321162,156201.56187274633,1,96629.59089125124,1562.3588545738644,1562.3588545738644,96629.59089125124
1681056000000,155614.30794545903,156201.56187274633,1,96621.8094779084,1562.3588545738644,1562.3588545738644,96621.8094779084
1681070400000,155064.1224642318,156203.85673885996,1,97174.28982524926,1562.3588545738644,1562.3588545738644,97174.28982524926
1681084800000,154621.97850140507,154621.97850140507,0,0.0,0.0,0.0,0.0
1681099200000,154621.97850140507,154621.97850140507,0,0.0,0.0,0.0,0.0
1681113600000,154621.97850140507,154621.97850140507,0,0.0,0.0,0.0,0.0
1681128000000,154707.57251161826,154621.97850140507,1,234120.55318900847,3092.4395700281016,0.0,0.0
1681142400000,155811.38783114954,154621.97850140507,1,235224.36850853974,3092.4395700281016,0.0,0.0
1681156800000,161896.82647356743,154607.47221459914,1,241324.31343776357,3092.4395700281016,0.0,0.0
1681171200000,165688.19213630527,154607.47221459914,1,245115.67910050138,3092.4395700281016,0.0,0.0
1681185600000,169657.76736035664,154582.9570733001,1,249109.7694658518,3092.4395700281016,0.0,0.0
1681200000000,169570.88534495124,154582.9570733001,1,249022.88745044643,3092.4395700281016,0.0,0.0
1681214400000,169129.77683002612,154558.05478455505,1,248606.68122426636,3092.4395700281016,0.0,0.0
1681228800000,170241.86662721506,154558.05478455505,1,249718.7710214553,3092.4395700281016,0.0,0.0
1681243200000,169741.11128190148,154533.08190455666,1,249242.9885561401,3092.4395700281016,0.0,0.0
1681257600000,170264.0582698653,154533.08190455666,1,249765.9355441039,3092.4395700281016,0.0,0.0
1681272000000,168003.5320633216,154509.14700887728,1,247529.34423323956,3092.4395700281016,0.0,0.0
1681286400000,168538.06332000616,154509.14700887728,1,248063.87548992416,3092.4395700281016,0.0,0.0
1681300800000,168718.80429249076,154488.81817428087,1,248264.94529700518,3092.4395700281016,0.0,0.0
1681315200000,168257.91588695935,154488.81817428087,1,247804.05689147374,3092.4395700281016,0.0,0.0
1681329600000,166942.08204134702,154484.48903740698,1,246492.55218273532,3092.4395700281016,0.0,0.0
1681344000000,167649.5498810766,154484.48903740698,1,247200.0200224649,3092.4395700281016,0.0,0.0
1681358400000,169141.51133188212,154468.01321122187,1,248708.4572994555,3092.4395700281016,0.0,0.0
1681372800000,169115.0330033776,154468.01321122187,1,248681.97897095102,3092.4395700281016,0.0,0.0
1681387200000,169890.9263477316,154457.0037303328,1,249468.8817961941,3092.4395700281016,0.0,0.0
1681401600000,172152.34109156893,154457.0037303328,1,251730.29654003138,3092.4395700281016,0.0,0.0
1681416000000,171304.680147316,154431.82586525087,1,250907.8134608604,3092.4395700281016,0.0,0.0
1681430400000,171632.34946255918,154431.82586525087,1,251235.48277610357,3092.4395700281016,0.0,0.0
1681444800000,174296.18771665407,154432.1097613464,1,253899.03713410295,3092.4395700281016,0.0,0.0
1681459200000,174753.76633112246,154432.1097613464,1,254356.61574857132,3092.4395700281016,0.0,0.0
1681473600000,175142.88200663184,154406.67410620724,1,254771.16707921986,3092.4395700281016,0.0,0.0
1681488000000,170481.86874207438,154406.67410620724,1,250110.1538146624,3092.4395700281016,0.0,0.0
1681502400000,171172.5065964397,154398.11859850065,1,250809.3471767343,3092.4395700281016,0.0,0.0
1681516800000,172346.65497606102,154398.11859850065,1,251983.49555635566,3092.4395700281016,0.0,0.0
1681531200000,171647.58622581128,154410.6549268093,1,251271.89047779725,3092.4395700281016,0.0,0.0
1681545600000,172057.17286986526,154410.6549268093,1,251681.4771218512,3092.4395700281016,0.0,0.0
1681560000000,171658.57378898608,154389.37202711924,1,251304.1609406621,3092.4395700281016,0.0,0.0
1681574400000,171235.7479806799,154389.37202711924,1,250881.33513235592,3092.4395700281016,0.0,0.0
1681588800000,171201.558004488,154364.2839763508,1,250872.2332069325,3092.4395700281016,0.0,0.0
1681603200000,170883.81806243403,154364.2839763508,1,250554.49326487852,3092.4395700281016,0.0,0.0
1681617600000,170815.80674777614,170815.80674777614,0,0.0,0.0,0.0,0.0
1681632000000,170815.80674777614,170815.80674777614,0,0.0,0.0,0.0,0.0
1681646400000,170815.80674777614,170815.80674777614,0,0.0,0.0,0.0,0.0
1681660800000,170815.80674777614,170815.80674777614,0,0.0,0.0,0.0,0.0
1681675200000,170815.80674777614,170815.80674777614,0,0.0,0.0,0.0,0.0
1681689600000,170815.80674777614,170815.80674777614,0,0.0,0.0,0.0,0.0
1681704000000,170815.80674777614,170815.80674777614,0,0.0,0.0,0.0,0.0
1681718400000,170815.80674777614,170815.80674777614,0,0.0,0.0,0.0,0.0
1681732800000,170815.80674777614,170815.80674777614,0,0.0,0.0,0.0,0.0
1681747200000,170815.80674777614,170815.80674777614,0,0.0,0.0,0.0,0.0
1681761600000,170815.80674777614,170815.80674777614,0,0.0,0.0,0.0,0.0
1681776000000,170815.80674777614,170815.80674777614,0,0.0,0.0,0.0,0.0
1681790400000,170815.80674777614,170815.80674777614,0,0.0,0.0,0.0,0.0
1681804800000,170815.80674777614,170815.80674777614,0,0.0,0.0,0.0,0.0
1681819200000,170815.80674777614,170815.80674777614,0,0.0,0.0,0.0,0.0
1681833600000,170815.80674777614,170815.80674777614,0,0.0,0.0,0.0,0.0
1681848000000,170815.80674777614,170815.80674777614,0,0.0,0.0,0.0,0.0
1681862400000,170815.80674777614,170815.80674777614,0,0.0,0.0,0.0,0.0
1681876800000,170815.80674777614,170815.80674777614,0,0.0,0.0,0.0,0.0
1681891200000,170815.80674777614,170815.80674777614,0,0.0,0.0,0.0,0.0
1681905600000,170815.80674777614,170815.80674777614,0,0.0,0.0,0.0,0.0
1681920000000,170815.80674777614,170815.80674777614,0,0.0,0.0,0.0,0.0
1681934400000,170815.80674777614,170815.80674777614,0,0.0,0.0,0.0,0.0
1681948800000,170815.80674777614,170815.80674777614,0,0.0,0.0,0.0,0.0
1681963200000,170815.80674777614,170815.80674777614,0,0.0,0.0,0.0,0.0
1681977600000,170815.80674777614,170815.80674777614,0,0.0,0.0,0.0,0.0
1681992000000,170815.80674777614,170815.80674777614,0,0.0,0.0,0.0,0.0
1682006400000,170815.80674777614,170815.80674777614,0,0.0,0.0,0.0,0.0
1682020800000,170815.80674777614,170815.80674777614,0,0.0,0.0,0.0,0.0
1682035200000,170815.80674777614,170815.80674777614,0,0.0,0.0,0.0,0.0
1682049600000,170815.80674777614,170815.80674777614,0,0.0,0.0,0.0,0.0
1682064000000,170815.80674777614,170815.80674777614,0,0.0,0.0,0.0,0.0
1682078400000,170815.80674777614,170815.80674777614,0,0.0,0.0,0.0,0.0
1682092800000,170815.80674777614,170815.80674777614,0,0.0,0.0,0.0,0.0
1682107200000,170815.80674777614,170815.80674777614,0,0.0,0.0,0.0,0.0
1682121600000,170815.80674777614,170815.80674777614,0,0.0,0.0,0.0,0.0
1682136000000,170815.80674777614,170815.80674777614,0,0.0,0.0,0.0,0.0
1682150400000,170815.80674777614,170815.80674777614,0,0.0,0.0,0.0,0.0
1682164800000,170815.80674777614,170815.80674777614,0,0.0,0.0,0.0,0.0
1682179200000,170815.80674777614,170815.80674777614,0,0.0,0.0,0.0,0.0
1682193600000,170815.80674777614,170815.80674777614,0,0.0,0.0,0.0,0.0
1682208000000,170815.80674777614,170815.80674777614,0,0.0,0.0,0.0,0.0
1682222400000,170815.80674777614,170815.80674777614,0,0.0,0.0,0.0,0.0
1682236800000,170815.80674777614,170815.80674777614,0,0.0,0.0,0.0,0.0
1682251200000,170815.80674777614,170815.80674777614,0,0.0,0.0,0.0,0.0
1682265600000,170815.80674777614,170815.80674777614,0,0.0,0.0,0.0,0.0
1682280000000,170815.80674777614,170815.80674777614,0,0.0,0.0,0.0,0.0
1682294400000,170815.80674777614,170815.80674777614,0,0.0,0.0,0.0,0.0
1682308800000,170815.80674777614,170815.80674777614,0,0.0,0.0,0.0,0.0
1682323200000,170815.80674777614,170815.80674777614,0,0.0,0.0,0.0,0.0
1682337600000,170815.80674777614,170815.80674777614,0,0.0,0.0,0.0,0.0
1682352000000,170815.80674777614,170815.80674777614,0,0.0,0.0,0.0,0.0
1682366400000,170815.80674777614,170815.80674777614,0,0.0,0.0,0.0,0.0
1682380800000,170815.80674777614,170815.80674777614,0,0.0,0.0,0.0,0.0
1682395200000,170815.80674777614,170815.80674777614,0,0.0,0.0,0.0,0.0
1682409600000,170815.80674777614,170815.80674777614,0,0.0,0.0,0.0,0.0
1682424000000,170815.80674777614,170815.80674777614,0,0.0,0.0,0.0,0.0
1682438400000,170815.80674777614,170815.80674777614,0,0.0,0.0,0.0,0.0
1682452800000,170815.80674777614,170815.80674777614,0,0.0,0.0,0.0,0.0
1682467200000,170815.80674777614,170815.80674777614,0,0.0,0.0,0.0,0.0
1682481600000,170815.80674777614,170815.80674777614,0,0.0,0.0,0.0,0.0
1682496000000,170815.80674777614,170815.80674777614,0,0.0,0.0,0.0,0.0
1682510400000,170815.80674777614,170815.80674777614,0,0.0,0.0,0.0,0.0
1682524800000,170815.80674777614,170815.80674777614,0,0.0,0.0,0.0,0.0
1682539200000,170815.80674777614,170815.80674777614,0,0.0,0.0,0.0,0.0
1682553600000,170815.80674777614,170815.80674777614,0,0.0,0.0,0.0,0.0
1682568000000,170815.80674777614,170815.80674777614,0,0.0,0.0,0.0,0.0
1682582400000,170815.80674777614,170815.80674777614,0,0.0,0.0,0.0,0.0
1682596800000,170815.80674777614,170815.80674777614,0,0.0,0.0,0.0,0.0
1682611200000,170815.80674777614,170815.80674777614,0,0.0,0.0,0.0,0.0
1682625600000,170815.80674777614,170815.80674777614,0,0.0,0.0,0.0,0.0
1682640000000,170815.80674777614,170815.80674777614,0,0.0,0.0,0.0,0.0
1682654400000,170815.80674777614,170815.80674777614,0,0.0,0.0,0.0,0.0
1682668800000,170815.80674777614,170815.80674777614,0,0.0,0.0,0.0,0.0
1682683200000,170815.80674777614,170815.80674777614,0,0.0,0.0,0.0,0.0
1682697600000,170815.80674777614,170815.80674777614,0,0.0,0.0,0.0,0.0
1682712000000,170815.80674777614,170815.80674777614,0,0.0,0.0,0.0,0.0
1682726400000,170815.80674777614,170815.80674777614,0,0.0,0.0,0.0,0.0
1682740800000,170815.80674777614,170815.80674777614,0,0.0,0.0,0.0,0.0
1682755200000,170815.80674777614,170815.80674777614,0,0.0,0.0,0.0,0.0
1682769600000,170815.80674777614,170815.80674777614,0,0.0,0.0,0.0,0.0
1682784000000,170815.80674777614,170815.80674777614,0,0.0,0.0,0.0,0.0
1682798400000,170815.80674777614,170815.80674777614,0,0.0,0.0,0.0,0.0
1682812800000,170815.80674777614,170815.80674777614,0,0.0,0.0,0.0,0.0
1682827200000,170815.80674777614,170815.80674777614,0,0.0,0.0,0.0,0.0
1682841600000,170815.80674777614,170815.80674777614,0,0.0,0.0,0.0,0.0
1682856000000,170815.80674777614,170815.80674777614,0,0.0,0.0,0.0,0.0
1682870400000,170815.80674777614,170815.80674777614,0,0.0,0.0,0.0,0.0
1682884800000,170815.80674777614,170815.80674777614,0,0.0,0.0,0.0,0.0
1682899200000,170815.80674777614,170815.80674777614,0,0.0,0.0,0.0,0.0
1682913600000,170815.80674777614,170815.80674777614,0,0.0,0.0,0.0,0.0
1682928000000,170815.80674777614,170815.80674777614,0,0.0,0.0,0.0,0.0
1682942400000,170815.80674777614,170815.80674777614,0,0.0,0.0,0.0,0.0
1682956800000,170815.80674777614,170815.80674777614,0,0.0,0.0,0.0,0.0
1682971200000,170815.80674777614,170815.80674777614,0,0.0,0.0,0.0,0.0
1682985600000,169507.65846655937,170815.80674777614,1,189927.3264464511,3416.3161349555226,3416.3161349555226,189927.3264464511
1683000000000,168453.3679566857,170834.79948042077,1,191000.60968896942,3416.3161349555226,3416.3161349555226,191000.60968896942
1683014400000,167621.02585024294,170834.79948042077,1,191832.95179541217,3416.3161349555226,3416.3161349555226,191832.95179541217
1683028800000,167395.37300618138,167395.37300618138,0,0.0,0.0,0.0,0.0
1683043200000,167395.37300618138,167395.37300618138,0,0.0,0.0,0.0,0.0
1683057600000,167395.37300618138,167395.37300618138,0,0.0,0.0,0.0,0.0
1683072000000,167395.37300618138,167395.37300618138,0,0.0,0.0,0.0,0.0
1683086400000,167395.37300618138,167395.37300618138,0,0.0,0.0,0.0,0.0
1683100800000,167395.37300618138,167395.37300618138,0,0.0,0.0,0.0,0.0
1683115200000,167395.37300618138,167395.37300618138,0,0.0,0.0,0.0,0.0
1683129600000,167395.37300618138,167395.37300618138,0,0.0,0.0,0.0,0.0
1683144000000,167395.37300618138,167395.37300618138,0,0.0,0.0,0.0,0.0
1683158400000,167395.37300618138,167395.37300618138,0,0.0,0.0,0.0,0.0
1683172800000,167395.37300618138,167395.37300618138,0,0.0,0.0,0.0,0.0
1683187200000,167395.37300618138,167395.37300618138,0,0.0,0.0,0.0,0.0
1683201600000,167395.37300618138,167395.37300618138,0,0.0,0.0,0.0,0.0
1683216000000,167395.37300618138,167395.37300618138,0,0.0,0.0,0.0,0.0
1683230400000,167395.37300618138,167395.37300618138,0,0.0,0.0,0.0,0.0
1683244800000,167395.37300618138,167395.37300618138,0,0.0,0.0,0.0,0.0
1683259200000,167395.37300618138,167395.37300618138,0,0.0,0.0,0.0,0.0
1683273600000,167395.37300618138,167395.37300618138,0,0.0,0.0,0.0,0.0
1683288000000,167395.37300618138,167395.37300618138,0,0.0,0.0,0.0,0.0
1683302400000,167395.37300618138,167395.37300618138,0,0.0,0.0,0.0,0.0
1683316800000,167395.37300618138,167395.37300618138,0,0.0,0.0,0.0,0.0
1683331200000,167395.37300618138,167395.37300618138,0,0.0,0.0,0.0,0.0
1683345600000,167395.37300618138,167395.37300618138,0,0.0,0.0,0.0,0.0
1683360000000,167395.37300618138,167395.37300618138,0,0.0,0.0,0.0,0.0
1683374400000,167395.37300618138,167395.37300618138,0,0.0,0.0,0.0,0.0
1683388800000,167395.37300618138,167395.37300618138,0,0.0,0.0,0.0,0.0
1683403200000,164013.35519966102,164013.35519966102,0,0.0,0.0,0.0,0.0
1683417600000,165068.651289231,164013.35519966102,1,161661.68530901874,3280.2671039932206,3280.2671039932206,161661.68530901874
1683432000000,165323.778715046,164015.94694787243,1,161409.14963141514,3280.2671039932206,3280.2671039932206,161409.14963141514
1683446400000,164274.78436192335,164015.94694787243,1,162458.1439845378,3280.2671039932206,3280.2671039932206,162458.1439845378
1683460800000,164569.45171216223,164019.2269777995,1,162166.75666422598,3280.2671039932206,3280.2671039932206,162166.75666422598
1683475200000,163908.97378612205,164019.2269777995,1,162827.23459026616,3280.2671039932206,3280.2671039932206,162827.23459026616
1683489600000,163271.3329120006,164022.63820836417,1,163468.28669495226,3280.2671039932206,3280.2671039932206,163468.28669495226
1683504000000,164786.54697762226,164022.63820836417,1,161953.0726293306,3280.2671039932206,3280.2671039932206,161953.0726293306
1683518400000,175135.99276270618,170570.3173735335,2,208480.61691172962,3288.1262289256983,3288.1262289256983,208480.61691172962
1683532800000,176373.18494646103,173689.2707313683,1,78674.57648420162,1640.1335519966103,1640.1335519966103,78674.57648420162
1683547200000,175483.61655585066,173695.1965004691,2,286474.9099143415,5167.715766307847,5167.715766307847,286474.9099143415
1683561600000,177373.67163390704,173695.1965004691,2,284584.8548362851,5167.715766307847,5167.715766307847,284584.8548362851
1683576000000,187638.17744512408,177217.32319924858,2,174390.05608863322,3403.9246591522287,3403.9246591522287,174390.05608863322
1683590400000,185847.38027055355,179929.0667999992,1,75440.17722874,1640.1335519966103,1640.1335519966103,75440.17722874
1683604800000,185444.86731513703,179924.78318234222,1,75838.40656649953,1640.1335519966103,1640.1335519966103,75838.40656649953
1683619200000,184871.80558519036,179924.78318234222,1,76411.4682964462,1640.1335519966103,1640.1335519966103,76411.4682964462
1683633600000,184857.0998160869,184857.0998160869,0,0.0,0.0,0.0,0.0
1683648000000,184857.0998160869,184857.0998160869,0,0.0,0.0,0.0,0.0
1683662400000,184857.0998160869,184857.0998160869,0,0.0,0.0,0.0,0.0
1683676800000,184857.0998160869,184857.0998160869,0,0.0,0.0,0.0,0.0
1683691200000,184857.0998160869,184857.0998160869,0,0.0,0.0,0.0,0.0
1683705600000,184857.0998160869,184857.0998160869,0,0.0,0.0,0.0,0.0
1683720000000,184857.0998160869,184857.0998160869,0,0.0,0.0,0.0,0.0
1683734400000,184857.0998160869,184857.0998160869,0,0.0,0.0,0.0,0.0
1683748800000,184857.0998160869,184857.0998160869,0,0.0,0.0,0.0,0.0
1683763200000,184857.0998160869,184857.0998160869,0,0.0,0.0,0.0,0.0
1683777600000,184857.0998160869,184857.0998160869,0,0.0,0.0,0.0,0.0
1683792000000,184857.0998160869,184857.0998160869,0,0.0,0.0,0.0,0.0
1683806400000,184857.0998160869,184857.0998160869,0,0.0,0.0,0.0,0.0
1683820800000,184857.0998160869,184857.0998160869,0,0.0,0.0,0.0,0.0
1683835200000,184857.0998160869,184857.0998160869,0,0.0,0.0,0.0,0.0
1683849600000,184857.0998160869,184857.0998160869,0,0.0,0.0,0.0,0.0
1683864000000,184857.0998160869,184857.0998160869,0,0.0,0.0,0.0,0.0
1683878400000,184857.0998160869,184857.0998160869,0,0.0,0.0,0.0,0.0
1683892800000,184857.0998160869,184857.0998160869,0,0.0,0.0,0.0,0.0
1683907200000,184857.0998160869,184857.0998160869,0,0.0,0.0,0.0,0.0
1683921600000,184857.0998160869,184857.0998160869,0,0.0,0.0,0.0,0.0
1683936000000,184857.0998160869,184857.0998160869,0,0.0,0.0,0.0,0.0
1683950400000,184857.0998160869,184857.0998160869,0,0.0,0.0,0.0,0.0
1683964800000,184857.0998160869,184857.0998160869,0,0.0,0.0,0.0,0.0
1683979200000,184857.0998160869,184857.0998160869,0,0.0,0.0,0.0,0.0
1683993600000,184857.0998160869,184857.0998160869,0,0.0,0.0,0.0,0.0
1684008000000,184857.0998160869,184857.0998160869,0,0.0,0.0,0.0,0.0
1684022400000,184857.0998160869,184857.0998160869,0,0.0,0.0,0.0,0.0
1684036800000,184857.0998160869,184857.0998160869,0,0.0,0.0,0.0,0.0
1684051200000,184857.0998160869,184857.0998160869,0,0.0,0.0,0.0,0.0
1684065600000,184857.0998160869,184857.0998160869,0,0.0,0.0,0.0,0.0
1684080000000,184857.0998160869,184857.0998160869,0,0.0,0.0,0.0,0.0
1684094400000,184857.0998160869,184857.0998160869,0,0.0,0.0,0.0,0.0
1684108800000,184857.0998160869,184857.0998160869,0,0.0,0.0,0.0,0.0
1684123200000,184857.0998160869,184857.0998160869,0,0.0,0.0,0.0,0.0
1684137600000,184857.0998160869,184857.0998160869,0,0.0,0.0,0.0,0.0
1684152000000,184857.0998160869,184857.0998160869,0,0.0,0.0,0.0,0.0
1684166400000,184857.0998160869,184857.0998160869,0,0.0,0.0,0.0,0.0
1684180800000,184857.0998160869,184857.0998160869,0,0.0,0.0,0.0,0.0
1684195200000,184857.0998160869,184857.0998160869,0,0.0,0.0,0.0,0.0
1684209600000,184857.0998160869,184857.0998160869,0,0.0,0.0,0.0,0.0
1684224000000,184857.0998160869,184857.0998160869,0,0.0,0.0,0.0,0.0
1684238400000,184857.0998160869,184857.0998160869,0,0.0,0.0,0.0,0.0
1684252800000,184857.0998160869,184857.0998160869,0,0.0,0.0,0.0,0.0
1684267200000,184857.0998160869,184857.0998160869,0,0.0,0.0,0.0,0.0
1684281600000,183017.15552635802,184857.0998160869,1,208842.30884438494,3697.141996321738,3697.141996321738,208842.30884438494
1684296000000,181124.18969729784,181124.18969729784,0,0.0,0.0,0.0,0.0
1684310400000,181124.18969729784,181124.18969729784,0,0.0,0.0,0.0,0.0
1684324800000,181124.18969729784,181124.18969729784,0,0.0,0.0,0.0,0.0
1684339200000,179926.51190122054,181124.18969729784,1,439370.909848108,3622.483793945957,3622.483793945957,439370.909848108
1684353600000,177405.34119319302,177405.34119319302,0,0.0,0.0,0.0,0.0
1684368000000,177405.34119319302,177405.34119319302,0,0.0,0.0,0.0,0.0
1684382400000,177405.34119319302,177405.34119319302,0,0.0,0.0,0.0,0.0
1684396800000,177405.34119319302,177405.34119319302,0,0.0,0.0,0.0,0.0
1684411200000,177405.34119319302,177405.34119319302,0,0.0,0.0,0.0,0.0
1684425600000,177405.34119319302,177405.34119319302,0,0.0,0.0,0.0,0.0
1684440000000,177405.34119319302,177405.34119319302,0,0.0,0.0,0.0,0.0
1684454400000,176106.22153892863,177405.34119319302,1,215771.7221672372,3548.106823863861,3548.106823863861,215771.7221672372
1684468800000,177101.2599392237,177408.62968311316,1,214779.97225686227,3548.106823863861,3548.106823863861,214779.97225686227
1684483200000,176109.51002884877,177408.62968311316,1,215771.7221672372,3548.106823863861,3548.106823863861,215771.7221672372
1684497600000,176849.02971082117,177420.86609747726,1,215044.43889962893,3548.106823863861,3548.106823863861,215044.43889962893
1684512000000,176683.73805909202,177420.86609747726,1,215209.73055135808,3548.106823863861,3548.106823863861,215209.73055135808
1684526400000,177352.24860220376,177428.21003367243,1,214548.56394444147,3548.106823863861,3548.106823863861,214548.56394444147
1684540800000,176757.19865597883,177428.21003367243,1,215143.61389066643,3548.106823863861,3548.106823863861,215143.61389066643
1684555200000,177099.72243000806,177440.15050424336,1,214813.0305872081,3548.106823863861,3548.106823863861,214813.0305872081
1684569600000,177628.65571554136,177440.15050424336,1,214284.09730167483,3548.106823863861,3548.106823863861,214284.09730167483
1684584000000,177339.1106822124,177448.13044402687,1,214581.62227478728,3548.106823863861,3548.106823863861,214581.62227478728
1684598400000,177140.7607001374,177448.13044402687,1,214779.97225686227,3548.106823863861,3548.106823863861,214779.97225686227
1684612800000,177114.12429096206,177454.55236519736,1,214813.0305872081,3548.106823863861,3548.106823863861,214813.0305872081
1684627200000,177081.06596061625,177454.55236519736,1,214846.08891755392,3548.106823863861,3548.106823863861,214846.08891755392
1684641600000,176877.32334170945,177449.15972836554,1,215044.43889962893,3548.106823863861,3548.106823863861,215044.43889962893
1684656000000,176976.49833274694,177449.15972836554,1,214945.26390859144,3548.106823863861,3548.106823863861,214945.26390859144
1684670400000,178473.3092220186,177458.34575207482,1,213457.63904302905,3548.106823863861,3548.106823863861,213457.63904302905
1684684800000,179861.75909654348,177458.34575207482,1,212069.18916850418,3548.106823863861,3548.106823863861,212069.18916850418
1684699200000,179714.02266057054,177475.90096783102,1,212234.48082023332,3548.106823863861,3548.106823863861,212234.48082023332
1684713600000,179548.7310088414,177475.90096783102,1,212399.77247196247,3548.106823863861,3548.106823863861,212399.77247196247
1684728000000,181104.51901909817,177487.02370121717,2,539584.2507691366,7138.642732101494,7138.642732101494,539584.2507691366
1684742400000,179773.38977202782,177487.02370121717,2,540915.380016207,7138.642732101494,7138.642732101494,540915.380016207
1684756800000,176482.95041769676,176482.95041769676,0,0.0,0.0,0.0,0.0
1684771200000,176482.95041769676,176482.95041769676,0,0.0,0.0,0.0,0.0
1684785600000,176482.95041769676,176482.95041769676,0,0.0,0.0,0.0,0.0
1684800000000,176482.95041769676,176482.95041769676,0,0.0,0.0,0.0,0.0
1684814400000,176482.95041769676,176482.95041769676,0,0.0,0.0,0.0,0.0
1684828800000,176482.95041769676,176482.95041769676,0,0.0,0.0,0.0,0.0
1684843200000,176482.95041769676,176482.95041769676,0,0.0,0.0,0.0,0.0
1684857600000,176482.95041769676,176482.95041769676,0,0.0,0.0,0.0,0.0
1684872000000,176482.95041769676,176482.95041769676,0,0.0,0.0,0.0,0.0
1684886400000,176482.95041769676,176482.95041769676,0,0.0,0.0,0.0,0.0
1684900800000,176482.95041769676,176482.95041769676,0,0.0,0.0,0.0,0.0
1684915200000,176482.95041769676,176482.95041769676,0,0.0,0.0,0.0,0.0
1684929600000,175740.06909821855,176482.95041769676,2,591253.7530566489,7057.086048118683,7057.086048118683,591253.7530566489
1684944000000,180663.61048478837,176482.95041769676,2,586330.211670079,7057.086048118683,7057.086048118683,586330.211670079
1684958400000,179314.4001579344,176486.83600912287,2,587683.3075883591,7057.086048118683,7057.086048118683,587683.3075883591
1684972800000,176524.4474085309,175339.13328379163,1,310385.28317870334,3527.427039764748,3527.427039764748,310385.28317870334
1684987200000,180153.37153302456,178784.40469584442,1,154416.33181454116,1763.713519882374,1763.713519882374,154416.33181454116
1685001600000,180791.0545623332,178784.40469584442,1,153778.64878523254,1763.713519882374,1763.713519882374,153778.64878523254
1685016000000,180136.6111909698,178753.78167923944,1,154402.46913999095,1763.713519882374,1763.713519882374,154402.46913999095
1685030400000,179608.05691706232,179608.05691706232,0,0.0,0.0,0.0,0.0
1685044800000,179608.05691706232,179608.05691706232,0,0.0,0.0,0.0,0.0
1685059200000,179608.05691706232,179608.05691706232,0,0.0,0.0,0.0,0.0
1685073600000,179608.05691706232,179608.05691706232,0,0.0,0.0,0.0,0.0
1685088000000,179608.05691706232,179608.05691706232,0,0.0,0.0,0.0,0.0
1685102400000,179608.05691706232,179608.05691706232,0,0.0,0.0,0.0,0.0
1685116800000,179608.05691706232,179608.05691706232,0,0.0,0.0,0.0,0.0
1685131200000,179608.05691706232,179608.05691706232,0,0.0,0.0,0.0,0.0
1685145600000,179608.05691706232,179608.05691706232,0,0.0,0.0,0.0,0.0
1685160000000,179608.05691706232,179608.05691706232,0,0.0,0.0,0.0,0.0
1685174400000,179608.05691706232,179608.05691706232,0,0.0,0.0,0.0,0.0
1685188800000,179608.05691706232,179608.05691706232,0,0.0,0.0,0.0,0.0
1685203200000,179608.05691706232,179608.05691706232,0,0.0,0.0,0.0,0.0
1685217600000,179608.05691706232,179608.05691706232,0,0.0,0.0,0.0,0.0
1685232000000,179608.05691706232,179608.05691706232,0,0.0,0.0,0.0,0.0
1685246400000,179608.05691706232,179608.05691706232,0,0.0,0.0,0.0,0.0
1685260800000,179608.05691706232,179608.05691706232,0,0.0,0.0,0.0,0.0
1685275200000,179608.05691706232,179608.05691706232,0,0.0,0.0,0.0,0.0
1685289600000,179608.05691706232,179608.05691706232,0,0.0,0.0,0.0,0.0
1685304000000,179608.05691706232,179608.05691706232,0,0.0,0.0,0.0,0.0
1685318400000,179608.05691706232,179608.05691706232,0,0.0,0.0,0.0,0.0
1685332800000,179608.05691706232,179608.05691706232,0,0.0,0.0,0.0,0.0
1685347200000,179608.05691706232,179608.05691706232,0,0.0,0.0,0.0,0.0
1685361600000,179608.05691706232,179608.05691706232,0,0.0,0.0,0.0,0.0
1685376000000,179608.05691706232,179608.05691706232,0,0.0,0.0,0.0,0.0
1685390400000,179608.05691706232,179608.05691706232,0,0.0,0.0,0.0,0.0
1685404800000,179608.05691706232,179608.05691706232,0,0.0,0.0,0.0,0.0
1685419200000,179608.05691706232,179608.05691706232,0,0.0,0.0,0.0,0.0
1685433600000,179608.05691706232,179608.05691706232,0,0.0,0.0,0.0,0.0
1685448000000,179608.05691706232,179608.05691706232,0,0.0,0.0,0.0,0.0
1685462400000,179608.05691706232,179608.05691706232,0,0.0,0.0,0.0,0.0
1685476800000,179608.05691706232,179608.05691706232,0,0.0,0.0,0.0,0.0
1685491200000,179608.05691706232,179608.05691706232,0,0.0,0.0,0.0,0.0
1685505600000,179608.05691706232,179608.05691706232,0,0.0,0.0,0.0,0.0
1685520000000,179608.05691706232,179608.05691706232,0,0.0,0.0,0.0,0.0
1685534400000,179608.05691706232,179608.05691706232,0,0.0,0.0,0.0,0.0
1685548800000,180358.00095390098,179608.05691706232,1,303405.11101060774,3592.161138341247,3592.161138341247,303405.11101060774
1685563200000,178717.94837431054,179632.25178183388,1,305069.3584549697,3592.161138341247,3592.161138341247,305069.3584549697
1685577600000,178205.8722375838,179632.25178183388,1,305581.4345916965,3592.161138341247,3592.161138341247,305581.4345916965
1685592000000,179644.63975704156,179662.80992529306,1,304173.2252156979,3592.161138341247,3592.161138341247,304173.2252156979
1685606400000,179917.2263113617,179662.80992529306,2,542275.3415977061,7185.053933482079,7185.053933482079,542275.3415977061
1685620800000,178477.90590854536,179717.04492126312,2,543768.8969964925,7185.053933482079,7185.053933482079,543768.8969964925
1685635200000,178379.08491572906,179717.04492126312,2,543867.7179893088,7185.053933482079,7185.053933482079,543867.7179893088
1685649600000,176110.1548653134,176615.33844145204,1,238879.886512467,3592.8927951408314,3592.8927951408314,238879.886512467
1685664000000,177025.15306262518,176615.33844145204,1,237964.88831515523,3592.8927951408314,3592.8927951408314,237964.88831515523
1685678400000,172971.11013537264,172971.11013537264,0,0.0,0.0,0.0,0.0
1685692800000,172971.11013537264,172971.11013537264,0,0.0,0.0,0.0,0.0
1685707200000,172971.11013537264,172971.11013537264,0,0.0,0.0,0.0,0.0
1685721600000,172971.11013537264,172971.11013537264,0,0.0,0.0,0.0,0.0
1685736000000,172971.11013537264,172971.11013537264,0,0.0,0.0,0.0,0.0
1685750400000,172971.11013537264,172971.11013537264,0,0.0,0.0,0.0,0.0
1685764800000,172971.11013537264,172971.11013537264,0,0.0,0.0,0.0,0.0
1685779200000,172971.11013537264,172971.11013537264,0,0.0,0.0,0.0,0.0
1685793600000,172971.11013537264,172971.11013537264,0,0.0,0.0,0.0,0.0
1685808000000,172971.11013537264,172971.11013537264,0,0.0,0.0,0.0,0.0
1685822400000,172971.11013537264,172971.11013537264,0,0.0,0.0,0.0,0.0
1685836800000,172971.11013537264,172971.11013537264,0,0.0,0.0,0.0,0.0
1685851200000,172971.11013537264,172971.11013537264,0,0.0,0.0,0.0,0.0
1685865600000,172971.11013537264,172971.11013537264,0,0.0,0.0,0.0,0.0
1685880000000,172971.11013537264,172971.11013537264,0,0.0,0.0,0.0,0.0
1685894400000,172971.11013537264,172971.11013537264,0,0.0,0.0,0.0,0.0
1685908800000,172971.11013537264,172971.11013537264,0,0.0,0.0,0.0,0.0
1685923200000,172971.11013537264,172971.11013537264,0,0.0,0.0,0.0,0.0
1685937600000,172971.11013537264,172971.11013537264,0,0.0,0.0,0.0,0.0
1685952000000,173226.23820666532,172971.11013537264,1,512951.49337596324,3459.422202707453,3459.422202707453,512951.49337596324
1685966400000,173515.8776721515,172971.11013537264,1,512661.8539104771,3459.422202707453,3459.422202707453,512661.8539104771
1685980800000,206328.99609012625,179494.68266425034,2,407227.7645228922,3304.531565920527,3304.531565920527,407227.7645228922
1685995200000,207163.58983136958,199335.57078844312,2,225282.13111696718,2393.0579184427265,2393.0579184427265,225282.13111696718
1686009600000,207253.88357279575,199335.57078844312,3,451762.0778239301,6536.159940442041,6536.159940442041,451762.0778239301
1686024000000,206332.02474686978,199277.5781758657,3,452625.9440372787,6536.159940442041,6536.159940442041,452625.9440372787
1686038400000,206583.67628202503,199277.5781758657,3,452374.29250212346,6536.159940442041,6536.159940442041,452374.29250212346
1686052800000,205639.0478733079,198971.09559206036,2,397361.0553922818,5717.9224865661145,5717.9224865661145,397361.0553922818
1686067200000,201725.056559518,201725.056559518,0,0.0,0.0,0.0,0.0
1686081600000,201725.056559518,201725.056559518,0,0.0,0.0,0.0,0.0
1686096000000,201725.056559518,201725.056559518,0,0.0,0.0,0.0,0.0
1686110400000,201725.056559518,201725.056559518,0,0.0,0.0,0.0,0.0
1686124800000,201725.056559518,201725.056559518,0,0.0,0.0,0.0,0.0
1686139200000,201725.056559518,201725.056559518,0,0.0,0.0,0.0,0.0
1686153600000,201725.056559518,201725.056559518,0,0.0,0.0,0.0,0.0
1686168000000,201725.056559518,201725.056559518,0,0.0,0.0,0.0,0.0
1686182400000,201725.056559518,201725.056559518,0,0.0,0.0,0.0,0.0
1686196800000,201725.056559518,201725.056559518,0,0.0,0.0,0.0,0.0
1686211200000,201725.056559518,201725.056559518,0,0.0,0.0,0.0,0.0
1686225600000,201725.056559518,201725.056559518,0,0.0,0.0,0.0,0.0
1686240000000,201725.056559518,201725.056559518,0,0.0,0.0,0.0,0.0
1686254400000,201725.056559518,201725.056559518,0,0.0,0.0,0.0,0.0
1686268800000,201725.056559518,201725.056559518,0,0.0,0.0,0.0,0.0
1686283200000,201725.056559518,201725.056559518,0,0.0,0.0,0.0,0.0
1686297600000,201725.056559518,201725.056559518,0,0.0,0.0,0.0,0.0
1686312000000,201725.056559518,201725.056559518,0,0.0,0.0,0.0,0.0
1686326400000,201725.056559518,201725.056559518,0,0.0,0.0,0.0,0.0
1686340800000,201725.056559518,201725.056559518,0,0.0,0.0,0.0,0.0
1686355200000,201725.056559518,201725.056559518,0,0.0,0.0,0.0,0.0
1686369600000,201725.056559518,201725.056559518,0,0.0,0.0,0.0,0.0
1686384000000,201725.056559518,201725.056559518,0,0.0,0.0,0.0,0.0
1686398400000,201725.056559518,201725.056559518,0,0.0,0.0,0.0,0.0
1686412800000,201725.056559518,201725.056559518,0,0.0,0.0,0.0,0.0
1686427200000,201725.056559518,201725.056559518,0,0.0,0.0,0.0,0.0
1686441600000,201725.056559518,201725.056559518,0,0.0,0.0,0.0,0.0
1686456000000,201725.056559518,201725.056559518,0,0.0,0.0,0.0,0.0
1686470400000,201725.056559518,201725.056559518,0,0.0,0.0,0.0,0.0
1686484800000,201725.056559518,201725.056559518,0,0.0,0.0,0.0,0.0
1686499200000,201725.056559518,201725.056559518,0,0.0,0.0,0.0,0.0
1686513600000,201725.056559518,201725.056559518,0,0.0,0.0,0.0,0.0
1686528000000,201725.056559518,201725.056559518,0,0.0,0.0,0.0,0.0
1686542400000,201725.056559518,201725.056559518,0,0.0,0.0,0.0,0.0
1686556800000,201725.056559518,201725.056559518,0,0.0,0.0,0.0,0.0
1686571200000,201725.056559518,201725.056559518,0,0.0,0.0,0.0,0.0
1686585600000,201725.056559518,201725.056559518,0,0.0,0.0,0.0,0.0
1686600000000,201725.056559518,201725.056559518,0,0.0,0.0,0.0,0.0
1686614400000,201725.056559518,201725.056559518,0,0.0,0.0,0.0,0.0
1686628800000,201725.056559518,201725.056559518,0,0.0,0.0,0.0,0.0
1686643200000,201725.056559518,201725.056559518,0,0.0,0.0,0.0,0.0
1686657600000,201725.056559518,201725.056559518,0,0.0,0.0,0.0,0.0
1686672000000,201725.056559518,201725.056559518,0,0.0,0.0,0.0,0.0
1686686400000,201725.056559518,201725.056559518,0,0.0,0.0,0.0,0.0
1686700800000,201725.056559518,201725.056559518,0,0.0,0.0,0.0,0.0
1686715200000,201725.056559518,201725.056559518,0,0.0,0.0,0.0,0.0
1686729600000,201725.056559518,201725.056559518,0,0.0,0.0,0.0,0.0
1686744000000,201725.056559518,201725.056559518,0,0.0,0.0,0.0,0.0
1686758400000,201725.056559518,201725.056559518,0,0.0,0.0,0.0,0.0
1686772800000,201725.056559518,201725.056559518,0,0.0,0.0,0.0,0.0
1686787200000,201725.056559518,201725.056559518,0,0.0,0.0,0.0,0.0
1686801600000,202405.84284195185,201725.056559518,1,304171.3875559101,4034.5011311903604,4034.5011311903604,304171.3875559101
1686816000000,203379.49041774508,201725.056559518,1,303197.7399801169,4034.5011311903604,4034.5011311903604,303197.7399801169
1686830400000,203004.92354535687,201743.83359555498,1,303591.0838885421,4034.5011311903604,4034.5011311903604,303591.0838885421
1686844800000,203716.3418488666,201743.83359555498,1,302879.6655850324,4034.5011311903604,4034.5011311903604,302879.6655850324
1686859200000,198436.15287231558,198436.15287231558,0,0.0,0.0,0.0,0.0
1686873600000,198436.15287231558,198436.15287231558,0,0.0,0.0,0.0,0.0
1686888000000,198436.15287231558,198436.15287231558,0,0.0,0.0,0.0,0.0
1686902400000,198436.15287231558,198436.15287231558,0,0.0,0.0,0.0,0.0
1686916800000,198436.15287231558,198436.15287231558,0,0.0,0.0,0.0,0.0
1686931200000,198436.15287231558,198436.15287231558,0,0.0,0.0,0.0,0.0
1686945600000,198436.15287231558,198436.15287231558,0,0.0,0.0,0.0,0.0
1686960000000,198436.15287231558,198436.15287231558,0,0.0,0.0,0.0,0.0
1686974400000,198436.15287231558,198436.15287231558,0,0.0,0.0,0.0,0.0
1686988800000,198436.15287231558,198436.15287231558,0,0.0,0.0,0.0,0.0
1687003200000,198436.15287231558,198436.15287231558,0,0.0,0.0,0.0,0.0
1687017600000,198436.15287231558,198436.15287231558,0,0.0,0.0,0.0,0.0
1687032000000,198436.15287231558,198436.15287231558,0,0.0,0.0,0.0,0.0
1687046400000,198436.15287231558,198436.15287231558,0,0.0,0.0,0.0,0.0
1687060800000,198436.15287231558,198436.15287231558,0,0.0,0.0,0.0,0.0
1687075200000,198436.15287231558,198436.15287231558,0,0.0,0.0,0.0,0.0
1687089600000,198436.15287231558,198436.15287231558,0,0.0,0.0,0.0,0.0
1687104000000,198436.15287231558,198436.15287231558,0,0.0,0.0,0.0,0.0
1687118400000,198436.15287231558,198436.15287231558,0,0.0,0.0,0.0,0.0
1687132800000,198436.15287231558,198436.15287231558,0,0.0,0.0,0.0,0.0
1687147200000,198436.15287231558,198436.15287231558,0,0.0,0.0,0.0,0.0
1687161600000,198436.15287231558,198436.15287231558,0,0.0,0.0,0.0,0.0
1687176000000,198436.15287231558,198436.15287231558,0,0.0,0.0,0.0,0.0
1687190400000,198436.15287231558,198436.15287231558,0,0.0,0.0,0.0,0.0
1687204800000,198436.15287231558,198436.15287231558,0,0.0,0.0,0.0,0.0
1687219200000,198436.15287231558,198436.15287231558,0,0.0,0.0,0.0,0.0
1687233600000,198436.15287231558,198436.15287231558,0,0.0,0.0,0.0,0.0
1687248000000,198436.15287231558,198436.15287231558,0,0.0,0.0,0.0,0.0
1687262400000,198436.15287231558,198436.15287231558,0,0.0,0.0,0.0,0.0
1687276800000,198436.15287231558,198436.15287231558,0,0.0,0.0,0.0,0.0
1687291200000,198436.15287231558,198436.15287231558,0,0.0,0.0,0.0,0.0
1687305600000,198436.15287231558,198436.15287231558,0,0.0,0.0,0.0,0.0
1687320000000,198436.15287231558,198436.15287231558,0,0.0,0.0,0.0,0.0
1687334400000,198436.15287231558,198436.15287231558,0,0.0,0.0,0.0,0.0
1687348800000,198436.15287231558,198436.15287231558,0,0.0,0.0,0.0,0.0
1687363200000,198436.15287231558,198436.15287231558,0,0.0,0.0,0.0,0.0
1687377600000,198436.15287231558,198436.15287231558,0,0.0,0.0,0.0,0.0
1687392000000,198436.15287231558,198436.15287231558,0,0.0,0.0,0.0,0.0
1687406400000,198436.15287231558,198436.15287231558,0,0.0,0.0,0.0,0.0
1687420800000,198436.15287231558,198436.15287231558,0,0.0,0.0,0.0,0.0
1687435200000,198436.15287231558,198436.15287231558,0,0.0,0.0,0.0,0.0
1687449600000,198436.15287231558,198436.15287231558,0,0.0,0.0,0.0,0.0
1687464000000,198436.15287231558,198436.15287231558,0,0.0,0.0,0.0,0.0
1687478400000,198436.15287231558,198436.15287231558,0,0.0,0.0,0.0,0.0
1687492800000,198436.15287231558,198436.15287231558,0,0.0,0.0,0.0,0.0
1687507200000,198436.15287231558,198436.15287231558,0,0.0,0.0,0.0,0.0
1687521600000,198436.15287231558,198436.15287231558,0,0.0,0.0,0.0,0.0
1687536000000,198436.15287231558,198436.15287231558,0,0.0,0.0,0.0,0.0
1687550400000,198436.15287231558,198436.15287231558,0,0.0,0.0,0.0,0.0
1687564800000,198436.15287231558,198436.15287231558,0,0.0,0.0,0.0,0.0
1687579200000,198436.15287231558,198436.15287231558,0,0.0,0.0,0.0,0.0
1687593600000,198436.15287231558,198436.15287231558,0,0.0,0.0,0.0,0.0
1687608000000,198436.15287231558,198436.15287231558,0,0.0,0.0,0.0,0.0
1687622400000,198436.15287231558,198436.15287231558,0,0.0,0.0,0.0,0.0
1687636800000,198436.15287231558,198436.15287231558,0,0.0,0.0,0.0,0.0
1687651200000,198436.15287231558,198436.15287231558,0,0.0,0.0,0.0,0.0
1687665600000,198436.15287231558,198436.15287231558,0,0.0,0.0,0.0,0.0
1687680000000,198436.15287231558,198436.15287231558,0,0.0,0.0,0.0,0.0
1687694400000,198436.15287231558,198436.15287231558,0,0.0,0.0,0.0,0.0
1687708800000,198436.15287231558,198436.15287231558,0,0.0,0.0,0.0,0.0
1687723200000,198436.15287231558,198436.15287231558,0,0.0,0.0,0.0,0.0
1687737600000,198436.15287231558,198436.15287231558,0,0.0,0.0,0.0,0.0
1687752000000,198436.15287231558,198436.15287231558,0,0.0,0.0,0.0,0.0
1687766400000,198436.15287231558,198436.15287231558,0,0.0,0.0,0.0,0.0
1687780800000,198436.15287231558,198436.15287231558,0,0.0,0.0,0.0,0.0
1687795200000,198436.15287231558,198436.15287231558,0,0.0,0.0,0.0,0.0
1687809600000,198436.15287231558,198436.15287231558,0,0.0,0.0,0.0,0.0
1687824000000,198436.15287231558,198436.15287231558,0,0.0,0.0,0.0,0.0
1687838400000,198436.15287231558,198436.15287231558,0,0.0,0.0,0.0,0.0
1687852800000,198436.15287231558,198436.15287231558,0,0.0,0.0,0.0,0.0
1687867200000,198436.15287231558,198436.15287231558,0,0.0,0.0,0.0,0.0
1687881600000,198436.15287231558,198436.15287231558,0,0.0,0.0,0.0,0.0
1687896000000,198436.15287231558,198436.15287231558,0,0.0,0.0,0.0,0.0
1687910400000,198436.15287231558,198436.15287231558,0,0.0,0.0,0.0,0.0
1687924800000,198436.15287231558,198436.15287231558,0,0.0,0.0,0.0,0.0
1687939200000,198436.15287231558,198436.15287231558,0,0.0,0.0,0.0,0.0
1687953600000,198436.15287231558,198436.15287231558,0,0.0,0.0,0.0,0.0
1687968000000,197547.5348493385,198436.15287231558,1,118242.84578090871,1984.3615287231557,1984.3615287231557,118242.84578090871
1687982400000,201695.15180371486,200409.1758505687,1,57391.13792581965,992.1807643615779,992.1807643615779,57391.13792581965
1687996800000,201041.213224199,201041.213224199,0,0.0,0.0,0.0,0.0
1688011200000,201041.213224199,201041.213224199,0,0.0,0.0,0.0,0.0
1688025600000,201041.213224199,201041.213224199,0,0.0,0.0,0.0,0.0
1688040000000,201041.213224199,201041.213224199,0,0.0,0.0,0.0,0.0
1688054400000,201041.213224199,201041.213224199,0,0.0,0.0,0.0,0.0
1688068800000,201041.213224199,201041.213224199,0,0.0,0.0,0.0,0.0
1688083200000,201041.213224199,201041.213224199,0,0.0,0.0,0.0,0.0
1688097600000,201041.213224199,201041.213224199,0,0.0,0.0,0.0,0.0
1688112000000,201041.213224199,201041.213224199,0,0.0,0.0,0.0,0.0
1688126400000,201041.213224199,201041.213224199,0,0.0,0.0,0.0,0.0
1688140800000,201041.213224199,201041.213224199,0,0.0,0.0,0.0,0.0
1688155200000,201041.213224199,201041.213224199,0,0.0,0.0,0.0,0.0
1688169600000,201041.213224199,201041.213224199,0,0.0,0.0,0.0,0.0
1688184000000,201041.213224199,201041.213224199,0,0.0,0.0,0.0,0.0
1688198400000,201041.213224199,201041.213224199,0,0.0,0.0,0.0,0.0
1688212800000,201041.213224199,201041.213224199,0,0.0,0.0,0.0,0.0
1688227200000,201041.213224199,201041.213224199,0,0.0,0.0,0.0,0.0
1688241600000,201041.213224199,201041.213224199,0,0.0,0.0,0.0,0.0
1688256000000,201041.213224199,201041.213224199,0,0.0,0.0,0.0,0.0
1688270400000,201041.213224199,201041.213224199,0,0.0,0.0,0.0,0.0
1688284800000,201041.213224199,201041.213224199,0,0.0,0.0,0.0,0.0
1688299200000,201041.213224199,201041.213224199,0,0.0,0.0,0.0,0.0
1688313600000,201041.213224199,201041.213224199,0,0.0,0.0,0.0,0.0
1688328000000,201041.213224199,201041.213224199,0,0.0,0.0,0.0,0.0
1688342400000,201041.213224199,201041.213224199,0,0.0,0.0,0.0,0.0
1688356800000,201041.213224199,201041.213224199,0,0.0,0.0,0.0,0.0
1688371200000,201041.213224199,201041.213224199,0,0.0,0.0,0.0,0.0
1688385600000,201041.213224199,201041.213224199,0,0.0,0.0,0.0,0.0
1688400000000,201041.213224199,201041.213224199,0,0.0,0.0,0.0,0.0
1688414400000,201041.213224199,201041.213224199,0,0.0,0.0,0.0,0.0
1688428800000,201041.213224199,201041.213224199,0,0.0,0.0,0.0,0.0
1688443200000,201041.213224199,201041.213224199,0,0.0,0.0,0.0,0.0
1688457600000,198718.0778347407,201041.213224199,1,244402.27863520762,4020.8242644839797,0.0,0.0
1688472000000,199913.18368139953,201016.77129073953,1,245621.8264153259,4020.8242644839797,0.0,0.0
1688486400000,199144.44150093585,201016.77129073953,1,244853.08423486224,4020.8242644839797,0.0,0.0
1688500800000,196922.92072079133,196922.92072079133,0,0.0,0.0,0.0,0.0
1688515200000,196922.92072079133,196922.92072079133,0,0.0,0.0,0.0,0.0
1688529600000,196922.92072079133,196922.92072079133,0,0.0,0.0,0.0,0.0
1688544000000,196922.92072079133,196922.92072079133,0,0.0,0.0,0.0,0.0
1688558400000,196922.92072079133,196922.92072079133,0,0.0,0.0,0.0,0.0
1688572800000,197074.4080575165,196922.92072079133,1,127449.03300083103,1969.2292072079135,1969.2292072079135,127449.03300083103
1688587200000,196305.25642344897,196922.92072079133,3,304206.2966494509,5910.437027427625,5910.437027427625,304206.2966494509
1688601600000,195257.73029686758,196922.92072079133,3,305253.82277603226,5910.437027427625,5910.437027427625,305253.82277603226
1688616000000,194631.01294368925,196923.84653118072,3,305881.4659396,5910.437027427625,5910.437027427625,305881.4659396
1688630400000,190951.5096898772,190951.5096898772,0,0.0,0.0,0.0,0.0
1688644800000,190951.5096898772,190951.5096898772,0,0.0,0.0,0.0,0.0
1688659200000,190951.5096898772,190951.5096898772,0,0.0,0.0,0.0,0.0
1688673600000,190951.5096898772,190951.5096898772,0,0.0,0.0,0.0,0.0
1688688000000,190951.5096898772,190951.5096898772,0,0.0,0.0,0.0,0.0
1688702400000,190951.5096898772,190951.5096898772,0,0.0,0.0,0.0,0.0
1688716800000,190951.5096898772,190951.5096898772,0,0.0,0.0,0.0,0.0
1688731200000,190951.5096898772,190951.5096898772,0,0.0,0.0,0.0,0.0
1688745600000,190951.5096898772,190951.5096898772,0,0.0,0.0,0.0,0.0
1688760000000,190951.5096898772,190951.5096898772,0,0.0,0.0,0.0,0.0
1688774400000,190951.5096898772,190951.5096898772,0,0.0,0.0,0.0,0.0
1688788800000,190951.5096898772,190951.5096898772,0,0.0,0.0,0.0,0.0
1688803200000,190951.5096898772,190951.5096898772,0,0.0,0.0,0.0,0.0
1688817600000,190951.5096898772,190951.5096898772,0,0.0,0.0,0.0,0.0
1688832000000,190951.5096898772,190951.5096898772,0,0.0,0.0,0.0,0.0
1688846400000,190951.5096898772,190951.5096898772,0,0.0,0.0,0.0,0.0
1688860800000,190951.5096898772,190951.5096898772,0,0.0,0.0,0.0,0.0
1688875200000,190951.5096898772,190951.5096898772,0,0.0,0.0,0.0,0.0
1688889600000,190951.5096898772,190951.5096898772,0,0.0,0.0,0.0,0.0
1688904000000,190951.5096898772,190951.5096898772,0,0.0,0.0,0.0,0.0
1688918400000,190951.5096898772,190951.5096898772,0,0.0,0.0,0.0,0.0
1688932800000,190951.5096898772,190951.5096898772,0,0.0,0.0,0.0,0.0
1688947200000,190951.5096898772,190951.5096898772,0,0.0,0.0,0.0,0.0
1688961600000,190951.5096898772,190951.5096898772,0,0.0,0.0,0.0,0.0
1688976000000,190951.5096898772,190951.5096898772,0,0.0,0.0,0.0,0.0
1688990400000,190558.2524345824,190951.5096898772,1,119440.90960375451,1909.5150968987718,1909.5150968987718,119440.90960375451
1689004800000,190373.53095359917,190951.5096898772,1,119625.63108473775,1909.5150968987718,1909.5150968987718,119625.63108473775
1689019200000,189029.7689884736,189029.7689884736,0,0.0,0.0,0.0,0.0
1689033600000,189029.7689884736,189029.7689884736,0,0.0,0.0,0.0,0.0
1689048000000,189029.7689884736,189029.7689884736,0,0.0,0.0,0.0,0.0
1689062400000,189029.7689884736,189029.7689884736,0,0.0,0.0,0.0,0.0
1689076800000,189029.7689884736,189029.7689884736,0,0.0,0.0,0.0,0.0
1689091200000,189029.7689884736,189029.7689884736,0,0.0,0.0,0.0,0.0
1689105600000,189029.7689884736,189029.7689884736,0,0.0,0.0,0.0,0.0
1689120000000,189029.7689884736,189029.7689884736,0,0.0,0.0,0.0,0.0
1689134400000,189029.7689884736,189029.7689884736,0,0.0,0.0,0.0,0.0
1689148800000,189029.7689884736,189029.7689884736,0,0.0,0.0,0.0,0.0
1689163200000,189029.7689884736,189029.7689884736,0,0.0,0.0,0.0,0.0
1689177600000,189029.7689884736,189029.7689884736,0,0.0,0.0,0.0,0.0
1689192000000,189029.7689884736,189029.7689884736,0,0.0,0.0,0.0,0.0
1689206400000,189029.7689884736,189029.7689884736,0,0.0,0.0,0.0,0.0
1689220800000,189029.7689884736,189029.7689884736,0,0.0,0.0,0.0,0.0
1689235200000,189029.7689884736,189029.7689884736,0,0.0,0.0,0.0,0.0
1689249600000,189029.7689884736,189029.7689884736,0,0.0,0.0,0.0,0.0
1689264000000,189029.7689884736,189029.7689884736,0,0.0,0.0,0.0,0.0
1689278400000,189029.7689884736,189029.7689884736,0,0.0,0.0,0.0,0.0
1689292800000,189029.7689884736,189029.7689884736,0,0.0,0.0,0.0,0.0
1689307200000,189029.7689884736,189029.7689884736,0,0.0,0.0,0.0,0.0
1689321600000,189029.7689884736,189029.7689884736,0,0.0,0.0,0.0,0.0
1689336000000,189029.7689884736,189029.7689884736,0,0.0,0.0,0.0,0.0
1689350400000,189029.7689884736,189029.7689884736,0,0.0,0.0,0.0,0.0
1689364800000,189029.7689884736,189029.7689884736,0,0.0,0.0,0.0,0.0
1689379200000,189029.7689884736,189029.7689884736,0,0.0,0.0,0.0,0.0
1689393600000,189029.7689884736,189029.7689884736,0,0.0,0.0,0.0,0.0
1689408000000,189029.7689884736,189029.7689884736,0,0.0,0.0,0.0,0.0
1689422400000,189029.7689884736,189029.7689884736,0,0.0,0.0,0.0,0.0
1689436800000,189029.7689884736,189029.7689884736,0,0.0,0.0,0.0,0.0
1689451200000,189029.7689884736,189029.7689884736,0,0.0,0.0,0.0,0.0
1689465600000,189029.7689884736,189029.7689884736,0,0.0,0.0,0.0,0.0
1689480000000,189029.7689884736,189029.7689884736,0,0.0,0.0,0.0,0.0
1689494400000,189029.7689884736,189029.7689884736,0,0.0,0.0,0.0,0.0
1689508800000,189029.7689884736,189029.7689884736,0,0.0,0.0,0.0,0.0
1689523200000,189029.7689884736,189029.7689884736,0,0.0,0.0,0.0,0.0
1689537600000,189029.7689884736,189029.7689884736,0,0.0,0.0,0.0,0.0
1689552000000,189029.7689884736,189029.7689884736,0,0.0,0.0,0.0,0.0
1689566400000,189029.7689884736,189029.7689884736,0,0.0,0.0,0.0,0.0
1689580800000,189029.7689884736,189029.7689884736,0,0.0,0.0,0.0,0.0
1689595200000,189029.7689884736,189029.7689884736,0,0.0,0.0,0.0,0.0
1689609600000,189029.7689884736,189029.7689884736,0,0.0,0.0,0.0,0.0
1689624000000,189029.7689884736,189029.7689884736,0,0.0,0.0,0.0,0.0
1689638400000,189029.7689884736,189029.7689884736,0,0.0,0.0,0.0,0.0
1689652800000,189029.7689884736,189029.7689884736,0,0.0,0.0,0.0,0.0
1689667200000,189029.7689884736,189029.7689884736,0,0.0,0.0,0.0,0.0
1689681600000,189029.7689884736,189029.7689884736,0,0.0,0.0,0.0,0.0
1689696000000,189029.7689884736,189029.7689884736,0,0.0,0.0,0.0,0.0
1689710400000,189029.7689884736,189029.7689884736,0,0.0,0.0,0.0,0.0
1689724800000,189029.7689884736,189029.7689884736,0,0.0,0.0,0.0,0.0
1689739200000,189029.7689884736,189029.7689884736,0,0.0,0.0,0.0,0.0
1689753600000,189029.7689884736,189029.7689884736,0,0.0,0.0,0.0,0.0
1689768000000,189029.7689884736,189029.7689884736,0,0.0,0.0,0.0,0.0
1689782400000,189029.7689884736,189029.7689884736,0,0.0,0.0,0.0,0.0
1689796800000,189029.7689884736,189029.7689884736,0,0.0,0.0,0.0,0.0
1689811200000,189029.7689884736,189029.7689884736,0,0.0,0.0,0.0,0.0
1689825600000,189029.7689884736,189029.7689884736,0,0.0,0.0,0.0,0.0
1689840000000,189029.7689884736,189029.7689884736,0,0.0,0.0,0.0,0.0
1689854400000,189029.7689884736,189029.7689884736,0,0.0,0.0,0.0,0.0
1689868800000,189029.7689884736,189029.7689884736,0,0.0,0.0,0.0,0.0
1689883200000,189029.7689884736,189029.7689884736,0,0.0,0.0,0.0,0.0
1689897600000,189029.7689884736,189029.7689884736,0,0.0,0.0,0.0,0.0
1689912000000,189029.7689884736,189029.7689884736,0,0.0,0.0,0.0,0.0
1689926400000,189029.7689884736,189029.7689884736,0,0.0,0.0,0.0,0.0
1689940800000,189029.7689884736,189029.7689884736,0,0.0,0.0,0.0,0.0
1689955200000,189029.7689884736,189029.7689884736,0,0.0,0.0,0.0,0.0
1689969600000,189029.7689884736,189029.7689884736,0,0.0,0.0,0.0,0.0
1689984000000,189029.7689884736,189029.7689884736,0,0.0,0.0,0.0,0.0
1689998400000,189029.7689884736,189029.7689884736,0,0.0,0.0,0.0,0.0
1690012800000,189029.7689884736,189029.7689884736,0,0.0,0.0,0.0,0.0
1690027200000,189029.7689884736,189029.7689884736,0,0.0,0.0,0.0,0.0
1690041600000,189029.7689884736,189029.7689884736,0,0.0,0.0,0.0,0.0
1690056000000,189029.7689884736,189029.7689884736,0,0.0,0.0,0.0,0.0
1690070400000,189029.7689884736,189029.7689884736,0,0.0,0.0,0.0,0.0
1690084800000,189029.7689884736,189029.7689884736,0,0.0,0.0,0.0,0.0
1690099200000,189029.7689884736,189029.7689884736,0,0.0,0.0,0.0,0.0
1690113600000,189029.7689884736,189029.7689884736,0,0.0,0.0,0.0,0.0
1690128000000,189029.7689884736,189029.7689884736,0,0.0,0.0,0.0,0.0
1690142400000,189029.7689884736,189029.7689884736,0,0.0,0.0,0.0,0.0
1690156800000,189029.7689884736,189029.7689884736,0,0.0,0.0,0.0,0.0
1690171200000,189029.7689884736,189029.7689884736,0,0.0,0.0,0.0,0.0
1690185600000,189029.7689884736,189029.7689884736,0,0.0,0.0,0.0,0.0
1690200000000,189029.7689884736,189029.7689884736,0,0.0,0.0,0.0,0.0
1690214400000,191542.8433452114,189029.7689884736,1,376582.9822408604,3780.5953797694724,3780.5953797694724,376582.9822408604
1690228800000,190097.5016588378,189029.7689884736,1,378028.323927234,3780.5953797694724,3780.5953797694724,378028.323927234
1690243200000,188493.3312157198,189029.7689884736,1,379632.494370352,3780.5953797694724,3780.5953797694724,379632.494370352
1690257600000,189065.1147399995,189029.7689884736,1,379060.7108460723,3780.5953797694724,3780.5953797694724,379060.7108460723
1690272000000,191177.53720469936,189029.7689884736,1,376948.28838137246,3780.5953797694724,3780.5953797694724,376948.28838137246
1690286400000,189908.52157676048,189063.1491658384,1,378250.6841866761,3780.5953797694724,3780.5953797694724,378250.6841866761
1690300800000,191083.85437666872,189063.1491658384,1,377075.3513867679,3780.5953797694724,3780.5953797694724,377075.3513867679
1690315200000,191226.80025773862,189063.1491658384,1,376932.405505698,3780.5953797694724,3780.5953797694724,376932.405505698
1690329600000,190369.1249713191,189063.1491658384,1,377790.0807921175,3780.5953797694724,3780.5953797694724,377790.0807921175
1690344000000,189384.38667950415,189063.1491658384,1,378774.81908393244,3780.5953797694724,3780.5953797694724,378774.81908393244
1690358400000,190543.8366037379,189063.1491658384,1,377615.3691596987,3780.5953797694724,3780.5953797694724,377615.3691596987
1690372800000,191672.23440134156,189063.86279055715,1,376487.6849868138,3780.5953797694724,3780.5953797694724,376487.6849868138
1690387200000,189718.640693386,189063.86279055715,1,378441.27869476937,3780.5953797694724,3780.5953797694724,378441.27869476937
1690401600000,187942.31993882722,187942.31993882722,0,0.0,0.0,0.0,0.0
1690416000000,187942.31993882722,187942.31993882722,0,0.0,0.0,0.0,0.0
1690430400000,187942.31993882722,187942.31993882722,0,0.0,0.0,0.0,0.0
1690444800000,187942.31993882722,187942.31993882722,0,0.0,0.0,0.0,0.0
1690459200000,187942.31993882722,187942.31993882722,0,0.0,0.0,0.0,0.0
1690473600000,187942.31993882722,187942.31993882722,0,0.0,0.0,0.0,0.0
1690488000000,187942.31993882722,187942.31993882722,0,0.0,0.0,0.0,0.0
1690502400000,187942.31993882722,187942.31993882722,0,0.0,0.0,0.0,0.0
1690516800000,187942.31993882722,187942.31993882722,0,0.0,0.0,0.0,0.0
1690531200000,187942.31993882722,187942.31993882722,0,0.0,0.0,0.0,0.0
1690545600000,187942.31993882722,187942.31993882722,0,0.0,0.0,0.0,0.0
1690560000000,187942.31993882722,187942.31993882722,0,0.0,0.0,0.0,0.0
1690574400000,187942.31993882722,187942.31993882722,0,0.0,0.0,0.0,0.0
1690588800000,187942.31993882722,187942.31993882722,0,0.0,0.0,0.0,0.0
1690603200000,187942.31993882722,187942.31993882722,0,0.0,0.0,0.0,0.0
1690617600000,187942.31993882722,187942.31993882722,0,0.0,0.0,0.0,0.0
1690632000000,187942.31993882722,187942.31993882722,0,0.0,0.0,0.0,0.0
1690646400000,187942.31993882722,187942.31993882722,0,0.0,0.0,0.0,0.0
1690660800000,187942.31993882722,187942.31993882722,0,0.0,0.0,0.0,0.0
1690675200000,187942.31993882722,187942.31993882722,0,0.0,0.0,0.0,0.0
1690689600000,187942.31993882722,187942.31993882722,0,0.0,0.0,0.0,0.0
1690704000000,187942.31993882722,187942.31993882722,0,0.0,0.0,0.0,0.0
1690718400000,187942.31993882722,187942.31993882722,0,0.0,0.0,0.0,0.0
1690732800000,187942.31993882722,187942.31993882722,0,0.0,0.0,0.0,0.0
1690747200000,187942.31993882722,187942.31993882722,0,0.0,0.0,0.0,0.0
1690761600000,187942.31993882722,187942.31993882722,0,0.0,0.0,0.0,0.0
1690776000000,187942.31993882722,187942.31993882722,0,0.0,0.0,0.0,0.0
1690790400000,187942.31993882722,187942.31993882722,0,0.0,0.0,0.0,0.0
1690804800000,187942.31993882722,187942.31993882722,0,0.0,0.0,0.0,0.0
1690819200000,187942.31993882722,187942.31993882722,0,0.0,0.0,0.0,0.0
1690833600000,190253.77624714936,187942.31993882722,1,283028.9610961587,3758.8463987765444,3758.8463987765444,283028.9610961587
1690848000000,189811.05927374697,187942.31993882722,1,283471.6780695611,3758.8463987765444,3758.8463987765444,283471.6780695611
1690862400000,195038.31085919784,191646.86198935463,1,139278.7598323972,1879.4231993882722,1879.4231993882722,139278.7598323972
1690876800000,191165.5653327857,191646.86198935463,3,947320.0794935313,7797.117606062842,7797.117606062842,947320.0794935313
1690891200000,192022.14487529284,193418.72017545722,2,805565.1494348863,5917.694406674569,5917.694406674569,805565.1494348863
1690905600000,189715.7313585472,193418.72017545722,2,807871.5629516318,5917.694406674569,5917.694406674569,807871.5629516318
1690920000000,188221.04099974193,188221.04099974193,0,0.0,0.0,0.0,0.0
1690934400000,188221.04099974193,188221.04099974193,0,0.0,0.0,0.0,0.0
1690948800000,188221.04099974193,188221.04099974193,0,0.0,0.0,0.0,0.0
1690963200000,188221.04099974193,188221.04099974193,0,0.0,0.0,0.0,0.0
1690977600000,188221.04099974193,188221.04099974193,0,0.0,0.0,0.0,0.0
1690992000000,188221.04099974193,188221.04099974193,0,0.0,0.0,0.0,0.0
1691006400000,188221.04099974193,188221.04099974193,0,0.0,0.0,0.0,0.0
1691020800000,188221.04099974193,188221.04099974193,0,0.0,0.0,0.0,0.0
1691035200000,188221.04099974193,188221.04099974193,0,0.0,0.0,0.0,0.0
1691049600000,188221.04099974193,188221.04099974193,0,0.0,0.0,0.0,0.0
1691064000000,188221.04099974193,188221.04099974193,0,0.0,0.0,0.0,0.0
1691078400000,188221.04099974193,188221.04099974193,0,0.0,0.0,0.0,0.0
1691092800000,188221.04099974193,188221.04099974193,0,0.0,0.0,0.0,0.0
1691107200000,188221.04099974193,188221.04099974193,0,0.0,0.0,0.0,0.0
1691121600000,188221.04099974193,188221.04099974193,0,0.0,0.0,0.0,0.0
1691136000000,188221.04099974193,188221.04099974193,0,0.0,0.0,0.0,0.0
1691150400000,188221.04099974193,188221.04099974193,0,0.0,0.0,0.0,0.0
1691164800000,188221.04099974193,188221.04099974193,0,0.0,0.0,0.0,0.0
1691179200000,188221.04099974193,188221.04099974193,0,0.0,0.0,0.0,0.0
1691193600000,188221.04099974193,188221.04099974193,0,0.0,0.0,0.0,0.0
1691208000000,188221.04099974193,188221.04099974193,0,0.0,0.0,0.0,0.0
1691222400000,188221.04099974193,188221.04099974193,0,0.0,0.0,0.0,0.0
1691236800000,188221.04099974193,188221.04099974193,0,0.0,0.0,0.0,0.0
1691251200000,188221.04099974193,188221.04099974193,0,0.0,0.0,0.0,0.0
1691265600000,188221.04099974193,188221.04099974193,0,0.0,0.0,0.0,0.0
1691280000000,188221.04099974193,188221.04099974193,0,0.0,0.0,0.0,0.0
1691294400000,188221.04099974193,188221.04099974193,0,0.0,0.0,0.0,0.0
1691308800000,188221.04099974193,188221.04099974193,0,0.0,0.0,0.0,0.0
1691323200000,188221.04099974193,188221.04099974193,0,0.0,0.0,0.0,0.0
1691337600000,188221.04099974193,188221.04099974193,0,0.0,0.0,0.0,0.0
1691352000000,188221.04099974193,188221.04099974193,0,0.0,0.0,0.0,0.0
1691366400000,188221.04099974193,188221.04099974193,0,0.0,0.0,0.0,0.0
1691380800000,188221.04099974193,188221.04099974193,0,0.0,0.0,0.0,0.0
1691395200000,188221.04099974193,188221.04099974193,0,0.0,0.0,0.0,0.0
1691409600000,188221.04099974193,188221.04099974193,0,0.0,0.0,0.0,0.0
1691424000000,188221.04099974193,188221.04099974193,0,0.0,0.0,0.0,0.0
1691438400000,182161.52354599748,182161.52354599748,0,0.0,0.0,0.0,0.0
1691452800000,180478.57324504215,182161.52354599748,1,250061.41717637324,3643.2304709199498,3643.2304709199498,250061.41717637324
1691467200000,180236.89082892615,182177.72502521635,1,250319.30107170815,3643.2304709199498,3643.2304709199498,250319.30107170815
1691481600000,178484.09021482719,178484.09021482719,0,0.0,0.0,0.0,0.0
1691496000000,178484.09021482719,178484.09021482719,0,0.0,0.0,0.0,0.0
1691510400000,178484.09021482719,178484.09021482719,0,0.0,0.0,0.0,0.0
1691524800000,178484.09021482719,178484.09021482719,0,0.0,0.0,0.0,0.0
1691539200000,178484.09021482719,178484.09021482719,0,0.0,0.0,0.0,0.0
1691553600000,178484.09021482719,178484.09021482719,0,0.0,0.0,0.0,0.0
1691568000000,179770.82087426615,178484.09021482719,1,124323.49053171976,3569.6818042965433,0.0,0.0
1691582400000,181248.34589750096,178483.2010969395,1,125801.90467284223,3569.6818042965433,0.0,0.0
1691596800000,179749.67950786994,178483.2010969395,1,124303.23828321122,3569.6818042965433,0.0,0.0
1691611200000,178450.69173646416,178475.29416795232,1,123012.15744079262,3569.6818042965433,0.0,0.0
1691625600000,178850.67364450757,178475.29416795232,1,123412.13934883603,3569.6818042965433,0.0,0.0
1691640000000,178124.44067064713,178462.95295401744,1,122698.24758891047,3569.6818042965433,0.0,0.0
1691654400000,178544.67482719905,178462.95295401744,1,123118.4817454624,3569.6818042965433,0.0,0.0
1691668800000,178932.34377071334,178450.63998948832,1,123518.46365350581,3569.6818042965433,0.0,0.0
1691683200000,179706.9922761645,178450.63998948832,1,124293.11215895697,3569.6818042965433,0.0,0.0
1691697600000,179876.83339287873,178438.2108696258,1,124475.38239553371,3569.6818042965433,0.0,0.0
1691712000000,180023.66219456555,178438.2108696258,1,124622.21119722053,3569.6818042965433,0.0,0.0
1691726400000,180351.57075239834,178431.9573270679,1,124956.37329761122,3569.6818042965433,0.0,0.0
1691740800000,179389.5889482433,178431.9573270679,1,123994.39149345618,3569.6818042965433,0.0,0.0
1691755200000,179574.64846388597,178419.5574197524,1,124191.85091641433,3569.6818042965433,0.0,0.0
1691769600000,179635.40520941155,178419.5574197524,1,124252.60766193991,3569.6818042965433,0.0,0.0
1691784000000,179157.17682662298,178407.13075265996,1,123786.8059462438,3569.6818042965433,0.0,0.0
1691798400000,179987.51901547256,178407.13075265996,1,124617.14813509339,3569.6818042965433,0.0,0.0
1691812800000,179225.72461214976,178394.66954415265,1,123867.8149402779,3569.6818042965433,0.0,0.0
1691827200000,179200.95104916173,179200.95104916173,0,0.0,0.0,0.0,0.0
1691841600000,179200.95104916173,179200.95104916173,0,0.0,0.0,0.0,0.0
1691856000000,179200.95104916173,179200.95104916173,0,0.0,0.0,0.0,0.0
1691870400000,179200.95104916173,179200.95104916173,0,0.0,0.0,0.0,0.0
1691884800000,179200.95104916173,179200.95104916173,0,0.0,0.0,0.0,0.0
1691899200000,179200.95104916173,179200.95104916173,0,0.0,0.0,0.0,0.0
1691913600000,179200.95104916173,179200.95104916173,0,0.0,0.0,0.0,0.0
1691928000000,179200.95104916173,179200.95104916173,0,0.0,0.0,0.0,0.0
1691942400000,179200.95104916173,179200.95104916173,0,0.0,0.0,0.0,0.0
1691956800000,179200.95104916173,179200.95104916173,0,0.0,0.0,0.0,0.0
1691971200000,179200.95104916173,179200.95104916173,0,0.0,0.0,0.0,0.0
1691985600000,176367.79105864602,179200.95104916173,2,897989.5541287604,5357.288478190056,5357.288478190056,897989.5541287604
1692000000000,174700.91503413764,175474.8499851505,1,189104.13297029265,1773.2694572068217,1773.2694572068217,189104.13297029265
1692014400000,175041.93979973838,175493.76039844754,1,188782.01861798894,1773.2694572068217,1773.2694572068217,188782.01861798894
1692028800000,173682.47024774546,173682.47024774546,0,0.0,0.0,0.0,0.0
1692043200000,173682.47024774546,173682.47024774546,0,0.0,0.0,0.0,0.0
1692057600000,173682.47024774546,173682.47024774546,0,0.0,0.0,0.0,0.0
1692072000000,173682.47024774546,173682.47024774546,0,0.0,0.0,0.0,0.0
1692086400000,173682.47024774546,173682.47024774546,0,0.0,0.0,0.0,0.0
1692100800000,173682.47024774546,173682.47024774546,0,0.0,0.0,0.0,0.0
1692115200000,172729.64303203652,173682.47024774546,1,654660.7637855446,3473.6494049549087,3473.6494049549087,654660.7637855446
1692129600000,177026.0727952674,177026.0727952674,0,0.0,0.0,0.0,0.0
1692144000000,176293.22000063356,177026.0727952674,2,885128.9211932663,5075.912642768371,5075.912642768371,885128.9211932663
1692158400000,175829.40156173983,177107.18012350818,2,885673.8469604007,5075.912642768371,5075.912642768371,885673.8469604007
1692172800000,176692.6748595485,177107.18012350818,2,884810.5736625921,5075.912642768371,5075.912642768371,884810.5736625921
1692187200000,177723.22896636033,177194.2690059901,2,883867.1084382621,5075.912642768371,5075.912642768371,883867.1084382621
1692201600000,179613.74959598857,177194.2690059901,2,881976.5878086339,5075.912642768371,5075.912642768371,881976.5878086339
1692216000000,179502.84138223226,177282.4690960836,2,882175.6961124837,5075.912642768371,5075.912642768371,882175.6961124837
1692230400000,188453.82678403333,182270.95731454063,2,436015.1647298235,2537.9563213841857,2537.9563213841857,436015.1647298235
1692244800000,189946.97618830742,182314.56089794138,2,434565.6189089501,2537.9563213841857,2537.9563213841857,434565.6189089501
1692259200000,189991.46450212353,184185.73840905493,1,300089.57331910933,1770.260727952674,1770.260727952674,300089.57331910933
1692273600000,190787.08994914065,184215.7489659069,1,299323.9584289442,1770.260727952674,1770.260727952674,299323.9584289442
1692288000000,197280.13349025344,184215.7489659069,1,292830.91488783143,1770.260727952674,1770.260727952674,292830.91488783143
1692302400000,197639.7845459073,184245.03195251693,1,292500.5468187876,1770.260727952674,1770.260727952674,292500.5468187876
1692316800000,211061.1184492542,184245.03195251693,1,279079.2129154407,1770.260727952674,1770.260727952674,279079.2129154407
1692331200000,211033.21093048772,211033.21093048772,0,0.0,0.0,0.0,0.0
1692345600000,211033.21093048772,211033.21093048772,0,0.0,0.0,0.0,0.0
1692360000000,211033.21093048772,211033.21093048772,0,0.0,0.0,0.0,0.0
1692374400000,211033.21093048772,211033.21093048772,0,0.0,0.0,0.0,0.0
1692388800000,211033.21093048772,211033.21093048772,0,0.0,0.0,0.0,0.0
1692403200000,211033.21093048772,211033.21093048772,0,0.0,0.0,0.0,0.0
1692417600000,211033.21093048772,211033.21093048772,0,0.0,0.0,0.0,0.0
1692432000000,211033.21093048772,211033.21093048772,0,0.0,0.0,0.0,0.0
1692446400000,211033.21093048772,211033.21093048772,0,0.0,0.0,0.0,0.0
1692460800000,211033.21093048772,211033.21093048772,0,0.0,0.0,0.0,0.0
1692475200000,211033.21093048772,211033.21093048772,0,0.0,0.0,0.0,0.0
1692489600000,211033.21093048772,211033.21093048772,0,0.0,0.0,0.0,0.0
1692504000000,211033.21093048772,211033.21093048772,0,0.0,0.0,0.0,0.0
1692518400000,211033.21093048772,211033.21093048772,0,0.0,0.0,0.0,0.0
1692532800000,211033.21093048772,211033.21093048772,0,0.0,0.0,0.0,0.0
1692547200000,211033.21093048772,211033.21093048772,0,0.0,0.0,0.0,0.0
1692561600000,211033.21093048772,211033.21093048772,0,0.0,0.0,0.0,0.0
1692576000000,211033.21093048772,211033.21093048772,0,0.0,0.0,0.0,0.0
1692590400000,211033.21093048772,211033.21093048772,0,0.0,0.0,0.0,0.0
1692604800000,211033.21093048772,211033.21093048772,0,0.0,0.0,0.0,0.0
1692619200000,211033.21093048772,211033.21093048772,0,0.0,0.0,0.0,0.0
1692633600000,211033.21093048772,211033.21093048772,0,0.0,0.0,0.0,0.0
1692648000000,211033.21093048772,211033.21093048772,0,0.0,0.0,0.0,0.0
1692662400000,211033.21093048772,211033.21093048772,0,0.0,0.0,0.0,0.0
1692676800000,211033.21093048772,211033.21093048772,0,0.0,0.0,0.0,0.0
1692691200000,211033.21093048772,211033.21093048772,0,0.0,0.0,0.0,0.0
1692705600000,211033.21093048772,211033.21093048772,0,0.0,0.0,0.0,0.0
1692720000000,211033.21093048772,211033.21093048772,0,0.0,0.0,0.0,0.0
1692734400000,211033.21093048772,211033.21093048772,0,0.0,0.0,0.0,0.0
1692748800000,211033.21093048772,211033.21093048772,0,0.0,0.0,0.0,0.0
1692763200000,211033.21093048772,211033.21093048772,0,0.0,0.0,0.0,0.0
1692777600000,211033.21093048772,211033.21093048772,0,0.0,0.0,0.0,0.0
1692792000000,211033.21093048772,211033.21093048772,0,0.0,0.0,0.0,0.0
1692806400000,211033.21093048772,211033.21093048772,0,0.0,0.0,0.0,0.0
1692820800000,211033.21093048772,211033.21093048772,0,0.0,0.0,0.0,0.0
1692835200000,211033.21093048772,211033.21093048772,0,0.0,0.0,0.0,0.0
1692849600000,211033.21093048772,211033.21093048772,0,0.0,0.0,0.0,0.0
1692864000000,211033.21093048772,211033.21093048772,0,0.0,0.0,0.0,0.0
1692878400000,211033.21093048772,211033.21093048772,0,0.0,0.0,0.0,0.0
1692892800000,211033.21093048772,211033.21093048772,0,0.0,0.0,0.0,0.0
1692907200000,211033.21093048772,211033.21093048772,0,0.0,0.0,0.0,0.0
1692921600000,211033.21093048772,211033.21093048772,0,0.0,0.0,0.0,0.0
1692936000000,211033.21093048772,211033.21093048772,0,0.0,0.0,0.0,0.0
1692950400000,211033.21093048772,211033.21093048772,0,0.0,0.0,0.0,0.0
1692964800000,211033.21093048772,211033.21093048772,0,0.0,0.0,0.0,0.0
1692979200000,211033.21093048772,211033.21093048772,0,0.0,0.0,0.0,0.0
1692993600000,211033.21093048772,211033.21093048772,0,0.0,0.0,0.0,0.0
1693008000000,211033.21093048772,211033.21093048772,0,0.0,0.0,0.0,0.0
1693022400000,211033.21093048772,211033.21093048772,0,0.0,0.0,0.0,0.0
1693036800000,211033.21093048772,211033.21093048772,0,0.0,0.0,0.0,0.0
1693051200000,211033.21093048772,211033.21093048772,0,0.0,0.0,0.0,0.0
1693065600000,211033.21093048772,211033.21093048772,0,0.0,0.0,0.0,0.0
1693080000000,211033.21093048772,211033.21093048772,0,0.0,0.0,0.0,0.0
1693094400000,211033.21093048772,211033.21093048772,0,0.0,0.0,0.0,0.0
1693108800000,211033.21093048772,211033.21093048772,0,0.0,0.0,0.0,0.0
1693123200000,211033.21093048772,211033.21093048772,0,0.0,0.0,0.0,0.0
1693137600000,211033.21093048772,211033.21093048772,0,0.0,0.0,0.0,0.0
1693152000000,211033.21093048772,211033.21093048772,0,0.0,0.0,0.0,0.0
1693166400000,211033.21093048772,211033.21093048772,0,0.0,0.0,0.0,0.0
1693180800000,211033.21093048772,211033.21093048772,0,0.0,0.0,0.0,0.0
1693195200000,211033.21093048772,211033.21093048772,0,0.0,0.0,0.0,0.0
1693209600000,211033.21093048772,211033.21093048772,0,0.0,0.0,0.0,0.0
1693224000000,211033.21093048772,211033.21093048772,0,0.0,0.0,0.0,0.0
1693238400000,211033.21093048772,211033.21093048772,0,0.0,0.0,0.0,0.0
1693252800000,211033.21093048772,211033.21093048772,0,0.0,0.0,0.0,0.0
1693267200000,211033.21093048772,211033.21093048772,0,0.0,0.0,0.0,0.0
1693281600000,211033.21093048772,211033.21093048772,0,0.0,0.0,0.0,0.0
1693296000000,211033.21093048772,211033.21093048772,0,0.0,0.0,0.0,0.0
1693310400000,211173.8482782615,211033.21093048772,1,293052.6001152059,4220.664218609754,4220.664218609754,293052.6001152059
1693324800000,206753.06393154166,206753.06393154166,0,0.0,0.0,0.0,0.0
1693339200000,206753.06393154166,206753.06393154166,0,0.0,0.0,0.0,0.0
1693353600000,206753.06393154166,206753.06393154166,0,0.0,0.0,0.0,0.0
1693368000000,206753.06393154166,206753.06393154166,0,0.0,0.0,0.0,0.0
1693382400000,206753.06393154166,206753.06393154166,0,0.0,0.0,0.0,0.0
1693396800000,206753.06393154166,206753.06393154166,0,0.0,0.0,0.0,0.0
1693411200000,206753.06393154166,206753.06393154166,0,0.0,0.0,0.0,0.0
1693425600000,206753.06393154166,206753.06393154166,0,0.0,0.0,0.0,0.0
1693440000000,206753.06393154166,206753.06393154166,0,0.0,0.0,0.0,0.0
1693454400000,206753.06393154166,206753.06393154166,0,0.0,0.0,0.0,0.0
1693468800000,206753.06393154166,206753.06393154166,0,0.0,0.0,0.0,0.0
1693483200000,206753.06393154166,206753.06393154166,0,0.0,0.0,0.0,0.0
1693497600000,206753.06393154166,206753.06393154166,0,0.0,0.0,0.0,0.0
1693512000000,206753.06393154166,206753.06393154166,0,0.0,0.0,0.0,0.0
1693526400000,206753.06393154166,206753.06393154166,0,0.0,0.0,0.0,0.0
1693540800000,206753.06393154166,206753.06393154166,0,0.0,0.0,0.0,0.0
1693555200000,206753.06393154166,206753.06393154166,0,0.0,0.0,0.0,0.0
1693569600000,206753.06393154166,206753.06393154166,0,0.0,0.0,0.0,0.0
1693584000000,206753.06393154166,206753.06393154166,0,0.0,0.0,0.0,0.0
1693598400000,206753.06393154166,206753.06393154166,0,0.0,0.0,0.0,0.0
1693612800000,206753.06393154166,206753.06393154166,0,0.0,0.0,0.0,0.0
1693627200000,206753.06393154166,206753.06393154166,0,0.0,0.0,0.0,0.0
1693641600000,206753.06393154166,206753.06393154166,0,0.0,0.0,0.0,0.0
1693656000000,206753.06393154166,206753.06393154166,0,0.0,0.0,0.0,0.0
1693670400000,206753.06393154166,206753.06393154166,0,0.0,0.0,0.0,0.0
1693684800000,206753.06393154166,206753.06393154166,0,0.0,0.0,0.0,0.0
1693699200000,206753.06393154166,206753.06393154166,0,0.0,0.0,0.0,0.0
1693713600000,206753.06393154166,206753.06393154166,0,0.0,0.0,0.0,0.0
1693728000000,206753.06393154166,206753.06393154166,0,0.0,0.0,0.0,0.0
1693742400000,206753.06393154166,206753.06393154166,0,0.0,0.0,0.0,0.0
1693756800000,206753.06393154166,206753.06393154166,0,0.0,0.0,0.0,0.0
1693771200000,206753.06393154166,206753.06393154166,0,0.0,0.0,0.0,0.0
1693785600000,206753.06393154166,206753.06393154166,0,0.0,0.0,0.0,0.0
1693800000000,206753.06393154166,206753.06393154166,0,0.0,0.0,0.0,0.0
1693814400000,206753.06393154166,206753.06393154166,0,0.0,0.0,0.0,0.0
1693828800000,206753.06393154166,206753.06393154166,0,0.0,0.0,0.0,0.0
1693843200000,206753.06393154166,206753.06393154166,0,0.0,0.0,0.0,0.0
1693857600000,206753.06393154166,206753.06393154166,0,0.0,0.0,0.0,0.0
1693872000000,206753.06393154166,206753.06393154166,0,0.0,0.0,0.0,0.0
1693886400000,206753.06393154166,206753.06393154166,0,0.0,0.0,0.0,0.0
1693900800000,204688.48408231672,206753.06393154166,1,301773.33031587873,4135.061278630833,4135.061278630833,301773.33031587873
1693915200000,202545.430329445,202545.430329445,0,0.0,0.0,0.0,0.0
1693929600000,202545.430329445,202545.430329445,0,0.0,0.0,0.0,0.0
1693944000000,202545.430329445,202545.430329445,0,0.0,0.0,0.0,0.0
1693958400000,202545.430329445,202545.430329445,0,0.0,0.0,0.0,0.0
1693972800000,202545.430329445,202545.430329445,0,0.0,0.0,0.0,0.0
1693987200000,202545.430329445,202545.430329445,0,0.0,0.0,0.0,0.0
1694001600000,202545.430329445,202545.430329445,0,0.0,0.0,0.0,0.0
1694016000000,202545.430329445,202545.430329445,0,0.0,0.0,0.0,0.0
1694030400000,202545.430329445,202545.430329445,0,0.0,0.0,0.0,0.0
1694044800000,202545.430329445,202545.430329445,0,0.0,0.0,0.0,0.0
1694059200000,202545.430329445,202545.430329445,0,0.0,0.0,0.0,0.0
1694073600000,202545.430329445,202545.430329445,0,0.0,0.0,0.0,0.0
1694088000000,202545.430329445,202545.430329445,0,0.0,0.0,0.0,0.0
1694102400000,202545.430329445,202545.430329445,0,0.0,0.0,0.0,0.0
1694116800000,202545.430329445,202545.430329445,0,0.0,0.0,0.0,0.0
1694131200000,202545.430329445,202545.430329445,0,0.0,0.0,0.0,0.0
1694145600000,202545.430329445,202545.430329445,0,0.0,0.0,0.0,0.0
1694160000000,202545.430329445,202545.430329445,0,0.0,0.0,0.0,0.0
1694174400000,202545.430329445,202545.430329445,0,0.0,0.0,0.0,0.0
1694188800000,201969.3644121436,202545.430329445,1,324524.37630977225,4050.9086065889,4050.9086065889,324524.37630977225
1694203200000,202821.02019807414,202502.3753496534,1,323629.6655440501,4050.9086065889,4050.9086065889,323629.6655440501
1694217600000,201542.86196132828,202502.3753496534,1,324907.82378079597,4050.9086065889,4050.9086065889,324907.82378079597
1694232000000,200986.608680271,202457.38536329445,1,325419.08707549435,4050.9086065889,4050.9086065889,325419.08707549435
1694246400000,200091.89791454884,202457.38536329445,1,326313.7978412165,4050.9086065889,4050.9086065889,326313.7978412165
1694260800000,200990.19184421195,202460.9685272354,1,325419.08707549435,4050.9086065889,4050.9086065889,325419.08707549435
1694275200000,201757.08678625946,202460.9685272354,1,324652.19213344686,4050.9086065889,4050.9086065889,324652.19213344686
1694289600000,202648.42940091708,202457.60037617097,1,323757.4813677248,4050.9086065889,4050.9086065889,323757.4813677248
1694304000000,203031.87687194085,202457.60037617097,1,323374.033896701,4050.9086065889,4050.9086065889,323374.033896701
1694318400000,206013.22903555675,202371.3727715968,1,320306.4541285109,4050.9086065889,4050.9086065889,320306.4541285109
1694332800000,208978.51980289526,206390.69672886777,1,159386.33212220797,2025.45430329445,2025.45430329445,159386.33212220797
1694347200000,212363.92726726783,208986.35563376776,2,381405.9651026918,6333.516729725871,6333.516729725871,381405.9651026918
1694361600000,217856.54766315862,213145.5883568988,3,443178.40290132014,6404.849578060941,6404.849578060941,443178.40290132014
1694376000000,218533.75872593842,215205.5588341705,4,605196.3124648196,7636.79633133843,7636.79633133843,605196.3124648196
1694390400000,214359.9844796389,212998.31320461407,2,254135.92256445915,3238.0912131980053,3238.0912131980053,254135.92256445915
1694404800000,214013.77747656888,212994.82796608316,2,254478.64432899829,3238.0912131980053,3238.0912131980053,254478.64432899829
1694419200000,212845.13256686908,212994.82796608316,2,255647.28923869808,3238.0912131980053,3238.0912131980053,255647.28923869808
1694433600000,229455.7632502066,219374.5325970829,3,327888.5311848297,4285.6164673477715,4285.6164673477715,327888.5311848297
1694448000000,227777.2618831075,225201.43047677266,1,79977.17635372854,1076.576163676837,1076.576163676837,79977.17635372854
1694462400000,228455.68224526223,225201.8528345989,1,79299.17834940007,1076.576163676837,1076.576163676837,79299.17834940007
1694476800000,227405.4500424789,225201.8528345989,1,80349.4105521834,1076.576163676837,1076.576163676837,80349.4105521834
1694491200000,226525.92990019172,226525.92990019172,0,0.0,0.0,0.0,0.0
1694505600000,226525.92990019172,226525.92990019172,0,0.0,0.0,0.0,0.0
1694520000000,226525.92990019172,226525.92990019172,0,0.0,0.0,0.0,0.0
1694534400000,226525.92990019172,226525.92990019172,0,0.0,0.0,0.0,0.0
1694548800000,226525.92990019172,226525.92990019172,0,0.0,0.0,0.0,0.0
1694563200000,226525.92990019172,226525.92990019172,0,0.0,0.0,0.0,0.0
1694577600000,226525.92990019172,226525.92990019172,0,0.0,0.0,0.0,0.0
1694592000000,226525.92990019172,226525.92990019172,0,0.0,0.0,0.0,0.0
1694606400000,226525.92990019172,226525.92990019172,0,0.0,0.0,0.0,0.0
1694620800000,226525.92990019172,226525.92990019172,0,0.0,0.0,0.0,0.0
1694635200000,226525.92990019172,226525.92990019172,0,0.0,0.0,0.0,0.0
1694649600000,226525.92990019172,226525.92990019172,0,0.0,0.0,0.0,0.0
1694664000000,226525.92990019172,226525.92990019172,0,0.0,0.0,0.0,0.0
1694678400000,226525.92990019172,226525.92990019172,0,0.0,0.0,0.0,0.0
1694692800000,226525.92990019172,226525.92990019172,0,0.0,0.0,0.0,0.0
1694707200000,226525.92990019172,226525.92990019172,0,0.0,0.0,0.0,0.0
1694721600000,226525.92990019172,226525.92990019172,0,0.0,0.0,0.0,0.0
1694736000000,226525.92990019172,226525.92990019172,0,0.0,0.0,0.0,0.0
1694750400000,226525.92990019172,226525.92990019172,0,0.0,0.0,0.0,0.0
1694764800000,226525.92990019172,226525.92990019172,0,0.0,0.0,0.0,0.0
1694779200000,226525.92990019172,226525.92990019172,0,0.0,0.0,0.0,0.0
1694793600000,226525.92990019172,226525.92990019172,0,0.0,0.0,0.0,0.0
1694808000000,226525.92990019172,226525.92990019172,0,0.0,0.0,0.0,0.0
1694822400000,226525.92990019172,226525.92990019172,0,0.0,0.0,0.0,0.0
1694836800000,226525.92990019172,226525.92990019172,0,0.0,0.0,0.0,0.0
1694851200000,226525.92990019172,226525.92990019172,0,0.0,0.0,0.0,0.0
1694865600000,226525.92990019172,226525.92990019172,0,0.0,0.0,0.0,0.0
1694880000000,226525.92990019172,226525.92990019172,0,0.0,0.0,0.0,0.0
1694894400000,226525.92990019172,226525.92990019172,0,0.0,0.0,0.0,0.0
1694908800000,226525.92990019172,226525.92990019172,0,0.0,0.0,0.0,0.0
1694923200000,226525.92990019172,226525.92990019172,0,0.0,0.0,0.0,0.0
1694937600000,226525.92990019172,226525.92990019172,0,0.0,0.0,0.0,0.0
1694952000000,226525.92990019172,226525.92990019172,0,0.0,0.0,0.0,0.0
1694966400000,226525.92990019172,226525.92990019172,0,0.0,0.0,0.0,0.0
1694980800000,226525.92990019172,226525.92990019172,0,0.0,0.0,0.0,0.0
1694995200000,226525.92990019172,226525.92990019172,0,0.0,0.0,0.0,0.0
1695009600000,226525.92990019172,226525.92990019172,0,0.0,0.0,0.0,0.0
1695024000000,226525.92990019172,226525.92990019172,0,0.0,0.0,0.0,0.0
1695038400000,226525.92990019172,226525.92990019172,0,0.0,0.0,0.0,0.0
1695052800000,226525.92990019172,226525.92990019172,0,0.0,0.0,0.0,0.0
1695067200000,226525.92990019172,226525.92990019172,0,0.0,0.0,0.0,0.0
1695081600000,226525.92990019172,226525.92990019172,0,0.0,0.0,0.0,0.0
1695096000000,226525.92990019172,226525.92990019172,0,0.0,0.0,0.0,0.0
1695110400000,226525.92990019172,226525.92990019172,0,0.0,0.0,0.0,0.0
1695124800000,226525.92990019172,226525.92990019172,0,0.0,0.0,0.0,0.0
1695139200000,226525.92990019172,226525.92990019172,0,0.0,0.0,0.0,0.0
1695153600000,226525.92990019172,226525.92990019172,0,0.0,0.0,0.0,0.0
1695168000000,226525.92990019172,226525.92990019172,0,0.0,0.0,0.0,0.0
1695182400000,226525.92990019172,226525.92990019172,0,0.0,0.0,0.0,0.0
1695196800000,226525.92990019172,226525.92990019172,0,0.0,0.0,0.0,0.0
1695211200000,226525.92990019172,226525.92990019172,0,0.0,0.0,0.0,0.0
1695225600000,226525.92990019172,226525.92990019172,0,0.0,0.0,0.0,0.0
1695240000000,226525.92990019172,226525.92990019172,0,0.0,0.0,0.0,0.0
1695254400000,226525.92990019172,226525.92990019172,0,0.0,0.0,0.0,0.0
1695268800000,226525.92990019172,226525.92990019172,0,0.0,0.0,0.0,0.0
1695283200000,226525.92990019172,226525.92990019172,0,0.0,0.0,0.0,0.0
1695297600000,226525.92990019172,226525.92990019172,0,0.0,0.0,0.0,0.0
1695312000000,226525.92990019172,226525.92990019172,0,0.0,0.0,0.0,0.0
1695326400000,226525.92990019172,226525.92990019172,0,0.0,0.0,0.0,0.0
1695340800000,226525.92990019172,226525.92990019172,0,0.0,0.0,0.0,0.0
1695355200000,226525.92990019172,226525.92990019172,0,0.0,0.0,0.0,0.0
1695369600000,226525.92990019172,226525.92990019172,0,0.0,0.0,0.0,0.0
1695384000000,226525.92990019172,226525.92990019172,0,0.0,0.0,0.0,0.0
1695398400000,226525.92990019172,226525.92990019172,0,0.0,0.0,0.0,0.0
1695412800000,226525.92990019172,226525.92990019172,0,0.0,0.0,0.0,0.0
1695427200000,226525.92990019172,226525.92990019172,0,0.0,0.0,0.0,0.0
1695441600000,226525.92990019172,226525.92990019172,0,0.0,0.0,0.0,0.0
1695456000000,226525.92990019172,226525.92990019172,0,0.0,0.0,0.0,0.0
1695470400000,226525.92990019172,226525.92990019172,0,0.0,0.0,0.0,0.0
1695484800000,226525.92990019172,226525.92990019172,0,0.0,0.0,0.0,0.0
1695499200000,226525.92990019172,226525.92990019172,0,0.0,0.0,0.0,0.0
1695513600000,226525.92990019172,226525.92990019172,0,0.0,0.0,0.0,0.0
1695528000000,226525.92990019172,226525.92990019172,0,0.0,0.0,0.0,0.0
1695542400000,226525.92990019172,226525.92990019172,0,0.0,0.0,0.0,0.0
1695556800000,226525.92990019172,226525.92990019172,0,0.0,0.0,0.0,0.0
1695571200000,226525.92990019172,226525.92990019172,0,0.0,0.0,0.0,0.0
1695585600000,226525.92990019172,226525.92990019172,0,0.0,0.0,0.0,0.0
1695600000000,226525.92990019172,226525.92990019172,0,0.0,0.0,0.0,0.0
1695614400000,226332.70783222144,226525.92990019172,1,356673.2755478534,4530.518598003835,4530.518598003835,356673.2755478534
1695628800000,222265.9606217248,223594.2899597676,1,548815.2355492373,4524.415205887952,4524.415205887952,548815.2355492373
1695643200000,227052.56484730332,223617.916455658,2,878442.0314436286,8891.44458897208,8891.44458897208,878442.0314436286
1695657600000,219097.00664053415,223617.916455658,2,886397.5896503978,8891.44458897208,8891.44458897208,886397.5896503978
1695672000000,214589.46561293904,214589.46561293904,0,0.0,0.0,0.0,0.0
1695686400000,214589.46561293904,214589.46561293904,0,0.0,0.0,0.0,0.0
1695700800000,214589.46561293904,214589.46561293904,0,0.0,0.0,0.0,0.0
1695715200000,214589.46561293904,214589.46561293904,0,0.0,0.0,0.0,0.0
1695729600000,214589.46561293904,214589.46561293904,0,0.0,0.0,0.0,0.0
1695744000000,214589.46561293904,214589.46561293904,0,0.0,0.0,0.0,0.0
1695758400000,213340.50655695557,214589.46561293904,1,320921.22729829414,4291.789312258781,4291.789312258781,320921.22729829414
1695772800000,216878.85168839095,214589.46561293904,1,317382.88216685876,4291.789312258781,4291.789312258781,317382.88216685876
1695787200000,216802.5499049963,214613.3056728869,1,317483.0240102013,4291.789312258781,4291.789312258781,317483.0240102013
1695801600000,218187.84540456766,214613.3056728869,1,316097.72851062997,4291.789312258781,4291.789312258781,316097.72851062997
1695816000000,211789.23477214444,211789.23477214444,0,0.0,0.0,0.0,0.0
1695830400000,211789.23477214444,211789.23477214444,0,0.0,0.0,0.0,0.0
1695844800000,211789.23477214444,211789.23477214444,0,0.0,0.0,0.0,0.0
1695859200000,211789.23477214444,211789.23477214444,0,0.0,0.0,0.0,0.0
1695873600000,211789.23477214444,211789.23477214444,0,0.0,0.0,0.0,0.0
1695888000000,211789.23477214444,211789.23477214444,0,0.0,0.0,0.0,0.0
1695902400000,211789.23477214444,211789.23477214444,0,0.0,0.0,0.0,0.0
1695916800000,211789.23477214444,211789.23477214444,0,0.0,0.0,0.0,0.0
1695931200000,211789.23477214444,211789.23477214444,0,0.0,0.0,0.0,0.0
1695945600000,211789.23477214444,211789.23477214444,0,0.0,0.0,0.0,0.0
1695960000000,211789.23477214444,211789.23477214444,0,0.0,0.0,0.0,0.0
1695974400000,211789.23477214444,211789.23477214444,0,0.0,0.0,0.0,0.0
1695988800000,211789.23477214444,211789.23477214444,0,0.0,0.0,0.0,0.0
1696003200000,211789.23477214444,211789.23477214444,0,0.0,0.0,0.0,0.0
1696017600000,211789.23477214444,211789.23477214444,0,0.0,0.0,0.0,0.0
1696032000000,211789.23477214444,211789.23477214444,0,0.0,0.0,0.0,0.0
1696046400000,211789.23477214444,211789.23477214444,0,0.0,0.0,0.0,0.0
1696060800000,211789.23477214444,211789.23477214444,0,0.0,0.0,0.0,0.0
1696075200000,211789.23477214444,211789.23477214444,0,0.0,0.0,0.0,0.0
1696089600000,211789.23477214444,211789.23477214444,0,0.0,0.0,0.0,0.0
1696104000000,211789.23477214444,211789.23477214444,0,0.0,0.0,0.0,0.0
1696118400000,211789.23477214444,211789.23477214444,0,0.0,0.0,0.0,0.0
1696132800000,211789.23477214444,211789.23477214444,0,0.0,0.0,0.0,0.0
1696147200000,211789.23477214444,211789.23477214444,0,0.0,0.0,0.0,0.0
1696161600000,211789.23477214444,211789.23477214444,0,0.0,0.0,0.0,0.0
1696176000000,211789.23477214444,211789.23477214444,0,0.0,0.0,0.0,0.0
1696190400000,211789.23477214444,211789.23477214444,0,0.0,0.0,0.0,0.0
1696204800000,211789.23477214444,211789.23477214444,0,0.0,0.0,0.0,0.0
1696219200000,211789.23477214444,211789.23477214444,0,0.0,0.0,0.0,0.0
1696233600000,211789.23477214444,211789.23477214444,0,0.0,0.0,0.0,0.0
1696248000000,211789.23477214444,211789.23477214444,0,0.0,0.0,0.0,0.0
1696262400000,211789.23477214444,211789.23477214444,0,0.0,0.0,0.0,0.0
1696276800000,211789.23477214444,211789.23477214444,0,0.0,0.0,0.0,0.0
1696291200000,211789.23477214444,211789.23477214444,0,0.0,0.0,0.0,0.0
1696305600000,211789.23477214444,211789.23477214444,0,0.0,0.0,0.0,0.0
1696320000000,211789.23477214444,211789.23477214444,0,0.0,0.0,0.0,0.0
1696334400000,211789.23477214444,211789.23477214444,0,0.0,0.0,0.0,0.0
1696348800000,211789.23477214444,211789.23477214444,0,0.0,0.0,0.0,0.0
1696363200000,211789.23477214444,211789.23477214444,0,0.0,0.0,0.0,0.0
1696377600000,211789.23477214444,211789.23477214444,0,0.0,0.0,0.0,0.0
1696392000000,211789.23477214444,211789.23477214444,0,0.0,0.0,0.0,0.0
1696406400000,211789.23477214444,211789.23477214444,0,0.0,0.0,0.0,0.0
1696420800000,211789.23477214444,211789.23477214444,0,0.0,0.0,0.0,0.0
1696435200000,211789.23477214444,211789.23477214444,0,0.0,0.0,0.0,0.0
1696449600000,211789.23477214444,211789.23477214444,0,0.0,0.0,0.0,0.0
1696464000000,211789.23477214444,211789.23477214444,0,0.0,0.0,0.0,0.0
1696478400000,211789.23477214444,211789.23477214444,0,0.0,0.0,0.0,0.0
1696492800000,211789.23477214444,211789.23477214444,0,0.0,0.0,0.0,0.0
1696507200000,211789.23477214444,211789.23477214444,0,0.0,0.0,0.0,0.0
1696521600000,211789.23477214444,211789.23477214444,0,0.0,0.0,0.0,0.0
1696536000000,211789.23477214444,211789.23477214444,0,0.0,0.0,0.0,0.0
1696550400000,211789.23477214444,211789.23477214444,0,0.0,0.0,0.0,0.0
1696564800000,211789.23477214444,211789.23477214444,0,0.0,0.0,0.0,0.0
1696579200000,211789.23477214444,211789.23477214444,0,0.0,0.0,0.0,0.0
1696593600000,211789.23477214444,211789.23477214444,0,0.0,0.0,0.0,0.0
1696608000000,211789.23477214444,211789.23477214444,0,0.0,0.0,0.0,0.0
1696622400000,211789.23477214444,211789.23477214444,0,0.0,0.0,0.0,0.0
1696636800000,211789.23477214444,211789.23477214444,0,0.0,0.0,0.0,0.0
1696651200000,211789.23477214444,211789.23477214444,0,0.0,0.0,0.0,0.0
1696665600000,211789.23477214444,211789.23477214444,0,0.0,0.0,0.0,0.0
1696680000000,211789.23477214444,211789.23477214444,0,0.0,0.0,0.0,0.0
1696694400000,211789.23477214444,211789.23477214444,0,0.0,0.0,0.0,0.0
1696708800000,211789.23477214444,211789.23477214444,0,0.0,0.0,0.0,0.0
1696723200000,211789.23477214444,211789.23477214444,0,0.0,0.0,0.0,0.0
1696737600000,211789.23477214444,211789.23477214444,0,0.0,0.0,0.0,0.0
1696752000000,211789.23477214444,211789.23477214444,0,0.0,0.0,0.0,0.0
1696766400000,211789.23477214444,211789.23477214444,0,0.0,0.0,0.0,0.0
1696780800000,211789.23477214444,211789.23477214444,0,0.0,0.0,0.0,0.0
1696795200000,211789.23477214444,211789.23477214444,0,0.0,0.0,0.0,0.0
1696809600000,211789.23477214444,211789.23477214444,0,0.0,0.0,0.0,0.0
1696824000000,211789.23477214444,211789.23477214444,0,0.0,0.0,0.0,0.0
1696838400000,211789.23477214444,211789.23477214444,0,0.0,0.0,0.0,0.0
1696852800000,217525.4045851459,213880.05313432842,1,133842.46858429373,1058.9461738607222,1058.9461738607222,133842.46858429373
1696867200000,218126.18966239347,217498.63609142904,2,453232.5685965796,4350.103879809457,4350.103879809457,453232.5685965796
1696881600000,221832.9554436179,221786.9767785938,2,284035.0204273786,3268.9809551190247,3268.9809551190247,284035.0204273786
1696896000000,221763.96593817818,221565.79654021046,1,216058.2620913464,2218.641135193994,2218.641135193994,216058.2620913464
1696910400000,220829.7393761547,221565.79654021046,1,216992.4886533699,2218.641135193994,2218.641135193994,216992.4886533699
1696924800000,219303.46039049156,219303.46039049156,0,0.0,0.0,0.0,0.0
1696939200000,219303.46039049156,219303.46039049156,0,0.0,0.0,0.0,0.0
1696953600000,219303.46039049156,219303.46039049156,0,0.0,0.0,0.0,0.0
1696968000000,219303.46039049156,219303.46039049156,0,0.0,0.0,0.0,0.0
1696982400000,219303.46039049156,219303.46039049156,0,0.0,0.0,0.0,0.0
1696996800000,219303.46039049156,219303.46039049156,0,0.0,0.0,0.0,0.0
1697011200000,219303.46039049156,219303.46039049156,0,0.0,0.0,0.0,0.0
1697025600000,219303.46039049156,219303.46039049156,0,0.0,0.0,0.0,0.0
1697040000000,219303.46039049156,219303.46039049156,0,0.0,0.0,0.0,0.0
1697054400000,219303.46039049156,219303.46039049156,0,0.0,0.0,0.0,0.0
1697068800000,219303.46039049156,219303.46039049156,0,0.0,0.0,0.0,0.0
1697083200000,219303.46039049156,219303.46039049156,0,0.0,0.0,0.0,0.0
1697097600000,219303.46039049156,219303.46039049156,0,0.0,0.0,0.0,0.0
1697112000000,219303.46039049156,219303.46039049156,0,0.0,0.0,0.0,0.0
1697126400000,219303.46039049156,219303.46039049156,0,0.0,0.0,0.0,0.0
1697140800000,219303.46039049156,219303.46039049156,0,0.0,0.0,0.0,0.0
1697155200000,219303.46039049156,219303.46039049156,0,0.0,0.0,0.0,0.0
1697169600000,219303.46039049156,219303.46039049156,0,0.0,0.0,0.0,0.0
1697184000000,219303.46039049156,219303.46039049156,0,0.0,0.0,0.0,0.0
1697198400000,219303.46039049156,219303.46039049156,0,0.0,0.0,0.0,0.0
1697212800000,219303.46039049156,219303.46039049156,0,0.0,0.0,0.0,0.0
1697227200000,219303.46039049156,219303.46039049156,0,0.0,0.0,0.0,0.0
1697241600000,219303.46039049156,219303.46039049156,0,0.0,0.0,0.0,0.0
1697256000000,219303.46039049156,219303.46039049156,0,0.0,0.0,0.0,0.0
1697270400000,219303.46039049156,219303.46039049156,0,0.0,0.0,0.0,0.0
1697284800000,219303.46039049156,219303.46039049156,0,0.0,0.0,0.0,0.0
1697299200000,219303.46039049156,219303.46039049156,0,0.0,0.0,0.0,0.0
1697313600000,219303.46039049156,219303.46039049156,0,0.0,0.0,0.0,0.0
1697328000000,219303.46039049156,219303.46039049156,0,0.0,0.0,0.0,0.0
1697342400000,219303.46039049156,219303.46039049156,0,0.0,0.0,0.0,0.0
1697356800000,219303.46039049156,219303.46039049156,0,0.0,0.0,0.0,0.0
1697371200000,219303.46039049156,219303.46039049156,0,0.0,0.0,0.0,0.0
1697385600000,219303.46039049156,219303.46039049156,0,0.0,0.0,0.0,0.0
1697400000000,219303.46039049156,219303.46039049156,0,0.0,0.0,0.0,0.0
1697414400000,219303.46039049156,219303.46039049156,0,0.0,0.0,0.0,0.0
1697428800000,219303.46039049156,219303.46039049156,0,0.0,0.0,0.0,0.0
1697443200000,219303.46039049156,219303.46039049156,0,0.0,0.0,0.0,0.0
1697457600000,219303.46039049156,219303.46039049156,0,0.0,0.0,0.0,0.0
1697472000000,219303.46039049156,219303.46039049156,0,0.0,0.0,0.0,0.0
1697486400000,219303.46039049156,219303.46039049156,0,0.0,0.0,0.0,0.0
1697500800000,219303.46039049156,219303.46039049156,0,0.0,0.0,0.0,0.0
1697515200000,219303.46039049156,219303.46039049156,0,0.0,0.0,0.0,0.0
1697529600000,219303.46039049156,219303.46039049156,0,0.0,0.0,0.0,0.0
1697544000000,219303.46039049156,219303.46039049156,0,0.0,0.0,0.0,0.0
1697558400000,219303.46039049156,219303.46039049156,0,0.0,0.0,0.0,0.0
1697572800000,219303.46039049156,219303.46039049156,0,0.0,0.0,0.0,0.0
1697587200000,219303.46039049156,219303.46039049156,0,0.0,0.0,0.0,0.0
1697601600000,219303.46039049156,219303.46039049156,0,0.0,0.0,0.0,0.0
1697616000000,219303.46039049156,219303.46039049156,0,0.0,0.0,0.0,0.0
1697630400000,219303.46039049156,219303.46039049156,0,0.0,0.0,0.0,0.0
1697644800000,219303.46039049156,219303.46039049156,0,0.0,0.0,0.0,0.0
1697659200000,219303.46039049156,219303.46039049156,0,0.0,0.0,0.0,0.0
1697673600000,219303.46039049156,219303.46039049156,0,0.0,0.0,0.0,0.0
1697688000000,219303.46039049156,219303.46039049156,0,0.0,0.0,0.0,0.0
1697702400000,219303.46039049156,219303.46039049156,0,0.0,0.0,0.0,0.0
1697716800000,218312.4790939507,219303.46039049156,1,184039.60178370742,2193.0346039049155,2193.0346039049155,184039.60178370742
1697731200000,217073.37745556844,217073.37745556844,0,0.0,0.0,0.0,0.0
1697745600000,217073.37745556844,217073.37745556844,0,0.0,0.0,0.0,0.0
1697760000000,217073.37745556844,217073.37745556844,0,0.0,0.0,0.0,0.0
1697774400000,217073.37745556844,217073.37745556844,0,0.0,0.0,0.0,0.0
1697788800000,217073.37745556844,217073.37745556844,0,0.0,0.0,0.0,0.0
1697803200000,217073.37745556844,217073.37745556844,0,0.0,0.0,0.0,0.0
1697817600000,217073.37745556844,217073.37745556844,0,0.0,0.0,0.0,0.0
1697832000000,217073.37745556844,217073.37745556844,0,0.0,0.0,0.0,0.0
1697846400000,217073.37745556844,217073.37745556844,0,0.0,0.0,0.0,0.0
1697860800000,217073.37745556844,217073.37745556844,0,0.0,0.0,0.0,0.0
1697875200000,217073.37745556844,217073.37745556844,0,0.0,0.0,0.0,0.0
1697889600000,217073.37745556844,217073.37745556844,0,0.0,0.0,0.0,0.0
1697904000000,217073.37745556844,217073.37745556844,0,0.0,0.0,0.0,0.0
1697918400000,217073.37745556844,217073.37745556844,0,0.0,0.0,0.0,0.0
1697932800000,217073.37745556844,217073.37745556844,0,0.0,0.0,0.0,0.0
1697947200000,217073.37745556844,217073.37745556844,0,0.0,0.0,0.0,0.0
1697961600000,217073.37745556844,217073.37745556844,0,0.0,0.0,0.0,0.0
1697976000000,217073.37745556844,217073.37745556844,0,0.0,0.0,0.0,0.0
1697990400000,217073.37745556844,217073.37745556844,0,0.0,0.0,0.0,0.0
1698004800000,217073.37745556844,217073.37745556844,0,0.0,0.0,0.0,0.0
1698019200000,217073.37745556844,217073.37745556844,0,0.0,0.0,0.0,0.0
1698033600000,217073.37745556844,217073.37745556844,0,0.0,0.0,0.0,0.0
1698048000000,217073.37745556844,217073.37745556844,0,0.0,0.0,0.0,0.0
1698062400000,217073.37745556844,217073.37745556844,0,0.0,0.0,0.0,0.0
1698076800000,217073.37745556844,217073.37745556844,0,0.0,0.0,0.0,0.0
1698091200000,217073.37745556844,217073.37745556844,0,0.0,0.0,0.0,0.0
1698105600000,217073.37745556844,217073.37745556844,0,0.0,0.0,0.0,0.0
1698120000000,217073.37745556844,217073.37745556844,0,0.0,0.0,0.0,0.0
1698134400000,217073.37745556844,217073.37745556844,0,0.0,0.0,0.0,0.0
1698148800000,217073.37745556844,217073.37745556844,0,0.0,0.0,0.0,0.0
1698163200000,217073.37745556844,217073.37745556844,0,0.0,0.0,0.0,0.0
1698177600000,217073.37745556844,217073.37745556844,0,0.0,0.0,0.0,0.0
1698192000000,217073.37745556844,217073.37745556844,0,0.0,0.0,0.0,0.0
1698206400000,217073.37745556844,217073.37745556844,0,0.0,0.0,0.0,0.0
1698220800000,217073.37745556844,217073.37745556844,0,0.0,0.0,0.0,0.0
1698235200000,217073.37745556844,217073.37745556844,0,0.0,0.0,0.0,0.0
1698249600000,217073.37745556844,217073.37745556844,0,0.0,0.0,0.0,0.0
1698264000000,217073.37745556844,217073.37745556844,0,0.0,0.0,0.0,0.0
1698278400000,217073.37745556844,217073.37745556844,0,0.0,0.0,0.0,0.0
1698292800000,217073.37745556844,217073.37745556844,0,0.0,0.0,0.0,0.0
1698307200000,217073.37745556844,217073.37745556844,0,0.0,0.0,0.0,0.0
1698321600000,217073.37745556844,217073.37745556844,0,0.0,0.0,0.0,0.0
1698336000000,217073.37745556844,217073.37745556844,0,0.0,0.0,0.0,0.0
1698350400000,217073.37745556844,217073.37745556844,0,0.0,0.0,0.0,0.0
1698364800000,217073.37745556844,217073.37745556844,0,0.0,0.0,0.0,0.0
1698379200000,217073.37745556844,217073.37745556844,0,0.0,0.0,0.0,0.0
1698393600000,217073.37745556844,217073.37745556844,0,0.0,0.0,0.0,0.0
1698408000000,217073.37745556844,217073.37745556844,0,0.0,0.0,0.0,0.0
1698422400000,217073.37745556844,217073.37745556844,0,0.0,0.0,0.0,0.0
1698436800000,217073.37745556844,217073.37745556844,0,0.0,0.0,0.0,0.0
1698451200000,217073.37745556844,217073.37745556844,0,0.0,0.0,0.0,0.0
1698465600000,217073.37745556844,217073.37745556844,0,0.0,0.0,0.0,0.0
1698480000000,217073.37745556844,217073.37745556844,0,0.0,0.0,0.0,0.0
1698494400000,217073.37745556844,217073.37745556844,0,0.0,0.0,0.0,0.0
1698508800000,217073.37745556844,217073.37745556844,0,0.0,0.0,0.0,0.0
1698523200000,217073.37745556844,217073.37745556844,0,0.0,0.0,0.0,0.0
1698537600000,217073.37745556844,217073.37745556844,0,0.0,0.0,0.0,0.0
1698552000000,217073.37745556844,217073.37745556844,0,0.0,0.0,0.0,0.0
1698566400000,217073.37745556844,217073.37745556844,0,0.0,0.0,0.0,0.0
1698580800000,217073.37745556844,217073.37745556844,0,0.0,0.0,0.0,0.0
1698595200000,217073.37745556844,217073.37745556844,0,0.0,0.0,0.0,0.0
1698609600000,217073.37745556844,217073.37745556844,0,0.0,0.0,0.0,0.0
1698624000000,217073.37745556844,217073.37745556844,0,0.0,0.0,0.0,0.0
1698638400000,217073.37745556844,217073.37745556844,0,0.0,0.0,0.0,0.0
1698652800000,217073.37745556844,217073.37745556844,0,0.0,0.0,0.0,0.0
1698667200000,217073.37745556844,217073.37745556844,0,0.0,0.0,0.0,0.0
1698681600000,217073.37745556844,217073.37745556844,0,0.0,0.0,0.0,0.0
1698696000000,217073.37745556844,217073.37745556844,0,0.0,0.0,0.0,0.0
1698710400000,217073.37745556844,217073.37745556844,0,0.0,0.0,0.0,0.0
1698724800000,217073.37745556844,217073.37745556844,0,0.0,0.0,0.0,0.0
1698739200000,217073.37745556844,217073.37745556844,0,0.0,0.0,0.0,0.0
1698753600000,217073.37745556844,217073.37745556844,0,0.0,0.0,0.0,0.0
1698768000000,217073.37745556844,217073.37745556844,0,0.0,0.0,0.0,0.0
1698782400000,217073.37745556844,217073.37745556844,0,0.0,0.0,0.0,0.0
1698796800000,217073.37745556844,217073.37745556844,0,0.0,0.0,0.0,0.0
1698811200000,217073.37745556844,217073.37745556844,0,0.0,0.0,0.0,0.0
1698825600000,217073.37745556844,217073.37745556844,0,0.0,0.0,0.0,0.0
1698840000000,217073.37745556844,217073.37745556844,0,0.0,0.0,0.0,0.0
1698854400000,217073.37745556844,217073.37745556844,0,0.0,0.0,0.0,0.0
1698868800000,217073.37745556844,217073.37745556844,0,0.0,0.0,0.0,0.0
1698883200000,217073.37745556844,217073.37745556844,0,0.0,0.0,0.0,0.0
1698897600000,217073.37745556844,217073.37745556844,0,0.0,0.0,0.0,0.0
1698912000000,217073.37745556844,217073.37745556844,0,0.0,0.0,0.0,0.0
1698926400000,217073.37745556844,217073.37745556844,0,0.0,0.0,0.0,0.0
1698940800000,212690.76025608403,212690.76025608403,0,0.0,0.0,0.0,0.0
1698955200000,212690.76025608403,212690.76025608403,0,0.0,0.0,0.0,0.0
1698969600000,212690.76025608403,212690.76025608403,0,0.0,0.0,0.0,0.0
1698984000000,212690.76025608403,212690.76025608403,0,0.0,0.0,0.0,0.0
1698998400000,212690.76025608403,212690.76025608403,0,0.0,0.0,0.0,0.0
1699012800000,212690.76025608403,212690.76025608403,0,0.0,0.0,0.0,0.0
1699027200000,212690.76025608403,212690.76025608403,0,0.0,0.0,0.0,0.0
1699041600000,212690.76025608403,212690.76025608403,0,0.0,0.0,0.0,0.0
1699056000000,212690.76025608403,212690.76025608403,0,0.0,0.0,0.0,0.0
1699070400000,212690.76025608403,212690.76025608403,0,0.0,0.0,0.0,0.0
1699084800000,212690.76025608403,212690.76025608403,0,0.0,0.0,0.0,0.0
1699099200000,212690.76025608403,212690.76025608403,0,0.0,0.0,0.0,0.0
1699113600000,212690.76025608403,212690.76025608403,0,0.0,0.0,0.0,0.0
1699128000000,212690.76025608403,212690.76025608403,0,0.0,0.0,0.0,0.0
1699142400000,212690.76025608403,212690.76025608403,0,0.0,0.0,0.0,0.0
1699156800000,212690.76025608403,212690.76025608403,0,0.0,0.0,0.0,0.0
1699171200000,212690.76025608403,212690.76025608403,0,0.0,0.0,0.0,0.0
1699185600000,212690.76025608403,212690.76025608403,0,0.0,0.0,0.0,0.0
1699200000000,212690.76025608403,212690.76025608403,0,0.0,0.0,0.0,0.0
1699214400000,212690.76025608403,212690.76025608403,0,0.0,0.0,0.0,0.0
1699228800000,212690.76025608403,212690.76025608403,0,0.0,0.0,0.0,0.0
1699243200000,212690.76025608403,212690.76025608403,0,0.0,0.0,0.0,0.0
1699257600000,212690.76025608403,212690.76025608403,0,0.0,0.0,0.0,0.0
1699272000000,212690.76025608403,212690.76025608403,0,0.0,0.0,0.0,0.0
1699286400000,212690.76025608403,212690.76025608403,0,0.0,0.0,0.0,0.0
1699300800000,212690.76025608403,212690.76025608403,0,0.0,0.0,0.0,0.0
1699315200000,212690.76025608403,212690.76025608403,0,0.0,0.0,0.0,0.0
1699329600000,212690.76025608403,212690.76025608403,0,0.0,0.0,0.0,0.0
1699344000000,212690.76025608403,212690.76025608403,0,0.0,0.0,0.0,0.0
1699358400000,212690.76025608403,212690.76025608403,0,0.0,0.0,0.0,0.0
1699372800000,212690.76025608403,212690.76025608403,0,0.0,0.0,0.0,0.0
1699387200000,212690.76025608403,212690.76025608403,0,0.0,0.0,0.0,0.0
1699401600000,212690.76025608403,212690.76025608403,0,0.0,0.0,0.0,0.0
1699416000000,212690.76025608403,212690.76025608403,0,0.0,0.0,0.0,0.0
1699430400000,212690.76025608403,212690.76025608403,0,0.0,0.0,0.0,0.0
1699444800000,212690.76025608403,212690.76025608403,0,0.0,0.0,0.0,0.0
1699459200000,212690.76025608403,212690.76025608403,0,0.0,0.0,0.0,0.0
1699473600000,212690.76025608403,212690.76025608403,0,0.0,0.0,0.0,0.0
1699488000000,212690.76025608403,212690.76025608403,0,0.0,0.0,0.0,0.0
1699502400000,212690.76025608403,212690.76025608403,0,0.0,0.0,0.0,0.0
1699516800000,213180.74950279,212690.76025608403,1,203958.8351596654,4253.81520512168,0.0,0.0
1699531200000,214646.35410213293,212670.36359134322,1,205444.83642374916,4253.81520512168,0.0,0.0
1699545600000,216457.67971355456,212670.36359134322,1,207256.1620351708,4253.81520512168,0.0,0.0
1699560000000,208335.2076418398,208335.2076418398,0,0.0,0.0,0.0,0.0
1699574400000,208335.2076418398,208335.2076418398,0,0.0,0.0,0.0,0.0
1699588800000,208335.2076418398,208335.2076418398,0,0.0,0.0,0.0,0.0
1699603200000,208335.2076418398,208335.2076418398,0,0.0,0.0,0.0,0.0
1699617600000,208335.2076418398,208335.2076418398,0,0.0,0.0,0.0,0.0
1699632000000,208335.2076418398,208335.2076418398,0,0.0,0.0,0.0,0.0
1699646400000,208335.2076418398,208335.2076418398,0,0.0,0.0,0.0,0.0
1699660800000,208335.2076418398,208335.2076418398,0,0.0,0.0,0.0,0.0
1699675200000,208335.2076418398,208335.2076418398,0,0.0,0.0,0.0,0.0
1699689600000,208335.2076418398,208335.2076418398,0,0.0,0.0,0.0,0.0
1699704000000,208335.2076418398,208335.2076418398,0,0.0,0.0,0.0,0.0
1699718400000,208335.2076418398,208335.2076418398,0,0.0,0.0,0.0,0.0
1699732800000,208335.2076418398,208335.2076418398,0,0.0,0.0,0.0,0.0
1699747200000,208335.2076418398,208335.2076418398,0,0.0,0.0,0.0,0.0
1699761600000,208335.2076418398,208335.2076418398,0,0.0,0.0,0.0,0.0
1699776000000,208335.2076418398,208335.2076418398,0,0.0,0.0,0.0,0.0
1699790400000,208335.2076418398,208335.2076418398,0,0.0,0.0,0.0,0.0
1699804800000,208335.2076418398,208335.2076418398,0,0.0,0.0,0.0,0.0
1699819200000,208335.2076418398,208335.2076418398,0,0.0,0.0,0.0,0.0
1699833600000,208335.2076418398,208335.2076418398,0,0.0,0.0,0.0,0.0
1699848000000,208335.2076418398,208335.2076418398,0,0.0,0.0,0.0,0.0
1699862400000,208335.2076418398,208335.2076418398,0,0.0,0.0,0.0,0.0
1699876800000,208335.2076418398,208335.2076418398,0,0.0,0.0,0.0,0.0
1699891200000,208335.2076418398,208335.2076418398,0,0.0,0.0,0.0,0.0
1699905600000,208335.2076418398,208335.2076418398,0,0.0,0.0,0.0,0.0
1699920000000,208335.2076418398,208335.2076418398,0,0.0,0.0,0.0,0.0
1699934400000,208335.2076418398,208335.2076418398,0,0.0,0.0,0.0,0.0
1699948800000,208335.2076418398,208335.2076418398,0,0.0,0.0,0.0,0.0
1699963200000,208335.2076418398,208335.2076418398,0,0.0,0.0,0.0,0.0
1699977600000,208335.2076418398,208335.2076418398,0,0.0,0.0,0.0,0.0
1699992000000,208335.2076418398,208335.2076418398,0,0.0,0.0,0.0,0.0
1700006400000,208335.2076418398,208335.2076418398,0,0.0,0.0,0.0,0.0
1700020800000,208335.2076418398,208335.2076418398,0,0.0,0.0,0.0,0.0
1700035200000,208335.2076418398,208335.2076418398,0,0.0,0.0,0.0,0.0
1700049600000,208335.2076418398,208335.2076418398,0,0.0,0.0,0.0,0.0
1700064000000,208335.2076418398,208335.2076418398,0,0.0,0.0,0.0,0.0
1700078400000,208335.2076418398,208335.2076418398,0,0.0,0.0,0.0,0.0
1700092800000,208335.2076418398,208335.2076418398,0,0.0,0.0,0.0,0.0
1700107200000,208335.2076418398,208335.2076418398,0,0.0,0.0,0.0,0.0
1700121600000,208335.2076418398,208335.2076418398,0,0.0,0.0,0.0,0.0
1700136000000,208335.2076418398,208335.2076418398,0,0.0,0.0,0.0,0.0
1700150400000,208335.2076418398,208335.2076418398,0,0.0,0.0,0.0,0.0
1700164800000,208335.2076418398,208335.2076418398,0,0.0,0.0,0.0,0.0
1700179200000,208335.2076418398,208335.2076418398,0,0.0,0.0,0.0,0.0
1700193600000,208335.2076418398,208335.2076418398,0,0.0,0.0,0.0,0.0
1700208000000,208335.2076418398,208335.2076418398,0,0.0,0.0,0.0,0.0
1700222400000,208335.2076418398,208335.2076418398,0,0.0,0.0,0.0,0.0
1700236800000,208335.2076418398,208335.2076418398,0,0.0,0.0,0.0,0.0
1700251200000,208335.2076418398,208335.2076418398,0,0.0,0.0,0.0,0.0
1700265600000,208335.2076418398,208335.2076418398,0,0.0,0.0,0.0,0.0
1700280000000,208335.2076418398,208335.2076418398,0,0.0,0.0,0.0,0.0
1700294400000,208335.2076418398,208335.2076418398,0,0.0,0.0,0.0,0.0
1700308800000,208335.2076418398,208335.2076418398,0,0.0,0.0,0.0,0.0
1700323200000,208335.2076418398,208335.2076418398,0,0.0,0.0,0.0,0.0
1700337600000,208335.2076418398,208335.2076418398,0,0.0,0.0,0.0,0.0
1700352000000,208335.2076418398,208335.2076418398,0,0.0,0.0,0.0,0.0
1700366400000,208335.2076418398,208335.2076418398,0,0.0,0.0,0.0,0.0
1700380800000,208335.2076418398,208335.2076418398,0,0.0,0.0,0.0,0.0
1700395200000,208335.2076418398,208335.2076418398,0,0.0,0.0,0.0,0.0
1700409600000,208335.2076418398,208335.2076418398,0,0.0,0.0,0.0,0.0
1700424000000,208335.2076418398,208335.2076418398,0,0.0,0.0,0.0,0.0
1700438400000,208335.2076418398,208335.2076418398,0,0.0,0.0,0.0,0.0
1700452800000,208335.2076418398,208335.2076418398,0,0.0,0.0,0.0,0.0
1700467200000,208335.2076418398,208335.2076418398,0,0.0,0.0,0.0,0.0
1700481600000,208335.2076418398,208335.2076418398,0,0.0,0.0,0.0,0.0
1700496000000,208335.2076418398,208335.2076418398,0,0.0,0.0,0.0,0.0
1700510400000,208335.2076418398,208335.2076418398,0,0.0,0.0,0.0,0.0
1700524800000,208335.2076418398,208335.2076418398,0,0.0,0.0,0.0,0.0
1700539200000,208335.2076418398,208335.2076418398,0,0.0,0.0,0.0,0.0
1700553600000,208335.2076418398,208335.2076418398,0,0.0,0.0,0.0,0.0
1700568000000,208335.2076418398,208335.2076418398,0,0.0,0.0,0.0,0.0
1700582400000,208335.2076418398,208335.2076418398,0,0.0,0.0,0.0,0.0
1700596800000,208335.2076418398,208335.2076418398,0,0.0,0.0,0.0,0.0
1700611200000,208335.2076418398,208335.2076418398,0,0.0,0.0,0.0,0.0
1700625600000,206931.97118262885,208335.2076418398,1,78474.21766729154,2083.352076418398,2083.352076418398,78474.21766729154
1700640000000,206917.70054839223,208335.2076418398,1,78488.48830152818,2083.352076418398,2083.352076418398,78488.48830152818
1700654400000,207504.18969550732,208318.7624924568,1,77885.55400503008,2083.352076418398,2083.352076418398,77885.55400503008
1700668800000,207307.9684747535,208318.7624924568,1,78081.7752257839,2083.352076418398,2083.352076418398,78081.7752257839
1700683200000,206201.08585266196,206201.08585266196,0,0.0,0.0,0.0,0.0
1700697600000,206201.08585266196,206201.08585266196,0,0.0,0.0,0.0,0.0
1700712000000,206201.08585266196,206201.08585266196,0,0.0,0.0,0.0,0.0
1700726400000,206201.08585266196,206201.08585266196,0,0.0,0.0,0.0,0.0
1700740800000,206201.08585266196,206201.08585266196,0,0.0,0.0,0.0,0.0
1700755200000,206201.08585266196,206201.08585266196,0,0.0,0.0,0.0,0.0
1700769600000,206201.08585266196,206201.08585266196,0,0.0,0.0,0.0,0.0
1700784000000,206201.08585266196,206201.08585266196,0,0.0,0.0,0.0,0.0
1700798400000,206201.08585266196,206201.08585266196,0,0.0,0.0,0.0,0.0
1700812800000,206201.08585266196,206201.08585266196,0,0.0,0.0,0.0,0.0
1700827200000,206201.08585266196,206201.08585266196,0,0.0,0.0,0.0,0.0
1700841600000,206201.08585266196,206201.08585266196,0,0.0,0.0,0.0,0.0
1700856000000,206201.08585266196,206201.08585266196,0,0.0,0.0,0.0,0.0
1700870400000,206201.08585266196,206201.08585266196,0,0.0,0.0,0.0,0.0
1700884800000,206201.08585266196,206201.08585266196,0,0.0,0.0,0.0,0.0
1700899200000,206201.08585266196,206201.08585266196,0,0.0,0.0,0.0,0.0
1700913600000,206201.08585266196,206201.08585266196,0,0.0,0.0,0.0,0.0
1700928000000,206201.08585266196,206201.08585266196,0,0.0,0.0,0.0,0.0
1700942400000,206201.08585266196,206201.08585266196,0,0.0,0.0,0.0,0.0
1700956800000,206201.08585266196,206201.08585266196,0,0.0,0.0,0.0,0.0
1700971200000,206201.08585266196,206201.08585266196,0,0.0,0.0,0.0,0.0
1700985600000,206201.08585266196,206201.08585266196,0,0.0,0.0,0.0,0.0
1701000000000,206201.08585266196,206201.08585266196,0,0.0,0.0,0.0,0.0
1701014400000,206201.08585266196,206201.08585266196,0,0.0,0.0,0.0,0.0
1701028800000,206201.08585266196,206201.08585266196,0,0.0,0.0,0.0,0.0
1701043200000,206201.08585266196,206201.08585266196,0,0.0,0.0,0.0,0.0
1701057600000,206201.08585266196,206201.08585266196,0,0.0,0.0,0.0,0.0
1701072000000,206201.08585266196,206201.08585266196,0,0.0,0.0,0.0,0.0
1701086400000,206201.08585266196,206201.08585266196,0,0.0,0.0,0.0,0.0
1701100800000,204110.33883284288,204110.33883284288,0,0.0,0.0,0.0,0.0
1701115200000,204110.33883284288,204110.33883284288,0,0.0,0.0,0.0,0.0
1701129600000,202861.25498257965,204110.33883284288,1,124202.07789279954,2041.1033883284294,2041.1033883284294,124202.07789279954
1701144000000,203396.86367413282,204122.75705511877,1,123678.88742352223,2041.1033883284294,2041.1033883284294,123678.88742352223
1701158400000,202056.65484730416,202056.65484730416,0,0.0,0.0,0.0,0.0
1701172800000,202056.65484730416,202056.65484730416,0,0.0,0.0,0.0,0.0
1701187200000,202056.65484730416,202056.65484730416,0,0.0,0.0,0.0,0.0
1701201600000,202056.65484730416,202056.65484730416,0,0.0,0.0,0.0,0.0
1701216000000,202056.65484730416,202056.65484730416,0,0.0,0.0,0.0,0.0
1701230400000,202056.65484730416,202056.65484730416,0,0.0,0.0,0.0,0.0
1701244800000,202056.65484730416,202056.65484730416,0,0.0,0.0,0.0,0.0
1701259200000,202056.65484730416,202056.65484730416,0,0.0,0.0,0.0,0.0
1701273600000,202056.65484730416,202056.65484730416,0,0.0,0.0,0.0,0.0
1701288000000,202056.65484730416,202056.65484730416,0,0.0,0.0,0.0,0.0
1701302400000,202056.65484730416,202056.65484730416,0,0.0,0.0,0.0,0.0
1701316800000,202056.65484730416,202056.65484730416,0,0.0,0.0,0.0,0.0
1701331200000,202056.65484730416,202056.65484730416,0,0.0,0.0,0.0,0.0
1701345600000,202056.65484730416,202056.65484730416,0,0.0,0.0,0.0,0.0
1701360000000,202056.65484730416,202056.65484730416,0,0.0,0.0,0.0,0.0
1701374400000,202056.65484730416,202056.65484730416,0,0.0,0.0,0.0,0.0
1701388800000,202056.65484730416,202056.65484730416,0,0.0,0.0,0.0,0.0
1701403200000,202056.65484730416,202056.65484730416,0,0.0,0.0,0.0,0.0
1701417600000,202056.65484730416,202056.65484730416,0,0.0,0.0,0.0,0.0
1701432000000,202056.65484730416,202056.65484730416,0,0.0,0.0,0.0,0.0
1701446400000,202056.65484730416,202056.65484730416,0,0.0,0.0,0.0,0.0
1701460800000,202056.65484730416,202056.65484730416,0,0.0,0.0,0.0,0.0
1701475200000,202056.65484730416,202056.65484730416,0,0.0,0.0,0.0,0.0
1701489600000,202056.65484730416,202056.65484730416,0,0.0,0.0,0.0,0.0
1701504000000,202056.65484730416,202056.65484730416,0,0.0,0.0,0.0,0.0
1701518400000,202056.65484730416,202056.65484730416,0,0.0,0.0,0.0,0.0
1701532800000,202056.65484730416,202056.65484730416,0,0.0,0.0,0.0,0.0
1701547200000,202056.65484730416,202056.65484730416,0,0.0,0.0,0.0,0.0
1701561600000,202056.65484730416,202056.65484730416,0,0.0,0.0,0.0,0.0
1701576000000,202056.65484730416,202056.65484730416,0,0.0,0.0,0.0,0.0
1701590400000,202056.65484730416,202056.65484730416,0,0.0,0.0,0.0,0.0
1701604800000,202056.65484730416,202056.65484730416,0,0.0,0.0,0.0,0.0
1701619200000,202056.65484730416,202056.65484730416,0,0.0,0.0,0.0,0.0
1701633600000,202056.65484730416,202056.65484730416,0,0.0,0.0,0.0,0.0
1701648000000,202056.65484730416,202056.65484730416,0,0.0,0.0,0.0,0.0
1701662400000,202056.65484730416,202056.65484730416,0,0.0,0.0,0.0,0.0
1701676800000,202056.65484730416,202056.65484730416,0,0.0,0.0,0.0,0.0
1701691200000,202056.65484730416,202056.65484730416,0,0.0,0.0,0.0,0.0
1701705600000,202056.65484730416,202056.65484730416,0,0.0,0.0,0.0,0.0
1701720000000,202056.65484730416,202056.65484730416,0,0.0,0.0,0.0,0.0
1701734400000,202056.65484730416,202056.65484730416,0,0.0,0.0,0.0,0.0
1701748800000,202056.65484730416,202056.65484730416,0,0.0,0.0,0.0,0.0
1701763200000,202056.65484730416,202056.65484730416,0,0.0,0.0,0.0,0.0
1701777600000,202056.65484730416,202056.65484730416,0,0.0,0.0,0.0,0.0
1701792000000,202056.65484730416,202056.65484730416,0,0.0,0.0,0.0,0.0
1701806400000,202056.65484730416,202056.65484730416,0,0.0,0.0,0.0,0.0
1701820800000,202056.65484730416,202056.65484730416,0,0.0,0.0,0.0,0.0
1701835200000,202056.65484730416,202056.65484730416,0,0.0,0.0,0.0,0.0
1701849600000,202056.65484730416,202056.65484730416,0,0.0,0.0,0.0,0.0
1701864000000,202056.65484730416,202056.65484730416,0,0.0,0.0,0.0,0.0
1701878400000,202056.65484730416,202056.65484730416,0,0.0,0.0,0.0,0.0
1701892800000,202056.65484730416,202056.65484730416,0,0.0,0.0,0.0,0.0
1701907200000,202056.65484730416,202056.65484730416,0,0.0,0.0,0.0,0.0
1701921600000,202056.65484730416,202056.65484730416,0,0.0,0.0,0.0,0.0
1701936000000,202056.65484730416,202056.65484730416,0,0.0,0.0,0.0,0.0
1701950400000,202056.65484730416,202056.65484730416,0,0.0,0.0,0.0,0.0
1701964800000,202056.65484730416,202056.65484730416,0,0.0,0.0,0.0,0.0
1701979200000,202056.65484730416,202056.65484730416,0,0.0,0.0,0.0,0.0
1701993600000,202056.65484730416,202056.65484730416,0,0.0,0.0,0.0,0.0
1702008000000,202056.65484730416,202056.65484730416,0,0.0,0.0,0.0,0.0
1702022400000,202056.65484730416,202056.65484730416,0,0.0,0.0,0.0,0.0
1702036800000,202056.65484730416,202056.65484730416,0,0.0,0.0,0.0,0.0
1702051200000,202056.65484730416,202056.65484730416,0,0.0,0.0,0.0,0.0
1702065600000,202056.65484730416,202056.65484730416,0,0.0,0.0,0.0,0.0
1702080000000,202056.65484730416,202056.65484730416,0,0.0,0.0,0.0,0.0
1702094400000,202056.65484730416,202056.65484730416,0,0.0,0.0,0.0,0.0
1702108800000,202056.65484730416,202056.65484730416,0,0.0,0.0,0.0,0.0
1702123200000,202056.65484730416,202056.65484730416,0,0.0,0.0,0.0,0.0
1702137600000,202056.65484730416,202056.65484730416,0,0.0,0.0,0.0,0.0
1702152000000,202056.65484730416,202056.65484730416,0,0.0,0.0,0.0,0.0
1702166400000,202056.65484730416,202056.65484730416,0,0.0,0.0,0.0,0.0
1702180800000,202056.65484730416,202056.65484730416,0,0.0,0.0,0.0,0.0
1702195200000,202056.65484730416,202056.65484730416,0,0.0,0.0,0.0,0.0
1702209600000,202056.65484730416,202056.65484730416,0,0.0,0.0,0.0,0.0
1702224000000,202056.65484730416,202056.65484730416,0,0.0,0.0,0.0,0.0
1702238400000,202056.65484730416,202056.65484730416,0,0.0,0.0,0.0,0.0
1702252800000,202056.65484730416,202056.65484730416,0,0.0,0.0,0.0,0.0
1702267200000,202056.65484730416,202056.65484730416,0,0.0,0.0,0.0,0.0
1702281600000,202056.65484730416,202056.65484730416,0,0.0,0.0,0.0,0.0
1702296000000,202056.65484730416,202056.65484730416,0,0.0,0.0,0.0,0.0
1702310400000,202056.65484730416,202056.65484730416,0,0.0,0.0,0.0,0.0
1702324800000,202056.65484730416,202056.65484730416,0,0.0,0.0,0.0,0.0
1702339200000,202056.65484730416,202056.65484730416,0,0.0,0.0,0.0,0.0
1702353600000,202056.65484730416,202056.65484730416,0,0.0,0.0,0.0,0.0
1702368000000,202056.65484730416,202056.65484730416,0,0.0,0.0,0.0,0.0
1702382400000,202056.65484730416,202056.65484730416,0,0.0,0.0,0.0,0.0
1702396800000,202056.65484730416,202056.65484730416,0,0.0,0.0,0.0,0.0
1702411200000,202056.65484730416,202056.65484730416,0,0.0,0.0,0.0,0.0
1702425600000,202056.65484730416,202056.65484730416,0,0.0,0.0,0.0,0.0
1702440000000,202056.65484730416,202056.65484730416,0,0.0,0.0,0.0,0.0
1702454400000,202056.65484730416,202056.65484730416,0,0.0,0.0,0.0,0.0
1702468800000,202056.65484730416,202056.65484730416,0,0.0,0.0,0.0,0.0
1702483200000,202056.65484730416,202056.65484730416,0,0.0,0.0,0.0,0.0
1702497600000,202056.65484730416,202056.65484730416,0,0.0,0.0,0.0,0.0
1702512000000,202056.65484730416,202056.65484730416,0,0.0,0.0,0.0,0.0
1702526400000,202056.65484730416,202056.65484730416,0,0.0,0.0,0.0,0.0
1702540800000,202056.65484730416,202056.65484730416,0,0.0,0.0,0.0,0.0
1702555200000,202056.65484730416,202056.65484730416,0,0.0,0.0,0.0,0.0
1702569600000,202056.65484730416,202056.65484730416,0,0.0,0.0,0.0,0.0
1702584000000,202056.65484730416,202056.65484730416,0,0.0,0.0,0.0,0.0
1702598400000,202056.65484730416,202056.65484730416,0,0.0,0.0,0.0,0.0
1702612800000,202056.65484730416,202056.65484730416,0,0.0,0.0,0.0,0.0
1702627200000,202056.65484730416,202056.65484730416,0,0.0,0.0,0.0,0.0
1702641600000,202056.65484730416,202056.65484730416,0,0.0,0.0,0.0,0.0
1702656000000,202056.65484730416,202056.65484730416,0,0.0,0.0,0.0,0.0
1702670400000,202056.65484730416,202056.65484730416,0,0.0,0.0,0.0,0.0
1702684800000,202056.65484730416,202056.65484730416,0,0.0,0.0,0.0,0.0
1702699200000,202056.65484730416,202056.65484730416,0,0.0,0.0,0.0,0.0
1702713600000,202056.65484730416,202056.65484730416,0,0.0,0.0,0.0,0.0
1702728000000,202056.65484730416,202056.65484730416,0,0.0,0.0,0.0,0.0
1702742400000,202056.65484730416,202056.65484730416,0,0.0,0.0,0.0,0.0
1702756800000,202056.65484730416,202056.65484730416,0,0.0,0.0,0.0,0.0
1702771200000,202056.65484730416,202056.65484730416,0,0.0,0.0,0.0,0.0
1702785600000,202056.65484730416,202056.65484730416,0,0.0,0.0,0.0,0.0
1702800000000,202056.65484730416,202056.65484730416,0,0.0,0.0,0.0,0.0
1702814400000,202056.65484730416,202056.65484730416,0,0.0,0.0,0.0,0.0
1702828800000,202056.65484730416,202056.65484730416,0,0.0,0.0,0.0,0.0
1702843200000,202056.65484730416,202056.65484730416,0,0.0,0.0,0.0,0.0
1702857600000,202056.65484730416,202056.65484730416,0,0.0,0.0,0.0,0.0
1702872000000,202056.65484730416,202056.65484730416,0,0.0,0.0,0.0,0.0
1702886400000,202056.65484730416,202056.65484730416,0,0.0,0.0,0.0,0.0
1702900800000,202056.65484730416,202056.65484730416,0,0.0,0.0,0.0,0.0
1702915200000,202056.65484730416,202056.65484730416,0,0.0,0.0,0.0,0.0
1702929600000,202056.65484730416,202056.65484730416,0,0.0,0.0,0.0,0.0
1702944000000,202056.65484730416,202056.65484730416,0,0.0,0.0,0.0,0.0
1702958400000,202056.65484730416,202056.65484730416,0,0.0,0.0,0.0,0.0
1702972800000,202056.65484730416,202056.65484730416,0,0.0,0.0,0.0,0.0
1702987200000,202056.65484730416,202056.65484730416,0,0.0,0.0,0.0,0.0
1703001600000,202056.65484730416,202056.65484730416,0,0.0,0.0,0.0,0.0
1703016000000,202056.65484730416,202056.65484730416,0,0.0,0.0,0.0,0.0
1703030400000,202056.65484730416,202056.65484730416,0,0.0,0.0,0.0,0.0
1703044800000,202056.65484730416,202056.65484730416,0,0.0,0.0,0.0,0.0
1703059200000,202056.65484730416,202056.65484730416,0,0.0,0.0,0.0,0.0
1703073600000,202056.65484730416,202056.65484730416,0,0.0,0.0,0.0,0.0
1703088000000,202056.65484730416,202056.65484730416,0,0.0,0.0,0.0,0.0
1703102400000,202056.65484730416,202056.65484730416,0,0.0,0.0,0.0,0.0
1703116800000,202056.65484730416,202056.65484730416,0,0.0,0.0,0.0,0.0
1703131200000,202056.65484730416,202056.65484730416,0,0.0,0.0,0.0,0.0
1703145600000,202056.65484730416,202056.65484730416,0,0.0,0.0,0.0,0.0
1703160000000,202056.65484730416,202056.65484730416,0,0.0,0.0,0.0,0.0
1703174400000,202056.65484730416,202056.65484730416,0,0.0,0.0,0.0,0.0
1703188800000,202056.65484730416,202056.65484730416,0,0.0,0.0,0.0,0.0
1703203200000,202056.65484730416,202056.65484730416,0,0.0,0.0,0.0,0.0
1703217600000,202056.65484730416,202056.65484730416,0,0.0,0.0,0.0,0.0
1703232000000,202056.65484730416,202056.65484730416,0,0.0,0.0,0.0,0.0
1703246400000,202056.65484730416,202056.65484730416,0,0.0,0.0,0.0,0.0
1703260800000,202056.65484730416,202056.65484730416,0,0.0,0.0,0.0,0.0
1703275200000,202056.65484730416,202056.65484730416,0,0.0,0.0,0.0,0.0
1703289600000,202056.65484730416,202056.65484730416,0,0.0,0.0,0.0,0.0
1703304000000,202056.65484730416,202056.65484730416,0,0.0,0.0,0.0,0.0
1703318400000,202056.65484730416,202056.65484730416,0,0.0,0.0,0.0,0.0
1703332800000,202056.65484730416,202056.65484730416,0,0.0,0.0,0.0,0.0
1703347200000,202056.65484730416,202056.65484730416,0,0.0,0.0,0.0,0.0
1703361600000,202056.65484730416,202056.65484730416,0,0.0,0.0,0.0,0.0
1703376000000,202056.65484730416,202056.65484730416,0,0.0,0.0,0.0,0.0
1703390400000,202056.65484730416,202056.65484730416,0,0.0,0.0,0.0,0.0
1703404800000,202056.65484730416,202056.65484730416,0,0.0,0.0,0.0,0.0
1703419200000,202056.65484730416,202056.65484730416,0,0.0,0.0,0.0,0.0
1703433600000,202056.65484730416,202056.65484730416,0,0.0,0.0,0.0,0.0
1703448000000,202056.65484730416,202056.65484730416,0,0.0,0.0,0.0,0.0
1703462400000,202056.65484730416,202056.65484730416,0,0.0,0.0,0.0,0.0
1703476800000,202056.65484730416,202056.65484730416,0,0.0,0.0,0.0,0.0
1703491200000,202056.65484730416,202056.65484730416,0,0.0,0.0,0.0,0.0
1703505600000,202056.65484730416,202056.65484730416,0,0.0,0.0,0.0,0.0
1703520000000,202056.65484730416,202056.65484730416,0,0.0,0.0,0.0,0.0
1703534400000,202056.65484730416,202056.65484730416,0,0.0,0.0,0.0,0.0
1703548800000,202056.65484730416,202056.65484730416,0,0.0,0.0,0.0,0.0
1703563200000,202056.65484730416,202056.65484730416,0,0.0,0.0,0.0,0.0
1703577600000,202056.65484730416,202056.65484730416,0,0.0,0.0,0.0,0.0
1703592000000,202056.65484730416,202056.65484730416,0,0.0,0.0,0.0,0.0
1703606400000,202056.65484730416,202056.65484730416,0,0.0,0.0,0.0,0.0
1703620800000,202056.65484730416,202056.65484730416,0,0.0,0.0,0.0,0.0
1703635200000,202056.65484730416,202056.65484730416,0,0.0,0.0,0.0,0.0
1703649600000,202056.65484730416,202056.65484730416,0,0.0,0.0,0.0,0.0
1703664000000,202056.65484730416,202056.65484730416,0,0.0,0.0,0.0,0.0
1703678400000,202056.65484730416,202056.65484730416,0,0.0,0.0,0.0,0.0
1703692800000,202056.65484730416,202056.65484730416,0,0.0,0.0,0.0,0.0
1703707200000,202056.65484730416,202056.65484730416,0,0.0,0.0,0.0,0.0
1703721600000,202056.65484730416,202056.65484730416,0,0.0,0.0,0.0,0.0
1703736000000,202056.65484730416,202056.65484730416,0,0.0,0.0,0.0,0.0
1703750400000,202056.65484730416,202056.65484730416,0,0.0,0.0,0.0,0.0
1703764800000,202056.65484730416,202056.65484730416,0,0.0,0.0,0.0,0.0
1703779200000,202056.65484730416,202056.65484730416,0,0.0,0.0,0.0,0.0
1703793600000,202056.65484730416,202056.65484730416,0,0.0,0.0,0.0,0.0
1703808000000,202056.65484730416,202056.65484730416,0,0.0,0.0,0.0,0.0
1703822400000,202056.65484730416,202056.65484730416,0,0.0,0.0,0.0,0.0
1703836800000,202056.65484730416,202056.65484730416,0,0.0,0.0,0.0,0.0
1703851200000,202056.65484730416,202056.65484730416,0,0.0,0.0,0.0,0.0
1703865600000,202056.65484730416,202056.65484730416,0,0.0,0.0,0.0,0.0
1703880000000,202056.65484730416,202056.65484730416,0,0.0,0.0,0.0,0.0
1703894400000,202056.65484730416,202056.65484730416,0,0.0,0.0,0.0,0.0
1703908800000,202056.65484730416,202056.65484730416,0,0.0,0.0,0.0,0.0
1703923200000,202056.65484730416,202056.65484730416,0,0.0,0.0,0.0,0.0
1703937600000,202056.65484730416,202056.65484730416,0,0.0,0.0,0.0,0.0
1703952000000,202056.65484730416,202056.65484730416,0,0.0,0.0,0.0,0.0
1703966400000,202056.65484730416,202056.65484730416,0,0.0,0.0,0.0,0.0
1703980800000,202056.65484730416,202056.65484730416,0,0.0,0.0,0.0,0.0
1703995200000,202056.65484730416,202056.65484730416,0,0.0,0.0,0.0,0.0
1704009600000,202056.65484730416,202056.65484730416,0,0.0,0.0,0.0,0.0
1704024000000,202056.65484730416,202056.65484730416,0,0.0,0.0,0.0,0.0
1704038400000,202056.65484730416,202056.65484730416,0,0.0,0.0,0.0,0.0
1704052800000,202056.65484730416,202056.65484730416,0,0.0,0.0,0.0,0.0
1704067200000,202056.65484730416,202056.65484730416,0,0.0,0.0,0.0,0.0
1704081600000,202056.65484730416,202056.65484730416,0,0.0,0.0,0.0,0.0
1704096000000,202056.65484730416,202056.65484730416,0,0.0,0.0,0.0,0.0
1704110400000,202056.65484730416,202056.65484730416,0,0.0,0.0,0.0,0.0
1704124800000,202056.65484730416,202056.65484730416,0,0.0,0.0,0.0,0.0
1704139200000,202056.65484730416,202056.65484730416,0,0.0,0.0,0.0,0.0
1704153600000,202056.65484730416,202056.65484730416,0,0.0,0.0,0.0,0.0
1704168000000,202056.65484730416,202056.65484730416,0,0.0,0.0,0.0,0.0
1704182400000,202056.65484730416,202056.65484730416,0,0.0,0.0,0.0,0.0
1704196800000,202056.65484730416,202056.65484730416,0,0.0,0.0,0.0,0.0
1704211200000,202056.65484730416,202056.65484730416,0,0.0,0.0,0.0,0.0
1704225600000,202056.65484730416,202056.65484730416,0,0.0,0.0,0.0,0.0
1704240000000,202056.65484730416,202056.65484730416,0,0.0,0.0,0.0,0.0
1704254400000,202056.65484730416,202056.65484730416,0,0.0,0.0,0.0,0.0
1704268800000,202056.65484730416,202056.65484730416,0,0.0,0.0,0.0,0.0
1704283200000,202056.65484730416,202056.65484730416,0,0.0,0.0,0.0,0.0
1704297600000,202056.65484730416,202056.65484730416,0,0.0,0.0,0.0,0.0
1704312000000,202056.65484730416,202056.65484730416,0,0.0,0.0,0.0,0.0
1704326400000,202056.65484730416,202056.65484730416,0,0.0,0.0,0.0,0.0
1704340800000,202056.65484730416,202056.65484730416,0,0.0,0.0,0.0,0.0
1704355200000,202056.65484730416,202056.65484730416,0,0.0,0.0,0.0,0.0
1704369600000,202056.65484730416,202056.65484730416,0,0.0,0.0,0.0,0.0
1704384000000,202056.65484730416,202056.65484730416,0,0.0,0.0,0.0,0.0
1704398400000,202056.65484730416,202056.65484730416,0,0.0,0.0,0.0,0.0
1704412800000,202056.65484730416,202056.65484730416,0,0.0,0.0,0.0,0.0
1704427200000,202056.65484730416,202056.65484730416,0,0.0,0.0,0.0,0.0
1704441600000,202056.65484730416,202056.65484730416,0,0.0,0.0,0.0,0.0
1704456000000,202056.65484730416,202056.65484730416,0,0.0,0.0,0.0,0.0
1704470400000,202056.65484730416,202056.65484730416,0,0.0,0.0,0.0,0.0
1704484800000,202056.65484730416,202056.65484730416,0,0.0,0.0,0.0,0.0
1704499200000,202056.65484730416,202056.65484730416,0,0.0,0.0,0.0,0.0
1704513600000,202056.65484730416,202056.65484730416,0,0.0,0.0,0.0,0.0
1704528000000,202056.65484730416,202056.65484730416,0,0.0,0.0,0.0,0.0
1704542400000,202056.65484730416,202056.65484730416,0,0.0,0.0,0.0,0.0
1704556800000,202056.65484730416,202056.65484730416,0,0.0,0.0,0.0,0.0
1704571200000,202056.65484730416,202056.65484730416,0,0.0,0.0,0.0,0.0
1704585600000,202056.65484730416,202056.65484730416,0,0.0,0.0,0.0,0.0
1704600000000,202056.65484730416,202056.65484730416,0,0.0,0.0,0.0,0.0
1704614400000,202056.65484730416,202056.65484730416,0,0.0,0.0,0.0,0.0
1704628800000,202056.65484730416,202056.65484730416,0,0.0,0.0,0.0,0.0
1704643200000,202056.65484730416,202056.65484730416,0,0.0,0.0,0.0,0.0
1704657600000,202056.65484730416,202056.65484730416,0,0.0,0.0,0.0,0.0
1704672000000,202056.65484730416,202056.65484730416,0,0.0,0.0,0.0,0.0
1704686400000,202056.65484730416,202056.65484730416,0,0.0,0.0,0.0,0.0
1704700800000,202056.65484730416,202056.65484730416,0,0.0,0.0,0.0,0.0
1704715200000,202056.65484730416,202056.65484730416,0,0.0,0.0,0.0,0.0
1704729600000,202056.65484730416,202056.65484730416,0,0.0,0.0,0.0,0.0
1704744000000,202056.65484730416,202056.65484730416,0,0.0,0.0,0.0,0.0
1704758400000,202056.65484730416,202056.65484730416,0,0.0,0.0,0.0,0.0
1704772800000,202056.65484730416,202056.65484730416,0,0.0,0.0,0.0,0.0
1704787200000,202056.65484730416,202056.65484730416,0,0.0,0.0,0.0,0.0
1704801600000,202056.65484730416,202056.65484730416,0,0.0,0.0,0.0,0.0
1704816000000,202056.65484730416,202056.65484730416,0,0.0,0.0,0.0,0.0
1704830400000,202056.65484730416,202056.65484730416,0,0.0,0.0,0.0,0.0
1704844800000,202056.65484730416,202056.65484730416,0,0.0,0.0,0.0,0.0
1704859200000,202056.65484730416,202056.65484730416,0,0.0,0.0,0.0,0.0
1704873600000,202056.65484730416,202056.65484730416,0,0.0,0.0,0.0,0.0
1704888000000,202056.65484730416,202056.65484730416,0,0.0,0.0,0.0,0.0
1704902400000,202056.65484730416,202056.65484730416,0,0.0,0.0,0.0,0.0
1704916800000,202056.65484730416,202056.65484730416,0,0.0,0.0,0.0,0.0
1704931200000,202056.65484730416,202056.65484730416,0,0.0,0.0,0.0,0.0
1704945600000,202056.65484730416,202056.65484730416,0,0.0,0.0,0.0,0.0
1704960000000,202056.65484730416,202056.65484730416,0,0.0,0.0,0.0,0.0
1704974400000,202056.65484730416,202056.65484730416,0,0.0,0.0,0.0,0.0
1704988800000,202056.65484730416,202056.65484730416,0,0.0,0.0,0.0,0.0
1705003200000,202056.65484730416,202056.65484730416,0,0.0,0.0,0.0,0.0
1705017600000,202056.65484730416,202056.65484730416,0,0.0,0.0,0.0,0.0
1705032000000,202056.65484730416,202056.65484730416,0,0.0,0.0,0.0,0.0
1705046400000,202056.65484730416,202056.65484730416,0,0.0,0.0,0.0,0.0
1705060800000,202056.65484730416,202056.65484730416,0,0.0,0.0,0.0,0.0
1705075200000,202056.65484730416,202056.65484730416,0,0.0,0.0,0.0,0.0
1705089600000,202056.65484730416,202056.65484730416,0,0.0,0.0,0.0,0.0
1705104000000,202056.65484730416,202056.65484730416,0,0.0,0.0,0.0,0.0
1705118400000,202056.65484730416,202056.65484730416,0,0.0,0.0,0.0,0.0
1705132800000,202056.65484730416,202056.65484730416,0,0.0,0.0,0.0,0.0
1705147200000,202056.65484730416,202056.65484730416,0,0.0,0.0,0.0,0.0
1705161600000,202056.65484730416,202056.65484730416,0,0.0,0.0,0.0,0.0
1705176000000,202056.65484730416,202056.65484730416,0,0.0,0.0,0.0,0.0
1705190400000,202056.65484730416,202056.65484730416,0,0.0,0.0,0.0,0.0
1705204800000,202056.65484730416,202056.65484730416,0,0.0,0.0,0.0,0.0
1705219200000,202056.65484730416,202056.65484730416,0,0.0,0.0,0.0,0.0
1705233600000,202056.65484730416,202056.65484730416,0,0.0,0.0,0.0,0.0
1705248000000,202056.65484730416,202056.65484730416,0,0.0,0.0,0.0,0.0
1705262400000,202056.65484730416,202056.65484730416,0,0.0,0.0,0.0,0.0
1705276800000,202056.65484730416,202056.65484730416,0,0.0,0.0,0.0,0.0
1705291200000,202056.65484730416,202056.65484730416,0,0.0,0.0,0.0,0.0
1705305600000,202056.65484730416,202056.65484730416,0,0.0,0.0,0.0,0.0
1705320000000,202056.65484730416,202056.65484730416,0,0.0,0.0,0.0,0.0
1705334400000,202056.65484730416,202056.65484730416,0,0.0,0.0,0.0,0.0
1705348800000,202056.65484730416,202056.65484730416,0,0.0,0.0,0.0,0.0
1705363200000,202056.65484730416,202056.65484730416,0,0.0,0.0,0.0,0.0
1705377600000,202056.65484730416,202056.65484730416,0,0.0,0.0,0.0,0.0
1705392000000,202056.65484730416,202056.65484730416,0,0.0,0.0,0.0,0.0
1705406400000,202056.65484730416,202056.65484730416,0,0.0,0.0,0.0,0.0
1705420800000,202056.65484730416,202056.65484730416,0,0.0,0.0,0.0,0.0
1705435200000,202056.65484730416,202056.65484730416,0,0.0,0.0,0.0,0.0
1705449600000,202056.65484730416,202056.65484730416,0,0.0,0.0,0.0,0.0
1705464000000,202056.65484730416,202056.65484730416,0,0.0,0.0,0.0,0.0
1705478400000,202056.65484730416,202056.65484730416,0,0.0,0.0,0.0,0.0
1705492800000,202056.65484730416,202056.65484730416,0,0.0,0.0,0.0,0.0
1705507200000,202056.65484730416,202056.65484730416,0,0.0,0.0,0.0,0.0
1705521600000,202056.65484730416,202056.65484730416,0,0.0,0.0,0.0,0.0
1705536000000,202056.65484730416,202056.65484730416,0,0.0,0.0,0.0,0.0
1705550400000,202056.65484730416,202056.65484730416,0,0.0,0.0,0.0,0.0
1705564800000,202056.65484730416,202056.65484730416,0,0.0,0.0,0.0,0.0
1705579200000,202056.65484730416,202056.65484730416,0,0.0,0.0,0.0,0.0
1705593600000,200975.06617891064,202056.65484730416,1,187331.41952891785,4041.1330969460837,4041.1330969460837,187331.41952891785
1705608000000,208556.19914801721,202075.3891041707,1,179769.0208166778,4041.1330969460837,4041.1330969460837,179769.0208166778
1705622400000,204754.36012885856,202075.3891041707,2,439283.9679945604,8211.536851457644,8211.536851457644,439283.9679945604
1705636800000,208598.2809397837,206142.6204231934,2,346382.3630723958,6190.970302984601,6190.970302984601,346382.3630723958
1705651200000,208215.01465062733,206142.6204231934,3,480288.85125852714,8343.931237591349,8343.931237591349,480288.85125852714
1705665600000,205932.7473533913,206190.65013217306,3,482619.1482647428,8343.931237591349,8343.931237591349,482619.1482647428
1705680000000,215408.00851613196,206190.65013217306,3,473143.88710200216,8343.931237591349,8343.931237591349,473143.88710200216
1705694400000,211670.4420248495,208177.95704585157,1,89632.43045126424,2020.5665484730418,2020.5665484730418,89632.43045126424
1705708800000,211652.51553875924,211652.51553875924,0,0.0,0.0,0.0,0.0
1705723200000,211652.51553875924,211652.51553875924,0,0.0,0.0,0.0,0.0
1705737600000,211652.51553875924,211652.51553875924,0,0.0,0.0,0.0,0.0
1705752000000,211652.51553875924,211652.51553875924,0,0.0,0.0,0.0,0.0
1705766400000,211652.51553875924,211652.51553875924,0,0.0,0.0,0.0,0.0
1705780800000,211652.51553875924,211652.51553875924,0,0.0,0.0,0.0,0.0
1705795200000,211652.51553875924,211652.51553875924,0,0.0,0.0,0.0,0.0
1705809600000,211652.51553875924,211652.51553875924,0,0.0,0.0,0.0,0.0
1705824000000,211652.51553875924,211652.51553875924,0,0.0,0.0,0.0,0.0
1705838400000,211652.51553875924,211652.51553875924,0,0.0,0.0,0.0,0.0
1705852800000,211652.51553875924,211652.51553875924,0,0.0,0.0,0.0,0.0
1705867200000,211652.51553875924,211652.51553875924,0,0.0,0.0,0.0,0.0
1705881600000,211652.51553875924,211652.51553875924,0,0.0,0.0,0.0,0.0
1705896000000,211652.51553875924,211652.51553875924,0,0.0,0.0,0.0,0.0
1705910400000,211652.51553875924,211652.51553875924,0,0.0,0.0,0.0,0.0
1705924800000,211652.51553875924,211652.51553875924,0,0.0,0.0,0.0,0.0
1705939200000,215860.97018888057,211652.51553875924,2,443076.3805866726,8463.82693996273,8463.82693996273,443076.3805866726
1705953600000,222249.33385990196,215912.1219384481,2,359381.88390453765,6348.438625368957,6348.438625368957,359381.88390453765
1705968000000,223160.5476582229,215912.1219384481,3,534632.9155331716,8892.113491432638,8892.113491432638,534632.9155331716
1705982400000,218954.03281582406,215965.58122490143,3,538892.8896620238,8892.113491432638,8892.113491432638,538892.8896620238
1705996800000,225557.884640514,215965.58122490143,3,532289.0378373339,8892.113491432638,8892.113491432638,532289.0378373339
1706011200000,240418.65340794466,222750.85664425616,3,294055.74356818595,5503.750903013205,5503.750903013205,294055.74356818595
1706025600000,235192.89631135215,222750.85664425616,3,299281.5006647784,5503.750903013205,5503.750903013205,299281.5006647784
1706040000000,235137.5188675316,227462.2785108044,2,222482.5605643448,3388.3625884194325,3388.3625884194325,222482.5605643448
1706054400000,226592.84601900663,226592.84601900663,0,0.0,0.0,0.0,0.0
1706068800000,226592.84601900663,226592.84601900663,0,0.0,0.0,0.0,0.0
1706083200000,226592.84601900663,226592.84601900663,0,0.0,0.0,0.0,0.0
1706097600000,226592.84601900663,226592.84601900663,0,0.0,0.0,0.0,0.0
1706112000000,226592.84601900663,226592.84601900663,0,0.0,0.0,0.0,0.0
1706126400000,226592.84601900663,226592.84601900663,0,0.0,0.0,0.0,0.0
1706140800000,226592.84601900663,226592.84601900663,0,0.0,0.0,0.0,0.0
1706155200000,226592.84601900663,226592.84601900663,0,0.0,0.0,0.0,0.0
1706169600000,226592.84601900663,226592.84601900663,0,0.0,0.0,0.0,0.0
1706184000000,226592.84601900663,226592.84601900663,0,0.0,0.0,0.0,0.0
1706198400000,226592.84601900663,226592.84601900663,0,0.0,0.0,0.0,0.0
1706212800000,226592.84601900663,226592.84601900663,0,0.0,0.0,0.0,0.0
1706227200000,226592.84601900663,226592.84601900663,0,0.0,0.0,0.0,0.0
1706241600000,226592.84601900663,226592.84601900663,0,0.0,0.0,0.0,0.0
1706256000000,226592.84601900663,226592.84601900663,0,0.0,0.0,0.0,0.0
1706270400000,226592.84601900663,226592.84601900663,0,0.0,0.0,0.0,0.0
1706284800000,226592.84601900663,226592.84601900663,0,0.0,0.0,0.0,0.0
1706299200000,226592.84601900663,226592.84601900663,0,0.0,0.0,0.0,0.0
1706313600000,226592.84601900663,226592.84601900663,0,0.0,0.0,0.0,0.0
1706328000000,226592.84601900663,226592.84601900663,0,0.0,0.0,0.0,0.0
1706342400000,226592.84601900663,226592.84601900663,0,0.0,0.0,0.0,0.0
1706356800000,226592.84601900663,226592.84601900663,0,0.0,0.0,0.0,0.0
1706371200000,226592.84601900663,226592.84601900663,0,0.0,0.0,0.0,0.0
1706385600000,226592.84601900663,226592.84601900663,0,0.0,0.0,0.0,0.0
1706400000000,226592.84601900663,226592.84601900663,0,0.0,0.0,0.0,0.0
1706414400000,226592.84601900663,226592.84601900663,0,0.0,0.0,0.0,0.0
1706428800000,226592.84601900663,226592.84601900663,0,0.0,0.0,0.0,0.0
1706443200000,226592.84601900663,226592.84601900663,0,0.0,0.0,0.0,0.0
1706457600000,226592.84601900663,226592.84601900663,0,0.0,0.0,0.0,0.0
1706472000000,226592.84601900663,226592.84601900663,0,0.0,0.0,0.0,0.0
1706486400000,226592.84601900663,226592.84601900663,0,0.0,0.0,0.0,0.0
1706500800000,226592.84601900663,226592.84601900663,0,0.0,0.0,0.0,0.0
1706515200000,226592.84601900663,226592.84601900663,0,0.0,0.0,0.0,0.0
1706529600000,226592.84601900663,226592.84601900663,0,0.0,0.0,0.0,0.0
1706544000000,226592.84601900663,226592.84601900663,0,0.0,0.0,0.0,0.0
1706558400000,226592.84601900663,226592.84601900663,0,0.0,0.0,0.0,0.0
1706572800000,226592.84601900663,226592.84601900663,0,0.0,0.0,0.0,0.0
1706587200000,226592.84601900663,226592.84601900663,0,0.0,0.0,0.0,0.0
1706601600000,226592.84601900663,226592.84601900663,0,0.0,0.0,0.0,0.0
1706616000000,226592.84601900663,226592.84601900663,0,0.0,0.0,0.0,0.0
1706630400000,226592.84601900663,226592.84601900663,0,0.0,0.0,0.0,0.0
1706644800000,226592.84601900663,226592.84601900663,0,0.0,0.0,0.0,0.0
1706659200000,227640.65127490708,226592.84601900663,1,148731.8713374497,2265.9284601900663,2265.9284601900663,148731.8713374497
1706673600000,227684.653304841,226607.71920614038,1,148702.74249464954,2265.9284601900663,2265.9284601900663,148702.74249464954
1706688000000,227568.13793364048,226607.71920614038,1,148819.25786585006,2265.9284601900663,2265.9284601900663,148819.25786585006
1706702400000,228735.8974708508,226610.3250313456,1,147654.10415384496,2265.9284601900663,2265.9284601900663,147654.10415384496
1706716800000,229706.04860832,228861.72870956836,1,74045.51839792343,1132.9642300950331,1132.9642300950331,74045.51839792343
1706731200000,229698.6469693645,229698.6469693645,0,0.0,0.0,0.0,0.0
1706745600000,229698.6469693645,229698.6469693645,0,0.0,0.0,0.0,0.0
1706760000000,233050.34554146734,229698.6469693645,2,677272.727930133,9184.826794212418,9184.826794212418,677272.727930133
1706774400000,233443.16364399137,229698.6469693645,2,676879.909827609,9184.826794212418,9184.826794212418,676879.909827609
1706788800000,234050.55095577193,229727.66035636322,2,676301.5359028272,9184.826794212418,9184.826794212418,676301.5359028272
1706803200000,230691.67221563164,229727.66035636322,2,679660.4146429675,9184.826794212418,9184.826794212418,679660.4146429675
1706817600000,225363.23285167504,225609.86242683147,1,390054.2227310387,4593.97293938729,4593.97293938729,390054.2227310387
1706832000000,226037.84269608452,225609.86242683147,1,389379.61288662924,4593.97293938729,4593.97293938729,389379.61288662924
1706846400000,223274.53698725358,225609.86242683147,1,392142.9185954601,4593.97293938729,4593.97293938729,392142.9185954601
1706860800000,221885.1144703296,221885.1144703296,0,0.0,0.0,0.0,0.0
1706875200000,221885.1144703296,221885.1144703296,0,0.0,0.0,0.0,0.0
1706889600000,221885.1144703296,221885.1144703296,0,0.0,0.0,0.0,0.0
1706904000000,221885.1144703296,221885.1144703296,0,0.0,0.0,0.0,0.0
1706918400000,221885.1144703296,221885.1144703296,0,0.0,0.0,0.0,0.0
1706932800000,221885.1144703296,221885.1144703296,0,0.0,0.0,0.0,0.0
1706947200000,221885.1144703296,221885.1144703296,0,0.0,0.0,0.0,0.0
1706961600000,221885.1144703296,221885.1144703296,0,0.0,0.0,0.0,0.0
1706976000000,221885.1144703296,221885.1144703296,0,0.0,0.0,0.0,0.0
1706990400000,221885.1144703296,221885.1144703296,0,0.0,0.0,0.0,0.0
1707004800000,221885.1144703296,221885.1144703296,0,0.0,0.0,0.0,0.0
1707019200000,221885.1144703296,221885.1144703296,0,0.0,0.0,0.0,0.0
1707033600000,221885.1144703296,221885.1144703296,0,0.0,0.0,0.0,0.0
1707048000000,221885.1144703296,221885.1144703296,0,0.0,0.0,0.0,0.0
1707062400000,221885.1144703296,221885.1144703296,0,0.0,0.0,0.0,0.0
1707076800000,221885.1144703296,221885.1144703296,0,0.0,0.0,0.0,0.0
1707091200000,221885.1144703296,221885.1144703296,0,0.0,0.0,0.0,0.0
1707105600000,221885.1144703296,221885.1144703296,0,0.0,0.0,0.0,0.0
1707120000000,219256.46097472878,221885.1144703296,1,359612.2263967347,4437.702289406592,4437.702289406592,359612.2263967347
1707134400000,217411.07406079385,217411.07406079385,0,0.0,0.0,0.0,0.0
1707148800000,217411.07406079385,217411.07406079385,0,0.0,0.0,0.0,0.0
1707163200000,217411.07406079385,217411.07406079385,0,0.0,0.0,0.0,0.0
1707177600000,217411.07406079385,217411.07406079385,0,0.0,0.0,0.0,0.0
1707192000000,217411.07406079385,217411.07406079385,0,0.0,0.0,0.0,0.0
1707206400000,217411.07406079385,217411.07406079385,0,0.0,0.0,0.0,0.0
1707220800000,217411.07406079385,217411.07406079385,0,0.0,0.0,0.0,0.0
1707235200000,217411.07406079385,217411.07406079385,0,0.0,0.0,0.0,0.0
1707249600000,217411.07406079385,217411.07406079385,0,0.0,0.0,0.0,0.0
1707264000000,217411.07406079385,217411.07406079385,0,0.0,0.0,0.0,0.0
1707278400000,217411.07406079385,217411.07406079385,0,0.0,0.0,0.0,0.0
1707292800000,217411.07406079385,217411.07406079385,0,0.0,0.0,0.0,0.0
1707307200000,217411.07406079385,217411.07406079385,0,0.0,0.0,0.0,0.0
1707321600000,217411.07406079385,217411.07406079385,0,0.0,0.0,0.0,0.0
1707336000000,217411.07406079385,217411.07406079385,0,0.0,0.0,0.0,0.0
1707350400000,217411.07406079385,217411.07406079385,0,0.0,0.0,0.0,0.0
1707364800000,217411.07406079385,217411.07406079385,0,0.0,0.0,0.0,0.0
1707379200000,217411.07406079385,217411.07406079385,0,0.0,0.0,0.0,0.0
1707393600000,217411.07406079385,217411.07406079385,0,0.0,0.0,0.0,0.0
1707408000000,222000.53923764883,217411.07406079385,1,289646.89130816085,4348.221481215877,0.0,0.0
1707422400000,221060.42645284184,217403.57140958626,1,288714.2811745615,4348.221481215877,0.0,0.0
1707436800000,221117.83747337805,217403.57140958626,1,288771.6921950977,4348.221481215877,0.0,0.0
1707451200000,226067.7486416195,217394.44620395525,1,293730.7285689701,4348.221481215877,0.0,0.0
1707465600000,226951.87835787717,217394.44620395525,1,294614.8582852278,4348.221481215877,0.0,0.0
1707480000000,233115.14971131476,217364.98214222,1,300807.59370040067,4348.221481215877,0.0,0.0
1707494400000,232993.94866796053,217364.98214222,1,300686.39265704644,4348.221481215877,0.0,0.0
1707508800000,235192.66389164943,217335.51186887568,1,302914.5781540796,4348.221481215877,0.0,0.0
1707523200000,232831.79514715474,217335.51186887568,1,300553.70940958493,4348.221481215877,0.0,0.0
1707537600000,234407.48111512588,217311.344064571,1,302153.5631818608,4348.221481215877,0.0,0.0
1707552000000,232899.484975708,217311.344064571,1,300645.5670424429,4348.221481215877,0.0,0.0
1707566400000,233139.25101054978,217281.27830289255,1,300915.3988389631,4348.221481215877,0.0,0.0
1707580800000,234154.78817381256,217281.27830289255,1,301930.93600222585,4348.221481215877,0.0,0.0
1707595200000,235267.71064478857,217251.08356496977,1,303074.0532111247,4348.221481215877,0.0,0.0
1707609600000,236680.0217499794,217251.08356496977,1,304486.3643163155,4348.221481215877,0.0,0.0
1707624000000,241653.8991152317,217220.63364014882,1,309490.6916063888,4348.221481215877,0.0,0.0
1707638400000,239437.1958223057,217220.63364014882,1,307273.98831346276,4348.221481215877,0.0,0.0
1707652800000,240899.7928963989,217189.90628007232,1,308767.31274763244,4348.221481215877,0.0,0.0
1707667200000,239222.75319651334,217189.90628007232,1,307090.2730477469,4348.221481215877,0.0,0.0
1707681600000,240095.30767047813,217159.19403093404,1,307993.53977085,4348.221481215877,0.0,0.0
1707696000000,240229.26671839596,217159.19403093404,1,308127.4988187678,4348.221481215877,0.0,0.0
1707710400000,239147.1977903575,217128.38467893645,1,307076.23924272694,4348.221481215877,0.0,0.0
1707724800000,239621.79556012352,217128.38467893645,1,307550.83701249294,4348.221481215877,0.0,0.0
1707739200000,237632.69073811293,217097.6335574389,1,305592.4833119799,4348.221481215877,0.0,0.0
1707753600000,250514.44794598277,217097.6335574389,1,318474.24051984976,4348.221481215877,0.0,0.0
1707768000000,248061.7729833885,217065.7899607883,1,316053.4091539061,4348.221481215877,0.0,0.0
1707782400000,250598.70219086093,217065.7899607883,1,318590.3383613785,4348.221481215877,0.0,0.0
1707796800000,249738.85373473683,217033.936000842,1,317762.3438652007,4348.221481215877,0.0,0.0
1707811200000,251053.5661050161,217033.936000842,1,319077.05623548,4348.221481215877,0.0,0.0
1707825600000,250920.2347235881,217002.03075569464,1,318975.6300991993,4348.221481215877,0.0,0.0
1707840000000,242940.74076928265,217002.03075569464,1,310996.1361448939,4348.221481215877,0.0,0.0
1707854400000,244771.0339577078,216970.93107829013,1,312857.5290107236,4348.221481215877,0.0,0.0
1707868800000,248926.95394430147,216970.93107829013,1,317013.44899731723,4348.221481215877,0.0,0.0
1707883200000,247798.06363761722,216939.22916407575,1,315916.26060484734,4348.221481215877,0.0,0.0
1707897600000,249843.17176916276,216939.22916407575,1,317961.3687363929,4348.221481215877,0.0,0.0
1707912000000,261014.18141695962,216907.43500457294,1,329164.1725436926,4348.221481215877,0.0,0.0
1707926400000,261111.14225164303,216907.43500457294,1,329261.13337837596,4348.221481215877,0.0,0.0
1707940800000,261651.8309672903,216866.9966123481,1,329842.26048624807,4348.221481215877,0.0,0.0
1707955200000,262389.8815312947,216866.9966123481,1,330580.3110502525,4348.221481215877,0.0,0.0
1707969600000,265908.01808715216,216833.94259792662,1,334131.5016205314,4348.221481215877,0.0,0.0
1707984000000,262224.1442694118,216833.94259792662,1,330447.6278027911,4348.221481215877,0.0,0.0
1707998400000,265742.29007691034,216800.89783514634,1,333998.8183730699,4348.221481215877,0.0,0.0
1708012800000,263251.92758609506,216800.89783514634,1,331508.4558822546,4348.221481215877,0.0,0.0
1708027200000,263558.78209833946,216767.7515257707,1,331848.45670387463,4348.221481215877,0.0,0.0
1708041600000,262770.97531653696,216767.7515257707,1,331060.6499220722,4348.221481215877,0.0,0.0
1708056000000,265362.19040753774,216734.64507803836,1,333684.9714608053,4348.221481215877,0.0,0.0
1708070400000,262022.78271301472,216734.64507803836,1,330345.5637662822,4348.221481215877,0.0,0.0
1708084800000,264890.2848493171,216701.61487680566,1,333246.09610381734,4348.221481215877,0.0,0.0
1708099200000,262773.73189221544,216701.61487680566,1,331129.5431467156,4348.221481215877,0.0,0.0
1708113600000,261917.08974332013,216668.50192249098,1,330306.01395213505,4348.221481215877,0.0,0.0
1708128000000,264267.1141839358,216668.50192249098,1,332656.0383927507,4348.221481215877,0.0,0.0
1708142400000,263245.10495973245,216635.23805196688,1,331667.2930390715,4348.221481215877,0.0,0.0
1708156800000,262864.2785235089,216635.23805196688,1,331286.46660284797,4348.221481215877,0.0,0.0
1708171200000,261490.28353342394,216602.10934151657,1,329945.60032321326,4348.221481215877,0.0,0.0
1708185600000,261424.29441335928,261424.29441335928,0,0.0,0.0,0.0,0.0
1708200000000,261424.29441335928,261424.29441335928,0,0.0,0.0,0.0,0.0
1708214400000,261424.29441335928,261424.29441335928,0,0.0,0.0,0.0,0.0
1708228800000,261424.29441335928,261424.29441335928,0,0.0,0.0,0.0,0.0
1708243200000,261424.29441335928,261424.29441335928,0,0.0,0.0,0.0,0.0
1708257600000,261424.29441335928,261424.29441335928,0,0.0,0.0,0.0,0.0
1708272000000,261424.29441335928,261424.29441335928,0,0.0,0.0,0.0,0.0
1708286400000,261424.29441335928,261424.29441335928,0,0.0,0.0,0.0,0.0
1708300800000,261424.29441335928,261424.29441335928,0,0.0,0.0,0.0,0.0
1708315200000,261424.29441335928,261424.29441335928,0,0.0,0.0,0.0,0.0
1708329600000,261424.29441335928,261424.29441335928,0,0.0,0.0,0.0,0.0
1708344000000,261424.29441335928,261424.29441335928,0,0.0,0.0,0.0,0.0
1708358400000,261424.29441335928,261424.29441335928,0,0.0,0.0,0.0,0.0
1708372800000,261424.29441335928,261424.29441335928,0,0.0,0.0,0.0,0.0
1708387200000,261424.29441335928,261424.29441335928,0,0.0,0.0,0.0,0.0
1708401600000,261424.29441335928,261424.29441335928,0,0.0,0.0,0.0,0.0
1708416000000,261424.29441335928,261424.29441335928,0,0.0,0.0,0.0,0.0
1708430400000,261424.29441335928,261424.29441335928,0,0.0,0.0,0.0,0.0
1708444800000,261424.29441335928,261424.29441335928,0,0.0,0.0,0.0,0.0
1708459200000,261424.29441335928,261424.29441335928,0,0.0,0.0,0.0,0.0
1708473600000,261424.29441335928,261424.29441335928,0,0.0,0.0,0.0,0.0
1708488000000,261424.29441335928,261424.29441335928,0,0.0,0.0,0.0,0.0
1708502400000,261424.29441335928,261424.29441335928,0,0.0,0.0,0.0,0.0
1708516800000,261424.29441335928,261424.29441335928,0,0.0,0.0,0.0,0.0
1708531200000,261424.29441335928,261424.29441335928,0,0.0,0.0,0.0,0.0
1708545600000,261424.29441335928,261424.29441335928,0,0.0,0.0,0.0,0.0
1708560000000,261424.29441335928,261424.29441335928,0,0.0,0.0,0.0,0.0
1708574400000,261424.29441335928,261424.29441335928,0,0.0,0.0,0.0,0.0
1708588800000,261424.29441335928,261424.29441335928,0,0.0,0.0,0.0,0.0
1708603200000,261424.29441335928,261424.29441335928,0,0.0,0.0,0.0,0.0
1708617600000,261424.29441335928,261424.29441335928,0,0.0,0.0,0.0,0.0
1708632000000,261424.29441335928,261424.29441335928,0,0.0,0.0,0.0,0.0
1708646400000,261424.29441335928,261424.29441335928,0,0.0,0.0,0.0,0.0
1708660800000,261424.29441335928,261424.29441335928,0,0.0,0.0,0.0,0.0
1708675200000,261424.29441335928,261424.29441335928,0,0.0,0.0,0.0,0.0
1708689600000,261424.29441335928,261424.29441335928,0,0.0,0.0,0.0,0.0
1708704000000,261424.29441335928,261424.29441335928,0,0.0,0.0,0.0,0.0
1708718400000,261424.29441335928,261424.29441335928,0,0.0,0.0,0.0,0.0
1708732800000,261424.29441335928,261424.29441335928,0,0.0,0.0,0.0,0.0
1708747200000,261424.29441335928,261424.29441335928,0,0.0,0.0,0.0,0.0
1708761600000,261424.29441335928,261424.29441335928,0,0.0,0.0,0.0,0.0
1708776000000,261424.29441335928,261424.29441335928,0,0.0,0.0,0.0,0.0
1708790400000,261424.29441335928,261424.29441335928,0,0.0,0.0,0.0,0.0
1708804800000,261424.29441335928,261424.29441335928,0,0.0,0.0,0.0,0.0
1708819200000,261424.29441335928,261424.29441335928,0,0.0,0.0,0.0,0.0
1708833600000,261424.29441335928,261424.29441335928,0,0.0,0.0,0.0,0.0
1708848000000,261424.29441335928,261424.29441335928,0,0.0,0.0,0.0,0.0
1708862400000,261424.29441335928,261424.29441335928,0,0.0,0.0,0.0,0.0
1708876800000,261424.29441335928,261424.29441335928,0,0.0,0.0,0.0,0.0
1708891200000,261424.29441335928,261424.29441335928,0,0.0,0.0,0.0,0.0
1708905600000,261424.29441335928,261424.29441335928,0,0.0,0.0,0.0,0.0
1708920000000,261424.29441335928,261424.29441335928,0,0.0,0.0,0.0,0.0
1708934400000,261424.29441335928,261424.29441335928,0,0.0,0.0,0.0,0.0
1708948800000,261424.29441335928,261424.29441335928,0,0.0,0.0,0.0,0.0
1708963200000,261424.29441335928,261424.29441335928,0,0.0,0.0,0.0,0.0
1708977600000,261424.29441335928,261424.29441335928,0,0.0,0.0,0.0,0.0
1708992000000,261424.29441335928,261424.29441335928,0,0.0,0.0,0.0,0.0
1709006400000,261424.29441335928,261424.29441335928,0,0.0,0.0,0.0,0.0
1709020800000,261424.29441335928,261424.29441335928,0,0.0,0.0,0.0,0.0
1709035200000,261424.29441335928,261424.29441335928,0,0.0,0.0,0.0,0.0
1709049600000,261424.29441335928,261424.29441335928,0,0.0,0.0,0.0,0.0
1709064000000,261424.29441335928,261424.29441335928,0,0.0,0.0,0.0,0.0
1709078400000,261424.29441335928,261424.29441335928,0,0.0,0.0,0.0,0.0
1709092800000,261424.29441335928,261424.29441335928,0,0.0,0.0,0.0,0.0
1709107200000,261424.29441335928,261424.29441335928,0,0.0,0.0,0.0,0.0
1709121600000,261424.29441335928,261424.29441335928,0,0.0,0.0,0.0,0.0
1709136000000,261424.29441335928,261424.29441335928,0,0.0,0.0,0.0,0.0
1709150400000,261424.29441335928,261424.29441335928,0,0.0,0.0,0.0,0.0
1709164800000,261424.29441335928,261424.29441335928,0,0.0,0.0,0.0,0.0
1709179200000,261424.29441335928,261424.29441335928,0,0.0,0.0,0.0,0.0
1709193600000,261424.29441335928,261424.29441335928,0,0.0,0.0,0.0,0.0
1709208000000,261424.29441335928,261424.29441335928,0,0.0,0.0,0.0,0.0
1709222400000,261424.29441335928,261424.29441335928,0,0.0,0.0,0.0,0.0
1709236800000,261424.29441335928,261424.29441335928,0,0.0,0.0,0.0,0.0
1709251200000,261424.29441335928,261424.29441335928,0,0.0,0.0,0.0,0.0
1709265600000,261424.29441335928,261424.29441335928,0,0.0,0.0,0.0,0.0
1709280000000,261424.29441335928,261424.29441335928,0,0.0,0.0,0.0,0.0
1709294400000,261424.29441335928,261424.29441335928,0,0.0,0.0,0.0,0.0
1709308800000,261424.29441335928,261424.29441335928,0,0.0,0.0,0.0,0.0
1709323200000,261424.29441335928,261424.29441335928,0,0.0,0.0,0.0,0.0
1709337600000,261424.29441335928,261424.29441335928,0,0.0,0.0,0.0,0.0
1709352000000,261424.29441335928,261424.29441335928,0,0.0,0.0,0.0,0.0
1709366400000,261424.29441335928,261424.29441335928,0,0.0,0.0,0.0,0.0
1709380800000,261424.29441335928,261424.29441335928,0,0.0,0.0,0.0,0.0
1709395200000,261424.29441335928,261424.29441335928,0,0.0,0.0,0.0,0.0
1709409600000,261424.29441335928,261424.29441335928,0,0.0,0.0,0.0,0.0
1709424000000,261424.29441335928,261424.29441335928,0,0.0,0.0,0.0,0.0
1709438400000,261424.29441335928,261424.29441335928,0,0.0,0.0,0.0,0.0
1709452800000,261424.29441335928,261424.29441335928,0,0.0,0.0,0.0,0.0
1709467200000,261424.29441335928,261424.29441335928,0,0.0,0.0,0.0,0.0
1709481600000,261424.29441335928,261424.29441335928,0,0.0,0.0,0.0,0.0
1709496000000,261424.29441335928,261424.29441335928,0,0.0,0.0,0.0,0.0
1709510400000,261424.29441335928,261424.29441335928,0,0.0,0.0,0.0,0.0
1709524800000,261424.29441335928,261424.29441335928,0,0.0,0.0,0.0,0.0
1709539200000,261424.29441335928,261424.29441335928,0,0.0,0.0,0.0,0.0
1709553600000,261424.29441335928,261424.29441335928,0,0.0,0.0,0.0,0.0
1709568000000,261424.29441335928,261424.29441335928,0,0.0,0.0,0.0,0.0
1709582400000,261424.29441335928,261424.29441335928,0,0.0,0.0,0.0,0.0
1709596800000,261424.29441335928,261424.29441335928,0,0.0,0.0,0.0,0.0
1709611200000,261424.29441335928,261424.29441335928,0,0.0,0.0,0.0,0.0
1709625600000,261424.29441335928,261424.29441335928,0,0.0,0.0,0.0,0.0
1709640000000,261424.29441335928,261424.29441335928,0,0.0,0.0,0.0,0.0
1709654400000,261424.29441335928,261424.29441335928,0,0.0,0.0,0.0,0.0
1709668800000,261424.29441335928,261424.29441335928,0,0.0,0.0,0.0,0.0
1709683200000,261424.29441335928,261424.29441335928,0,0.0,0.0,0.0,0.0
1709697600000,261424.29441335928,261424.29441335928,0,0.0,0.0,0.0,0.0
1709712000000,261424.29441335928,261424.29441335928,0,0.0,0.0,0.0,0.0
1709726400000,261424.29441335928,261424.29441335928,0,0.0,0.0,0.0,0.0
1709740800000,261424.29441335928,261424.29441335928,0,0.0,0.0,0.0,0.0
1709755200000,261424.29441335928,261424.29441335928,0,0.0,0.0,0.0,0.0
1709769600000,261424.29441335928,261424.29441335928,0,0.0,0.0,0.0,0.0
1709784000000,261424.29441335928,261424.29441335928,0,0.0,0.0,0.0,0.0
1709798400000,261424.29441335928,261424.29441335928,0,0.0,0.0,0.0,0.0
1709812800000,261424.29441335928,261424.29441335928,0,0.0,0.0,0.0,0.0
1709827200000,261424.29441335928,261424.29441335928,0,0.0,0.0,0.0,0.0
1709841600000,261424.29441335928,261424.29441335928,0,0.0,0.0,0.0,0.0
1709856000000,261424.29441335928,261424.29441335928,0,0.0,0.0,0.0,0.0
1709870400000,261424.29441335928,261424.29441335928,0,0.0,0.0,0.0,0.0
1709884800000,261424.29441335928,261424.29441335928,0,0.0,0.0,0.0,0.0
1709899200000,261424.29441335928,261424.29441335928,0,0.0,0.0,0.0,0.0
1709913600000,261424.29441335928,261424.29441335928,0,0.0,0.0,0.0,0.0
1709928000000,261424.29441335928,261424.29441335928,0,0.0,0.0,0.0,0.0
1709942400000,261424.29441335928,261424.29441335928,0,0.0,0.0,0.0,0.0
1709956800000,261424.29441335928,261424.29441335928,0,0.0,0.0,0.0,0.0
1709971200000,261424.29441335928,261424.29441335928,0,0.0,0.0,0.0,0.0
1709985600000,261424.29441335928,261424.29441335928,0,0.0,0.0,0.0,0.0
1710000000000,261424.29441335928,261424.29441335928,0,0.0,0.0,0.0,0.0
1710014400000,261424.29441335928,261424.29441335928,0,0.0,0.0,0.0,0.0
1710028800000,261424.29441335928,261424.29441335928,0,0.0,0.0,0.0,0.0
1710043200000,261424.29441335928,261424.29441335928,0,0.0,0.0,0.0,0.0
1710057600000,261424.29441335928,261424.29441335928,0,0.0,0.0,0.0,0.0
1710072000000,261424.29441335928,261424.29441335928,0,0.0,0.0,0.0,0.0
1710086400000,261424.29441335928,261424.29441335928,0,0.0,0.0,0.0,0.0
1710100800000,261424.29441335928,261424.29441335928,0,0.0,0.0,0.0,0.0
1710115200000,261424.29441335928,261424.29441335928,0,0.0,0.0,0.0,0.0
1710129600000,261424.29441335928,261424.29441335928,0,0.0,0.0,0.0,0.0
1710144000000,261424.29441335928,261424.29441335928,0,0.0,0.0,0.0,0.0
1710158400000,261424.29441335928,261424.29441335928,0,0.0,0.0,0.0,0.0
1710172800000,261424.29441335928,261424.29441335928,0,0.0,0.0,0.0,0.0
1710187200000,261424.29441335928,261424.29441335928,0,0.0,0.0,0.0,0.0
1710201600000,261424.29441335928,261424.29441335928,0,0.0,0.0,0.0,0.0
1710216000000,261424.29441335928,261424.29441335928,0,0.0,0.0,0.0,0.0
1710230400000,261424.29441335928,261424.29441335928,0,0.0,0.0,0.0,0.0
1710244800000,261424.29441335928,261424.29441335928,0,0.0,0.0,0.0,0.0
1710259200000,261424.29441335928,261424.29441335928,0,0.0,0.0,0.0,0.0
1710273600000,261424.29441335928,261424.29441335928,0,0.0,0.0,0.0,0.0
1710288000000,261424.29441335928,261424.29441335928,0,0.0,0.0,0.0,0.0
1710302400000,261424.29441335928,261424.29441335928,0,0.0,0.0,0.0,0.0
1710316800000,261424.29441335928,261424.29441335928,0,0.0,0.0,0.0,0.0
1710331200000,261424.29441335928,261424.29441335928,0,0.0,0.0,0.0,0.0
1710345600000,261424.29441335928,261424.29441335928,0,0.0,0.0,0.0,0.0
1710360000000,261424.29441335928,261424.29441335928,0,0.0,0.0,0.0,0.0
1710374400000,261424.29441335928,261424.29441335928,0,0.0,0.0,0.0,0.0
1710388800000,261424.29441335928,261424.29441335928,0,0.0,0.0,0.0,0.0
1710403200000,261424.29441335928,261424.29441335928,0,0.0,0.0,0.0,0.0
1710417600000,261424.29441335928,261424.29441335928,0,0.0,0.0,0.0,0.0
1710432000000,261424.29441335928,261424.29441335928,0,0.0,0.0,0.0,0.0
1710446400000,261424.29441335928,261424.29441335928,0,0.0,0.0,0.0,0.0
1710460800000,261424.29441335928,261424.29441335928,0,0.0,0.0,0.0,0.0
1710475200000,261424.29441335928,261424.29441335928,0,0.0,0.0,0.0,0.0
1710489600000,261424.29441335928,261424.29441335928,0,0.0,0.0,0.0,0.0
1710504000000,261424.29441335928,261424.29441335928,0,0.0,0.0,0.0,0.0
1710518400000,261424.29441335928,261424.29441335928,0,0.0,0.0,0.0,0.0
1710532800000,261424.29441335928,261424.29441335928,0,0.0,0.0,0.0,0.0
1710547200000,261424.29441335928,261424.29441335928,0,0.0,0.0,0.0,0.0
1710561600000,261424.29441335928,261424.29441335928,0,0.0,0.0,0.0,0.0
1710576000000,261424.29441335928,261424.29441335928,0,0.0,0.0,0.0,0.0
1710590400000,261424.29441335928,261424.29441335928,0,0.0,0.0,0.0,0.0
1710604800000,261424.29441335928,261424.29441335928,0,0.0,0.0,0.0,0.0
1710619200000,261424.29441335928,261424.29441335928,0,0.0,0.0,0.0,0.0
1710633600000,261424.29441335928,261424.29441335928,0,0.0,0.0,0.0,0.0
1710648000000,261424.29441335928,261424.29441335928,0,0.0,0.0,0.0,0.0
1710662400000,261424.29441335928,261424.29441335928,0,0.0,0.0,0.0,0.0
1710676800000,261424.29441335928,261424.29441335928,0,0.0,0.0,0.0,0.0
1710691200000,261424.29441335928,261424.29441335928,0,0.0,0.0,0.0,0.0
1710705600000,261424.29441335928,261424.29441335928,0,0.0,0.0,0.0,0.0
1710720000000,261424.29441335928,261424.29441335928,0,0.0,0.0,0.0,0.0
1710734400000,261424.29441335928,261424.29441335928,0,0.0,0.0,0.0,0.0
1710748800000,261424.29441335928,261424.29441335928,0,0.0,0.0,0.0,0.0
1710763200000,261424.29441335928,261424.29441335928,0,0.0,0.0,0.0,0.0
1710777600000,261424.29441335928,261424.29441335928,0,0.0,0.0,0.0,0.0
1710792000000,261424.29441335928,261424.29441335928,0,0.0,0.0,0.0,0.0
1710806400000,261424.29441335928,261424.29441335928,0,0.0,0.0,0.0,0.0
1710820800000,261424.29441335928,261424.29441335928,0,0.0,0.0,0.0,0.0
1710835200000,261424.29441335928,261424.29441335928,0,0.0,0.0,0.0,0.0
1710849600000,261424.29441335928,261424.29441335928,0,0.0,0.0,0.0,0.0
1710864000000,261424.29441335928,261424.29441335928,0,0.0,0.0,0.0,0.0
1710878400000,261424.29441335928,261424.29441335928,0,0.0,0.0,0.0,0.0
1710892800000,261424.29441335928,261424.29441335928,0,0.0,0.0,0.0,0.0
1710907200000,261424.29441335928,261424.29441335928,0,0.0,0.0,0.0,0.0
1710921600000,261424.29441335928,261424.29441335928,0,0.0,0.0,0.0,0.0
1710936000000,261424.29441335928,261424.29441335928,0,0.0,0.0,0.0,0.0
1710950400000,261424.29441335928,261424.29441335928,0,0.0,0.0,0.0,0.0
1710964800000,261424.29441335928,261424.29441335928,0,0.0,0.0,0.0,0.0
1710979200000,261424.29441335928,261424.29441335928,0,0.0,0.0,0.0,0.0
1710993600000,261424.29441335928,261424.29441335928,0,0.0,0.0,0.0,0.0
1711008000000,261424.29441335928,261424.29441335928,0,0.0,0.0,0.0,0.0
1711022400000,261424.29441335928,261424.29441335928,0,0.0,0.0,0.0,0.0
1711036800000,261424.29441335928,261424.29441335928,0,0.0,0.0,0.0,0.0
1711051200000,261424.29441335928,261424.29441335928,0,0.0,0.0,0.0,0.0
1711065600000,261424.29441335928,261424.29441335928,0,0.0,0.0,0.0,0.0
1711080000000,261424.29441335928,261424.29441335928,0,0.0,0.0,0.0,0.0
1711094400000,261424.29441335928,261424.29441335928,0,0.0,0.0,0.0,0.0
1711108800000,261424.29441335928,261424.29441335928,0,0.0,0.0,0.0,0.0
1711123200000,261424.29441335928,261424.29441335928,0,0.0,0.0,0.0,0.0
1711137600000,261424.29441335928,261424.29441335928,0,0.0,0.0,0.0,0.0
1711152000000,261424.29441335928,261424.29441335928,0,0.0,0.0,0.0,0.0
1711166400000,261424.29441335928,261424.29441335928,0,0.0,0.0,0.0,0.0
1711180800000,261424.29441335928,261424.29441335928,0,0.0,0.0,0.0,0.0
1711195200000,261424.29441335928,261424.29441335928,0,0.0,0.0,0.0,0.0
1711209600000,261424.29441335928,261424.29441335928,0,0.0,0.0,0.0,0.0
1711224000000,261424.29441335928,261424.29441335928,0,0.0,0.0,0.0,0.0
1711238400000,261424.29441335928,261424.29441335928,0,0.0,0.0,0.0,0.0
1711252800000,261424.29441335928,261424.29441335928,0,0.0,0.0,0.0,0.0
1711267200000,261424.29441335928,261424.29441335928,0,0.0,0.0,0.0,0.0
1711281600000,261424.29441335928,261424.29441335928,0,0.0,0.0,0.0,0.0
1711296000000,261424.29441335928,261424.29441335928,0,0.0,0.0,0.0,0.0
1711310400000,261424.29441335928,261424.29441335928,0,0.0,0.0,0.0,0.0
1711324800000,261424.29441335928,261424.29441335928,0,0.0,0.0,0.0,0.0
1711339200000,261424.29441335928,261424.29441335928,0,0.0,0.0,0.0,0.0
1711353600000,261424.29441335928,261424.29441335928,0,0.0,0.0,0.0,0.0
1711368000000,261424.29441335928,261424.29441335928,0,0.0,0.0,0.0,0.0
1711382400000,261424.29441335928,261424.29441335928,0,0.0,0.0,0.0,0.0
1711396800000,261424.29441335928,261424.29441335928,0,0.0,0.0,0.0,0.0
1711411200000,261424.29441335928,261424.29441335928,0,0.0,0.0,0.0,0.0
1711425600000,261424.29441335928,261424.29441335928,0,0.0,0.0,0.0,0.0
1711440000000,262779.5383457789,261424.29441335928,1,113770.81635638516,5228.485888267186,0.0,0.0
1711454400000,263226.4840961093,261400.66967938596,1,114241.38684068888,5228.485888267186,0.0,0.0
1711468800000,260617.54288051755,261400.66967938596,1,111632.44562509714,5228.485888267186,0.0,0.0
1711483200000,259412.1368534535,261372.56888640183,1,110455.14039101722,5228.485888267186,0.0,0.0
1711497600000,260665.03809310647,261372.56888640183,1,111708.04163067021,5228.485888267186,0.0,0.0
1711512000000,260393.05129284388,261336.7463516117,1,111471.87736519774,5228.485888267186,0.0,0.0
1711526400000,258483.22662491634,261336.7463516117,1,109562.05269727019,5228.485888267186,0.0,0.0
1711540800000,259453.8593919662,261292.4001911223,1,110577.03162480948,5228.485888267186,0.0,0.0
1711555200000,256042.47688554798,256042.47688554798,0,0.0,0.0,0.0,0.0
1711569600000,256042.47688554798,256042.47688554798,0,0.0,0.0,0.0,0.0
1711584000000,256042.47688554798,256042.47688554798,0,0.0,0.0,0.0,0.0
1711598400000,256042.47688554798,256042.47688554798,0,0.0,0.0,0.0,0.0
1711612800000,256042.47688554798,256042.47688554798,0,0.0,0.0,0.0,0.0
1711627200000,256042.47688554798,256042.47688554798,0,0.0,0.0,0.0,0.0
1711641600000,256042.47688554798,256042.47688554798,0,0.0,0.0,0.0,0.0
1711656000000,256042.47688554798,256042.47688554798,0,0.0,0.0,0.0,0.0
1711670400000,256042.47688554798,256042.47688554798,0,0.0,0.0,0.0,0.0
1711684800000,256042.47688554798,256042.47688554798,0,0.0,0.0,0.0,0.0
1711699200000,256042.47688554798,256042.47688554798,0,0.0,0.0,0.0,0.0
1711713600000,256042.47688554798,256042.47688554798,0,0.0,0.0,0.0,0.0
1711728000000,256042.47688554798,256042.47688554798,0,0.0,0.0,0.0,0.0
1711742400000,256042.47688554798,256042.47688554798,0,0.0,0.0,0.0,0.0
1711756800000,256042.47688554798,256042.47688554798,0,0.0,0.0,0.0,0.0
1711771200000,256042.47688554798,256042.47688554798,0,0.0,0.0,0.0,0.0
1711785600000,256042.47688554798,256042.47688554798,0,0.0,0.0,0.0,0.0
1711800000000,256042.47688554798,256042.47688554798,0,0.0,0.0,0.0,0.0
1711814400000,256042.47688554798,256042.47688554798,0,0.0,0.0,0.0,0.0
1711828800000,256042.47688554798,256042.47688554798,0,0.0,0.0,0.0,0.0
1711843200000,256042.47688554798,256042.47688554798,0,0.0,0.0,0.0,0.0
1711857600000,256042.47688554798,256042.47688554798,0,0.0,0.0,0.0,0.0
1711872000000,256042.47688554798,256042.47688554798,0,0.0,0.0,0.0,0.0
1711886400000,256042.47688554798,256042.47688554798,0,0.0,0.0,0.0,0.0
1711900800000,256042.47688554798,256042.47688554798,0,0.0,0.0,0.0,0.0
1711915200000,257354.20968593145,256042.47688554798,1,221400.34047753108,5120.849537710959,0.0,0.0
1711929600000,257684.78946887786,256042.47688554798,1,221730.9202604775,5120.849537710959,0.0,0.0
1711944000000,255462.95050280725,255907.42279932654,1,219644.13538062832,5120.849537710959,0.0,0.0
1711958400000,250743.5797099877,250743.5797099877,0,0.0,0.0,0.0,0.0
1711972800000,250743.5797099877,250743.5797099877,0,0.0,0.0,0.0,0.0
1711987200000,253563.7909041041,250743.5797099877,1,124343.08842336595,2507.435797099877,2507.435797099877,124343.08842336595
1712001600000,251663.11309481962,250760.77235525375,1,126260.95887791645,2507.435797099877,2507.435797099877,126260.95887791645
1712016000000,250686.86856741307,250760.77235525375,1,127237.203405323,2507.435797099877,2507.435797099877,127237.203405323
1712030400000,255529.65185130673,253274.85240784002,1,61326.85036527445,1253.7178985499386,1253.7178985499386,61326.85036527445
1712044800000,253896.67566707585,253896.67566707585,0,0.0,0.0,0.0,0.0
1712059200000,253896.67566707585,253896.67566707585,0,0.0,0.0,0.0,0.0
1712073600000,253896.67566707585,253896.67566707585,0,0.0,0.0,0.0,0.0
1712088000000,253896.67566707585,253896.67566707585,0,0.0,0.0,0.0,0.0
1712102400000,253896.67566707585,253896.67566707585,0,0.0,0.0,0.0,0.0
1712116800000,253896.67566707585,253896.67566707585,0,0.0,0.0,0.0,0.0
1712131200000,253896.67566707585,253896.67566707585,0,0.0,0.0,0.0,0.0
1712145600000,253896.67566707585,253896.67566707585,0,0.0,0.0,0.0,0.0
1712160000000,253896.67566707585,253896.67566707585,0,0.0,0.0,0.0,0.0
1712174400000,253896.67566707585,253896.67566707585,0,0.0,0.0,0.0,0.0
1712188800000,253896.67566707585,253896.67566707585,0,0.0,0.0,0.0,0.0
1712203200000,253896.67566707585,253896.67566707585,0,0.0,0.0,0.0,0.0
1712217600000,253896.67566707585,253896.67566707585,0,0.0,0.0,0.0,0.0
1712232000000,253896.67566707585,253896.67566707585,0,0.0,0.0,0.0,0.0
1712246400000,253896.67566707585,253896.67566707585,0,0.0,0.0,0.0,0.0
1712260800000,253896.67566707585,253896.67566707585,0,0.0,0.0,0.0,0.0
1712275200000,253896.67566707585,253896.67566707585,0,0.0,0.0,0.0,0.0
1712289600000,253896.67566707585,253896.67566707585,0,0.0,0.0,0.0,0.0
1712304000000,253896.67566707585,253896.67566707585,0,0.0,0.0,0.0,0.0
1712318400000,253896.67566707585,253896.67566707585,0,0.0,0.0,0.0,0.0
1712332800000,253896.67566707585,253896.67566707585,0,0.0,0.0,0.0,0.0
1712347200000,253896.67566707585,253896.67566707585,0,0.0,0.0,0.0,0.0
1712361600000,253896.67566707585,253896.67566707585,0,0.0,0.0,0.0,0.0
1712376000000,253896.67566707585,253896.67566707585,0,0.0,0.0,0.0,0.0
1712390400000,253896.67566707585,253896.67566707585,0,0.0,0.0,0.0,0.0
1712404800000,253896.67566707585,253896.67566707585,0,0.0,0.0,0.0,0.0
1712419200000,253896.67566707585,253896.67566707585,0,0.0,0.0,0.0,0.0
1712433600000,253896.67566707585,253896.67566707585,0,0.0,0.0,0.0,0.0
1712448000000,253896.67566707585,253896.67566707585,0,0.0,0.0,0.0,0.0
1712462400000,253896.67566707585,253896.67566707585,0,0.0,0.0,0.0,0.0
1712476800000,253896.67566707585,253896.67566707585,0,0.0,0.0,0.0,0.0
1712491200000,253896.67566707585,253896.67566707585,0,0.0,0.0,0.0,0.0
1712505600000,253896.67566707585,253896.67566707585,0,0.0,0.0,0.0,0.0
1712520000000,253896.67566707585,253896.67566707585,0,0.0,0.0,0.0,0.0
1712534400000,253896.67566707585,253896.67566707585,0,0.0,0.0,0.0,0.0
1712548800000,253896.67566707585,253896.67566707585,0,0.0,0.0,0.0,0.0
1712563200000,253896.67566707585,253896.67566707585,0,0.0,0.0,0.0,0.0
1712577600000,253896.67566707585,253896.67566707585,0,0.0,0.0,0.0,0.0
1712592000000,253896.67566707585,253896.67566707585,0,0.0,0.0,0.0,0.0
1712606400000,253896.67566707585,253896.67566707585,0,0.0,0.0,0.0,0.0
1712620800000,253896.67566707585,253896.67566707585,0,0.0,0.0,0.0,0.0
1712635200000,253896.67566707585,253896.67566707585,0,0.0,0.0,0.0,0.0
1712649600000,253896.67566707585,253896.67566707585,0,0.0,0.0,0.0,0.0
1712664000000,253896.67566707585,253896.67566707585,0,0.0,0.0,0.0,0.0
1712678400000,253896.67566707585,253896.67566707585,0,0.0,0.0,0.0,0.0
1712692800000,253896.67566707585,253896.67566707585,0,0.0,0.0,0.0,0.0
1712707200000,253896.67566707585,253896.67566707585,0,0.0,0.0,0.0,0.0
1712721600000,253896.67566707585,253896.67566707585,0,0.0,0.0,0.0,0.0
1712736000000,253896.67566707585,253896.67566707585,0,0.0,0.0,0.0,0.0
1712750400000,253896.67566707585,253896.67566707585,0,0.0,0.0,0.0,0.0
1712764800000,253896.67566707585,253896.67566707585,0,0.0,0.0,0.0,0.0
1712779200000,253896.67566707585,253896.67566707585,0,0.0,0.0,0.0,0.0
1712793600000,253896.67566707585,253896.67566707585,0,0.0,0.0,0.0,0.0
1712808000000,253896.67566707585,253896.67566707585,0,0.0,0.0,0.0,0.0
1712822400000,253896.67566707585,253896.67566707585,0,0.0,0.0,0.0,0.0
1712836800000,253896.67566707585,253896.67566707585,0,0.0,0.0,0.0,0.0
1712851200000,253896.67566707585,253896.67566707585,0,0.0,0.0,0.0,0.0
1712865600000,253896.67566707585,253896.67566707585,0,0.0,0.0,0.0,0.0
1712880000000,253896.67566707585,253896.67566707585,0,0.0,0.0,0.0,0.0
1712894400000,253896.67566707585,253896.67566707585,0,0.0,0.0,0.0,0.0
1712908800000,253896.67566707585,253896.67566707585,0,0.0,0.0,0.0,0.0
1712923200000,253896.67566707585,253896.67566707585,0,0.0,0.0,0.0,0.0
1712937600000,253896.67566707585,253896.67566707585,0,0.0,0.0,0.0,0.0
1712952000000,262874.1699914766,256422.80070803926,1,60296.17600991967,1269.4833783353793,1269.4833783353793,60296.17600991967
1712966400000,262850.86551382724,262850.86551382724,0,0.0,0.0,0.0,0.0
1712980800000,263905.557934531,262850.86551382724,1,159557.10237403633,5257.017310276545,5257.017310276545,159557.10237403633
1712995200000,264081.79921108554,262850.86551382724,1,159380.86109748177,5257.017310276545,5257.017310276545,159380.86109748177
1713009600000,264156.482891623,262866.80210217985,1,159322.11400529696,5257.017310276545,5257.017310276545,159322.11400529696
1713024000000,263921.4945228836,262866.80210217985,1,159557.10237403633,5257.017310276545,5257.017310276545,159557.10237403633
1713038400000,276215.7971476458,268124.7628184953,1,72214.8630682195,2628.5086551382724,2628.5086551382724,72214.8630682195
1713052800000,278139.7644166995,268124.7628184953,1,70290.89579916585,2628.5086551382724,2628.5086551382724,70290.89579916585
1713067200000,278128.3477694038,278128.3477694038,0,0.0,0.0,0.0,0.0
1713081600000,278128.3477694038,278128.3477694038,0,0.0,0.0,0.0,0.0
1713096000000,278128.3477694038,278128.3477694038,0,0.0,0.0,0.0,0.0
1713110400000,278128.3477694038,278128.3477694038,0,0.0,0.0,0.0,0.0
1713124800000,278128.3477694038,278128.3477694038,0,0.0,0.0,0.0,0.0
1713139200000,278128.3477694038,278128.3477694038,0,0.0,0.0,0.0,0.0
1713153600000,278128.3477694038,278128.3477694038,0,0.0,0.0,0.0,0.0
1713168000000,278128.3477694038,278128.3477694038,0,0.0,0.0,0.0,0.0
1713182400000,278128.3477694038,278128.3477694038,0,0.0,0.0,0.0,0.0
1713196800000,278128.3477694038,278128.3477694038,0,0.0,0.0,0.0,0.0
1713211200000,278128.3477694038,278128.3477694038,0,0.0,0.0,0.0,0.0
1713225600000,278128.3477694038,278128.3477694038,0,0.0,0.0,0.0,0.0
1713240000000,278128.3477694038,278128.3477694038,0,0.0,0.0,0.0,0.0
1713254400000,278128.3477694038,278128.3477694038,0,0.0,0.0,0.0,0.0
1713268800000,278128.3477694038,278128.3477694038,0,0.0,0.0,0.0,0.0
1713283200000,278128.3477694038,278128.3477694038,0,0.0,0.0,0.0,0.0
1713297600000,278128.3477694038,278128.3477694038,0,0.0,0.0,0.0,0.0
1713312000000,278128.3477694038,278128.3477694038,0,0.0,0.0,0.0,0.0
1713326400000,278128.3477694038,278128.3477694038,0,0.0,0.0,0.0,0.0
1713340800000,278128.3477694038,278128.3477694038,0,0.0,0.0,0.0,0.0
1713355200000,278128.3477694038,278128.3477694038,0,0.0,0.0,0.0,0.0
1713369600000,278128.3477694038,278128.3477694038,0,0.0,0.0,0.0,0.0
1713384000000,278128.3477694038,278128.3477694038,0,0.0,0.0,0.0,0.0
1713398400000,278128.3477694038,278128.3477694038,0,0.0,0.0,0.0,0.0
1713412800000,278128.3477694038,278128.3477694038,0,0.0,0.0,0.0,0.0
1713427200000,278128.3477694038,278128.3477694038,0,0.0,0.0,0.0,0.0
1713441600000,278128.3477694038,278128.3477694038,0,0.0,0.0,0.0,0.0
1713456000000,278128.3477694038,278128.3477694038,0,0.0,0.0,0.0,0.0
1713470400000,278128.3477694038,278128.3477694038,0,0.0,0.0,0.0,0.0
1713484800000,278128.3477694038,278128.3477694038,0,0.0,0.0,0.0,0.0
1713499200000,278128.3477694038,278128.3477694038,0,0.0,0.0,0.0,0.0
1713513600000,278128.3477694038,278128.3477694038,0,0.0,0.0,0.0,0.0
1713528000000,278128.3477694038,278128.3477694038,0,0.0,0.0,0.0,0.0
1713542400000,278128.3477694038,278128.3477694038,0,0.0,0.0,0.0,0.0
1713556800000,278128.3477694038,278128.3477694038,0,0.0,0.0,0.0,0.0
1713571200000,278128.3477694038,278128.3477694038,0,0.0,0.0,0.0,0.0
1713585600000,278128.3477694038,278128.3477694038,0,0.0,0.0,0.0,0.0
1713600000000,278128.3477694038,278128.3477694038,0,0.0,0.0,0.0,0.0
1713614400000,278128.3477694038,278128.3477694038,0,0.0,0.0,0.0,0.0
1713628800000,278128.3477694038,278128.3477694038,0,0.0,0.0,0.0,0.0
1713643200000,278128.3477694038,278128.3477694038,0,0.0,0.0,0.0,0.0
1713657600000,278128.3477694038,278128.3477694038,0,0.0,0.0,0.0,0.0
1713672000000,278128.3477694038,278128.3477694038,0,0.0,0.0,0.0,0.0
1713686400000,278128.3477694038,278128.3477694038,0,0.0,0.0,0.0,0.0
1713700800000,278128.3477694038,278128.3477694038,0,0.0,0.0,0.0,0.0
1713715200000,278128.3477694038,278128.3477694038,0,0.0,0.0,0.0,0.0
1713729600000,278128.3477694038,278128.3477694038,0,0.0,0.0,0.0,0.0
1713744000000,278128.3477694038,278128.3477694038,0,0.0,0.0,0.0,0.0
1713758400000,278128.3477694038,278128.3477694038,0,0.0,0.0,0.0,0.0
1713772800000,278128.3477694038,278128.3477694038,0,0.0,0.0,0.0,0.0
1713787200000,278128.3477694038,278128.3477694038,0,0.0,0.0,0.0,0.0
1713801600000,278128.3477694038,278128.3477694038,0,0.0,0.0,0.0,0.0
1713816000000,278128.3477694038,278128.3477694038,0,0.0,0.0,0.0,0.0
1713830400000,278128.3477694038,278128.3477694038,0,0.0,0.0,0.0,0.0
1713844800000,278128.3477694038,278128.3477694038,0,0.0,0.0,0.0,0.0
1713859200000,278128.3477694038,278128.3477694038,0,0.0,0.0,0.0,0.0
1713873600000,278128.3477694038,278128.3477694038,0,0.0,0.0,0.0,0.0
1713888000000,278128.3477694038,278128.3477694038,0,0.0,0.0,0.0,0.0
1713902400000,278128.3477694038,278128.3477694038,0,0.0,0.0,0.0,0.0
1713916800000,278128.3477694038,278128.3477694038,0,0.0,0.0,0.0,0.0
1713931200000,278128.3477694038,278128.3477694038,0,0.0,0.0,0.0,0.0
1713945600000,278128.3477694038,278128.3477694038,0,0.0,0.0,0.0,0.0
1713960000000,278128.3477694038,278128.3477694038,0,0.0,0.0,0.0,0.0
1713974400000,278128.3477694038,278128.3477694038,0,0.0,0.0,0.0,0.0
1713988800000,278128.3477694038,278128.3477694038,0,0.0,0.0,0.0,0.0
1714003200000,278128.3477694038,278128.3477694038,0,0.0,0.0,0.0,0.0
1714017600000,278923.74005625065,278128.3477694038,1,173657.42423394436,5562.566955388075,5562.566955388075,173657.42423394436
1714032000000,279546.45742849534,278128.3477694038,1,173034.70686169964,5562.566955388075,5562.566955388075,173034.70686169964
1714046400000,279695.45244060655,278138.96114323835,1,172896.32522342305,5562.566955388075,5562.566955388075,172896.32522342305
1714060800000,277988.7455685285,278138.96114323835,1,174603.0320955011,5562.566955388075,5562.566955388075,174603.0320955011
1714075200000,276887.622455704,278156.42293981643,1,175721.61700490362,5562.566955388075,5562.566955388075,175721.61700490362
1714089600000,278213.77982252144,278156.42293981643,1,174395.45963808623,5562.566955388075,5562.566955388075,174395.45963808623
1714104000000,279011.0428331925,278146.4597272073,1,173588.23341480605,5562.566955388075,5562.566955388075,173588.23341480605
1714118400000,279495.37856716063,278146.4597272073,1,173103.89768083792,5562.566955388075,5562.566955388075,173103.89768083792
1714132800000,280031.20773471566,278151.8259480354,1,172573.43473411098,5562.566955388075,5562.566955388075,172573.43473411098
1714147200000,281795.5736227423,278151.8259480354,1,170809.06884608432,5562.566955388075,5562.566955388075,170809.06884608432
1714161600000,280477.8947831251,278160.30447523564,1,172135.22621290176,5562.566955388075,5562.566955388075,172135.22621290176
1714176000000,282034.68821373687,278160.30447523564,1,170578.43278228998,5562.566955388075,5562.566955388075,170578.43278228998
1714190400000,286505.6805394617,283715.13523417205,1,84435.86295510594,2781.2834776940376,2781.2834776940376,84435.86295510594
1714204800000,287335.97036912135,283715.13523417205,1,83605.57312544635,2781.2834776940376,2781.2834776940376,83605.57312544635
1714219200000,287888.5211142457,283719.9253277849,1,83057.81247393481,2781.2834776940376,2781.2834776940376,83057.81247393481
1714233600000,287017.8699734221,283719.9253277849,1,83928.46361475841,2781.2834776940376,2781.2834776940376,83928.46361475841
1714248000000,284918.7605214797,284918.7605214797,0,0.0,0.0,0.0,0.0
1714262400000,284918.7605214797,284918.7605214797,0,0.0,0.0,0.0,0.0
1714276800000,284918.7605214797,284918.7605214797,0,0.0,0.0,0.0,0.0
1714291200000,284918.7605214797,284918.7605214797,0,0.0,0.0,0.0,0.0
1714305600000,284918.7605214797,284918.7605214797,0,0.0,0.0,0.0,0.0
1714320000000,284918.7605214797,284918.7605214797,0,0.0,0.0,0.0,0.0
1714334400000,284918.7605214797,284918.7605214797,0,0.0,0.0,0.0,0.0
1714348800000,284918.7605214797,284918.7605214797,0,0.0,0.0,0.0,0.0
1714363200000,289337.6463543087,284918.7605214797,1,337007.6706465741,5698.3752104295945,5698.3752104295945,337007.6706465741
1714377600000,291734.10875110375,284918.7605214797,2,581060.264120219,11485.12813751577,11485.12813751577,581060.264120219
1714392000000,292314.0810241952,284843.5770566754,2,580405.1083823233,11485.12813751577,11485.12813751577,580405.1083823233
1714406400000,282367.2407819594,284843.5770566754,2,590351.9486245592,11485.12813751577,11485.12813751577,590351.9486245592
1714420800000,279953.84935594816,280711.41596069786,1,247206.6224751897,5786.752927086175,5786.752927086175,247206.6224751897
1714435200000,275934.38368638797,275934.38368638797,0,0.0,0.0,0.0,0.0
1714449600000,275934.38368638797,275934.38368638797,0,0.0,0.0,0.0,0.0
1714464000000,275934.38368638797,275934.38368638797,0,0.0,0.0,0.0,0.0
1714478400000,275934.38368638797,275934.38368638797,0,0.0,0.0,0.0,0.0
1714492800000,279580.10900412477,275934.38368638797,2,516316.96202076133,11034.649749592705,11034.649749592705,516316.96202076133
1714507200000,294662.8974850521,281461.2529846627,2,336445.2463855764,8275.305912728825,8275.305912728825,336445.2463855764
1714521600000,282179.73509628716,277921.51984200516,2,345388.6756316838,8275.305912728825,8275.305912728825,345388.6756316838
1714536000000,284141.92266788566,277932.1119002821,2,343437.0801183622,8275.305912728825,8275.305912728825,343437.0801183622
1714550400000,299382.9060039082,283431.24405911885,2,244029.68172445972,5517.324874796353,5517.324874796353,244029.68172445972
1714564800000,296648.80485663656,283453.95860148116,2,246786.4974140937,5517.324874796353,5517.324874796353,246786.4974140937
1714579200000,299185.5124528491,283453.95860148116,2,244249.7898178811,5517.324874796353,5517.324874796353,244249.7898178811
1714593600000,290296.27203681134,290296.27203681134,0,0.0,0.0,0.0,0.0
1714608000000,290296.27203681134,290296.27203681134,0,0.0,0.0,0.0,0.0
1714622400000,290296.27203681134,290296.27203681134,0,0.0,0.0,0.0,0.0
1714636800000,290296.27203681134,290296.27203681134,0,0.0,0.0,0.0,0.0
1714651200000,290296.27203681134,290296.27203681134,0,0.0,0.0,0.0,0.0
1714665600000,290296.27203681134,290296.27203681134,0,0.0,0.0,0.0,0.0
1714680000000,290296.27203681134,290296.27203681134,0,0.0,0.0,0.0,0.0
1714694400000,290296.27203681134,290296.27203681134,0,0.0,0.0,0.0,0.0
1714708800000,290296.27203681134,290296.27203681134,0,0.0,0.0,0.0,0.0
1714723200000,290296.27203681134,290296.27203681134,0,0.0,0.0,0.0,0.0
1714737600000,290296.27203681134,290296.27203681134,0,0.0,0.0,0.0,0.0
1714752000000,290296.27203681134,290296.27203681134,0,0.0,0.0,0.0,0.0
1714766400000,290296.27203681134,290296.27203681134,0,0.0,0.0,0.0,0.0
1714780800000,290296.27203681134,290296.27203681134,0,0.0,0.0,0.0,0.0
1714795200000,290296.27203681134,290296.27203681134,0,0.0,0.0,0.0,0.0
1714809600000,290296.27203681134,290296.27203681134,0,0.0,0.0,0.0,0.0
1714824000000,290296.27203681134,290296.27203681134,0,0.0,0.0,0.0,0.0
1714838400000,290296.27203681134,290296.27203681134,0,0.0,0.0,0.0,0.0
1714852800000,290296.27203681134,290296.27203681134,0,0.0,0.0,0.0,0.0
1714867200000,290296.27203681134,290296.27203681134,0,0.0,0.0,0.0,0.0
1714881600000,290296.27203681134,290296.27203681134,0,0.0,0.0,0.0,0.0
1714896000000,290296.27203681134,290296.27203681134,0,0.0,0.0,0.0,0.0
1714910400000,290296.27203681134,290296.27203681134,0,0.0,0.0,0.0,0.0
1714924800000,290296.27203681134,290296.27203681134,0,0.0,0.0,0.0,0.0
1714939200000,290296.27203681134,290296.27203681134,0,0.0,0.0,0.0,0.0
1714953600000,290296.27203681134,290296.27203681134,0,0.0,0.0,0.0,0.0
1714968000000,290296.27203681134,290296.27203681134,0,0.0,0.0,0.0,0.0
1714982400000,290296.27203681134,290296.27203681134,0,0.0,0.0,0.0,0.0
1714996800000,290296.27203681134,290296.27203681134,0,0.0,0.0,0.0,0.0
1715011200000,290296.27203681134,290296.27203681134,0,0.0,0.0,0.0,0.0
1715025600000,290296.27203681134,290296.27203681134,0,0.0,0.0,0.0,0.0
1715040000000,290296.27203681134,290296.27203681134,0,0.0,0.0,0.0,0.0
1715054400000,290296.27203681134,290296.27203681134,0,0.0,0.0,0.0,0.0
1715068800000,290296.27203681134,290296.27203681134,0,0.0,0.0,0.0,0.0
1715083200000,290296.27203681134,290296.27203681134,0,0.0,0.0,0.0,0.0
1715097600000,290296.27203681134,290296.27203681134,0,0.0,0.0,0.0,0.0
1715112000000,290296.27203681134,290296.27203681134,0,0.0,0.0,0.0,0.0
1715126400000,290296.27203681134,290296.27203681134,0,0.0,0.0,0.0,0.0
1715140800000,288478.98881897307,290296.27203681134,1,279365.20120218094,5805.925440736227,5805.925440736227,279365.20120218094
1715155200000,296122.79890075524,290296.27203681134,2,479407.30958505033,11539.159552758923,11539.159552758923,479407.30958505033
1715169600000,296717.63031991216,290310.85979493335,2,478827.06592401536,11539.159552758923,11539.159552758923,478827.06592401536
1715184000000,289187.06953762483,284448.2635855121,1,202947.11251253888,5733.2341120226965,5733.2341120226965,202947.11251253888
1715198400000,289719.5441721168,284468.5577080501,1,202434.9320005849,5733.2341120226965,5733.2341120226965,202434.9320005849
1715212800000,292027.30004207056,284468.5577080501,1,200127.17613063112,5733.2341120226965,5733.2341120226965,200127.17613063112
1715227200000,290285.78219220747,284481.40528993757,1,201881.5415623817,5733.2341120226965,5733.2341120226965,201881.5415623817
1715241600000,290550.70314666646,284481.40528993757,1,201616.6206079227,5733.2341120226965,5733.2341120226965,201616.6206079227
1715256000000,291661.0278629912,284479.06199753465,1,200503.952599195,5733.2341120226965,5733.2341120226965,200503.952599195
1715270400000,290089.16353320127,284479.06199753465,1,202075.81692898495,5733.2341120226965,5733.2341120226965,202075.81692898495
1715284800000,288146.51715683145,284490.9435518399,1,204030.34485966002,5733.2341120226965,5733.2341120226965,204030.34485966002
1715299200000,284456.92101144,284456.92101144,0,0.0,0.0,0.0,0.0
1715313600000,284456.92101144,284456.92101144,0,0.0,0.0,0.0,0.0
1715328000000,284456.92101144,284456.92101144,0,0.0,0.0,0.0,0.0
1715342400000,284456.92101144,284456.92101144,0,0.0,0.0,0.0,0.0
1715356800000,284456.92101144,284456.92101144,0,0.0,0.0,0.0,0.0
1715371200000,284456.92101144,284456.92101144,0,0.0,0.0,0.0,0.0
1715385600000,283498.3386492519,284456.92101144,1,311199.0012884657,5689.1384202288,5689.1384202288,311199.0012884657
1715400000000,282169.9652666822,284480.50367175764,2,579558.0522988506,11340.876852382782,11340.876852382782,579558.0522988506
1715414400000,280819.6194230677,284480.50367175764,2,580908.3981424652,11340.876852382782,11340.876852382782,580908.3981424652
1715428800000,285423.0818174145,284496.2146572035,2,576320.6467335643,11340.876852382782,11340.876852382782,576320.6467335643
1715443200000,283149.96022431203,284496.2146572035,2,578593.7683266667,11340.876852382782,11340.876852382782,578593.7683266667
1715457600000,282942.1494085821,284537.35463185323,2,578842.7191170463,11340.876852382782,11340.876852382782,578842.7191170463
1715472000000,288252.1675772212,284537.35463185323,2,573532.7009484073,11340.876852382782,11340.876852382782,573532.7009484073
1715486400000,286241.35330233653,284580.83724417514,2,575586.9978356139,11340.876852382782,11340.876852382782,575586.9978356139
1715500800000,288742.563159996,284580.83724417514,2,573085.7879779544,11340.876852382782,11340.876852382782,573085.7879779544
1715515200000,283470.98207633116,284602.73480582755,2,578379.2666232716,11340.876852382782,11340.876852382782,578379.2666232716
1715529600000,281248.72106858797,284602.73480582755,2,580601.5276310148,11340.876852382782,11340.876852382782,580601.5276310148
1715544000000,279868.0057386451,278876.98108720675,1,266016.0703160593,5651.738432153982,5651.738432153982,266016.0703160593
1715558400000,278843.27533962036,278876.98108720675,1,267040.800715084,5651.738432153982,5651.738432153982,267040.800715084
1715572800000,283508.46714714135,278891.47339146154,1,262390.1012118178,5651.738432153982,5651.738432153982,262390.1012118178
1715587200000,280237.21241179307,278891.47339146154,1,265661.3559471661,5651.738432153982,5651.738432153982,265661.3559471661
1715601600000,278366.1020672054,278366.1020672054,0,0.0,0.0,0.0,0.0
1715616000000,278366.1020672054,278366.1020672054,0,0.0,0.0,0.0,0.0
1715630400000,278366.1020672054,278366.1020672054,0,0.0,0.0,0.0,0.0
1715644800000,278366.1020672054,278366.1020672054,0,0.0,0.0,0.0,0.0
1715659200000,278366.1020672054,278366.1020672054,0,0.0,0.0,0.0,0.0
1715673600000,278366.1020672054,278366.1020672054,0,0.0,0.0,0.0,0.0
1715688000000,278366.1020672054,278366.1020672054,0,0.0,0.0,0.0,0.0
1715702400000,278366.1020672054,278366.1020672054,0,0.0,0.0,0.0,0.0
1715716800000,278855.8254836697,278366.1020672054,1,377590.32925450656,5567.322041344109,5567.322041344109,377590.32925450656
1715731200000,281528.4417837909,278366.1020672054,2,639973.3245166992,11144.438551017502,11144.438551017502,639973.3245166992
1715745600000,279981.4687761328,277955.00545734825,2,641109.2009145,11144.438551017502,11144.438551017502,641109.2009145
1715760000000,277368.5370366141,277955.00545734825,2,643722.1326540187,11144.438551017502,11144.438551017502,643722.1326540187
1715774400000,280141.8995390483,277673.46171523246,2,640667.2264094687,11144.438551017502,11144.438551017502,640667.2264094687
1715788800000,267015.23658794496,267015.23658794496,0,0.0,0.0,0.0,0.0
1715803200000,267015.23658794496,267015.23658794496,0,0.0,0.0,0.0,0.0
1715817600000,267015.23658794496,267015.23658794496,0,0.0,0.0,0.0,0.0
1715832000000,267015.23658794496,267015.23658794496,0,0.0,0.0,0.0,0.0
1715846400000,267015.23658794496,267015.23658794496,0,0.0,0.0,0.0,0.0
1715860800000,267015.23658794496,267015.23658794496,0,0.0,0.0,0.0,0.0
1715875200000,267015.23658794496,267015.23658794496,0,0.0,0.0,0.0,0.0
1715889600000,267015.23658794496,267015.23658794496,0,0.0,0.0,0.0,0.0
1715904000000,267015.23658794496,267015.23658794496,0,0.0,0.0,0.0,0.0
1715918400000,267015.23658794496,267015.23658794496,0,0.0,0.0,0.0,0.0
1715932800000,267015.23658794496,267015.23658794496,0,0.0,0.0,0.0,0.0
1715947200000,267015.23658794496,267015.23658794496,0,0.0,0.0,0.0,0.0
1715961600000,267015.23658794496,267015.23658794496,0,0.0,0.0,0.0,0.0
1715976000000,267015.23658794496,267015.23658794496,0,0.0,0.0,0.0,0.0
1715990400000,267015.23658794496,267015.23658794496,0,0.0,0.0,0.0,0.0
1716004800000,267015.23658794496,267015.23658794496,0,0.0,0.0,0.0,0.0
1716019200000,267015.23658794496,267015.23658794496,0,0.0,0.0,0.0,0.0
1716033600000,267015.23658794496,267015.23658794496,0,0.0,0.0,0.0,0.0
1716048000000,267015.23658794496,267015.23658794496,0,0.0,0.0,0.0,0.0
1716062400000,267015.23658794496,267015.23658794496,0,0.0,0.0,0.0,0.0
1716076800000,267015.23658794496,267015.23658794496,0,0.0,0.0,0.0,0.0
1716091200000,267015.23658794496,267015.23658794496,0,0.0,0.0,0.0,0.0
1716105600000,267015.23658794496,267015.23658794496,0,0.0,0.0,0.0,0.0
1716120000000,267015.23658794496,267015.23658794496,0,0.0,0.0,0.0,0.0
1716134400000,267015.23658794496,267015.23658794496,0,0.0,0.0,0.0,0.0
1716148800000,267015.23658794496,267015.23658794496,0,0.0,0.0,0.0,0.0
1716163200000,267015.23658794496,267015.23658794496,0,0.0,0.0,0.0,0.0
1716177600000,267015.23658794496,267015.23658794496,0,0.0,0.0,0.0,0.0
1716192000000,267015.23658794496,267015.23658794496,0,0.0,0.0,0.0,0.0
1716206400000,267015.23658794496,267015.23658794496,0,0.0,0.0,0.0,0.0
1716220800000,267015.23658794496,267015.23658794496,0,0.0,0.0,0.0,0.0
1716235200000,267015.23658794496,267015.23658794496,0,0.0,0.0,0.0,0.0
1716249600000,267015.23658794496,267015.23658794496,0,0.0,0.0,0.0,0.0
1716264000000,267015.23658794496,267015.23658794496,0,0.0,0.0,0.0,0.0
1716278400000,267015.23658794496,267015.23658794496,0,0.0,0.0,0.0,0.0
1716292800000,267015.23658794496,267015.23658794496,0,0.0,0.0,0.0,0.0
1716307200000,267015.23658794496,267015.23658794496,0,0.0,0.0,0.0,0.0
1716321600000,267015.23658794496,267015.23658794496,0,0.0,0.0,0.0,0.0
1716336000000,267015.23658794496,267015.23658794496,0,0.0,0.0,0.0,0.0
1716350400000,267015.23658794496,267015.23658794496,0,0.0,0.0,0.0,0.0
1716364800000,267015.23658794496,267015.23658794496,0,0.0,0.0,0.0,0.0
1716379200000,267015.23658794496,267015.23658794496,0,0.0,0.0,0.0,0.0
1716393600000,267015.23658794496,267015.23658794496,0,0.0,0.0,0.0,0.0
1716408000000,267015.23658794496,267015.23658794496,0,0.0,0.0,0.0,0.0
1716422400000,267015.23658794496,267015.23658794496,0,0.0,0.0,0.0,0.0
1716436800000,267015.23658794496,267015.23658794496,0,0.0,0.0,0.0,0.0
1716451200000,267015.23658794496,267015.23658794496,0,0.0,0.0,0.0,0.0
1716465600000,267015.23658794496,267015.23658794496,0,0.0,0.0,0.0,0.0
1716480000000,267015.23658794496,267015.23658794496,0,0.0,0.0,0.0,0.0
1716494400000,267015.23658794496,267015.23658794496,0,0.0,0.0,0.0,0.0
1716508800000,267015.23658794496,267015.23658794496,0,0.0,0.0,0.0,0.0
1716523200000,267015.23658794496,267015.23658794496,0,0.0,0.0,0.0,0.0
1716537600000,267015.23658794496,267015.23658794496,0,0.0,0.0,0.0,0.0
1716552000000,267015.23658794496,267015.23658794496,0,0.0,0.0,0.0,0.0
1716566400000,267015.23658794496,267015.23658794496,0,0.0,0.0,0.0,0.0
1716580800000,267015.23658794496,267015.23658794496,0,0.0,0.0,0.0,0.0
1716595200000,267015.23658794496,267015.23658794496,0,0.0,0.0,0.0,0.0
1716609600000,267015.23658794496,267015.23658794496,0,0.0,0.0,0.0,0.0
1716624000000,267015.23658794496,267015.23658794496,0,0.0,0.0,0.0,0.0
1716638400000,267015.23658794496,267015.23658794496,0,0.0,0.0,0.0,0.0
1716652800000,267015.23658794496,267015.23658794496,0,0.0,0.0,0.0,0.0
1716667200000,267015.23658794496,267015.23658794496,0,0.0,0.0,0.0,0.0
1716681600000,267015.23658794496,267015.23658794496,0,0.0,0.0,0.0,0.0
1716696000000,267015.23658794496,267015.23658794496,0,0.0,0.0,0.0,0.0
1716710400000,267015.23658794496,267015.23658794496,0,0.0,0.0,0.0,0.0
1716724800000,267015.23658794496,267015.23658794496,0,0.0,0.0,0.0,0.0
1716739200000,267015.23658794496,267015.23658794496,0,0.0,0.0,0.0,0.0
1716753600000,267015.23658794496,267015.23658794496,0,0.0,0.0,0.0,0.0
1716768000000,267015.23658794496,267015.23658794496,0,0.0,0.0,0.0,0.0
1716782400000,267015.23658794496,267015.23658794496,0,0.0,0.0,0.0,0.0
1716796800000,267015.23658794496,267015.23658794496,0,0.0,0.0,0.0,0.0
1716811200000,267015.23658794496,267015.23658794496,0,0.0,0.0,0.0,0.0
1716825600000,267015.23658794496,267015.23658794496,0,0.0,0.0,0.0,0.0
1716840000000,267015.23658794496,267015.23658794496,0,0.0,0.0,0.0,0.0
1716854400000,267015.23658794496,267015.23658794496,0,0.0,0.0,0.0,0.0
1716868800000,267015.23658794496,267015.23658794496,0,0.0,0.0,0.0,0.0
1716883200000,267015.23658794496,267015.23658794496,0,0.0,0.0,0.0,0.0
1716897600000,264320.06766492815,264320.06766492815,0,0.0,0.0,0.0,0.0
1716912000000,264320.06766492815,264320.06766492815,0,0.0,0.0,0.0,0.0
1716926400000,264320.06766492815,264320.06766492815,0,0.0,0.0,0.0,0.0
1716940800000,264320.06766492815,264320.06766492815,0,0.0,0.0,0.0,0.0
1716955200000,264320.06766492815,264320.06766492815,0,0.0,0.0,0.0,0.0
1716969600000,264320.06766492815,264320.06766492815,0,0.0,0.0,0.0,0.0
1716984000000,264320.06766492815,264320.06766492815,0,0.0,0.0,0.0,0.0
1716998400000,264320.06766492815,264320.06766492815,0,0.0,0.0,0.0,0.0
1717012800000,264320.06766492815,264320.06766492815,0,0.0,0.0,0.0,0.0
1717027200000,264320.06766492815,264320.06766492815,0,0.0,0.0,0.0,0.0
1717041600000,264320.06766492815,264320.06766492815,0,0.0,0.0,0.0,0.0
1717056000000,264320.06766492815,264320.06766492815,0,0.0,0.0,0.0,0.0
1717070400000,263312.05838096736,264320.06766492815,1,162123.9808061201,2643.2006766492814,2643.2006766492814,162123.9808061201
1717084800000,262553.1186580676,264320.06766492815,1,162882.92052901987,2643.2006766492814,2643.2006766492814,162882.92052901987
1717099200000,261660.40057999105,261660.40057999105,0,0.0,0.0,0.0,0.0
1717113600000,261660.40057999105,261660.40057999105,0,0.0,0.0,0.0,0.0
1717128000000,261660.40057999105,261660.40057999105,0,0.0,0.0,0.0,0.0
1717142400000,261660.40057999105,261660.40057999105,0,0.0,0.0,0.0,0.0
1717156800000,261660.40057999105,261660.40057999105,0,0.0,0.0,0.0,0.0
1717171200000,261660.40057999105,261660.40057999105,0,0.0,0.0,0.0,0.0
1717185600000,261660.40057999105,261660.40057999105,0,0.0,0.0,0.0,0.0
1717200000000,261660.40057999105,261660.40057999105,0,0.0,0.0,0.0,0.0
1717214400000,260868.67326662614,261660.40057999105,1,139670.7120034503,2616.6040057999107,2616.6040057999107,139670.7120034503
1717228800000,260364.468932923,261660.40057999105,1,140174.91633715344,2616.6040057999107,2616.6040057999107,140174.91633715344
1717243200000,259938.45355150668,261674.41807162476,1,140614.94921020346,2616.6040057999107,2616.6040057999107,140614.94921020346
1717257600000,259752.05073722856,261674.41807162476,1,140801.35202448157,2616.6040057999107,2616.6040057999107,140801.35202448157
1717272000000,259509.44502981848,261688.4982068272,1,141058.0378670941,2616.6040057999107,2616.6040057999107,141058.0378670941
1717286400000,259043.59508328812,259043.59508328812,0,0.0,0.0,0.0,0.0
1717300800000,259043.59508328812,259043.59508328812,0,0.0,0.0,0.0,0.0
1717315200000,259043.59508328812,259043.59508328812,0,0.0,0.0,0.0,0.0
1717329600000,259043.59508328812,259043.59508328812,0,0.0,0.0,0.0,0.0
1717344000000,259043.59508328812,259043.59508328812,0,0.0,0.0,0.0,0.0
1717358400000,259043.59508328812,259043.59508328812,0,0.0,0.0,0.0,0.0
1717372800000,259043.59508328812,259043.59508328812,0,0.0,0.0,0.0,0.0
1717387200000,259043.59508328812,259043.59508328812,0,0.0,0.0,0.0,0.0
1717401600000,259043.59508328812,259043.59508328812,0,0.0,0.0,0.0,0.0
1717416000000,259043.59508328812,259043.59508328812,0,0.0,0.0,0.0,0.0
1717430400000,259043.59508328812,259043.59508328812,0,0.0,0.0,0.0,0.0
1717444800000,259043.59508328812,259043.59508328812,0,0.0,0.0,0.0,0.0
1717459200000,259043.59508328812,259043.59508328812,0,0.0,0.0,0.0,0.0
1717473600000,259043.59508328812,259043.59508328812,0,0.0,0.0,0.0,0.0
1717488000000,259043.59508328812,259043.59508328812,0,0.0,0.0,0.0,0.0
1717502400000,259043.59508328812,259043.59508328812,0,0.0,0.0,0.0,0.0
1717516800000,259043.59508328812,259043.59508328812,0,0.0,0.0,0.0,0.0
1717531200000,259043.59508328812,259043.59508328812,0,0.0,0.0,0.0,0.0
1717545600000,259043.59508328812,259043.59508328812,0,0.0,0.0,0.0,0.0
1717560000000,259043.59508328812,259043.59508328812,0,0.0,0.0,0.0,0.0
1717574400000,259043.59508328812,259043.59508328812,0,0.0,0.0,0.0,0.0
1717588800000,259043.59508328812,259043.59508328812,0,0.0,0.0,0.0,0.0
1717603200000,259043.59508328812,259043.59508328812,0,0.0,0.0,0.0,0.0
1717617600000,256742.5284492782,259043.59508328812,1,212409.33034356558,5180.871901665762,0.0,0.0
1717632000000,257466.60375002527,259043.59508328812,1,213133.40564431265,5180.871901665762,0.0,0.0
1717646400000,257774.49709927794,259009.0867225265,1,213475.80735432694,5180.871901665762,0.0,0.0
1717660800000,256279.7111394306,259009.0867225265,1,211981.02139447958,5180.871901665762,0.0,0.0
1717675200000,256862.66998249802,258966.14996664305,1,212606.91699343047,5180.871901665762,0.0,0.0
1717689600000,256682.26478044747,258966.14996664305,1,212426.51179137992,5180.871901665762,0.0,0.0
1717704000000,253699.27725305228,253699.27725305228,0,0.0,0.0,0.0,0.0
1717718400000,253699.27725305228,253699.27725305228,0,0.0,0.0,0.0,0.0
1717732800000,253699.27725305228,253699.27725305228,0,0.0,0.0,0.0,0.0
1717747200000,253699.27725305228,253699.27725305228,0,0.0,0.0,0.0,0.0
1717761600000,253699.27725305228,253699.27725305228,0,0.0,0.0,0.0,0.0
1717776000000,253699.27725305228,253699.27725305228,0,0.0,0.0,0.0,0.0
1717790400000,253699.27725305228,253699.27725305228,0,0.0,0.0,0.0,0.0
1717804800000,252194.1637947112,253699.27725305228,2,217150.83336947643,5073.741196896816,5073.741196896816,217150.83336947643
1717819200000,251665.23254239134,253720.99360076332,2,217701.4809695073,5073.741196896816,5073.741196896816,217701.4809695073
1717833600000,251755.76756078718,253720.99360076332,2,217610.9459511115,5073.741196896816,5073.741196896816,217610.9459511115
1717848000000,255259.89148466758,253742.7510535008,2,214128.57947996858,5073.741196896816,5073.741196896816,214128.57947996858
1717862400000,254867.46646213272,253742.7510535008,2,214521.00450250343,5073.741196896816,5073.741196896816,214521.00450250343
1717876800000,255065.09499661732,253764.20294326684,2,214344.82785778487,5073.741196896816,5073.741196896816,214344.82785778487
1717891200000,255284.09245449724,253764.20294326684,2,214125.83039990492,5073.741196896816,5073.741196896816,214125.83039990492
1717905600000,255376.67147012142,253785.61552630682,2,214054.66396732072,5073.741196896816,5073.741196896816,214054.66396732072
1717920000000,255109.43499606755,253785.61552630682,2,214321.90044137463,5073.741196896816,5073.741196896816,214321.90044137463
1717934400000,254817.25005811287,253807.04670616603,2,214635.5165591885,5073.741196896816,5073.741196896816,214635.5165591885
1717948800000,254120.63080520023,253807.04670616603,2,215332.13581210113,5073.741196896816,5073.741196896816,215332.13581210113
1717963200000,252966.50945314427,253828.5809206446,2,216507.79137863565,5073.741196896816,5073.741196896816,216507.79137863565
1717977600000,253337.26166362868,253828.5809206446,2,216137.03916815124,5073.741196896816,5073.741196896816,216137.03916815124
1717992000000,253231.22244268056,253850.19438864556,2,216264.69185710035,5073.741196896816,5073.741196896816,216264.69185710035
1718006400000,256687.02270969993,253850.19438864556,2,212808.89159008098,5073.741196896816,5073.741196896816,212808.89159008098
1718020800000,254924.78733334888,253871.47822864517,2,214592.41080643164,5073.741196896816,5073.741196896816,214592.41080643164
1718035200000,252226.73888169142,251488.49255733337,1,92757.82628858868,2536.7484243662934,2536.7484243662934,92757.82628858868
1718049600000,253844.53188319755,251497.76833996223,1,91149.30906971142,2536.7484243662934,2536.7484243662934,91149.30906971142
1718064000000,253680.52620597868,251497.76833996223,1,91313.3147469303,2536.7484243662934,2536.7484243662934,91313.3147469303
1718078400000,255943.0588777716,254034.8055140002,1,44839.78294270198,1268.3742121831467,1268.3742121831467,44839.78294270198
1718092800000,256293.14791952723,254034.8055140002,1,44489.693900946346,1268.3742121831467,1268.3742121831467,44489.693900946346
1718107200000,256247.13328822367,254039.25416799478,1,44540.15718624446,1268.3742121831467,1268.3742121831467,44540.15718624446
1718121600000,257650.64341057738,254039.25416799478,1,43136.64706389077,1268.3742121831467,1268.3742121831467,43136.64706389077
1718136000000,257292.2522122036,254043.56783270117,1,43499.35192697093,1268.3742121831467,1268.3742121831467,43499.35192697093
1718150400000,257263.86661422343,254043.56783270117,1,43527.737524951124,1268.3742121831467,1268.3742121831467,43527.737524951124
1718164800000,257031.67273814103,254047.92060645367,1,43764.284174786015,1268.3742121831467,1268.3742121831467,43764.284174786015
1718179200000,256672.0525346238,256672.0525346238,0,0.0,0.0,0.0,0.0
1718193600000,256672.0525346238,256672.0525346238,0,0.0,0.0,0.0,0.0
1718208000000,256672.0525346238,256672.0525346238,0,0.0,0.0,0.0,0.0
1718222400000,256672.0525346238,256672.0525346238,0,0.0,0.0,0.0,0.0
1718236800000,256672.0525346238,256672.0525346238,0,0.0,0.0,0.0,0.0
1718251200000,256672.0525346238,256672.0525346238,0,0.0,0.0,0.0,0.0
1718265600000,256672.0525346238,256672.0525346238,0,0.0,0.0,0.0,0.0
1718280000000,256672.0525346238,256672.0525346238,0,0.0,0.0,0.0,0.0
1718294400000,256672.0525346238,256672.0525346238,0,0.0,0.0,0.0,0.0
1718308800000,256672.0525346238,256672.0525346238,0,0.0,0.0,0.0,0.0
1718323200000,256672.0525346238,256672.0525346238,0,0.0,0.0,0.0,0.0
1718337600000,256672.0525346238,256672.0525346238,0,0.0,0.0,0.0,0.0
1718352000000,256672.0525346238,256672.0525346238,0,0.0,0.0,0.0,0.0
1718366400000,256672.0525346238,256672.0525346238,0,0.0,0.0,0.0,0.0
1718380800000,256672.0525346238,256672.0525346238,0,0.0,0.0,0.0,0.0
1718395200000,256672.0525346238,256672.0525346238,0,0.0,0.0,0.0,0.0
1718409600000,256672.0525346238,256672.0525346238,0,0.0,0.0,0.0,0.0
1718424000000,256672.0525346238,256672.0525346238,0,0.0,0.0,0.0,0.0
1718438400000,256672.0525346238,256672.0525346238,0,0.0,0.0,0.0,0.0
1718452800000,256672.0525346238,256672.0525346238,0,0.0,0.0,0.0,0.0
1718467200000,256672.0525346238,256672.0525346238,0,0.0,0.0,0.0,0.0
1718481600000,256672.0525346238,256672.0525346238,0,0.0,0.0,0.0,0.0
1718496000000,256672.0525346238,256672.0525346238,0,0.0,0.0,0.0,0.0
1718510400000,256672.0525346238,256672.0525346238,0,0.0,0.0,0.0,0.0
1718524800000,256672.0525346238,256672.0525346238,0,0.0,0.0,0.0,0.0
1718539200000,256672.0525346238,256672.0525346238,0,0.0,0.0,0.0,0.0
1718553600000,256672.0525346238,256672.0525346238,0,0.0,0.0,0.0,0.0
1718568000000,256672.0525346238,256672.0525346238,0,0.0,0.0,0.0,0.0
1718582400000,256672.0525346238,256672.0525346238,0,0.0,0.0,0.0,0.0
1718596800000,256672.0525346238,256672.0525346238,0,0.0,0.0,0.0,0.0
1718611200000,256672.0525346238,256672.0525346238,0,0.0,0.0,0.0,0.0
1718625600000,256672.0525346238,256672.0525346238,0,0.0,0.0,0.0,0.0
1718640000000,256672.0525346238,256672.0525346238,0,0.0,0.0,0.0,0.0
1718654400000,256672.0525346238,256672.0525346238,0,0.0,0.0,0.0,0.0
1718668800000,256672.0525346238,256672.0525346238,0,0.0,0.0,0.0,0.0
1718683200000,256672.0525346238,256672.0525346238,0,0.0,0.0,0.0,0.0
1718697600000,256672.0525346238,256672.0525346238,0,0.0,0.0,0.0,0.0
1718712000000,256672.0525346238,256672.0525346238,0,0.0,0.0,0.0,0.0
1718726400000,256672.0525346238,256672.0525346238,0,0.0,0.0,0.0,0.0
1718740800000,256672.0525346238,256672.0525346238,0,0.0,0.0,0.0,0.0
1718755200000,256672.0525346238,256672.0525346238,0,0.0,0.0,0.0,0.0
1718769600000,256672.0525346238,256672.0525346238,0,0.0,0.0,0.0,0.0
1718784000000,256672.0525346238,256672.0525346238,0,0.0,0.0,0.0,0.0
1718798400000,256672.0525346238,256672.0525346238,0,0.0,0.0,0.0,0.0
1718812800000,256672.0525346238,256672.0525346238,0,0.0,0.0,0.0,0.0
1718827200000,256672.0525346238,256672.0525346238,0,0.0,0.0,0.0,0.0
1718841600000,256672.0525346238,256672.0525346238,0,0.0,0.0,0.0,0.0
1718856000000,256672.0525346238,256672.0525346238,0,0.0,0.0,0.0,0.0
1718870400000,256672.0525346238,256672.0525346238,0,0.0,0.0,0.0,0.0
1718884800000,256672.0525346238,256672.0525346238,0,0.0,0.0,0.0,0.0
1718899200000,256672.0525346238,256672.0525346238,0,0.0,0.0,0.0,0.0
1718913600000,256672.0525346238,256672.0525346238,0,0.0,0.0,0.0,0.0
1718928000000,256672.0525346238,256672.0525346238,0,0.0,0.0,0.0,0.0
1718942400000,256672.0525346238,256672.0525346238,0,0.0,0.0,0.0,0.0
1718956800000,256672.0525346238,256672.0525346238,0,0.0,0.0,0.0,0.0
1718971200000,256672.0525346238,256672.0525346238,0,0.0,0.0,0.0,0.0
1718985600000,256672.0525346238,256672.0525346238,0,0.0,0.0,0.0,0.0
1719000000000,256672.0525346238,256672.0525346238,0,0.0,0.0,0.0,0.0
1719014400000,256672.0525346238,256672.0525346238,0,0.0,0.0,0.0,0.0
1719028800000,256672.0525346238,256672.0525346238,0,0.0,0.0,0.0,0.0
1719043200000,256672.0525346238,256672.0525346238,0,0.0,0.0,0.0,0.0
1719057600000,256672.0525346238,256672.0525346238,0,0.0,0.0,0.0,0.0
1719072000000,256672.0525346238,256672.0525346238,0,0.0,0.0,0.0,0.0
1719086400000,256672.0525346238,256672.0525346238,0,0.0,0.0,0.0,0.0
1719100800000,256672.0525346238,256672.0525346238,0,0.0,0.0,0.0,0.0
1719115200000,256672.0525346238,256672.0525346238,0,0.0,0.0,0.0,0.0
1719129600000,256672.0525346238,256672.0525346238,0,0.0,0.0,0.0,0.0
1719144000000,256672.0525346238,256672.0525346238,0,0.0,0.0,0.0,0.0
1719158400000,256672.0525346238,256672.0525346238,0,0.0,0.0,0.0,0.0
1719172800000,256672.0525346238,256672.0525346238,0,0.0,0.0,0.0,0.0
1719187200000,256672.0525346238,256672.0525346238,0,0.0,0.0,0.0,0.0
1719201600000,256672.0525346238,256672.0525346238,0,0.0,0.0,0.0,0.0
1719216000000,256672.0525346238,256672.0525346238,0,0.0,0.0,0.0,0.0
1719230400000,267792.2330689401,261747.99163892053,2,692876.9198573548,7695.478348624762,7695.478348624762,692876.9198573548
1719244800000,275666.0839586631,261747.99163892053,2,685003.0689676318,7695.478348624762,7695.478348624762,685003.0689676318
1719259200000,286138.9793422422,266858.4995834397,2,476501.68739953655,5131.0994369855,5131.0994369855,476501.68739953655
1719273600000,277864.90321269835,266858.4995834397,2,484775.7635290804,5131.0994369855,5131.0994369855,484775.7635290804
1719288000000,277498.8571502378,277498.8571502378,0,0.0,0.0,0.0,0.0
1719302400000,277498.8571502378,277498.8571502378,0,0.0,0.0,0.0,0.0
1719316800000,277498.8571502378,277498.8571502378,0,0.0,0.0,0.0,0.0
1719331200000,277498.8571502378,277498.8571502378,0,0.0,0.0,0.0,0.0
1719345600000,277498.8571502378,277498.8571502378,0,0.0,0.0,0.0,0.0
1719360000000,277498.8571502378,277498.8571502378,0,0.0,0.0,0.0,0.0
1719374400000,277498.8571502378,277498.8571502378,0,0.0,0.0,0.0,0.0
1719388800000,277498.8571502378,277498.8571502378,0,0.0,0.0,0.0,0.0
1719403200000,277498.8571502378,277498.8571502378,0,0.0,0.0,0.0,0.0
1719417600000,277498.8571502378,277498.8571502378,0,0.0,0.0,0.0,0.0
1719432000000,277498.8571502378,277498.8571502378,0,0.0,0.0,0.0,0.0
1719446400000,277498.8571502378,277498.8571502378,0,0.0,0.0,0.0,0.0
1719460800000,277498.8571502378,277498.8571502378,0,0.0,0.0,0.0,0.0
1719475200000,277498.8571502378,277498.8571502378,0,0.0,0.0,0.0,0.0
1719489600000,277498.8571502378,277498.8571502378,0,0.0,0.0,0.0,0.0
1719504000000,277498.8571502378,277498.8571502378,0,0.0,0.0,0.0,0.0
1719518400000,277498.8571502378,277498.8571502378,0,0.0,0.0,0.0,0.0
1719532800000,277498.8571502378,277498.8571502378,0,0.0,0.0,0.0,0.0
1719547200000,277498.8571502378,277498.8571502378,0,0.0,0.0,0.0,0.0
1719561600000,277498.8571502378,277498.8571502378,0,0.0,0.0,0.0,0.0
1719576000000,277498.8571502378,277498.8571502378,0,0.0,0.0,0.0,0.0
1719590400000,277498.8571502378,277498.8571502378,0,0.0,0.0,0.0,0.0
1719604800000,277498.8571502378,277498.8571502378,0,0.0,0.0,0.0,0.0
1719619200000,277498.8571502378,277498.8571502378,0,0.0,0.0,0.0,0.0
1719633600000,277498.8571502378,277498.8571502378,0,0.0,0.0,0.0,0.0
1719648000000,277498.8571502378,277498.8571502378,0,0.0,0.0,0.0,0.0
1719662400000,277498.8571502378,277498.8571502378,0,0.0,0.0,0.0,0.0
1719676800000,277498.8571502378,277498.8571502378,0,0.0,0.0,0.0,0.0
1719691200000,277498.8571502378,277498.8571502378,0,0.0,0.0,0.0,0.0
1719705600000,277498.8571502378,277498.8571502378,0,0.0,0.0,0.0,0.0
1719720000000,277498.8571502378,277498.8571502378,0,0.0,0.0,0.0,0.0
1719734400000,277498.8571502378,277498.8571502378,0,0.0,0.0,0.0,0.0
1719748800000,277498.8571502378,277498.8571502378,0,0.0,0.0,0.0,0.0
1719763200000,277498.8571502378,277498.8571502378,0,0.0,0.0,0.0,0.0
1719777600000,277498.8571502378,277498.8571502378,0,0.0,0.0,0.0,0.0
1719792000000,277498.8571502378,277498.8571502378,0,0.0,0.0,0.0,0.0
1719806400000,277498.8571502378,277498.8571502378,0,0.0,0.0,0.0,0.0
1719820800000,277498.8571502378,277498.8571502378,0,0.0,0.0,0.0,0.0
1719835200000,277498.8571502378,277498.8571502378,0,0.0,0.0,0.0,0.0
1719849600000,277498.8571502378,277498.8571502378,0,0.0,0.0,0.0,0.0
1719864000000,277498.8571502378,277498.8571502378,0,0.0,0.0,0.0,0.0
1719878400000,277498.8571502378,277498.8571502378,0,0.0,0.0,0.0,0.0
1719892800000,277498.8571502378,277498.8571502378,0,0.0,0.0,0.0,0.0
1719907200000,277498.8571502378,277498.8571502378,0,0.0,0.0,0.0,0.0
1719921600000,277498.8571502378,277498.8571502378,0,0.0,0.0,0.0,0.0
1719936000000,277498.8571502378,277498.8571502378,0,0.0,0.0,0.0,0.0
1719950400000,277498.8571502378,277498.8571502378,0,0.0,0.0,0.0,0.0
1719964800000,277498.8571502378,277498.8571502378,0,0.0,0.0,0.0,0.0
1719979200000,277498.8571502378,277498.8571502378,0,0.0,0.0,0.0,0.0
1719993600000,276748.84760519787,277498.8571502378,1,285568.29029663187,5549.977143004756,5549.977143004756,285568.29029663187
1720008000000,277650.07583769184,277501.4252697893,1,284669.6301836894,5549.977143004756,5549.977143004756,284669.6301836894
1720022400000,280650.4704028225,277501.4252697893,2,571353.407420005,11102.674029211832,11102.674029211832,571353.407420005
1720036800000,283761.1952845955,277527.356614902,2,568268.6138833447,11102.674029211832,11102.674029211832,568268.6138833447
1720051200000,280121.9804881448,277527.356614902,2,571907.8286797954,11102.674029211832,11102.674029211832,571907.8286797954
1720065600000,297618.04887221847,288631.9917165324,2,278265.16912083304,5551.337014605916,5551.337014605916,278265.16912083304
1720080000000,309008.44955826364,288631.9917165324,3,598528.2278489912,11503.941084692475,11503.941084692475,598528.2278489912
1720094400000,313741.85101807653,288667.0767036148,3,593829.9113762607,11503.941084692475,11503.941084692475,593829.9113762607
1720108800000,320485.2373807983,294587.70594857394,3,427180.4245513964,8527.639049649195,8527.639049649195,427180.4245513964
1720123200000,326714.43050033046,294602.2541031677,3,420965.779586458,8527.639049649195,8527.639049649195,420965.779586458
1720137600000,340193.6889771497,294602.2541031677,3,407486.52110963874,8527.639049649195,8527.639049649195,407486.52110963874
1720152000000,379843.72834430845,294577.99447415984,3,367812.22211347223,8527.639049649195,8527.639049649195,367812.22211347223
1720166400000,379167.2037456123,294577.99447415984,3,368488.74671216833,8527.639049649195,8527.639049649195,368488.74671216833
1720180800000,368144.3992980965,343306.82137296896,1,140989.15178197413,2976.3020350432794,2976.3020350432794,140989.15178197413
1720195200000,366735.5567736668,366735.5567736668,0,0.0,0.0,0.0,0.0
1720209600000,366735.5567736668,366735.5567736668,0,0.0,0.0,0.0,0.0
1720224000000,366735.5567736668,366735.5567736668,0,0.0,0.0,0.0,0.0
1720238400000,366735.5567736668,366735.5567736668,0,0.0,0.0,0.0,0.0
1720252800000,366735.5567736668,366735.5567736668,0,0.0,0.0,0.0,0.0
1720267200000,366735.5567736668,366735.5567736668,0,0.0,0.0,0.0,0.0
1720281600000,366735.5567736668,366735.5567736668,0,0.0,0.0,0.0,0.0
1720296000000,366735.5567736668,366735.5567736668,0,0.0,0.0,0.0,0.0
1720310400000,366735.5567736668,366735.5567736668,0,0.0,0.0,0.0,0.0
1720324800000,366735.5567736668,366735.5567736668,0,0.0,0.0,0.0,0.0
1720339200000,366735.5567736668,366735.5567736668,0,0.0,0.0,0.0,0.0
1720353600000,366735.5567736668,366735.5567736668,0,0.0,0.0,0.0,0.0
1720368000000,366735.5567736668,366735.5567736668,0,0.0,0.0,0.0,0.0
1720382400000,366735.5567736668,366735.5567736668,0,0.0,0.0,0.0,0.0
1720396800000,366735.5567736668,366735.5567736668,0,0.0,0.0,0.0,0.0
1720411200000,366735.5567736668,366735.5567736668,0,0.0,0.0,0.0,0.0
1720425600000,366735.5567736668,366735.5567736668,0,0.0,0.0,0.0,0.0
1720440000000,366735.5567736668,366735.5567736668,0,0.0,0.0,0.0,0.0
1720454400000,366735.5567736668,366735.5567736668,0,0.0,0.0,0.0,0.0
1720468800000,366735.5567736668,366735.5567736668,0,0.0,0.0,0.0,0.0
1720483200000,366735.5567736668,366735.5567736668,0,0.0,0.0,0.0,0.0
1720497600000,366735.5567736668,366735.5567736668,0,0.0,0.0,0.0,0.0
1720512000000,366735.5567736668,366735.5567736668,0,0.0,0.0,0.0,0.0
1720526400000,366735.5567736668,366735.5567736668,0,0.0,0.0,0.0,0.0
1720540800000,366735.5567736668,366735.5567736668,0,0.0,0.0,0.0,0.0
1720555200000,366735.5567736668,366735.5567736668,0,0.0,0.0,0.0,0.0
1720569600000,366735.5567736668,366735.5567736668,0,0.0,0.0,0.0,0.0
1720584000000,366735.5567736668,366735.5567736668,0,0.0,0.0,0.0,0.0
1720598400000,366735.5567736668,366735.5567736668,0,0.0,0.0,0.0,0.0
1720612800000,366735.5567736668,366735.5567736668,0,0.0,0.0,0.0,0.0
1720627200000,366735.5567736668,366735.5567736668,0,0.0,0.0,0.0,0.0
1720641600000,366735.5567736668,366735.5567736668,0,0.0,0.0,0.0,0.0
1720656000000,366735.5567736668,366735.5567736668,0,0.0,0.0,0.0,0.0
1720670400000,366735.5567736668,366735.5567736668,0,0.0,0.0,0.0,0.0
1720684800000,366735.5567736668,366735.5567736668,0,0.0,0.0,0.0,0.0
1720699200000,366735.5567736668,366735.5567736668,0,0.0,0.0,0.0,0.0
1720713600000,366735.5567736668,366735.5567736668,0,0.0,0.0,0.0,0.0
1720728000000,366735.5567736668,366735.5567736668,0,0.0,0.0,0.0,0.0
1720742400000,366735.5567736668,366735.5567736668,0,0.0,0.0,0.0,0.0
1720756800000,366735.5567736668,366735.5567736668,0,0.0,0.0,0.0,0.0
1720771200000,366735.5567736668,366735.5567736668,0,0.0,0.0,0.0,0.0
1720785600000,366735.5567736668,366735.5567736668,0,0.0,0.0,0.0,0.0
1720800000000,366735.5567736668,366735.5567736668,0,0.0,0.0,0.0,0.0
1720814400000,366735.5567736668,366735.5567736668,0,0.0,0.0,0.0,0.0
1720828800000,366735.5567736668,366735.5567736668,0,0.0,0.0,0.0,0.0
1720843200000,366735.5567736668,366735.5567736668,0,0.0,0.0,0.0,0.0
1720857600000,366735.5567736668,366735.5567736668,0,0.0,0.0,0.0,0.0
1720872000000,366735.5567736668,366735.5567736668,0,0.0,0.0,0.0,0.0
1720886400000,366735.5567736668,366735.5567736668,0,0.0,0.0,0.0,0.0
1720900800000,366735.5567736668,366735.5567736668,0,0.0,0.0,0.0,0.0
1720915200000,366735.5567736668,366735.5567736668,0,0.0,0.0,0.0,0.0
1720929600000,366735.5567736668,366735.5567736668,0,0.0,0.0,0.0,0.0
1720944000000,366735.5567736668,366735.5567736668,0,0.0,0.0,0.0,0.0
1720958400000,366735.5567736668,366735.5567736668,0,0.0,0.0,0.0,0.0
1720972800000,366735.5567736668,366735.5567736668,0,0.0,0.0,0.0,0.0
1720987200000,366735.5567736668,366735.5567736668,0,0.0,0.0,0.0,0.0
1721001600000,366735.5567736668,366735.5567736668,0,0.0,0.0,0.0,0.0
1721016000000,366735.5567736668,366735.5567736668,0,0.0,0.0,0.0,0.0
1721030400000,366735.5567736668,366735.5567736668,0,0.0,0.0,0.0,0.0
1721044800000,366735.5567736668,366735.5567736668,0,0.0,0.0,0.0,0.0
1721059200000,366735.5567736668,366735.5567736668,0,0.0,0.0,0.0,0.0
1721073600000,366735.5567736668,366735.5567736668,0,0.0,0.0,0.0,0.0
1721088000000,366735.5567736668,366735.5567736668,0,0.0,0.0,0.0,0.0
1721102400000,366735.5567736668,366735.5567736668,0,0.0,0.0,0.0,0.0
1721116800000,366735.5567736668,366735.5567736668,0,0.0,0.0,0.0,0.0
1721131200000,366735.5567736668,366735.5567736668,0,0.0,0.0,0.0,0.0
1721145600000,366735.5567736668,366735.5567736668,0,0.0,0.0,0.0,0.0
1721160000000,366735.5567736668,366735.5567736668,0,0.0,0.0,0.0,0.0
1721174400000,366735.5567736668,366735.5567736668,0,0.0,0.0,0.0,0.0
1721188800000,366735.5567736668,366735.5567736668,0,0.0,0.0,0.0,0.0
1721203200000,366735.5567736668,366735.5567736668,0,0.0,0.0,0.0,0.0
1721217600000,366735.5567736668,366735.5567736668,0,0.0,0.0,0.0,0.0
1721232000000,366735.5567736668,366735.5567736668,0,0.0,0.0,0.0,0.0
1721246400000,366735.5567736668,366735.5567736668,0,0.0,0.0,0.0,0.0
1721260800000,366735.5567736668,366735.5567736668,0,0.0,0.0,0.0,0.0
1721275200000,366735.5567736668,366735.5567736668,0,0.0,0.0,0.0,0.0
1721289600000,366735.5567736668,366735.5567736668,0,0.0,0.0,0.0,0.0
1721304000000,366735.5567736668,366735.5567736668,0,0.0,0.0,0.0,0.0
1721318400000,366735.5567736668,366735.5567736668,0,0.0,0.0,0.0,0.0
1721332800000,366735.5567736668,366735.5567736668,0,0.0,0.0,0.0,0.0
1721347200000,366735.5567736668,366735.5567736668,0,0.0,0.0,0.0,0.0
1721361600000,366735.5567736668,366735.5567736668,0,0.0,0.0,0.0,0.0
1721376000000,366735.5567736668,366735.5567736668,0,0.0,0.0,0.0,0.0
1721390400000,366735.5567736668,366735.5567736668,0,0.0,0.0,0.0,0.0
1721404800000,366735.5567736668,366735.5567736668,0,0.0,0.0,0.0,0.0
1721419200000,366735.5567736668,366735.5567736668,0,0.0,0.0,0.0,0.0
1721433600000,366735.5567736668,366735.5567736668,0,0.0,0.0,0.0,0.0
1721448000000,366735.5567736668,366735.5567736668,0,0.0,0.0,0.0,0.0
1721462400000,366735.5567736668,366735.5567736668,0,0.0,0.0,0.0,0.0
1721476800000,366735.5567736668,366735.5567736668,0,0.0,0.0,0.0,0.0
1721491200000,366735.5567736668,366735.5567736668,0,0.0,0.0,0.0,0.0
1721505600000,366735.5567736668,366735.5567736668,0,0.0,0.0,0.0,0.0
1721520000000,366735.5567736668,366735.5567736668,0,0.0,0.0,0.0,0.0
1721534400000,366735.5567736668,366735.5567736668,0,0.0,0.0,0.0,0.0
1721548800000,366735.5567736668,366735.5567736668,0,0.0,0.0,0.0,0.0
1721563200000,366735.5567736668,366735.5567736668,0,0.0,0.0,0.0,0.0
1721577600000,366735.5567736668,366735.5567736668,0,0.0,0.0,0.0,0.0
1721592000000,366735.5567736668,366735.5567736668,0,0.0,0.0,0.0,0.0
1721606400000,366735.5567736668,366735.5567736668,0,0.0,0.0,0.0,0.0
1721620800000,366735.5567736668,366735.5567736668,0,0.0,0.0,0.0,0.0
1721635200000,366735.5567736668,366735.5567736668,0,0.0,0.0,0.0,0.0
1721649600000,366735.5567736668,366735.5567736668,0,0.0,0.0,0.0,0.0
1721664000000,366735.5567736668,366735.5567736668,0,0.0,0.0,0.0,0.0
1721678400000,366735.5567736668,366735.5567736668,0,0.0,0.0,0.0,0.0
1721692800000,366735.5567736668,366735.5567736668,0,0.0,0.0,0.0,0.0
1721707200000,366735.5567736668,366735.5567736668,0,0.0,0.0,0.0,0.0
1721721600000,366735.5567736668,366735.5567736668,0,0.0,0.0,0.0,0.0
1721736000000,366735.5567736668,366735.5567736668,0,0.0,0.0,0.0,0.0
1721750400000,366735.5567736668,366735.5567736668,0,0.0,0.0,0.0,0.0
1721764800000,366735.5567736668,366735.5567736668,0,0.0,0.0,0.0,0.0
1721779200000,366735.5567736668,366735.5567736668,0,0.0,0.0,0.0,0.0
1721793600000,366735.5567736668,366735.5567736668,0,0.0,0.0,0.0,0.0
1721808000000,366735.5567736668,366735.5567736668,0,0.0,0.0,0.0,0.0
1721822400000,366735.5567736668,366735.5567736668,0,0.0,0.0,0.0,0.0
1721836800000,366735.5567736668,366735.5567736668,0,0.0,0.0,0.0,0.0
1721851200000,366735.5567736668,366735.5567736668,0,0.0,0.0,0.0,0.0
1721865600000,366735.5567736668,366735.5567736668,0,0.0,0.0,0.0,0.0
1721880000000,366735.5567736668,366735.5567736668,0,0.0,0.0,0.0,0.0
1721894400000,366735.5567736668,366735.5567736668,0,0.0,0.0,0.0,0.0
1721908800000,366735.5567736668,366735.5567736668,0,0.0,0.0,0.0,0.0
1721923200000,366735.5567736668,366735.5567736668,0,0.0,0.0,0.0,0.0
1721937600000,366735.5567736668,366735.5567736668,0,0.0,0.0,0.0,0.0
1721952000000,366735.5567736668,366735.5567736668,0,0.0,0.0,0.0,0.0
1721966400000,366735.5567736668,366735.5567736668,0,0.0,0.0,0.0,0.0
1721980800000,366735.5567736668,366735.5567736668,0,0.0,0.0,0.0,0.0
1721995200000,366735.5567736668,366735.5567736668,0,0.0,0.0,0.0,0.0
1722009600000,366735.5567736668,366735.5567736668,0,0.0,0.0,0.0,0.0
1722024000000,366735.5567736668,366735.5567736668,0,0.0,0.0,0.0,0.0
1722038400000,366735.5567736668,366735.5567736668,0,0.0,0.0,0.0,0.0
1722052800000,366735.5567736668,366735.5567736668,0,0.0,0.0,0.0,0.0
1722067200000,366735.5567736668,366735.5567736668,0,0.0,0.0,0.0,0.0
1722081600000,366735.5567736668,366735.5567736668,0,0.0,0.0,0.0,0.0
1722096000000,366735.5567736668,366735.5567736668,0,0.0,0.0,0.0,0.0
1722110400000,366735.5567736668,366735.5567736668,0,0.0,0.0,0.0,0.0
1722124800000,366735.5567736668,366735.5567736668,0,0.0,0.0,0.0,0.0
1722139200000,366735.5567736668,366735.5567736668,0,0.0,0.0,0.0,0.0
1722153600000,366735.5567736668,366735.5567736668,0,0.0,0.0,0.0,0.0
1722168000000,366735.5567736668,366735.5567736668,0,0.0,0.0,0.0,0.0
1722182400000,366735.5567736668,366735.5567736668,0,0.0,0.0,0.0,0.0
1722196800000,366735.5567736668,366735.5567736668,0,0.0,0.0,0.0,0.0
1722211200000,366735.5567736668,366735.5567736668,0,0.0,0.0,0.0,0.0
1722225600000,366735.5567736668,366735.5567736668,0,0.0,0.0,0.0,0.0
1722240000000,366735.5567736668,366735.5567736668,0,0.0,0.0,0.0,0.0
1722254400000,366735.5567736668,366735.5567736668,0,0.0,0.0,0.0,0.0
1722268800000,366735.5567736668,366735.5567736668,0,0.0,0.0,0.0,0.0
1722283200000,366735.5567736668,366735.5567736668,0,0.0,0.0,0.0,0.0
1722297600000,366735.5567736668,366735.5567736668,0,0.0,0.0,0.0,0.0
1722312000000,366735.5567736668,366735.5567736668,0,0.0,0.0,0.0,0.0
1722326400000,366735.5567736668,366735.5567736668,0,0.0,0.0,0.0,0.0
1722340800000,366735.5567736668,366735.5567736668,0,0.0,0.0,0.0,0.0
1722355200000,366735.5567736668,366735.5567736668,0,0.0,0.0,0.0,0.0
1722369600000,366735.5567736668,366735.5567736668,0,0.0,0.0,0.0,0.0
1722384000000,366846.07020872785,366735.5567736668,1,173307.5595934212,3667.355567736668,3667.355567736668,173307.5595934212
1722398400000,365240.4365200482,366727.166950537,1,174904.80345897106,3667.355567736668,3667.355567736668,174904.80345897106
1722412800000,364606.81911883835,366727.166950537,1,175538.42086018092,3667.355567736668,3667.355567736668,175538.42086018092
1722427200000,366713.4808689647,366734.9710591557,1,173439.56321867325,3667.355567736668,3667.355567736668,173439.56321867325
1722441600000,367571.504433103,366734.9710591557,1,172581.53965453492,3667.355567736668,3667.355567736668,172581.53965453492
1722456000000,369750.3115278286,366735.7183372224,1,170403.47983787605,3667.355567736668,3667.355567736668,170403.47983787605
1722470400000,370872.34234247106,366735.7183372224,1,169281.44902323358,3667.355567736668,3667.355567736668,169281.44902323358
1722484800000,371122.23680343974,366734.80591021216,1,169030.64213525466,3667.355567736668,3667.355567736668,169030.64213525466
1722499200000,370911.0310030364,366734.80591021216,1,169241.84793565795,3667.355567736668,3667.355567736668,169241.84793565795
1722513600000,368195.813261541,366725.6624863838,1,171947.92225332506,3667.355567736668,3667.355567736668,171947.92225332506
1722528000000,374550.17954332574,370376.4097179312,1,82535.26668884653,1833.677783868334,1833.677783868334,82535.26668884653
1722542400000,375138.95420618705,370377.76824842085,1,81947.85055647489,1833.677783868334,1833.677783868334,81947.85055647489
1722556800000,373240.51650211203,373240.51650211203,0,0.0,0.0,0.0,0.0
1722571200000,373240.51650211203,373240.51650211203,0,0.0,0.0,0.0,0.0
1722585600000,373240.51650211203,373240.51650211203,0,0.0,0.0,0.0,0.0
1722600000000,373240.51650211203,373240.51650211203,0,0.0,0.0,0.0,0.0
1722614400000,373240.51650211203,373240.51650211203,0,0.0,0.0,0.0,0.0
1722628800000,373240.51650211203,373240.51650211203,0,0.0,0.0,0.0,0.0
1722643200000,373240.51650211203,373240.51650211203,0,0.0,0.0,0.0,0.0
1722657600000,373240.51650211203,373240.51650211203,0,0.0,0.0,0.0,0.0
1722672000000,373240.51650211203,373240.51650211203,0,0.0,0.0,0.0,0.0
1722686400000,373240.51650211203,373240.51650211203,0,0.0,0.0,0.0,0.0
1722700800000,373240.51650211203,373240.51650211203,0,0.0,0.0,0.0,0.0
1722715200000,373240.51650211203,373240.51650211203,0,0.0,0.0,0.0,0.0
1722729600000,373240.51650211203,373240.51650211203,0,0.0,0.0,0.0,0.0
1722744000000,373240.51650211203,373240.51650211203,0,0.0,0.0,0.0,0.0
1722758400000,373240.51650211203,373240.51650211203,0,0.0,0.0,0.0,0.0
1722772800000,373240.51650211203,373240.51650211203,0,0.0,0.0,0.0,0.0
1722787200000,373240.51650211203,373240.51650211203,0,0.0,0.0,0.0,0.0
1722801600000,373240.51650211203,373240.51650211203,0,0.0,0.0,0.0,0.0
1722816000000,373240.51650211203,373240.51650211203,0,0.0,0.0,0.0,0.0
1722830400000,373240.51650211203,373240.51650211203,0,0.0,0.0,0.0,0.0
1722844800000,373240.51650211203,373240.51650211203,0,0.0,0.0,0.0,0.0
1722859200000,373240.51650211203,373240.51650211203,0,0.0,0.0,0.0,0.0
1722873600000,373240.51650211203,373240.51650211203,0,0.0,0.0,0.0,0.0
1722888000000,373240.51650211203,373240.51650211203,0,0.0,0.0,0.0,0.0
1722902400000,373240.51650211203,373240.51650211203,0,0.0,0.0,0.0,0.0
1722916800000,373240.51650211203,373240.51650211203,0,0.0,0.0,0.0,0.0
1722931200000,373240.51650211203,373240.51650211203,0,0.0,0.0,0.0,0.0
1722945600000,373240.51650211203,373240.51650211203,0,0.0,0.0,0.0,0.0
1722960000000,373240.51650211203,373240.51650211203,0,0.0,0.0,0.0,0.0
1722974400000,373240.51650211203,373240.51650211203,0,0.0,0.0,0.0,0.0
1722988800000,373240.51650211203,373240.51650211203,0,0.0,0.0,0.0,0.0
1723003200000,373240.51650211203,373240.51650211203,0,0.0,0.0,0.0,0.0
1723017600000,373240.51650211203,373240.51650211203,0,0.0,0.0,0.0,0.0
1723032000000,373240.51650211203,373240.51650211203,0,0.0,0.0,0.0,0.0
1723046400000,373240.51650211203,373240.51650211203,0,0.0,0.0,0.0,0.0
1723060800000,373240.51650211203,373240.51650211203,0,0.0,0.0,0.0,0.0
1723075200000,373240.51650211203,373240.51650211203,0,0.0,0.0,0.0,0.0
1723089600000,373240.51650211203,373240.51650211203,0,0.0,0.0,0.0,0.0
1723104000000,373240.51650211203,373240.51650211203,0,0.0,0.0,0.0,0.0
1723118400000,373240.51650211203,373240.51650211203,0,0.0,0.0,0.0,0.0
1723132800000,373240.51650211203,373240.51650211203,0,0.0,0.0,0.0,0.0
1723147200000,373240.51650211203,373240.51650211203,0,0.0,0.0,0.0,0.0
1723161600000,373240.51650211203,373240.51650211203,0,0.0,0.0,0.0,0.0
1723176000000,373240.51650211203,373240.51650211203,0,0.0,0.0,0.0,0.0
1723190400000,373240.51650211203,373240.51650211203,0,0.0,0.0,0.0,0.0
1723204800000,373240.51650211203,373240.51650211203,0,0.0,0.0,0.0,0.0
1723219200000,373240.51650211203,373240.51650211203,0,0.0,0.0,0.0,0.0
1723233600000,373240.51650211203,373240.51650211203,0,0.0,0.0,0.0,0.0
1723248000000,373240.51650211203,373240.51650211203,0,0.0,0.0,0.0,0.0
1723262400000,373240.51650211203,373240.51650211203,0,0.0,0.0,0.0,0.0
1723276800000,373240.51650211203,373240.51650211203,0,0.0,0.0,0.0,0.0
1723291200000,373240.51650211203,373240.51650211203,0,0.0,0.0,0.0,0.0
1723305600000,373240.51650211203,373240.51650211203,0,0.0,0.0,0.0,0.0
1723320000000,373240.51650211203,373240.51650211203,0,0.0,0.0,0.0,0.0
1723334400000,373240.51650211203,373240.51650211203,0,0.0,0.0,0.0,0.0
1723348800000,373240.51650211203,373240.51650211203,0,0.0,0.0,0.0,0.0
1723363200000,373240.51650211203,373240.51650211203,0,0.0,0.0,0.0,0.0
1723377600000,373240.51650211203,373240.51650211203,0,0.0,0.0,0.0,0.0
1723392000000,373240.51650211203,373240.51650211203,0,0.0,0.0,0.0,0.0
1723406400000,373240.51650211203,373240.51650211203,0,0.0,0.0,0.0,0.0
1723420800000,373240.51650211203,373240.51650211203,0,0.0,0.0,0.0,0.0
1723435200000,373240.51650211203,373240.51650211203,0,0.0,0.0,0.0,0.0
1723449600000,373240.51650211203,373240.51650211203,0,0.0,0.0,0.0,0.0
1723464000000,373240.51650211203,373240.51650211203,0,0.0,0.0,0.0,0.0
1723478400000,373240.51650211203,373240.51650211203,0,0.0,0.0,0.0,0.0
1723492800000,373240.51650211203,373240.51650211203,0,0.0,0.0,0.0,0.0
1723507200000,373240.51650211203,373240.51650211203,0,0.0,0.0,0.0,0.0
1723521600000,373240.51650211203,373240.51650211203,0,0.0,0.0,0.0,0.0
1723536000000,373240.51650211203,373240.51650211203,0,0.0,0.0,0.0,0.0
1723550400000,373240.51650211203,373240.51650211203,0,0.0,0.0,0.0,0.0
1723564800000,373240.51650211203,373240.51650211203,0,0.0,0.0,0.0,0.0
1723579200000,373240.51650211203,373240.51650211203,0,0.0,0.0,0.0,0.0
1723593600000,373240.51650211203,373240.51650211203,0,0.0,0.0,0.0,0.0
1723608000000,373240.51650211203,373240.51650211203,0,0.0,0.0,0.0,0.0
1723622400000,373240.51650211203,373240.51650211203,0,0.0,0.0,0.0,0.0
1723636800000,373240.51650211203,373240.51650211203,0,0.0,0.0,0.0,0.0
1723651200000,373240.51650211203,373240.51650211203,0,0.0,0.0,0.0,0.0
1723665600000,373240.51650211203,373240.51650211203,0,0.0,0.0,0.0,0.0
1723680000000,373240.51650211203,373240.51650211203,0,0.0,0.0,0.0,0.0
1723694400000,373240.51650211203,373240.51650211203,0,0.0,0.0,0.0,0.0
1723708800000,373240.51650211203,373240.51650211203,0,0.0,0.0,0.0,0.0
1723723200000,373240.51650211203,373240.51650211203,0,0.0,0.0,0.0,0.0
1723737600000,373240.51650211203,373240.51650211203,0,0.0,0.0,0.0,0.0
1723752000000,373240.51650211203,373240.51650211203,0,0.0,0.0,0.0,0.0
1723766400000,369056.29604130605,373240.51650211203,2,583035.9666519067,14927.094585086019,14927.094585086019,583035.9666519067
1723780800000,370511.9021908914,373141.43687137094,2,581481.2808715804,14927.094585086019,14927.094585086019,581481.2808715804
1723795200000,358095.5865181297,358095.5865181297,0,0.0,0.0,0.0,0.0
1723809600000,358095.5865181297,358095.5865181297,0,0.0,0.0,0.0,0.0
1723824000000,358095.5865181297,358095.5865181297,0,0.0,0.0,0.0,0.0
1723838400000,358095.5865181297,358095.5865181297,0,0.0,0.0,0.0,0.0
1723852800000,358095.5865181297,358095.5865181297,0,0.0,0.0,0.0,0.0
1723867200000,358095.5865181297,358095.5865181297,0,0.0,0.0,0.0,0.0
1723881600000,358095.5865181297,358095.5865181297,0,0.0,0.0,0.0,0.0
1723896000000,358095.5865181297,358095.5865181297,0,0.0,0.0,0.0,0.0
1723910400000,358095.5865181297,358095.5865181297,0,0.0,0.0,0.0,0.0
1723924800000,358095.5865181297,358095.5865181297,0,0.0,0.0,0.0,0.0
1723939200000,358095.5865181297,358095.5865181297,0,0.0,0.0,0.0,0.0
1723953600000,358095.5865181297,358095.5865181297,0,0.0,0.0,0.0,0.0
1723968000000,358095.5865181297,358095.5865181297,0,0.0,0.0,0.0,0.0
1723982400000,358095.5865181297,358095.5865181297,0,0.0,0.0,0.0,0.0
1723996800000,358095.5865181297,358095.5865181297,0,0.0,0.0,0.0,0.0
1724011200000,358095.5865181297,358095.5865181297,0,0.0,0.0,0.0,0.0
1724025600000,358095.5865181297,358095.5865181297,0,0.0,0.0,0.0,0.0
1724040000000,358095.5865181297,358095.5865181297,0,0.0,0.0,0.0,0.0
1724054400000,358095.5865181297,358095.5865181297,0,0.0,0.0,0.0,0.0
1724068800000,358095.5865181297,358095.5865181297,0,0.0,0.0,0.0,0.0
1724083200000,358095.5865181297,358095.5865181297,0,0.0,0.0,0.0,0.0
1724097600000,358095.5865181297,358095.5865181297,0,0.0,0.0,0.0,0.0
1724112000000,358095.5865181297,358095.5865181297,0,0.0,0.0,0.0,0.0
1724126400000,358095.5865181297,358095.5865181297,0,0.0,0.0,0.0,0.0
1724140800000,358095.5865181297,358095.5865181297,0,0.0,0.0,0.0,0.0
1724155200000,358095.5865181297,358095.5865181297,0,0.0,0.0,0.0,0.0
1724169600000,358095.5865181297,358095.5865181297,0,0.0,0.0,0.0,0.0
1724184000000,352221.2801529644,358095.5865181297,1,410815.1405448594,7161.911730362594,7161.911730362594,410815.1405448594
1724198400000,350851.25423858507,350851.25423858507,0,0.0,0.0,0.0,0.0
1724212800000,350851.25423858507,350851.25423858507,0,0.0,0.0,0.0,0.0
1724227200000,350851.25423858507,350851.25423858507,0,0.0,0.0,0.0,0.0
1724241600000,350851.25423858507,350851.25423858507,0,0.0,0.0,0.0,0.0
1724256000000,350851.25423858507,350851.25423858507,0,0.0,0.0,0.0,0.0
1724270400000,350851.25423858507,350851.25423858507,0,0.0,0.0,0.0,0.0
1724284800000,350851.25423858507,350851.25423858507,0,0.0,0.0,0.0,0.0
1724299200000,350851.25423858507,350851.25423858507,0,0.0,0.0,0.0,0.0
1724313600000,350851.25423858507,350851.25423858507,0,0.0,0.0,0.0,0.0
1724328000000,350851.25423858507,350851.25423858507,0,0.0,0.0,0.0,0.0
1724342400000,350851.25423858507,350851.25423858507,0,0.0,0.0,0.0,0.0
1724356800000,350851.25423858507,350851.25423858507,0,0.0,0.0,0.0,0.0
1724371200000,350851.25423858507,350851.25423858507,0,0.0,0.0,0.0,0.0
1724385600000,350851.25423858507,350851.25423858507,0,0.0,0.0,0.0,0.0
1724400000000,350851.25423858507,350851.25423858507,0,0.0,0.0,0.0,0.0
1724414400000,350851.25423858507,350851.25423858507,0,0.0,0.0,0.0,0.0
1724428800000,350851.25423858507,350851.25423858507,0,0.0,0.0,0.0,0.0
1724443200000,350851.25423858507,350851.25423858507,0,0.0,0.0,0.0,0.0
1724457600000,350851.25423858507,350851.25423858507,0,0.0,0.0,0.0,0.0
1724472000000,350851.25423858507,350851.25423858507,0,0.0,0.0,0.0,0.0
1724486400000,350851.25423858507,350851.25423858507,0,0.0,0.0,0.0,0.0
1724500800000,350851.25423858507,350851.25423858507,0,0.0,0.0,0.0,0.0
1724515200000,350851.25423858507,350851.25423858507,0,0.0,0.0,0.0,0.0
1724529600000,350851.25423858507,350851.25423858507,0,0.0,0.0,0.0,0.0
1724544000000,350851.25423858507,350851.25423858507,0,0.0,0.0,0.0,0.0
1724558400000,350851.25423858507,350851.25423858507,0,0.0,0.0,0.0,0.0
1724572800000,350851.25423858507,350851.25423858507,0,0.0,0.0,0.0,0.0
1724587200000,350851.25423858507,350851.25423858507,0,0.0,0.0,0.0,0.0
1724601600000,350851.25423858507,350851.25423858507,0,0.0,0.0,0.0,0.0
1724616000000,350851.25423858507,350851.25423858507,0,0.0,0.0,0.0,0.0
1724630400000,350851.25423858507,350851.25423858507,0,0.0,0.0,0.0,0.0
1724644800000,350851.25423858507,350851.25423858507,0,0.0,0.0,0.0,0.0
1724659200000,350851.25423858507,350851.25423858507,0,0.0,0.0,0.0,0.0
1724673600000,350851.25423858507,350851.25423858507,0,0.0,0.0,0.0,0.0
1724688000000,350851.25423858507,350851.25423858507,0,0.0,0.0,0.0,0.0
1724702400000,350851.25423858507,350851.25423858507,0,0.0,0.0,0.0,0.0
1724716800000,350851.25423858507,350851.25423858507,0,0.0,0.0,0.0,0.0
1724731200000,350851.25423858507,350851.25423858507,0,0.0,0.0,0.0,0.0
1724745600000,350851.25423858507,350851.25423858507,0,0.0,0.0,0.0,0.0
1724760000000,350851.25423858507,350851.25423858507,0,0.0,0.0,0.0,0.0
1724774400000,354879.25768294657,350851.25423858507,1,218930.28217389877,3508.5125423858512,3508.5125423858512,218930.28217389877
1724788800000,354453.0163451624,350867.5210749936,1,219372.79034809145,3508.5125423858512,3508.5125423858512,219372.79034809145
1724803200000,361535.00018397527,354354.4394913261,1,104298.58211648096,1754.2562711929256,1754.2562711929256,104298.58211648096
1724817600000,356978.3480497057,354348.07936378865,3,753482.0383643568,14457.738182679574,14457.738182679574,753482.0383643568
1724832000000,372226.4487892055,354348.07936378865,3,738233.9376248571,14457.738182679574,14457.738182679574,738233.9376248571
1724846400000,355534.7896418155,359847.23663919664,2,648945.6112385249,12703.481911486648,12703.481911486648,648945.6112385249
1724860800000,366752.6510478756,359847.23663919664,2,637727.7498324648,12703.481911486648,12703.481911486648,637727.7498324648
1724875200000,367185.2238895872,359857.9110509346,2,637305.8514024912,12703.481911486648,12703.481911486648,637305.8514024912
1724889600000,366651.3082075762,359857.9110509346,2,637839.7670845021,12703.481911486648,12703.481911486648,637839.7670845021
1724904000000,366866.6653542243,359850.083141138,2,637616.5820280575,12703.481911486648,12703.481911486648,637616.5820280575
1724918400000,361752.21556215204,359850.083141138,2,642731.0318201298,12703.481911486648,12703.481911486648,642731.0318201298
1724932800000,357271.94123748585,355506.6641662129,1,217025.62541673306,5472.909110357892,5472.909110357892,217025.62541673306
1724947200000,356603.8029734212,355506.6641662129,1,217693.76368079774,5472.909110357892,5472.909110357892,217693.76368079774
1724961600000,365803.7550352203,360937.6403761087,1,104529.33658489143,2736.454555178946,2736.454555178946,104529.33658489143
1724976000000,365975.2637413976,360937.6403761087,1,104357.82787871412,2736.454555178946,2736.454555178946,104357.82787871412
1724990400000,366904.0614019141,360933.57981302595,1,103424.96965511484,2736.454555178946,2736.454555178946,103424.96965511484
1725004800000,366736.2811458711,360933.57981302595,1,103592.74991115787,2736.454555178946,2736.454555178946,103592.74991115787
1725019200000,367002.73692125286,360936.8070089269,1,103329.52133167701,2736.454555178946,2736.454555178946,103329.52133167701
1725033600000,370961.60527384165,360936.8070089269,1,99370.65297908825,2736.454555178946,2736.454555178946,99370.65297908825
1725048000000,368985.0924699909,360931.15294606163,1,101341.51172007376,2736.454555178946,2736.454555178946,101341.51172007376
1725062400000,367480.28999579157,360931.15294606163,1,102846.31419427307,2736.454555178946,2736.454555178946,102846.31419427307
1725076800000,367256.8778490513,360924.73659713706,1,103063.30999208873,2736.454555178946,2736.454555178946,103063.30999208873
1725091200000,367752.76171691186,360924.73659713706,1,102567.42612422821,2736.454555178946,2736.454555178946,102567.42612422821
1725105600000,368209.67567706783,360929.7624010171,1,102115.5379679523,2736.454555178946,2736.454555178946,102115.5379679523
1725120000000,368486.3266770321,360929.7624010171,1,101838.886967988,2736.454555178946,2736.454555178946,101838.886967988
1725134400000,369714.1281557621,360931.64947559265,1,100612.97256383355,2736.454555178946,2736.454555178946,100612.97256383355
1725148800000,369460.5935466304,360931.64947559265,1,100866.50717296526,2736.454555178946,2736.454555178946,100866.50717296526
1725163200000,370384.2817874602,360930.68208311865,1,99941.85153966144,2736.454555178946,2736.454555178946,99941.85153966144
1725177600000,371343.23916199955,360930.68208311865,1,98982.89416512212,2736.454555178946,2736.454555178946,98982.89416512212
1725192000000,374631.48652562505,360928.07778431586,2,553801.0737551593,10163.252338642345,10163.252338642345,553801.0737551593
1725206400000,371411.8051198245,360928.07778431586,2,557020.7551609598,10163.252338642345,10163.252338642345,557020.7551609598
1725220800000,370921.5323678669,360900.6825632766,2,557483.6326918781,10163.252338642345,10163.252338642345,557483.6326918781
1725235200000,383028.551316507,360900.6825632766,2,545376.613743238,10163.252338642345,10163.252338642345,545376.613743238
1725249600000,379376.7016202878,360896.44265202427,2,549024.223528205,10163.252338642345,10163.252338642345,549024.223528205
1725264000000,390649.2177252601,368278.9148919191,2,316079.6640368947,6449.853446910645,6449.853446910645,316079.6640368947
1725278400000,380107.1487221149,368975.00076731615,1,98263.30328920422,2736.454555178946,2736.454555178946,98263.30328920422
1725292800000,379611.26485425443,368975.00076731615,1,98759.18715706473,2736.454555178946,2736.454555178946,98759.18715706473
1725307200000,379203.1045654509,368969.51309301594,1,99161.85977156802,2736.454555178946,2736.454555178946,99161.85977156802
1725321600000,378433.4128254468,378433.4128254468,0,0.0,0.0,0.0,0.0
1725336000000,378433.4128254468,378433.4128254468,0,0.0,0.0,0.0,0.0
1725350400000,378433.4128254468,378433.4128254468,0,0.0,0.0,0.0,0.0
1725364800000,378433.4128254468,378433.4128254468,0,0.0,0.0,0.0,0.0
1725379200000,378433.4128254468,378433.4128254468,0,0.0,0.0,0.0,0.0
1725393600000,378433.4128254468,378433.4128254468,0,0.0,0.0,0.0,0.0
1725408000000,381716.2993499199,378433.4128254468,1,404024.81419598294,7568.668256508935,7568.668256508935,404024.81419598294
1725422400000,387102.22911080724,385892.7859415127,1,202444.40719093345,3784.3341282544675,3784.3341282544675,202444.40719093345
1725436800000,386305.0590827313,387068.28699441394,1,453626.2063138302,7742.175491335219,7742.175491335219,453626.2063138302
1725451200000,387755.8721959245,387073.0501031721,1,452180.15630939516,7742.175491335219,7742.175491335219,452180.15630939516
1725465600000,379238.7535810582,379238.7535810582,0,0.0,0.0,0.0,0.0
1725480000000,379238.7535810582,379238.7535810582,0,0.0,0.0,0.0,0.0
1725494400000,379238.7535810582,379238.7535810582,0,0.0,0.0,0.0,0.0
1725508800000,379238.7535810582,379238.7535810582,0,0.0,0.0,0.0,0.0
1725523200000,379238.7535810582,379238.7535810582,0,0.0,0.0,0.0,0.0
1725537600000,379238.7535810582,379238.7535810582,0,0.0,0.0,0.0,0.0
1725552000000,379238.7535810582,379238.7535810582,0,0.0,0.0,0.0,0.0
1725566400000,379238.7535810582,379238.7535810582,0,0.0,0.0,0.0,0.0
1725580800000,379238.7535810582,379238.7535810582,0,0.0,0.0,0.0,0.0
1725595200000,379238.7535810582,379238.7535810582,0,0.0,0.0,0.0,0.0
1725609600000,379238.7535810582,379238.7535810582,0,0.0,0.0,0.0,0.0
1725624000000,379238.7535810582,379238.7535810582,0,0.0,0.0,0.0,0.0
1725638400000,379238.7535810582,379238.7535810582,0,0.0,0.0,0.0,0.0
1725652800000,379238.7535810582,379238.7535810582,0,0.0,0.0,0.0,0.0
1725667200000,379238.7535810582,379238.7535810582,0,0.0,0.0,0.0,0.0
1725681600000,379238.7535810582,379238.7535810582,0,0.0,0.0,0.0,0.0
1725696000000,379238.7535810582,379238.7535810582,0,0.0,0.0,0.0,0.0
1725710400000,379238.7535810582,379238.7535810582,0,0.0,0.0,0.0,0.0
1725724800000,379238.7535810582,379238.7535810582,0,0.0,0.0,0.0,0.0
1725739200000,379238.7535810582,379238.7535810582,0,0.0,0.0,0.0,0.0
1725753600000,379238.7535810582,379238.7535810582,0,0.0,0.0,0.0,0.0
1725768000000,379238.7535810582,379238.7535810582,0,0.0,0.0,0.0,0.0
1725782400000,379238.7535810582,379238.7535810582,0,0.0,0.0,0.0,0.0
1725796800000,379238.7535810582,379238.7535810582,0,0.0,0.0,0.0,0.0
1725811200000,379238.7535810582,379238.7535810582,0,0.0,0.0,0.0,0.0
1725825600000,379238.7535810582,379238.7535810582,0,0.0,0.0,0.0,0.0
1725840000000,379238.7535810582,379238.7535810582,0,0.0,0.0,0.0,0.0
1725854400000,379238.7535810582,379238.7535810582,0,0.0,0.0,0.0,0.0
1725868800000,379238.7535810582,379238.7535810582,0,0.0,0.0,0.0,0.0
1725883200000,379238.7535810582,379238.7535810582,0,0.0,0.0,0.0,0.0
1725897600000,379238.7535810582,379238.7535810582,0,0.0,0.0,0.0,0.0
1725912000000,379238.7535810582,379238.7535810582,0,0.0,0.0,0.0,0.0
1725926400000,379238.7535810582,379238.7535810582,0,0.0,0.0,0.0,0.0
1725940800000,379238.7535810582,379238.7535810582,0,0.0,0.0,0.0,0.0
1725955200000,379238.7535810582,379238.7535810582,0,0.0,0.0,0.0,0.0
1725969600000,379238.7535810582,379238.7535810582,0,0.0,0.0,0.0,0.0
1725984000000,379238.7535810582,379238.7535810582,0,0.0,0.0,0.0,0.0
1725998400000,379238.7535810582,379238.7535810582,0,0.0,0.0,0.0,0.0
1726012800000,379238.7535810582,379238.7535810582,0,0.0,0.0,0.0,0.0
1726027200000,379238.7535810582,379238.7535810582,0,0.0,0.0,0.0,0.0
1726041600000,379238.7535810582,379238.7535810582,0,0.0,0.0,0.0,0.0
1726056000000,379238.7535810582,379238.7535810582,0,0.0,0.0,0.0,0.0
1726070400000,379238.7535810582,379238.7535810582,0,0.0,0.0,0.0,0.0
1726084800000,379238.7535810582,379238.7535810582,0,0.0,0.0,0.0,0.0
1726099200000,379238.7535810582,379238.7535810582,0,0.0,0.0,0.0,0.0
1726113600000,379238.7535810582,379238.7535810582,0,0.0,0.0,0.0,0.0
1726128000000,379238.7535810582,379238.7535810582,0,0.0,0.0,0.0,0.0
1726142400000,379238.7535810582,379238.7535810582,0,0.0,0.0,0.0,0.0
1726156800000,379238.7535810582,379238.7535810582,0,0.0,0.0,0.0,0.0
1726171200000,379238.7535810582,379238.7535810582,0,0.0,0.0,0.0,0.0
1726185600000,379238.7535810582,379238.7535810582,0,0.0,0.0,0.0,0.0
1726200000000,379238.7535810582,379238.7535810582,0,0.0,0.0,0.0,0.0
1726214400000,379238.7535810582,379238.7535810582,0,0.0,0.0,0.0,0.0
1726228800000,379238.7535810582,379238.7535810582,0,0.0,0.0,0.0,0.0
1726243200000,379238.7535810582,379238.7535810582,0,0.0,0.0,0.0,0.0
1726257600000,379238.7535810582,379238.7535810582,0,0.0,0.0,0.0,0.0
1726272000000,379238.7535810582,379238.7535810582,0,0.0,0.0,0.0,0.0
1726286400000,379238.7535810582,379238.7535810582,0,0.0,0.0,0.0,0.0
1726300800000,379238.7535810582,379238.7535810582,0,0.0,0.0,0.0,0.0
1726315200000,379238.7535810582,379238.7535810582,0,0.0,0.0,0.0,0.0
1726329600000,379238.7535810582,379238.7535810582,0,0.0,0.0,0.0,0.0
1726344000000,379238.7535810582,379238.7535810582,0,0.0,0.0,0.0,0.0
1726358400000,379238.7535810582,379238.7535810582,0,0.0,0.0,0.0,0.0
1726372800000,379238.7535810582,379238.7535810582,0,0.0,0.0,0.0,0.0
1726387200000,379238.7535810582,379238.7535810582,0,0.0,0.0,0.0,0.0
1726401600000,379238.7535810582,379238.7535810582,0,0.0,0.0,0.0,0.0
1726416000000,379238.7535810582,379238.7535810582,0,0.0,0.0,0.0,0.0
1726430400000,379238.7535810582,379238.7535810582,0,0.0,0.0,0.0,0.0
1726444800000,382091.03825647605,379238.7535810582,1,266267.9331912606,3792.387535810582,3792.387535810582,266267.9331912606
1726459200000,386864.1020532239,382987.1357670605,2,363368.8076139806,5717.009867762184,5717.009867762184,363368.8076139806
1726473600000,384925.850549742,382987.1357670605,2,365307.0591174625,5717.009867762184,5717.009867762184,365307.0591174625
1726488000000,384460.2201600833,382957.9068424847,2,365743.4605825454,5717.009867762184,5717.009867762184,365743.4605825454
1726502400000,385856.7229323355,382957.9068424847,2,364346.9578102932,5717.009867762184,5717.009867762184,364346.9578102932
1726516800000,386477.0747903727,382958.84574709745,2,363727.5448568687,5717.009867762184,5717.009867762184,363727.5448568687
1726531200000,386083.3250223795,382958.84574709745,2,364121.2946248619,5717.009867762184,5717.009867762184,364121.2946248619
1726545600000,386312.80233897234,382980.9960504473,2,363913.9676116189,5717.009867762184,5717.009867762184,363913.9676116189
1726560000000,383335.9041141382,382980.9960504473,2,366890.86583645304,5717.009867762184,5717.009867762184,366890.86583645304
1726574400000,382719.72738378536,379667.8428408909,1,131508.2243904448,1896.193767905291,1896.193767905291,131508.2243904448
1726588800000,380485.2541394913,380485.2541394913,0,0.0,0.0,0.0,0.0
1726603200000,380485.2541394913,380485.2541394913,0,0.0,0.0,0.0,0.0
1726617600000,380485.2541394913,380485.2541394913,0,0.0,0.0,0.0,0.0
1726632000000,380485.2541394913,380485.2541394913,0,0.0,0.0,0.0,0.0
1726646400000,380485.2541394913,380485.2541394913,0,0.0,0.0,0.0,0.0
1726660800000,380485.2541394913,380485.2541394913,0,0.0,0.0,0.0,0.0
1726675200000,380485.2541394913,380485.2541394913,0,0.0,0.0,0.0,0.0
1726689600000,380485.2541394913,380485.2541394913,0,0.0,0.0,0.0,0.0
1726704000000,380485.2541394913,380485.2541394913,0,0.0,0.0,0.0,0.0
1726718400000,380485.2541394913,380485.2541394913,0,0.0,0.0,0.0,0.0
1726732800000,380485.2541394913,380485.2541394913,0,0.0,0.0,0.0,0.0
1726747200000,380485.2541394913,380485.2541394913,0,0.0,0.0,0.0,0.0
1726761600000,380485.2541394913,380485.2541394913,0,0.0,0.0,0.0,0.0
1726776000000,380485.2541394913,380485.2541394913,0,0.0,0.0,0.0,0.0
1726790400000,380485.2541394913,380485.2541394913,0,0.0,0.0,0.0,0.0
1726804800000,380485.2541394913,380485.2541394913,0,0.0,0.0,0.0,0.0
1726819200000,380485.2541394913,380485.2541394913,0,0.0,0.0,0.0,0.0
1726833600000,380485.2541394913,380485.2541394913,0,0.0,0.0,0.0,0.0
1726848000000,380485.2541394913,380485.2541394913,0,0.0,0.0,0.0,0.0
1726862400000,380485.2541394913,380485.2541394913,0,0.0,0.0,0.0,0.0
1726876800000,380485.2541394913,380485.2541394913,0,0.0,0.0,0.0,0.0
1726891200000,380485.2541394913,380485.2541394913,0,0.0,0.0,0.0,0.0
1726905600000,380485.2541394913,380485.2541394913,0,0.0,0.0,0.0,0.0
1726920000000,380485.2541394913,380485.2541394913,0,0.0,0.0,0.0,0.0
1726934400000,380485.2541394913,380485.2541394913,0,0.0,0.0,0.0,0.0
1726948800000,380485.2541394913,380485.2541394913,0,0.0,0.0,0.0,0.0
1726963200000,380485.2541394913,380485.2541394913,0,0.0,0.0,0.0,0.0
1726977600000,380485.2541394913,380485.2541394913,0,0.0,0.0,0.0,0.0
1726992000000,380485.2541394913,380485.2541394913,0,0.0,0.0,0.0,0.0
1727006400000,380485.2541394913,380485.2541394913,0,0.0,0.0,0.0,0.0
1727020800000,380485.2541394913,380485.2541394913,0,0.0,0.0,0.0,0.0
1727035200000,380485.2541394913,380485.2541394913,0,0.0,0.0,0.0,0.0
1727049600000,380485.2541394913,380485.2541394913,0,0.0,0.0,0.0,0.0
1727064000000,380485.2541394913,380485.2541394913,0,0.0,0.0,0.0,0.0
1727078400000,380485.2541394913,380485.2541394913,0,0.0,0.0,0.0,0.0
1727092800000,380485.2541394913,380485.2541394913,0,0.0,0.0,0.0,0.0
1727107200000,380485.2541394913,380485.2541394913,0,0.0,0.0,0.0,0.0
1727121600000,380485.2541394913,380485.2541394913,0,0.0,0.0,0.0,0.0
1727136000000,380485.2541394913,380485.2541394913,0,0.0,0.0,0.0,0.0
1727150400000,380485.2541394913,380485.2541394913,0,0.0,0.0,0.0,0.0
1727164800000,380485.2541394913,380485.2541394913,0,0.0,0.0,0.0,0.0
1727179200000,380485.2541394913,380485.2541394913,0,0.0,0.0,0.0,0.0
1727193600000,380485.2541394913,380485.2541394913,0,0.0,0.0,0.0,0.0
1727208000000,380485.2541394913,380485.2541394913,0,0.0,0.0,0.0,0.0
1727222400000,380485.2541394913,380485.2541394913,0,0.0,0.0,0.0,0.0
1727236800000,380485.2541394913,380485.2541394913,0,0.0,0.0,0.0,0.0
1727251200000,376595.309740977,380485.2541394913,1,400068.6766498567,7609.7050827898265,0.0,0.0
1727265600000,376548.11432660336,380480.6893176786,1,400026.0460572957,7609.7050827898265,0.0,0.0
1727280000000,374429.12310813164,380480.6893176786,1,397907.05483882397,7609.7050827898265,0.0,0.0
1727294400000,374344.2256672869,374344.2256672869,0,0.0,0.0,0.0,0.0
1727308800000,374344.2256672869,374344.2256672869,0,0.0,0.0,0.0,0.0
1727323200000,374344.2256672869,374344.2256672869,0,0.0,0.0,0.0,0.0
1727337600000,374344.2256672869,374344.2256672869,0,0.0,0.0,0.0,0.0
1727352000000,374344.2256672869,374344.2256672869,0,0.0,0.0,0.0,0.0
1727366400000,374344.2256672869,374344.2256672869,0,0.0,0.0,0.0,0.0
1727380800000,374344.2256672869,374344.2256672869,0,0.0,0.0,0.0,0.0
1727395200000,374344.2256672869,374344.2256672869,0,0.0,0.0,0.0,0.0
1727409600000,374344.2256672869,374344.2256672869,0,0.0,0.0,0.0,0.0
1727424000000,374886.06866060913,374344.2256672869,1,403696.2380137224,7486.884513345739,0.0,0.0
1727438400000,374669.5402889253,374317.0873144912,1,403506.84799483424,7486.884513345739,0.0,0.0
1727452800000,378159.9921679783,374317.0873144912,1,406997.29987388727,7486.884513345739,0.0,0.0
1727467200000,375922.4698357189,374307.828005763,1,404769.0368503561,7486.884513345739,0.0,0.0
1727481600000,376766.39669512946,374307.828005763,1,405612.9637097666,7486.884513345739,0.0,0.0
1727496000000,378541.9334233992,374285.7018185926,1,407410.6266252068,7486.884513345739,0.0,0.0
1727510400000,376993.5003699487,374285.7018185926,1,405862.19357175624,7486.884513345739,0.0,0.0
1727524800000,376783.99351975747,374252.01306411193,1,405686.3754760457,7486.884513345739,0.0,0.0
1727539200000,375748.8259246618,374252.01306411193,1,404651.20788095007,7486.884513345739,0.0,0.0
1727553600000,376396.40704858623,374246.29115871195,1,405304.51091027446,7486.884513345739,0.0,0.0
1727568000000,377155.20093533694,374246.29115871195,1,406063.30479702516,7486.884513345739,0.0,0.0
1727582400000,376899.32549963845,374243.34701859707,1,405810.37350144156,7486.884513345739,0.0,0.0
1727596800000,374772.85189993965,374243.34701859707,1,403683.89990174276,7486.884513345739,0.0,0.0
1727611200000,376200.69771189877,374230.71825692797,1,405124.374475371,7486.884513345739,0.0,0.0
1727625600000,376506.68288899504,374230.71825692797,1,405430.35965246725,7486.884513345739,0.0,0.0
1727640000000,377749.953275714,374201.3123929424,1,406703.0359031718,7486.884513345739,0.0,0.0
1727654400000,375540.19742015237,374201.3123929424,1,404493.28004761017,7486.884513345739,0.0,0.0
1727668800000,375447.4686172951,375447.4686172951,0,0.0,0.0,0.0,0.0
1727683200000,375447.4686172951,375447.4686172951,0,0.0,0.0,0.0,0.0
1727697600000,375447.4686172951,375447.4686172951,0,0.0,0.0,0.0,0.0
1727712000000,375447.4686172951,375447.4686172951,0,0.0,0.0,0.0,0.0
1727726400000,375447.4686172951,375447.4686172951,0,0.0,0.0,0.0,0.0
1727740800000,375447.4686172951,375447.4686172951,0,0.0,0.0,0.0,0.0
1727755200000,375447.4686172951,375447.4686172951,0,0.0,0.0,0.0,0.0
1727769600000,375447.4686172951,375447.4686172951,0,0.0,0.0,0.0,0.0
1727784000000,375447.4686172951,375447.4686172951,0,0.0,0.0,0.0,0.0
1727798400000,375447.4686172951,375447.4686172951,0,0.0,0.0,0.0,0.0
1727812800000,375447.4686172951,375447.4686172951,0,0.0,0.0,0.0,0.0
1727827200000,375447.4686172951,375447.4686172951,0,0.0,0.0,0.0,0.0
1727841600000,375447.4686172951,375447.4686172951,0,0.0,0.0,0.0,0.0
1727856000000,375447.4686172951,375447.4686172951,0,0.0,0.0,0.0,0.0
1727870400000,375447.4686172951,375447.4686172951,0,0.0,0.0,0.0,0.0
1727884800000,375447.4686172951,375447.4686172951,0,0.0,0.0,0.0,0.0
1727899200000,375447.4686172951,375447.4686172951,0,0.0,0.0,0.0,0.0
1727913600000,375447.4686172951,375447.4686172951,0,0.0,0.0,0.0,0.0
1727928000000,375447.4686172951,375447.4686172951,0,0.0,0.0,0.0,0.0
1727942400000,375447.4686172951,375447.4686172951,0,0.0,0.0,0.0,0.0
1727956800000,375447.4686172951,375447.4686172951,0,0.0,0.0,0.0,0.0
1727971200000,375447.4686172951,375447.4686172951,0,0.0,0.0,0.0,0.0
1727985600000,375447.4686172951,375447.4686172951,0,0.0,0.0,0.0,0.0
1728000000000,375447.4686172951,375447.4686172951,0,0.0,0.0,0.0,0.0
1728014400000,375447.4686172951,375447.4686172951,0,0.0,0.0,0.0,0.0
1728028800000,375447.4686172951,375447.4686172951,0,0.0,0.0,0.0,0.0
1728043200000,375447.4686172951,375447.4686172951,0,0.0,0.0,0.0,0.0
1728057600000,375447.4686172951,375447.4686172951,0,0.0,0.0,0.0,0.0
1728072000000,375447.4686172951,375447.4686172951,0,0.0,0.0,0.0,0.0
1728086400000,375447.4686172951,375447.4686172951,0,0.0,0.0,0.0,0.0
1728100800000,375447.4686172951,375447.4686172951,0,0.0,0.0,0.0,0.0
1728115200000,375447.4686172951,375447.4686172951,0,0.0,0.0,0.0,0.0
1728129600000,375447.4686172951,375447.4686172951,0,0.0,0.0,0.0,0.0
1728144000000,375447.4686172951,375447.4686172951,0,0.0,0.0,0.0,0.0
1728158400000,375447.4686172951,375447.4686172951,0,0.0,0.0,0.0,0.0
1728172800000,375447.4686172951,375447.4686172951,0,0.0,0.0,0.0,0.0
1728187200000,375447.4686172951,375447.4686172951,0,0.0,0.0,0.0,0.0
1728201600000,375447.4686172951,375447.4686172951,0,0.0,0.0,0.0,0.0
1728216000000,375447.4686172951,375447.4686172951,0,0.0,0.0,0.0,0.0
1728230400000,375447.4686172951,375447.4686172951,0,0.0,0.0,0.0,0.0
1728244800000,375447.4686172951,375447.4686172951,0,0.0,0.0,0.0,0.0
1728259200000,375447.4686172951,375447.4686172951,0,0.0,0.0,0.0,0.0
1728273600000,375447.4686172951,375447.4686172951,0,0.0,0.0,0.0,0.0
1728288000000,375447.4686172951,375447.4686172951,0,0.0,0.0,0.0,0.0
1728302400000,375447.4686172951,375447.4686172951,0,0.0,0.0,0.0,0.0
1728316800000,375447.4686172951,375447.4686172951,0,0.0,0.0,0.0,0.0
1728331200000,375447.4686172951,375447.4686172951,0,0.0,0.0,0.0,0.0
1728345600000,375447.4686172951,375447.4686172951,0,0.0,0.0,0.0,0.0
1728360000000,375447.4686172951,375447.4686172951,0,0.0,0.0,0.0,0.0
1728374400000,375447.4686172951,375447.4686172951,0,0.0,0.0,0.0,0.0
1728388800000,375447.4686172951,375447.4686172951,0,0.0,0.0,0.0,0.0
1728403200000,375447.4686172951,375447.4686172951,0,0.0,0.0,0.0,0.0
1728417600000,375447.4686172951,375447.4686172951,0,0.0,0.0,0.0,0.0
1728432000000,375447.4686172951,375447.4686172951,0,0.0,0.0,0.0,0.0
1728446400000,375447.4686172951,375447.4686172951,0,0.0,0.0,0.0,0.0
1728460800000,375447.4686172951,375447.4686172951,0,0.0,0.0,0.0,0.0
1728475200000,375447.4686172951,375447.4686172951,0,0.0,0.0,0.0,0.0
1728489600000,375447.4686172951,375447.4686172951,0,0.0,0.0,0.0,0.0
1728504000000,375447.4686172951,375447.4686172951,0,0.0,0.0,0.0,0.0
1728518400000,375447.4686172951,375447.4686172951,0,0.0,0.0,0.0,0.0
1728532800000,375447.4686172951,375447.4686172951,0,0.0,0.0,0.0,0.0
1728547200000,375447.4686172951,375447.4686172951,0,0.0,0.0,0.0,0.0
1728561600000,375447.4686172951,375447.4686172951,0,0.0,0.0,0.0,0.0
1728576000000,375447.4686172951,375447.4686172951,0,0.0,0.0,0.0,0.0
1728590400000,375447.4686172951,375447.4686172951,0,0.0,0.0,0.0,0.0
1728604800000,375447.4686172951,375447.4686172951,0,0.0,0.0,0.0,0.0
1728619200000,375447.4686172951,375447.4686172951,0,0.0,0.0,0.0,0.0
1728633600000,375447.4686172951,375447.4686172951,0,0.0,0.0,0.0,0.0
1728648000000,375447.4686172951,375447.4686172951,0,0.0,0.0,0.0,0.0
1728662400000,375447.4686172951,375447.4686172951,0,0.0,0.0,0.0,0.0
1728676800000,375447.4686172951,375447.4686172951,0,0.0,0.0,0.0,0.0
1728691200000,375447.4686172951,375447.4686172951,0,0.0,0.0,0.0,0.0
1728705600000,375447.4686172951,375447.4686172951,0,0.0,0.0,0.0,0.0
1728720000000,375447.4686172951,375447.4686172951,0,0.0,0.0,0.0,0.0
1728734400000,375447.4686172951,375447.4686172951,0,0.0,0.0,0.0,0.0
1728748800000,375447.4686172951,375447.4686172951,0,0.0,0.0,0.0,0.0
1728763200000,375447.4686172951,375447.4686172951,0,0.0,0.0,0.0,0.0
1728777600000,375447.4686172951,375447.4686172951,0,0.0,0.0,0.0,0.0
1728792000000,375447.4686172951,375447.4686172951,0,0.0,0.0,0.0,0.0
1728806400000,375447.4686172951,375447.4686172951,0,0.0,0.0,0.0,0.0
1728820800000,375447.4686172951,375447.4686172951,0,0.0,0.0,0.0,0.0
1728835200000,375447.4686172951,375447.4686172951,0,0.0,0.0,0.0,0.0
1728849600000,375447.4686172951,375447.4686172951,0,0.0,0.0,0.0,0.0
1728864000000,375447.4686172951,375447.4686172951,0,0.0,0.0,0.0,0.0
1728878400000,375447.4686172951,375447.4686172951,0,0.0,0.0,0.0,0.0
1728892800000,375447.4686172951,375447.4686172951,0,0.0,0.0,0.0,0.0
1728907200000,375447.4686172951,375447.4686172951,0,0.0,0.0,0.0,0.0
1728921600000,375447.4686172951,375447.4686172951,0,0.0,0.0,0.0,0.0
1728936000000,375447.4686172951,375447.4686172951,0,0.0,0.0,0.0,0.0
1728950400000,375447.4686172951,375447.4686172951,0,0.0,0.0,0.0,0.0
1728964800000,375447.4686172951,375447.4686172951,0,0.0,0.0,0.0,0.0
1728979200000,375447.4686172951,375447.4686172951,0,0.0,0.0,0.0,0.0
1728993600000,375447.4686172951,375447.4686172951,0,0.0,0.0,0.0,0.0
1729008000000,375447.4686172951,375447.4686172951,0,0.0,0.0,0.0,0.0
1729022400000,375447.4686172951,375447.4686172951,0,0.0,0.0,0.0,0.0
1729036800000,375447.4686172951,375447.4686172951,0,0.0,0.0,0.0,0.0
1729051200000,375447.4686172951,375447.4686172951,0,0.0,0.0,0.0,0.0
1729065600000,375447.4686172951,375447.4686172951,0,0.0,0.0,0.0,0.0
1729080000000,375447.4686172951,375447.4686172951,0,0.0,0.0,0.0,0.0
1729094400000,375447.4686172951,375447.4686172951,0,0.0,0.0,0.0,0.0
1729108800000,375447.4686172951,375447.4686172951,0,0.0,0.0,0.0,0.0
1729123200000,375447.4686172951,375447.4686172951,0,0.0,0.0,0.0,0.0
1729137600000,375447.4686172951,375447.4686172951,0,0.0,0.0,0.0,0.0
1729152000000,375447.4686172951,375447.4686172951,0,0.0,0.0,0.0,0.0
1729166400000,375447.4686172951,375447.4686172951,0,0.0,0.0,0.0,0.0
1729180800000,375447.4686172951,375447.4686172951,0,0.0,0.0,0.0,0.0
1729195200000,375447.4686172951,375447.4686172951,0,0.0,0.0,0.0,0.0
1729209600000,375447.4686172951,375447.4686172951,0,0.0,0.0,0.0,0.0
1729224000000,375447.4686172951,375447.4686172951,0,0.0,0.0,0.0,0.0
1729238400000,375447.4686172951,375447.4686172951,0,0.0,0.0,0.0,0.0
1729252800000,375447.4686172951,375447.4686172951,0,0.0,0.0,0.0,0.0
1729267200000,375447.4686172951,375447.4686172951,0,0.0,0.0,0.0,0.0
1729281600000,375447.4686172951,375447.4686172951,0,0.0,0.0,0.0,0.0
1729296000000,375447.4686172951,375447.4686172951,0,0.0,0.0,0.0,0.0
1729310400000,375447.4686172951,375447.4686172951,0,0.0,0.0,0.0,0.0
1729324800000,375447.4686172951,375447.4686172951,0,0.0,0.0,0.0,0.0
1729339200000,375447.4686172951,375447.4686172951,0,0.0,0.0,0.0,0.0
1729353600000,375447.4686172951,375447.4686172951,0,0.0,0.0,0.0,0.0
1729368000000,375447.4686172951,375447.4686172951,0,0.0,0.0,0.0,0.0
1729382400000,375447.4686172951,375447.4686172951,0,0.0,0.0,0.0,0.0
1729396800000,375447.4686172951,375447.4686172951,0,0.0,0.0,0.0,0.0
1729411200000,375447.4686172951,375447.4686172951,0,0.0,0.0,0.0,0.0
1729425600000,375447.4686172951,375447.4686172951,0,0.0,0.0,0.0,0.0
1729440000000,376971.7377939893,375447.4686172951,1,321531.7492979138,7508.949372345902,0.0,0.0
1729454400000,377672.96009130473,375424.92783234175,1,322255.51238018257,7508.949372345902,0.0,0.0
1729468800000,392007.49002623954,375424.92783234175,1,336590.0423151174,7508.949372345902,0.0,0.0
1729483200000,396276.2045796456,375391.27295226103,1,340892.41174860415,7508.949372345902,0.0,0.0
1729497600000,394587.42405435175,375391.27295226103,1,339203.6312233103,7508.949372345902,0.0,0.0
1729512000000,390029.9888431361,375357.3570052254,1,334680.1119591303,7508.949372345902,0.0,0.0
1729526400000,387798.3860061407,375357.3570052254,1,332448.5091221349,7508.949372345902,0.0,0.0
1729540800000,392570.12518876995,375324.1135027924,1,337253.49180719716,7508.949372345902,0.0,0.0
1729555200000,389313.19131856033,375324.1135027924,1,333996.55793698755,7508.949372345902,0.0,0.0
1729569600000,389782.39539445314,375290.7043271096,1,334499.1711885631,7508.949372345902,0.0,0.0
1729584000000,391250.0260890538,375290.7043271096,1,335966.80188316375,7508.949372345902,0.0,0.0
1729598400000,392784.58528769785,375257.110180838,1,337534.9552280794,7508.949372345902,0.0,0.0
1729612800000,392755.6832278397,375257.110180838,2,610338.4718043106,11436.79522522288,3927.8458528769784,273084.97999711346
1729627200000,393768.56134586997,375250.3291196934,2,611972.6105934547,11436.79522522288,3927.8458528769784,273392.21980209806
1729641600000,392213.29619300546,375250.3291196934,2,610110.1056356055,11436.79522522288,3927.8458528769784,273238.59989960573
1729656000000,389091.4251815665,375243.9679999421,2,604741.5038406977,11436.79522522288,3927.8458528769784,272112.05394799565
1729670400000,392094.0565511577,375243.9679999421,2,602623.4717938795,11436.79522522288,3927.8458528769784,269551.72223979095
1729684800000,393403.6085909196,375237.6186295826,2,604041.786472329,11436.79522522288,3927.8458528769784,269602.92887395504
1729699200000,398192.96025002585,375237.6186295826,2,606168.3931549025,11436.79522522288,3927.8458528769784,268271.55638568866
1729713600000,410069.3186134752,379131.9541222554,2,481421.08436744916,9472.87229878439,1963.9229264384892,133572.5052170393
1729728000000,404502.3491020786,381104.3512168162,1,343405.47800648195,7508.949372345902,0.0,0.0
1729742400000,411102.5034750753,381070.0106690156,1,350039.9729272793,7508.949372345902,0.0,0.0
1729756800000,409876.1271412309,381070.0106690156,1,348813.5965934349,7508.949372345902,0.0,0.0
1729771200000,410404.1683971187,381035.12508313876,1,349376.5234351995,7508.949372345902,0.0,0.0
1729785600000,413580.6841470762,381035.12508313876,1,352553.03918515705,7508.949372345902,0.0,0.0
1729800000000,417552.26113486313,380999.8692293654,1,356559.87202671735,7508.949372345902,0.0,0.0
1729814400000,417043.61652426864,380999.8692293654,1,356051.22741612286,7508.949372345902,0.0,0.0
1729828800000,412082.4012583224,380964.26382885955,1,351125.61755068245,7508.949372345902,0.0,0.0
1729843200000,406453.1328406762,380964.26382885955,1,345496.3491330362,7508.949372345902,0.0,0.0
1729857600000,409856.4558360867,380929.71218349325,1,348934.22377381305,7508.949372345902,0.0,0.0
1729872000000,407423.807698461,380929.71218349325,1,346501.57563618734,7508.949372345902,0.0,0.0
1729886400000,398466.340530372,380918.76089344907,1,337555.0597581425,7508.949372345902,0.0,0.0
1729900800000,398398.82951842033,398398.82951842033,0,0.0,0.0,0.0,0.0
1729915200000,398398.82951842033,398398.82951842033,0,0.0,0.0,0.0,0.0
1729929600000,398398.82951842033,398398.82951842033,0,0.0,0.0,0.0,0.0
1729944000000,398398.82951842033,398398.82951842033,0,0.0,0.0,0.0,0.0
1729958400000,398398.82951842033,398398.82951842033,0,0.0,0.0,0.0,0.0
1729972800000,398398.82951842033,398398.82951842033,0,0.0,0.0,0.0,0.0
1729987200000,398398.82951842033,398398.82951842033,0,0.0,0.0,0.0,0.0
1730001600000,398398.82951842033,398398.82951842033,0,0.0,0.0,0.0,0.0
1730016000000,398398.82951842033,398398.82951842033,0,0.0,0.0,0.0,0.0
1730030400000,398398.82951842033,398398.82951842033,0,0.0,0.0,0.0,0.0
1730044800000,398398.82951842033,398398.82951842033,0,0.0,0.0,0.0,0.0
1730059200000,398398.82951842033,398398.82951842033,0,0.0,0.0,0.0,0.0
1730073600000,398398.82951842033,398398.82951842033,0,0.0,0.0,0.0,0.0
1730088000000,398398.82951842033,398398.82951842033,0,0.0,0.0,0.0,0.0
1730102400000,398398.82951842033,398398.82951842033,0,0.0,0.0,0.0,0.0
1730116800000,398398.82951842033,398398.82951842033,0,0.0,0.0,0.0,0.0
1730131200000,398398.82951842033,398398.82951842033,0,0.0,0.0,0.0,0.0
1730145600000,398398.82951842033,398398.82951842033,0,0.0,0.0,0.0,0.0
1730160000000,398398.82951842033,398398.82951842033,0,0.0,0.0,0.0,0.0
1730174400000,398398.82951842033,398398.82951842033,0,0.0,0.0,0.0,0.0
1730188800000,398398.82951842033,398398.82951842033,0,0.0,0.0,0.0,0.0
1730203200000,398398.82951842033,398398.82951842033,0,0.0,0.0,0.0,0.0
1730217600000,398398.82951842033,398398.82951842033,0,0.0,0.0,0.0,0.0
1730232000000,398398.82951842033,398398.82951842033,0,0.0,0.0,0.0,0.0
1730246400000,398398.82951842033,398398.82951842033,0,0.0,0.0,0.0,0.0
1730260800000,398398.82951842033,398398.82951842033,0,0.0,0.0,0.0,0.0
1730275200000,398398.82951842033,398398.82951842033,0,0.0,0.0,0.0,0.0
1730289600000,398398.82951842033,398398.82951842033,0,0.0,0.0,0.0,0.0
1730304000000,398398.82951842033,398398.82951842033,0,0.0,0.0,0.0,0.0
1730318400000,398398.82951842033,398398.82951842033,0,0.0,0.0,0.0,0.0
1730332800000,398398.82951842033,398398.82951842033,0,0.0,0.0,0.0,0.0
1730347200000,398398.82951842033,398398.82951842033,0,0.0,0.0,0.0,0.0
1730361600000,398398.82951842033,398398.82951842033,0,0.0,0.0,0.0,0.0
1730376000000,398398.82951842033,398398.82951842033,0,0.0,0.0,0.0,0.0
1730390400000,398398.82951842033,398398.82951842033,0,0.0,0.0,0.0,0.0
1730404800000,398398.82951842033,398398.82951842033,0,0.0,0.0,0.0,0.0
1730419200000,398398.82951842033,398398.82951842033,0,0.0,0.0,0.0,0.0
1730433600000,398398.82951842033,398398.82951842033,0,0.0,0.0,0.0,0.0
1730448000000,398398.82951842033,398398.82951842033,0,0.0,0.0,0.0,0.0
1730462400000,398398.82951842033,398398.82951842033,0,0.0,0.0,0.0,0.0
1730476800000,398398.82951842033,398398.82951842033,0,0.0,0.0,0.0,0.0
1730491200000,398398.82951842033,398398.82951842033,0,0.0,0.0,0.0,0.0
1730505600000,398398.82951842033,398398.82951842033,0,0.0,0.0,0.0,0.0
1730520000000,398398.82951842033,398398.82951842033,0,0.0,0.0,0.0,0.0
1730534400000,398398.82951842033,398398.82951842033,0,0.0,0.0,0.0,0.0
1730548800000,398398.82951842033,398398.82951842033,0,0.0,0.0,0.0,0.0
1730563200000,398398.82951842033,398398.82951842033,0,0.0,0.0,0.0,0.0
1730577600000,398398.82951842033,398398.82951842033,0,0.0,0.0,0.0,0.0
1730592000000,398398.82951842033,398398.82951842033,0,0.0,0.0,0.0,0.0
1730606400000,398398.82951842033,398398.82951842033,0,0.0,0.0,0.0,0.0
1730620800000,398398.82951842033,398398.82951842033,0,0.0,0.0,0.0,0.0
1730635200000,398398.82951842033,398398.82951842033,0,0.0,0.0,0.0,0.0
1730649600000,398398.82951842033,398398.82951842033,0,0.0,0.0,0.0,0.0
1730664000000,398398.82951842033,398398.82951842033,0,0.0,0.0,0.0,0.0
1730678400000,398398.82951842033,398398.82951842033,0,0.0,0.0,0.0,0.0
1730692800000,398398.82951842033,398398.82951842033,0,0.0,0.0,0.0,0.0
1730707200000,398398.82951842033,398398.82951842033,0,0.0,0.0,0.0,0.0
1730721600000,398398.82951842033,398398.82951842033,0,0.0,0.0,0.0,0.0
1730736000000,398398.82951842033,398398.82951842033,0,0.0,0.0,0.0,0.0
1730750400000,398398.82951842033,398398.82951842033,0,0.0,0.0,0.0,0.0
1730764800000,398398.82951842033,398398.82951842033,0,0.0,0.0,0.0,0.0
1730779200000,398398.82951842033,398398.82951842033,0,0.0,0.0,0.0,0.0
1730793600000,398398.82951842033,398398.82951842033,0,0.0,0.0,0.0,0.0
1730808000000,398398.82951842033,398398.82951842033,0,0.0,0.0,0.0,0.0
1730822400000,398398.82951842033,398398.82951842033,0,0.0,0.0,0.0,0.0
1730836800000,398398.82951842033,398398.82951842033,0,0.0,0.0,0.0,0.0
1730851200000,398398.82951842033,398398.82951842033,0,0.0,0.0,0.0,0.0
1730865600000,398398.82951842033,398398.82951842033,0,0.0,0.0,0.0,0.0
1730880000000,398398.82951842033,398398.82951842033,0,0.0,0.0,0.0,0.0
1730894400000,398398.82951842033,398398.82951842033,0,0.0,0.0,0.0,0.0
1730908800000,398398.82951842033,398398.82951842033,0,0.0,0.0,0.0,0.0
1730923200000,398398.82951842033,398398.82951842033,0,0.0,0.0,0.0,0.0
1730937600000,398398.82951842033,398398.82951842033,0,0.0,0.0,0.0,0.0
1730952000000,398398.82951842033,398398.82951842033,0,0.0,0.0,0.0,0.0
1730966400000,398398.82951842033,398398.82951842033,0,0.0,0.0,0.0,0.0
1730980800000,398398.82951842033,398398.82951842033,0,0.0,0.0,0.0,0.0
1730995200000,398398.82951842033,398398.82951842033,0,0.0,0.0,0.0,0.0
1731009600000,398398.82951842033,398398.82951842033,0,0.0,0.0,0.0,0.0
1731024000000,398398.82951842033,398398.82951842033,0,0.0,0.0,0.0,0.0
1731038400000,398398.82951842033,398398.82951842033,0,0.0,0.0,0.0,0.0
1731052800000,398398.82951842033,398398.82951842033,0,0.0,0.0,0.0,0.0
1731067200000,398398.82951842033,398398.82951842033,0,0.0,0.0,0.0,0.0
1731081600000,398398.82951842033,398398.82951842033,0,0.0,0.0,0.0,0.0
1731096000000,398398.82951842033,398398.82951842033,0,0.0,0.0,0.0,0.0
1731110400000,398398.82951842033,398398.82951842033,0,0.0,0.0,0.0,0.0
1731124800000,398398.82951842033,398398.82951842033,0,0.0,0.0,0.0,0.0
1731139200000,398398.82951842033,398398.82951842033,0,0.0,0.0,0.0,0.0
1731153600000,398398.82951842033,398398.82951842033,0,0.0,0.0,0.0,0.0
1731168000000,398398.82951842033,398398.82951842033,0,0.0,0.0,0.0,0.0
1731182400000,398398.82951842033,398398.82951842033,0,0.0,0.0,0.0,0.0
1731196800000,398398.82951842033,398398.82951842033,0,0.0,0.0,0.0,0.0
1731211200000,398398.82951842033,398398.82951842033,0,0.0,0.0,0.0,0.0
1731225600000,398398.82951842033,398398.82951842033,0,0.0,0.0,0.0,0.0
1731240000000,398398.82951842033,398398.82951842033,0,0.0,0.0,0.0,0.0
1731254400000,398398.82951842033,398398.82951842033,0,0.0,0.0,0.0,0.0
1731268800000,398398.82951842033,398398.82951842033,0,0.0,0.0,0.0,0.0
1731283200000,398398.82951842033,398398.82951842033,0,0.0,0.0,0.0,0.0
1731297600000,398398.82951842033,398398.82951842033,0,0.0,0.0,0.0,0.0
1731312000000,398398.82951842033,398398.82951842033,0,0.0,0.0,0.0,0.0
1731326400000,398398.82951842033,398398.82951842033,0,0.0,0.0,0.0,0.0
1731340800000,398398.82951842033,398398.82951842033,0,0.0,0.0,0.0,0.0
1731355200000,398398.82951842033,398398.82951842033,0,0.0,0.0,0.0,0.0
1731369600000,398398.82951842033,398398.82951842033,0,0.0,0.0,0.0,0.0
1731384000000,398398.82951842033,398398.82951842033,0,0.0,0.0,0.0,0.0
1731398400000,398398.82951842033,398398.82951842033,0,0.0,0.0,0.0,0.0
1731412800000,398398.82951842033,398398.82951842033,0,0.0,0.0,0.0,0.0
1731427200000,398398.82951842033,398398.82951842033,0,0.0,0.0,0.0,0.0
1731441600000,398398.82951842033,398398.82951842033,0,0.0,0.0,0.0,0.0
1731456000000,398398.82951842033,398398.82951842033,0,0.0,0.0,0.0,0.0
1731470400000,398398.82951842033,398398.82951842033,0,0.0,0.0,0.0,0.0
1731484800000,398398.82951842033,398398.82951842033,0,0.0,0.0,0.0,0.0
1731499200000,398398.82951842033,398398.82951842033,0,0.0,0.0,0.0,0.0
1731513600000,398398.82951842033,398398.82951842033,0,0.0,0.0,0.0,0.0
1731528000000,398398.82951842033,398398.82951842033,0,0.0,0.0,0.0,0.0
1731542400000,398398.82951842033,398398.82951842033,0,0.0,0.0,0.0,0.0
1731556800000,398398.82951842033,398398.82951842033,0,0.0,0.0,0.0,0.0
1731571200000,398398.82951842033,398398.82951842033,0,0.0,0.0,0.0,0.0
1731585600000,398398.82951842033,398398.82951842033,0,0.0,0.0,0.0,0.0
1731600000000,398398.82951842033,398398.82951842033,0,0.0,0.0,0.0,0.0
1731614400000,398398.82951842033,398398.82951842033,0,0.0,0.0,0.0,0.0
1731628800000,398398.82951842033,398398.82951842033,0,0.0,0.0,0.0,0.0
1731643200000,398398.82951842033,398398.82951842033,0,0.0,0.0,0.0,0.0
1731657600000,398398.82951842033,398398.82951842033,0,0.0,0.0,0.0,0.0
1731672000000,398398.82951842033,398398.82951842033,0,0.0,0.0,0.0,0.0
1731686400000,398398.82951842033,398398.82951842033,0,0.0,0.0,0.0,0.0
1731700800000,398398.82951842033,398398.82951842033,0,0.0,0.0,0.0,0.0
1731715200000,398398.82951842033,398398.82951842033,0,0.0,0.0,0.0,0.0
1731729600000,398398.82951842033,398398.82951842033,0,0.0,0.0,0.0,0.0
1731744000000,398398.82951842033,398398.82951842033,0,0.0,0.0,0.0,0.0
1731758400000,398398.82951842033,398398.82951842033,0,0.0,0.0,0.0,0.0
1731772800000,398398.82951842033,398398.82951842033,0,0.0,0.0,0.0,0.0
1731787200000,398398.82951842033,398398.82951842033,0,0.0,0.0,0.0,0.0
1731801600000,398398.82951842033,398398.82951842033,0,0.0,0.0,0.0,0.0
1731816000000,398398.82951842033,398398.82951842033,0,0.0,0.0,0.0,0.0
1731830400000,398398.82951842033,398398.82951842033,0,0.0,0.0,0.0,0.0
1731844800000,398398.82951842033,398398.82951842033,0,0.0,0.0,0.0,0.0
1731859200000,398398.82951842033,398398.82951842033,0,0.0,0.0,0.0,0.0
1731873600000,398398.82951842033,398398.82951842033,0,0.0,0.0,0.0,0.0
1731888000000,398398.82951842033,398398.82951842033,0,0.0,0.0,0.0,0.0
1731902400000,398398.82951842033,398398.82951842033,0,0.0,0.0,0.0,0.0
1731916800000,398398.82951842033,398398.82951842033,0,0.0,0.0,0.0,0.0
1731931200000,398398.82951842033,398398.82951842033,0,0.0,0.0,0.0,0.0
1731945600000,398398.82951842033,398398.82951842033,0,0.0,0.0,0.0,0.0
1731960000000,398398.82951842033,398398.82951842033,0,0.0,0.0,0.0,0.0
1731974400000,398398.82951842033,398398.82951842033,0,0.0,0.0,0.0,0.0
1731988800000,398398.82951842033,398398.82951842033,0,0.0,0.0,0.0,0.0
1732003200000,398398.82951842033,398398.82951842033,0,0.0,0.0,0.0,0.0
1732017600000,398398.82951842033,398398.82951842033,0,0.0,0.0,0.0,0.0
1732032000000,398398.82951842033,398398.82951842033,0,0.0,0.0,0.0,0.0
1732046400000,398398.82951842033,398398.82951842033,0,0.0,0.0,0.0,0.0
1732060800000,398398.82951842033,398398.82951842033,0,0.0,0.0,0.0,0.0
1732075200000,398398.82951842033,398398.82951842033,0,0.0,0.0,0.0,0.0
1732089600000,398398.82951842033,398398.82951842033,0,0.0,0.0,0.0,0.0
1732104000000,398398.82951842033,398398.82951842033,0,0.0,0.0,0.0,0.0
1732118400000,398398.82951842033,398398.82951842033,0,0.0,0.0,0.0,0.0
1732132800000,398398.82951842033,398398.82951842033,0,0.0,0.0,0.0,0.0
1732147200000,398398.82951842033,398398.82951842033,0,0.0,0.0,0.0,0.0
1732161600000,398398.82951842033,398398.82951842033,0,0.0,0.0,0.0,0.0
1732176000000,398398.82951842033,398398.82951842033,0,0.0,0.0,0.0,0.0
1732190400000,398398.82951842033,398398.82951842033,0,0.0,0.0,0.0,0.0
1732204800000,398398.82951842033,398398.82951842033,0,0.0,0.0,0.0,0.0
1732219200000,398398.82951842033,398398.82951842033,0,0.0,0.0,0.0,0.0
1732233600000,398398.82951842033,398398.82951842033,0,0.0,0.0,0.0,0.0
1732248000000,398398.82951842033,398398.82951842033,0,0.0,0.0,0.0,0.0
1732262400000,398398.82951842033,398398.82951842033,0,0.0,0.0,0.0,0.0
1732276800000,398398.82951842033,398398.82951842033,0,0.0,0.0,0.0,0.0
1732291200000,398398.82951842033,398398.82951842033,0,0.0,0.0,0.0,0.0
1732305600000,398398.82951842033,398398.82951842033,0,0.0,0.0,0.0,0.0
1732320000000,398398.82951842033,398398.82951842033,0,0.0,0.0,0.0,0.0
1732334400000,398398.82951842033,398398.82951842033,0,0.0,0.0,0.0,0.0
1732348800000,398398.82951842033,398398.82951842033,0,0.0,0.0,0.0,0.0
1732363200000,398398.82951842033,398398.82951842033,0,0.0,0.0,0.0,0.0
1732377600000,398398.82951842033,398398.82951842033,0,0.0,0.0,0.0,0.0
1732392000000,398398.82951842033,398398.82951842033,0,0.0,0.0,0.0,0.0
1732406400000,398398.82951842033,398398.82951842033,0,0.0,0.0,0.0,0.0
1732420800000,398398.82951842033,398398.82951842033,0,0.0,0.0,0.0,0.0
1732435200000,398398.82951842033,398398.82951842033,0,0.0,0.0,0.0,0.0
1732449600000,398398.82951842033,398398.82951842033,0,0.0,0.0,0.0,0.0
1732464000000,398398.82951842033,398398.82951842033,0,0.0,0.0,0.0,0.0
1732478400000,398398.82951842033,398398.82951842033,0,0.0,0.0,0.0,0.0
1732492800000,398398.82951842033,398398.82951842033,0,0.0,0.0,0.0,0.0
1732507200000,398398.82951842033,398398.82951842033,0,0.0,0.0,0.0,0.0
1732521600000,398398.82951842033,398398.82951842033,0,0.0,0.0,0.0,0.0
1732536000000,398398.82951842033,398398.82951842033,0,0.0,0.0,0.0,0.0
1732550400000,398398.82951842033,398398.82951842033,0,0.0,0.0,0.0,0.0
1732564800000,398398.82951842033,398398.82951842033,0,0.0,0.0,0.0,0.0
1732579200000,398398.82951842033,398398.82951842033,0,0.0,0.0,0.0,0.0
1732593600000,398398.82951842033,398398.82951842033,0,0.0,0.0,0.0,0.0
1732608000000,398398.82951842033,398398.82951842033,0,0.0,0.0,0.0,0.0
1732622400000,398398.82951842033,398398.82951842033,0,0.0,0.0,0.0,0.0
1732636800000,398398.82951842033,398398.82951842033,0,0.0,0.0,0.0,0.0
1732651200000,398398.82951842033,398398.82951842033,0,0.0,0.0,0.0,0.0
1732665600000,398398.82951842033,398398.82951842033,0,0.0,0.0,0.0,0.0
1732680000000,398398.82951842033,398398.82951842033,0,0.0,0.0,0.0,0.0
1732694400000,398398.82951842033,398398.82951842033,0,0.0,0.0,0.0,0.0
1732708800000,398398.82951842033,398398.82951842033,0,0.0,0.0,0.0,0.0
1732723200000,398398.82951842033,398398.82951842033,0,0.0,0.0,0.0,0.0
1732737600000,398398.82951842033,398398.82951842033,0,0.0,0.0,0.0,0.0
1732752000000,398398.82951842033,398398.82951842033,0,0.0,0.0,0.0,0.0
1732766400000,398398.82951842033,398398.82951842033,0,0.0,0.0,0.0,0.0
1732780800000,398398.82951842033,398398.82951842033,0,0.0,0.0,0.0,0.0
1732795200000,398398.82951842033,398398.82951842033,0,0.0,0.0,0.0,0.0
1732809600000,398398.82951842033,398398.82951842033,0,0.0,0.0,0.0,0.0
1732824000000,398398.82951842033,398398.82951842033,0,0.0,0.0,0.0,0.0
1732838400000,398398.82951842033,398398.82951842033,0,0.0,0.0,0.0,0.0
1732852800000,398398.82951842033,398398.82951842033,0,0.0,0.0,0.0,0.0
1732867200000,398398.82951842033,398398.82951842033,0,0.0,0.0,0.0,0.0
1732881600000,398398.82951842033,398398.82951842033,0,0.0,0.0,0.0,0.0
1732896000000,398398.82951842033,398398.82951842033,0,0.0,0.0,0.0,0.0
1732910400000,398398.82951842033,398398.82951842033,0,0.0,0.0,0.0,0.0
1732924800000,398398.82951842033,398398.82951842033,0,0.0,0.0,0.0,0.0
1732939200000,398398.82951842033,398398.82951842033,0,0.0,0.0,0.0,0.0
1732953600000,398398.82951842033,398398.82951842033,0,0.0,0.0,0.0,0.0
1732968000000,398398.82951842033,398398.82951842033,0,0.0,0.0,0.0,0.0
1732982400000,398398.82951842033,398398.82951842033,0,0.0,0.0,0.0,0.0
1732996800000,398398.82951842033,398398.82951842033,0,0.0,0.0,0.0,0.0
1733011200000,398398.82951842033,398398.82951842033,0,0.0,0.0,0.0,0.0
1733025600000,398398.82951842033,398398.82951842033,0,0.0,0.0,0.0,0.0
1733040000000,398398.82951842033,398398.82951842033,0,0.0,0.0,0.0,0.0
1733054400000,398398.82951842033,398398.82951842033,0,0.0,0.0,0.0,0.0
1733068800000,398398.82951842033,398398.82951842033,0,0.0,0.0,0.0,0.0
1733083200000,398398.82951842033,398398.82951842033,0,0.0,0.0,0.0,0.0
1733097600000,398398.82951842033,398398.82951842033,0,0.0,0.0,0.0,0.0
1733112000000,398398.82951842033,398398.82951842033,0,0.0,0.0,0.0,0.0
1733126400000,398398.82951842033,398398.82951842033,0,0.0,0.0,0.0,0.0
1733140800000,398398.82951842033,398398.82951842033,0,0.0,0.0,0.0,0.0
1733155200000,398398.82951842033,398398.82951842033,0,0.0,0.0,0.0,0.0
1733169600000,398398.82951842033,398398.82951842033,0,0.0,0.0,0.0,0.0
1733184000000,398398.82951842033,398398.82951842033,0,0.0,0.0,0.0,0.0
1733198400000,398398.82951842033,398398.82951842033,0,0.0,0.0,0.0,0.0
1733212800000,398398.82951842033,398398.82951842033,0,0.0,0.0,0.0,0.0
1733227200000,398398.82951842033,398398.82951842033,0,0.0,0.0,0.0,0.0
1733241600000,398398.82951842033,398398.82951842033,0,0.0,0.0,0.0,0.0
1733256000000,398398.82951842033,398398.82951842033,0,0.0,0.0,0.0,0.0
1733270400000,398398.82951842033,398398.82951842033,0,0.0,0.0,0.0,0.0
1733284800000,398398.82951842033,398398.82951842033,0,0.0,0.0,0.0,0.0
1733299200000,398398.82951842033,398398.82951842033,0,0.0,0.0,0.0,0.0
1733313600000,398398.82951842033,398398.82951842033,0,0.0,0.0,0.0,0.0
1733328000000,398398.82951842033,398398.82951842033,0,0.0,0.0,0.0,0.0
1733342400000,398398.82951842033,398398.82951842033,0,0.0,0.0,0.0,0.0
1733356800000,398398.82951842033,398398.82951842033,0,0.0,0.0,0.0,0.0
1733371200000,398398.82951842033,398398.82951842033,0,0.0,0.0,0.0,0.0
1733385600000,398398.82951842033,398398.82951842033,0,0.0,0.0,0.0,0.0
1733400000000,398398.82951842033,398398.82951842033,0,0.0,0.0,0.0,0.0
1733414400000,398398.82951842033,398398.82951842033,0,0.0,0.0,0.0,0.0
1733428800000,398398.82951842033,398398.82951842033,0,0.0,0.0,0.0,0.0
1733443200000,398398.82951842033,398398.82951842033,0,0.0,0.0,0.0,0.0
1733457600000,398398.82951842033,398398.82951842033,0,0.0,0.0,0.0,0.0
1733472000000,398398.82951842033,398398.82951842033,0,0.0,0.0,0.0,0.0
1733486400000,398398.82951842033,398398.82951842033,0,0.0,0.0,0.0,0.0
1733500800000,398398.82951842033,398398.82951842033,0,0.0,0.0,0.0,0.0
1733515200000,398398.82951842033,398398.82951842033,0,0.0,0.0,0.0,0.0
1733529600000,398398.82951842033,398398.82951842033,0,0.0,0.0,0.0,0.0
1733544000000,398398.82951842033,398398.82951842033,0,0.0,0.0,0.0,0.0
1733558400000,398398.82951842033,398398.82951842033,0,0.0,0.0,0.0,0.0
1733572800000,398398.82951842033,398398.82951842033,0,0.0,0.0,0.0,0.0
1733587200000,398398.82951842033,398398.82951842033,0,0.0,0.0,0.0,0.0
1733601600000,398398.82951842033,398398.82951842033,0,0.0,0.0,0.0,0.0
1733616000000,398398.82951842033,398398.82951842033,0,0.0,0.0,0.0,0.0
1733630400000,398398.82951842033,398398.82951842033,0,0.0,0.0,0.0,0.0
1733644800000,398398.82951842033,398398.82951842033,0,0.0,0.0,0.0,0.0
1733659200000,398398.82951842033,398398.82951842033,0,0.0,0.0,0.0,0.0
1733673600000,398398.82951842033,398398.82951842033,0,0.0,0.0,0.0,0.0
1733688000000,398398.82951842033,398398.82951842033,0,0.0,0.0,0.0,0.0
1733702400000,398398.82951842033,398398.82951842033,0,0.0,0.0,0.0,0.0
1733716800000,398398.82951842033,398398.82951842033,0,0.0,0.0,0.0,0.0
1733731200000,398398.82951842033,398398.82951842033,0,0.0,0.0,0.0,0.0
1733745600000,398398.82951842033,398398.82951842033,0,0.0,0.0,0.0,0.0
1733760000000,398398.82951842033,398398.82951842033,0,0.0,0.0,0.0,0.0
1733774400000,398398.82951842033,398398.82951842033,0,0.0,0.0,0.0,0.0
1733788800000,398398.82951842033,398398.82951842033,0,0.0,0.0,0.0,0.0
1733803200000,398398.82951842033,398398.82951842033,0,0.0,0.0,0.0,0.0
1733817600000,398398.82951842033,398398.82951842033,0,0.0,0.0,0.0,0.0
1733832000000,398398.82951842033,398398.82951842033,0,0.0,0.0,0.0,0.0
1733846400000,398398.82951842033,398398.82951842033,0,0.0,0.0,0.0,0.0
1733860800000,398398.82951842033,398398.82951842033,0,0.0,0.0,0.0,0.0
1733875200000,398398.82951842033,398398.82951842033,0,0.0,0.0,0.0,0.0
1733889600000,398398.82951842033,398398.82951842033,0,0.0,0.0,0.0,0.0
1733904000000,398398.82951842033,398398.82951842033,0,0.0,0.0,0.0,0.0
1733918400000,398398.82951842033,398398.82951842033,0,0.0,0.0,0.0,0.0
1733932800000,398398.82951842033,398398.82951842033,0,0.0,0.0,0.0,0.0
1733947200000,398398.82951842033,398398.82951842033,0,0.0,0.0,0.0,0.0
1733961600000,398398.82951842033,398398.82951842033,0,0.0,0.0,0.0,0.0
1733976000000,398398.82951842033,398398.82951842033,0,0.0,0.0,0.0,0.0
1733990400000,398398.82951842033,398398.82951842033,0,0.0,0.0,0.0,0.0
1734004800000,398398.82951842033,398398.82951842033,0,0.0,0.0,0.0,0.0
1734019200000,398398.82951842033,398398.82951842033,0,0.0,0.0,0.0,0.0
1734033600000,398398.82951842033,398398.82951842033,0,0.0,0.0,0.0,0.0
1734048000000,398398.82951842033,398398.82951842033,0,0.0,0.0,0.0,0.0
1734062400000,398398.82951842033,398398.82951842033,0,0.0,0.0,0.0,0.0
1734076800000,398398.82951842033,398398.82951842033,0,0.0,0.0,0.0,0.0
1734091200000,398398.82951842033,398398.82951842033,0,0.0,0.0,0.0,0.0
1734105600000,398398.82951842033,398398.82951842033,0,0.0,0.0,0.0,0.0
1734120000000,398398.82951842033,398398.82951842033,0,0.0,0.0,0.0,0.0
1734134400000,398398.82951842033,398398.82951842033,0,0.0,0.0,0.0,0.0
1734148800000,398398.82951842033,398398.82951842033,0,0.0,0.0,0.0,0.0
1734163200000,398398.82951842033,398398.82951842033,0,0.0,0.0,0.0,0.0
1734177600000,398398.82951842033,398398.82951842033,0,0.0,0.0,0.0,0.0
1734192000000,398398.82951842033,398398.82951842033,0,0.0,0.0,0.0,0.0
1734206400000,398398.82951842033,398398.82951842033,0,0.0,0.0,0.0,0.0
1734220800000,398398.82951842033,398398.82951842033,0,0.0,0.0,0.0,0.0
1734235200000,398398.82951842033,398398.82951842033,0,0.0,0.0,0.0,0.0
1734249600000,398398.82951842033,398398.82951842033,0,0.0,0.0,0.0,0.0
1734264000000,398398.82951842033,398398.82951842033,0,0.0,0.0,0.0,0.0
1734278400000,398398.82951842033,398398.82951842033,0,0.0,0.0,0.0,0.0
1734292800000,398398.82951842033,398398.82951842033,0,0.0,0.0,0.0,0.0
1734307200000,398398.82951842033,398398.82951842033,0,0.0,0.0,0.0,0.0
1734321600000,398398.82951842033,398398.82951842033,0,0.0,0.0,0.0,0.0
1734336000000,398398.82951842033,398398.82951842033,0,0.0,0.0,0.0,0.0
1734350400000,398398.82951842033,398398.82951842033,0,0.0,0.0,0.0,0.0
1734364800000,398398.82951842033,398398.82951842033,0,0.0,0.0,0.0,0.0
1734379200000,398398.82951842033,398398.82951842033,0,0.0,0.0,0.0,0.0
1734393600000,398398.82951842033,398398.82951842033,0,0.0,0.0,0.0,0.0
1734408000000,398398.82951842033,398398.82951842033,0,0.0,0.0,0.0,0.0
1734422400000,398398.82951842033,398398.82951842033,0,0.0,0.0,0.0,0.0
1734436800000,398398.82951842033,398398.82951842033,0,0.0,0.0,0.0,0.0
1734451200000,398398.82951842033,398398.82951842033,0,0.0,0.0,0.0,0.0
1734465600000,398398.82951842033,398398.82951842033,0,0.0,0.0,0.0,0.0
1734480000000,398398.82951842033,398398.82951842033,0,0.0,0.0,0.0,0.0
1734494400000,398398.82951842033,398398.82951842033,0,0.0,0.0,0.0,0.0
1734508800000,398398.82951842033,398398.82951842033,0,0.0,0.0,0.0,0.0
1734523200000,398398.82951842033,398398.82951842033,0,0.0,0.0,0.0,0.0
1734537600000,398398.82951842033,398398.82951842033,0,0.0,0.0,0.0,0.0
1734552000000,398398.82951842033,398398.82951842033,0,0.0,0.0,0.0,0.0
1734566400000,398398.82951842033,398398.82951842033,0,0.0,0.0,0.0,0.0
1734580800000,398398.82951842033,398398.82951842033,0,0.0,0.0,0.0,0.0
1734595200000,398398.82951842033,398398.82951842033,0,0.0,0.0,0.0,0.0
1734609600000,398398.82951842033,398398.82951842033,0,0.0,0.0,0.0,0.0
1734624000000,398398.82951842033,398398.82951842033,0,0.0,0.0,0.0,0.0
1734638400000,398398.82951842033,398398.82951842033,0,0.0,0.0,0.0,0.0
1734652800000,398398.82951842033,398398.82951842033,0,0.0,0.0,0.0,0.0
1734667200000,398398.82951842033,398398.82951842033,0,0.0,0.0,0.0,0.0
1734681600000,398398.82951842033,398398.82951842033,0,0.0,0.0,0.0,0.0
1734696000000,398398.82951842033,398398.82951842033,0,0.0,0.0,0.0,0.0
1734710400000,398398.82951842033,398398.82951842033,0,0.0,0.0,0.0,0.0
1734724800000,398398.82951842033,398398.82951842033,0,0.0,0.0,0.0,0.0
1734739200000,398398.82951842033,398398.82951842033,0,0.0,0.0,0.0,0.0
1734753600000,398398.82951842033,398398.82951842033,0,0.0,0.0,0.0,0.0
1734768000000,398398.82951842033,398398.82951842033,0,0.0,0.0,0.0,0.0
1734782400000,398398.82951842033,398398.82951842033,0,0.0,0.0,0.0,0.0
1734796800000,398398.82951842033,398398.82951842033,0,0.0,0.0,0.0,0.0
1734811200000,398398.82951842033,398398.82951842033,0,0.0,0.0,0.0,0.0
1734825600000,398398.82951842033,398398.82951842033,0,0.0,0.0,0.0,0.0
1734840000000,398398.82951842033,398398.82951842033,0,0.0,0.0,0.0,0.0
1734854400000,398398.82951842033,398398.82951842033,0,0.0,0.0,0.0,0.0
1734868800000,398398.82951842033,398398.82951842033,0,0.0,0.0,0.0,0.0
1734883200000,398398.82951842033,398398.82951842033,0,0.0,0.0,0.0,0.0
1734897600000,398398.82951842033,398398.82951842033,0,0.0,0.0,0.0,0.0
1734912000000,398398.82951842033,398398.82951842033,0,0.0,0.0,0.0,0.0
1734926400000,398398.82951842033,398398.82951842033,0,0.0,0.0,0.0,0.0
1734940800000,398398.82951842033,398398.82951842033,0,0.0,0.0,0.0,0.0
1734955200000,398398.82951842033,398398.82951842033,0,0.0,0.0,0.0,0.0
1734969600000,398398.82951842033,398398.82951842033,0,0.0,0.0,0.0,0.0
1734984000000,398398.82951842033,398398.82951842033,0,0.0,0.0,0.0,0.0
1734998400000,398398.82951842033,398398.82951842033,0,0.0,0.0,0.0,0.0
1735012800000,398398.82951842033,398398.82951842033,0,0.0,0.0,0.0,0.0
1735027200000,398398.82951842033,398398.82951842033,0,0.0,0.0,0.0,0.0
1735041600000,398398.82951842033,398398.82951842033,0,0.0,0.0,0.0,0.0
1735056000000,398398.82951842033,398398.82951842033,0,0.0,0.0,0.0,0.0
1735070400000,398398.82951842033,398398.82951842033,0,0.0,0.0,0.0,0.0
1735084800000,398398.82951842033,398398.82951842033,0,0.0,0.0,0.0,0.0
1735099200000,398398.82951842033,398398.82951842033,0,0.0,0.0,0.0,0.0
1735113600000,398398.82951842033,398398.82951842033,0,0.0,0.0,0.0,0.0
1735128000000,398398.82951842033,398398.82951842033,0,0.0,0.0,0.0,0.0
1735142400000,398398.82951842033,398398.82951842033,0,0.0,0.0,0.0,0.0
1735156800000,398398.82951842033,398398.82951842033,0,0.0,0.0,0.0,0.0
1735171200000,398398.82951842033,398398.82951842033,0,0.0,0.0,0.0,0.0
1735185600000,398398.82951842033,398398.82951842033,0,0.0,0.0,0.0,0.0
1735200000000,398398.82951842033,398398.82951842033,0,0.0,0.0,0.0,0.0
1735214400000,398398.82951842033,398398.82951842033,0,0.0,0.0,0.0,0.0
1735228800000,398398.82951842033,398398.82951842033,0,0.0,0.0,0.0,0.0
1735243200000,398398.82951842033,398398.82951842033,0,0.0,0.0,0.0,0.0
1735257600000,398398.82951842033,398398.82951842033,0,0.0,0.0,0.0,0.0
1735272000000,398398.82951842033,398398.82951842033,0,0.0,0.0,0.0,0.0
1735286400000,398398.82951842033,398398.82951842033,0,0.0,0.0,0.0,0.0
1735300800000,398398.82951842033,398398.82951842033,0,0.0,0.0,0.0,0.0
1735315200000,398398.82951842033,398398.82951842033,0,0.0,0.0,0.0,0.0
1735329600000,398398.82951842033,398398.82951842033,0,0.0,0.0,0.0,0.0
1735344000000,398398.82951842033,398398.82951842033,0,0.0,0.0,0.0,0.0
1735358400000,398398.82951842033,398398.82951842033,0,0.0,0.0,0.0,0.0
1735372800000,398398.82951842033,398398.82951842033,0,0.0,0.0,0.0,0.0
1735387200000,398398.82951842033,398398.82951842033,0,0.0,0.0,0.0,0.0
1735401600000,398398.82951842033,398398.82951842033,0,0.0,0.0,0.0,0.0
1735416000000,398398.82951842033,398398.82951842033,0,0.0,0.0,0.0,0.0
1735430400000,398398.82951842033,398398.82951842033,0,0.0,0.0,0.0,0.0
1735444800000,398398.82951842033,398398.82951842033,0,0.0,0.0,0.0,0.0
1735459200000,398398.82951842033,398398.82951842033,0,0.0,0.0,0.0,0.0
1735473600000,398398.82951842033,398398.82951842033,0,0.0,0.0,0.0,0.0
1735488000000,398398.82951842033,398398.82951842033,0,0.0,0.0,0.0,0.0
1735502400000,398398.82951842033,398398.82951842033,0,0.0,0.0,0.0,0.0
1735516800000,398398.82951842033,398398.82951842033,0,0.0,0.0,0.0,0.0
1735531200000,398398.82951842033,398398.82951842033,0,0.0,0.0,0.0,0.0
1735545600000,398398.82951842033,398398.82951842033,0,0.0,0.0,0.0,0.0
1735560000000,398398.82951842033,398398.82951842033,0,0.0,0.0,0.0,0.0
1735574400000,398398.82951842033,398398.82951842033,0,0.0,0.0,0.0,0.0
1735588800000,382356.10603866965,382356.10603866965,0,0.0,0.0,0.0,0.0
1735603200000,382356.10603866965,382356.10603866965,0,0.0,0.0,0.0,0.0
1735617600000,382356.10603866965,382356.10603866965,0,0.0,0.0,0.0,0.0
1735632000000,382356.10603866965,382356.10603866965,0,0.0,0.0,0.0,0.0
1735646400000,382356.10603866965,382356.10603866965,0,0.0,0.0,0.0,0.0
1735660800000,382356.10603866965,382356.10603866965,0,0.0,0.0,0.0,0.0
1735675200000,382356.10603866965,382356.10603866965,0,0.0,0.0,0.0,0.0
1735689600000,382356.10603866965,382356.10603866965,0,0.0,0.0,0.0,0.0
1735704000000,382356.10603866965,382356.10603866965,0,0.0,0.0,0.0,0.0
1735718400000,382356.10603866965,382356.10603866965,0,0.0,0.0,0.0,0.0
1735732800000,382356.10603866965,382356.10603866965,0,0.0,0.0,0.0,0.0
1735747200000,382356.10603866965,382356.10603866965,0,0.0,0.0,0.0,0.0
1735761600000,382356.10603866965,382356.10603866965,0,0.0,0.0,0.0,0.0
1735776000000,382356.10603866965,382356.10603866965,0,0.0,0.0,0.0,0.0
1735790400000,382356.10603866965,382356.10603866965,0,0.0,0.0,0.0,0.0
1735804800000,382356.10603866965,382356.10603866965,0,0.0,0.0,0.0,0.0
1735819200000,382356.10603866965,382356.10603866965,0,0.0,0.0,0.0,0.0
1735833600000,382356.10603866965,382356.10603866965,0,0.0,0.0,0.0,0.0
1735848000000,382356.10603866965,382356.10603866965,0,0.0,0.0,0.0,0.0
1735862400000,382356.10603866965,382356.10603866965,0,0.0,0.0,0.0,0.0
1735876800000,382356.10603866965,382356.10603866965,0,0.0,0.0,0.0,0.0
1735891200000,382356.10603866965,382356.10603866965,0,0.0,0.0,0.0,0.0
1735905600000,382356.10603866965,382356.10603866965,0,0.0,0.0,0.0,0.0
1735920000000,382356.10603866965,382356.10603866965,0,0.0,0.0,0.0,0.0
1735934400000,382356.10603866965,382356.10603866965,0,0.0,0.0,0.0,0.0
1735948800000,382356.10603866965,382356.10603866965,0,0.0,0.0,0.0,0.0
1735963200000,382356.10603866965,382356.10603866965,0,0.0,0.0,0.0,0.0
1735977600000,382356.10603866965,382356.10603866965,0,0.0,0.0,0.0,0.0
1735992000000,382356.10603866965,382356.10603866965,0,0.0,0.0,0.0,0.0
1736006400000,382356.10603866965,382356.10603866965,0,0.0,0.0,0.0,0.0
1736020800000,382356.10603866965,382356.10603866965,0,0.0,0.0,0.0,0.0
1736035200000,382356.10603866965,382356.10603866965,0,0.0,0.0,0.0,0.0
1736049600000,382356.10603866965,382356.10603866965,0,0.0,0.0,0.0,0.0
1736064000000,382356.10603866965,382356.10603866965,0,0.0,0.0,0.0,0.0
1736078400000,382356.10603866965,382356.10603866965,0,0.0,0.0,0.0,0.0
1736092800000,382356.10603866965,382356.10603866965,0,0.0,0.0,0.0,0.0
1736107200000,382356.10603866965,382356.10603866965,0,0.0,0.0,0.0,0.0
1736121600000,382356.10603866965,382356.10603866965,0,0.0,0.0,0.0,0.0
1736136000000,382356.10603866965,382356.10603866965,0,0.0,0.0,0.0,0.0
1736150400000,382356.10603866965,382356.10603866965,0,0.0,0.0,0.0,0.0
1736164800000,382356.10603866965,382356.10603866965,0,0.0,0.0,0.0,0.0
1736179200000,382356.10603866965,382356.10603866965,0,0.0,0.0,0.0,0.0
1736193600000,382356.10603866965,382356.10603866965,0,0.0,0.0,0.0,0.0
1736208000000,382356.10603866965,382356.10603866965,0,0.0,0.0,0.0,0.0
1736222400000,382356.10603866965,382356.10603866965,0,0.0,0.0,0.0,0.0
1736236800000,382356.10603866965,382356.10603866965,0,0.0,0.0,0.0,0.0
1736251200000,382356.10603866965,382356.10603866965,0,0.0,0.0,0.0,0.0
1736265600000,382356.10603866965,382356.10603866965,0,0.0,0.0,0.0,0.0
1736280000000,397510.13768696965,382356.10603866965,2,795112.5149423075,15290.871043718682,15290.871043718682,795112.5149423075
1736294400000,402591.77292823937,382356.10603866965,2,790030.8797010379,15290.871043718682,15290.871043718682,790030.8797010379
1736308800000,409917.68011511985,389184.10860950104,2,595182.4010734218,11468.996582246038,11468.996582246038,595182.4010734218
1736323200000,414598.2536573423,396790.6036148418,2,387325.6232528033,7645.435521859341,7645.435521859341,387325.6232528033
1736337600000,415061.9623338697,396828.2131693295,2,386899.52413076354,7645.435521859341,7645.435521859341,386899.52413076354
1736352000000,413079.7374016635,396828.2131693295,2,388881.7490629698,7645.435521859341,7645.435521859341,388881.7490629698
1736366400000,420433.59954535327,396843.67442036775,2,381543.34817031823,7645.435521859341,7645.435521859341,381543.34817031823
1736380800000,414171.2649183927,405939.92400400445,1,202551.35836934872,3823.561060386697,3823.561060386697,202551.35836934872
1736395200000,412770.09302179614,412770.09302179614,0,0.0,0.0,0.0,0.0
1736409600000,412770.09302179614,412770.09302179614,0,0.0,0.0,0.0,0.0
1736424000000,412770.09302179614,412770.09302179614,0,0.0,0.0,0.0,0.0
1736438400000,412770.09302179614,412770.09302179614,0,0.0,0.0,0.0,0.0
1736452800000,412770.09302179614,412770.09302179614,0,0.0,0.0,0.0,0.0
1736467200000,412770.09302179614,412770.09302179614,0,0.0,0.0,0.0,0.0
1736481600000,412770.09302179614,412770.09302179614,0,0.0,0.0,0.0,0.0
1736496000000,412770.09302179614,412770.09302179614,0,0.0,0.0,0.0,0.0
1736510400000,412770.09302179614,412770.09302179614,0,0.0,0.0,0.0,0.0
1736524800000,412770.09302179614,412770.09302179614,0,0.0,0.0,0.0,0.0
1736539200000,412770.09302179614,412770.09302179614,0,0.0,0.0,0.0,0.0
1736553600000,412770.09302179614,412770.09302179614,0,0.0,0.0,0.0,0.0
1736568000000,412770.09302179614,412770.09302179614,0,0.0,0.0,0.0,0.0
1736582400000,412770.09302179614,412770.09302179614,0,0.0,0.0,0.0,0.0
1736596800000,412770.09302179614,412770.09302179614,0,0.0,0.0,0.0,0.0
1736611200000,412770.09302179614,412770.09302179614,0,0.0,0.0,0.0,0.0
1736625600000,412770.09302179614,412770.09302179614,0,0.0,0.0,0.0,0.0
1736640000000,412770.09302179614,412770.09302179614,0,0.0,0.0,0.0,0.0
1736654400000,412770.09302179614,412770.09302179614,0,0.0,0.0,0.0,0.0
1736668800000,412770.09302179614,412770.09302179614,0,0.0,0.0,0.0,0.0
1736683200000,412770.09302179614,412770.09302179614,0,0.0,0.0,0.0,0.0
1736697600000,412770.09302179614,412770.09302179614,0,0.0,0.0,0.0,0.0
1736712000000,412770.09302179614,412770.09302179614,0,0.0,0.0,0.0,0.0
1736726400000,412770.09302179614,412770.09302179614,0,0.0,0.0,0.0,0.0
1736740800000,412770.09302179614,412770.09302179614,0,0.0,0.0,0.0,0.0
1736755200000,420608.86641215585,412770.09302179614,2,628477.3604469552,16507.982169436178,16507.982169436178,628477.3604469552
1736769600000,448144.24665720575,420936.57544591825,2,432796.7672897115,12380.281239218217,12380.281239218217,432796.7672897115
1736784000000,434819.383325744,423572.496088045,2,306911.1796809585,8253.991084718089,8253.991084718089,306911.1796809585
1736798400000,439025.12206200126,423562.06559268665,2,302695.01044934284,8253.991084718089,8253.991084718089,302695.01044934284
1736812800000,429984.12193270144,429984.12193270144,0,0.0,0.0,0.0,0.0
1736827200000,429984.12193270144,429984.12193270144,0,0.0,0.0,0.0,0.0
1736841600000,429984.12193270144,429984.12193270144,0,0.0,0.0,0.0,0.0
1736856000000,429984.12193270144,429984.12193270144,0,0.0,0.0,0.0,0.0
1736870400000,429984.12193270144,429984.12193270144,0,0.0,0.0,0.0,0.0
1736884800000,429984.12193270144,429984.12193270144,0,0.0,0.0,0.0,0.0
1736899200000,429984.12193270144,429984.12193270144,0,0.0,0.0,0.0,0.0
1736913600000,429984.12193270144,429984.12193270144,0,0.0,0.0,0.0,0.0
1736928000000,429984.12193270144,429984.12193270144,0,0.0,0.0,0.0,0.0
1736942400000,429984.12193270144,429984.12193270144,0,0.0,0.0,0.0,0.0
1736956800000,429984.12193270144,429984.12193270144,0,0.0,0.0,0.0,0.0
1736971200000,429984.12193270144,429984.12193270144,0,0.0,0.0,0.0,0.0
1736985600000,429984.12193270144,429984.12193270144,0,0.0,0.0,0.0,0.0
1737000000000,429984.12193270144,429984.12193270144,0,0.0,0.0,0.0,0.0
1737014400000,429984.12193270144,429984.12193270144,0,0.0,0.0,0.0,0.0
1737028800000,429984.12193270144,429984.12193270144,0,0.0,0.0,0.0,0.0
1737043200000,429984.12193270144,429984.12193270144,0,0.0,0.0,0.0,0.0
1737057600000,429984.12193270144,429984.12193270144,0,0.0,0.0,0.0,0.0
1737072000000,429984.12193270144,429984.12193270144,0,0.0,0.0,0.0,0.0
1737086400000,429984.12193270144,429984.12193270144,0,0.0,0.0,0.0,0.0
1737100800000,429984.12193270144,429984.12193270144,0,0.0,0.0,0.0,0.0
1737115200000,429984.12193270144,429984.12193270144,0,0.0,0.0,0.0,0.0
1737129600000,429984.12193270144,429984.12193270144,0,0.0,0.0,0.0,0.0
1737144000000,429984.12193270144,429984.12193270144,0,0.0,0.0,0.0,0.0
1737158400000,429984.12193270144,429984.12193270144,0,0.0,0.0,0.0,0.0
1737172800000,429984.12193270144,429984.12193270144,0,0.0,0.0,0.0,0.0
1737187200000,429984.12193270144,429984.12193270144,0,0.0,0.0,0.0,0.0
1737201600000,429984.12193270144,429984.12193270144,0,0.0,0.0,0.0,0.0
1737216000000,429984.12193270144,429984.12193270144,0,0.0,0.0,0.0,0.0
1737230400000,429984.12193270144,429984.12193270144,0,0.0,0.0,0.0,0.0
1737244800000,429984.12193270144,429984.12193270144,0,0.0,0.0,0.0,0.0
1737259200000,429984.12193270144,429984.12193270144,0,0.0,0.0,0.0,0.0
1737273600000,429984.12193270144,429984.12193270144,0,0.0,0.0,0.0,0.0
1737288000000,429984.12193270144,429984.12193270144,0,0.0,0.0,0.0,0.0
1737302400000,429984.12193270144,429984.12193270144,0,0.0,0.0,0.0,0.0
1737316800000,429984.12193270144,429984.12193270144,0,0.0,0.0,0.0,0.0
1737331200000,429984.12193270144,429984.12193270144,0,0.0,0.0,0.0,0.0
1737345600000,429984.12193270144,429984.12193270144,0,0.0,0.0,0.0,0.0
1737360000000,429984.12193270144,429984.12193270144,0,0.0,0.0,0.0,0.0
1737374400000,429984.12193270144,429984.12193270144,0,0.0,0.0,0.0,0.0
1737388800000,429984.12193270144,429984.12193270144,0,0.0,0.0,0.0,0.0
1737403200000,429984.12193270144,429984.12193270144,0,0.0,0.0,0.0,0.0
1737417600000,429984.12193270144,429984.12193270144,0,0.0,0.0,0.0,0.0
1737432000000,429984.12193270144,429984.12193270144,0,0.0,0.0,0.0,0.0
1737446400000,429984.12193270144,429984.12193270144,0,0.0,0.0,0.0,0.0
1737460800000,429984.12193270144,429984.12193270144,0,0.0,0.0,0.0,0.0
1737475200000,429984.12193270144,429984.12193270144,0,0.0,0.0,0.0,0.0
1737489600000,429984.12193270144,429984.12193270144,0,0.0,0.0,0.0,0.0
1737504000000,429984.12193270144,429984.12193270144,0,0.0,0.0,0.0,0.0
1737518400000,429984.12193270144,429984.12193270144,0,0.0,0.0,0.0,0.0
1737532800000,429984.12193270144,429984.12193270144,0,0.0,0.0,0.0,0.0
1737547200000,429984.12193270144,429984.12193270144,0,0.0,0.0,0.0,0.0
1737561600000,429984.12193270144,429984.12193270144,0,0.0,0.0,0.0,0.0
1737576000000,429984.12193270144,429984.12193270144,0,0.0,0.0,0.0,0.0
1737590400000,429984.12193270144,429984.12193270144,0,0.0,0.0,0.0,0.0
1737604800000,429984.12193270144,429984.12193270144,0,0.0,0.0,0.0,0.0
1737619200000,429984.12193270144,429984.12193270144,0,0.0,0.0,0.0,0.0
1737633600000,429984.12193270144,429984.12193270144,0,0.0,0.0,0.0,0.0
1737648000000,429984.12193270144,429984.12193270144,0,0.0,0.0,0.0,0.0
1737662400000,429984.12193270144,429984.12193270144,0,0.0,0.0,0.0,0.0
1737676800000,429984.12193270144,429984.12193270144,0,0.0,0.0,0.0,0.0
1737691200000,429984.12193270144,429984.12193270144,0,0.0,0.0,0.0,0.0
1737705600000,429984.12193270144,429984.12193270144,0,0.0,0.0,0.0,0.0
1737720000000,429984.12193270144,429984.12193270144,0,0.0,0.0,0.0,0.0
1737734400000,429984.12193270144,429984.12193270144,0,0.0,0.0,0.0,0.0
1737748800000,429984.12193270144,429984.12193270144,0,0.0,0.0,0.0,0.0
1737763200000,429984.12193270144,429984.12193270144,0,0.0,0.0,0.0,0.0
1737777600000,429984.12193270144,429984.12193270144,0,0.0,0.0,0.0,0.0
1737792000000,429984.12193270144,429984.12193270144,0,0.0,0.0,0.0,0.0
1737806400000,429984.12193270144,429984.12193270144,0,0.0,0.0,0.0,0.0
1737820800000,429984.12193270144,429984.12193270144,0,0.0,0.0,0.0,0.0
1737835200000,429984.12193270144,429984.12193270144,0,0.0,0.0,0.0,0.0
1737849600000,429984.12193270144,429984.12193270144,0,0.0,0.0,0.0,0.0
1737864000000,429984.12193270144,429984.12193270144,0,0.0,0.0,0.0,0.0
1737878400000,429984.12193270144,429984.12193270144,0,0.0,0.0,0.0,0.0
1737892800000,429984.12193270144,429984.12193270144,0,0.0,0.0,0.0,0.0
1737907200000,429984.12193270144,429984.12193270144,0,0.0,0.0,0.0,0.0
1737921600000,429984.12193270144,429984.12193270144,0,0.0,0.0,0.0,0.0
1737936000000,429984.12193270144,429984.12193270144,0,0.0,0.0,0.0,0.0
1737950400000,433009.64284822956,429984.12193270144,1,398940.1400794613,4299.841219327014,4299.841219327014,398940.1400794613
1737964800000,447964.19596398243,438556.70652564545,2,285686.11561212776,4314.938669243203,4314.938669243203,285686.11561212776
1737979200000,446446.75952265545,442260.2138300037,1,89924.22886031822,2165.0180595796955,2165.0180595796955,89924.22886031822
1737993600000,438645.832080107,438645.832080107,0,0.0,0.0,0.0,0.0
1738008000000,438645.832080107,438645.832080107,0,0.0,0.0,0.0,0.0
1738022400000,438645.832080107,438645.832080107,0,0.0,0.0,0.0,0.0
1738036800000,438645.832080107,438645.832080107,0,0.0,0.0,0.0,0.0
1738051200000,438645.832080107,438645.832080107,0,0.0,0.0,0.0,0.0
1738065600000,438645.832080107,438645.832080107,0,0.0,0.0,0.0,0.0
1738080000000,438645.832080107,438645.832080107,0,0.0,0.0,0.0,0.0
1738094400000,438645.832080107,438645.832080107,0,0.0,0.0,0.0,0.0
1738108800000,438645.832080107,438645.832080107,0,0.0,0.0,0.0,0.0
1738123200000,438645.832080107,438645.832080107,0,0.0,0.0,0.0,0.0
1738137600000,438645.832080107,438645.832080107,0,0.0,0.0,0.0,0.0
1738152000000,438645.832080107,438645.832080107,0,0.0,0.0,0.0,0.0
1738166400000,438645.832080107,438645.832080107,0,0.0,0.0,0.0,0.0
1738180800000,438645.832080107,438645.832080107,0,0.0,0.0,0.0,0.0
1738195200000,438645.832080107,438645.832080107,0,0.0,0.0,0.0,0.0
1738209600000,438645.832080107,438645.832080107,0,0.0,0.0,0.0,0.0
1738224000000,438645.832080107,438645.832080107,0,0.0,0.0,0.0,0.0
1738238400000,438645.832080107,438645.832080107,0,0.0,0.0,0.0,0.0
1738252800000,438645.832080107,438645.832080107,0,0.0,0.0,0.0,0.0
1738267200000,438645.832080107,438645.832080107,0,0.0,0.0,0.0,0.0
1738281600000,438645.832080107,438645.832080107,0,0.0,0.0,0.0,0.0
1738296000000,438645.832080107,438645.832080107,0,0.0,0.0,0.0,0.0
1738310400000,438645.832080107,438645.832080107,0,0.0,0.0,0.0,0.0
1738324800000,438645.832080107,438645.832080107,0,0.0,0.0,0.0,0.0
1738339200000,438645.832080107,438645.832080107,0,0.0,0.0,0.0,0.0
1738353600000,438645.832080107,438645.832080107,0,0.0,0.0,0.0,0.0
1738368000000,438645.832080107,438645.832080107,0,0.0,0.0,0.0,0.0
1738382400000,438645.832080107,438645.832080107,0,0.0,0.0,0.0,0.0
1738396800000,438645.832080107,438645.832080107,0,0.0,0.0,0.0,0.0
1738411200000,438645.832080107,438645.832080107,0,0.0,0.0,0.0,0.0
1738425600000,438645.832080107,438645.832080107,0,0.0,0.0,0.0,0.0
1738440000000,438645.832080107,438645.832080107,0,0.0,0.0,0.0,0.0
1738454400000,438645.832080107,438645.832080107,0,0.0,0.0,0.0,0.0
1738468800000,438645.832080107,438645.832080107,0,0.0,0.0,0.0,0.0
1738483200000,437141.7005540257,438645.832080107,1,282160.4101129164,8772.91664160214,8772.91664160214,282160.4101129164
1738497600000,445457.90427450003,438650.2025992145,1,273848.5769115495,8772.91664160214,8772.91664160214,273848.5769115495
1738512000000,442420.88829707756,438650.2025992145,1,276885.592888972,8772.91664160214,8772.91664160214,276885.592888972
1738526400000,458716.7623962611,447405.38698582473,1,129016.76388298116,4386.45832080107,4386.45832080107,129016.76388298116
1738540800000,461772.5834261754,447405.38698582473,1,125960.94285306687,4386.45832080107,4386.45832080107,125960.94285306687
1738555200000,477839.82579387864,447408.41326242476,1,109896.72676196361,4386.45832080107,4386.45832080107,109896.72676196361
1738569600000,477275.3982439318,477275.3982439318,0,0.0,0.0,0.0,0.0
1738584000000,477275.3982439318,477275.3982439318,0,0.0,0.0,0.0,0.0
1738598400000,477275.3982439318,477275.3982439318,0,0.0,0.0,0.0,0.0
1738612800000,477275.3982439318,477275.3982439318,0,0.0,0.0,0.0,0.0
1738627200000,477275.3982439318,477275.3982439318,0,0.0,0.0,0.0,0.0
1738641600000,477275.3982439318,477275.3982439318,0,0.0,0.0,0.0,0.0
1738656000000,477275.3982439318,477275.3982439318,0,0.0,0.0,0.0,0.0
1738670400000,477275.3982439318,477275.3982439318,0,0.0,0.0,0.0,0.0
1738684800000,477275.3982439318,477275.3982439318,0,0.0,0.0,0.0,0.0
1738699200000,477275.3982439318,477275.3982439318,0,0.0,0.0,0.0,0.0
1738713600000,477275.3982439318,477275.3982439318,0,0.0,0.0,0.0,0.0
1738728000000,477275.3982439318,477275.3982439318,0,0.0,0.0,0.0,0.0
1738742400000,477275.3982439318,477275.3982439318,0,0.0,0.0,0.0,0.0
1738756800000,477275.3982439318,477275.3982439318,0,0.0,0.0,0.0,0.0
1738771200000,477275.3982439318,477275.3982439318,0,0.0,0.0,0.0,0.0
1738785600000,477275.3982439318,477275.3982439318,0,0.0,0.0,0.0,0.0
1738800000000,477275.3982439318,477275.3982439318,0,0.0,0.0,0.0,0.0
1738814400000,477275.3982439318,477275.3982439318,0,0.0,0.0,0.0,0.0
1738828800000,477275.3982439318,477275.3982439318,0,0.0,0.0,0.0,0.0
1738843200000,477275.3982439318,477275.3982439318,0,0.0,0.0,0.0,0.0
1738857600000,477275.3982439318,477275.3982439318,0,0.0,0.0,0.0,0.0
1738872000000,477275.3982439318,477275.3982439318,0,0.0,0.0,0.0,0.0
1738886400000,477275.3982439318,477275.3982439318,0,0.0,0.0,0.0,0.0
1738900800000,477275.3982439318,477275.3982439318,0,0.0,0.0,0.0,0.0
1738915200000,477275.3982439318,477275.3982439318,0,0.0,0.0,0.0,0.0
1738929600000,477275.3982439318,477275.3982439318,0,0.0,0.0,0.0,0.0
1738944000000,477275.3982439318,477275.3982439318,0,0.0,0.0,0.0,0.0
1738958400000,477275.3982439318,477275.3982439318,0,0.0,0.0,0.0,0.0
1738972800000,477275.3982439318,477275.3982439318,0,0.0,0.0,0.0,0.0
1738987200000,477275.3982439318,477275.3982439318,0,0.0,0.0,0.0,0.0
1739001600000,477275.3982439318,477275.3982439318,0,0.0,0.0,0.0,0.0
1739016000000,477275.3982439318,477275.3982439318,0,0.0,0.0,0.0,0.0
1739030400000,477275.3982439318,477275.3982439318,0,0.0,0.0,0.0,0.0
1739044800000,477275.3982439318,477275.3982439318,0,0.0,0.0,0.0,0.0
1739059200000,477275.3982439318,477275.3982439318,0,0.0,0.0,0.0,0.0
1739073600000,477275.3982439318,477275.3982439318,0,0.0,0.0,0.0,0.0
1739088000000,477275.3982439318,477275.3982439318,0,0.0,0.0,0.0,0.0
1739102400000,477275.3982439318,477275.3982439318,0,0.0,0.0,0.0,0.0
1739116800000,477275.3982439318,477275.3982439318,0,0.0,0.0,0.0,0.0
1739131200000,477275.3982439318,477275.3982439318,0,0.0,0.0,0.0,0.0
1739145600000,477275.3982439318,477275.3982439318,0,0.0,0.0,0.0,0.0
1739160000000,477275.3982439318,477275.3982439318,0,0.0,0.0,0.0,0.0
1739174400000,477275.3982439318,477275.3982439318,0,0.0,0.0,0.0,0.0
1739188800000,477275.3982439318,477275.3982439318,0,0.0,0.0,0.0,0.0
1739203200000,477275.3982439318,477275.3982439318,0,0.0,0.0,0.0,0.0
1739217600000,477275.3982439318,477275.3982439318,0,0.0,0.0,0.0,0.0
1739232000000,477275.3982439318,477275.3982439318,0,0.0,0.0,0.0,0.0
1739246400000,477275.3982439318,477275.3982439318,0,0.0,0.0,0.0,0.0
1739260800000,477275.3982439318,477275.3982439318,0,0.0,0.0,0.0,0.0
1739275200000,477275.3982439318,477275.3982439318,0,0.0,0.0,0.0,0.0
1739289600000,477275.3982439318,477275.3982439318,0,0.0,0.0,0.0,0.0
1739304000000,477275.3982439318,477275.3982439318,0,0.0,0.0,0.0,0.0
1739318400000,477275.3982439318,477275.3982439318,0,0.0,0.0,0.0,0.0
1739332800000,477275.3982439318,477275.3982439318,0,0.0,0.0,0.0,0.0
1739347200000,477275.3982439318,477275.3982439318,0,0.0,0.0,0.0,0.0
1739361600000,477275.3982439318,477275.3982439318,0,0.0,0.0,0.0,0.0
1739376000000,477275.3982439318,477275.3982439318,0,0.0,0.0,0.0,0.0
1739390400000,477275.3982439318,477275.3982439318,0,0.0,0.0,0.0,0.0
1739404800000,477275.3982439318,477275.3982439318,0,0.0,0.0,0.0,0.0
1739419200000,477275.3982439318,477275.3982439318,0,0.0,0.0,0.0,0.0
1739433600000,477275.3982439318,477275.3982439318,0,0.0,0.0,0.0,0.0
1739448000000,477275.3982439318,477275.3982439318,0,0.0,0.0,0.0,0.0
1739462400000,477275.3982439318,477275.3982439318,0,0.0,0.0,0.0,0.0
1739476800000,477275.3982439318,477275.3982439318,0,0.0,0.0,0.0,0.0
1739491200000,477275.3982439318,477275.3982439318,0,0.0,0.0,0.0,0.0
1739505600000,477275.3982439318,477275.3982439318,0,0.0,0.0,0.0,0.0
1739520000000,477275.3982439318,477275.3982439318,0,0.0,0.0,0.0,0.0
1739534400000,477275.3982439318,477275.3982439318,0,0.0,0.0,0.0,0.0
1739548800000,477275.3982439318,477275.3982439318,0,0.0,0.0,0.0,0.0
1739563200000,477275.3982439318,477275.3982439318,0,0.0,0.0,0.0,0.0
1739577600000,477275.3982439318,477275.3982439318,0,0.0,0.0,0.0,0.0
1739592000000,477275.3982439318,477275.3982439318,0,0.0,0.0,0.0,0.0
1739606400000,477275.3982439318,477275.3982439318,0,0.0,0.0,0.0,0.0
1739620800000,477275.3982439318,477275.3982439318,0,0.0,0.0,0.0,0.0
1739635200000,477275.3982439318,477275.3982439318,0,0.0,0.0,0.0,0.0
1739649600000,477275.3982439318,477275.3982439318,0,0.0,0.0,0.0,0.0
1739664000000,477275.3982439318,477275.3982439318,0,0.0,0.0,0.0,0.0
1739678400000,477275.3982439318,477275.3982439318,0,0.0,0.0,0.0,0.0
1739692800000,477275.3982439318,477275.3982439318,0,0.0,0.0,0.0,0.0
1739707200000,477275.3982439318,477275.3982439318,0,0.0,0.0,0.0,0.0
1739721600000,477275.3982439318,477275.3982439318,0,0.0,0.0,0.0,0.0
1739736000000,477275.3982439318,477275.3982439318,0,0.0,0.0,0.0,0.0
1739750400000,477275.3982439318,477275.3982439318,0,0.0,0.0,0.0,0.0
1739764800000,477275.3982439318,477275.3982439318,0,0.0,0.0,0.0,0.0
1739779200000,477275.3982439318,477275.3982439318,0,0.0,0.0,0.0,0.0
1739793600000,477275.3982439318,477275.3982439318,0,0.0,0.0,0.0,0.0
1739808000000,477275.3982439318,477275.3982439318,0,0.0,0.0,0.0,0.0
1739822400000,478344.8546564328,477275.3982439318,1,1068470.6393864919,9545.507964878636,9545.507964878636,1068470.6393864919
1739836800000,475520.68741329375,477275.3982439318,1,1071294.8066296307,9545.507964878636,9545.507964878636,1071294.8066296307
1739851200000,470923.9647798009,477377.0425890212,1,1075993.173608213,9545.507964878636,9545.507964878636,1075993.173608213
1739865600000,479351.7095006109,477377.0425890212,1,1067565.428887403,9545.507964878636,9545.507964878636,1067565.428887403
1739880000000,478781.3461309024,477483.80640342366,2,1385844.5770760686,19134.677431178905,19134.677431178905,1385844.5770760686
1739894400000,474829.4901753827,467722.4813177923,1,310495.01214696426,9589.169466300269,9589.169466300269,310495.01214696426
1739908800000,478491.8872489202,467658.7672400648,2,579540.0522372206,18989.92804959558,18989.92804959558,579540.0522372206
1739923200000,471751.1129511349,467658.7672400648,2,586280.8265350058,18989.92804959558,18989.92804959558,586280.8265350058
1739937600000,472728.577848258,467600.80565211497,2,585245.4000499329,18989.92804959558,18989.92804959558,585245.4000499329
1739952000000,465506.2096778442,467600.80565211497,2,592467.7682203467,18989.92804959558,18989.92804959558,592467.7682203467
1739966400000,459790.7910851457,467574.23659335915,2,598156.6177542894,18989.92804959558,18989.92804959558,598156.6177542894
1739980800000,470842.01847100526,467574.23659335915,2,587105.3903684297,18989.92804959558,18989.92804959558,587105.3903684297
1739995200000,468587.93383227306,467617.9523110827,2,589403.1907248856,18989.92804959558,18989.92804959558,589403.1907248856
1740009600000,462779.5610089076,467617.9523110827,2,595211.563548251,18989.92804959558,18989.92804959558,595211.563548251
1740024000000,454418.0470321314,454418.0470321314,0,0.0,0.0,0.0,0.0
1740038400000,454418.0470321314,454418.0470321314,0,0.0,0.0,0.0,0.0
1740052800000,454418.0470321314,454418.0470321314,0,0.0,0.0,0.0,0.0
1740067200000,454418.0470321314,454418.0470321314,0,0.0,0.0,0.0,0.0
1740081600000,454418.0470321314,454418.0470321314,0,0.0,0.0,0.0,0.0
1740096000000,454418.0470321314,454418.0470321314,0,0.0,0.0,0.0,0.0
1740110400000,454418.0470321314,454418.0470321314,0,0.0,0.0,0.0,0.0
1740124800000,454418.0470321314,454418.0470321314,0,0.0,0.0,0.0,0.0
1740139200000,454418.0470321314,454418.0470321314,0,0.0,0.0,0.0,0.0
1740153600000,454418.0470321314,454418.0470321314,0,0.0,0.0,0.0,0.0
1740168000000,454418.0470321314,454418.0470321314,0,0.0,0.0,0.0,0.0
1740182400000,454960.32843145984,454418.0470321314,1,331167.48670567386,9088.360940642628,9088.360940642628,331167.48670567386
1740196800000,451922.59814233286,454451.165164067,1,334238.3351267365,9088.360940642628,9088.360940642628,334238.3351267365
1740211200000,448976.2435761782,454451.165164067,1,337184.68969289114,9088.360940642628,9088.360940642628,337184.68969289114
1740225600000,448836.08347792213,454435.4989207189,1,337309.18354779907,9088.360940642628,9088.360940642628,337309.18354779907
1740240000000,446526.03083685256,454435.4989207189,1,339619.23618886864,9088.360940642628,9088.360940642628,339619.23618886864
1740254400000,445757.5391716993,445757.5391716993,0,0.0,0.0,0.0,0.0
1740268800000,445757.5391716993,445757.5391716993,0,0.0,0.0,0.0,0.0
1740283200000,445757.5391716993,445757.5391716993,0,0.0,0.0,0.0,0.0
1740297600000,445757.5391716993,445757.5391716993,0,0.0,0.0,0.0,0.0
1740312000000,445757.5391716993,445757.5391716993,0,0.0,0.0,0.0,0.0
1740326400000,445757.5391716993,445757.5391716993,0,0.0,0.0,0.0,0.0
1740340800000,443624.59350077,445757.5391716993,1,375001.33625688334,8915.150783433986,8915.150783433986,375001.33625688334
1740355200000,443110.0042319968,445757.5391716993,1,375515.92552565655,8915.150783433986,8915.150783433986,375515.92552565655
1740369600000,458547.26192498306,445734.7453550199,1,360055.8740159909,8915.150783433986,8915.150783433986,360055.8740159909
1740384000000,461054.21078423614,454614.392329552,1,179994.37683829284,4457.575391716993,4457.575391716993,179994.37683829284
1740398400000,462933.50645733165,454603.13177606754,1,178103.8206117129,4457.575391716993,4457.575391716993,178103.8206117129
1740412800000,470316.74379190424,454603.13177606754,1,170720.58327714028,4457.575391716993,4457.575391716993,170720.58327714028
1740427200000,473179.6099876513,454613.3835470933,1,167867.96885241903,4457.575391716993,4457.575391716993,167867.96885241903
1740441600000,482498.15044174064,454613.3835470933,1,158549.42839832965,4457.575391716993,4457.575391716993,158549.42839832965
1740456000000,485757.82384826633,454617.7204924665,1,155294.0919371772,4457.575391716993,4457.575391716993,155294.0919371772
1740470400000,488722.30550532957,454617.7204924665,1,152329.61028011394,4457.575391716993,4457.575391716993,152329.61028011394
1740484800000,483133.9669653793,454622.7435696167,1,157922.9718972144,4457.575391716993,4457.575391716993,157922.9718972144
1740499200000,485751.6602021823,454622.7435696167,1,155305.27866041142,4457.575391716993,4457.575391716993,155305.27866041142
1740513600000,479838.6528545238,479838.6528545238,0,0.0,0.0,0.0,0.0
1740528000000,479838.6528545238,479838.6528545238,0,0.0,0.0,0.0,0.0
1740542400000,479838.6528545238,479838.6528545238,0,0.0,0.0,0.0,0.0
1740556800000,479838.6528545238,479838.6528545238,0,0.0,0.0,0.0,0.0
1740571200000,479838.6528545238,479838.6528545238,0,0.0,0.0,0.0,0.0
1740585600000,479838.6528545238,479838.6528545238,0,0.0,0.0,0.0,0.0
1740600000000,479838.6528545238,479838.6528545238,0,0.0,0.0,0.0,0.0
1740614400000,479838.6528545238,479838.6528545238,0,0.0,0.0,0.0,0.0
1740628800000,479838.6528545238,479838.6528545238,0,0.0,0.0,0.0,0.0
1740643200000,479838.6528545238,479838.6528545238,0,0.0,0.0,0.0,0.0
1740657600000,479838.6528545238,479838.6528545238,0,0.0,0.0,0.0,0.0
1740672000000,479838.6528545238,479838.6528545238,0,0.0,0.0,0.0,0.0
1740686400000,479838.6528545238,479838.6528545238,0,0.0,0.0,0.0,0.0
1740700800000,479838.6528545238,479838.6528545238,0,0.0,0.0,0.0,0.0
1740715200000,479838.6528545238,479838.6528545238,0,0.0,0.0,0.0,0.0
1740729600000,479838.6528545238,479838.6528545238,0,0.0,0.0,0.0,0.0
1740744000000,479838.6528545238,479838.6528545238,0,0.0,0.0,0.0,0.0
1740758400000,479838.6528545238,479838.6528545238,0,0.0,0.0,0.0,0.0
1740772800000,479838.6528545238,479838.6528545238,0,0.0,0.0,0.0,0.0
1740787200000,479838.6528545238,479838.6528545238,0,0.0,0.0,0.0,0.0
1740801600000,479838.6528545238,479838.6528545238,0,0.0,0.0,0.0,0.0
1740816000000,479838.6528545238,479838.6528545238,0,0.0,0.0,0.0,0.0
1740830400000,479838.6528545238,479838.6528545238,0,0.0,0.0,0.0,0.0
1740844800000,479838.6528545238,479838.6528545238,0,0.0,0.0,0.0,0.0
1740859200000,479838.6528545238,479838.6528545238,0,0.0,0.0,0.0,0.0
1740873600000,479838.6528545238,479838.6528545238,0,0.0,0.0,0.0,0.0
1740888000000,479838.6528545238,479838.6528545238,0,0.0,0.0,0.0,0.0
1740902400000,479838.6528545238,479838.6528545238,0,0.0,0.0,0.0,0.0
1740916800000,479838.6528545238,479838.6528545238,0,0.0,0.0,0.0,0.0
1740931200000,479838.6528545238,479838.6528545238,0,0.0,0.0,0.0,0.0
1740945600000,479838.6528545238,479838.6528545238,0,0.0,0.0,0.0,0.0
1740960000000,479838.6528545238,479838.6528545238,0,0.0,0.0,0.0,0.0
1740974400000,479838.6528545238,479838.6528545238,0,0.0,0.0,0.0,0.0
1740988800000,479838.6528545238,479838.6528545238,0,0.0,0.0,0.0,0.0
1741003200000,479838.6528545238,479838.6528545238,0,0.0,0.0,0.0,0.0
1741017600000,479838.6528545238,479838.6528545238,0,0.0,0.0,0.0,0.0
1741032000000,479838.6528545238,479838.6528545238,0,0.0,0.0,0.0,0.0
1741046400000,479838.6528545238,479838.6528545238,0,0.0,0.0,0.0,0.0
1741060800000,479838.6528545238,479838.6528545238,0,0.0,0.0,0.0,0.0
1741075200000,479838.6528545238,479838.6528545238,0,0.0,0.0,0.0,0.0
1741089600000,479838.6528545238,479838.6528545238,0,0.0,0.0,0.0,0.0
1741104000000,479838.6528545238,479838.6528545238,0,0.0,0.0,0.0,0.0
1741118400000,479838.6528545238,479838.6528545238,0,0.0,0.0,0.0,0.0
1741132800000,479838.6528545238,479838.6528545238,0,0.0,0.0,0.0,0.0
1741147200000,479838.6528545238,479838.6528545238,0,0.0,0.0,0.0,0.0
1741161600000,479838.6528545238,479838.6528545238,0,0.0,0.0,0.0,0.0
1741176000000,479838.6528545238,479838.6528545238,0,0.0,0.0,0.0,0.0
1741190400000,479838.6528545238,479838.6528545238,0,0.0,0.0,0.0,0.0
1741204800000,479838.6528545238,479838.6528545238,0,0.0,0.0,0.0,0.0
1741219200000,479838.6528545238,479838.6528545238,0,0.0,0.0,0.0,0.0
1741233600000,479838.6528545238,479838.6528545238,0,0.0,0.0,0.0,0.0
1741248000000,479838.6528545238,479838.6528545238,0,0.0,0.0,0.0,0.0
1741262400000,479838.6528545238,479838.6528545238,0,0.0,0.0,0.0,0.0
1741276800000,479838.6528545238,479838.6528545238,0,0.0,0.0,0.0,0.0
1741291200000,479838.6528545238,479838.6528545238,0,0.0,0.0,0.0,0.0
1741305600000,479838.6528545238,479838.6528545238,0,0.0,0.0,0.0,0.0
1741320000000,479838.6528545238,479838.6528545238,0,0.0,0.0,0.0,0.0
1741334400000,479838.6528545238,479838.6528545238,0,0.0,0.0,0.0,0.0
1741348800000,479838.6528545238,479838.6528545238,0,0.0,0.0,0.0,0.0
1741363200000,479838.6528545238,479838.6528545238,0,0.0,0.0,0.0,0.0
1741377600000,479838.6528545238,479838.6528545238,0,0.0,0.0,0.0,0.0
1741392000000,479838.6528545238,479838.6528545238,0,0.0,0.0,0.0,0.0
1741406400000,479838.6528545238,479838.6528545238,0,0.0,0.0,0.0,0.0
1741420800000,479838.6528545238,479838.6528545238,0,0.0,0.0,0.0,0.0
1741435200000,479838.6528545238,479838.6528545238,0,0.0,0.0,0.0,0.0
1741449600000,479838.6528545238,479838.6528545238,0,0.0,0.0,0.0,0.0
1741464000000,479838.6528545238,479838.6528545238,0,0.0,0.0,0.0,0.0
1741478400000,479838.6528545238,479838.6528545238,0,0.0,0.0,0.0,0.0
1741492800000,479838.6528545238,479838.6528545238,0,0.0,0.0,0.0,0.0
1741507200000,479838.6528545238,479838.6528545238,0,0.0,0.0,0.0,0.0
1741521600000,487749.51695070945,479838.6528545238,1,602207.9495751479,9596.773057090477,9596.773057090477,602207.9495751479
1741536000000,499338.21669471735,489376.33338485856,1,295097.523525808,4798.386528545238,4798.386528545238,295097.523525808
1741550400000,502621.3100704277,489367.0788009539,1,291805.175566193,4798.386528545238,4798.386528545238,291805.175566193
1741564800000,513099.9692774659,489367.0788009539,2,556818.1949880077,14850.812729953792,14850.812729953792,556818.1949880077
1741579200000,507371.8773639066,489346.4620869312,2,562525.6701875443,14850.812729953792,14850.812729953792,562525.6701875443
1741593600000,503062.6130702771,489346.4620869312,2,566834.9344811739,14850.812729953792,14850.812729953792,566834.9344811739
1741608000000,494802.57888426795,497181.5426710423,1,277870.6424156273,10052.426201408554,10052.426201408554,277870.6424156273
1741622400000,509539.21672783006,497181.5426710423,1,263134.0045720652,10052.426201408554,10052.426201408554,263134.0045720652
1741636800000,518521.0916296277,507212.7710441478,1,126437.5187289466,5026.213100704277,5026.213100704277,126437.5187289466
1741651200000,521057.49372001,507212.7710441478,1,123901.11663856426,5026.213100704277,5026.213100704277,123901.11663856426
1741665600000,521321.5634806805,507221.78361137206,1,123646.05944511801,5026.213100704277,5026.213100704277,123646.05944511801
1741680000000,520287.1648628151,507221.78361137206,1,124680.45806298341,5026.213100704277,5026.213100704277,124680.45806298341
1741694400000,518908.35048587894,507231.61395431,1,126069.10278285753,5026.213100704277,5026.213100704277,126069.10278285753
1741708800000,517576.38514232624,507231.61395431,1,127401.06812641026,5026.213100704277,5026.213100704277,127401.06812641026
1741723200000,516194.62720140716,516194.62720140716,0,0.0,0.0,0.0,0.0
1741737600000,516194.62720140716,516194.62720140716,0,0.0,0.0,0.0,0.0
1741752000000,516194.62720140716,516194.62720140716,0,0.0,0.0,0.0,0.0
1741766400000,516194.62720140716,516194.62720140716,0,0.0,0.0,0.0,0.0
1741780800000,516194.62720140716,516194.62720140716,0,0.0,0.0,0.0,0.0
1741795200000,516194.62720140716,516194.62720140716,0,0.0,0.0,0.0,0.0
1741809600000,516194.62720140716,516194.62720140716,0,0.0,0.0,0.0,0.0
1741824000000,516194.62720140716,516194.62720140716,0,0.0,0.0,0.0,0.0
1741838400000,516194.62720140716,516194.62720140716,0,0.0,0.0,0.0,0.0
1741852800000,516194.62720140716,516194.62720140716,0,0.0,0.0,0.0,0.0
1741867200000,516194.62720140716,516194.62720140716,0,0.0,0.0,0.0,0.0
1741881600000,516194.62720140716,516194.62720140716,0,0.0,0.0,0.0,0.0
1741896000000,516194.62720140716,516194.62720140716,0,0.0,0.0,0.0,0.0
1741910400000,516194.62720140716,516194.62720140716,0,0.0,0.0,0.0,0.0
1741924800000,516194.62720140716,516194.62720140716,0,0.0,0.0,0.0,0.0
1741939200000,516194.62720140716,516194.62720140716,0,0.0,0.0,0.0,0.0
1741953600000,516194.62720140716,516194.62720140716,0,0.0,0.0,0.0,0.0
1741968000000,516194.62720140716,516194.62720140716,0,0.0,0.0,0.0,0.0
1741982400000,516194.62720140716,516194.62720140716,0,0.0,0.0,0.0,0.0
1741996800000,516194.62720140716,516194.62720140716,0,0.0,0.0,0.0,0.0
1742011200000,516194.62720140716,516194.62720140716,0,0.0,0.0,0.0,0.0
1742025600000,516194.62720140716,516194.62720140716,0,0.0,0.0,0.0,0.0
1742040000000,516194.62720140716,516194.62720140716,0,0.0,0.0,0.0,0.0
1742054400000,516194.62720140716,516194.62720140716,0,0.0,0.0,0.0,0.0
1742068800000,516194.62720140716,516194.62720140716,0,0.0,0.0,0.0,0.0
1742083200000,516194.62720140716,516194.62720140716,0,0.0,0.0,0.0,0.0
1742097600000,516194.62720140716,516194.62720140716,0,0.0,0.0,0.0,0.0
1742112000000,516194.62720140716,516194.62720140716,0,0.0,0.0,0.0,0.0
1742126400000,516194.62720140716,516194.62720140716,0,0.0,0.0,0.0,0.0
1742140800000,516194.62720140716,516194.62720140716,0,0.0,0.0,0.0,0.0
1742155200000,516194.62720140716,516194.62720140716,0,0.0,0.0,0.0,0.0
1742169600000,516194.62720140716,516194.62720140716,0,0.0,0.0,0.0,0.0
1742184000000,516194.62720140716,516194.62720140716,0,0.0,0.0,0.0,0.0
1742198400000,516194.62720140716,516194.62720140716,0,0.0,0.0,0.0,0.0
1742212800000,516194.62720140716,516194.62720140716,0,0.0,0.0,0.0,0.0
1742227200000,516194.62720140716,516194.62720140716,0,0.0,0.0,0.0,0.0
1742241600000,516194.62720140716,516194.62720140716,0,0.0,0.0,0.0,0.0
1742256000000,516194.62720140716,516194.62720140716,0,0.0,0.0,0.0,0.0
1742270400000,516194.62720140716,516194.62720140716,0,0.0,0.0,0.0,0.0
1742284800000,516194.62720140716,516194.62720140716,0,0.0,0.0,0.0,0.0
1742299200000,516194.62720140716,516194.62720140716,0,0.0,0.0,0.0,0.0
1742313600000,516194.62720140716,516194.62720140716,0,0.0,0.0,0.0,0.0
1742328000000,504144.4352955569,516194.62720140716,2,1065621.9932504855,20642.386065661467,20642.386065661467,1065621.9932504855
1742342400000,496573.66974968277,505798.30418555916,1,683967.4582284578,10323.892544028144,10323.892544028144,683967.4582284578
1742356800000,495338.7663056076,495338.7663056076,0,0.0,0.0,0.0,0.0
1742371200000,495338.7663056076,495338.7663056076,0,0.0,0.0,0.0,0.0
1742385600000,495338.7663056076,495338.7663056076,0,0.0,0.0,0.0,0.0
1742400000000,495338.7663056076,495338.7663056076,0,0.0,0.0,0.0,0.0
1742414400000,495338.7663056076,495338.7663056076,0,0.0,0.0,0.0,0.0
1742428800000,495338.7663056076,495338.7663056076,0,0.0,0.0,0.0,0.0
1742443200000,495338.7663056076,495338.7663056076,0,0.0,0.0,0.0,0.0
1742457600000,495338.7663056076,495338.7663056076,0,0.0,0.0,0.0,0.0
1742472000000,495338.7663056076,495338.7663056076,0,0.0,0.0,0.0,0.0
1742486400000,495338.7663056076,495338.7663056076,0,0.0,0.0,0.0,0.0
1742500800000,495338.7663056076,495338.7663056076,0,0.0,0.0,0.0,0.0
1742515200000,495338.7663056076,495338.7663056076,0,0.0,0.0,0.0,0.0
1742529600000,495338.7663056076,495338.7663056076,0,0.0,0.0,0.0,0.0
1742544000000,495338.7663056076,495338.7663056076,0,0.0,0.0,0.0,0.0
1742558400000,495338.7663056076,495338.7663056076,0,0.0,0.0,0.0,0.0
1742572800000,495338.7663056076,495338.7663056076,0,0.0,0.0,0.0,0.0
1742587200000,495338.7663056076,495338.7663056076,0,0.0,0.0,0.0,0.0
1742601600000,495338.7663056076,495338.7663056076,0,0.0,0.0,0.0,0.0
1742616000000,492493.9027233407,495338.7663056076,1,485033.9930954145,9906.775326112152,9906.775326112152,485033.9930954145
1742630400000,492732.8945898574,495338.7663056076,1,484795.00122889783,9906.775326112152,9906.775326112152,484795.00122889783
1742644800000,492868.09370028257,495339.5324911173,1,484660.56830398226,9906.775326112152,9906.775326112152,484660.56830398226
1742659200000,496975.76640603645,495339.5324911173,1,480552.89559822844,9906.775326112152,9906.775326112152,480552.89559822844
1742673600000,492094.0230682744,495312.31144197343,1,485407.41788684664,9906.775326112152,9906.775326112152,485407.41788684664
1742688000000,496410.8136572303,495312.31144197343,1,481090.6272978907,9906.775326112152,9906.775326112152,481090.6272978907
1742702400000,494860.9340279983,495300.941953442,1,482629.1374385913,9906.775326112152,9906.775326112152,482629.1374385913
1742716800000,492919.12511255103,495300.941953442,1,484570.94635403855,9906.775326112152,9906.775326112152,484570.94635403855
1742731200000,493863.80170662364,495349.3990480774,1,483674.72685460135,9906.775326112152,9906.775326112152,483674.72685460135
1742745600000,493281.2590319895,495349.3990480774,1,484257.2695292355,9906.775326112152,9906.775326112152,484257.2695292355
1742760000000,495510.48105980875,495397.82029393286,1,482076.46874727163,9906.775326112152,9906.775326112152,482076.46874727163
1742774400000,491835.98111211625,495397.82029393286,1,485750.9686949642,9906.775326112152,9906.775326112152,485750.9686949642
1742788800000,485441.20088372234,485441.20088372234,0,0.0,0.0,0.0,0.0
1742803200000,485441.20088372234,485441.20088372234,0,0.0,0.0,0.0,0.0
1742817600000,485441.20088372234,485441.20088372234,0,0.0,0.0,0.0,0.0
1742832000000,485441.20088372234,485441.20088372234,0,0.0,0.0,0.0,0.0
1742846400000,485441.20088372234,485441.20088372234,0,0.0,0.0,0.0,0.0
1742860800000,485441.20088372234,485441.20088372234,0,0.0,0.0,0.0,0.0
1742875200000,485441.20088372234,485441.20088372234,0,0.0,0.0,0.0,0.0
1742889600000,485441.20088372234,485441.20088372234,0,0.0,0.0,0.0,0.0
1742904000000,485441.20088372234,485441.20088372234,0,0.0,0.0,0.0,0.0
1742918400000,485441.20088372234,485441.20088372234,0,0.0,0.0,0.0,0.0
1742932800000,485441.20088372234,485441.20088372234,0,0.0,0.0,0.0,0.0
1742947200000,485441.20088372234,485441.20088372234,0,0.0,0.0,0.0,0.0
1742961600000,485441.20088372234,485441.20088372234,0,0.0,0.0,0.0,0.0
1742976000000,485441.20088372234,485441.20088372234,0,0.0,0.0,0.0,0.0
1742990400000,485441.20088372234,485441.20088372234,0,0.0,0.0,0.0,0.0
1743004800000,485441.20088372234,485441.20088372234,0,0.0,0.0,0.0,0.0
1743019200000,485441.20088372234,485441.20088372234,0,0.0,0.0,0.0,0.0
1743033600000,485441.20088372234,485441.20088372234,0,0.0,0.0,0.0,0.0
1743048000000,482262.4319510784,485441.20088372234,1,256333.89159004844,4854.412008837224,4854.412008837224,256333.89159004844
1743062400000,483729.4160133678,485441.20088372234,1,254866.907527759,4854.412008837224,4854.412008837224,254866.907527759
1743076800000,485938.3120329833,485406.4742198363,1,252623.2848442575,4854.412008837224,4854.412008837224,252623.2848442575
1743091200000,486294.27140103886,485406.4742198363,1,252267.32547620192,4854.412008837224,4854.412008837224,252267.32547620192
1743105600000,486274.2574138465,485375.6735851271,1,252256.53882868512,4854.412008837224,4854.412008837224,252256.53882868512
1743120000000,486123.2443486108,485375.6735851271,1,252407.55189392078,4854.412008837224,4854.412008837224,252407.55189392078
1743134400000,489442.3022183826,485383.2306672308,1,249096.05110625268,4854.412008837224,4854.412008837224,249096.05110625268
1743148800000,497059.07193804637,490213.298046204,1,119731.78743685987,2427.206004418612,2427.206004418612,119731.78743685987
1743163200000,495507.02590214467,490212.23013487697,3,1248283.8949977492,19875.679913052718,19875.679913052718,1248283.8949977492
1743177600000,514298.01362010534,490212.23013487697,3,1229492.9072797885,19875.679913052718,19875.679913052718,1229492.9072797885
1743192000000,517857.1261879593,490244.66475338093,3,1225966.2293304387,19875.679913052718,19875.679913052718,1225966.2293304387
1743206400000,510245.08904694073,490244.66475338093,3,1233578.2664714572,19875.679913052718,19875.679913052718,1233578.2664714572
1743220800000,515813.11183615477,490252.98828642035,3,1228018.5672152827,19875.679913052718,19875.679913052718,1228018.5672152827
1743235200000,528414.9712627291,490252.98828642035,3,1215416.7077887082,19875.679913052718,19875.679913052718,1215416.7077887082
1743249600000,542990.3157721614,507663.4646006076,3,654751.2748753058,11151.442958735664,11151.442958735664,654751.2748753058
1743264000000,540136.9940387523,507663.4646006076,3,657604.5966087149,11151.442958735664,11151.442958735664,657604.5966087149
1743278400000,538262.9122423026,507652.17769911373,3,659467.3915036708,11151.442958735664,11151.442958735664,659467.3915036708
1743292800000,539527.652770563,507652.17769911373,3,658202.6509754104,11151.442958735664,11151.442958735664,658202.6509754104
1743307200000,534071.9285457258,517073.44231495593,2,546502.0784873875,8724.236954317053,8724.236954317053,546502.0784873875
1743321600000,534335.4723225177,517073.44231495593,2,546238.5347105956,8724.236954317053,8724.236954317053,546238.5347105956
1743336000000,534502.0891345552,517018.3500669199,2,546016.825650522,8724.236954317053,8724.236954317053,546016.825650522
1743350400000,536523.5772433468,517018.3500669199,2,543995.3375417304,8724.236954317053,8724.236954317053,543995.3375417304
1743364800000,536399.7056477219,517011.417963551,2,544112.2770339864,8724.236954317053,8724.236954317053,544112.2770339864
1743379200000,538343.4504892557,517011.417963551,2,542168.5321924527,8724.236954317053,8724.236954317053,542168.5321924527
1743393600000,542777.631194761,516989.09033697355,2,537712.0238603698,8724.236954317053,8724.236954317053,537712.0238603698
1743408000000,539308.1326121464,516989.09033697355,2,541181.5224429845,8724.236954317053,8724.236954317053,541181.5224429845
1743422400000,539803.5497224402,517011.9977604616,2,540709.0127561789,8724.236954317053,8724.236954317053,540709.0127561789
1743436800000,532304.0823411907,526877.4592789001,1,143141.4437526059,3753.6569140498596,3753.6569140498596,143141.4437526059
1743451200000,534054.4756409983,526876.8523591786,1,141390.44353307676,3753.6569140498596,3753.6569140498596,141390.44353307676
1743465600000,534822.6563824692,526876.8523591786,1,140622.2627916059,3753.6569140498596,3753.6569140498596,140622.2627916059
1743480000000,533092.6374479079,526863.9433173169,1,142339.37268430545,3753.6569140498596,3753.6569140498596,142339.37268430545
1743494400000,532392.2373600963,526863.9433173169,1,143039.77277211714,3753.6569140498596,3753.6569140498596,143039.77277211714
1743508800000,530543.5351598911,530543.5351598911,0,0.0,0.0,0.0,0.0
1743523200000,530543.5351598911,530543.5351598911,0,0.0,0.0,0.0,0.0
1743537600000,530543.5351598911,530543.5351598911,0,0.0,0.0,0.0,0.0
1743552000000,530543.5351598911,530543.5351598911,0,0.0,0.0,0.0,0.0
1743566400000,530543.5351598911,530543.5351598911,0,0.0,0.0,0.0,0.0
1743580800000,530543.5351598911,530543.5351598911,0,0.0,0.0,0.0,0.0
1743595200000,530543.5351598911,530543.5351598911,0,0.0,0.0,0.0,0.0
1743609600000,530543.5351598911,530543.5351598911,0,0.0,0.0,0.0,0.0
1743624000000,530543.5351598911,530543.5351598911,0,0.0,0.0,0.0,0.0
1743638400000,530543.5351598911,530543.5351598911,0,0.0,0.0,0.0,0.0
1743652800000,530543.5351598911,530543.5351598911,0,0.0,0.0,0.0,0.0
1743667200000,530543.5351598911,530543.5351598911,0,0.0,0.0,0.0,0.0
1743681600000,530543.5351598911,530543.5351598911,0,0.0,0.0,0.0,0.0
1743696000000,530543.5351598911,530543.5351598911,0,0.0,0.0,0.0,0.0
1743710400000,530543.5351598911,530543.5351598911,0,0.0,0.0,0.0,0.0
1743724800000,530543.5351598911,530543.5351598911,0,0.0,0.0,0.0,0.0
1743739200000,530543.5351598911,530543.5351598911,0,0.0,0.0,0.0,0.0
1743753600000,530543.5351598911,530543.5351598911,0,0.0,0.0,0.0,0.0
1743768000000,530543.5351598911,530543.5351598911,0,0.0,0.0,0.0,0.0
1743782400000,530543.5351598911,530543.5351598911,0,0.0,0.0,0.0,0.0
1743796800000,530543.5351598911,530543.5351598911,0,0.0,0.0,0.0,0.0
1743811200000,530543.5351598911,530543.5351598911,0,0.0,0.0,0.0,0.0
1743825600000,530543.5351598911,530543.5351598911,0,0.0,0.0,0.0,0.0
1743840000000,530543.5351598911,530543.5351598911,0,0.0,0.0,0.0,0.0
1743854400000,530543.5351598911,530543.5351598911,0,0.0,0.0,0.0,0.0
1743868800000,530543.5351598911,530543.5351598911,0,0.0,0.0,0.0,0.0
1743883200000,530543.5351598911,530543.5351598911,0,0.0,0.0,0.0,0.0
1743897600000,530543.5351598911,530543.5351598911,0,0.0,0.0,0.0,0.0
1743912000000,530543.5351598911,530543.5351598911,0,0.0,0.0,0.0,0.0
1743926400000,530543.5351598911,530543.5351598911,0,0.0,0.0,0.0,0.0
1743940800000,530543.5351598911,530543.5351598911,0,0.0,0.0,0.0,0.0
1743955200000,530543.5351598911,530543.5351598911,0,0.0,0.0,0.0,0.0
1743969600000,530543.5351598911,530543.5351598911,0,0.0,0.0,0.0,0.0
1743984000000,530543.5351598911,530543.5351598911,0,0.0,0.0,0.0,0.0
1743998400000,530543.5351598911,530543.5351598911,0,0.0,0.0,0.0,0.0
1744012800000,551773.6123581163,541098.1361579288,1,281283.9203035254,5305.435351598911,5305.435351598911,281283.9203035254
1744027200000,549280.7139276455,549280.7139276455,0,0.0,0.0,0.0,0.0
1744041600000,549280.7139276455,549280.7139276455,0,0.0,0.0,0.0,0.0
1744056000000,549280.7139276455,549280.7139276455,0,0.0,0.0,0.0,0.0
1744070400000,549280.7139276455,549280.7139276455,0,0.0,0.0,0.0,0.0
1744084800000,549280.7139276455,549280.7139276455,0,0.0,0.0,0.0,0.0
1744099200000,549280.7139276455,549280.7139276455,0,0.0,0.0,0.0,0.0
1744113600000,549280.7139276455,549280.7139276455,0,0.0,0.0,0.0,0.0
1744128000000,549280.7139276455,549280.7139276455,0,0.0,0.0,0.0,0.0
1744142400000,549280.7139276455,549280.7139276455,0,0.0,0.0,0.0,0.0
1744156800000,549280.7139276455,549280.7139276455,0,0.0,0.0,0.0,0.0
1744171200000,549280.7139276455,549280.7139276455,0,0.0,0.0,0.0,0.0
1744185600000,549280.7139276455,549280.7139276455,0,0.0,0.0,0.0,0.0
1744200000000,549280.7139276455,549280.7139276455,0,0.0,0.0,0.0,0.0
1744214400000,549280.7139276455,549280.7139276455,0,0.0,0.0,0.0,0.0
1744228800000,549280.7139276455,549280.7139276455,0,0.0,0.0,0.0,0.0
1744243200000,549280.7139276455,549280.7139276455,0,0.0,0.0,0.0,0.0
1744257600000,549280.7139276455,549280.7139276455,0,0.0,0.0,0.0,0.0
1744272000000,549280.7139276455,549280.7139276455,0,0.0,0.0,0.0,0.0
1744286400000,549280.7139276455,549280.7139276455,0,0.0,0.0,0.0,0.0
1744300800000,549280.7139276455,549280.7139276455,0,0.0,0.0,0.0,0.0
1744315200000,549280.7139276455,549280.7139276455,0,0.0,0.0,0.0,0.0
1744329600000,549280.7139276455,549280.7139276455,0,0.0,0.0,0.0,0.0
1744344000000,549280.7139276455,549280.7139276455,0,0.0,0.0,0.0,0.0
1744358400000,549280.7139276455,549280.7139276455,0,0.0,0.0,0.0,0.0
1744372800000,549280.7139276455,549280.7139276455,0,0.0,0.0,0.0,0.0
1744387200000,549280.7139276455,549280.7139276455,0,0.0,0.0,0.0,0.0
1744401600000,549280.7139276455,549280.7139276455,0,0.0,0.0,0.0,0.0
1744416000000,549280.7139276455,549280.7139276455,0,0.0,0.0,0.0,0.0
1744430400000,549280.7139276455,549280.7139276455,0,0.0,0.0,0.0,0.0
1744444800000,549280.7139276455,549280.7139276455,0,0.0,0.0,0.0,0.0
1744459200000,549280.7139276455,549280.7139276455,0,0.0,0.0,0.0,0.0
1744473600000,549280.7139276455,549280.7139276455,0,0.0,0.0,0.0,0.0
1744488000000,549280.7139276455,549280.7139276455,0,0.0,0.0,0.0,0.0
1744502400000,549280.7139276455,549280.7139276455,0,0.0,0.0,0.0,0.0
1744516800000,549280.7139276455,549280.7139276455,0,0.0,0.0,0.0,0.0
1744531200000,549280.7139276455,549280.7139276455,0,0.0,0.0,0.0,0.0
1744545600000,549280.7139276455,549280.7139276455,0,0.0,0.0,0.0,0.0
1744560000000,549280.7139276455,549280.7139276455,0,0.0,0.0,0.0,0.0
1744574400000,549280.7139276455,549280.7139276455,0,0.0,0.0,0.0,0.0
1744588800000,549280.7139276455,549280.7139276455,0,0.0,0.0,0.0,0.0
1744603200000,549280.7139276455,549280.7139276455,0,0.0,0.0,0.0,0.0
1744617600000,549280.7139276455,549280.7139276455,0,0.0,0.0,0.0,0.0
1744632000000,549280.7139276455,549280.7139276455,0,0.0,0.0,0.0,0.0
1744646400000,549280.7139276455,549280.7139276455,0,0.0,0.0,0.0,0.0
1744660800000,549280.7139276455,549280.7139276455,0,0.0,0.0,0.0,0.0
1744675200000,549280.7139276455,549280.7139276455,0,0.0,0.0,0.0,0.0
1744689600000,549280.7139276455,549280.7139276455,0,0.0,0.0,0.0,0.0
1744704000000,549280.7139276455,549280.7139276455,0,0.0,0.0,0.0,0.0
1744718400000,549280.7139276455,549280.7139276455,0,0.0,0.0,0.0,0.0
1744732800000,549280.7139276455,549280.7139276455,0,0.0,0.0,0.0,0.0
1744747200000,549280.7139276455,549280.7139276455,0,0.0,0.0,0.0,0.0
1744761600000,549280.7139276455,549280.7139276455,0,0.0,0.0,0.0,0.0
1744776000000,547422.501748759,549280.7139276455,1,194443.02281536756,5492.807139276454,5492.807139276454,194443.02281536756
1744790400000,550208.5060772095,549280.7139276455,1,191657.0184869171,5492.807139276454,5492.807139276454,191657.0184869171
1744804800000,541507.2966790147,549277.0837466713,2,626421.3388492242,16496.904657201158,16496.904657201158,626421.3388492242
1744819200000,536151.6659154685,538185.572061014,1,194618.7167820266,5492.807139276454,5492.807139276454,194618.7167820266
1744833600000,535533.4905799178,538182.32560877,1,195233.64566533326,5492.807139276454,5492.807139276454,195233.64566533326
1744848000000,536700.6005012958,538182.32560877,1,194066.53574395535,5492.807139276454,5492.807139276454,194066.53574395535
1744862400000,535994.8586958029,538191.9092389604,1,194781.86117963857,5492.807139276454,5492.807139276454,194781.86117963857
1744876800000,534200.2703220713,538191.9092389604,1,196576.44955337018,5492.807139276454,5492.807139276454,196576.44955337018
1744891200000,534459.4097968467,538200.0573327943,1,196325.45817242868,5492.807139276454,5492.807139276454,196325.45817242868
1744905600000,536053.2050658251,538200.0573327943,1,194731.66290345028,5492.807139276454,5492.807139276454,194731.66290345028
1744920000000,532664.2362413305,532664.2362413305,0,0.0,0.0,0.0,0.0
1744934400000,532664.2362413305,532664.2362413305,0,0.0,0.0,0.0,0.0
1744948800000,532664.2362413305,532664.2362413305,0,0.0,0.0,0.0,0.0
1744963200000,532664.2362413305,532664.2362413305,0,0.0,0.0,0.0,0.0
1744977600000,532664.2362413305,532664.2362413305,0,0.0,0.0,0.0,0.0
1744992000000,532664.2362413305,532664.2362413305,0,0.0,0.0,0.0,0.0
1745006400000,532664.2362413305,532664.2362413305,0,0.0,0.0,0.0,0.0
1745020800000,532664.2362413305,532664.2362413305,0,0.0,0.0,0.0,0.0
1745035200000,532664.2362413305,532664.2362413305,0,0.0,0.0,0.0,0.0
1745049600000,532664.2362413305,532664.2362413305,0,0.0,0.0,0.0,0.0
1745064000000,532664.2362413305,532664.2362413305,0,0.0,0.0,0.0,0.0
1745078400000,532664.2362413305,532664.2362413305,0,0.0,0.0,0.0,0.0
1745092800000,532664.2362413305,532664.2362413305,0,0.0,0.0,0.0,0.0
1745107200000,532664.2362413305,532664.2362413305,0,0.0,0.0,0.0,0.0
1745121600000,532664.2362413305,532664.2362413305,0,0.0,0.0,0.0,0.0
1745136000000,532664.2362413305,532664.2362413305,0,0.0,0.0,0.0,0.0
1745150400000,532664.2362413305,532664.2362413305,0,0.0,0.0,0.0,0.0
1745164800000,532664.2362413305,532664.2362413305,0,0.0,0.0,0.0,0.0
1745179200000,528767.2932142003,532664.2362413305,1,288650.9858856421,5326.642362413306,5326.642362413306,288650.9858856421
1745193600000,527279.577741873,527279.577741873,0,0.0,0.0,0.0,0.0
1745208000000,527279.577741873,527279.577741873,0,0.0,0.0,0.0,0.0
1745222400000,527279.577741873,527279.577741873,0,0.0,0.0,0.0,0.0
1745236800000,527279.577741873,527279.577741873,0,0.0,0.0,0.0,0.0
1745251200000,527279.577741873,527279.577741873,0,0.0,0.0,0.0,0.0
1745265600000,527279.577741873,527279.577741873,0,0.0,0.0,0.0,0.0
1745280000000,527279.577741873,527279.577741873,0,0.0,0.0,0.0,0.0
1745294400000,527279.577741873,527279.577741873,0,0.0,0.0,0.0,0.0
1745308800000,529430.8372966915,527279.577741873,1,621156.4259780692,10545.591554837461,0.0,0.0
1745323200000,530403.3498988987,527284.1992117356,1,622124.3171104138,10545.591554837461,0.0,0.0
1745337600000,546617.9847248597,527284.1992117356,1,638338.9519363748,10545.591554837461,0.0,0.0
1745352000000,550000.7050456153,527329.1701414163,1,641676.7013274498,10545.591554837461,0.0,0.0
1745366400000,564389.1301879073,527329.1701414163,1,656065.1264697417,10545.591554837461,0.0,0.0
1745380800000,562439.281852609,527338.2828860229,1,654106.1653898369,10545.591554837461,0.0,0.0
1745395200000,569298.1039914659,527338.2828860229,1,660964.9875286936,10545.591554837461,0.0,0.0
1745409600000,564531.7453477384,527329.2004682532,1,656207.7113027358,10545.591554837461,0.0,0.0
1745424000000,562530.6409674411,527329.2004682532,1,654206.6069224386,10545.591554837461,0.0,0.0
1745438400000,564579.6990131941,527299.189027983,1,656285.6764084618,10545.591554837461,0.0,0.0
1745452800000,565954.9753826648,527299.189027983,1,657660.9527779325,10545.591554837461,0.0,0.0
1745467200000,558954.2789351715,527316.7568724976,1,650642.6884859246,10545.591554837461,0.0,0.0
1745481600000,555674.827776306,527316.7568724976,1,647363.237327059,10545.591554837461,0.0,0.0
1745496000000,558514.5703930863,527283.0287908587,1,650236.7080254783,10545.591554837461,0.0,0.0
1745510400000,562516.0767653409,527283.0287908587,1,654238.2143977329,10545.591554837461,0.0,0.0
1745524800000,565007.5653186372,527297.193669424,1,656715.5380724638,10545.591554837461,0.0,0.0
1745539200000,568056.6331020246,527297.193669424,1,659764.6058558512,10545.591554837461,0.0,0.0
1745553600000,563371.4005209431,527308.8319170714,1,655067.7350271225,10545.591554837461,0.0,0.0
1745568000000,566680.3519900835,527308.8319170714,1,658376.6864962628,10545.591554837461,0.0,0.0
1745582400000,572778.0707048309,527307.7126767043,1,664475.5244513773,10545.591554837461,0.0,0.0
1745596800000,575570.0643558248,527307.7126767043,1,667267.5181023713,10545.591554837461,0.0,0.0
1745611200000,577180.5424823553,527306.9119515668,1,668878.7969540391,10545.591554837461,0.0,0.0
1745625600000,572703.5192040068,527306.9119515668,1,664401.7736756906,10545.591554837461,0.0,0.0
1745640000000,573425.1500556433,527373.916870442,1,665056.399608452,10545.591554837461,0.0,0.0
1745654400000,572266.9116831933,527373.916870442,1,663898.161236002,10545.591554837461,0.0,0.0
1745668800000,569303.6902845013,527392.3339745096,1,660916.5227332424,10545.591554837461,0.0,0.0
1745683200000,570914.9691361693,527392.3339745096,1,662527.8015849104,10545.591554837461,0.0,0.0
1745697600000,570446.5250505735,527373.4184264324,1,662078.2730473918,10545.591554837461,0.0,0.0
1745712000000,572656.9411561529,527373.4184264324,1,664288.6891529711,10545.591554837461,0.0,0.0
1745726400000,569478.0624234681,527383.3827567697,1,661099.8460899491,10545.591554837461,0.0,0.0
1745740800000,568817.1149956479,527383.3827567697,1,660438.898662129,10545.591554837461,0.0,0.0
1745755200000,567722.2361451142,527387.7416581366,1,659339.6609102283,10545.591554837461,0.0,0.0
1745769600000,567590.3682129321,567590.3682129321,0,0.0,0.0,0.0,0.0
1745784000000,567590.3682129321,567590.3682129321,0,0.0,0.0,0.0,0.0
1745798400000,567590.3682129321,567590.3682129321,0,0.0,0.0,0.0,0.0
1745812800000,567590.3682129321,567590.3682129321,0,0.0,0.0,0.0,0.0
1745827200000,567590.3682129321,567590.3682129321,0,0.0,0.0,0.0,0.0
1745841600000,567590.3682129321,567590.3682129321,0,0.0,0.0,0.0,0.0
1745856000000,567590.3682129321,567590.3682129321,0,0.0,0.0,0.0,0.0
1745870400000,567590.3682129321,567590.3682129321,0,0.0,0.0,0.0,0.0
1745884800000,567590.3682129321,567590.3682129321,0,0.0,0.0,0.0,0.0
1745899200000,567590.3682129321,567590.3682129321,0,0.0,0.0,0.0,0.0
1745913600000,567590.3682129321,567590.3682129321,0,0.0,0.0,0.0,0.0
1745928000000,567590.3682129321,567590.3682129321,0,0.0,0.0,0.0,0.0
1745942400000,567590.3682129321,567590.3682129321,0,0.0,0.0,0.0,0.0
1745956800000,567590.3682129321,567590.3682129321,0,0.0,0.0,0.0,0.0
1745971200000,567590.3682129321,567590.3682129321,0,0.0,0.0,0.0,0.0
1745985600000,567590.3682129321,567590.3682129321,0,0.0,0.0,0.0,0.0
1746000000000,567590.3682129321,567590.3682129321,0,0.0,0.0,0.0,0.0
1746014400000,567590.3682129321,567590.3682129321,0,0.0,0.0,0.0,0.0
1746028800000,567590.3682129321,567590.3682129321,0,0.0,0.0,0.0,0.0
1746043200000,567590.3682129321,567590.3682129321,0,0.0,0.0,0.0,0.0
1746057600000,567590.3682129321,567590.3682129321,0,0.0,0.0,0.0,0.0
1746072000000,567590.3682129321,567590.3682129321,0,0.0,0.0,0.0,0.0
1746086400000,567590.3682129321,567590.3682129321,0,0.0,0.0,0.0,0.0
1746100800000,567590.3682129321,567590.3682129321,0,0.0,0.0,0.0,0.0
1746115200000,567590.3682129321,567590.3682129321,0,0.0,0.0,0.0,0.0
1746129600000,567590.3682129321,567590.3682129321,0,0.0,0.0,0.0,0.0
1746144000000,567590.3682129321,567590.3682129321,0,0.0,0.0,0.0,0.0
1746158400000,567590.3682129321,567590.3682129321,0,0.0,0.0,0.0,0.0
1746172800000,567590.3682129321,567590.3682129321,0,0.0,0.0,0.0,0.0
1746187200000,567590.3682129321,567590.3682129321,0,0.0,0.0,0.0,0.0
1746201600000,567590.3682129321,567590.3682129321,0,0.0,0.0,0.0,0.0
1746216000000,567590.3682129321,567590.3682129321,0,0.0,0.0,0.0,0.0
1746230400000,567590.3682129321,567590.3682129321,0,0.0,0.0,0.0,0.0
1746244800000,567590.3682129321,567590.3682129321,0,0.0,0.0,0.0,0.0
1746259200000,567590.3682129321,567590.3682129321,0,0.0,0.0,0.0,0.0
1746273600000,567590.3682129321,567590.3682129321,0,0.0,0.0,0.0,0.0
1746288000000,567590.3682129321,567590.3682129321,0,0.0,0.0,0.0,0.0
1746302400000,567590.3682129321,567590.3682129321,0,0.0,0.0,0.0,0.0
1746316800000,567590.3682129321,567590.3682129321,0,0.0,0.0,0.0,0.0
1746331200000,567590.3682129321,567590.3682129321,0,0.0,0.0,0.0,0.0
1746345600000,567590.3682129321,567590.3682129321,0,0.0,0.0,0.0,0.0
1746360000000,567590.3682129321,567590.3682129321,0,0.0,0.0,0.0,0.0
1746374400000,567590.3682129321,567590.3682129321,0,0.0,0.0,0.0,0.0
1746388800000,568556.049334322,567590.3682129321,1,808557.1681402439,5675.903682129321,5675.903682129321,808557.1681402439
1746403200000,571760.1348504395,567590.3682129321,1,805353.0826241263,5675.903682129321,5675.903682129321,805353.0826241263
1746417600000,568133.8223776614,567346.9099760549,1,808735.9368600273,5675.903682129321,5675.903682129321,808735.9368600273
1746432000000,563087.9617899974,563087.9617899974,0,0.0,0.0,0.0,0.0
1746446400000,563087.9617899974,563087.9617899974,0,0.0,0.0,0.0,0.0
1746460800000,563087.9617899974,563087.9617899974,0,0.0,0.0,0.0,0.0
1746475200000,563087.9617899974,563087.9617899974,0,0.0,0.0,0.0,0.0
1746489600000,563087.9617899974,563087.9617899974,0,0.0,0.0,0.0,0.0
1746504000000,563087.9617899974,563087.9617899974,0,0.0,0.0,0.0,0.0
1746518400000,563087.9617899974,563087.9617899974,0,0.0,0.0,0.0,0.0
1746532800000,563087.9617899974,563087.9617899974,0,0.0,0.0,0.0,0.0
1746547200000,563087.9617899974,563087.9617899974,0,0.0,0.0,0.0,0.0
1746561600000,563087.9617899974,563087.9617899974,0,0.0,0.0,0.0,0.0
1746576000000,563087.9617899974,563087.9617899974,0,0.0,0.0,0.0,0.0
1746590400000,563087.9617899974,563087.9617899974,0,0.0,0.0,0.0,0.0
1746604800000,563087.9617899974,563087.9617899974,0,0.0,0.0,0.0,0.0
1746619200000,563087.9617899974,563087.9617899974,0,0.0,0.0,0.0,0.0
1746633600000,563087.9617899974,563087.9617899974,0,0.0,0.0,0.0,0.0
1746648000000,563087.9617899974,563087.9617899974,0,0.0,0.0,0.0,0.0
1746662400000,563087.9617899974,563087.9617899974,0,0.0,0.0,0.0,0.0
1746676800000,563087.9617899974,563087.9617899974,0,0.0,0.0,0.0,0.0
1746691200000,563087.9617899974,563087.9617899974,0,0.0,0.0,0.0,0.0
1746705600000,563087.9617899974,563087.9617899974,0,0.0,0.0,0.0,0.0
1746720000000,563087.9617899974,563087.9617899974,0,0.0,0.0,0.0,0.0
1746734400000,563087.9617899974,563087.9617899974,0,0.0,0.0,0.0,0.0
1746748800000,563087.9617899974,563087.9617899974,0,0.0,0.0,0.0,0.0
1746763200000,563087.9617899974,563087.9617899974,0,0.0,0.0,0.0,0.0
1746777600000,563087.9617899974,563087.9617899974,0,0.0,0.0,0.0,0.0
1746792000000,563087.9617899974,563087.9617899974,0,0.0,0.0,0.0,0.0
1746806400000,563087.9617899974,563087.9617899974,0,0.0,0.0,0.0,0.0
1746820800000,563087.9617899974,563087.9617899974,0,0.0,0.0,0.0,0.0
1746835200000,563087.9617899974,563087.9617899974,0,0.0,0.0,0.0,0.0
1746849600000,563087.9617899974,563087.9617899974,0,0.0,0.0,0.0,0.0
1746864000000,563087.9617899974,563087.9617899974,0,0.0,0.0,0.0,0.0
1746878400000,563087.9617899974,563087.9617899974,0,0.0,0.0,0.0,0.0
1746892800000,563087.9617899974,563087.9617899974,0,0.0,0.0,0.0,0.0
1746907200000,563087.9617899974,563087.9617899974,0,0.0,0.0,0.0,0.0
1746921600000,563087.9617899974,563087.9617899974,0,0.0,0.0,0.0,0.0
1746936000000,563087.9617899974,563087.9617899974,0,0.0,0.0,0.0,0.0
1746950400000,563087.9617899974,563087.9617899974,0,0.0,0.0,0.0,0.0
1746964800000,563087.9617899974,563087.9617899974,0,0.0,0.0,0.0,0.0
1746979200000,563087.9617899974,563087.9617899974,0,0.0,0.0,0.0,0.0
1746993600000,563087.9617899974,563087.9617899974,0,0.0,0.0,0.0,0.0
1747008000000,563087.9617899974,563087.9617899974,0,0.0,0.0,0.0,0.0
1747022400000,563087.9617899974,563087.9617899974,0,0.0,0.0,0.0,0.0
1747036800000,563087.9617899974,563087.9617899974,0,0.0,0.0,0.0,0.0
1747051200000,563087.9617899974,563087.9617899974,0,0.0,0.0,0.0,0.0
1747065600000,563087.9617899974,563087.9617899974,0,0.0,0.0,0.0,0.0
1747080000000,563087.9617899974,563087.9617899974,0,0.0,0.0,0.0,0.0
1747094400000,563087.9617899974,563087.9617899974,0,0.0,0.0,0.0,0.0
1747108800000,563087.9617899974,563087.9617899974,0,0.0,0.0,0.0,0.0
1747123200000,563087.9617899974,563087.9617899974,0,0.0,0.0,0.0,0.0
1747137600000,563087.9617899974,563087.9617899974,0,0.0,0.0,0.0,0.0
1747152000000,563087.9617899974,563087.9617899974,0,0.0,0.0,0.0,0.0
1747166400000,563087.9617899974,563087.9617899974,0,0.0,0.0,0.0,0.0
1747180800000,563087.9617899974,563087.9617899974,0,0.0,0.0,0.0,0.0
1747195200000,563087.9617899974,563087.9617899974,0,0.0,0.0,0.0,0.0
1747209600000,563087.9617899974,563087.9617899974,0,0.0,0.0,0.0,0.0
1747224000000,563087.9617899974,563087.9617899974,0,0.0,0.0,0.0,0.0
1747238400000,563087.9617899974,563087.9617899974,0,0.0,0.0,0.0,0.0
1747252800000,563087.9617899974,563087.9617899974,0,0.0,0.0,0.0,0.0
1747267200000,563087.9617899974,563087.9617899974,0,0.0,0.0,0.0,0.0
1747281600000,563087.9617899974,563087.9617899974,0,0.0,0.0,0.0,0.0
1747296000000,563087.9617899974,563087.9617899974,0,0.0,0.0,0.0,0.0
1747310400000,563087.9617899974,563087.9617899974,0,0.0,0.0,0.0,0.0
1747324800000,563087.9617899974,563087.9617899974,0,0.0,0.0,0.0,0.0
1747339200000,563087.9617899974,563087.9617899974,0,0.0,0.0,0.0,0.0
1747353600000,563087.9617899974,563087.9617899974,0,0.0,0.0,0.0,0.0
1747368000000,563087.9617899974,563087.9617899974,0,0.0,0.0,0.0,0.0
1747382400000,563087.9617899974,563087.9617899974,0,0.0,0.0,0.0,0.0
1747396800000,563087.9617899974,563087.9617899974,0,0.0,0.0,0.0,0.0
1747411200000,563087.9617899974,563087.9617899974,0,0.0,0.0,0.0,0.0
1747425600000,563087.9617899974,563087.9617899974,0,0.0,0.0,0.0,0.0
1747440000000,563087.9617899974,563087.9617899974,0,0.0,0.0,0.0,0.0
1747454400000,563087.9617899974,563087.9617899974,0,0.0,0.0,0.0,0.0
1747468800000,563087.9617899974,563087.9617899974,0,0.0,0.0,0.0,0.0
1747483200000,563087.9617899974,563087.9617899974,0,0.0,0.0,0.0,0.0
1747497600000,563087.9617899974,563087.9617899974,0,0.0,0.0,0.0,0.0
1747512000000,563087.9617899974,563087.9617899974,0,0.0,0.0,0.0,0.0
1747526400000,563087.9617899974,563087.9617899974,0,0.0,0.0,0.0,0.0
1747540800000,563087.9617899974,563087.9617899974,0,0.0,0.0,0.0,0.0
1747555200000,563087.9617899974,563087.9617899974,0,0.0,0.0,0.0,0.0
1747569600000,563087.9617899974,563087.9617899974,0,0.0,0.0,0.0,0.0
1747584000000,563087.9617899974,563087.9617899974,0,0.0,0.0,0.0,0.0
1747598400000,563087.9617899974,563087.9617899974,0,0.0,0.0,0.0,0.0
1747612800000,563087.9617899974,563087.9617899974,0,0.0,0.0,0.0,0.0
1747627200000,563087.9617899974,563087.9617899974,0,0.0,0.0,0.0,0.0
1747641600000,563087.9617899974,563087.9617899974,0,0.0,0.0,0.0,0.0
1747656000000,563087.9617899974,563087.9617899974,0,0.0,0.0,0.0,0.0
1747670400000,563087.9617899974,563087.9617899974,0,0.0,0.0,0.0,0.0
1747684800000,563087.9617899974,563087.9617899974,0,0.0,0.0,0.0,0.0
1747699200000,563087.9617899974,563087.9617899974,0,0.0,0.0,0.0,0.0
1747713600000,563087.9617899974,563087.9617899974,0,0.0,0.0,0.0,0.0
1747728000000,563087.9617899974,563087.9617899974,0,0.0,0.0,0.0,0.0
1747742400000,563087.9617899974,563087.9617899974,0,0.0,0.0,0.0,0.0
1747756800000,563087.9617899974,563087.9617899974,0,0.0,0.0,0.0,0.0
1747771200000,563087.9617899974,563087.9617899974,0,0.0,0.0,0.0,0.0
1747785600000,563087.9617899974,563087.9617899974,0,0.0,0.0,0.0,0.0
1747800000000,563087.9617899974,563087.9617899974,0,0.0,0.0,0.0,0.0
1747814400000,563087.9617899974,563087.9617899974,0,0.0,0.0,0.0,0.0
1747828800000,563087.9617899974,563087.9617899974,0,0.0,0.0,0.0,0.0
1747843200000,563087.9617899974,563087.9617899974,0,0.0,0.0,0.0,0.0
1747857600000,563087.9617899974,563087.9617899974,0,0.0,0.0,0.0,0.0
1747872000000,563087.9617899974,563087.9617899974,0,0.0,0.0,0.0,0.0
1747886400000,563087.9617899974,563087.9617899974,0,0.0,0.0,0.0,0.0
1747900800000,563087.9617899974,563087.9617899974,0,0.0,0.0,0.0,0.0
1747915200000,563087.9617899974,563087.9617899974,0,0.0,0.0,0.0,0.0
1747929600000,563087.9617899974,563087.9617899974,0,0.0,0.0,0.0,0.0
1747944000000,563087.9617899974,563087.9617899974,0,0.0,0.0,0.0,0.0
1747958400000,563087.9617899974,563087.9617899974,0,0.0,0.0,0.0,0.0
1747972800000,563087.9617899974,563087.9617899974,0,0.0,0.0,0.0,0.0
1747987200000,563087.9617899974,563087.9617899974,0,0.0,0.0,0.0,0.0
1748001600000,563087.9617899974,563087.9617899974,0,0.0,0.0,0.0,0.0
1748016000000,563087.9617899974,563087.9617899974,0,0.0,0.0,0.0,0.0
1748030400000,563087.9617899974,563087.9617899974,0,0.0,0.0,0.0,0.0
1748044800000,563087.9617899974,563087.9617899974,0,0.0,0.0,0.0,0.0
1748059200000,563087.9617899974,563087.9617899974,0,0.0,0.0,0.0,0.0
1748073600000,563087.9617899974,563087.9617899974,0,0.0,0.0,0.0,0.0
1748088000000,563087.9617899974,563087.9617899974,0,0.0,0.0,0.0,0.0
1748102400000,563087.9617899974,563087.9617899974,0,0.0,0.0,0.0,0.0
1748116800000,563087.9617899974,563087.9617899974,0,0.0,0.0,0.0,0.0
1748131200000,563087.9617899974,563087.9617899974,0,0.0,0.0,0.0,0.0
1748145600000,563087.9617899974,563087.9617899974,0,0.0,0.0,0.0,0.0
1748160000000,563087.9617899974,563087.9617899974,0,0.0,0.0,0.0,0.0
1748174400000,563087.9617899974,563087.9617899974,0,0.0,0.0,0.0,0.0
1748188800000,563087.9617899974,563087.9617899974,0,0.0,0.0,0.0,0.0
1748203200000,563087.9617899974,563087.9617899974,0,0.0,0.0,0.0,0.0
1748217600000,563087.9617899974,563087.9617899974,0,0.0,0.0,0.0,0.0
1748232000000,563087.9617899974,563087.9617899974,0,0.0,0.0,0.0,0.0
1748246400000,563087.9617899974,563087.9617899974,0,0.0,0.0,0.0,0.0
1748260800000,563087.9617899974,563087.9617899974,0,0.0,0.0,0.0,0.0
1748275200000,563087.9617899974,563087.9617899974,0,0.0,0.0,0.0,0.0
1748289600000,563087.9617899974,563087.9617899974,0,0.0,0.0,0.0,0.0
1748304000000,563087.9617899974,563087.9617899974,0,0.0,0.0,0.0,0.0
1748318400000,563087.9617899974,563087.9617899974,0,0.0,0.0,0.0,0.0
1748332800000,563087.9617899974,563087.9617899974,0,0.0,0.0,0.0,0.0
1748347200000,563087.9617899974,563087.9617899974,0,0.0,0.0,0.0,0.0
1748361600000,563087.9617899974,563087.9617899974,0,0.0,0.0,0.0,0.0
1748376000000,563087.9617899974,563087.9617899974,0,0.0,0.0,0.0,0.0
1748390400000,563087.9617899974,563087.9617899974,0,0.0,0.0,0.0,0.0
1748404800000,563087.9617899974,563087.9617899974,0,0.0,0.0,0.0,0.0
1748419200000,563087.9617899974,563087.9617899974,0,0.0,0.0,0.0,0.0
1748433600000,563087.9617899974,563087.9617899974,0,0.0,0.0,0.0,0.0
1748448000000,563087.9617899974,563087.9617899974,0,0.0,0.0,0.0,0.0
1748462400000,563087.9617899974,563087.9617899974,0,0.0,0.0,0.0,0.0
1748476800000,563087.9617899974,563087.9617899974,0,0.0,0.0,0.0,0.0
1748491200000,563087.9617899974,563087.9617899974,0,0.0,0.0,0.0,0.0
1748505600000,563087.9617899974,563087.9617899974,0,0.0,0.0,0.0,0.0
1748520000000,563087.9617899974,563087.9617899974,0,0.0,0.0,0.0,0.0
1748534400000,563087.9617899974,563087.9617899974,0,0.0,0.0,0.0,0.0
1748548800000,563087.9617899974,563087.9617899974,0,0.0,0.0,0.0,0.0
1748563200000,563087.9617899974,563087.9617899974,0,0.0,0.0,0.0,0.0
1748577600000,563087.9617899974,563087.9617899974,0,0.0,0.0,0.0,0.0
1748592000000,563087.9617899974,563087.9617899974,0,0.0,0.0,0.0,0.0
1748606400000,560171.5373266231,563087.9617899974,1,175832.25891254668,5630.879617899975,5630.879617899975,175832.25891254668
1748620800000,566601.5314817221,563087.9617899974,2,365359.1555364912,11232.514267514147,11232.514267514147,365359.1555364912
1748635200000,567965.3653167314,563083.0775510863,2,363990.4374625708,11232.514267514147,11232.514267514147,363990.4374625708
1748649600000,578937.0132812025,563083.0775510863,2,353018.7894980997,11232.514267514147,11232.514267514147,353018.7894980997
1748664000000,586293.8387465705,574227.4702480921,2,172369.99411562944,5616.2571337570735,5616.2571337570735,172369.99411562944
1748678400000,585043.9204006373,574227.4702480921,2,173619.9124615627,5616.2571337570735,5616.2571337570735,173619.9124615627
1748692800000,584996.5864553935,574202.3866319779,2,173642.16279069235,5616.2571337570735,5616.2571337570735,173642.16279069235
1748707200000,581693.6215368789,574202.3866319779,2,176945.12770920695,5616.2571337570735,5616.2571337570735,176945.12770920695
1748721600000,579152.5960217275,574191.4039957247,2,179475.1705881051,5616.2571337570735,5616.2571337570735,179475.1705881051
1748736000000,579473.3289651661,575674.4724631123,1,94179.58888746795,2800.817324807086,2800.817324807086,94179.58888746795
1748750400000,580336.2321390621,575667.0914703548,1,93309.3047208144,2800.817324807086,2800.817324807086,93309.3047208144
1748764800000,580167.5724168424,575667.0914703548,1,93477.96444303408,2800.817324807086,2800.817324807086,93477.96444303408
1748779200000,580534.460752248,575662.928416877,1,93106.91305415079,2800.817324807086,2800.817324807086,93106.91305415079
1748793600000,579650.6838078169,575662.928416877,1,93990.6899985819,2800.817324807086,2800.817324807086,93990.6899985819
1748808000000,579208.0766091285,575672.3292737374,1,94442.69805413064,2800.817324807086,2800.817324807086,94442.69805413064
1748822400000,578516.5046914881,578516.5046914881,0,0.0,0.0,0.0,0.0
1748836800000,578516.5046914881,578516.5046914881,0,0.0,0.0,0.0,0.0
1748851200000,578516.5046914881,578516.5046914881,0,0.0,0.0,0.0,0.0
1748865600000,578516.5046914881,578516.5046914881,0,0.0,0.0,0.0,0.0
1748880000000,578516.5046914881,578516.5046914881,0,0.0,0.0,0.0,0.0
1748894400000,578516.5046914881,578516.5046914881,0,0.0,0.0,0.0,0.0
1748908800000,578516.5046914881,578516.5046914881,0,0.0,0.0,0.0,0.0
1748923200000,578516.5046914881,578516.5046914881,0,0.0,0.0,0.0,0.0
1748937600000,578516.5046914881,578516.5046914881,0,0.0,0.0,0.0,0.0
1748952000000,578516.5046914881,578516.5046914881,0,0.0,0.0,0.0,0.0
1748966400000,578516.5046914881,578516.5046914881,0,0.0,0.0,0.0,0.0
1748980800000,578687.5047085013,578516.5046914881,1,413390.6389236776,11570.330093829762,0.0,0.0
1748995200000,573646.4628339366,578516.5046914881,1,408349.59704911296,11570.330093829762,0.0,0.0
1749009600000,579082.3134646709,578498.5781441777,1,413803.3742271577,11570.330093829762,0.0,0.0
1749024000000,579008.2731621382,578498.5781441777,1,413729.33392462495,11570.330093829762,0.0,0.0
1749038400000,578567.1474439886,578467.0370783365,1,413319.7492723166,11570.330093829762,0.0,0.0
1749052800000,585372.5539746509,578467.0370783365,1,420125.1558029789,11570.330093829762,0.0,0.0
1749067200000,578321.3012063516,578433.8597947827,1,413107.0803182334,11570.330093829762,0.0,0.0
1749081600000,575841.7387343001,578433.8597947827,1,410627.5178461819,11570.330093829762,0.0,0.0
1749096000000,578569.9678621151,578424.1730544748,1,413365.4337143048,11570.330093829762,0.0,0.0
1749110400000,575294.8659692339,578424.1730544748,1,410090.3318214236,11570.330093829762,0.0,0.0
1749124800000,575800.3121597323,578389.2825690433,1,410630.66849735344,11570.330093829762,0.0,0.0
1749139200000,572917.4663377157,578389.2825690433,1,407747.8226753368,11570.330093829762,0.0,0.0
1749153600000,572811.412232963,572811.412232963,0,0.0,0.0,0.0,0.0
1749168000000,583719.1726322441,572811.412232963,1,455464.8420435613,11456.22824465926,11456.22824465926,455464.8420435613
1749182400000,567298.8190241865,572730.69771,2,1025843.3393986074,23128.99740684488,23128.99740684488,1025843.3393986074
1749196800000,571279.1691018485,572730.69771,2,1021862.9893209452,23128.99740684488,23128.99740684488,1021862.9893209452
1749211200000,565102.6585616089,572714.7260167191,2,1028023.5281679041,23128.99740684488,23128.99740684488,1028023.5281679041
1749225600000,557804.1596561747,557804.1596561747,0,0.0,0.0,0.0,0.0
1749240000000,557804.1596561747,557804.1596561747,0,0.0,0.0,0.0,0.0
1749254400000,557804.1596561747,557804.1596561747,0,0.0,0.0,0.0,0.0
1749268800000,557804.1596561747,557804.1596561747,0,0.0,0.0,0.0,0.0
1749283200000,557804.1596561747,557804.1596561747,0,0.0,0.0,0.0,0.0
1749297600000,557804.1596561747,557804.1596561747,0,0.0,0.0,0.0,0.0
1749312000000,557804.1596561747,557804.1596561747,0,0.0,0.0,0.0,0.0
1749326400000,557804.1596561747,557804.1596561747,0,0.0,0.0,0.0,0.0
1749340800000,557804.1596561747,557804.1596561747,0,0.0,0.0,0.0,0.0
1749355200000,557804.1596561747,557804.1596561747,0,0.0,0.0,0.0,0.0
1749369600000,557804.1596561747,557804.1596561747,0,0.0,0.0,0.0,0.0
1749384000000,557804.1596561747,557804.1596561747,0,0.0,0.0,0.0,0.0
1749398400000,557804.1596561747,557804.1596561747,0,0.0,0.0,0.0,0.0
1749412800000,557804.1596561747,557804.1596561747,0,0.0,0.0,0.0,0.0
1749427200000,557804.1596561747,557804.1596561747,0,0.0,0.0,0.0,0.0
1749441600000,557804.1596561747,557804.1596561747,0,0.0,0.0,0.0,0.0
1749456000000,557804.1596561747,557804.1596561747,0,0.0,0.0,0.0,0.0
1749470400000,557804.1596561747,557804.1596561747,0,0.0,0.0,0.0,0.0
1749484800000,557804.1596561747,557804.1596561747,0,0.0,0.0,0.0,0.0
1749499200000,557804.1596561747,557804.1596561747,0,0.0,0.0,0.0,0.0
1749513600000,557804.1596561747,557804.1596561747,0,0.0,0.0,0.0,0.0
1749528000000,557804.1596561747,557804.1596561747,0,0.0,0.0,0.0,0.0
1749542400000,557804.1596561747,557804.1596561747,0,0.0,0.0,0.0,0.0
1749556800000,557804.1596561747,557804.1596561747,0,0.0,0.0,0.0,0.0
1749571200000,546570.7224254217,546570.7224254217,0,0.0,0.0,0.0,0.0
1749585600000,546570.7224254217,546570.7224254217,0,0.0,0.0,0.0,0.0
1749600000000,546570.7224254217,546570.7224254217,0,0.0,0.0,0.0,0.0
1749614400000,546570.7224254217,546570.7224254217,0,0.0,0.0,0.0,0.0
1749628800000,546570.7224254217,546570.7224254217,0,0.0,0.0,0.0,0.0
1749643200000,546570.7224254217,546570.7224254217,0,0.0,0.0,0.0,0.0
1749657600000,546570.7224254217,546570.7224254217,0,0.0,0.0,0.0,0.0
1749672000000,546570.7224254217,546570.7224254217,0,0.0,0.0,0.0,0.0
1749686400000,546570.7224254217,546570.7224254217,0,0.0,0.0,0.0,0.0
1749700800000,546570.7224254217,546570.7224254217,0,0.0,0.0,0.0,0.0
1749715200000,546570.7224254217,546570.7224254217,0,0.0,0.0,0.0,0.0
1749729600000,546570.7224254217,546570.7224254217,0,0.0,0.0,0.0,0.0
1749744000000,546570.7224254217,546570.7224254217,0,0.0,0.0,0.0,0.0
1749758400000,546570.7224254217,546570.7224254217,0,0.0,0.0,0.0,0.0
1749772800000,546570.7224254217,546570.7224254217,0,0.0,0.0,0.0,0.0
1749787200000,546570.7224254217,546570.7224254217,0,0.0,0.0,0.0,0.0
1749801600000,546570.7224254217,546570.7224254217,0,0.0,0.0,0.0,0.0
1749816000000,546570.7224254217,546570.7224254217,0,0.0,0.0,0.0,0.0
1749830400000,546570.7224254217,546570.7224254217,0,0.0,0.0,0.0,0.0
1749844800000,546570.7224254217,546570.7224254217,0,0.0,0.0,0.0,0.0
1749859200000,546570.7224254217,546570.7224254217,0,0.0,0.0,0.0,0.0
1749873600000,546570.7224254217,546570.7224254217,0,0.0,0.0,0.0,0.0
1749888000000,546570.7224254217,546570.7224254217,0,0.0,0.0,0.0,0.0
1749902400000,546570.7224254217,546570.7224254217,0,0.0,0.0,0.0,0.0
1749916800000,546570.7224254217,546570.7224254217,0,0.0,0.0,0.0,0.0
1749931200000,546570.7224254217,546570.7224254217,0,0.0,0.0,0.0,0.0
1749945600000,546570.7224254217,546570.7224254217,0,0.0,0.0,0.0,0.0
1749960000000,546570.7224254217,546570.7224254217,0,0.0,0.0,0.0,0.0
1749974400000,546570.7224254217,546570.7224254217,0,0.0,0.0,0.0,0.0
1749988800000,546570.7224254217,546570.7224254217,0,0.0,0.0,0.0,0.0
1750003200000,546570.7224254217,546570.7224254217,0,0.0,0.0,0.0,0.0
1750017600000,546570.7224254217,546570.7224254217,0,0.0,0.0,0.0,0.0
1750032000000,546570.7224254217,546570.7224254217,0,0.0,0.0,0.0,0.0
1750046400000,546570.7224254217,546570.7224254217,0,0.0,0.0,0.0,0.0
1750060800000,546570.7224254217,546570.7224254217,0,0.0,0.0,0.0,0.0
1750075200000,546570.7224254217,546570.7224254217,0,0.0,0.0,0.0,0.0
1750089600000,546570.7224254217,546570.7224254217,0,0.0,0.0,0.0,0.0
1750104000000,546570.7224254217,546570.7224254217,0,0.0,0.0,0.0,0.0
1750118400000,546570.7224254217,546570.7224254217,0,0.0,0.0,0.0,0.0
1750132800000,543151.1749487674,546570.7224254217,1,229119.0455457639,5465.707224254217,5465.707224254217,229119.0455457639
1750147200000,545034.5601844444,546570.7224254217,1,227235.66031008685,5465.707224254217,5465.707224254217,227235.66031008685
1750161600000,548251.3880966346,546583.1796241337,1,224031.2895966086,5465.707224254217,5465.707224254217,224031.2895966086
1750176000000,552815.9814803242,546583.1796241337,1,219466.69621291917,5465.707224254217,5465.707224254217,219466.69621291917
1750190400000,553514.9416968831,552033.4237858686,1,111368.23112354033,2732.8536121271086,2732.8536121271086,111368.23112354033
1750204800000,554195.0530319886,552033.4237858686,1,110688.11978843473,2732.8536121271086,2732.8536121271086,110688.11978843473
1750219200000,553339.3659438909,552040.9549307895,1,111551.33802145337,2732.8536121271086,2732.8536121271086,111551.33802145337
1750233600000,552986.2312122015,552040.9549307895,1,111904.4727531428,2732.8536121271086,2732.8536121271086,111904.4727531428
1750248000000,554619.2262663741,552052.146032018,1,110282.66880019872,2732.8536121271086,2732.8536121271086,110282.66880019872
1750262400000,554985.4400622002,552052.146032018,1,109916.45500437262,2732.8536121271086,2732.8536121271086,109916.45500437262
1750276800000,555739.1464855323,552060.3457995614,1,109170.9483485838,2732.8536121271086,2732.8536121271086,109170.9483485838
1750291200000,553365.2963447311,552060.3457995614,1,111544.79848938504,2732.8536121271086,2732.8536121271086,111544.79848938504
1750305600000,553201.9070525006,552066.9843411073,1,111714.82632316144,2732.8536121271086,2732.8536121271086,111714.82632316144
1750320000000,553810.0835348547,552066.9843411073,1,111106.6498408074,2732.8536121271086,2732.8536121271086,111106.6498408074
1750334400000,554491.4835523305,552074.8125555459,1,110433.07803777013,2732.8536121271086,2732.8536121271086,110433.07803777013
1750348800000,554942.7112650449,552074.8125555459,1,109981.85032505584,2732.8536121271086,2732.8536121271086,109981.85032505584
1750363200000,553965.0858989229,552078.1169996724,1,110962.7801353043,2732.8536121271086,2732.8536121271086,110962.7801353043
1750377600000,552843.0609936289,552843.0609936289,0,0.0,0.0,0.0,0.0
1750392000000,552843.0609936289,552843.0609936289,0,0.0,0.0,0.0,0.0
1750406400000,552843.0609936289,552843.0609936289,0,0.0,0.0,0.0,0.0
1750420800000,552843.0609936289,552843.0609936289,0,0.0,0.0,0.0,0.0
1750435200000,552843.0609936289,552843.0609936289,0,0.0,0.0,0.0,0.0
1750449600000,552843.0609936289,552843.0609936289,0,0.0,0.0,0.0,0.0
1750464000000,552843.0609936289,552843.0609936289,0,0.0,0.0,0.0,0.0
1750478400000,546630.7488708539,552843.0609936289,2,941369.7519039172,22109.769760312578,22109.769760312578,941369.7519039172
1750492800000,546804.9517420897,552843.0609936289,2,941195.5490326814,22109.769760312578,22109.769760312578,941195.5490326814
1750507200000,538980.6294629129,552802.4676123895,2,948979.2779306187,22109.769760312578,22109.769760312578,948979.2779306187
1750521600000,548442.4966685878,552802.4676123895,2,939517.410724944,22109.769760312578,22109.769760312578,939517.410724944
1750536000000,565780.118910951,552839.4759073718,2,922216.7967775632,22109.769760312578,22109.769760312578,922216.7967775632
1750550400000,593536.5687500542,574860.1518776584,2,448902.3030181753,11054.884880156289,11054.884880156289,448902.3030181753
1750564800000,598116.1657084856,574850.8839874108,3,1088602.291973957,22925.410356953034,22925.410356953034,1088602.291973957
1750579200000,595071.4297546771,574850.8839874108,3,1091647.0279277656,22925.410356953034,22925.410356953034,1091647.0279277656
1750593600000,611008.8509557934,574919.8184151241,3,1075778.5411543625,22925.410356953034,22925.410356953034,1075778.5411543625
1750608000000,648550.0452463327,586728.2891116358,3,727901.3906581046,16990.147618554663,16990.147618554663,727901.3906581046
1750622400000,642171.1961746827,586739.2118206186,3,734291.1624387375,16990.147618554663,16990.147618554663,734291.1624387375
1750636800000,625626.7600875824,594136.7994195013,2,436088.75922249,11054.884880156289,11054.884880156289,436088.75922249
1750651200000,622569.5876429403,610921.1699229244,1,208937.24612708413,5526.454270220001,5526.454270220001,208937.24612708413
1750665600000,621139.6924707225,621139.6924707225,0,0.0,0.0,0.0,0.0
1750680000000,621139.6924707225,621139.6924707225,0,0.0,0.0,0.0,0.0
1750694400000,621139.6924707225,621139.6924707225,0,0.0,0.0,0.0,0.0
1750708800000,621139.6924707225,621139.6924707225,0,0.0,0.0,0.0,0.0
1750723200000,621139.6924707225,621139.6924707225,0,0.0,0.0,0.0,0.0
1750737600000,621139.6924707225,621139.6924707225,0,0.0,0.0,0.0,0.0
1750752000000,621139.6924707225,621139.6924707225,0,0.0,0.0,0.0,0.0
1750766400000,621139.6924707225,621139.6924707225,0,0.0,0.0,0.0,0.0
1750780800000,621139.6924707225,621139.6924707225,0,0.0,0.0,0.0,0.0
1750795200000,621139.6924707225,621139.6924707225,0,0.0,0.0,0.0,0.0
1750809600000,621139.6924707225,621139.6924707225,0,0.0,0.0,0.0,0.0
1750824000000,621139.6924707225,621139.6924707225,0,0.0,0.0,0.0,0.0
1750838400000,621139.6924707225,621139.6924707225,0,0.0,0.0,0.0,0.0
1750852800000,621139.6924707225,621139.6924707225,0,0.0,0.0,0.0,0.0
1750867200000,621139.6924707225,621139.6924707225,0,0.0,0.0,0.0,0.0
1750881600000,621139.6924707225,621139.6924707225,0,0.0,0.0,0.0,0.0
1750896000000,621139.6924707225,621139.6924707225,0,0.0,0.0,0.0,0.0
1750910400000,621139.6924707225,621139.6924707225,0,0.0,0.0,0.0,0.0
1750924800000,621139.6924707225,621139.6924707225,0,0.0,0.0,0.0,0.0
1750939200000,621139.6924707225,621139.6924707225,0,0.0,0.0,0.0,0.0
1750953600000,621139.6924707225,621139.6924707225,0,0.0,0.0,0.0,0.0
1750968000000,621139.6924707225,621139.6924707225,0,0.0,0.0,0.0,0.0
1750982400000,621139.6924707225,621139.6924707225,0,0.0,0.0,0.0,0.0
1750996800000,621139.6924707225,621139.6924707225,0,0.0,0.0,0.0,0.0
1751011200000,621139.6924707225,621139.6924707225,0,0.0,0.0,0.0,0.0
1751025600000,621139.6924707225,621139.6924707225,0,0.0,0.0,0.0,0.0
1751040000000,621139.6924707225,621139.6924707225,0,0.0,0.0,0.0,0.0
1751054400000,621139.6924707225,621139.6924707225,0,0.0,0.0,0.0,0.0
1751068800000,621139.6924707225,621139.6924707225,0,0.0,0.0,0.0,0.0
1751083200000,621139.6924707225,621139.6924707225,0,0.0,0.0,0.0,0.0
1751097600000,621139.6924707225,621139.6924707225,0,0.0,0.0,0.0,0.0
1751112000000,621139.6924707225,621139.6924707225,0,0.0,0.0,0.0,0.0
1751126400000,621139.6924707225,621139.6924707225,0,0.0,0.0,0.0,0.0
1751140800000,621139.6924707225,621139.6924707225,0,0.0,0.0,0.0,0.0
1751155200000,621139.6924707225,621139.6924707225,0,0.0,0.0,0.0,0.0
1751169600000,621139.6924707225,621139.6924707225,0,0.0,0.0,0.0,0.0
1751184000000,621139.6924707225,621139.6924707225,0,0.0,0.0,0.0,0.0
1751198400000,621139.6924707225,621139.6924707225,0,0.0,0.0,0.0,0.0
1751212800000,621139.6924707225,621139.6924707225,0,0.0,0.0,0.0,0.0
1751227200000,621139.6924707225,621139.6924707225,0,0.0,0.0,0.0,0.0
1751241600000,621139.6924707225,621139.6924707225,0,0.0,0.0,0.0,0.0
1751256000000,621139.6924707225,621139.6924707225,0,0.0,0.0,0.0,0.0
1751270400000,621139.6924707225,621139.6924707225,0,0.0,0.0,0.0,0.0
1751284800000,621139.6924707225,621139.6924707225,0,0.0,0.0,0.0,0.0
1751299200000,621139.6924707225,621139.6924707225,0,0.0,0.0,0.0,0.0
1751313600000,621139.6924707225,621139.6924707225,0,0.0,0.0,0.0,0.0
1751328000000,621139.6924707225,621139.6924707225,0,0.0,0.0,0.0,0.0
1751342400000,621139.6924707225,621139.6924707225,0,0.0,0.0,0.0,0.0
1751356800000,621139.6924707225,621139.6924707225,0,0.0,0.0,0.0,0.0
1751371200000,621139.6924707225,621139.6924707225,0,0.0,0.0,0.0,0.0
1751385600000,621139.6924707225,621139.6924707225,0,0.0,0.0,0.0,0.0
1751400000000,627024.4302578878,621139.6924707225,2,633578.0442385292,12422.123396507552,12422.123396507552,633578.0442385292
1751414400000,622441.9209937477,621139.6924707225,3,2204456.539120063,24962.964846838873,24962.964846838873,2204456.539120063
1751428800000,607832.3340653281,608262.9450363956,2,639893.3929967621,12422.123396507552,12422.123396507552,639893.3929967621
1751443200000,598808.4044289419,601990.1157445275,1,338341.1194746431,6211.396924707225,6211.396924707225,338341.1194746431
1751457600000,595793.7048463554,595793.7048463554,0,0.0,0.0,0.0,0.0
1751472000000,595793.7048463554,595793.7048463554,0,0.0,0.0,0.0,0.0
1751486400000,595793.7048463554,595793.7048463554,0,0.0,0.0,0.0,0.0
1751500800000,595793.7048463554,595793.7048463554,0,0.0,0.0,0.0,0.0
1751515200000,595793.7048463554,595793.7048463554,0,0.0,0.0,0.0,0.0
1751529600000,595793.7048463554,595793.7048463554,0,0.0,0.0,0.0,0.0
1751544000000,595793.7048463554,595793.7048463554,0,0.0,0.0,0.0,0.0
1751558400000,595793.7048463554,595793.7048463554,0,0.0,0.0,0.0,0.0
1751572800000,595793.7048463554,595793.7048463554,0,0.0,0.0,0.0,0.0
1751587200000,595793.7048463554,595793.7048463554,0,0.0,0.0,0.0,0.0
1751601600000,595793.7048463554,595793.7048463554,0,0.0,0.0,0.0,0.0
1751616000000,595793.7048463554,595793.7048463554,0,0.0,0.0,0.0,0.0
1751630400000,595793.7048463554,595793.7048463554,0,0.0,0.0,0.0,0.0
1751644800000,595793.7048463554,595793.7048463554,0,0.0,0.0,0.0,0.0
1751659200000,595793.7048463554,595793.7048463554,0,0.0,0.0,0.0,0.0
1751673600000,595793.7048463554,595793.7048463554,0,0.0,0.0,0.0,0.0
1751688000000,595793.7048463554,595793.7048463554,0,0.0,0.0,0.0,0.0
1751702400000,595793.7048463554,595793.7048463554,0,0.0,0.0,0.0,0.0
1751716800000,595793.7048463554,595793.7048463554,0,0.0,0.0,0.0,0.0
1751731200000,595793.7048463554,595793.7048463554,0,0.0,0.0,0.0,0.0
1751745600000,595793.7048463554,595793.7048463554,0,0.0,0.0,0.0,0.0
1751760000000,595793.7048463554,595793.7048463554,0,0.0,0.0,0.0,0.0
1751774400000,595793.7048463554,595793.7048463554,0,0.0,0.0,0.0,0.0
1751788800000,595793.7048463554,595793.7048463554,0,0.0,0.0,0.0,0.0
1751803200000,595793.7048463554,595793.7048463554,0,0.0,0.0,0.0,0.0
1751817600000,595793.7048463554,595793.7048463554,0,0.0,0.0,0.0,0.0
1751832000000,595793.7048463554,595793.7048463554,0,0.0,0.0,0.0,0.0
1751846400000,595793.7048463554,595793.7048463554,0,0.0,0.0,0.0,0.0
1751860800000,595793.7048463554,595793.7048463554,0,0.0,0.0,0.0,0.0
1751875200000,595793.7048463554,595793.7048463554,0,0.0,0.0,0.0,0.0
1751889600000,595793.7048463554,595793.7048463554,0,0.0,0.0,0.0,0.0
1751904000000,595793.7048463554,595793.7048463554,0,0.0,0.0,0.0,0.0
1751918400000,595793.7048463554,595793.7048463554,0,0.0,0.0,0.0,0.0
1751932800000,595793.7048463554,595793.7048463554,0,0.0,0.0,0.0,0.0
1751947200000,595793.7048463554,595793.7048463554,0,0.0,0.0,0.0,0.0
1751961600000,595793.7048463554,595793.7048463554,0,0.0,0.0,0.0,0.0
1751976000000,595793.7048463554,595793.7048463554,0,0.0,0.0,0.0,0.0
1751990400000,595793.7048463554,595793.7048463554,0,0.0,0.0,0.0,0.0
1752004800000,595793.7048463554,595793.7048463554,0,0.0,0.0,0.0,0.0
1752019200000,595793.7048463554,595793.7048463554,0,0.0,0.0,0.0,0.0
1752033600000,595793.7048463554,595793.7048463554,0,0.0,0.0,0.0,0.0
1752048000000,595793.7048463554,595793.7048463554,0,0.0,0.0,0.0,0.0
1752062400000,595793.7048463554,595793.7048463554,0,0.0,0.0,0.0,0.0
1752076800000,595793.7048463554,595793.7048463554,0,0.0,0.0,0.0,0.0
1752091200000,595793.7048463554,595793.7048463554,0,0.0,0.0,0.0,0.0
1752105600000,595793.7048463554,595793.7048463554,0,0.0,0.0,0.0,0.0
1752120000000,595793.7048463554,595793.7048463554,0,0.0,0.0,0.0,0.0
1752134400000,597346.0373071377,595793.7048463554,1,481746.13988303964,11915.87409692711,0.0,0.0
1752148800000,594481.9363039094,595783.4574566925,2,1434360.9265439908,23862.589895276607,0.0,0.0
1752163200000,594156.448167411,595783.4574566925,2,1434035.4384074926,23862.589895276607,0.0,0.0
1752177600000,619212.0459540173,595757.1372825307,2,1459117.3563682607,23862.589895276607,0.0,0.0
1752192000000,658048.0931526253,595757.1372825307,2,1497953.4035668685,23862.589895276607,0.0,0.0
1752206400000,667792.7843671223,595607.3428067834,2,1507847.889257113,23862.589895276607,0.0,0.0
1752220800000,667862.8712381022,595607.3428067834,2,1507917.9761280927,23862.589895276607,0.0,0.0
1752235200000,671870.5768595531,595486.1277455215,2,1512046.8968108057,23862.589895276607,0.0,0.0
1752249600000,659580.2254468428,595486.1277455215,2,1499756.5453980954,23862.589895276607,0.0,0.0
1752264000000,676315.8973452076,595336.1584189568,2,1516642.1866230248,23862.589895276607,0.0,0.0
1752278400000,666358.8041711191,595336.1584189568,2,1506685.0934489362,23862.589895276607,0.0,0.0
1752292800000,669832.57305307,595185.4861231581,2,1510309.5346266858,23862.589895276607,0.0,0.0
1752307200000,668723.2019311524,595185.4861231581,2,1509200.1635047682,23862.589895276607,0.0,0.0
1752321600000,664409.1188930689,595034.5661068077,2,1505037.000483035,23862.589895276607,0.0,0.0
1752336000000,647728.3547969743,595034.5661068077,2,1488356.2363869408,23862.589895276607,0.0,0.0
1752350400000,651350.1410266072,597074.1651262554,1,1009744.6161748687,11946.715798349496,0.0,0.0
1752364800000,650178.2342381666,597074.1651262554,1,1008572.7093864279,11946.715798349496,0.0,0.0
1752379200000,652845.6200428624,596973.3077693998,1,1011340.9525479793,11946.715798349496,0.0,0.0
1752393600000,654894.7385842343,596973.3077693998,1,1013390.0710893512,11946.715798349496,0.0,0.0
1752408000000,655533.1378027372,596871.9623069294,1,1014129.8157703244,11946.715798349496,0.0,0.0
1752422400000,660469.0648552241,596871.9623069294,1,1019065.7428228114,11946.715798349496,0.0,0.0
1752436800000,663051.2020551646,596770.0549268927,1,1021749.7874027885,11946.715798349496,0.0,0.0
1752451200000,664041.824142461,596770.0549268927,1,1022740.4094900849,11946.715798349496,0.0,0.0
1752465600000,678521.5398231103,596687.7118412061,1,1037302.4682564209,11946.715798349496,0.0,0.0
1752480000000,695686.0220954487,596687.7118412061,1,1054466.9505287593,11946.715798349496,0.0,0.0
1752494400000,684785.1260498757,596582.2767903239,1,1043671.4895340686,11946.715798349496,0.0,0.0
1752508800000,670940.4735653198,596582.2767903239,1,1029826.8370495127,11946.715798349496,0.0,0.0
1752523200000,671326.3543152806,596479.2902656345,1,1030315.7043241627,11946.715798349496,0.0,0.0
1752537600000,670437.1141935531,596479.2902656345,1,1029426.4642024353,11946.715798349496,0.0,0.0
1752552000000,647933.0512604312,596376.3458772457,1,1007025.3456577022,11946.715798349496,0.0,0.0
1752566400000,647731.6461912997,647731.6461912997,0,0.0,0.0,0.0,0.0
1752580800000,647731.6461912997,647731.6461912997,0,0.0,0.0,0.0,0.0
1752595200000,647731.6461912997,647731.6461912997,0,0.0,0.0,0.0,0.0
1752609600000,647731.6461912997,647731.6461912997,0,0.0,0.0,0.0,0.0
1752624000000,647731.6461912997,647731.6461912997,0,0.0,0.0,0.0,0.0
1752638400000,647731.6461912997,647731.6461912997,0,0.0,0.0,0.0,0.0
1752652800000,647731.6461912997,647731.6461912997,0,0.0,0.0,0.0,0.0
1752667200000,647731.6461912997,647731.6461912997,0,0.0,0.0,0.0,0.0
1752681600000,647731.6461912997,647731.6461912997,0,0.0,0.0,0.0,0.0
1752696000000,647731.6461912997,647731.6461912997,0,0.0,0.0,0.0,0.0
1752710400000,647731.6461912997,647731.6461912997,0,0.0,0.0,0.0,0.0
1752724800000,647731.6461912997,647731.6461912997,0,0.0,0.0,0.0,0.0
1752739200000,647731.6461912997,647731.6461912997,0,0.0,0.0,0.0,0.0
1752753600000,647731.6461912997,647731.6461912997,0,0.0,0.0,0.0,0.0
1752768000000,647731.6461912997,647731.6461912997,0,0.0,0.0,0.0,0.0
1752782400000,647731.6461912997,647731.6461912997,0,0.0,0.0,0.0,0.0
1752796800000,647731.6461912997,647731.6461912997,0,0.0,0.0,0.0,0.0
1752811200000,647731.6461912997,647731.6461912997,0,0.0,0.0,0.0,0.0
1752825600000,647731.6461912997,647731.6461912997,0,0.0,0.0,0.0,0.0
1752840000000,647731.6461912997,647731.6461912997,0,0.0,0.0,0.0,0.0
1752854400000,647731.6461912997,647731.6461912997,0,0.0,0.0,0.0,0.0
1752868800000,647731.6461912997,647731.6461912997,0,0.0,0.0,0.0,0.0
1752883200000,647731.6461912997,647731.6461912997,0,0.0,0.0,0.0,0.0
1752897600000,647731.6461912997,647731.6461912997,0,0.0,0.0,0.0,0.0
1752912000000,647731.6461912997,647731.6461912997,0,0.0,0.0,0.0,0.0
1752926400000,647731.6461912997,647731.6461912997,0,0.0,0.0,0.0,0.0
1752940800000,647731.6461912997,647731.6461912997,0,0.0,0.0,0.0,0.0
1752955200000,647731.6461912997,647731.6461912997,0,0.0,0.0,0.0,0.0
1752969600000,647731.6461912997,647731.6461912997,0,0.0,0.0,0.0,0.0
1752984000000,647731.6461912997,647731.6461912997,0,0.0,0.0,0.0,0.0
1752998400000,647731.6461912997,647731.6461912997,0,0.0,0.0,0.0,0.0
1753012800000,647731.6461912997,647731.6461912997,0,0.0,0.0,0.0,0.0
1753027200000,647731.6461912997,647731.6461912997,0,0.0,0.0,0.0,0.0
1753041600000,647731.6461912997,647731.6461912997,0,0.0,0.0,0.0,0.0
1753056000000,647731.6461912997,647731.6461912997,0,0.0,0.0,0.0,0.0
1753070400000,647731.6461912997,647731.6461912997,0,0.0,0.0,0.0,0.0
1753084800000,647731.6461912997,647731.6461912997,0,0.0,0.0,0.0,0.0
1753099200000,647731.6461912997,647731.6461912997,0,0.0,0.0,0.0,0.0
1753113600000,647731.6461912997,647731.6461912997,0,0.0,0.0,0.0,0.0
1753128000000,647731.6461912997,647731.6461912997,0,0.0,0.0,0.0,0.0
1753142400000,647731.6461912997,647731.6461912997,0,0.0,0.0,0.0,0.0
1753156800000,647731.6461912997,647731.6461912997,0,0.0,0.0,0.0,0.0
1753171200000,647731.6461912997,647731.6461912997,0,0.0,0.0,0.0,0.0
1753185600000,647731.6461912997,647731.6461912997,0,0.0,0.0,0.0,0.0
1753200000000,647731.6461912997,647731.6461912997,0,0.0,0.0,0.0,0.0
1753214400000,647731.6461912997,647731.6461912997,0,0.0,0.0,0.0,0.0
1753228800000,647731.6461912997,647731.6461912997,0,0.0,0.0,0.0,0.0
1753243200000,647731.6461912997,647731.6461912997,0,0.0,0.0,0.0,0.0
1753257600000,647731.6461912997,647731.6461912997,0,0.0,0.0,0.0,0.0
1753272000000,647731.6461912997,647731.6461912997,0,0.0,0.0,0.0,0.0
1753286400000,647731.6461912997,647731.6461912997,0,0.0,0.0,0.0,0.0
1753300800000,647731.6461912997,647731.6461912997,0,0.0,0.0,0.0,0.0
1753315200000,647731.6461912997,647731.6461912997,0,0.0,0.0,0.0,0.0
1753329600000,647731.6461912997,647731.6461912997,0,0.0,0.0,0.0,0.0
1753344000000,647731.6461912997,647731.6461912997,0,0.0,0.0,0.0,0.0
1753358400000,647731.6461912997,647731.6461912997,0,0.0,0.0,0.0,0.0
1753372800000,647731.6461912997,647731.6461912997,0,0.0,0.0,0.0,0.0
1753387200000,647731.6461912997,647731.6461912997,0,0.0,0.0,0.0,0.0
1753401600000,647731.6461912997,647731.6461912997,0,0.0,0.0,0.0,0.0
1753416000000,647731.6461912997,647731.6461912997,0,0.0,0.0,0.0,0.0
1753430400000,647731.6461912997,647731.6461912997,0,0.0,0.0,0.0,0.0
1753444800000,647731.6461912997,647731.6461912997,0,0.0,0.0,0.0,0.0
1753459200000,647731.6461912997,647731.6461912997,0,0.0,0.0,0.0,0.0
1753473600000,647731.6461912997,647731.6461912997,0,0.0,0.0,0.0,0.0
1753488000000,647731.6461912997,647731.6461912997,0,0.0,0.0,0.0,0.0
1753502400000,647731.6461912997,647731.6461912997,0,0.0,0.0,0.0,0.0
1753516800000,647731.6461912997,647731.6461912997,0,0.0,0.0,0.0,0.0
1753531200000,647731.6461912997,647731.6461912997,0,0.0,0.0,0.0,0.0
1753545600000,647731.6461912997,647731.6461912997,0,0.0,0.0,0.0,0.0
1753560000000,647731.6461912997,647731.6461912997,0,0.0,0.0,0.0,0.0
1753574400000,647731.6461912997,647731.6461912997,0,0.0,0.0,0.0,0.0
1753588800000,647731.6461912997,647731.6461912997,0,0.0,0.0,0.0,0.0
1753603200000,647731.6461912997,647731.6461912997,0,0.0,0.0,0.0,0.0
1753617600000,647731.6461912997,647731.6461912997,0,0.0,0.0,0.0,0.0
1753632000000,647731.6461912997,647731.6461912997,0,0.0,0.0,0.0,0.0
1753646400000,647731.6461912997,647731.6461912997,0,0.0,0.0,0.0,0.0
1753660800000,647731.6461912997,647731.6461912997,0,0.0,0.0,0.0,0.0
1753675200000,647731.6461912997,647731.6461912997,0,0.0,0.0,0.0,0.0
1753689600000,647731.6461912997,647731.6461912997,0,0.0,0.0,0.0,0.0
1753704000000,647731.6461912997,647731.6461912997,0,0.0,0.0,0.0,0.0
1753718400000,647731.6461912997,647731.6461912997,0,0.0,0.0,0.0,0.0
1753732800000,647731.6461912997,647731.6461912997,0,0.0,0.0,0.0,0.0
1753747200000,647731.6461912997,647731.6461912997,0,0.0,0.0,0.0,0.0
1753761600000,647731.6461912997,647731.6461912997,0,0.0,0.0,0.0,0.0
1753776000000,647731.6461912997,647731.6461912997,0,0.0,0.0,0.0,0.0
1753790400000,647731.6461912997,647731.6461912997,0,0.0,0.0,0.0,0.0
1753804800000,647731.6461912997,647731.6461912997,0,0.0,0.0,0.0,0.0
1753819200000,647731.6461912997,647731.6461912997,0,0.0,0.0,0.0,0.0
1753833600000,647731.6461912997,647731.6461912997,0,0.0,0.0,0.0,0.0
1753848000000,647731.6461912997,647731.6461912997,0,0.0,0.0,0.0,0.0
1753862400000,647731.6461912997,647731.6461912997,0,0.0,0.0,0.0,0.0
1753876800000,647731.6461912997,647731.6461912997,0,0.0,0.0,0.0,0.0
1753891200000,647731.6461912997,647731.6461912997,0,0.0,0.0,0.0,0.0
1753905600000,647731.6461912997,647731.6461912997,0,0.0,0.0,0.0,0.0
1753920000000,647731.6461912997,647731.6461912997,0,0.0,0.0,0.0,0.0
1753934400000,647731.6461912997,647731.6461912997,0,0.0,0.0,0.0,0.0
1753948800000,647731.6461912997,647731.6461912997,0,0.0,0.0,0.0,0.0
1753963200000,647731.6461912997,647731.6461912997,0,0.0,0.0,0.0,0.0
1753977600000,647731.6461912997,647731.6461912997,0,0.0,0.0,0.0,0.0
1753992000000,647731.6461912997,647731.6461912997,0,0.0,0.0,0.0,0.0
1754006400000,647731.6461912997,647731.6461912997,0,0.0,0.0,0.0,0.0
1754020800000,647731.6461912997,647731.6461912997,0,0.0,0.0,0.0,0.0
1754035200000,647731.6461912997,647731.6461912997,0,0.0,0.0,0.0,0.0
1754049600000,647731.6461912997,647731.6461912997,0,0.0,0.0,0.0,0.0
1754064000000,647731.6461912997,647731.6461912997,0,0.0,0.0,0.0,0.0
1754078400000,647731.6461912997,647731.6461912997,0,0.0,0.0,0.0,0.0
1754092800000,647731.6461912997,647731.6461912997,0,0.0,0.0,0.0,0.0
1754107200000,647731.6461912997,647731.6461912997,0,0.0,0.0,0.0,0.0
1754121600000,647731.6461912997,647731.6461912997,0,0.0,0.0,0.0,0.0
1754136000000,647731.6461912997,647731.6461912997,0,0.0,0.0,0.0,0.0
1754150400000,647731.6461912997,647731.6461912997,0,0.0,0.0,0.0,0.0
1754164800000,647731.6461912997,647731.6461912997,0,0.0,0.0,0.0,0.0
1754179200000,647731.6461912997,647731.6461912997,0,0.0,0.0,0.0,0.0
1754193600000,647731.6461912997,647731.6461912997,0,0.0,0.0,0.0,0.0
1754208000000,647731.6461912997,647731.6461912997,0,0.0,0.0,0.0,0.0
1754222400000,647731.6461912997,647731.6461912997,0,0.0,0.0,0.0,0.0
1754236800000,647731.6461912997,647731.6461912997,0,0.0,0.0,0.0,0.0
1754251200000,647731.6461912997,647731.6461912997,0,0.0,0.0,0.0,0.0
1754265600000,647731.6461912997,647731.6461912997,0,0.0,0.0,0.0,0.0
1754280000000,647731.6461912997,647731.6461912997,0,0.0,0.0,0.0,0.0
1754294400000,647731.6461912997,647731.6461912997,0,0.0,0.0,0.0,0.0
1754308800000,647731.6461912997,647731.6461912997,0,0.0,0.0,0.0,0.0
1754323200000,647731.6461912997,647731.6461912997,0,0.0,0.0,0.0,0.0
1754337600000,647731.6461912997,647731.6461912997,0,0.0,0.0,0.0,0.0
1754352000000,647731.6461912997,647731.6461912997,0,0.0,0.0,0.0,0.0
1754366400000,647731.6461912997,647731.6461912997,0,0.0,0.0,0.0,0.0
1754380800000,647731.6461912997,647731.6461912997,0,0.0,0.0,0.0,0.0
1754395200000,647731.6461912997,647731.6461912997,0,0.0,0.0,0.0,0.0
1754409600000,647731.6461912997,647731.6461912997,0,0.0,0.0,0.0,0.0
1754424000000,647731.6461912997,647731.6461912997,0,0.0,0.0,0.0,0.0
1754438400000,647731.6461912997,647731.6461912997,0,0.0,0.0,0.0,0.0
1754452800000,647731.6461912997,647731.6461912997,0,0.0,0.0,0.0,0.0
1754467200000,647731.6461912997,647731.6461912997,0,0.0,0.0,0.0,0.0
1754481600000,647731.6461912997,647731.6461912997,0,0.0,0.0,0.0,0.0
1754496000000,647731.6461912997,647731.6461912997,0,0.0,0.0,0.0,0.0
1754510400000,647731.6461912997,647731.6461912997,0,0.0,0.0,0.0,0.0
1754524800000,647731.6461912997,647731.6461912997,0,0.0,0.0,0.0,0.0
1754539200000,647731.6461912997,647731.6461912997,0,0.0,0.0,0.0,0.0
1754553600000,647731.6461912997,647731.6461912997,0,0.0,0.0,0.0,0.0
1754568000000,647731.6461912997,647731.6461912997,0,0.0,0.0,0.0,0.0
1754582400000,647731.6461912997,647731.6461912997,0,0.0,0.0,0.0,0.0
1754596800000,647731.6461912997,647731.6461912997,0,0.0,0.0,0.0,0.0
1754611200000,647731.6461912997,647731.6461912997,0,0.0,0.0,0.0,0.0
1754625600000,647731.6461912997,647731.6461912997,0,0.0,0.0,0.0,0.0
1754640000000,647731.6461912997,647731.6461912997,0,0.0,0.0,0.0,0.0
1754654400000,647731.6461912997,647731.6461912997,0,0.0,0.0,0.0,0.0
1754668800000,647731.6461912997,647731.6461912997,0,0.0,0.0,0.0,0.0
1754683200000,647731.6461912997,647731.6461912997,0,0.0,0.0,0.0,0.0
1754697600000,647731.6461912997,647731.6461912997,0,0.0,0.0,0.0,0.0
1754712000000,647731.6461912997,647731.6461912997,0,0.0,0.0,0.0,0.0
1754726400000,647731.6461912997,647731.6461912997,0,0.0,0.0,0.0,0.0
1754740800000,647731.6461912997,647731.6461912997,0,0.0,0.0,0.0,0.0
1754755200000,647731.6461912997,647731.6461912997,0,0.0,0.0,0.0,0.0
1754769600000,647731.6461912997,647731.6461912997,0,0.0,0.0,0.0,0.0
1754784000000,647731.6461912997,647731.6461912997,0,0.0,0.0,0.0,0.0
1754798400000,647731.6461912997,647731.6461912997,0,0.0,0.0,0.0,0.0
1754812800000,647731.6461912997,647731.6461912997,0,0.0,0.0,0.0,0.0
1754827200000,647731.6461912997,647731.6461912997,0,0.0,0.0,0.0,0.0
1754841600000,647731.6461912997,647731.6461912997,0,0.0,0.0,0.0,0.0
1754856000000,647731.6461912997,647731.6461912997,0,0.0,0.0,0.0,0.0
1754870400000,647731.6461912997,647731.6461912997,0,0.0,0.0,0.0,0.0
1754884800000,647731.6461912997,647731.6461912997,0,0.0,0.0,0.0,0.0
1754899200000,647731.6461912997,647731.6461912997,0,0.0,0.0,0.0,0.0
1754913600000,647731.6461912997,647731.6461912997,0,0.0,0.0,0.0,0.0
1754928000000,647731.6461912997,647731.6461912997,0,0.0,0.0,0.0,0.0
1754942400000,647731.6461912997,647731.6461912997,0,0.0,0.0,0.0,0.0
1754956800000,647731.6461912997,647731.6461912997,0,0.0,0.0,0.0,0.0
1754971200000,647731.6461912997,647731.6461912997,0,0.0,0.0,0.0,0.0
1754985600000,647731.6461912997,647731.6461912997,0,0.0,0.0,0.0,0.0
1755000000000,647731.6461912997,647731.6461912997,0,0.0,0.0,0.0,0.0
1755014400000,647731.6461912997,647731.6461912997,0,0.0,0.0,0.0,0.0
1755028800000,647731.6461912997,647731.6461912997,0,0.0,0.0,0.0,0.0
1755043200000,647731.6461912997,647731.6461912997,0,0.0,0.0,0.0,0.0
1755057600000,647731.6461912997,647731.6461912997,0,0.0,0.0,0.0,0.0
1755072000000,647731.6461912997,647731.6461912997,0,0.0,0.0,0.0,0.0
1755086400000,647731.6461912997,647731.6461912997,0,0.0,0.0,0.0,0.0
1755100800000,647731.6461912997,647731.6461912997,0,0.0,0.0,0.0,0.0
1755115200000,647731.6461912997,647731.6461912997,0,0.0,0.0,0.0,0.0
1755129600000,647731.6461912997,647731.6461912997,0,0.0,0.0,0.0,0.0
1755144000000,647731.6461912997,647731.6461912997,0,0.0,0.0,0.0,0.0
1755158400000,647731.6461912997,647731.6461912997,0,0.0,0.0,0.0,0.0
1755172800000,647731.6461912997,647731.6461912997,0,0.0,0.0,0.0,0.0
1755187200000,647731.6461912997,647731.6461912997,0,0.0,0.0,0.0,0.0
1755201600000,647731.6461912997,647731.6461912997,0,0.0,0.0,0.0,0.0
1755216000000,647731.6461912997,647731.6461912997,0,0.0,0.0,0.0,0.0
1755230400000,647731.6461912997,647731.6461912997,0,0.0,0.0,0.0,0.0
1755244800000,647731.6461912997,647731.6461912997,0,0.0,0.0,0.0,0.0
1755259200000,647731.6461912997,647731.6461912997,0,0.0,0.0,0.0,0.0
1755273600000,647731.6461912997,647731.6461912997,0,0.0,0.0,0.0,0.0
1755288000000,647731.6461912997,647731.6461912997,0,0.0,0.0,0.0,0.0
1755302400000,647731.6461912997,647731.6461912997,0,0.0,0.0,0.0,0.0
1755316800000,647731.6461912997,647731.6461912997,0,0.0,0.0,0.0,0.0
1755331200000,647731.6461912997,647731.6461912997,0,0.0,0.0,0.0,0.0
1755345600000,647731.6461912997,647731.6461912997,0,0.0,0.0,0.0,0.0
1755360000000,647731.6461912997,647731.6461912997,0,0.0,0.0,0.0,0.0
1755374400000,647731.6461912997,647731.6461912997,0,0.0,0.0,0.0,0.0
1755388800000,647731.6461912997,647731.6461912997,0,0.0,0.0,0.0,0.0
1755403200000,647731.6461912997,647731.6461912997,0,0.0,0.0,0.0,0.0
1755417600000,647731.6461912997,647731.6461912997,0,0.0,0.0,0.0,0.0
1755432000000,647731.6461912997,647731.6461912997,0,0.0,0.0,0.0,0.0
1755446400000,647731.6461912997,647731.6461912997,0,0.0,0.0,0.0,0.0
1755460800000,647731.6461912997,647731.6461912997,0,0.0,0.0,0.0,0.0
1755475200000,647731.6461912997,647731.6461912997,0,0.0,0.0,0.0,0.0
1755489600000,647731.6461912997,647731.6461912997,0,0.0,0.0,0.0,0.0
1755504000000,647731.6461912997,647731.6461912997,0,0.0,0.0,0.0,0.0
1755518400000,647731.6461912997,647731.6461912997,0,0.0,0.0,0.0,0.0
1755532800000,647731.6461912997,647731.6461912997,0,0.0,0.0,0.0,0.0
1755547200000,647731.6461912997,647731.6461912997,0,0.0,0.0,0.0,0.0
1755561600000,647731.6461912997,647731.6461912997,0,0.0,0.0,0.0,0.0
1755576000000,647731.6461912997,647731.6461912997,0,0.0,0.0,0.0,0.0
1755590400000,647731.6461912997,647731.6461912997,0,0.0,0.0,0.0,0.0
1755604800000,647731.6461912997,647731.6461912997,0,0.0,0.0,0.0,0.0
1755619200000,647731.6461912997,647731.6461912997,0,0.0,0.0,0.0,0.0
1755633600000,647731.6461912997,647731.6461912997,0,0.0,0.0,0.0,0.0
1755648000000,647731.6461912997,647731.6461912997,0,0.0,0.0,0.0,0.0
1755662400000,647731.6461912997,647731.6461912997,0,0.0,0.0,0.0,0.0
1755676800000,647731.6461912997,647731.6461912997,0,0.0,0.0,0.0,0.0
1755691200000,647731.6461912997,647731.6461912997,0,0.0,0.0,0.0,0.0
1755705600000,647731.6461912997,647731.6461912997,0,0.0,0.0,0.0,0.0
1755720000000,647731.6461912997,647731.6461912997,0,0.0,0.0,0.0,0.0
1755734400000,647731.6461912997,647731.6461912997,0,0.0,0.0,0.0,0.0
1755748800000,647731.6461912997,647731.6461912997,0,0.0,0.0,0.0,0.0
1755763200000,647731.6461912997,647731.6461912997,0,0.0,0.0,0.0,0.0
1755777600000,647731.6461912997,647731.6461912997,0,0.0,0.0,0.0,0.0
1755792000000,647731.6461912997,647731.6461912997,0,0.0,0.0,0.0,0.0
1755806400000,647731.6461912997,647731.6461912997,0,0.0,0.0,0.0,0.0
1755820800000,647731.6461912997,647731.6461912997,0,0.0,0.0,0.0,0.0
1755835200000,647731.6461912997,647731.6461912997,0,0.0,0.0,0.0,0.0
1755849600000,647731.6461912997,647731.6461912997,0,0.0,0.0,0.0,0.0
1755864000000,647731.6461912997,647731.6461912997,0,0.0,0.0,0.0,0.0
1755878400000,647731.6461912997,647731.6461912997,0,0.0,0.0,0.0,0.0
1755892800000,647731.6461912997,647731.6461912997,0,0.0,0.0,0.0,0.0
1755907200000,647731.6461912997,647731.6461912997,0,0.0,0.0,0.0,0.0
1755921600000,647731.6461912997,647731.6461912997,0,0.0,0.0,0.0,0.0
1755936000000,647731.6461912997,647731.6461912997,0,0.0,0.0,0.0,0.0
1755950400000,647731.6461912997,647731.6461912997,0,0.0,0.0,0.0,0.0
1755964800000,647731.6461912997,647731.6461912997,0,0.0,0.0,0.0,0.0
1755979200000,647731.6461912997,647731.6461912997,0,0.0,0.0,0.0,0.0
1755993600000,647731.6461912997,647731.6461912997,0,0.0,0.0,0.0,0.0
1756008000000,647731.6461912997,647731.6461912997,0,0.0,0.0,0.0,0.0
1756022400000,647731.6461912997,647731.6461912997,0,0.0,0.0,0.0,0.0
1756036800000,647731.6461912997,647731.6461912997,0,0.0,0.0,0.0,0.0
1756051200000,647731.6461912997,647731.6461912997,0,0.0,0.0,0.0,0.0
1756065600000,647731.6461912997,647731.6461912997,0,0.0,0.0,0.0,0.0
1756080000000,647731.6461912997,647731.6461912997,0,0.0,0.0,0.0,0.0
1756094400000,647731.6461912997,647731.6461912997,0,0.0,0.0,0.0,0.0
1756108800000,647731.6461912997,647731.6461912997,0,0.0,0.0,0.0,0.0
1756123200000,647731.6461912997,647731.6461912997,0,0.0,0.0,0.0,0.0
1756137600000,647731.6461912997,647731.6461912997,0,0.0,0.0,0.0,0.0
1756152000000,647731.6461912997,647731.6461912997,0,0.0,0.0,0.0,0.0
1756166400000,647731.6461912997,647731.6461912997,0,0.0,0.0,0.0,0.0
1756180800000,647731.6461912997,647731.6461912997,0,0.0,0.0,0.0,0.0
1756195200000,647731.6461912997,647731.6461912997,0,0.0,0.0,0.0,0.0
1756209600000,647731.6461912997,647731.6461912997,0,0.0,0.0,0.0,0.0
1756224000000,647731.6461912997,647731.6461912997,0,0.0,0.0,0.0,0.0
1756238400000,647731.6461912997,647731.6461912997,0,0.0,0.0,0.0,0.0
1756252800000,647731.6461912997,647731.6461912997,0,0.0,0.0,0.0,0.0
1756267200000,647731.6461912997,647731.6461912997,0,0.0,0.0,0.0,0.0
1756281600000,647731.6461912997,647731.6461912997,0,0.0,0.0,0.0,0.0
1756296000000,647731.6461912997,647731.6461912997,0,0.0,0.0,0.0,0.0
1756310400000,647731.6461912997,647731.6461912997,0,0.0,0.0,0.0,0.0
1756324800000,647731.6461912997,647731.6461912997,0,0.0,0.0,0.0,0.0
1756339200000,647731.6461912997,647731.6461912997,0,0.0,0.0,0.0,0.0
1756353600000,647731.6461912997,647731.6461912997,0,0.0,0.0,0.0,0.0
1756368000000,647731.6461912997,647731.6461912997,0,0.0,0.0,0.0,0.0
1756382400000,647731.6461912997,647731.6461912997,0,0.0,0.0,0.0,0.0
1756396800000,647731.6461912997,647731.6461912997,0,0.0,0.0,0.0,0.0
1756411200000,647731.6461912997,647731.6461912997,0,0.0,0.0,0.0,0.0
1756425600000,647731.6461912997,647731.6461912997,0,0.0,0.0,0.0,0.0
1756440000000,647731.6461912997,647731.6461912997,0,0.0,0.0,0.0,0.0
1756454400000,647731.6461912997,647731.6461912997,0,0.0,0.0,0.0,0.0
1756468800000,647731.6461912997,647731.6461912997,0,0.0,0.0,0.0,0.0
1756483200000,647731.6461912997,647731.6461912997,0,0.0,0.0,0.0,0.0
1756497600000,652315.3641132173,647731.6461912997,1,633926.1101549511,12954.632923825993,12954.632923825993,633926.1101549511
1756512000000,651007.8816485474,647731.6461912997,1,635233.5926196212,12954.632923825993,12954.632923825993,635233.5926196212
1756526400000,652438.5574058957,647719.582677288,1,633790.8533482611,12954.632923825993,12954.632923825993,633790.8533482611
1756540800000,648177.9679951605,647719.582677288,1,638051.4427589964,12954.632923825993,12954.632923825993,638051.4427589964
1756555200000,653136.7393648613,647741.4806028035,1,633114.569314811,12954.632923825993,12954.632923825993,633114.569314811
1756569600000,653858.1090005414,647741.4806028035,1,632393.199679131,12954.632923825993,12954.632923825993,632393.199679131
1756584000000,652997.8079607601,647737.8060053923,1,633249.826121501,12954.632923825993,12954.632923825993,633249.826121501
1756598400000,651284.55507602,647737.8060053923,1,634963.0790062412,12954.632923825993,12954.632923825993,634963.0790062412
1756612800000,642565.5696501965,642565.5696501965,0,0.0,0.0,0.0,0.0
1756627200000,642565.5696501965,642565.5696501965,0,0.0,0.0,0.0,0.0
1756641600000,642565.5696501965,642565.5696501965,0,0.0,0.0,0.0,0.0
1756656000000,642565.5696501965,642565.5696501965,0,0.0,0.0,0.0,0.0
1756670400000,642565.5696501965,642565.5696501965,0,0.0,0.0,0.0,0.0
1756684800000,642565.5696501965,642565.5696501965,0,0.0,0.0,0.0,0.0
1756699200000,642565.5696501965,642565.5696501965,0,0.0,0.0,0.0,0.0
1756713600000,642565.5696501965,642565.5696501965,0,0.0,0.0,0.0,0.0
1756728000000,642565.5696501965,642565.5696501965,0,0.0,0.0,0.0,0.0
1756742400000,642565.5696501965,642565.5696501965,0,0.0,0.0,0.0,0.0
1756756800000,642565.5696501965,642565.5696501965,0,0.0,0.0,0.0,0.0
1756771200000,642565.5696501965,642565.5696501965,0,0.0,0.0,0.0,0.0
1756785600000,642565.5696501965,642565.5696501965,0,0.0,0.0,0.0,0.0
1756800000000,642565.5696501965,642565.5696501965,0,0.0,0.0,0.0,0.0
1756814400000,642565.5696501965,642565.5696501965,0,0.0,0.0,0.0,0.0
1756828800000,642565.5696501965,642565.5696501965,0,0.0,0.0,0.0,0.0
1756843200000,642565.5696501965,642565.5696501965,0,0.0,0.0,0.0,0.0
1756857600000,642565.5696501965,642565.5696501965,0,0.0,0.0,0.0,0.0
1756872000000,642565.5696501965,642565.5696501965,0,0.0,0.0,0.0,0.0
1756886400000,642565.5696501965,642565.5696501965,0,0.0,0.0,0.0,0.0
1756900800000,642565.5696501965,642565.5696501965,0,0.0,0.0,0.0,0.0
1756915200000,644293.8319243499,642565.5696501965,1,377220.6468326524,12851.311393003927,0.0,0.0
1756929600000,642541.1804950773,642562.6992305135,1,375470.8658230628,12851.311393003927,0.0,0.0
1756944000000,643183.9571924775,642562.6992305135,1,376113.64252046304,12851.311393003927,0.0,0.0
1756958400000,638619.3944013811,642551.1380460024,1,371560.6409138778,12851.311393003927,0.0,0.0
1756972800000,635851.8836209078,642551.1380460024,1,368793.13013340445,12851.311393003927,0.0,0.0
1756987200000,636844.891948946,642526.416603157,1,369810.8599042882,12851.311393003927,0.0,0.0
1757001600000,630756.3682319047,642526.416603157,1,363722.3361872468,12851.311393003927,0.0,0.0
1757016000000,630605.7330913146,630605.7330913146,0,0.0,0.0,0.0,0.0
1757030400000,630605.7330913146,630605.7330913146,0,0.0,0.0,0.0,0.0
1757044800000,630605.7330913146,630605.7330913146,0,0.0,0.0,0.0,0.0
1757059200000,630605.7330913146,630605.7330913146,0,0.0,0.0,0.0,0.0
1757073600000,630605.7330913146,630605.7330913146,0,0.0,0.0,0.0,0.0
1757088000000,630605.7330913146,630605.7330913146,0,0.0,0.0,0.0,0.0
1757102400000,630605.7330913146,630605.7330913146,0,0.0,0.0,0.0,0.0
1757116800000,630605.7330913146,630605.7330913146,0,0.0,0.0,0.0,0.0
1757131200000,630605.7330913146,630605.7330913146,0,0.0,0.0,0.0,0.0
1757145600000,630605.7330913146,630605.7330913146,0,0.0,0.0,0.0,0.0
1757160000000,630605.7330913146,630605.7330913146,0,0.0,0.0,0.0,0.0
1757174400000,630605.7330913146,630605.7330913146,0,0.0,0.0,0.0,0.0
1757188800000,630605.7330913146,630605.7330913146,0,0.0,0.0,0.0,0.0
1757203200000,630605.7330913146,630605.7330913146,0,0.0,0.0,0.0,0.0
1757217600000,630605.7330913146,630605.7330913146,0,0.0,0.0,0.0,0.0
1757232000000,630605.7330913146,630605.7330913146,0,0.0,0.0,0.0,0.0
1757246400000,630605.7330913146,630605.7330913146,0,0.0,0.0,0.0,0.0
1757260800000,630605.7330913146,630605.7330913146,0,0.0,0.0,0.0,0.0
1757275200000,630605.7330913146,630605.7330913146,0,0.0,0.0,0.0,0.0
1757289600000,630605.7330913146,630605.7330913146,0,0.0,0.0,0.0,0.0
1757304000000,630605.7330913146,630605.7330913146,0,0.0,0.0,0.0,0.0
1757318400000,630605.7330913146,630605.7330913146,0,0.0,0.0,0.0,0.0
1757332800000,630605.7330913146,630605.7330913146,0,0.0,0.0,0.0,0.0
1757347200000,630605.7330913146,630605.7330913146,0,0.0,0.0,0.0,0.0
1757361600000,630605.7330913146,630605.7330913146,0,0.0,0.0,0.0,0.0
1757376000000,630605.7330913146,630605.7330913146,0,0.0,0.0,0.0,0.0
1757390400000,630605.7330913146,630605.7330913146,0,0.0,0.0,0.0,0.0
1757404800000,641516.174354559,630605.7330913146,1,516861.92778948956,12612.114661826292,0.0,0.0
1757419200000,636725.0201566406,630554.0518626337,1,512122.454820252,12612.114661826292,0.0,0.0
1757433600000,626798.0643355012,630554.0518626337,1,502195.49899911263,12612.114661826292,0.0,0.0
1757448000000,634481.9120634007,630503.8342476978,1,509929.5643419481,12612.114661826292,0.0,0.0
1757462400000,636486.1668016356,630503.8342476978,1,511933.8190801829,12612.114661826292,0.0,0.0
1757476800000,641230.7025921457,630485.3176014617,1,516696.87151692907,12612.114661826292,0.0,0.0
1757491200000,648351.7017797563,630485.3176014617,1,523817.87070453976,12612.114661826292,0.0,0.0
1757505600000,643583.4288489036,630432.938172338,1,519101.9772028108,12612.114661826292,0.0,0.0
1757520000000,650421.4744264106,630432.938172338,1,525940.0227803178,12612.114661826292,0.0,0.0
1757534400000,645865.2044879282,630380.3465280067,1,521436.3444861666,12612.114661826292,0.0,0.0
1757548800000,652467.4553903487,630380.3465280067,1,528038.5953885871,12612.114661826292,0.0,0.0
1757563200000,652677.0961278388,630354.1925904104,1,528274.3900636735,12612.114661826292,0.0,0.0
1757577600000,650413.4672470089,630354.1925904104,1,526010.7611828437,12612.114661826292,0.0,0.0
1757592000000,654809.7167002488,630364.6610870423,1,530396.5421394516,12612.114661826292,0.0,0.0
1757606400000,658936.1235142616,630364.6610870423,1,534522.9489534644,12612.114661826292,0.0,0.0
1757620800000,658460.9837786717,630313.951766608,1,534098.5185383088,12612.114661826292,0.0,0.0
1757635200000,668153.6918924621,630313.951766608,2,1164527.9432836515,25781.334337399727,0.0,0.0
1757649600000,689608.5062987964,630282.2945529412,2,1186014.4149036524,25781.334337399727,0.0,0.0
1757664000000,697924.3689639759,630282.2945529412,2,1194330.277568832,25781.334337399727,0.0,0.0
1757678400000,701367.4777097871,630216.177871245,2,1197839.5029963395,25781.334337399727,0.0,0.0
1757692800000,704692.9133726787,630216.177871245,2,1201164.9386592312,25781.334337399727,0.0,0.0
1757707200000,724819.3393874214,630148.4079841198,2,1221359.134561099,25781.334337399727,0.0,0.0
1757721600000,735343.452260861,630148.4079841198,2,1231883.2474345386,25781.334337399727,0.0,0.0
1757736000000,744779.3907583462,630072.541908547,2,1241395.0520075965,25781.334337399727,0.0,0.0
1757750400000,735744.2497266694,630072.541908547,2,1232359.9109759198,25781.334337399727,0.0,0.0
1757764800000,735492.8888143623,629971.513459525,2,1232209.5785126348,25781.334337399727,0.0,0.0
1757779200000,720489.1758786298,629971.513459525,2,1217205.8655769022,25781.334337399727,0.0,0.0
1757793600000,716931.043361146,629874.4973175781,2,1213744.7492013653,25781.334337399727,0.0,0.0
1757808000000,729025.924527439,629874.4973175781,2,1225839.6303676583,25781.334337399727,0.0,0.0
1757822400000,739253.0010911372,629874.1901922965,2,1236067.014056638,25781.334337399727,0.0,0.0
1757836800000,736245.4447889663,629874.1901922965,2,1233059.4577544671,25781.334337399727,0.0,0.0
1757851200000,733283.906773113,629786.2402349251,2,1230185.8696959852,25781.334337399727,0.0,0.0
1757865600000,720495.5625880272,629786.2402349251,2,1217397.5255108997,25781.334337399727,0.0,0.0
1757880000000,717249.2001845337,651634.3943012338,1,571566.292409545,12612.114661826292,0.0,0.0
1757894400000,710717.6876846391,651634.3943012338,1,565034.7799096504,12612.114661826292,0.0,0.0
1757908800000,710585.1573847489,710585.1573847489,0,0.0,0.0,0.0,0.0
1757923200000,710585.1573847489,710585.1573847489,0,0.0,0.0,0.0,0.0
1757937600000,710585.1573847489,710585.1573847489,0,0.0,0.0,0.0,0.0
1757952000000,710585.1573847489,710585.1573847489,0,0.0,0.0,0.0,0.0
1757966400000,710585.1573847489,710585.1573847489,0,0.0,0.0,0.0,0.0
1757980800000,710585.1573847489,710585.1573847489,0,0.0,0.0,0.0,0.0
1757995200000,710585.1573847489,710585.1573847489,0,0.0,0.0,0.0,0.0
1758009600000,710585.1573847489,710585.1573847489,0,0.0,0.0,0.0,0.0
1758024000000,710585.1573847489,710585.1573847489,0,0.0,0.0,0.0,0.0
1758038400000,710585.1573847489,710585.1573847489,0,0.0,0.0,0.0,0.0
1758052800000,710585.1573847489,710585.1573847489,0,0.0,0.0,0.0,0.0
1758067200000,710585.1573847489,710585.1573847489,0,0.0,0.0,0.0,0.0
1758081600000,710585.1573847489,710585.1573847489,0,0.0,0.0,0.0,0.0
1758096000000,710585.1573847489,710585.1573847489,0,0.0,0.0,0.0,0.0
1758110400000,710585.1573847489,710585.1573847489,0,0.0,0.0,0.0,0.0
1758124800000,710585.1573847489,710585.1573847489,0,0.0,0.0,0.0,0.0
1758139200000,710585.1573847489,710585.1573847489,0,0.0,0.0,0.0,0.0
1758153600000,710585.1573847489,710585.1573847489,0,0.0,0.0,0.0,0.0
1758168000000,710585.1573847489,710585.1573847489,0,0.0,0.0,0.0,0.0
1758182400000,710585.1573847489,710585.1573847489,0,0.0,0.0,0.0,0.0
1758196800000,710585.1573847489,710585.1573847489,0,0.0,0.0,0.0,0.0
1758211200000,710585.1573847489,710585.1573847489,0,0.0,0.0,0.0,0.0
1758225600000,710585.1573847489,710585.1573847489,0,0.0,0.0,0.0,0.0
1758240000000,710585.1573847489,710585.1573847489,0,0.0,0.0,0.0,0.0
1758254400000,710585.1573847489,710585.1573847489,0,0.0,0.0,0.0,0.0
1758268800000,710585.1573847489,710585.1573847489,0,0.0,0.0,0.0,0.0
1758283200000,710585.1573847489,710585.1573847489,0,0.0,0.0,0.0,0.0
1758297600000,710585.1573847489,710585.1573847489,0,0.0,0.0,0.0,0.0
1758312000000,710585.1573847489,710585.1573847489,0,0.0,0.0,0.0,0.0
1758326400000,710585.1573847489,710585.1573847489,0,0.0,0.0,0.0,0.0
1758340800000,710585.1573847489,710585.1573847489,0,0.0,0.0,0.0,0.0
1758355200000,710585.1573847489,710585.1573847489,0,0.0,0.0,0.0,0.0
1758369600000,710585.1573847489,710585.1573847489,0,0.0,0.0,0.0,0.0
1758384000000,710585.1573847489,710585.1573847489,0,0.0,0.0,0.0,0.0
1758398400000,710585.1573847489,710585.1573847489,0,0.0,0.0,0.0,0.0
1758412800000,710585.1573847489,710585.1573847489,0,0.0,0.0,0.0,0.0
1758427200000,710585.1573847489,710585.1573847489,0,0.0,0.0,0.0,0.0
1758441600000,710585.1573847489,710585.1573847489,0,0.0,0.0,0.0,0.0
1758456000000,710585.1573847489,710585.1573847489,0,0.0,0.0,0.0,0.0
1758470400000,710585.1573847489,710585.1573847489,0,0.0,0.0,0.0,0.0
1758484800000,710585.1573847489,710585.1573847489,0,0.0,0.0,0.0,0.0
1758499200000,710585.1573847489,710585.1573847489,0,0.0,0.0,0.0,0.0
1758513600000,710585.1573847489,710585.1573847489,0,0.0,0.0,0.0,0.0
1758528000000,710585.1573847489,710585.1573847489,0,0.0,0.0,0.0,0.0
1758542400000,710585.1573847489,710585.1573847489,0,0.0,0.0,0.0,0.0
1758556800000,710585.1573847489,710585.1573847489,0,0.0,0.0,0.0,0.0
1758571200000,710585.1573847489,710585.1573847489,0,0.0,0.0,0.0,0.0
1758585600000,710585.1573847489,710585.1573847489,0,0.0,0.0,0.0,0.0
1758600000000,710585.1573847489,710585.1573847489,0,0.0,0.0,0.0,0.0
1758614400000,710585.1573847489,710585.1573847489,0,0.0,0.0,0.0,0.0
1758628800000,710585.1573847489,710585.1573847489,0,0.0,0.0,0.0,0.0
1758643200000,710585.1573847489,710585.1573847489,0,0.0,0.0,0.0,0.0
1758657600000,710585.1573847489,710585.1573847489,0,0.0,0.0,0.0,0.0
1758672000000,710585.1573847489,710585.1573847489,0,0.0,0.0,0.0,0.0
1758686400000,710585.1573847489,710585.1573847489,0,0.0,0.0,0.0,0.0
1758700800000,710585.1573847489,710585.1573847489,0,0.0,0.0,0.0,0.0
1758715200000,710585.1573847489,710585.1573847489,0,0.0,0.0,0.0,0.0
1758729600000,710585.1573847489,710585.1573847489,0,0.0,0.0,0.0,0.0
1758744000000,710585.1573847489,710585.1573847489,0,0.0,0.0,0.0,0.0
1758758400000,710585.1573847489,710585.1573847489,0,0.0,0.0,0.0,0.0
1758772800000,710585.1573847489,710585.1573847489,0,0.0,0.0,0.0,0.0
1758787200000,710585.1573847489,710585.1573847489,0,0.0,0.0,0.0,0.0
1758801600000,710585.1573847489,710585.1573847489,0,0.0,0.0,0.0,0.0
1758816000000,710585.1573847489,710585.1573847489,0,0.0,0.0,0.0,0.0
1758830400000,710585.1573847489,710585.1573847489,0,0.0,0.0,0.0,0.0
1758844800000,710585.1573847489,710585.1573847489,0,0.0,0.0,0.0,0.0
1758859200000,710585.1573847489,710585.1573847489,0,0.0,0.0,0.0,0.0
1758873600000,710585.1573847489,710585.1573847489,0,0.0,0.0,0.0,0.0
1758888000000,710585.1573847489,710585.1573847489,0,0.0,0.0,0.0,0.0
1758902400000,710585.1573847489,710585.1573847489,0,0.0,0.0,0.0,0.0
1758916800000,710585.1573847489,710585.1573847489,0,0.0,0.0,0.0,0.0
1758931200000,710585.1573847489,710585.1573847489,0,0.0,0.0,0.0,0.0
1758945600000,710585.1573847489,710585.1573847489,0,0.0,0.0,0.0,0.0
1758960000000,710585.1573847489,710585.1573847489,0,0.0,0.0,0.0,0.0
1758974400000,710585.1573847489,710585.1573847489,0,0.0,0.0,0.0,0.0
1758988800000,710585.1573847489,710585.1573847489,0,0.0,0.0,0.0,0.0
1759003200000,710585.1573847489,710585.1573847489,0,0.0,0.0,0.0,0.0
1759017600000,710585.1573847489,710585.1573847489,0,0.0,0.0,0.0,0.0
1759032000000,710585.1573847489,710585.1573847489,0,0.0,0.0,0.0,0.0
1759046400000,710585.1573847489,710585.1573847489,0,0.0,0.0,0.0,0.0
1759060800000,710585.1573847489,710585.1573847489,0,0.0,0.0,0.0,0.0
1759075200000,710585.1573847489,710585.1573847489,0,0.0,0.0,0.0,0.0
1759089600000,710585.1573847489,710585.1573847489,0,0.0,0.0,0.0,0.0
1759104000000,710585.1573847489,710585.1573847489,0,0.0,0.0,0.0,0.0
1759118400000,710585.1573847489,710585.1573847489,0,0.0,0.0,0.0,0.0
1759132800000,710585.1573847489,710585.1573847489,0,0.0,0.0,0.0,0.0
1759147200000,710585.1573847489,710585.1573847489,0,0.0,0.0,0.0,0.0
1759161600000,710585.1573847489,710585.1573847489,0,0.0,0.0,0.0,0.0
1759176000000,710585.1573847489,710585.1573847489,0,0.0,0.0,0.0,0.0
1759190400000,710585.1573847489,710585.1573847489,0,0.0,0.0,0.0,0.0
1759204800000,710585.1573847489,710585.1573847489,0,0.0,0.0,0.0,0.0
1759219200000,710585.1573847489,710585.1573847489,0,0.0,0.0,0.0,0.0
1759233600000,710585.1573847489,710585.1573847489,0,0.0,0.0,0.0,0.0
1759248000000,710585.1573847489,710585.1573847489,0,0.0,0.0,0.0,0.0
1759262400000,710585.1573847489,710585.1573847489,0,0.0,0.0,0.0,0.0
1759276800000,710585.1573847489,710585.1573847489,0,0.0,0.0,0.0,0.0
1759291200000,710585.1573847489,710585.1573847489,0,0.0,0.0,0.0,0.0
1759305600000,710585.1573847489,710585.1573847489,0,0.0,0.0,0.0,0.0
1759320000000,710585.1573847489,710585.1573847489,0,0.0,0.0,0.0,0.0
1759334400000,710585.1573847489,710585.1573847489,0,0.0,0.0,0.0,0.0
1759348800000,710585.1573847489,710585.1573847489,0,0.0,0.0,0.0,0.0
1759363200000,710585.1573847489,710585.1573847489,0,0.0,0.0,0.0,0.0
1759377600000,710585.1573847489,710585.1573847489,0,0.0,0.0,0.0,0.0
1759392000000,710585.1573847489,710585.1573847489,0,0.0,0.0,0.0,0.0
1759406400000,710585.1573847489,710585.1573847489,0,0.0,0.0,0.0,0.0
1759420800000,710585.1573847489,710585.1573847489,0,0.0,0.0,0.0,0.0
1759435200000,710585.1573847489,710585.1573847489,0,0.0,0.0,0.0,0.0
1759449600000,710585.1573847489,710585.1573847489,0,0.0,0.0,0.0,0.0
1759464000000,710585.1573847489,710585.1573847489,0,0.0,0.0,0.0,0.0
1759478400000,710585.1573847489,710585.1573847489,0,0.0,0.0,0.0,0.0
1759492800000,710585.1573847489,710585.1573847489,0,0.0,0.0,0.0,0.0
1759507200000,710585.1573847489,710585.1573847489,0,0.0,0.0,0.0,0.0
1759521600000,710585.1573847489,710585.1573847489,0,0.0,0.0,0.0,0.0
1759536000000,710585.1573847489,710585.1573847489,0,0.0,0.0,0.0,0.0
1759550400000,710585.1573847489,710585.1573847489,0,0.0,0.0,0.0,0.0
1759564800000,710585.1573847489,710585.1573847489,0,0.0,0.0,0.0,0.0
1759579200000,710585.1573847489,710585.1573847489,0,0.0,0.0,0.0,0.0
1759593600000,710585.1573847489,710585.1573847489,0,0.0,0.0,0.0,0.0
1759608000000,710585.1573847489,710585.1573847489,0,0.0,0.0,0.0,0.0
1759622400000,710585.1573847489,710585.1573847489,0,0.0,0.0,0.0,0.0
1759636800000,710585.1573847489,710585.1573847489,0,0.0,0.0,0.0,0.0
1759651200000,710585.1573847489,710585.1573847489,0,0.0,0.0,0.0,0.0
1759665600000,710585.1573847489,710585.1573847489,0,0.0,0.0,0.0,0.0
1759680000000,710585.1573847489,710585.1573847489,0,0.0,0.0,0.0,0.0
1759694400000,710585.1573847489,710585.1573847489,0,0.0,0.0,0.0,0.0
1759708800000,710585.1573847489,710585.1573847489,0,0.0,0.0,0.0,0.0
1759723200000,710585.1573847489,710585.1573847489,0,0.0,0.0,0.0,0.0
1759737600000,710585.1573847489,710585.1573847489,0,0.0,0.0,0.0,0.0
1759752000000,710585.1573847489,710585.1573847489,0,0.0,0.0,0.0,0.0
1759766400000,710585.1573847489,710585.1573847489,0,0.0,0.0,0.0,0.0
1759780800000,710585.1573847489,710585.1573847489,0,0.0,0.0,0.0,0.0
1759795200000,710585.1573847489,710585.1573847489,0,0.0,0.0,0.0,0.0
1759809600000,710585.1573847489,710585.1573847489,0,0.0,0.0,0.0,0.0
1759824000000,708778.4653771879,710585.1573847489,1,657671.0083137956,14211.703147694978,0.0,0.0
1759838400000,712876.5525443482,710519.3902839175,1,661834.8625817872,14211.703147694978,0.0,0.0
1759852800000,696178.6339367878,696178.6339367878,0,0.0,0.0,0.0,0.0
1759867200000,696036.956856935,696178.6339367878,1,466388.6832560266,6961.786339367879,6961.786339367879,466388.6832560266
1759881600000,697634.4546821554,696178.6339367878,1,464791.1854308062,6961.786339367879,6961.786339367879,464791.1854308062
1759896000000,696258.2872152438,696198.2600242355,1,466186.9789851654,6961.786339367879,6961.786339367879,466186.9789851654
1759910400000,696169.5373360649,696198.2600242355,1,466275.72886434436,6961.786339367879,6961.786339367879,466275.72886434436
1759924800000,696619.5734506736,696244.8875971219,1,465872.320322622,6961.786339367879,6961.786339367879,465872.320322622
1759939200000,696797.0732090314,696244.8875971219,1,465694.82056426426,6961.786339367879,6961.786339367879,465694.82056426426
1759953600000,689232.1756971952,689232.1756971952,0,0.0,0.0,0.0,0.0
1759968000000,689232.1756971952,689232.1756971952,0,0.0,0.0,0.0,0.0
1759982400000,689232.1756971952,689232.1756971952,0,0.0,0.0,0.0,0.0
1759996800000,689232.1756971952,689232.1756971952,0,0.0,0.0,0.0,0.0
1760011200000,689232.1756971952,689232.1756971952,0,0.0,0.0,0.0,0.0
1760025600000,689232.1756971952,689232.1756971952,0,0.0,0.0,0.0,0.0
1760040000000,689232.1756971952,689232.1756971952,0,0.0,0.0,0.0,0.0
1760054400000,689232.1756971952,689232.1756971952,0,0.0,0.0,0.0,0.0
1760068800000,689232.1756971952,689232.1756971952,0,0.0,0.0,0.0,0.0
1760083200000,689232.1756971952,689232.1756971952,0,0.0,0.0,0.0,0.0
1760097600000,689232.1756971952,689232.1756971952,0,0.0,0.0,0.0,0.0
1760112000000,689232.1756971952,689232.1756971952,0,0.0,0.0,0.0,0.0
1760126400000,689232.1756971952,689232.1756971952,0,0.0,0.0,0.0,0.0
1760140800000,689232.1756971952,689232.1756971952,0,0.0,0.0,0.0,0.0
1760155200000,689232.1756971952,689232.1756971952,0,0.0,0.0,0.0,0.0
1760169600000,689232.1756971952,689232.1756971952,0,0.0,0.0,0.0,0.0
1760184000000,689232.1756971952,689232.1756971952,0,0.0,0.0,0.0,0.0
1760198400000,689232.1756971952,689232.1756971952,0,0.0,0.0,0.0,0.0
1760212800000,689232.1756971952,689232.1756971952,0,0.0,0.0,0.0,0.0
1760227200000,689232.1756971952,689232.1756971952,0,0.0,0.0,0.0,0.0
1760241600000,689232.1756971952,689232.1756971952,0,0.0,0.0,0.0,0.0
1760256000000,689232.1756971952,689232.1756971952,0,0.0,0.0,0.0,0.0
1760270400000,689232.1756971952,689232.1756971952,0,0.0,0.0,0.0,0.0
1760284800000,689232.1756971952,689232.1756971952,0,0.0,0.0,0.0,0.0
1760299200000,689232.1756971952,689232.1756971952,0,0.0,0.0,0.0,0.0
1760313600000,689232.1756971952,689232.1756971952,0,0.0,0.0,0.0,0.0
1760328000000,689232.1756971952,689232.1756971952,0,0.0,0.0,0.0,0.0
1760342400000,689232.1756971952,689232.1756971952,0,0.0,0.0,0.0,0.0
1760356800000,689232.1756971952,689232.1756971952,0,0.0,0.0,0.0,0.0
1760371200000,689232.1756971952,689232.1756971952,0,0.0,0.0,0.0,0.0
1760385600000,689232.1756971952,689232.1756971952,0,0.0,0.0,0.0,0.0
1760400000000,689232.1756971952,689232.1756971952,0,0.0,0.0,0.0,0.0
1760414400000,689232.1756971952,689232.1756971952,0,0.0,0.0,0.0,0.0
1760428800000,689232.1756971952,689232.1756971952,0,0.0,0.0,0.0,0.0
1760443200000,689232.1756971952,689232.1756971952,0,0.0,0.0,0.0,0.0
1760457600000,689232.1756971952,689232.1756971952,0,0.0,0.0,0.0,0.0
1760472000000,689232.1756971952,689232.1756971952,0,0.0,0.0,0.0,0.0
1760486400000,689232.1756971952,689232.1756971952,0,0.0,0.0,0.0,0.0
1760500800000,689232.1756971952,689232.1756971952,0,0.0,0.0,0.0,0.0
1760515200000,689232.1756971952,689232.1756971952,0,0.0,0.0,0.0,0.0
1760529600000,689232.1756971952,689232.1756971952,0,0.0,0.0,0.0,0.0
1760544000000,689232.1756971952,689232.1756971952,0,0.0,0.0,0.0,0.0
1760558400000,689232.1756971952,689232.1756971952,0,0.0,0.0,0.0,0.0
1760572800000,689232.1756971952,689232.1756971952,0,0.0,0.0,0.0,0.0
1760587200000,689232.1756971952,689232.1756971952,0,0.0,0.0,0.0,0.0
1760601600000,689232.1756971952,689232.1756971952,0,0.0,0.0,0.0,0.0
1760616000000,689232.1756971952,689232.1756971952,0,0.0,0.0,0.0,0.0
1760630400000,689232.1756971952,689232.1756971952,0,0.0,0.0,0.0,0.0
1760644800000,689232.1756971952,689232.1756971952,0,0.0,0.0,0.0,0.0
1760659200000,689232.1756971952,689232.1756971952,0,0.0,0.0,0.0,0.0
1760673600000,689232.1756971952,689232.1756971952,0,0.0,0.0,0.0,0.0
1760688000000,689232.1756971952,689232.1756971952,0,0.0,0.0,0.0,0.0
1760702400000,689232.1756971952,689232.1756971952,0,0.0,0.0,0.0,0.0
1760716800000,689232.1756971952,689232.1756971952,0,0.0,0.0,0.0,0.0
1760731200000,689232.1756971952,689232.1756971952,0,0.0,0.0,0.0,0.0
1760745600000,689232.1756971952,689232.1756971952,0,0.0,0.0,0.0,0.0
1760760000000,689232.1756971952,689232.1756971952,0,0.0,0.0,0.0,0.0
1760774400000,689232.1756971952,689232.1756971952,0,0.0,0.0,0.0,0.0
1760788800000,689232.1756971952,689232.1756971952,0,0.0,0.0,0.0,0.0
1760803200000,689232.1756971952,689232.1756971952,0,0.0,0.0,0.0,0.0
1760817600000,689232.1756971952,689232.1756971952,0,0.0,0.0,0.0,0.0
1760832000000,689232.1756971952,689232.1756971952,0,0.0,0.0,0.0,0.0
1760846400000,689232.1756971952,689232.1756971952,0,0.0,0.0,0.0,0.0
1760860800000,689232.1756971952,689232.1756971952,0,0.0,0.0,0.0,0.0
1760875200000,689232.1756971952,689232.1756971952,0,0.0,0.0,0.0,0.0
1760889600000,689232.1756971952,689232.1756971952,0,0.0,0.0,0.0,0.0
1760904000000,689232.1756971952,689232.1756971952,0,0.0,0.0,0.0,0.0
1760918400000,689232.1756971952,689232.1756971952,0,0.0,0.0,0.0,0.0
1760932800000,689232.1756971952,689232.1756971952,0,0.0,0.0,0.0,0.0
1760947200000,689232.1756971952,689232.1756971952,0,0.0,0.0,0.0,0.0
1760961600000,689232.1756971952,689232.1756971952,0,0.0,0.0,0.0,0.0
1760976000000,689232.1756971952,689232.1756971952,0,0.0,0.0,0.0,0.0
1760990400000,689232.1756971952,689232.1756971952,0,0.0,0.0,0.0,0.0
1761004800000,689232.1756971952,689232.1756971952,0,0.0,0.0,0.0,0.0
1761019200000,689232.1756971952,689232.1756971952,0,0.0,0.0,0.0,0.0
1761033600000,689232.1756971952,689232.1756971952,0,0.0,0.0,0.0,0.0
1761048000000,689232.1756971952,689232.1756971952,0,0.0,0.0,0.0,0.0
1761062400000,689232.1756971952,689232.1756971952,0,0.0,0.0,0.0,0.0
1761076800000,689232.1756971952,689232.1756971952,0,0.0,0.0,0.0,0.0
1761091200000,689232.1756971952,689232.1756971952,0,0.0,0.0,0.0,0.0
1761105600000,689232.1756971952,689232.1756971952,0,0.0,0.0,0.0,0.0
1761120000000,689232.1756971952,689232.1756971952,0,0.0,0.0,0.0,0.0
1761134400000,689232.1756971952,689232.1756971952,0,0.0,0.0,0.0,0.0
1761148800000,689232.1756971952,689232.1756971952,0,0.0,0.0,0.0,0.0
1761163200000,689232.1756971952,689232.1756971952,0,0.0,0.0,0.0,0.0
1761177600000,689232.1756971952,689232.1756971952,0,0.0,0.0,0.0,0.0
1761192000000,689232.1756971952,689232.1756971952,0,0.0,0.0,0.0,0.0
1761206400000,689232.1756971952,689232.1756971952,0,0.0,0.0,0.0,0.0
1761220800000,689232.1756971952,689232.1756971952,0,0.0,0.0,0.0,0.0
1761235200000,689232.1756971952,689232.1756971952,0,0.0,0.0,0.0,0.0
1761249600000,689232.1756971952,689232.1756971952,0,0.0,0.0,0.0,0.0
1761264000000,689232.1756971952,689232.1756971952,0,0.0,0.0,0.0,0.0
1761278400000,689232.1756971952,689232.1756971952,0,0.0,0.0,0.0,0.0
1761292800000,689232.1756971952,689232.1756971952,0,0.0,0.0,0.0,0.0
1761307200000,689232.1756971952,689232.1756971952,0,0.0,0.0,0.0,0.0
1761321600000,689232.1756971952,689232.1756971952,0,0.0,0.0,0.0,0.0
1761336000000,689232.1756971952,689232.1756971952,0,0.0,0.0,0.0,0.0
1761350400000,689232.1756971952,689232.1756971952,0,0.0,0.0,0.0,0.0
1761364800000,689232.1756971952,689232.1756971952,0,0.0,0.0,0.0,0.0
1761379200000,689232.1756971952,689232.1756971952,0,0.0,0.0,0.0,0.0
1761393600000,689232.1756971952,689232.1756971952,0,0.0,0.0,0.0,0.0
1761408000000,689232.1756971952,689232.1756971952,0,0.0,0.0,0.0,0.0
1761422400000,689232.1756971952,689232.1756971952,0,0.0,0.0,0.0,0.0
1761436800000,689232.1756971952,689232.1756971952,0,0.0,0.0,0.0,0.0
1761451200000,689232.1756971952,689232.1756971952,0,0.0,0.0,0.0,0.0
1761465600000,689232.1756971952,689232.1756971952,0,0.0,0.0,0.0,0.0
1761480000000,689232.1756971952,689232.1756971952,0,0.0,0.0,0.0,0.0
1761494400000,689232.1756971952,689232.1756971952,0,0.0,0.0,0.0,0.0
1761508800000,689232.1756971952,689232.1756971952,0,0.0,0.0,0.0,0.0
1761523200000,689232.1756971952,689232.1756971952,0,0.0,0.0,0.0,0.0
1761537600000,689232.1756971952,689232.1756971952,0,0.0,0.0,0.0,0.0
1761552000000,689232.1756971952,689232.1756971952,0,0.0,0.0,0.0,0.0
1761566400000,689232.1756971952,689232.1756971952,0,0.0,0.0,0.0,0.0
1761580800000,689232.1756971952,689232.1756971952,0,0.0,0.0,0.0,0.0
1761595200000,689232.1756971952,689232.1756971952,0,0.0,0.0,0.0,0.0
1761609600000,689232.1756971952,689232.1756971952,0,0.0,0.0,0.0,0.0
1761624000000,689232.1756971952,689232.1756971952,0,0.0,0.0,0.0,0.0
1761638400000,689232.1756971952,689232.1756971952,0,0.0,0.0,0.0,0.0
1761652800000,689232.1756971952,689232.1756971952,0,0.0,0.0,0.0,0.0
1761667200000,689232.1756971952,689232.1756971952,0,0.0,0.0,0.0,0.0
1761681600000,689232.1756971952,689232.1756971952,0,0.0,0.0,0.0,0.0
1761696000000,689232.1756971952,689232.1756971952,0,0.0,0.0,0.0,0.0
1761710400000,689232.1756971952,689232.1756971952,0,0.0,0.0,0.0,0.0
1761724800000,689232.1756971952,689232.1756971952,0,0.0,0.0,0.0,0.0
1761739200000,689232.1756971952,689232.1756971952,0,0.0,0.0,0.0,0.0
1761753600000,689232.1756971952,689232.1756971952,0,0.0,0.0,0.0,0.0
1761768000000,689232.1756971952,689232.1756971952,0,0.0,0.0,0.0,0.0
1761782400000,689232.1756971952,689232.1756971952,0,0.0,0.0,0.0,0.0
1761796800000,681773.6459767958,689232.1756971952,1,651558.3567962121,13784.643513943905,13784.643513943905,651558.3567962121
1761811200000,680661.5559927378,689232.1756971952,1,652670.4467802702,13784.643513943905,13784.643513943905,652670.4467802702
1761825600000,690573.1923214232,689261.3760311827,1,642788.0107855722,13784.643513943905,13784.643513943905,642788.0107855722
1761840000000,713522.6856288037,689261.3760311827,1,619838.5174781918,13784.643513943905,13784.643513943905,619838.5174781918
1761854400000,740515.4314704867,702996.5041743133,2,802398.6186396095,21162.512727764555,21162.512727764555,802398.6186396095
1761868800000,717960.916710474,702996.5041743133,2,824953.1333996223,21162.512727764555,21162.512727764555,824953.1333996223
1761883200000,712420.1802418658,702862.1955358547,2,830359.5612297717,21162.512727764555,21162.512727764555,830359.5612297717
1761897600000,711347.3623559449,702862.1955358547,2,831432.3791156926,21162.512727764555,21162.512727764555,831432.3791156926
1761912000000,699383.7060807616,699383.7060807616,0,0.0,0.0,0.0,0.0
1761926400000,699383.7060807616,699383.7060807616,0,0.0,0.0,0.0,0.0
1761940800000,699383.7060807616,699383.7060807616,0,0.0,0.0,0.0,0.0
1761955200000,699383.7060807616,699383.7060807616,0,0.0,0.0,0.0,0.0
1761969600000,699383.7060807616,699383.7060807616,0,0.0,0.0,0.0,0.0
1761984000000,699383.7060807616,699383.7060807616,0,0.0,0.0,0.0,0.0
1761998400000,699383.7060807616,699383.7060807616,0,0.0,0.0,0.0,0.0
1762012800000,699383.7060807616,699383.7060807616,0,0.0,0.0,0.0,0.0
1762027200000,699383.7060807616,699383.7060807616,0,0.0,0.0,0.0,0.0
1762041600000,699383.7060807616,699383.7060807616,0,0.0,0.0,0.0,0.0
1762056000000,699383.7060807616,699383.7060807616,0,0.0,0.0,0.0,0.0
1762070400000,699383.7060807616,699383.7060807616,0,0.0,0.0,0.0,0.0
1762084800000,699383.7060807616,699383.7060807616,0,0.0,0.0,0.0,0.0
1762099200000,699383.7060807616,699383.7060807616,0,0.0,0.0,0.0,0.0
1762113600000,699383.7060807616,699383.7060807616,0,0.0,0.0,0.0,0.0
1762128000000,699383.7060807616,699383.7060807616,0,0.0,0.0,0.0,0.0
1762142400000,699383.7060807616,699383.7060807616,0,0.0,0.0,0.0,0.0
1762156800000,697583.8854405697,699383.7060807616,1,571969.7552989373,13987.674121615233,13987.674121615233,571969.7552989373
1762171200000,702759.3898934295,699382.0985263084,2,1140162.3682213696,27903.291115444663,27903.291115444663,1140162.3682213696
1762185600000,755080.6851862518,727176.6163340174,2,543865.7609420109,13951.645557722331,13951.645557722331,543865.7609420109
1762200000000,735585.2734404835,719823.5953354877,1,270923.1843598768,6957.808496914715,6957.808496914715,270923.1843598768
1762214400000,736707.0749119689,719823.5953354877,1,269801.3828883915,6957.808496914715,6957.808496914715,269801.3828883915
1762228800000,734124.8370973134,719810.1203106103,1,272370.1456781695,6957.808496914715,6957.808496914715,272370.1456781695
1762243200000,751244.5030317199,719810.1203106103,1,255250.47974376296,6957.808496914715,6957.808496914715,255250.47974376296
1762257600000,743681.7463317717,719774.8140642521,1,262777.9301973529,6957.808496914715,6957.808496914715,262777.9301973529
1762272000000,744071.9381479406,719774.8140642521,1,262387.7383811841,6957.808496914715,6957.808496914715,262387.7383811841
1762286400000,755197.0205950479,719779.4297505483,1,251267.27162037307,6957.808496914715,6957.808496914715,251267.27162037307
1762300800000,754562.9588937736,719779.4297505483,1,251901.33332164734,6957.808496914715,6957.808496914715,251901.33332164734
1762315200000,751482.1856118676,719787.675013312,1,254990.3518663171,6957.808496914715,6957.808496914715,254990.3518663171
1762329600000,749884.9864405981,749884.9864405981,0,0.0,0.0,0.0,0.0
1762344000000,749884.9864405981,749884.9864405981,0,0.0,0.0,0.0,0.0
1762358400000,749884.9864405981,749884.9864405981,0,0.0,0.0,0.0,0.0
1762372800000,749884.9864405981,749884.9864405981,0,0.0,0.0,0.0,0.0
1762387200000,749884.9864405981,749884.9864405981,0,0.0,0.0,0.0,0.0
1762401600000,749884.9864405981,749884.9864405981,0,0.0,0.0,0.0,0.0
1762416000000,749884.9864405981,749884.9864405981,0,0.0,0.0,0.0,0.0
1762430400000,749884.9864405981,749884.9864405981,0,0.0,0.0,0.0,0.0
1762444800000,749884.9864405981,749884.9864405981,0,0.0,0.0,0.0,0.0
1762459200000,749884.9864405981,749884.9864405981,0,0.0,0.0,0.0,0.0
1762473600000,749884.9864405981,749884.9864405981,0,0.0,0.0,0.0,0.0
1762488000000,749884.9864405981,749884.9864405981,0,0.0,0.0,0.0,0.0
1762502400000,749884.9864405981,749884.9864405981,0,0.0,0.0,0.0,0.0
1762516800000,749884.9864405981,749884.9864405981,0,0.0,0.0,0.0,0.0
1762531200000,749884.9864405981,749884.9864405981,0,0.0,0.0,0.0,0.0
1762545600000,749884.9864405981,749884.9864405981,0,0.0,0.0,0.0,0.0
1762560000000,749884.9864405981,749884.9864405981,0,0.0,0.0,0.0,0.0
1762574400000,749884.9864405981,749884.9864405981,0,0.0,0.0,0.0,0.0
1762588800000,749884.9864405981,749884.9864405981,0,0.0,0.0,0.0,0.0
1762603200000,749884.9864405981,749884.9864405981,0,0.0,0.0,0.0,0.0
1762617600000,749884.9864405981,749884.9864405981,0,0.0,0.0,0.0,0.0
1762632000000,749884.9864405981,749884.9864405981,0,0.0,0.0,0.0,0.0
1762646400000,749884.9864405981,749884.9864405981,0,0.0,0.0,0.0,0.0
1762660800000,749884.9864405981,749884.9864405981,0,0.0,0.0,0.0,0.0
1762675200000,749884.9864405981,749884.9864405981,0,0.0,0.0,0.0,0.0
1762689600000,749884.9864405981,749884.9864405981,0,0.0,0.0,0.0,0.0
1762704000000,749884.9864405981,749884.9864405981,0,0.0,0.0,0.0,0.0
1762718400000,749884.9864405981,749884.9864405981,0,0.0,0.0,0.0,0.0
1762732800000,749884.9864405981,749884.9864405981,0,0.0,0.0,0.0,0.0
1762747200000,749884.9864405981,749884.9864405981,0,0.0,0.0,0.0,0.0
1762761600000,749884.9864405981,749884.9864405981,0,0.0,0.0,0.0,0.0
1762776000000,749884.9864405981,749884.9864405981,0,0.0,0.0,0.0,0.0
1762790400000,749884.9864405981,749884.9864405981,0,0.0,0.0,0.0,0.0
1762804800000,749884.9864405981,749884.9864405981,0,0.0,0.0,0.0,0.0
1762819200000,749884.9864405981,749884.9864405981,0,0.0,0.0,0.0,0.0
1762833600000,749884.9864405981,749884.9864405981,0,0.0,0.0,0.0,0.0
1762848000000,749884.9864405981,749884.9864405981,0,0.0,0.0,0.0,0.0
1762862400000,749884.9864405981,749884.9864405981,0,0.0,0.0,0.0,0.0
1762876800000,749884.9864405981,749884.9864405981,0,0.0,0.0,0.0,0.0
1762891200000,749884.9864405981,749884.9864405981,0,0.0,0.0,0.0,0.0
1762905600000,749884.9864405981,749884.9864405981,0,0.0,0.0,0.0,0.0
1762920000000,749884.9864405981,749884.9864405981,0,0.0,0.0,0.0,0.0
1762934400000,749884.9864405981,749884.9864405981,0,0.0,0.0,0.0,0.0
1762948800000,749884.9864405981,749884.9864405981,0,0.0,0.0,0.0,0.0
1762963200000,749884.9864405981,749884.9864405981,0,0.0,0.0,0.0,0.0
1762977600000,749884.9864405981,749884.9864405981,0,0.0,0.0,0.0,0.0
1762992000000,749884.9864405981,749884.9864405981,0,0.0,0.0,0.0,0.0
1763006400000,749884.9864405981,749884.9864405981,0,0.0,0.0,0.0,0.0
1763020800000,749884.9864405981,749884.9864405981,0,0.0,0.0,0.0,0.0
1763035200000,749884.9864405981,749884.9864405981,0,0.0,0.0,0.0,0.0
1763049600000,749884.9864405981,749884.9864405981,0,0.0,0.0,0.0,0.0
1763064000000,749884.9864405981,749884.9864405981,0,0.0,0.0,0.0,0.0
1763078400000,749884.9864405981,749884.9864405981,0,0.0,0.0,0.0,0.0
1763092800000,749884.9864405981,749884.9864405981,0,0.0,0.0,0.0,0.0
1763107200000,749884.9864405981,749884.9864405981,0,0.0,0.0,0.0,0.0
1763121600000,749884.9864405981,749884.9864405981,0,0.0,0.0,0.0,0.0
1763136000000,749884.9864405981,749884.9864405981,0,0.0,0.0,0.0,0.0
1763150400000,749884.9864405981,749884.9864405981,0,0.0,0.0,0.0,0.0
1763164800000,749884.9864405981,749884.9864405981,0,0.0,0.0,0.0,0.0
1763179200000,749884.9864405981,749884.9864405981,0,0.0,0.0,0.0,0.0
1763193600000,749884.9864405981,749884.9864405981,0,0.0,0.0,0.0,0.0
1763208000000,749884.9864405981,749884.9864405981,0,0.0,0.0,0.0,0.0
1763222400000,749884.9864405981,749884.9864405981,0,0.0,0.0,0.0,0.0
1763236800000,749884.9864405981,749884.9864405981,0,0.0,0.0,0.0,0.0
1763251200000,749884.9864405981,749884.9864405981,0,0.0,0.0,0.0,0.0
1763265600000,749884.9864405981,749884.9864405981,0,0.0,0.0,0.0,0.0
1763280000000,749884.9864405981,749884.9864405981,0,0.0,0.0,0.0,0.0
1763294400000,749884.9864405981,749884.9864405981,0,0.0,0.0,0.0,0.0
1763308800000,749884.9864405981,749884.9864405981,0,0.0,0.0,0.0,0.0
1763323200000,749884.9864405981,749884.9864405981,0,0.0,0.0,0.0,0.0
1763337600000,749884.9864405981,749884.9864405981,0,0.0,0.0,0.0,0.0
1763352000000,749884.9864405981,749884.9864405981,0,0.0,0.0,0.0,0.0
1763366400000,749884.9864405981,749884.9864405981,0,0.0,0.0,0.0,0.0
1763380800000,749884.9864405981,749884.9864405981,0,0.0,0.0,0.0,0.0
1763395200000,749884.9864405981,749884.9864405981,0,0.0,0.0,0.0,0.0
1763409600000,749884.9864405981,749884.9864405981,0,0.0,0.0,0.0,0.0
1763424000000,749884.9864405981,749884.9864405981,0,0.0,0.0,0.0,0.0
1763438400000,749884.9864405981,749884.9864405981,0,0.0,0.0,0.0,0.0
1763452800000,749884.9864405981,749884.9864405981,0,0.0,0.0,0.0,0.0
1763467200000,749884.9864405981,749884.9864405981,0,0.0,0.0,0.0,0.0
1763481600000,749884.9864405981,749884.9864405981,0,0.0,0.0,0.0,0.0
1763496000000,749884.9864405981,749884.9864405981,0,0.0,0.0,0.0,0.0
1763510400000,749884.9864405981,749884.9864405981,0,0.0,0.0,0.0,0.0
1763524800000,749884.9864405981,749884.9864405981,0,0.0,0.0,0.0,0.0
1763539200000,749884.9864405981,749884.9864405981,0,0.0,0.0,0.0,0.0
1763553600000,749884.9864405981,749884.9864405981,0,0.0,0.0,0.0,0.0
1763568000000,749884.9864405981,749884.9864405981,0,0.0,0.0,0.0,0.0
1763582400000,749884.9864405981,749884.9864405981,0,0.0,0.0,0.0,0.0
1763596800000,749884.9864405981,749884.9864405981,0,0.0,0.0,0.0,0.0
1763611200000,749884.9864405981,749884.9864405981,0,0.0,0.0,0.0,0.0
1763625600000,749884.9864405981,749884.9864405981,0,0.0,0.0,0.0,0.0
1763640000000,749884.9864405981,749884.9864405981,0,0.0,0.0,0.0,0.0
1763654400000,749884.9864405981,749884.9864405981,0,0.0,0.0,0.0,0.0
1763668800000,749884.9864405981,749884.9864405981,0,0.0,0.0,0.0,0.0
1763683200000,749884.9864405981,749884.9864405981,0,0.0,0.0,0.0,0.0
1763697600000,750868.9226356025,749884.9864405981,1,468841.32296661916,14997.699728811967,14997.699728811967,468841.32296661916
1763712000000,771932.9315480313,764838.7031834397,1,227818.4012162202,7498.849864405984,7498.849864405984,227818.4012162202
1763726400000,779576.359604307,764855.8469311998,1,220192.11690770462,7498.849864405984,7498.849864405984,220192.11690770462
1763740800000,778848.7635748725,764855.8469311998,1,220919.712937139,7498.849864405984,7498.849864405984,220919.712937139
1763755200000,776296.2683955039,764863.4118553963,1,223479.77304070428,7498.849864405984,7498.849864405984,223479.77304070428
1763769600000,777158.604430389,764863.4118553963,1,222617.43700581914,7498.849864405984,7498.849864405984,222617.43700581914
1763784000000,775544.1507887804,764865.8382791973,1,224234.31707122875,7498.849864405984,7498.849864405984,224234.31707122875
1763798400000,775705.8387953213,764865.8382791973,1,224072.62906468782,7498.849864405984,7498.849864405984,224072.62906468782
1763812800000,776585.2068177126,764882.8702667035,1,223210.29302980268,7498.849864405984,7498.849864405984,223210.29302980268
1763827200000,780250.1349659746,764882.8702667035,1,219545.3648815408,7498.849864405984,7498.849864405984,219545.3648815408
1763841600000,778740.054447147,764881.877808925,1,221054.4529425898,7498.849864405984,7498.849864405984,221054.4529425898
1763856000000,778686.1584449667,764881.877808925,1,221108.3489447701,7498.849864405984,7498.849864405984,221108.3489447701
1763870400000,774409.4206258786,764889.8721631726,1,225393.0811181057,7498.849864405984,7498.849864405984,225393.0811181057
1763884800000,775972.404689108,764889.8721631726,1,223830.0970548764,7498.849864405984,7498.849864405984,223830.0970548764
1763899200000,776004.4045757987,764867.9760476829,1,223776.20105269607,7498.849864405984,7498.849864405984,223776.20105269607
1763913600000,774198.8885027579,764867.9760476829,1,225581.71712573682,7498.849864405984,7498.849864405984,225581.71712573682
1763928000000,773949.3905295216,764861.010084258,1,225824.24913554828,7498.849864405984,7498.849864405984,225824.24913554828
1763942400000,776024.386613464,764861.010084258,1,223749.2530516059,7498.849864405984,7498.849864405984,223749.2530516059
1763956800000,771880.0483884766,771880.0483884766,0,0.0,0.0,0.0,0.0
1763971200000,771880.0483884766,771880.0483884766,0,0.0,0.0,0.0,0.0
1763985600000,771880.0483884766,771880.0483884766,0,0.0,0.0,0.0,0.0
1764000000000,771880.0483884766,771880.0483884766,0,0.0,0.0,0.0,0.0
1764014400000,771880.0483884766,771880.0483884766,0,0.0,0.0,0.0,0.0
1764028800000,771880.0483884766,771880.0483884766,0,0.0,0.0,0.0,0.0
1764043200000,771880.0483884766,771880.0483884766,0,0.0,0.0,0.0,0.0
1764057600000,771880.0483884766,771880.0483884766,0,0.0,0.0,0.0,0.0
1764072000000,771880.0483884766,771880.0483884766,0,0.0,0.0,0.0,0.0
1764086400000,771880.0483884766,771880.0483884766,0,0.0,0.0,0.0,0.0
1764100800000,771880.0483884766,771880.0483884766,0,0.0,0.0,0.0,0.0
1764115200000,771880.0483884766,771880.0483884766,0,0.0,0.0,0.0,0.0
1764129600000,771880.0483884766,771880.0483884766,0,0.0,0.0,0.0,0.0
1764144000000,771880.0483884766,771880.0483884766,0,0.0,0.0,0.0,0.0
1764158400000,771880.0483884766,771880.0483884766,0,0.0,0.0,0.0,0.0
1764172800000,771880.0483884766,771880.0483884766,0,0.0,0.0,0.0,0.0
1764187200000,771880.0483884766,771880.0483884766,0,0.0,0.0,0.0,0.0
1764201600000,771880.0483884766,771880.0483884766,0,0.0,0.0,0.0,0.0
1764216000000,771880.0483884766,771880.0483884766,0,0.0,0.0,0.0,0.0
1764230400000,771880.0483884766,771880.0483884766,0,0.0,0.0,0.0,0.0
1764244800000,771880.0483884766,771880.0483884766,0,0.0,0.0,0.0,0.0
1764259200000,771880.0483884766,771880.0483884766,0,0.0,0.0,0.0,0.0
1764273600000,771880.0483884766,771880.0483884766,0,0.0,0.0,0.0,0.0
1764288000000,771880.0483884766,771880.0483884766,0,0.0,0.0,0.0,0.0
1764302400000,771880.0483884766,771880.0483884766,0,0.0,0.0,0.0,0.0
1764316800000,771880.0483884766,771880.0483884766,0,0.0,0.0,0.0,0.0
1764331200000,771880.0483884766,771880.0483884766,0,0.0,0.0,0.0,0.0
1764345600000,771880.0483884766,771880.0483884766,0,0.0,0.0,0.0,0.0
1764360000000,771880.0483884766,771880.0483884766,0,0.0,0.0,0.0,0.0
1764374400000,771880.0483884766,771880.0483884766,0,0.0,0.0,0.0,0.0
1764388800000,771880.0483884766,771880.0483884766,0,0.0,0.0,0.0,0.0
1764403200000,771880.0483884766,771880.0483884766,0,0.0,0.0,0.0,0.0
1764417600000,771880.0483884766,771880.0483884766,0,0.0,0.0,0.0,0.0
1764432000000,771880.0483884766,771880.0483884766,0,0.0,0.0,0.0,0.0
1764446400000,771880.0483884766,771880.0483884766,0,0.0,0.0,0.0,0.0
1764460800000,771880.0483884766,771880.0483884766,0,0.0,0.0,0.0,0.0
1764475200000,771880.0483884766,771880.0483884766,0,0.0,0.0,0.0,0.0
1764489600000,771880.0483884766,771880.0483884766,0,0.0,0.0,0.0,0.0
1764504000000,776279.4688034696,771880.0483884766,1,934673.4026207307,15437.600967769533,15437.600967769533,934673.4026207307
1764518400000,769631.2477164738,771880.0483884766,1,941321.6237077265,15437.600967769533,15437.600967769533,941321.6237077265
1764532800000,780923.5345426508,771670.912734151,1,929820.2012272238,15437.600967769533,15437.600967769533,929820.2012272238
1764547200000,800984.7554712894,787017.6939398105,1,455569.3499863829,7718.800483884766,7718.800483884766,455569.3499863829
1764561600000,863878.4867118688,802844.0981696186,2,862211.536920418,15727.285357458317,15727.285357458317,862211.536920418
1764576000000,856162.2691208939,802844.0981696186,3,2101207.7029801942,33005.276506260394,33005.276506260394,2101207.7029801942
1764590400000,870491.3193031491,802742.0414505476,3,2086776.596078868,33005.276506260394,33005.276506260394,2086776.596078868
1764604800000,913645.7916894992,821705.1503888862,4,1496975.4329908313,25273.497599062168,25273.497599062168,1496975.4329908313
1764619200000,916955.2472969068,821689.5564940263,4,1493650.383488564,25273.497599062168,25273.497599062168,1493650.383488564
1764633600000,894391.8648800578,821566.4284991794,3,900450.6636761655,16634.502024661128,16634.502024661128,900450.6636761655
1764648000000,889485.2380734581,821434.9733776437,3,905225.8353612295,16634.502024661128,16634.502024661128,905225.8353612295
1764662400000,887866.9062381332,821434.9733776437,3,906844.1671965544,16634.502024661128,16634.502024661128,906844.1671965544
1764676800000,880513.0323388682,855656.0501632956,1,428852.5317692337,8008.484873573551,8008.484873573551,428852.5317692337
1764691200000,873975.1636910919,873975.1636910919,0,0.0,0.0,0.0,0.0
1764705600000,873975.1636910919,873975.1636910919,0,0.0,0.0,0.0,0.0
1764720000000,873975.1636910919,873975.1636910919,0,0.0,0.0,0.0,0.0
1764734400000,873975.1636910919,873975.1636910919,0,0.0,0.0,0.0,0.0
1764748800000,873975.1636910919,873975.1636910919,0,0.0,0.0,0.0,0.0
1764763200000,873975.1636910919,873975.1636910919,0,0.0,0.0,0.0,0.0
1764777600000,873975.1636910919,873975.1636910919,0,0.0,0.0,0.0,0.0
1764792000000,873975.1636910919,873975.1636910919,0,0.0,0.0,0.0,0.0
1764806400000,873975.1636910919,873975.1636910919,0,0.0,0.0,0.0,0.0
1764820800000,873975.1636910919,873975.1636910919,0,0.0,0.0,0.0,0.0
1764835200000,873975.1636910919,873975.1636910919,0,0.0,0.0,0.0,0.0
1764849600000,873975.1636910919,873975.1636910919,0,0.0,0.0,0.0,0.0
1764864000000,873975.1636910919,873975.1636910919,0,0.0,0.0,0.0,0.0
1764878400000,873975.1636910919,873975.1636910919,0,0.0,0.0,0.0,0.0
1764892800000,873975.1636910919,873975.1636910919,0,0.0,0.0,0.0,0.0
1764907200000,873975.1636910919,873975.1636910919,0,0.0,0.0,0.0,0.0
1764921600000,873975.1636910919,873975.1636910919,0,0.0,0.0,0.0,0.0
1764936000000,873975.1636910919,873975.1636910919,0,0.0,0.0,0.0,0.0
1764950400000,873975.1636910919,873975.1636910919,0,0.0,0.0,0.0,0.0
1764964800000,873975.1636910919,873975.1636910919,0,0.0,0.0,0.0,0.0
1764979200000,873975.1636910919,873975.1636910919,0,0.0,0.0,0.0,0.0
1764993600000,873975.1636910919,873975.1636910919,0,0.0,0.0,0.0,0.0
1765008000000,873975.1636910919,873975.1636910919,0,0.0,0.0,0.0,0.0
1765022400000,873975.1636910919,873975.1636910919,0,0.0,0.0,0.0,0.0
1765036800000,873975.1636910919,873975.1636910919,0,0.0,0.0,0.0,0.0
1765051200000,873975.1636910919,873975.1636910919,0,0.0,0.0,0.0,0.0
1765065600000,873975.1636910919,873975.1636910919,0,0.0,0.0,0.0,0.0
1765080000000,873975.1636910919,873975.1636910919,0,0.0,0.0,0.0,0.0
1765094400000,873975.1636910919,873975.1636910919,0,0.0,0.0,0.0,0.0
1765108800000,873975.1636910919,873975.1636910919,0,0.0,0.0,0.0,0.0
1765123200000,873975.1636910919,873975.1636910919,0,0.0,0.0,0.0,0.0
1765137600000,873975.1636910919,873975.1636910919,0,0.0,0.0,0.0,0.0
1765152000000,873975.1636910919,873975.1636910919,0,0.0,0.0,0.0,0.0
1765166400000,873975.1636910919,873975.1636910919,0,0.0,0.0,0.0,0.0
1765180800000,873975.1636910919,873975.1636910919,0,0.0,0.0,0.0,0.0
1765195200000,873975.1636910919,873975.1636910919,0,0.0,0.0,0.0,0.0
1765209600000,873975.1636910919,873975.1636910919,0,0.0,0.0,0.0,0.0
1765224000000,873975.1636910919,873975.1636910919,0,0.0,0.0,0.0,0.0
1765238400000,873975.1636910919,873975.1636910919,0,0.0,0.0,0.0,0.0
1765252800000,873975.1636910919,873975.1636910919,0,0.0,0.0,0.0,0.0
1765267200000,873975.1636910919,873975.1636910919,0,0.0,0.0,0.0,0.0
1765281600000,873975.1636910919,873975.1636910919,0,0.0,0.0,0.0,0.0
1765296000000,873975.1636910919,873975.1636910919,0,0.0,0.0,0.0,0.0
1765310400000,873975.1636910919,873975.1636910919,0,0.0,0.0,0.0,0.0
1765324800000,873975.1636910919,873975.1636910919,0,0.0,0.0,0.0,0.0
1765339200000,873975.1636910919,873975.1636910919,0,0.0,0.0,0.0,0.0
1765353600000,873975.1636910919,873975.1636910919,0,0.0,0.0,0.0,0.0
1765368000000,873975.1636910919,873975.1636910919,0,0.0,0.0,0.0,0.0
1765382400000,873975.1636910919,873975.1636910919,0,0.0,0.0,0.0,0.0
1765396800000,873975.1636910919,873975.1636910919,0,0.0,0.0,0.0,0.0
1765411200000,873975.1636910919,873975.1636910919,0,0.0,0.0,0.0,0.0
1765425600000,873975.1636910919,873975.1636910919,0,0.0,0.0,0.0,0.0
1765440000000,875314.3664626677,873975.1636910919,1,970442.955889242,17479.50327382184,17479.50327382184,970442.955889242
1765454400000,875907.6562317598,873975.1636910919,1,969849.6661201499,17479.50327382184,17479.50327382184,969849.6661201499
1765468800000,876646.4699064782,873975.1636910919,1,969110.8524454315,17479.50327382184,17479.50327382184,969110.8524454315
1765483200000,865060.5281893028,873975.1636910919,1,980696.7941626069,17479.50327382184,17479.50327382184,980696.7941626069
1765497600000,856297.8080848831,856297.8080848831,0,0.0,0.0,0.0,0.0
1765512000000,856297.8080848831,856297.8080848831,0,0.0,0.0,0.0,0.0
1765526400000,856297.8080848831,856297.8080848831,0,0.0,0.0,0.0,0.0
1765540800000,856297.8080848831,856297.8080848831,0,0.0,0.0,0.0,0.0
1765555200000,856297.8080848831,856297.8080848831,0,0.0,0.0,0.0,0.0
1765569600000,856297.8080848831,856297.8080848831,0,0.0,0.0,0.0,0.0
1765584000000,856297.8080848831,856297.8080848831,0,0.0,0.0,0.0,0.0
1765598400000,856297.8080848831,856297.8080848831,0,0.0,0.0,0.0,0.0
1765612800000,856297.8080848831,856297.8080848831,0,0.0,0.0,0.0,0.0
1765627200000,856297.8080848831,856297.8080848831,0,0.0,0.0,0.0,0.0
1765641600000,856297.8080848831,856297.8080848831,0,0.0,0.0,0.0,0.0
1765656000000,856297.8080848831,856297.8080848831,0,0.0,0.0,0.0,0.0
1765670400000,856297.8080848831,856297.8080848831,0,0.0,0.0,0.0,0.0
1765684800000,856297.8080848831,856297.8080848831,0,0.0,0.0,0.0,0.0
1765699200000,856297.8080848831,856297.8080848831,0,0.0,0.0,0.0,0.0
1765713600000,856297.8080848831,856297.8080848831,0,0.0,0.0,0.0,0.0
1765728000000,856297.8080848831,856297.8080848831,0,0.0,0.0,0.0,0.0
1765742400000,856297.8080848831,856297.8080848831,0,0.0,0.0,0.0,0.0
1765756800000,859463.1630964092,856297.8080848831,2,2001138.3826253628,34244.23389881551,34244.23389881551,2001138.3826253628
1765771200000,821554.0424575511,821554.0424575511,0,0.0,0.0,0.0,0.0
1765785600000,821554.0424575511,821554.0424575511,0,0.0,0.0,0.0,0.0
1765800000000,821554.0424575511,821554.0424575511,0,0.0,0.0,0.0,0.0
1765814400000,821554.0424575511,821554.0424575511,0,0.0,0.0,0.0,0.0
1765828800000,832760.604364861,821554.0424575511,1,1059828.8969502978,16431.08084915102,16431.08084915102,1059828.8969502978
1765843200000,822187.625709827,821554.0424575511,1,1070401.8756053317,16431.08084915102,16431.08084915102,1070401.8756053317
1765857600000,825853.2574605109,821554.0424575511,1,1066736.243854648,16431.08084915102,16431.08084915102,1066736.243854648
1765872000000,820317.4054288659,821554.0424575511,1,1072272.0958862929,16431.08084915102,16431.08084915102,1072272.0958862929
1765886400000,812736.7792233698,821554.0424575511,1,1079852.7220917891,16431.08084915102,16431.08084915102,1079852.7220917891
1765900800000,810962.9849969117,810962.9849969117,0,0.0,0.0,0.0,0.0
1765915200000,810962.9849969117,810962.9849969117,0,0.0,0.0,0.0,0.0
1765929600000,810962.9849969117,810962.9849969117,0,0.0,0.0,0.0,0.0
1765944000000,810962.9849969117,810962.9849969117,0,0.0,0.0,0.0,0.0
1765958400000,810962.9849969117,810962.9849969117,0,0.0,0.0,0.0,0.0
1765972800000,810962.9849969117,810962.9849969117,0,0.0,0.0,0.0,0.0
1765987200000,810962.9849969117,810962.9849969117,0,0.0,0.0,0.0,0.0
1766001600000,810962.9849969117,810962.9849969117,0,0.0,0.0,0.0,0.0
1766016000000,810962.9849969117,810962.9849969117,0,0.0,0.0,0.0,0.0
1766030400000,810962.9849969117,810962.9849969117,0,0.0,0.0,0.0,0.0
1766044800000,810962.9849969117,810962.9849969117,0,0.0,0.0,0.0,0.0
1766059200000,810962.9849969117,810962.9849969117,0,0.0,0.0,0.0,0.0
1766073600000,810962.9849969117,810962.9849969117,0,0.0,0.0,0.0,0.0
1766088000000,810962.9849969117,810962.9849969117,0,0.0,0.0,0.0,0.0
1766102400000,810962.9849969117,810962.9849969117,0,0.0,0.0,0.0,0.0
1766116800000,810962.9849969117,810962.9849969117,0,0.0,0.0,0.0,0.0
1766131200000,810962.9849969117,810962.9849969117,0,0.0,0.0,0.0,0.0
1766145600000,810962.9849969117,810962.9849969117,0,0.0,0.0,0.0,0.0
1766160000000,810962.9849969117,810962.9849969117,0,0.0,0.0,0.0,0.0
1766174400000,810962.9849969117,810962.9849969117,0,0.0,0.0,0.0,0.0
1766188800000,810962.9849969117,810962.9849969117,0,0.0,0.0,0.0,0.0
1766203200000,810962.9849969117,810962.9849969117,0,0.0,0.0,0.0,0.0
1766217600000,810962.9849969117,810962.9849969117,0,0.0,0.0,0.0,0.0
1766232000000,810962.9849969117,810962.9849969117,0,0.0,0.0,0.0,0.0
1766246400000,810962.9849969117,810962.9849969117,0,0.0,0.0,0.0,0.0
1766260800000,810962.9849969117,810962.9849969117,0,0.0,0.0,0.0,0.0
1766275200000,810962.9849969117,810962.9849969117,0,0.0,0.0,0.0,0.0
1766289600000,810962.9849969117,810962.9849969117,0,0.0,0.0,0.0,0.0
1766304000000,810962.9849969117,810962.9849969117,0,0.0,0.0,0.0,0.0
1766318400000,810962.9849969117,810962.9849969117,0,0.0,0.0,0.0,0.0
1766332800000,810962.9849969117,810962.9849969117,0,0.0,0.0,0.0,0.0
1766347200000,810962.9849969117,810962.9849969117,0,0.0,0.0,0.0,0.0
1766361600000,810962.9849969117,810962.9849969117,0,0.0,0.0,0.0,0.0
1766376000000,810962.9849969117,810962.9849969117,0,0.0,0.0,0.0,0.0
1766390400000,810962.9849969117,810962.9849969117,0,0.0,0.0,0.0,0.0
1766404800000,810962.9849969117,810962.9849969117,0,0.0,0.0,0.0,0.0
1766419200000,810962.9849969117,810962.9849969117,0,0.0,0.0,0.0,0.0
1766433600000,810962.9849969117,810962.9849969117,0,0.0,0.0,0.0,0.0
1766448000000,810962.9849969117,810962.9849969117,0,0.0,0.0,0.0,0.0
1766462400000,810962.9849969117,810962.9849969117,0,0.0,0.0,0.0,0.0
1766476800000,810962.9849969117,810962.9849969117,0,0.0,0.0,0.0,0.0
1766491200000,810962.9849969117,810962.9849969117,0,0.0,0.0,0.0,0.0
1766505600000,810962.9849969117,810962.9849969117,0,0.0,0.0,0.0,0.0
1766520000000,801417.0756541527,810962.9849969117,2,1798490.5934231547,32431.087383789174,32431.087383789174,1798490.5934231547
1766534400000,778167.6224588298,778167.6224588298,0,0.0,0.0,0.0,0.0
1766548800000,778167.6224588298,778167.6224588298,0,0.0,0.0,0.0,0.0
1766563200000,790907.4104705371,778167.6224588298,2,1760279.3852368826,31120.129801781895,31120.129801781895,1760279.3852368826
1766577600000,778546.5952997084,778129.1736225362,2,1772601.7515714176,31120.129801781895,31120.129801781895,1772601.7515714176
1766592000000,776684.7194141829,778129.1736225362,2,1774463.627456943,31120.129801781895,31120.129801781895,1774463.627456943
1766606400000,776514.0432097114,778145.3576864285,2,1774650.4877253068,31120.129801781895,31120.129801781895,1774650.4877253068
1766620800000,778316.1086219801,778145.3576864285,2,1772848.4223130383,31120.129801781895,31120.129801781895,1772848.4223130383
1766635200000,773626.7041869928,778296.4358282615,2,1777688.9048898586,31120.129801781895,31120.129801781895,1777688.9048898586
1766649600000,774159.0907070872,778296.4358282615,2,1777156.518369764,31120.129801781895,31120.129801781895,1777156.518369764
1766664000000,786585.951063789,778441.4518220859,2,1764874.6740068868,31120.129801781895,31120.129801781895,1764874.6740068868
1766678400000,757357.7408304963,764021.6328320106,1,828386.5859994718,15563.352449176597,15563.352449176597,828386.5859994718
1766692800000,752404.6954968225,752404.6954968225,0,0.0,0.0,0.0,0.0
1766707200000,752404.6954968225,752404.6954968225,0,0.0,0.0,0.0,0.0
1766721600000,752404.6954968225,752404.6954968225,0,0.0,0.0,0.0,0.0
1766736000000,752404.6954968225,752404.6954968225,0,0.0,0.0,0.0,0.0
1766750400000,752404.6954968225,752404.6954968225,0,0.0,0.0,0.0,0.0
1766764800000,752404.6954968225,752404.6954968225,0,0.0,0.0,0.0,0.0
1766779200000,752404.6954968225,752404.6954968225,0,0.0,0.0,0.0,0.0
1766793600000,752404.6954968225,752404.6954968225,0,0.0,0.0,0.0,0.0
1766808000000,752404.6954968225,752404.6954968225,0,0.0,0.0,0.0,0.0
1766822400000,752404.6954968225,752404.6954968225,0,0.0,0.0,0.0,0.0
1766836800000,752404.6954968225,752404.6954968225,0,0.0,0.0,0.0,0.0
1766851200000,752404.6954968225,752404.6954968225,0,0.0,0.0,0.0,0.0
1766865600000,752404.6954968225,752404.6954968225,0,0.0,0.0,0.0,0.0
1766880000000,752404.6954968225,752404.6954968225,0,0.0,0.0,0.0,0.0
1766894400000,752404.6954968225,752404.6954968225,0,0.0,0.0,0.0,0.0
1766908800000,752404.6954968225,752404.6954968225,0,0.0,0.0,0.0,0.0
1766923200000,752404.6954968225,752404.6954968225,0,0.0,0.0,0.0,0.0
1766937600000,752404.6954968225,752404.6954968225,0,0.0,0.0,0.0,0.0
1766952000000,752404.6954968225,752404.6954968225,0,0.0,0.0,0.0,0.0
1766966400000,752404.6954968225,752404.6954968225,0,0.0,0.0,0.0,0.0
1766980800000,752404.6954968225,752404.6954968225,0,0.0,0.0,0.0,0.0
1766995200000,752404.6954968225,752404.6954968225,0,0.0,0.0,0.0,0.0
1767009600000,752404.6954968225,752404.6954968225,0,0.0,0.0,0.0,0.0
1767024000000,752404.6954968225,752404.6954968225,0,0.0,0.0,0.0,0.0
1767038400000,752404.6954968225,752404.6954968225,0,0.0,0.0,0.0,0.0
1767052800000,752404.6954968225,752404.6954968225,0,0.0,0.0,0.0,0.0
1767067200000,752404.6954968225,752404.6954968225,0,0.0,0.0,0.0,0.0
1767081600000,752404.6954968225,752404.6954968225,0,0.0,0.0,0.0,0.0
1767096000000,752404.6954968225,752404.6954968225,0,0.0,0.0,0.0,0.0
1767110400000,752404.6954968225,752404.6954968225,0,0.0,0.0,0.0,0.0
1767124800000,752404.6954968225,752404.6954968225,0,0.0,0.0,0.0,0.0
1767139200000,752404.6954968225,752404.6954968225,0,0.0,0.0,0.0,0.0
1767153600000,752404.6954968225,752404.6954968225,0,0.0,0.0,0.0,0.0
1767168000000,752404.6954968225,752404.6954968225,0,0.0,0.0,0.0,0.0
1767182400000,752404.6954968225,752404.6954968225,0,0.0,0.0,0.0,0.0
1767196800000,752404.6954968225,752404.6954968225,0,0.0,0.0,0.0,0.0
1767211200000,784685.8989614344,767347.7522686694,1,522895.63766479894,7524.046954968224,7524.046954968224,522895.63766479894
1767225600000,773120.7239618766,767347.7522686694,2,1899432.1381496228,23217.764934196915,23217.764934196915,1899432.1381496228
1767240000000,763764.5442006898,751066.8229979102,1,527536.0631547844,7524.046954968224,7524.046954968224,527536.0631547844
1767254400000,763139.8715385763,751066.8229979102,1,528160.7358168977,7524.046954968224,7524.046954968224,528160.7358168977
1767268800000,759951.8017129111,759951.8017129111,0,0.0,0.0,0.0,0.0
1767283200000,759951.8017129111,759951.8017129111,0,0.0,0.0,0.0,0.0
1767297600000,759951.8017129111,759951.8017129111,0,0.0,0.0,0.0,0.0
1767312000000,759951.8017129111,759951.8017129111,0,0.0,0.0,0.0,0.0
1767326400000,759951.8017129111,759951.8017129111,0,0.0,0.0,0.0,0.0
1767340800000,759951.8017129111,759951.8017129111,0,0.0,0.0,0.0,0.0
1767355200000,759951.8017129111,759951.8017129111,0,0.0,0.0,0.0,0.0
1767369600000,759951.8017129111,759951.8017129111,0,0.0,0.0,0.0,0.0
1767384000000,759951.8017129111,759951.8017129111,0,0.0,0.0,0.0,0.0
1767398400000,759951.8017129111,759951.8017129111,0,0.0,0.0,0.0,0.0
1767412800000,759951.8017129111,759951.8017129111,0,0.0,0.0,0.0,0.0
1767427200000,750598.0535147582,759951.8017129111,1,825087.179576895,15199.036034258223,0.0,0.0
1767441600000,752570.1130801027,759923.5754804978,1,827087.4653746528,15199.036034258223,0.0,0.0
1767456000000,753349.9307742887,759923.5754804978,1,827867.2830688388,15199.036034258223,0.0,0.0
1767470400000,756549.2775870735,759896.8271748692,1,831093.378187252,15199.036034258223,0.0,0.0
1767484800000,760146.5872927875,759896.8271748692,1,834690.687892966,15199.036034258223,0.0,0.0
1767499200000,765493.8178725849,759833.4048491159,1,840101.3407985168,15199.036034258223,0.0,0.0
1767513600000,763832.6993596271,759833.4048491159,1,838440.222285559,15199.036034258223,0.0,0.0
1767528000000,763513.1193953136,759831.6273012685,1,838122.4198690928,15199.036034258223,0.0,0.0
1767542400000,762396.8050248692,759831.6273012685,1,837006.1054986484,15199.036034258223,0.0,0.0
1767556800000,761580.4934392425,759771.0979329522,1,836250.323281338,15199.036034258223,0.0,0.0
1767571200000,764787.8942978636,759771.0979329522,1,839457.7241399592,15199.036034258223,0.0,0.0
1767585600000,775783.0102756958,759704.5533309272,1,850519.3847198164,15199.036034258223,0.0,0.0
1767600000000,768107.6813267558,759704.5533309272,1,842844.0557708764,15199.036034258223,0.0,0.0
1767614400000,774209.8913580944,759696.4110187811,1,848954.4081143611,15199.036034258223,0.0,0.0
1767628800000,778378.7112917393,759696.4110187811,1,853123.228048006,15199.036034258223,0.0,0.0
1767643200000,785583.3477624584,759653.0159072373,1,860371.2596302689,15199.036034258223,0.0,0.0
1767657600000,786138.8343391388,759653.0159072373,1,860926.7462069492,15199.036034258223,0.0,0.0
1767672000000,786115.0590057072,759583.8402285962,1,860972.1465521588,15199.036034258223,0.0,0.0
1767686400000,784547.4117917101,759583.8402285962,1,859404.4993381615,15199.036034258223,0.0,0.0
1767700800000,789388.88492515,759524.7466879564,1,864305.0660122413,15199.036034258223,0.0,0.0
1767715200000,798570.4370916273,759524.7466879564,1,873486.6181787186,15199.036034258223,0.0,0.0
1767729600000,785564.8388317,759487.6235066837,1,860518.1431000641,15199.036034258223,0.0,0.0
1767744000000,805135.0582255182,759487.6235066837,1,880088.3624938822,15199.036034258223,0.0,0.0
1767758400000,797085.2123319942,759420.2265443992,1,872105.9135626429,15199.036034258223,0.0,0.0
1767772800000,793992.6476406675,759420.2265443992,1,869013.3488713162,15199.036034258223,0.0,0.0
1767787200000,784518.2630553053,759357.0664601034,1,859602.1243702498,15199.036034258223,0.0,0.0
1767801600000,769771.1626878568,759357.0664601034,1,844855.0240028013,15199.036034258223,0.0,0.0
1767816000000,769569.2255442268,769569.2255442268,0,0.0,0.0,0.0,0.0
1767830400000,769569.2255442268,769569.2255442268,0,0.0,0.0,0.0,0.0
1767844800000,769569.2255442268,769569.2255442268,0,0.0,0.0,0.0,0.0
1767859200000,769569.2255442268,769569.2255442268,0,0.0,0.0,0.0,0.0
1767873600000,769569.2255442268,769569.2255442268,0,0.0,0.0,0.0,0.0
1767888000000,769569.2255442268,769569.2255442268,0,0.0,0.0,0.0,0.0
1767902400000,769569.2255442268,769569.2255442268,0,0.0,0.0,0.0,0.0
1767916800000,769569.2255442268,769569.2255442268,0,0.0,0.0,0.0,0.0
1767931200000,769569.2255442268,769569.2255442268,0,0.0,0.0,0.0,0.0
1767945600000,769569.2255442268,769569.2255442268,0,0.0,0.0,0.0,0.0
1767960000000,769569.2255442268,769569.2255442268,0,0.0,0.0,0.0,0.0
1767974400000,769569.2255442268,769569.2255442268,0,0.0,0.0,0.0,0.0
1767988800000,769569.2255442268,769569.2255442268,0,0.0,0.0,0.0,0.0
1768003200000,769569.2255442268,769569.2255442268,0,0.0,0.0,0.0,0.0
1768017600000,769569.2255442268,769569.2255442268,0,0.0,0.0,0.0,0.0
1768032000000,769569.2255442268,769569.2255442268,0,0.0,0.0,0.0,0.0
1768046400000,769569.2255442268,769569.2255442268,0,0.0,0.0,0.0,0.0
1768060800000,769569.2255442268,769569.2255442268,0,0.0,0.0,0.0,0.0
1768075200000,769569.2255442268,769569.2255442268,0,0.0,0.0,0.0,0.0
1768089600000,769569.2255442268,769569.2255442268,0,0.0,0.0,0.0,0.0
1768104000000,769569.2255442268,769569.2255442268,0,0.0,0.0,0.0,0.0
1768118400000,769569.2255442268,769569.2255442268,0,0.0,0.0,0.0,0.0
1768132800000,769569.2255442268,769569.2255442268,0,0.0,0.0,0.0,0.0
1768147200000,769569.2255442268,769569.2255442268,0,0.0,0.0,0.0,0.0
1768161600000,769569.2255442268,769569.2255442268,0,0.0,0.0,0.0,0.0
1768176000000,769569.2255442268,769569.2255442268,0,0.0,0.0,0.0,0.0
1768190400000,761754.1983574765,761754.1983574765,0,0.0,0.0,0.0,0.0
1768204800000,754027.0312843348,754027.0312843348,0,0.0,0.0,0.0,0.0
1768219200000,760055.88294653,754027.0312843348,1,490121.77844586084,7540.2703128433495,7540.2703128433495,490121.77844586084
1768233600000,765923.4991413963,761519.19458823,1,243671.01050086174,3770.1351564216748,3770.1351564216748,243671.01050086174
1768248000000,768935.1511575377,761529.972090814,1,240670.13598730433,3770.1351564216748,3770.1351564216748,240670.13598730433
1768262400000,769314.2089908292,761529.972090814,1,240291.07815401285,3770.1351564216748,3770.1351564216748,240291.07815401285
1768276800000,768948.9192430904,761543.7401763668,1,240670.13598730433,3770.1351564216748,3770.1351564216748,240670.13598730433
1768291200000,767116.8063821817,761543.7401763668,1,242502.24884821306,3770.1351564216748,3770.1351564216748,242502.24884821306
1768305600000,768657.2865714134,761567.9890324327,1,240986.01751504725,3770.1351564216748,3770.1351564216748,240986.01751504725
1768320000000,766382.9395716647,761567.9890324327,1,243260.364514796,3770.1351564216748,3770.1351564216748,243260.364514796
1768334400000,763818.5690760952,763818.5690760952,0,0.0,0.0,0.0,0.0
1768348800000,763818.5690760952,763818.5690760952,0,0.0,0.0,0.0,0.0
1768363200000,763818.5690760952,763818.5690760952,0,0.0,0.0,0.0,0.0
1768377600000,763818.5690760952,763818.5690760952,0,0.0,0.0,0.0,0.0
1768392000000,763818.5690760952,763818.5690760952,0,0.0,0.0,0.0,0.0
1768406400000,763818.5690760952,763818.5690760952,0,0.0,0.0,0.0,0.0
1768420800000,763818.5690760952,763818.5690760952,0,0.0,0.0,0.0,0.0
1768435200000,763818.5690760952,763818.5690760952,0,0.0,0.0,0.0,0.0
1768449600000,763818.5690760952,763818.5690760952,0,0.0,0.0,0.0,0.0
1768464000000,763818.5690760952,763818.5690760952,0,0.0,0.0,0.0,0.0
1768478400000,763818.5690760952,763818.5690760952,0,0.0,0.0,0.0,0.0
1768492800000,763818.5690760952,763818.5690760952,0,0.0,0.0,0.0,0.0
1768507200000,763818.5690760952,763818.5690760952,0,0.0,0.0,0.0,0.0
1768521600000,763818.5690760952,763818.5690760952,0,0.0,0.0,0.0,0.0
1768536000000,763818.5690760952,763818.5690760952,0,0.0,0.0,0.0,0.0
1768550400000,763818.5690760952,763818.5690760952,0,0.0,0.0,0.0,0.0
1768564800000,763818.5690760952,763818.5690760952,0,0.0,0.0,0.0,0.0
1768579200000,763818.5690760952,763818.5690760952,0,0.0,0.0,0.0,0.0
1768593600000,763818.5690760952,763818.5690760952,0,0.0,0.0,0.0,0.0
1768608000000,763818.5690760952,763818.5690760952,0,0.0,0.0,0.0,0.0
1768622400000,763818.5690760952,763818.5690760952,0,0.0,0.0,0.0,0.0
1768636800000,763818.5690760952,763818.5690760952,0,0.0,0.0,0.0,0.0
1768651200000,763818.5690760952,763818.5690760952,0,0.0,0.0,0.0,0.0
1768665600000,763818.5690760952,763818.5690760952,0,0.0,0.0,0.0,0.0
1768680000000,763818.5690760952,763818.5690760952,0,0.0,0.0,0.0,0.0
1768694400000,763818.5690760952,763818.5690760952,0,0.0,0.0,0.0,0.0
1768708800000,763818.5690760952,763818.5690760952,0,0.0,0.0,0.0,0.0
1768723200000,763818.5690760952,763818.5690760952,0,0.0,0.0,0.0,0.0
1768737600000,763818.5690760952,763818.5690760952,0,0.0,0.0,0.0,0.0
1768752000000,763818.5690760952,763818.5690760952,0,0.0,0.0,0.0,0.0
1768766400000,763818.5690760952,763818.5690760952,0,0.0,0.0,0.0,0.0
1768780800000,763818.5690760952,763818.5690760952,0,0.0,0.0,0.0,0.0
1768795200000,763818.5690760952,763818.5690760952,0,0.0,0.0,0.0,0.0
1768809600000,764901.8511223726,763818.5690760952,1,276184.0080421572,7638.185690760953,7638.185690760953,276184.0080421572
1768824000000,761022.9236221457,763811.380006366,1,280055.74647265475,7638.185690760953,7638.185690760953,280055.74647265475
1768838400000,762844.918177674,763811.380006366,1,278233.7519171265,7638.185690760953,7638.185690760953,278233.7519171265
1768852800000,759670.5082642089,763825.4605650753,1,281422.2423893009,7638.185690760953,7638.185690760953,281422.2423893009
1768867200000,760126.0069030909,763825.4605650753,1,280966.7437504189,7638.185690760953,7638.185690760953,280966.7437504189
1768881600000,763114.8426022616,763853.5551115125,1,278006.0025976855,7638.185690760953,7638.185690760953,278006.0025976855
1768896000000,763494.42480133,763853.5551115125,1,277626.4203986171,7638.185690760953,7638.185690760953,277626.4203986171
1768910400000,769652.9069469129,763862.8056321876,1,271477.18877370923,7638.185690760953,7638.185690760953,271477.18877370923
1768924800000,768438.243909894,763862.8056321876,1,272691.8518107281,7638.185690760953,7638.185690760953,272691.8518107281
1768939200000,773777.3524153252,763887.7633506614,1,267377.70102377067,7638.185690760953,7638.185690760953,267377.70102377067
1768953600000,775067.9318921578,763887.7633506614,1,266087.12154693814,7638.185690760953,7638.185690760953,266087.12154693814
1768968000000,769377.163046895,763890.7274914244,1,271780.85453296395,7638.185690760953,7638.185690760953,271780.85453296395
1768982400000,768238.4164496898,763890.7274914244,1,272919.6011301691,7638.185690760953,7638.185690760953,272919.6011301691
1768996800000,772056.1566135405,763912.6456645912,1,269123.77913948527,7638.185690760953,7638.185690760953,269123.77913948527
1769011200000,765639.9618164796,765639.9618164796,0,0.0,0.0,0.0,0.0
1769025600000,765639.9618164796,765639.9618164796,0,0.0,0.0,0.0,0.0
1769040000000,765639.9618164796,765639.9618164796,0,0.0,0.0,0.0,0.0
1769054400000,765639.9618164796,765639.9618164796,0,0.0,0.0,0.0,0.0
1769068800000,765639.9618164796,765639.9618164796,0,0.0,0.0,0.0,0.0
1769083200000,765639.9618164796,765639.9618164796,0,0.0,0.0,0.0,0.0
1769097600000,765639.9618164796,765639.9618164796,0,0.0,0.0,0.0,0.0
1769112000000,765639.9618164796,765639.9618164796,0,0.0,0.0,0.0,0.0
1769126400000,765639.9618164796,765639.9618164796,0,0.0,0.0,0.0,0.0
1769140800000,765639.9618164796,765639.9618164796,0,0.0,0.0,0.0,0.0
1769155200000,765639.9618164796,765639.9618164796,0,0.0,0.0,0.0,0.0
1769169600000,765639.9618164796,765639.9618164796,0,0.0,0.0,0.0,0.0
1769184000000,765639.9618164796,765639.9618164796,0,0.0,0.0,0.0,0.0
1769198400000,765639.9618164796,765639.9618164796,0,0.0,0.0,0.0,0.0
1769212800000,765639.9618164796,765639.9618164796,0,0.0,0.0,0.0,0.0
1769227200000,765639.9618164796,765639.9618164796,0,0.0,0.0,0.0,0.0
1769241600000,765639.9618164796,765639.9618164796,0,0.0,0.0,0.0,0.0
1769256000000,765639.9618164796,765639.9618164796,0,0.0,0.0,0.0,0.0
1769270400000,765639.9618164796,765639.9618164796,0,0.0,0.0,0.0,0.0
1769284800000,765639.9618164796,765639.9618164796,0,0.0,0.0,0.0,0.0
1769299200000,765639.9618164796,765639.9618164796,0,0.0,0.0,0.0,0.0
1769313600000,765639.9618164796,765639.9618164796,0,0.0,0.0,0.0,0.0
1769328000000,765639.9618164796,765639.9618164796,0,0.0,0.0,0.0,0.0
1769342400000,765639.9618164796,765639.9618164796,0,0.0,0.0,0.0,0.0
1769356800000,765639.9618164796,765639.9618164796,0,0.0,0.0,0.0,0.0
1769371200000,765639.9618164796,765639.9618164796,0,0.0,0.0,0.0,0.0
1769385600000,749091.8385768238,765639.9618164796,2,1887872.25828043,30618.686627767405,30618.686627767405,1887872.25828043
1769400000000,734309.7376588265,734309.7376588265,0,0.0,0.0,0.0,0.0
1769414400000,734309.7376588265,734309.7376588265,0,0.0,0.0,0.0,0.0
1769428800000,734309.7376588265,734309.7376588265,0,0.0,0.0,0.0,0.0
1769443200000,734309.7376588265,734309.7376588265,0,0.0,0.0,0.0,0.0
1769457600000,734309.7376588265,734309.7376588265,0,0.0,0.0,0.0,0.0
1769472000000,734309.7376588265,734309.7376588265,0,0.0,0.0,0.0,0.0
1769486400000,734309.7376588265,734309.7376588265,0,0.0,0.0,0.0,0.0
1769500800000,734309.7376588265,734309.7376588265,0,0.0,0.0,0.0,0.0
1769515200000,734309.7376588265,734309.7376588265,0,0.0,0.0,0.0,0.0
1769529600000,734309.7376588265,734309.7376588265,0,0.0,0.0,0.0,0.0
1769544000000,734309.7376588265,734309.7376588265,0,0.0,0.0,0.0,0.0
1769558400000,734309.7376588265,734309.7376588265,0,0.0,0.0,0.0,0.0
1769572800000,734309.7376588265,734309.7376588265,0,0.0,0.0,0.0,0.0
1769587200000,734309.7376588265,734309.7376588265,0,0.0,0.0,0.0,0.0
1769601600000,734309.7376588265,734309.7376588265,0,0.0,0.0,0.0,0.0
1769616000000,734309.7376588265,734309.7376588265,0,0.0,0.0,0.0,0.0
1769630400000,734309.7376588265,734309.7376588265,0,0.0,0.0,0.0,0.0
1769644800000,734309.7376588265,734309.7376588265,0,0.0,0.0,0.0,0.0
1769659200000,734309.7376588265,734309.7376588265,0,0.0,0.0,0.0,0.0
1769673600000,734309.7376588265,734309.7376588265,0,0.0,0.0,0.0,0.0
1769688000000,734309.7376588265,734309.7376588265,0,0.0,0.0,0.0,0.0
1769702400000,734309.7376588265,734309.7376588265,0,0.0,0.0,0.0,0.0
1769716800000,734309.7376588265,734309.7376588265,0,0.0,0.0,0.0,0.0
1769731200000,734309.7376588265,734309.7376588265,0,0.0,0.0,0.0,0.0
1769745600000,734309.7376588265,734309.7376588265,0,0.0,0.0,0.0,0.0
1769760000000,734309.7376588265,734309.7376588265,0,0.0,0.0,0.0,0.0
1769774400000,734309.7376588265,734309.7376588265,0,0.0,0.0,0.0,0.0
1769788800000,734309.7376588265,734309.7376588265,0,0.0,0.0,0.0,0.0
1769803200000,734309.7376588265,734309.7376588265,0,0.0,0.0,0.0,0.0
1769817600000,734309.7376588265,734309.7376588265,0,0.0,0.0,0.0,0.0
1769832000000,734309.7376588265,734309.7376588265,0,0.0,0.0,0.0,0.0
1769846400000,734309.7376588265,734309.7376588265,0,0.0,0.0,0.0,0.0
1769860800000,734309.7376588265,734309.7376588265,0,0.0,0.0,0.0,0.0
1769875200000,734309.7376588265,734309.7376588265,0,0.0,0.0,0.0,0.0
1769889600000,734309.7376588265,734309.7376588265,0,0.0,0.0,0.0,0.0
1769904000000,734309.7376588265,734309.7376588265,0,0.0,0.0,0.0,0.0
1769918400000,734309.7376588265,734309.7376588265,0,0.0,0.0,0.0,0.0
1769932800000,734309.7376588265,734309.7376588265,0,0.0,0.0,0.0,0.0
1769947200000,734309.7376588265,734309.7376588265,0,0.0,0.0,0.0,0.0
1769961600000,734309.7376588265,734309.7376588265,0,0.0,0.0,0.0,0.0
1769976000000,734309.7376588265,734309.7376588265,0,0.0,0.0,0.0,0.0
1769990400000,734309.7376588265,734309.7376588265,0,0.0,0.0,0.0,0.0
1770004800000,734309.7376588265,734309.7376588265,0,0.0,0.0,0.0,0.0
1770019200000,734309.7376588265,734309.7376588265,0,0.0,0.0,0.0,0.0
1770033600000,734309.7376588265,734309.7376588265,0,0.0,0.0,0.0,0.0
1770048000000,734309.7376588265,734309.7376588265,0,0.0,0.0,0.0,0.0
1770062400000,734309.7376588265,734309.7376588265,0,0.0,0.0,0.0,0.0
1770076800000,734309.7376588265,734309.7376588265,0,0.0,0.0,0.0,0.0
1770091200000,734309.7376588265,734309.7376588265,0,0.0,0.0,0.0,0.0
1770105600000,734309.7376588265,734309.7376588265,0,0.0,0.0,0.0,0.0
1770120000000,734309.7376588265,734309.7376588265,0,0.0,0.0,0.0,0.0
1770134400000,734309.7376588265,734309.7376588265,0,0.0,0.0,0.0,0.0
1770148800000,734309.7376588265,734309.7376588265,0,0.0,0.0,0.0,0.0
1770163200000,734309.7376588265,734309.7376588265,0,0.0,0.0,0.0,0.0
1770177600000,734309.7376588265,734309.7376588265,0,0.0,0.0,0.0,0.0
1770192000000,734309.7376588265,734309.7376588265,0,0.0,0.0,0.0,0.0
1770206400000,734309.7376588265,734309.7376588265,0,0.0,0.0,0.0,0.0
1770220800000,734309.7376588265,734309.7376588265,0,0.0,0.0,0.0,0.0
1770235200000,734309.7376588265,734309.7376588265,0,0.0,0.0,0.0,0.0
1770249600000,734309.7376588265,734309.7376588265,0,0.0,0.0,0.0,0.0
1770264000000,734309.7376588265,734309.7376588265,0,0.0,0.0,0.0,0.0
1770278400000,734309.7376588265,734309.7376588265,0,0.0,0.0,0.0,0.0
1770292800000,734309.7376588265,734309.7376588265,0,0.0,0.0,0.0,0.0
1770307200000,734309.7376588265,734309.7376588265,0,0.0,0.0,0.0,0.0
1770321600000,734309.7376588265,734309.7376588265,0,0.0,0.0,0.0,0.0
1770336000000,734309.7376588265,734309.7376588265,0,0.0,0.0,0.0,0.0
1770350400000,734309.7376588265,734309.7376588265,0,0.0,0.0,0.0,0.0
1770364800000,734309.7376588265,734309.7376588265,0,0.0,0.0,0.0,0.0
1770379200000,734309.7376588265,734309.7376588265,0,0.0,0.0,0.0,0.0
1770393600000,734309.7376588265,734309.7376588265,0,0.0,0.0,0.0,0.0
1770408000000,734309.7376588265,734309.7376588265,0,0.0,0.0,0.0,0.0
1770422400000,734309.7376588265,734309.7376588265,0,0.0,0.0,0.0,0.0
1770436800000,734309.7376588265,734309.7376588265,0,0.0,0.0,0.0,0.0
1770451200000,734309.7376588265,734309.7376588265,0,0.0,0.0,0.0,0.0
1770465600000,734309.7376588265,734309.7376588265,0,0.0,0.0,0.0,0.0
1770480000000,734309.7376588265,734309.7376588265,0,0.0,0.0,0.0,0.0
1770494400000,734309.7376588265,734309.7376588265,0,0.0,0.0,0.0,0.0
1770508800000,734309.7376588265,734309.7376588265,0,0.0,0.0,0.0,0.0
1770523200000,734309.7376588265,734309.7376588265,0,0.0,0.0,0.0,0.0
1770537600000,734309.7376588265,734309.7376588265,0,0.0,0.0,0.0,0.0
1770552000000,734309.7376588265,734309.7376588265,0,0.0,0.0,0.0,0.0
1770566400000,734309.7376588265,734309.7376588265,0,0.0,0.0,0.0,0.0
1770580800000,734309.7376588265,734309.7376588265,0,0.0,0.0,0.0,0.0
1770595200000,734309.7376588265,734309.7376588265,0,0.0,0.0,0.0,0.0
1770609600000,734309.7376588265,734309.7376588265,0,0.0,0.0,0.0,0.0
1770624000000,734309.7376588265,734309.7376588265,0,0.0,0.0,0.0,0.0
1770638400000,734309.7376588265,734309.7376588265,0,0.0,0.0,0.0,0.0
1770652800000,734309.7376588265,734309.7376588265,0,0.0,0.0,0.0,0.0
1770667200000,734309.7376588265,734309.7376588265,0,0.0,0.0,0.0,0.0
1770681600000,734309.7376588265,734309.7376588265,0,0.0,0.0,0.0,0.0
1770696000000,734309.7376588265,734309.7376588265,0,0.0,0.0,0.0,0.0
1770710400000,734309.7376588265,734309.7376588265,0,0.0,0.0,0.0,0.0
1770724800000,734309.7376588265,734309.7376588265,0,0.0,0.0,0.0,0.0
1770739200000,734309.7376588265,734309.7376588265,0,0.0,0.0,0.0,0.0
1770753600000,734309.7376588265,734309.7376588265,0,0.0,0.0,0.0,0.0
1770768000000,734309.7376588265,734309.7376588265,0,0.0,0.0,0.0,0.0
1770782400000,734309.7376588265,734309.7376588265,0,0.0,0.0,0.0,0.0
1770796800000,734309.7376588265,734309.7376588265,0,0.0,0.0,0.0,0.0
1770811200000,734309.7376588265,734309.7376588265,0,0.0,0.0,0.0,0.0
1770825600000,734309.7376588265,734309.7376588265,0,0.0,0.0,0.0,0.0
1770840000000,734309.7376588265,734309.7376588265,0,0.0,0.0,0.0,0.0
1770854400000,734309.7376588265,734309.7376588265,0,0.0,0.0,0.0,0.0
1770868800000,734309.7376588265,734309.7376588265,0,0.0,0.0,0.0,0.0
1770883200000,734309.7376588265,734309.7376588265,0,0.0,0.0,0.0,0.0
1770897600000,734309.7376588265,734309.7376588265,0,0.0,0.0,0.0,0.0
1770912000000,734309.7376588265,734309.7376588265,0,0.0,0.0,0.0,0.0
1770926400000,734309.7376588265,734309.7376588265,0,0.0,0.0,0.0,0.0
1770940800000,734309.7376588265,734309.7376588265,0,0.0,0.0,0.0,0.0
1770955200000,734309.7376588265,734309.7376588265,0,0.0,0.0,0.0,0.0
1770969600000,734309.7376588265,734309.7376588265,0,0.0,0.0,0.0,0.0
1770984000000,734309.7376588265,734309.7376588265,0,0.0,0.0,0.0,0.0
1770998400000,734309.7376588265,734309.7376588265,0,0.0,0.0,0.0,0.0
1771012800000,734309.7376588265,734309.7376588265,0,0.0,0.0,0.0,0.0
1771027200000,734309.7376588265,734309.7376588265,0,0.0,0.0,0.0,0.0
1771041600000,734309.7376588265,734309.7376588265,0,0.0,0.0,0.0,0.0
1771056000000,734309.7376588265,734309.7376588265,0,0.0,0.0,0.0,0.0
1771070400000,734309.7376588265,734309.7376588265,0,0.0,0.0,0.0,0.0
1771084800000,734309.7376588265,734309.7376588265,0,0.0,0.0,0.0,0.0
1771099200000,734309.7376588265,734309.7376588265,0,0.0,0.0,0.0,0.0
1771113600000,734309.7376588265,734309.7376588265,0,0.0,0.0,0.0,0.0
1771128000000,734309.7376588265,734309.7376588265,0,0.0,0.0,0.0,0.0
1771142400000,734309.7376588265,734309.7376588265,0,0.0,0.0,0.0,0.0
1771156800000,734309.7376588265,734309.7376588265,0,0.0,0.0,0.0,0.0
1771171200000,734309.7376588265,734309.7376588265,0,0.0,0.0,0.0,0.0
1771185600000,734309.7376588265,734309.7376588265,0,0.0,0.0,0.0,0.0
1771200000000,734309.7376588265,734309.7376588265,0,0.0,0.0,0.0,0.0
1771214400000,734309.7376588265,734309.7376588265,0,0.0,0.0,0.0,0.0
1771228800000,734309.7376588265,734309.7376588265,0,0.0,0.0,0.0,0.0
1771243200000,734309.7376588265,734309.7376588265,0,0.0,0.0,0.0,0.0
1771257600000,734309.7376588265,734309.7376588265,0,0.0,0.0,0.0,0.0
1771272000000,734309.7376588265,734309.7376588265,0,0.0,0.0,0.0,0.0
1771286400000,734309.7376588265,734309.7376588265,0,0.0,0.0,0.0,0.0
1771300800000,734309.7376588265,734309.7376588265,0,0.0,0.0,0.0,0.0
1771315200000,734309.7376588265,734309.7376588265,0,0.0,0.0,0.0,0.0
1771329600000,734309.7376588265,734309.7376588265,0,0.0,0.0,0.0,0.0
1771344000000,734309.7376588265,734309.7376588265,0,0.0,0.0,0.0,0.0
1771358400000,734309.7376588265,734309.7376588265,0,0.0,0.0,0.0,0.0
1771372800000,734309.7376588265,734309.7376588265,0,0.0,0.0,0.0,0.0
1771387200000,734309.7376588265,734309.7376588265,0,0.0,0.0,0.0,0.0
1771401600000,734309.7376588265,734309.7376588265,0,0.0,0.0,0.0,0.0
1771416000000,734309.7376588265,734309.7376588265,0,0.0,0.0,0.0,0.0
1771430400000,734309.7376588265,734309.7376588265,0,0.0,0.0,0.0,0.0
1771444800000,734309.7376588265,734309.7376588265,0,0.0,0.0,0.0,0.0
1771459200000,734309.7376588265,734309.7376588265,0,0.0,0.0,0.0,0.0
1771473600000,734309.7376588265,734309.7376588265,0,0.0,0.0,0.0,0.0
1771488000000,734309.7376588265,734309.7376588265,0,0.0,0.0,0.0,0.0
1771502400000,734309.7376588265,734309.7376588265,0,0.0,0.0,0.0,0.0
1771516800000,749775.1309024561,734309.7376588265,2,1353103.3631308195,29367.4837481785,29367.4837481785,1353103.3631308195
1771531200000,731377.0474264983,734282.0544370909,2,1371473.7633850418,29367.4837481785,29367.4837481785,1371473.7633850418
1771545600000,732895.6350560469,734282.0544370909,2,1369955.1757554933,29367.4837481785,29367.4837481785,1369955.1757554933
1771560000000,722624.5020115672,734290.8955563403,2,1380235.149919222,29367.4837481785,29367.4837481785,1380235.149919222
1771574400000,717550.7182075011,722158.3182434859,1,617704.7279016814,14686.19475317653,14686.19475317653,617704.7279016814
1771588800000,723560.0731174088,722115.1596063519,1,611652.2143546396,14686.19475317653,14686.19475317653,611652.2143546396
1771603200000,713240.3198033881,722115.1596063519,1,621971.9676686603,14686.19475317653,14686.19475317653,621971.9676686603
1771617600000,715500.9044121985,722067.9512799594,1,619664.1747334575,14686.19475317653,14686.19475317653,619664.1747334575
1771632000000,713236.654739924,722067.9512799594,1,621928.4244057321,14686.19475317653,14686.19475317653,621928.4244057321
1771646400000,714614.9628511184,722096.4182403748,1,620578.583254953,14686.19475317653,14686.19475317653,620578.583254953
1771660800000,712394.2564417722,722096.4182403748,1,622799.2896642992,14686.19475317653,14686.19475317653,622799.2896642992
1771675200000,710416.9751285666,710416.9751285666,0,0.0,0.0,0.0,0.0
1771689600000,710416.9751285666,710416.9751285666,0,0.0,0.0,0.0,0.0
1771704000000,710416.9751285666,710416.9751285666,0,0.0,0.0,0.0,0.0
1771718400000,710416.9751285666,710416.9751285666,0,0.0,0.0,0.0,0.0
1771732800000,710416.9751285666,710416.9751285666,0,0.0,0.0,0.0,0.0
1771747200000,710416.9751285666,710416.9751285666,0,0.0,0.0,0.0,0.0
1771761600000,710416.9751285666,710416.9751285666,0,0.0,0.0,0.0,0.0
1771776000000,710416.9751285666,710416.9751285666,0,0.0,0.0,0.0,0.0
1771790400000,715678.2864519757,710416.9751285666,1,756483.6757412007,14208.339502571333,14208.339502571333,756483.6757412007
1771804800000,707573.794832798,710416.9751285666,2,1607665.4781578043,28520.312969611812,28520.312969611812,1607665.4781578043
1771819200000,764124.7303977793,738539.9302840718,2,776826.3488173104,14260.156484805906,14260.156484805906,776826.3488173104
1771833600000,729605.35749185,724973.8816910255,1,416907.1795978884,7155.98673352024,7155.98673352024,416907.1795978884
1771848000000,714348.5422271559,718406.2962913851,1,1000826.3382980231,14590.334831469423,14590.334831469423,1000826.3382980231
1771862400000,722481.1977504811,718406.2962913851,1,992693.6827746979,14590.334831469423,14590.334831469423,992693.6827746979
1771876800000,743061.300952864,718428.643519612,1,972135.9268005419,14590.334831469423,14590.334831469423,972135.9268005419
1771891200000,742577.3231705612,732922.2195596244,1,488729.18850596016,7295.1674157347115,7295.1674157347115,488729.18850596016
1771905600000,750585.8622737129,732950.1083245159,1,480748.5381676999,7295.1674157347115,7295.1674157347115,480748.5381676999
1771920000000,753725.7902756514,732950.1083245159,1,477608.61016576143,7295.1674157347115,7295.1674157347115,477608.61016576143
1771934400000,753441.0372528723,732944.4095967066,1,477887.6644607314,7295.1674157347115,7295.1674157347115,477887.6644607314
1771948800000,747835.7515230147,732944.4095967066,1,483492.9501905888,7295.1674157347115,7295.1674157347115,483492.9501905888
1771963200000,743173.9228303271,743173.9228303271,0,0.0,0.0,0.0,0.0
1771977600000,743173.9228303271,743173.9228303271,0,0.0,0.0,0.0,0.0
1771992000000,743173.9228303271,743173.9228303271,0,0.0,0.0,0.0,0.0
1772006400000,743173.9228303271,743173.9228303271,0,0.0,0.0,0.0,0.0
1772020800000,743173.9228303271,743173.9228303271,0,0.0,0.0,0.0,0.0
1772035200000,743173.9228303271,743173.9228303271,0,0.0,0.0,0.0,0.0
1772049600000,743173.9228303271,743173.9228303271,0,0.0,0.0,0.0,0.0
1772064000000,743173.9228303271,743173.9228303271,0,0.0,0.0,0.0,0.0
1772078400000,743173.9228303271,743173.9228303271,0,0.0,0.0,0.0,0.0
1772092800000,743173.9228303271,743173.9228303271,0,0.0,0.0,0.0,0.0
1772107200000,743173.9228303271,743173.9228303271,0,0.0,0.0,0.0,0.0
1772121600000,743173.9228303271,743173.9228303271,0,0.0,0.0,0.0,0.0
1772136000000,743173.9228303271,743173.9228303271,0,0.0,0.0,0.0,0.0
1772150400000,743173.9228303271,743173.9228303271,0,0.0,0.0,0.0,0.0
1772164800000,743173.9228303271,743173.9228303271,0,0.0,0.0,0.0,0.0
1772179200000,743173.9228303271,743173.9228303271,0,0.0,0.0,0.0,0.0
1772193600000,743173.9228303271,743173.9228303271,0,0.0,0.0,0.0,0.0
1772208000000,743173.9228303271,743173.9228303271,0,0.0,0.0,0.0,0.0
1772222400000,743173.9228303271,743173.9228303271,0,0.0,0.0,0.0,0.0
1772236800000,743173.9228303271,743173.9228303271,0,0.0,0.0,0.0,0.0
1772251200000,743173.9228303271,743173.9228303271,0,0.0,0.0,0.0,0.0
1772265600000,743173.9228303271,743173.9228303271,0,0.0,0.0,0.0,0.0
1772280000000,743173.9228303271,743173.9228303271,0,0.0,0.0,0.0,0.0
1772294400000,743173.9228303271,743173.9228303271,0,0.0,0.0,0.0,0.0
1772308800000,743173.9228303271,743173.9228303271,0,0.0,0.0,0.0,0.0
1772323200000,743173.9228303271,743173.9228303271,0,0.0,0.0,0.0,0.0
1772337600000,743173.9228303271,743173.9228303271,0,0.0,0.0,0.0,0.0
1772352000000,743173.9228303271,743173.9228303271,0,0.0,0.0,0.0,0.0
1772366400000,743173.9228303271,743173.9228303271,0,0.0,0.0,0.0,0.0
1772380800000,743173.9228303271,743173.9228303271,0,0.0,0.0,0.0,0.0
1772395200000,743173.9228303271,743173.9228303271,0,0.0,0.0,0.0,0.0
1772409600000,743173.9228303271,743173.9228303271,0,0.0,0.0,0.0,0.0
1772424000000,743173.9228303271,743173.9228303271,0,0.0,0.0,0.0,0.0
1772438400000,743173.9228303271,743173.9228303271,0,0.0,0.0,0.0,0.0
1772452800000,743173.9228303271,743173.9228303271,0,0.0,0.0,0.0,0.0
1772467200000,743173.9228303271,743173.9228303271,0,0.0,0.0,0.0,0.0
1772481600000,743173.9228303271,743173.9228303271,0,0.0,0.0,0.0,0.0
1772496000000,743173.9228303271,743173.9228303271,0,0.0,0.0,0.0,0.0
1772510400000,743173.9228303271,743173.9228303271,0,0.0,0.0,0.0,0.0
1772524800000,743173.9228303271,743173.9228303271,0,0.0,0.0,0.0,0.0
1772539200000,743173.9228303271,743173.9228303271,0,0.0,0.0,0.0,0.0
1772553600000,743173.9228303271,743173.9228303271,0,0.0,0.0,0.0,0.0
1772568000000,743173.9228303271,743173.9228303271,0,0.0,0.0,0.0,0.0
1772582400000,743173.9228303271,743173.9228303271,0,0.0,0.0,0.0,0.0
1772596800000,743173.9228303271,743173.9228303271,0,0.0,0.0,0.0,0.0
1772611200000,743173.9228303271,743173.9228303271,0,0.0,0.0,0.0,0.0
1772625600000,743173.9228303271,743173.9228303271,0,0.0,0.0,0.0,0.0
1772640000000,743173.9228303271,743173.9228303271,0,0.0,0.0,0.0,0.0
1772654400000,743173.9228303271,743173.9228303271,0,0.0,0.0,0.0,0.0
1772668800000,743173.9228303271,743173.9228303271,0,0.0,0.0,0.0,0.0
1772683200000,743173.9228303271,743173.9228303271,0,0.0,0.0,0.0,0.0
1772697600000,743173.9228303271,743173.9228303271,0,0.0,0.0,0.0,0.0
1772712000000,743173.9228303271,743173.9228303271,0,0.0,0.0,0.0,0.0
1772726400000,743173.9228303271,743173.9228303271,0,0.0,0.0,0.0,0.0
1772740800000,743173.9228303271,743173.9228303271,0,0.0,0.0,0.0,0.0
1772755200000,743173.9228303271,743173.9228303271,0,0.0,0.0,0.0,0.0
1772769600000,743173.9228303271,743173.9228303271,0,0.0,0.0,0.0,0.0
1772784000000,743173.9228303271,743173.9228303271,0,0.0,0.0,0.0,0.0
1772798400000,743173.9228303271,743173.9228303271,0,0.0,0.0,0.0,0.0
1772812800000,743173.9228303271,743173.9228303271,0,0.0,0.0,0.0,0.0
1772827200000,743173.9228303271,743173.9228303271,0,0.0,0.0,0.0,0.0
1772841600000,743173.9228303271,743173.9228303271,0,0.0,0.0,0.0,0.0
1772856000000,743173.9228303271,743173.9228303271,0,0.0,0.0,0.0,0.0
1772870400000,743173.9228303271,743173.9228303271,0,0.0,0.0,0.0,0.0
1772884800000,743173.9228303271,743173.9228303271,0,0.0,0.0,0.0,0.0
1772899200000,743173.9228303271,743173.9228303271,0,0.0,0.0,0.0,0.0
1772913600000,743173.9228303271,743173.9228303271,0,0.0,0.0,0.0,0.0
1772928000000,743173.9228303271,743173.9228303271,0,0.0,0.0,0.0,0.0
1772942400000,743173.9228303271,743173.9228303271,0,0.0,0.0,0.0,0.0
1772956800000,743173.9228303271,743173.9228303271,0,0.0,0.0,0.0,0.0
1772971200000,743173.9228303271,743173.9228303271,0,0.0,0.0,0.0,0.0
1772985600000,743173.9228303271,743173.9228303271,0,0.0,0.0,0.0,0.0
1773000000000,743173.9228303271,743173.9228303271,0,0.0,0.0,0.0,0.0
1773014400000,743173.9228303271,743173.9228303271,0,0.0,0.0,0.0,0.0
1773028800000,743173.9228303271,743173.9228303271,0,0.0,0.0,0.0,0.0
1773043200000,743173.9228303271,743173.9228303271,0,0.0,0.0,0.0,0.0
1773057600000,743173.9228303271,743173.9228303271,0,0.0,0.0,0.0,0.0
1773072000000,743173.9228303271,743173.9228303271,0,0.0,0.0,0.0,0.0
1773086400000,743173.9228303271,743173.9228303271,0,0.0,0.0,0.0,0.0
1773100800000,743173.9228303271,743173.9228303271,0,0.0,0.0,0.0,0.0
1773115200000,743173.9228303271,743173.9228303271,0,0.0,0.0,0.0,0.0
1773129600000,743173.9228303271,743173.9228303271,0,0.0,0.0,0.0,0.0
1773144000000,743173.9228303271,743173.9228303271,0,0.0,0.0,0.0,0.0
1773158400000,743173.9228303271,743173.9228303271,0,0.0,0.0,0.0,0.0
1773172800000,743173.9228303271,743173.9228303271,0,0.0,0.0,0.0,0.0
1773187200000,743173.9228303271,743173.9228303271,0,0.0,0.0,0.0,0.0
1773201600000,743173.9228303271,743173.9228303271,0,0.0,0.0,0.0,0.0
1773216000000,743173.9228303271,743173.9228303271,0,0.0,0.0,0.0,0.0
1773230400000,743173.9228303271,743173.9228303271,0,0.0,0.0,0.0,0.0
1773244800000,743173.9228303271,743173.9228303271,0,0.0,0.0,0.0,0.0
1773259200000,743173.9228303271,743173.9228303271,0,0.0,0.0,0.0,0.0
1773273600000,743173.9228303271,743173.9228303271,0,0.0,0.0,0.0,0.0
1773288000000,743173.9228303271,743173.9228303271,0,0.0,0.0,0.0,0.0
1773302400000,743173.9228303271,743173.9228303271,0,0.0,0.0,0.0,0.0
1773316800000,743173.9228303271,743173.9228303271,0,0.0,0.0,0.0,0.0
1773331200000,743173.9228303271,743173.9228303271,0,0.0,0.0,0.0,0.0
1773345600000,743173.9228303271,743173.9228303271,0,0.0,0.0,0.0,0.0
1773360000000,743173.9228303271,743173.9228303271,0,0.0,0.0,0.0,0.0
1773374400000,743173.9228303271,743173.9228303271,0,0.0,0.0,0.0,0.0
1773388800000,743173.9228303271,743173.9228303271,0,0.0,0.0,0.0,0.0
1773403200000,743173.9228303271,743173.9228303271,0,0.0,0.0,0.0,0.0
1773417600000,743173.9228303271,743173.9228303271,0,0.0,0.0,0.0,0.0
1773432000000,737785.3297280817,743173.9228303271,1,440409.75501184305,14863.478456606541,0.0,0.0
1773446400000,735541.0781264522,743173.9228303271,1,438165.50341021357,14863.478456606541,0.0,0.0
1773460800000,737413.1665648759,743162.1810261131,1,440049.33365285123,14863.478456606541,0.0,0.0
1773475200000,732446.8955136508,743162.1810261131,1,435083.0626016262,14863.478456606541,0.0,0.0
1773489600000,731692.3470835313,743172.4802473425,1,434318.2149502772,14863.478456606541,0.0,0.0
1773504000000,731880.9396550969,743172.4802473425,1,434506.8075218427,14863.478456606541,0.0,0.0
1773518400000,731811.8540368734,731811.8540368734,0,0.0,0.0,0.0,0.0
1773532800000,731811.8540368734,731811.8540368734,0,0.0,0.0,0.0,0.0
1773547200000,731811.8540368734,731811.8540368734,0,0.0,0.0,0.0,0.0
1773561600000,731811.8540368734,731811.8540368734,0,0.0,0.0,0.0,0.0
1773576000000,731811.8540368734,731811.8540368734,0,0.0,0.0,0.0,0.0
1773590400000,731811.8540368734,731811.8540368734,0,0.0,0.0,0.0,0.0
1773604800000,731811.8540368734,731811.8540368734,0,0.0,0.0,0.0,0.0
1773619200000,731811.8540368734,731811.8540368734,0,0.0,0.0,0.0,0.0
1773633600000,731811.8540368734,731811.8540368734,0,0.0,0.0,0.0,0.0
1773648000000,731811.8540368734,731811.8540368734,0,0.0,0.0,0.0,0.0
1773662400000,731811.8540368734,731811.8540368734,0,0.0,0.0,0.0,0.0
1773676800000,729025.4813188206,731811.8540368734,1,704183.3690255979,14636.237080737466,0.0,0.0
1773691200000,735631.9819421906,731797.6645486512,1,710804.05913719,14636.237080737466,0.0,0.0
1773705600000,749331.361738379,731797.6645486512,2,1212669.5588441612,29348.87671958128,0.0,0.0
1773720000000,734362.0695754089,731753.1516996853,2,1197744.7795301573,29348.87671958128,0.0,0.0
1773734400000,734168.0468652137,731753.1516996853,2,1197550.756819962,29348.87671958128,0.0,0.0
1773748800000,728059.1585627617,731768.6201533665,2,1191426.400063829,29348.87671958128,0.0,0.0
1773763200000,727790.6794569276,731768.6201533665,2,1191157.9209579946,29348.87671958128,0.0,0.0
1773777600000,737712.997348639,731784.4473973793,2,1201064.4116056932,29348.87671958128,0.0,0.0
1773792000000,731901.8497129325,731784.4473973793,2,1195253.2639699867,29348.87671958128,0.0,0.0
1773806400000,739319.8078476526,731835.386969047,2,1202620.282533039,29348.87671958128,0.0,0.0
1773820800000,728153.9700870322,731835.386969047,2,1191454.4447724188,29348.87671958128,0.0,0.0
1773835200000,711090.3033764283,717086.0666829933,1,700973.9784370858,14636.237080737466,0.0,0.0
1773849600000,710950.108580741,710950.108580741,0,0.0,0.0,0.0,0.0
1773864000000,710950.108580741,710950.108580741,0,0.0,0.0,0.0,0.0
1773878400000,710950.108580741,710950.108580741,0,0.0,0.0,0.0,0.0
1773892800000,710950.108580741,710950.108580741,0,0.0,0.0,0.0,0.0
1773907200000,710950.108580741,710950.108580741,0,0.0,0.0,0.0,0.0
1773921600000,710950.108580741,710950.108580741,0,0.0,0.0,0.0,0.0
1773936000000,710950.108580741,710950.108580741,0,0.0,0.0,0.0,0.0
1773950400000,710950.108580741,710950.108580741,0,0.0,0.0,0.0,0.0
1773964800000,710950.108580741,710950.108580741,0,0.0,0.0,0.0,0.0
1773979200000,710950.108580741,710950.108580741,0,0.0,0.0,0.0,0.0
1773993600000,710950.108580741,710950.108580741,0,0.0,0.0,0.0,0.0
1774008000000,710950.108580741,710950.108580741,0,0.0,0.0,0.0,0.0
1774022400000,710950.108580741,710950.108580741,0,0.0,0.0,0.0,0.0
1774036800000,710950.108580741,710950.108580741,0,0.0,0.0,0.0,0.0
1774051200000,710950.108580741,710950.108580741,0,0.0,0.0,0.0,0.0
1774065600000,710950.108580741,710950.108580741,0,0.0,0.0,0.0,0.0
1774080000000,710950.108580741,710950.108580741,0,0.0,0.0,0.0,0.0
1774094400000,710950.108580741,710950.108580741,0,0.0,0.0,0.0,0.0
1774108800000,710950.108580741,710950.108580741,0,0.0,0.0,0.0,0.0
1774123200000,710950.108580741,710950.108580741,0,0.0,0.0,0.0,0.0
1774137600000,710950.108580741,710950.108580741,0,0.0,0.0,0.0,0.0
1774152000000,710950.108580741,710950.108580741,0,0.0,0.0,0.0,0.0
1774166400000,710950.108580741,710950.108580741,0,0.0,0.0,0.0,0.0
1774180800000,722766.0507713677,710950.108580741,2,1546562.673198352,28431.1727328531,28431.1727328531,1546562.673198352
1774195200000,720235.5873089462,710950.108580741,2,1549093.1366607738,28431.1727328531,28431.1727328531,1549093.1366607738
1774209600000,735403.5866408435,710715.0856448406,2,1533690.1143929758,28431.1727328531,28431.1727328531,1533690.1143929758
1774224000000,738486.7385088047,710715.0856448406,2,1530606.9625250148,28431.1727328531,28431.1727328531,1530606.9625250148
1774238400000,738707.6886984321,710575.5375674465,2,1530246.4642579933,28431.1727328531,28431.1727328531,1530246.4642579933
1774252800000,747422.9544475207,710575.5375674465,2,1521531.1985089048,28431.1727328531,28431.1727328531,1521531.1985089048
1774267200000,705360.8325778365,705360.8325778365,0,0.0,0.0,0.0,0.0
1774281600000,705360.8325778365,705360.8325778365,0,0.0,0.0,0.0,0.0
1774296000000,705360.8325778365,705360.8325778365,0,0.0,0.0,0.0,0.0
1774310400000,705360.8325778365,705360.8325778365,0,0.0,0.0,0.0,0.0
1774324800000,705360.8325778365,705360.8325778365,0,0.0,0.0,0.0,0.0
1774339200000,705360.8325778365,705360.8325778365,0,0.0,0.0,0.0,0.0
1774353600000,705360.8325778365,705360.8325778365,0,0.0,0.0,0.0,0.0
1774368000000,705360.8325778365,705360.8325778365,0,0.0,0.0,0.0,0.0
1774382400000,705360.8325778365,705360.8325778365,0,0.0,0.0,0.0,0.0
1774396800000,705360.8325778365,705360.8325778365,0,0.0,0.0,0.0,0.0
1774411200000,705360.8325778365,705360.8325778365,0,0.0,0.0,0.0,0.0
1774425600000,705360.8325778365,705360.8325778365,0,0.0,0.0,0.0,0.0
1774440000000,705360.8325778365,705360.8325778365,0,0.0,0.0,0.0,0.0
1774454400000,705360.8325778365,705360.8325778365,0,0.0,0.0,0.0,0.0
1774468800000,705360.8325778365,705360.8325778365,0,0.0,0.0,0.0,0.0
1774483200000,705360.8325778365,705360.8325778365,0,0.0,0.0,0.0,0.0
1774497600000,705360.8325778365,705360.8325778365,0,0.0,0.0,0.0,0.0
1774512000000,705360.8325778365,705360.8325778365,0,0.0,0.0,0.0,0.0
1774526400000,705360.8325778365,705360.8325778365,0,0.0,0.0,0.0,0.0
1774540800000,705360.8325778365,705360.8325778365,0,0.0,0.0,0.0,0.0
1774555200000,709152.5428683254,705360.8325778365,1,1008886.5289598283,14107.21665155673,14107.21665155673,1008886.5289598283
1774569600000,704741.2704663039,705360.8325778365,1,1013297.8013618498,14107.21665155673,14107.21665155673,1013297.8013618498
1774584000000,700710.9054061157,705412.540486683,1,1017379.8743308845,14107.21665155673,14107.21665155673,1017379.8743308845
1774598400000,691099.966743946,691099.966743946,0,0.0,0.0,0.0,0.0
1774612800000,691099.966743946,691099.966743946,0,0.0,0.0,0.0,0.0
1774627200000,691099.966743946,691099.966743946,0,0.0,0.0,0.0,0.0
1774641600000,691099.966743946,691099.966743946,0,0.0,0.0,0.0,0.0
1774656000000,691099.966743946,691099.966743946,0,0.0,0.0,0.0,0.0
1774670400000,691099.966743946,691099.966743946,0,0.0,0.0,0.0,0.0
1774684800000,691099.966743946,691099.966743946,0,0.0,0.0,0.0,0.0
1774699200000,691099.966743946,691099.966743946,0,0.0,0.0,0.0,0.0
1774713600000,691099.966743946,691099.966743946,0,0.0,0.0,0.0,0.0
1774728000000,691099.966743946,691099.966743946,0,0.0,0.0,0.0,0.0
1774742400000,691099.966743946,691099.966743946,0,0.0,0.0,0.0,0.0
1774756800000,691099.966743946,691099.966743946,0,0.0,0.0,0.0,0.0
1774771200000,691099.966743946,691099.966743946,0,0.0,0.0,0.0,0.0
1774785600000,691099.966743946,691099.966743946,0,0.0,0.0,0.0,0.0
1774800000000,691099.966743946,691099.966743946,0,0.0,0.0,0.0,0.0
1774814400000,691099.966743946,691099.966743946,0,0.0,0.0,0.0,0.0
1774828800000,691099.966743946,691099.966743946,0,0.0,0.0,0.0,0.0
1774843200000,691099.966743946,691099.966743946,0,0.0,0.0,0.0,0.0
1774857600000,691099.966743946,691099.966743946,0,0.0,0.0,0.0,0.0
1774872000000,691099.966743946,691099.966743946,0,0.0,0.0,0.0,0.0
1774886400000,691099.966743946,691099.966743946,0,0.0,0.0,0.0,0.0
1774900800000,691099.966743946,691099.966743946,0,0.0,0.0,0.0,0.0
1774915200000,691099.966743946,691099.966743946,0,0.0,0.0,0.0,0.0
1774929600000,691099.966743946,691099.966743946,0,0.0,0.0,0.0,0.0
1774944000000,691099.966743946,691099.966743946,0,0.0,0.0,0.0,0.0
1774958400000,691099.966743946,691099.966743946,0,0.0,0.0,0.0,0.0
1774972800000,691099.966743946,691099.966743946,0,0.0,0.0,0.0,0.0
1774987200000,691099.966743946,691099.966743946,0,0.0,0.0,0.0,0.0
1775001600000,691099.966743946,691099.966743946,0,0.0,0.0,0.0,0.0
1775016000000,691099.966743946,691099.966743946,0,0.0,0.0,0.0,0.0
1775030400000,691099.966743946,691099.966743946,0,0.0,0.0,0.0,0.0
1775044800000,691099.966743946,691099.966743946,0,0.0,0.0,0.0,0.0
1775059200000,691099.966743946,691099.966743946,0,0.0,0.0,0.0,0.0
1775073600000,691099.966743946,691099.966743946,0,0.0,0.0,0.0,0.0
1775088000000,691099.966743946,691099.966743946,0,0.0,0.0,0.0,0.0
1775102400000,691099.966743946,691099.966743946,0,0.0,0.0,0.0,0.0
1775116800000,691091.4946300748,691099.966743946,1,913802.8994313322,13821.999334878921,13821.999334878921,913802.8994313322
1775131200000,704276.6169919358,691036.5159740286,1,900554.326299554,13821.999334878921,13821.999334878921,900554.326299554
1775145600000,699569.8870635408,691036.5159740286,1,905261.056227949,13821.999334878921,13821.999334878921,905261.056227949
1775160000000,697929.0533324614,690964.5922190809,1,906829.9662040806,13821.999334878921,13821.999334878921,906829.9662040806
1775174400000,694093.940057473,690964.5922190809,1,910665.079479069,13821.999334878921,13821.999334878921,910665.079479069
1775188800000,689502.3220162917,690905.3807756131,1,915197.4860767826,13821.999334878921,13821.999334878921,915197.4860767826
1775203200000,683285.642975189,683285.642975189,0,0.0,0.0,0.0,0.0
1775217600000,683285.642975189,683285.642975189,0,0.0,0.0,0.0,0.0
1775232000000,683285.642975189,683285.642975189,0,0.0,0.0,0.0,0.0
1775246400000,683285.642975189,683285.642975189,0,0.0,0.0,0.0,0.0
1775260800000,683285.642975189,683285.642975189,0,0.0,0.0,0.0,0.0
1775275200000,683285.642975189,683285.642975189,0,0.0,0.0,0.0,0.0
1775289600000,683285.642975189,683285.642975189,0,0.0,0.0,0.0,0.0
1775304000000,683285.642975189,683285.642975189,0,0.0,0.0,0.0,0.0
1775318400000,683285.642975189,683285.642975189,0,0.0,0.0,0.0,0.0
1775332800000,683285.642975189,683285.642975189,0,0.0,0.0,0.0,0.0
1775347200000,683285.642975189,683285.642975189,0,0.0,0.0,0.0,0.0
1775361600000,683285.642975189,683285.642975189,0,0.0,0.0,0.0,0.0
1775376000000,683285.642975189,683285.642975189,0,0.0,0.0,0.0,0.0
1775390400000,683285.642975189,683285.642975189,0,0.0,0.0,0.0,0.0
1775404800000,683285.642975189,683285.642975189,0,0.0,0.0,0.0,0.0
1775419200000,669399.5916159222,669399.5916159222,0,0.0,0.0,0.0,0.0
1775433600000,661765.252337346,669399.5916159222,1,1056526.308726593,13387.991832318443,13387.991832318443,1056526.308726593
1775448000000,655708.0606582725,655708.0606582725,0,0.0,0.0,0.0,0.0
1775462400000,655708.0606582725,655708.0606582725,0,0.0,0.0,0.0,0.0
1775476800000,655708.0606582725,655708.0606582725,0,0.0,0.0,0.0,0.0
1775491200000,655708.0606582725,655708.0606582725,0,0.0,0.0,0.0,0.0
1775505600000,655708.0606582725,655708.0606582725,0,0.0,0.0,0.0,0.0
1775520000000,655708.0606582725,655708.0606582725,0,0.0,0.0,0.0,0.0
1775534400000,655708.0606582725,655708.0606582725,0,0.0,0.0,0.0,0.0
1775548800000,655708.0606582725,655708.0606582725,0,0.0,0.0,0.0,0.0
1775563200000,655708.0606582725,655708.0606582725,0,0.0,0.0,0.0,0.0
1775577600000,655708.0606582725,655708.0606582725,0,0.0,0.0,0.0,0.0
1775592000000,655708.0606582725,655708.0606582725,0,0.0,0.0,0.0,0.0
1775606400000,655708.0606582725,655708.0606582725,0,0.0,0.0,0.0,0.0
1775620800000,655708.0606582725,655708.0606582725,0,0.0,0.0,0.0,0.0
1775635200000,655708.0606582725,655708.0606582725,0,0.0,0.0,0.0,0.0
1775649600000,655708.0606582725,655708.0606582725,0,0.0,0.0,0.0,0.0
1775664000000,655708.0606582725,655708.0606582725,0,0.0,0.0,0.0,0.0
1775678400000,655708.0606582725,655708.0606582725,0,0.0,0.0,0.0,0.0
1775692800000,655708.0606582725,655708.0606582725,0,0.0,0.0,0.0,0.0
1775707200000,655708.0606582725,655708.0606582725,0,0.0,0.0,0.0,0.0
1775721600000,655708.0606582725,655708.0606582725,0,0.0,0.0,0.0,0.0
1775736000000,655708.0606582725,655708.0606582725,0,0.0,0.0,0.0,0.0
1775750400000,655708.0606582725,655708.0606582725,0,0.0,0.0,0.0,0.0
1775764800000,655708.0606582725,655708.0606582725,0,0.0,0.0,0.0,0.0
1775779200000,655708.0606582725,655708.0606582725,0,0.0,0.0,0.0,0.0
1775793600000,655708.0606582725,655708.0606582725,0,0.0,0.0,0.0,0.0
1775808000000,655708.0606582725,655708.0606582725,0,0.0,0.0,0.0,0.0
1775822400000,655708.0606582725,655708.0606582725,0,0.0,0.0,0.0,0.0
1775836800000,655708.0606582725,655708.0606582725,0,0.0,0.0,0.0,0.0
1775851200000,655708.0606582725,655708.0606582725,0,0.0,0.0,0.0,0.0
1775865600000,655708.0606582725,655708.0606582725,0,0.0,0.0,0.0,0.0
1775880000000,655708.0606582725,655708.0606582725,0,0.0,0.0,0.0,0.0
1775894400000,655708.0606582725,655708.0606582725,0,0.0,0.0,0.0,0.0
1775908800000,655708.0606582725,655708.0606582725,0,0.0,0.0,0.0,0.0
1775923200000,655708.0606582725,655708.0606582725,0,0.0,0.0,0.0,0.0
1775937600000,655708.0606582725,655708.0606582725,0,0.0,0.0,0.0,0.0
1775952000000,655708.0606582725,655708.0606582725,0,0.0,0.0,0.0,0.0
1775966400000,655708.0606582725,655708.0606582725,0,0.0,0.0,0.0,0.0
1775980800000,661487.9231403141,655708.0606582725,3,1383453.162410844,19668.398156171985,19668.398156171985,1383453.162410844
1775995200000,661217.2950312566,655547.6249234322,3,1383563.3547850612,19668.398156171985,19668.398156171985,1383563.3547850612
1776009600000,671656.6322594816,655547.6249234322,3,1373124.0175568361,19668.398156171985,19668.398156171985,1373124.0175568361
1776024000000,669570.8651699172,655416.8614278868,3,1375079.021150855,19668.398156171985,19668.398156171985,1375079.021150855
1776038400000,674854.803288157,655416.8614278868,3,1369795.0830326152,19668.398156171985,19668.398156171985,1369795.0830326152
1776052800000,664125.4663295815,655340.2485291561,3,1380447.80709246,19668.398156171985,19668.398156171985,1380447.80709246
1776067200000,663248.123425126,655340.2485291561,3,1381325.1499969158,19668.398156171985,19668.398156171985,1381325.1499969158
1776081600000,661737.5534251867,655260.1605057047,3,1382755.6319734035,19668.398156171985,19668.398156171985,1382755.6319734035
1776096000000,655978.8628365693,650053.1187697058,2,826413.6498856335,13111.317549589261,13111.317549589261,826413.6498856335
1776110400000,650978.4666807123,650046.6309230062,2,831407.558194791,13111.317549589261,13111.317549589261,831407.558194791
1776124800000,647722.5672425493,647722.5672425493,0,0.0,0.0,0.0,0.0
1776139200000,647722.5672425493,647722.5672425493,0,0.0,0.0,0.0,0.0
1776153600000,647722.5672425493,647722.5672425493,0,0.0,0.0,0.0,0.0
1776168000000,647722.5672425493,647722.5672425493,0,0.0,0.0,0.0,0.0
1776182400000,647722.5672425493,647722.5672425493,0,0.0,0.0,0.0,0.0
1776196800000,647722.5672425493,647722.5672425493,0,0.0,0.0,0.0,0.0
1776211200000,647722.5672425493,647722.5672425493,0,0.0,0.0,0.0,0.0
1776225600000,647722.5672425493,647722.5672425493,0,0.0,0.0,0.0,0.0
1776240000000,647722.5672425493,647722.5672425493,0,0.0,0.0,0.0,0.0
1776254400000,647722.5672425493,647722.5672425493,0,0.0,0.0,0.0,0.0
1776268800000,647722.5672425493,647722.5672425493,0,0.0,0.0,0.0,0.0
1776283200000,647722.5672425493,647722.5672425493,0,0.0,0.0,0.0,0.0
1776297600000,647722.5672425493,647722.5672425493,0,0.0,0.0,0.0,0.0
1776312000000,647722.5672425493,647722.5672425493,0,0.0,0.0,0.0,0.0
1776326400000,647722.5672425493,647722.5672425493,0,0.0,0.0,0.0,0.0
1776340800000,647722.5672425493,647722.5672425493,0,0.0,0.0,0.0,0.0
1776355200000,647722.5672425493,647722.5672425493,0,0.0,0.0,0.0,0.0
1776369600000,647722.5672425493,647722.5672425493,0,0.0,0.0,0.0,0.0
1776384000000,647722.5672425493,647722.5672425493,0,0.0,0.0,0.0,0.0
1776398400000,647722.5672425493,647722.5672425493,0,0.0,0.0,0.0,0.0
1776412800000,647722.5672425493,647722.5672425493,0,0.0,0.0,0.0,0.0
1776427200000,647722.5672425493,647722.5672425493,0,0.0,0.0,0.0,0.0
1776441600000,647722.5672425493,647722.5672425493,0,0.0,0.0,0.0,0.0
1776456000000,647722.5672425493,647722.5672425493,0,0.0,0.0,0.0,0.0
1776470400000,647722.5672425493,647722.5672425493,0,0.0,0.0,0.0,0.0
1776484800000,647722.5672425493,647722.5672425493,0,0.0,0.0,0.0,0.0
1776499200000,647722.5672425493,647722.5672425493,0,0.0,0.0,0.0,0.0
1776513600000,647722.5672425493,647722.5672425493,0,0.0,0.0,0.0,0.0
1776528000000,647722.5672425493,647722.5672425493,0,0.0,0.0,0.0,0.0
1776542400000,647722.5672425493,647722.5672425493,0,0.0,0.0,0.0,0.0
1776556800000,647722.5672425493,647722.5672425493,0,0.0,0.0,0.0,0.0
1776571200000,647722.5672425493,647722.5672425493,0,0.0,0.0,0.0,0.0
1776585600000,647722.5672425493,647722.5672425493,0,0.0,0.0,0.0,0.0
1776600000000,647722.5672425493,647722.5672425493,0,0.0,0.0,0.0,0.0
1776614400000,647722.5672425493,647722.5672425493,0,0.0,0.0,0.0,0.0
1776628800000,647722.5672425493,647722.5672425493,0,0.0,0.0,0.0,0.0
1776643200000,647722.5672425493,647722.5672425493,0,0.0,0.0,0.0,0.0
1776657600000,647722.5672425493,647722.5672425493,0,0.0,0.0,0.0,0.0
1776672000000,647722.5672425493,647722.5672425493,0,0.0,0.0,0.0,0.0
1776686400000,647722.5672425493,647722.5672425493,0,0.0,0.0,0.0,0.0
1776700800000,647722.5672425493,647722.5672425493,0,0.0,0.0,0.0,0.0
1776715200000,647722.5672425493,647722.5672425493,0,0.0,0.0,0.0,0.0
1776729600000,647722.5672425493,647722.5672425493,0,0.0,0.0,0.0,0.0
1776744000000,647722.5672425493,647722.5672425493,0,0.0,0.0,0.0,0.0
1776758400000,647722.5672425493,647722.5672425493,0,0.0,0.0,0.0,0.0
1776772800000,647722.5672425493,647722.5672425493,0,0.0,0.0,0.0,0.0
1776787200000,647722.5672425493,647722.5672425493,0,0.0,0.0,0.0,0.0
1776801600000,647722.5672425493,647722.5672425493,0,0.0,0.0,0.0,0.0
1776816000000,647722.5672425493,647722.5672425493,0,0.0,0.0,0.0,0.0
1776830400000,647722.5672425493,647722.5672425493,0,0.0,0.0,0.0,0.0
1776844800000,647722.5672425493,647722.5672425493,0,0.0,0.0,0.0,0.0
1776859200000,647722.5672425493,647722.5672425493,0,0.0,0.0,0.0,0.0
1776873600000,647722.5672425493,647722.5672425493,0,0.0,0.0,0.0,0.0
1776888000000,647722.5672425493,647722.5672425493,0,0.0,0.0,0.0,0.0
1776902400000,647722.5672425493,647722.5672425493,0,0.0,0.0,0.0,0.0
1776916800000,647722.5672425493,647722.5672425493,0,0.0,0.0,0.0,0.0
1776931200000,647722.5672425493,647722.5672425493,0,0.0,0.0,0.0,0.0
1776945600000,647722.5672425493,647722.5672425493,0,0.0,0.0,0.0,0.0
1776960000000,647722.5672425493,647722.5672425493,0,0.0,0.0,0.0,0.0
1776974400000,647722.5672425493,647722.5672425493,0,0.0,0.0,0.0,0.0
1776988800000,647722.5672425493,647722.5672425493,0,0.0,0.0,0.0,0.0
1777003200000,647722.5672425493,647722.5672425493,0,0.0,0.0,0.0,0.0
1777017600000,647722.5672425493,647722.5672425493,0,0.0,0.0,0.0,0.0
1777032000000,647722.5672425493,647722.5672425493,0,0.0,0.0,0.0,0.0
1777046400000,647722.5672425493,647722.5672425493,0,0.0,0.0,0.0,0.0
1777060800000,647722.5672425493,647722.5672425493,0,0.0,0.0,0.0,0.0
1777075200000,647722.5672425493,647722.5672425493,0,0.0,0.0,0.0,0.0
1777089600000,647722.5672425493,647722.5672425493,0,0.0,0.0,0.0,0.0
1777104000000,647722.5672425493,647722.5672425493,0,0.0,0.0,0.0,0.0
1777118400000,647722.5672425493,647722.5672425493,0,0.0,0.0,0.0,0.0
1777132800000,647722.5672425493,647722.5672425493,0,0.0,0.0,0.0,0.0
1777147200000,647722.5672425493,647722.5672425493,0,0.0,0.0,0.0,0.0
1777161600000,647722.5672425493,647722.5672425493,0,0.0,0.0,0.0,0.0
1777176000000,647722.5672425493,647722.5672425493,0,0.0,0.0,0.0,0.0
1777190400000,647722.5672425493,647722.5672425493,0,0.0,0.0,0.0,0.0
1777204800000,647722.5672425493,647722.5672425493,0,0.0,0.0,0.0,0.0
1777219200000,647722.5672425493,647722.5672425493,0,0.0,0.0,0.0,0.0
1777233600000,647722.5672425493,647722.5672425493,0,0.0,0.0,0.0,0.0
1777248000000,647722.5672425493,647722.5672425493,0,0.0,0.0,0.0,0.0
1777262400000,647722.5672425493,647722.5672425493,0,0.0,0.0,0.0,0.0
1777276800000,647722.5672425493,647722.5672425493,0,0.0,0.0,0.0,0.0
1777291200000,647722.5672425493,647722.5672425493,0,0.0,0.0,0.0,0.0
1777305600000,641101.4421315312,641101.4421315312,0,0.0,0.0,0.0,0.0
1777320000000,637645.7096158661,641101.4421315312,3,1300505.377121744,19230.33970717846,19230.33970717846,1300505.377121744
1777334400000,624244.6473515512,628113.5119087719,1,470713.149968673,6411.014421315312,6411.014421315312,470713.149968673
1777348800000,627855.4477008939,628059.8786773252,1,467048.71638788364,6411.014421315312,6411.014421315312,467048.71638788364
1777363200000,628743.7952356307,628059.8786773252,1,466160.3688531468,6411.014421315312,6411.014421315312,466160.3688531468
1777377600000,632079.0192665654,628063.7994529968,1,462829.0655978837,6411.014421315312,6411.014421315312,462829.0655978837
1777392000000,631690.367220118,628063.7994529968,1,463217.7176443311,6411.014421315312,6411.014421315312,463217.7176443311
1777406400000,629337.5591901909,628042.9037017538,1,465549.6299230152,6411.014421315312,6411.014421315312,465549.6299230152
1777420800000,628393.6899345331,628042.9037017538,1,466493.4991786731,6411.014421315312,6411.014421315312,466493.4991786731
1777435200000,625443.3835673959,628035.2485434323,1,469436.15038748883,6411.014421315312,6411.014421315312,469436.15038748883
1777449600000,623111.2239326056,623111.2239326056,0,0.0,0.0,0.0,0.0
1777464000000,623111.2239326056,623111.2239326056,0,0.0,0.0,0.0,0.0
1777478400000,623111.2239326056,623111.2239326056,0,0.0,0.0,0.0,0.0
1777492800000,623111.2239326056,623111.2239326056,0,0.0,0.0,0.0,0.0
1777507200000,623111.2239326056,623111.2239326056,0,0.0,0.0,0.0,0.0
1777521600000,623111.2239326056,623111.2239326056,0,0.0,0.0,0.0,0.0
1777536000000,623111.2239326056,623111.2239326056,0,0.0,0.0,0.0,0.0
1777550400000,623111.2239326056,623111.2239326056,0,0.0,0.0,0.0,0.0
1777564800000,623111.2239326056,623111.2239326056,0,0.0,0.0,0.0,0.0
1777579200000,623111.2239326056,623111.2239326056,0,0.0,0.0,0.0,0.0
1777593600000,623111.2239326056,623111.2239326056,0,0.0,0.0,0.0,0.0
1777608000000,623111.2239326056,623111.2239326056,0,0.0,0.0,0.0,0.0
1777622400000,623111.2239326056,623111.2239326056,0,0.0,0.0,0.0,0.0
1777636800000,623111.2239326056,623111.2239326056,0,0.0,0.0,0.0,0.0
1777651200000,623111.2239326056,623111.2239326056,0,0.0,0.0,0.0,0.0
1777665600000,623111.2239326056,623111.2239326056,0,0.0,0.0,0.0,0.0
1777680000000,623111.2239326056,623111.2239326056,0,0.0,0.0,0.0,0.0
1777694400000,623111.2239326056,623111.2239326056,0,0.0,0.0,0.0,0.0
1777708800000,620783.4397457357,623111.2239326056,1,859352.7476506165,12462.224478652111,0.0,0.0
1777723200000,619993.018549854,623155.0767033182,1,858518.4736840221,12462.224478652111,0.0,0.0
1777737600000,623775.2803667851,623155.0767033182,1,862300.7355009533,12462.224478652111,0.0,0.0
1777752000000,623731.2331146789,623176.9799624052,1,862234.78498976,12462.224478652111,0.0,0.0
1777766400000,626029.6084297625,623176.9799624052,1,864533.1603048436,12462.224478652111,0.0,0.0
1777780800000,620618.3559391974,623157.1817618856,1,859141.706014798,12462.224478652111,0.0,0.0
1777795200000,622313.2840768632,623157.1817618856,1,860836.6341524639,12462.224478652111,0.0,0.0
1777809600000,625665.7119495786,623169.2162426646,1,864177.0275444003,12462.224478652111,0.0,0.0
1777824000000,625717.3731833466,623169.2162426646,1,864228.6887781683,12462.224478652111,0.0,0.0
1777838400000,626853.3405325635,623163.1405730522,1,865370.7317969976,12462.224478652111,0.0,0.0
1777852800000,624653.8909842697,623163.1405730522,1,863171.2822487036,12462.224478652111,0.0,0.0
1777867200000,643849.0083787191,623125.9897283728,1,882403.5504878326,12462.224478652111,0.0,0.0
1777881600000,637086.8826310412,623125.9897283728,1,875641.4247401546,12462.224478652111,0.0,0.0
1777896000000,627085.7719433808,623127.3732383505,1,865638.9305425166,12462.224478652111,0.0,0.0
1777910400000,640530.8828253049,623127.3732383505,1,879084.0414244406,12462.224478652111,0.0,0.0
1777924800000,641017.0194968339,623155.1538570867,1,879542.3974772334,12462.224478652111,0.0,0.0
1777939200000,638903.3056130913,623155.1538570867,1,877428.683593491,12462.224478652111,0.0,0.0
1777953600000,650017.1289506336,623158.5144089449,1,888539.1463791749,12462.224478652111,0.0,0.0
1777968000000,649785.2029862709,623158.5144089449,1,888307.2204148122,12462.224478652111,0.0,0.0
1777982400000,651554.2033206172,623199.6113500289,1,890035.1238080745,12462.224478652111,0.0,0.0
1777996800000,657222.6497576742,623199.6113500289,1,895703.5702451316,12462.224478652111,0.0,0.0
1778011200000,658018.6138294281,623273.417324217,1,896425.7283426973,12462.224478652111,0.0,0.0
1778025600000,650406.8256625441,623273.417324217,1,888813.9401758134,12462.224478652111,0.0,0.0
1778040000000,657896.6195598599,623354.7704641613,1,896222.3809331849,12462.224478652111,0.0,0.0
1778054400000,658656.3347170599,623354.7704641613,2,1636539.2311194711,25620.15686984931,0.0,0.0
1778068800000,689801.0441209931,623367.5945977857,2,1667671.1163897798,25620.15686984931,0.0,0.0
1778083200000,672979.642360756,623367.5945977857,2,1650849.7146295425,25620.15686984931,0.0,0.0
1778097600000,672757.8874925252,623325.9704037727,2,1650669.5839553247,25620.15686984931,0.0,0.0
1778112000000,671535.8191542554,623325.9704037727,2,1649447.5156170551,25620.15686984931,0.0,0.0
1778126400000,653313.4665240839,623310.4628508276,2,1631240.6705398285,25620.15686984931,0.0,0.0
1778140800000,681150.6948219358,623310.4628508276,2,1659077.8988376805,25620.15686984931,0.0,0.0
1778155200000,668707.4900401684,623288.5275011462,2,1646656.6294055944,25620.15686984931,0.0,0.0
1778169600000,658194.3380996467,649870.5282319225,1,747880.9448968103,13157.932391197199,0.0,0.0
1778184000000,659340.22260722,649915.0928161091,1,748982.2648201971,13157.932391197199,0.0,0.0
1778198400000,659255.5056900366,649915.0928161091,1,748897.5479030135,13157.932391197199,0.0,0.0
1778212800000,657236.2687585421,649844.3449798375,1,746949.0588077907,13157.932391197199,0.0,0.0
1778227200000,657490.4195100929,649844.3449798375,1,747203.2095593415,13157.932391197199,0.0,0.0
1778241600000,660719.6661824565,649769.6318820408,1,750507.1693295019,13157.932391197199,0.0,0.0
1778256000000,668852.490232082,649769.6318820408,1,758639.9933791274,13157.932391197199,0.0,0.0
1778270400000,694359.8453315139,649777.1949092094,1,784139.7854513907,13157.932391197199,0.0,0.0
1778284800000,689361.5472176815,649777.1949092094,1,779141.4873375583,13157.932391197199,0.0,0.0
1778299200000,703007.7583124227,649699.2654202074,1,792865.6279213014,13157.932391197199,0.0,0.0
1778313600000,704024.3613186257,649699.2654202074,1,793882.2309275045,13157.932391197199,0.0,0.0
1778328000000,702719.2245214503,649664.8823807859,1,792611.4771697505,13157.932391197199,0.0,0.0
1778342400000,697466.7756560672,649664.8823807859,1,787359.0283043673,13157.932391197199,0.0,0.0
1778356800000,701775.5503995648,649653.0943479199,1,791679.591080731,13157.932391197199,0.0,0.0
1778371200000,698556.3075465879,649653.0943479199,1,788460.3482277541,13157.932391197199,0.0,0.0
1778385600000,701139.0988459291,649694.3781317531,1,791001.8557432622,13157.932391197199,0.0,0.0
1778400000000,701308.5326802963,649694.3781317531,1,791171.2895776293,13157.932391197199,0.0,0.0
1778414400000,702057.39823342,649680.7914302243,1,791933.7418322818,13157.932391197199,0.0,0.0
1778428800000,710529.0899517798,649680.7914302243,1,800405.4335506416,13157.932391197199,0.0,0.0
1778443200000,727225.1994118921,649687.6682051676,1,817094.6662358106,13157.932391197199,0.0,0.0
1778457600000,726971.0486603413,649687.6682051676,1,816840.5154842598,13157.932391197199,0.0,0.0
1778472000000,712496.5971014829,649615.092567521,1,802438.639563048,13157.932391197199,0.0,0.0
1778486400000,717325.4613809481,649615.092567521,1,807267.5038425132,13157.932391197199,0.0,0.0
1778500800000,716618.7256024242,649586.0921264661,1,806589.7685050443,13157.932391197199,0.0,0.0
1778515200000,729749.8477658822,649586.0921264661,1,819720.8906685022,13157.932391197199,0.0,0.0
1778529600000,741302.7968507911,649532.823557222,1,831327.1083226552,13157.932391197199,0.0,0.0
1778544000000,734356.009641736,649532.823557222,1,824380.3211136,13157.932391197199,0.0,0.0
1778558400000,723991.367927641,649503.6457395261,1,814044.857217201,13157.932391197199,0.0,0.0
1778572800000,723059.4818386214,649503.6457395261,1,813112.9711281814,13157.932391197199,0.0,0.0
1778587200000,714128.6777754215,649552.8348977877,1,804132.97790672,13157.932391197199,0.0,0.0
1778601600000,713967.8511798402,713967.8511798402,0,0.0,0.0,0.0,0.0
1778616000000,713967.8511798402,713967.8511798402,0,0.0,0.0,0.0,0.0
1778630400000,713967.8511798402,713967.8511798402,0,0.0,0.0,0.0,0.0
1778644800000,713967.8511798402,713967.8511798402,0,0.0,0.0,0.0,0.0
1778659200000,713967.8511798402,713967.8511798402,0,0.0,0.0,0.0,0.0
1778673600000,713967.8511798402,713967.8511798402,0,0.0,0.0,0.0,0.0
1778688000000,713967.8511798402,713967.8511798402,0,0.0,0.0,0.0,0.0
1778702400000,713967.8511798402,713967.8511798402,0,0.0,0.0,0.0,0.0
1778716800000,713967.8511798402,713967.8511798402,0,0.0,0.0,0.0,0.0
1778731200000,713967.8511798402,713967.8511798402,0,0.0,0.0,0.0,0.0
1778745600000,713967.8511798402,713967.8511798402,0,0.0,0.0,0.0,0.0
1778760000000,713967.8511798402,713967.8511798402,0,0.0,0.0,0.0,0.0
1778774400000,713967.8511798402,713967.8511798402,0,0.0,0.0,0.0,0.0
1778788800000,713967.8511798402,713967.8511798402,0,0.0,0.0,0.0,0.0
1778803200000,713967.8511798402,713967.8511798402,0,0.0,0.0,0.0,0.0
1778817600000,713967.8511798402,713967.8511798402,0,0.0,0.0,0.0,0.0
1778832000000,713967.8511798402,713967.8511798402,0,0.0,0.0,0.0,0.0
1778846400000,713967.8511798402,713967.8511798402,0,0.0,0.0,0.0,0.0
1778860800000,713967.8511798402,713967.8511798402,0,0.0,0.0,0.0,0.0
1778875200000,713967.8511798402,713967.8511798402,0,0.0,0.0,0.0,0.0
1778889600000,713967.8511798402,713967.8511798402,0,0.0,0.0,0.0,0.0
1778904000000,713967.8511798402,713967.8511798402,0,0.0,0.0,0.0,0.0
1778918400000,713967.8511798402,713967.8511798402,0,0.0,0.0,0.0,0.0
1778932800000,713967.8511798402,713967.8511798402,0,0.0,0.0,0.0,0.0
1778947200000,713967.8511798402,713967.8511798402,0,0.0,0.0,0.0,0.0
1778961600000,713967.8511798402,713967.8511798402,0,0.0,0.0,0.0,0.0
1778976000000,713967.8511798402,713967.8511798402,0,0.0,0.0,0.0,0.0
1778990400000,713967.8511798402,713967.8511798402,0,0.0,0.0,0.0,0.0
1779004800000,713967.8511798402,713967.8511798402,0,0.0,0.0,0.0,0.0
1779019200000,713967.8511798402,713967.8511798402,0,0.0,0.0,0.0,0.0
1779033600000,713967.8511798402,713967.8511798402,0,0.0,0.0,0.0,0.0
1779048000000,713967.8511798402,713967.8511798402,0,0.0,0.0,0.0,0.0
1779062400000,713967.8511798402,713967.8511798402,0,0.0,0.0,0.0,0.0
1779076800000,713967.8511798402,713967.8511798402,0,0.0,0.0,0.0,0.0
1779091200000,713967.8511798402,713967.8511798402,0,0.0,0.0,0.0,0.0
1779105600000,713967.8511798402,713967.8511798402,0,0.0,0.0,0.0,0.0
1779120000000,713967.8511798402,713967.8511798402,0,0.0,0.0,0.0,0.0
1779134400000,713967.8511798402,713967.8511798402,0,0.0,0.0,0.0,0.0
1779148800000,713967.8511798402,713967.8511798402,0,0.0,0.0,0.0,0.0
1779163200000,713967.8511798402,713967.8511798402,0,0.0,0.0,0.0,0.0
1779177600000,713967.8511798402,713967.8511798402,0,0.0,0.0,0.0,0.0
1779192000000,713967.8511798402,713967.8511798402,0,0.0,0.0,0.0,0.0
1779206400000,713967.8511798402,713967.8511798402,0,0.0,0.0,0.0,0.0
1779220800000,713967.8511798402,713967.8511798402,0,0.0,0.0,0.0,0.0
1779235200000,713967.8511798402,713967.8511798402,0,0.0,0.0,0.0,0.0
1779249600000,713967.8511798402,713967.8511798402,0,0.0,0.0,0.0,0.0
1779264000000,713967.8511798402,713967.8511798402,0,0.0,0.0,0.0,0.0
1779278400000,713967.8511798402,713967.8511798402,0,0.0,0.0,0.0,0.0
1779292800000,713967.8511798402,713967.8511798402,0,0.0,0.0,0.0,0.0
1779307200000,713967.8511798402,713967.8511798402,0,0.0,0.0,0.0,0.0
1779321600000,713967.8511798402,713967.8511798402,0,0.0,0.0,0.0,0.0
1779336000000,713967.8511798402,713967.8511798402,0,0.0,0.0,0.0,0.0
1779350400000,713967.8511798402,713967.8511798402,0,0.0,0.0,0.0,0.0
1779364800000,713967.8511798402,713967.8511798402,0,0.0,0.0,0.0,0.0
1779379200000,713967.8511798402,713967.8511798402,0,0.0,0.0,0.0,0.0
1779393600000,713967.8511798402,713967.8511798402,0,0.0,0.0,0.0,0.0
1779408000000,713967.8511798402,713967.8511798402,0,0.0,0.0,0.0,0.0
1779422400000,713967.8511798402,713967.8511798402,0,0.0,0.0,0.0,0.0
1779436800000,713967.8511798402,713967.8511798402,0,0.0,0.0,0.0,0.0
1779451200000,713967.8511798402,713967.8511798402,0,0.0,0.0,0.0,0.0
1779465600000,713967.8511798402,713967.8511798402,0,0.0,0.0,0.0,0.0
1779480000000,713967.8511798402,713967.8511798402,0,0.0,0.0,0.0,0.0
1779494400000,713967.8511798402,713967.8511798402,0,0.0,0.0,0.0,0.0
1779508800000,713967.8511798402,713967.8511798402,0,0.0,0.0,0.0,0.0
1779523200000,713967.8511798402,713967.8511798402,0,0.0,0.0,0.0,0.0
1779537600000,713967.8511798402,713967.8511798402,0,0.0,0.0,0.0,0.0
1779552000000,713967.8511798402,713967.8511798402,0,0.0,0.0,0.0,0.0
1779566400000,713967.8511798402,713967.8511798402,0,0.0,0.0,0.0,0.0
1779580800000,713967.8511798402,713967.8511798402,0,0.0,0.0,0.0,0.0
1779595200000,713967.8511798402,713967.8511798402,0,0.0,0.0,0.0,0.0
1779609600000,713967.8511798402,713967.8511798402,0,0.0,0.0,0.0,0.0
1779624000000,713967.8511798402,713967.8511798402,0,0.0,0.0,0.0,0.0
1779638400000,713967.8511798402,713967.8511798402,0,0.0,0.0,0.0,0.0
1779652800000,713967.8511798402,713967.8511798402,0,0.0,0.0,0.0,0.0
1779667200000,713967.8511798402,713967.8511798402,0,0.0,0.0,0.0,0.0
1779681600000,713967.8511798402,713967.8511798402,0,0.0,0.0,0.0,0.0
1779696000000,713967.8511798402,713967.8511798402,0,0.0,0.0,0.0,0.0
1779710400000,713967.8511798402,713967.8511798402,0,0.0,0.0,0.0,0.0
1779724800000,713967.8511798402,713967.8511798402,0,0.0,0.0,0.0,0.0
1779739200000,713967.8511798402,713967.8511798402,0,0.0,0.0,0.0,0.0
1779753600000,713967.8511798402,713967.8511798402,0,0.0,0.0,0.0,0.0
1779768000000,713967.8511798402,713967.8511798402,0,0.0,0.0,0.0,0.0
1779782400000,713967.8511798402,713967.8511798402,0,0.0,0.0,0.0,0.0
1779796800000,713967.8511798402,713967.8511798402,0,0.0,0.0,0.0,0.0
1779811200000,713967.8511798402,713967.8511798402,0,0.0,0.0,0.0,0.0
1779825600000,713967.8511798402,713967.8511798402,0,0.0,0.0,0.0,0.0
1779840000000,713967.8511798402,713967.8511798402,0,0.0,0.0,0.0,0.0
1779854400000,713967.8511798402,713967.8511798402,0,0.0,0.0,0.0,0.0
1779868800000,713967.8511798402,713967.8511798402,0,0.0,0.0,0.0,0.0
1779883200000,713967.8511798402,713967.8511798402,0,0.0,0.0,0.0,0.0
1779897600000,713967.8511798402,713967.8511798402,0,0.0,0.0,0.0,0.0
1779912000000,713967.8511798402,713967.8511798402,0,0.0,0.0,0.0,0.0
1779926400000,713967.8511798402,713967.8511798402,0,0.0,0.0,0.0,0.0
1779940800000,736763.0080587044,713967.8511798402,1,1039408.7612533197,14279.357023596804,14279.357023596804,1039408.7612533197
1779955200000,728270.2896954394,728143.8436830285,2,1360970.4267169633,21874.93867297249,21874.93867297249,1360970.4267169633
1779969600000,736267.252906091,727964.8227339505,3,1748672.5918627405,29117.907927425043,29117.907927425043,1748672.5918627405
1779984000000,721249.8119832223,728761.3813649096,2,1233384.6323504765,21978.229415626643,21978.229415626643,1233384.6323504765
1779998400000,706495.562298423,706495.562298423,0,0.0,0.0,0.0,0.0
1780012800000,706495.562298423,706495.562298423,0,0.0,0.0,0.0,0.0
1780027200000,706495.562298423,706495.562298423,0,0.0,0.0,0.0,0.0
1780041600000,706495.562298423,706495.562298423,0,0.0,0.0,0.0,0.0
1780056000000,706495.562298423,706495.562298423,0,0.0,0.0,0.0,0.0
1780070400000,706495.562298423,706495.562298423,0,0.0,0.0,0.0,0.0
1780084800000,706495.562298423,706495.562298423,0,0.0,0.0,0.0,0.0
1780099200000,706495.562298423,706495.562298423,0,0.0,0.0,0.0,0.0
1780113600000,706495.562298423,706495.562298423,0,0.0,0.0,0.0,0.0
1780128000000,706495.562298423,706495.562298423,0,0.0,0.0,0.0,0.0
1780142400000,706495.562298423,706495.562298423,0,0.0,0.0,0.0,0.0
1780156800000,706495.562298423,706495.562298423,0,0.0,0.0,0.0,0.0
1780171200000,706495.562298423,706495.562298423,0,0.0,0.0,0.0,0.0
1780185600000,706495.562298423,706495.562298423,0,0.0,0.0,0.0,0.0
1780200000000,706495.562298423,706495.562298423,0,0.0,0.0,0.0,0.0
1780214400000,706495.562298423,706495.562298423,0,0.0,0.0,0.0,0.0
1780228800000,706495.562298423,706495.562298423,0,0.0,0.0,0.0,0.0
1780243200000,706495.562298423,706495.562298423,0,0.0,0.0,0.0,0.0
1780257600000,706495.562298423,706495.562298423,0,0.0,0.0,0.0,0.0
1780272000000,706495.562298423,706495.562298423,0,0.0,0.0,0.0,0.0
1780286400000,706495.562298423,706495.562298423,0,0.0,0.0,0.0,0.0
1780300800000,706495.562298423,706495.562298423,0,0.0,0.0,0.0,0.0
1780315200000,705535.544752215,706495.562298423,2,1943993.7287684719,28250.75859037409,28250.75859037409,1943993.7287684719
1780329600000,724999.6880613586,706495.562298423,2,1924529.5854593283,28250.75859037409,28250.75859037409,1924529.5854593283
1780344000000,690643.6954744098,692209.7403189363,1,811838.6582521619,14120.847344405629,14120.847344405629,811838.6582521619
1780358400000,694911.3498837905,692209.7403189363,2,2048093.0767411818,27625.747818976393,27625.747818976393,2048093.0767411818
1780372800000,713790.138181081,692396.9544214519,2,2029401.5025464066,27625.747818976393,27625.747818976393,2029401.5025464066
1780387200000,744832.0080643455,719823.1479213614,2,1000388.4830100338,13812.873909488197,13812.873909488197,1000388.4830100338
1780401600000,752226.8908700555,719835.7480337906,2,993006.200316753,13812.873909488197,13812.873909488197,993006.200316753
1780416000000,784254.6641005113,719835.7480337906,2,960978.4270862972,13812.873909488197,13812.873909488197,960978.4270862972
1780430400000,789691.3545989007,719840.2792905963,3,1721418.1136571285,29501.567711395677,29501.567711395677,1721418.1136571285
1780444800000,810016.109907806,719840.2792905963,3,1701093.3583482231,29501.567711395677,29501.567711395677,1701093.3583482231
1780459200000,837380.5160441102,735451.2499299175,3,1306403.9999450326,21657.220810441937,21657.220810441937,1306403.9999450326
1780473600000,798487.3541538141,758017.907586125,2,962727.5127877186,14596.797138239122,14596.797138239122,962727.5127877186
1780488000000,800628.5345549062,758080.3001423893,2,960648.7249428907,14596.797138239122,14596.797138239122,960648.7249428907
1780502400000,813968.2193700937,758080.3001423893,2,947309.0401277033,14596.797138239122,14596.797138239122,947309.0401277033
1780516800000,823614.781377425,758169.0134247941,2,937751.1914027769,14596.797138239122,14596.797138239122,937751.1914027769
1780531200000,836472.6834548532,758169.0134247941,2,924893.2893253485,14596.797138239122,14596.797138239122,924893.2893253485
1780545600000,834921.8222631926,758188.9163751844,2,926464.0534673994,14596.797138239122,14596.797138239122,926464.0534673994
1780560000000,834696.1192069384,834696.1192069384,0,0.0,0.0,0.0,0.0
1780574400000,834696.1192069384,834696.1192069384,0,0.0,0.0,0.0,0.0
1780588800000,834696.1192069384,834696.1192069384,0,0.0,0.0,0.0,0.0
1780603200000,834696.1192069384,834696.1192069384,0,0.0,0.0,0.0,0.0
1780617600000,834696.1192069384,834696.1192069384,0,0.0,0.0,0.0,0.0
1780632000000,834696.1192069384,834696.1192069384,0,0.0,0.0,0.0,0.0
1780646400000,834696.1192069384,834696.1192069384,0,0.0,0.0,0.0,0.0
1780660800000,834696.1192069384,834696.1192069384,0,0.0,0.0,0.0,0.0
1780675200000,834696.1192069384,834696.1192069384,0,0.0,0.0,0.0,0.0
1780689600000,834696.1192069384,834696.1192069384,0,0.0,0.0,0.0,0.0
1780704000000,834696.1192069384,834696.1192069384,0,0.0,0.0,0.0,0.0
1780718400000,834696.1192069384,834696.1192069384,0,0.0,0.0,0.0,0.0
1780732800000,834696.1192069384,834696.1192069384,0,0.0,0.0,0.0,0.0
1780747200000,834696.1192069384,834696.1192069384,0,0.0,0.0,0.0,0.0
1780761600000,834696.1192069384,834696.1192069384,0,0.0,0.0,0.0,0.0
1780776000000,834696.1192069384,834696.1192069384,0,0.0,0.0,0.0,0.0
1780790400000,834696.1192069384,834696.1192069384,0,0.0,0.0,0.0,0.0
1780804800000,834696.1192069384,834696.1192069384,0,0.0,0.0,0.0,0.0
1780819200000,834696.1192069384,834696.1192069384,0,0.0,0.0,0.0,0.0
1780833600000,834696.1192069384,834696.1192069384,0,0.0,0.0,0.0,0.0
1780848000000,834696.1192069384,834696.1192069384,0,0.0,0.0,0.0,0.0
1780862400000,834696.1192069384,834696.1192069384,0,0.0,0.0,0.0,0.0
1780876800000,834696.1192069384,834696.1192069384,0,0.0,0.0,0.0,0.0
1780891200000,834696.1192069384,834696.1192069384,0,0.0,0.0,0.0,0.0
1780905600000,834696.1192069384,834696.1192069384,0,0.0,0.0,0.0,0.0
1780920000000,834696.1192069384,834696.1192069384,0,0.0,0.0,0.0,0.0
1780934400000,834696.1192069384,834696.1192069384,0,0.0,0.0,0.0,0.0
1780948800000,834696.1192069384,834696.1192069384,0,0.0,0.0,0.0,0.0
1780963200000,834696.1192069384,834696.1192069384,0,0.0,0.0,0.0,0.0
1780977600000,834696.1192069384,834696.1192069384,0,0.0,0.0,0.0,0.0
1780992000000,834696.1192069384,834696.1192069384,0,0.0,0.0,0.0,0.0
1781006400000,834696.1192069384,834696.1192069384,0,0.0,0.0,0.0,0.0
1781020800000,834696.1192069384,834696.1192069384,0,0.0,0.0,0.0,0.0
1781035200000,834696.1192069384,834696.1192069384,0,0.0,0.0,0.0,0.0
1781049600000,834696.1192069384,834696.1192069384,0,0.0,0.0,0.0,0.0
1781064000000,834696.1192069384,834696.1192069384,0,0.0,0.0,0.0,0.0
1781078400000,834696.1192069384,834696.1192069384,0,0.0,0.0,0.0,0.0
1781092800000,834696.1192069384,834696.1192069384,0,0.0,0.0,0.0,0.0
1781107200000,834696.1192069384,834696.1192069384,0,0.0,0.0,0.0,0.0
1781121600000,834696.1192069384,834696.1192069384,0,0.0,0.0,0.0,0.0
1781136000000,834696.1192069384,834696.1192069384,0,0.0,0.0,0.0,0.0
1781150400000,834696.1192069384,834696.1192069384,0,0.0,0.0,0.0,0.0
1781164800000,834696.1192069384,834696.1192069384,0,0.0,0.0,0.0,0.0
1781179200000,834696.1192069384,834696.1192069384,0,0.0,0.0,0.0,0.0
1781193600000,834696.1192069384,834696.1192069384,0,0.0,0.0,0.0,0.0
1781208000000,834696.1192069384,834696.1192069384,0,0.0,0.0,0.0,0.0
1781222400000,834696.1192069384,834696.1192069384,0,0.0,0.0,0.0,0.0
1781236800000,834696.1192069384,834696.1192069384,0,0.0,0.0,0.0,0.0
1781251200000,834696.1192069384,834696.1192069384,0,0.0,0.0,0.0,0.0
1781265600000,834696.1192069384,834696.1192069384,0,0.0,0.0,0.0,0.0
1781280000000,834696.1192069384,834696.1192069384,0,0.0,0.0,0.0,0.0
1781294400000,834696.1192069384,834696.1192069384,0,0.0,0.0,0.0,0.0
1781308800000,834696.1192069384,834696.1192069384,0,0.0,0.0,0.0,0.0
1781323200000,834696.1192069384,834696.1192069384,0,0.0,0.0,0.0,0.0
1781337600000,834696.1192069384,834696.1192069384,0,0.0,0.0,0.0,0.0
1781352000000,834696.1192069384,834696.1192069384,0,0.0,0.0,0.0,0.0
1781366400000,834696.1192069384,834696.1192069384,0,0.0,0.0,0.0,0.0
1781380800000,834696.1192069384,834696.1192069384,0,0.0,0.0,0.0,0.0
1781395200000,834696.1192069384,834696.1192069384,0,0.0,0.0,0.0,0.0
1781409600000,834696.1192069384,834696.1192069384,0,0.0,0.0,0.0,0.0
1781424000000,834696.1192069384,834696.1192069384,0,0.0,0.0,0.0,0.0
1781438400000,834696.1192069384,834696.1192069384,0,0.0,0.0,0.0,0.0
1781452800000,834696.1192069384,834696.1192069384,0,0.0,0.0,0.0,0.0
1781467200000,834696.1192069384,834696.1192069384,0,0.0,0.0,0.0,0.0
1781481600000,817827.238770322,817827.238770322,0,0.0,0.0,0.0,0.0
1781496000000,817827.238770322,817827.238770322,0,0.0,0.0,0.0,0.0
1781510400000,817827.238770322,817827.238770322,0,0.0,0.0,0.0,0.0
1781524800000,817827.238770322,817827.238770322,0,0.0,0.0,0.0,0.0
1781539200000,817827.238770322,817827.238770322,0,0.0,0.0,0.0,0.0
1781553600000,817827.238770322,817827.238770322,0,0.0,0.0,0.0,0.0
1781568000000,817827.238770322,817827.238770322,0,0.0,0.0,0.0,0.0
1781582400000,817827.238770322,817827.238770322,0,0.0,0.0,0.0,0.0
1781596800000,817827.238770322,817827.238770322,0,0.0,0.0,0.0,0.0
1781611200000,817827.238770322,817827.238770322,0,0.0,0.0,0.0,0.0
1781625600000,817827.238770322,817827.238770322,0,0.0,0.0,0.0,0.0
1781640000000,817827.238770322,817827.238770322,0,0.0,0.0,0.0,0.0
1781654400000,817827.238770322,817827.238770322,0,0.0,0.0,0.0,0.0
1781668800000,817827.238770322,817827.238770322,0,0.0,0.0,0.0,0.0
1781683200000,817827.238770322,817827.238770322,0,0.0,0.0,0.0,0.0
1781697600000,817827.238770322,817827.238770322,0,0.0,0.0,0.0,0.0
1781712000000,817827.238770322,817827.238770322,0,0.0,0.0,0.0,0.0
1781726400000,817827.238770322,817827.238770322,0,0.0,0.0,0.0,0.0
1781740800000,817827.238770322,817827.238770322,0,0.0,0.0,0.0,0.0
1781755200000,817827.238770322,817827.238770322,0,0.0,0.0,0.0,0.0
1781769600000,817827.238770322,817827.238770322,0,0.0,0.0,0.0,0.0
1781784000000,817827.238770322,817827.238770322,0,0.0,0.0,0.0,0.0
1781798400000,817827.238770322,817827.238770322,0,0.0,0.0,0.0,0.0
1781812800000,817827.238770322,817827.238770322,0,0.0,0.0,0.0,0.0
1781827200000,817827.238770322,817827.238770322,0,0.0,0.0,0.0,0.0
1781841600000,817827.238770322,817827.238770322,0,0.0,0.0,0.0,0.0
1781856000000,817827.238770322,817827.238770322,0,0.0,0.0,0.0,0.0
1781870400000,817827.238770322,817827.238770322,0,0.0,0.0,0.0,0.0
1781884800000,817827.238770322,817827.238770322,0,0.0,0.0,0.0,0.0
1781899200000,817827.238770322,817827.238770322,0,0.0,0.0,0.0,0.0
1781913600000,817827.238770322,817827.238770322,0,0.0,0.0,0.0,0.0
1781928000000,817827.238770322,817827.238770322,0,0.0,0.0,0.0,0.0
1781942400000,817827.238770322,817827.238770322,0,0.0,0.0,0.0,0.0
1781956800000,817827.238770322,817827.238770322,0,0.0,0.0,0.0,0.0
1781971200000,817827.238770322,817827.238770322,0,0.0,0.0,0.0,0.0
1781985600000,817827.238770322,817827.238770322,0,0.0,0.0,0.0,0.0
1782000000000,817827.238770322,817827.238770322,0,0.0,0.0,0.0,0.0
1782014400000,817827.238770322,817827.238770322,0,0.0,0.0,0.0,0.0
1782028800000,817827.238770322,817827.238770322,0,0.0,0.0,0.0,0.0
1782043200000,817827.238770322,817827.238770322,0,0.0,0.0,0.0,0.0
1782057600000,817827.238770322,817827.238770322,0,0.0,0.0,0.0,0.0
1782072000000,817827.238770322,817827.238770322,0,0.0,0.0,0.0,0.0
1782086400000,817827.238770322,817827.238770322,0,0.0,0.0,0.0,0.0
1782100800000,817827.238770322,817827.238770322,0,0.0,0.0,0.0,0.0
1782115200000,817827.238770322,817827.238770322,0,0.0,0.0,0.0,0.0
1782129600000,817827.238770322,817827.238770322,0,0.0,0.0,0.0,0.0
1782144000000,817827.238770322,817827.238770322,0,0.0,0.0,0.0,0.0
1782158400000,817827.238770322,817827.238770322,0,0.0,0.0,0.0,0.0
1782172800000,817827.238770322,817827.238770322,0,0.0,0.0,0.0,0.0
1782187200000,817827.238770322,817827.238770322,0,0.0,0.0,0.0,0.0
1782201600000,848953.2613335425,834076.1246780407,1,539773.7465577867,8178.2723877032195,8178.2723877032195,539773.7465577867
1782216000000,857323.8280437972,834033.8710770871,3,2005649.6276390569,33947.6067645883,33947.6067645883,2005649.6276390569
1782230400000,878919.2704326359,834033.8710770871,3,1984054.185250218,33947.6067645883,33947.6067645883,1984054.185250218
1782244800000,880140.8827800043,833885.5052485078,3,1982684.2070742706,33947.6067645883,33947.6067645883,1982684.2070742706
1782259200000,866308.4239317196,833885.5052485078,3,1996516.6659225551,33947.6067645883,33947.6067645883,1996516.6659225551
1782273600000,869583.9564405354,833856.4475439372,3,1993212.0757091688,33947.6067645883,33947.6067645883,1993212.0757091688
1782288000000,879796.0852867834,833856.4475439372,3,1982999.946862921,33947.6067645883,33947.6067645883,1982999.946862921
1782302400000,888096.2495116396,842598.1551401658,3,1798283.2649328061,29552.04965347165,29552.04965347165,1798283.2649328061
1782316800000,949391.1864966361,859469.3737137695,3,1201873.4211266611,21062.93957614576,21062.93957614576,1201873.4211266611
1782331200000,957500.4752489456,859355.4418968977,3,1193650.2005574799,21062.93957614576,21062.93957614576,1193650.2005574799
1782345600000,911815.6534183451,892417.5363068082,1,532588.0082832153,8489.11007732589,8489.11007732589,532588.0082832153
1782360000000,912429.4999756804,892336.42227919,1,531893.0476982619,8489.11007732589,8489.11007732589,531893.0476982619
1782374400000,907085.5852484751,907085.5852484751,0,0.0,0.0,0.0,0.0
1782388800000,907085.5852484751,907085.5852484751,0,0.0,0.0,0.0,0.0
1782403200000,907085.5852484751,907085.5852484751,0,0.0,0.0,0.0,0.0
1782417600000,907085.5852484751,907085.5852484751,0,0.0,0.0,0.0,0.0
1782432000000,907085.5852484751,907085.5852484751,0,0.0,0.0,0.0,0.0
1782446400000,907085.5852484751,907085.5852484751,0,0.0,0.0,0.0,0.0
1782460800000,907085.5852484751,907085.5852484751,0,0.0,0.0,0.0,0.0
1782475200000,907085.5852484751,907085.5852484751,0,0.0,0.0,0.0,0.0
1782489600000,907085.5852484751,907085.5852484751,0,0.0,0.0,0.0,0.0
1782504000000,907085.5852484751,907085.5852484751,0,0.0,0.0,0.0,0.0
1782518400000,907085.5852484751,907085.5852484751,0,0.0,0.0,0.0,0.0
1782532800000,907085.5852484751,907085.5852484751,0,0.0,0.0,0.0,0.0
1782547200000,907085.5852484751,907085.5852484751,0,0.0,0.0,0.0,0.0
1782561600000,907085.5852484751,907085.5852484751,0,0.0,0.0,0.0,0.0
1782576000000,907085.5852484751,907085.5852484751,0,0.0,0.0,0.0,0.0
1782590400000,907085.5852484751,907085.5852484751,0,0.0,0.0,0.0,0.0
1782604800000,907085.5852484751,907085.5852484751,0,0.0,0.0,0.0,0.0
1782619200000,907085.5852484751,907085.5852484751,0,0.0,0.0,0.0,0.0
1782633600000,907085.5852484751,907085.5852484751,0,0.0,0.0,0.0,0.0
1782648000000,907085.5852484751,907085.5852484751,0,0.0,0.0,0.0,0.0
1782662400000,907085.5852484751,907085.5852484751,0,0.0,0.0,0.0,0.0
1782676800000,907085.5852484751,907085.5852484751,0,0.0,0.0,0.0,0.0
1782691200000,907085.5852484751,907085.5852484751,0,0.0,0.0,0.0,0.0
1782705600000,907085.5852484751,907085.5852484751,0,0.0,0.0,0.0,0.0
1782720000000,907085.5852484751,907085.5852484751,0,0.0,0.0,0.0,0.0
1782734400000,907085.5852484751,907085.5852484751,0,0.0,0.0,0.0,0.0
1782748800000,907085.5852484751,907085.5852484751,0,0.0,0.0,0.0,0.0
1782763200000,907085.5852484751,907085.5852484751,0,0.0,0.0,0.0,0.0
1782777600000,907085.5852484751,907085.5852484751,0,0.0,0.0,0.0,0.0
1782792000000,907085.5852484751,907085.5852484751,0,0.0,0.0,0.0,0.0
1782806400000,907085.5852484751,907085.5852484751,0,0.0,0.0,0.0,0.0
1782820800000,907085.5852484751,907085.5852484751,0,0.0,0.0,0.0,0.0
1782835200000,907085.5852484751,907085.5852484751,0,0.0,0.0,0.0,0.0
1782849600000,907085.5852484751,907085.5852484751,0,0.0,0.0,0.0,0.0
1782864000000,907085.5852484751,907085.5852484751,0,0.0,0.0,0.0,0.0
1782878400000,907085.5852484751,907085.5852484751,0,0.0,0.0,0.0,0.0
1782892800000,907085.5852484751,907085.5852484751,0,0.0,0.0,0.0,0.0
1782907200000,907085.5852484751,907085.5852484751,0,0.0,0.0,0.0,0.0
1782921600000,907085.5852484751,907085.5852484751,0,0.0,0.0,0.0,0.0
1782936000000,907085.5852484751,907085.5852484751,0,0.0,0.0,0.0,0.0
1782950400000,907085.5852484751,907085.5852484751,0,0.0,0.0,0.0,0.0
1782964800000,907085.5852484751,907085.5852484751,0,0.0,0.0,0.0,0.0
1782979200000,907085.5852484751,907085.5852484751,0,0.0,0.0,0.0,0.0
1782993600000,907085.5852484751,907085.5852484751,0,0.0,0.0,0.0,0.0
1783008000000,907085.5852484751,907085.5852484751,0,0.0,0.0,0.0,0.0
1783022400000,907085.5852484751,907085.5852484751,0,0.0,0.0,0.0,0.0
1783036800000,907085.5852484751,907085.5852484751,0,0.0,0.0,0.0,0.0
1783051200000,907085.5852484751,907085.5852484751,0,0.0,0.0,0.0,0.0
1783065600000,907085.5852484751,907085.5852484751,0,0.0,0.0,0.0,0.0
1783080000000,907085.5852484751,907085.5852484751,0,0.0,0.0,0.0,0.0
1783094400000,907085.5852484751,907085.5852484751,0,0.0,0.0,0.0,0.0
1783108800000,907085.5852484751,907085.5852484751,0,0.0,0.0,0.0,0.0
1783123200000,907085.5852484751,907085.5852484751,0,0.0,0.0,0.0,0.0
1783137600000,907085.5852484751,907085.5852484751,0,0.0,0.0,0.0,0.0
1783152000000,907085.5852484751,907085.5852484751,0,0.0,0.0,0.0,0.0
1783166400000,907085.5852484751,907085.5852484751,0,0.0,0.0,0.0,0.0
1783180800000,907085.5852484751,907085.5852484751,0,0.0,0.0,0.0,0.0
1783195200000,907085.5852484751,907085.5852484751,0,0.0,0.0,0.0,0.0
1783209600000,907085.5852484751,907085.5852484751,0,0.0,0.0,0.0,0.0
1783224000000,907085.5852484751,907085.5852484751,0,0.0,0.0,0.0,0.0
1783238400000,907085.5852484751,907085.5852484751,0,0.0,0.0,0.0,0.0
1783252800000,907085.5852484751,907085.5852484751,0,0.0,0.0,0.0,0.0
1783267200000,907085.5852484751,907085.5852484751,0,0.0,0.0,0.0,0.0
1783281600000,907085.5852484751,907085.5852484751,0,0.0,0.0,0.0,0.0
1783296000000,907085.5852484751,907085.5852484751,0,0.0,0.0,0.0,0.0
1783310400000,907085.5852484751,907085.5852484751,0,0.0,0.0,0.0,0.0
1783324800000,907085.5852484751,907085.5852484751,0,0.0,0.0,0.0,0.0
1783339200000,907085.5852484751,907085.5852484751,0,0.0,0.0,0.0,0.0
1783353600000,907085.5852484751,907085.5852484751,0,0.0,0.0,0.0,0.0
1783368000000,907085.5852484751,907085.5852484751,0,0.0,0.0,0.0,0.0
1783382400000,907085.5852484751,907085.5852484751,0,0.0,0.0,0.0,0.0
1783396800000,907085.5852484751,907085.5852484751,0,0.0,0.0,0.0,0.0
1783411200000,907085.5852484751,907085.5852484751,0,0.0,0.0,0.0,0.0
1783425600000,907085.5852484751,907085.5852484751,0,0.0,0.0,0.0,0.0
1783440000000,907085.5852484751,907085.5852484751,0,0.0,0.0,0.0,0.0
1783454400000,907085.5852484751,907085.5852484751,0,0.0,0.0,0.0,0.0
1783468800000,907085.5852484751,907085.5852484751,0,0.0,0.0,0.0,0.0
1783483200000,907085.5852484751,907085.5852484751,0,0.0,0.0,0.0,0.0
1783497600000,903565.0167817028,907085.5852484751,1,402994.84451923525,9070.85585248475,9070.85585248475,402994.84451923525
1783512000000,903805.6157706081,907013.3971801627,1,402682.05746201763,9070.85585248475,9070.85585248475,402682.05746201763
1783526400000,907559.0604572201,907013.3971801627,1,398928.61277540564,9070.85585248475,9070.85585248475,398928.61277540564
1783540800000,902865.622720653,907011.7653018605,1,403620.4186336706,9070.85585248475,9070.85585248475,403620.4186336706
1783555200000,901677.0319032258,907011.7653018605,1,404809.0094510977,9070.85585248475,9070.85585248475,404809.0094510977
1783569600000,897872.5328436915,897872.5328436915,0,0.0,0.0,0.0,0.0
1783584000000,897872.5328436915,897872.5328436915,0,0.0,0.0,0.0,0.0
1783598400000,897872.5328436915,897872.5328436915,0,0.0,0.0,0.0,0.0
1783612800000,897872.5328436915,897872.5328436915,0,0.0,0.0,0.0,0.0
1783627200000,897872.5328436915,897872.5328436915,0,0.0,0.0,0.0,0.0
1783641600000,897872.5328436915,897872.5328436915,0,0.0,0.0,0.0,0.0
1783656000000,897872.5328436915,897872.5328436915,0,0.0,0.0,0.0,0.0
1783670400000,897872.5328436915,897872.5328436915,0,0.0,0.0,0.0,0.0
1783684800000,897872.5328436915,897872.5328436915,0,0.0,0.0,0.0,0.0
1783699200000,897872.5328436915,897872.5328436915,0,0.0,0.0,0.0,0.0
1783713600000,897872.5328436915,897872.5328436915,0,0.0,0.0,0.0,0.0
1783728000000,897872.5328436915,897872.5328436915,0,0.0,0.0,0.0,0.0
1783742400000,897872.5328436915,897872.5328436915,0,0.0,0.0,0.0,0.0
1783756800000,897872.5328436915,897872.5328436915,0,0.0,0.0,0.0,0.0
1783771200000,897872.5328436915,897872.5328436915,0,0.0,0.0,0.0,0.0
1783785600000,897872.5328436915,897872.5328436915,0,0.0,0.0,0.0,0.0
1783800000000,897872.5328436915,897872.5328436915,0,0.0,0.0,0.0,0.0
1783814400000,897872.5328436915,897872.5328436915,0,0.0,0.0,0.0,0.0
1783828800000,897872.5328436915,897872.5328436915,0,0.0,0.0,0.0,0.0
1783843200000,897872.5328436915,897872.5328436915,0,0.0,0.0,0.0,0.0
1783857600000,897872.5328436915,897872.5328436915,0,0.0,0.0,0.0,0.0
1783872000000,897872.5328436915,897872.5328436915,0,0.0,0.0,0.0,0.0
1783886400000,897872.5328436915,897872.5328436915,0,0.0,0.0,0.0,0.0
1783900800000,897872.5328436915,897872.5328436915,0,0.0,0.0,0.0,0.0
1783915200000,906331.1192769298,897872.5328436915,1,437871.55045221717,8978.725328436916,8978.725328436916,437871.55045221717
1783929600000,897451.7354724427,897872.5328436915,2,1123110.628590351,18042.036521206213,18042.036521206213,1123110.628590351
1783944000000,901287.9486820789,897838.3883726574,2,1119240.2709096808,18042.036521206213,18042.036521206213,1119240.2709096808
1783958400000,905972.3051829876,897838.3883726574,2,1114555.914408772,18042.036521206213,18042.036521206213,1114555.914408772
1783972800000,911148.0331679747,897801.5279389061,2,1109343.3259900336,18042.036521206213,18042.036521206213,1109343.3259900336
1783987200000,915992.4968872566,906737.4159987202,2,890269.681887838,13552.673856987756,13552.673856987756,890269.681887838
1784001600000,916379.495206379,906705.7931144641,2,889851.0606844597,13552.673856987756,13552.673856987756,889851.0606844597
1784016000000,913284.8490340759,906705.7931144641,2,892945.7068567628,13552.673856987756,13552.673856987756,892945.7068567628
1784030400000,910482.0985733896,906726.9656490247,2,895769.6298520096,13552.673856987756,13552.673856987756,895769.6298520096
1784044800000,902862.6099928241,902862.6099928241,0,0.0,0.0,0.0,0.0
1784059200000,902862.6099928241,902862.6099928241,0,0.0,0.0,0.0,0.0
1784073600000,902862.6099928241,902862.6099928241,0,0.0,0.0,0.0,0.0
1784088000000,902862.6099928241,902862.6099928241,0,0.0,0.0,0.0,0.0
1784102400000,902862.6099928241,902862.6099928241,0,0.0,0.0,0.0,0.0
1784116800000,902862.6099928241,902862.6099928241,0,0.0,0.0,0.0,0.0
1784131200000,902862.6099928241,902862.6099928241,0,0.0,0.0,0.0,0.0
1784145600000,902862.6099928241,902862.6099928241,0,0.0,0.0,0.0,0.0
1784160000000,902862.6099928241,902862.6099928241,0,0.0,0.0,0.0,0.0
1784174400000,902862.6099928241,902862.6099928241,0,0.0,0.0,0.0,0.0
1784188800000,902862.6099928241,902862.6099928241,0,0.0,0.0,0.0,0.0
1784203200000,902862.6099928241,902862.6099928241,0,0.0,0.0,0.0,0.0
1784217600000,902862.6099928241,902862.6099928241,0,0.0,0.0,0.0,0.0
1784232000000,902862.6099928241,902862.6099928241,0,0.0,0.0,0.0,0.0
1784246400000,902862.6099928241,902862.6099928241,0,0.0,0.0,0.0,0.0
1784260800000,902862.6099928241,902862.6099928241,0,0.0,0.0,0.0,0.0
1784275200000,902862.6099928241,902862.6099928241,0,0.0,0.0,0.0,0.0
1784289600000,902862.6099928241,902862.6099928241,0,0.0,0.0,0.0,0.0
1784304000000,902862.6099928241,902862.6099928241,0,0.0,0.0,0.0,0.0
1784318400000,902862.6099928241,902862.6099928241,0,0.0,0.0,0.0,0.0
1784332800000,902862.6099928241,902862.6099928241,0,0.0,0.0,0.0,0.0
1784347200000,902862.6099928241,902862.6099928241,0,0.0,0.0,0.0,0.0
1784361600000,902862.6099928241,902862.6099928241,0,0.0,0.0,0.0,0.0
1784376000000,902862.6099928241,902862.6099928241,0,0.0,0.0,0.0,0.0
1784390400000,902862.6099928241,902862.6099928241,0,0.0,0.0,0.0,0.0
1784404800000,902862.6099928241,902862.6099928241,0,0.0,0.0,0.0,0.0
1784419200000,902862.6099928241,902862.6099928241,0,0.0,0.0,0.0,0.0
1784433600000,902862.6099928241,902862.6099928241,0,0.0,0.0,0.0,0.0
1784448000000,902862.6099928241,902862.6099928241,0,0.0,0.0,0.0,0.0
1784462400000,902862.6099928241,902862.6099928241,0,0.0,0.0,0.0,0.0
1784476800000,902862.6099928241,902862.6099928241,0,0.0,0.0,0.0,0.0
1784491200000,902862.6099928241,902862.6099928241,0,0.0,0.0,0.0,0.0
1784505600000,902862.6099928241,902862.6099928241,0,0.0,0.0,0.0,0.0
1784520000000,902862.6099928241,902862.6099928241,0,0.0,0.0,0.0,0.0
1784534400000,902862.6099928241,902862.6099928241,0,0.0,0.0,0.0,0.0
1784548800000,896682.1605410241,902862.6099928241,1,545938.4819988545,9028.626099928242,9028.626099928242,545938.4819988545
1784563200000,893724.2265611666,893724.2265611666,0,0.0,0.0,0.0,0.0
1784577600000,893724.2265611666,893724.2265611666,0,0.0,0.0,0.0,0.0
1784592000000,893724.2265611666,893724.2265611666,0,0.0,0.0,0.0,0.0
1784606400000,907786.1773375501,893724.2265611666,2,1803417.4847950768,35741.77833090865,0.0,0.0
1784620800000,915665.4974460084,893724.2265611666,2,1811296.804903535,35741.77833090865,0.0,0.0
1784635200000,913788.5188482316,893627.4406379021,2,1809516.6122290227,35741.77833090865,0.0,0.0
1784649600000,909630.5730580279,893627.4406379021,2,1805358.666438819,35741.77833090865,0.0,0.0
1784664000000,902476.6238242774,893571.3216611184,2,1798260.836181852,35741.77833090865,0.0,0.0
1784678400000,908704.5294306815,893571.3216611184,2,1804488.741788256,35741.77833090865,0.0,0.0
1784692800000,904692.9239490643,893537.3632404595,2,1800511.094727298,35741.77833090865,0.0,0.0
1784707200000,889203.4389359994,893537.3632404595,2,1785021.609714233,35741.77833090865,0.0,0.0
1784721600000,895256.9311406321,884618.5490426982,1,909659.5926380745,17874.484531223334,0.0,0.0
1784736000000,902642.172172629,884618.5490426982,1,917044.8336700714,17874.484531223334,0.0,0.0
1784750400000,894059.7294469109,884559.3544389458,1,908521.5855481058,17874.484531223334,0.0,0.0
1784764800000,898451.2090886993,884559.3544389458,1,912913.0651898942,17874.484531223334,0.0,0.0
1784779200000,891907.4303771288,884555.5749788559,1,906373.0659384135,17874.484531223334,0.0,0.0
1784793600000,889617.2501338305,884555.5749788559,1,904082.8856951152,17874.484531223334,0.0,0.0
1784808000000,889471.1068994106,889471.1068994106,0,0.0,0.0,0.0,0.0
1784822400000,889471.1068994106,889471.1068994106,0,0.0,0.0,0.0,0.0
1784836800000,893501.8587241598,889471.1068994106,1,551098.3301408159,8894.711068994106,8894.711068994106,551098.3301408159
1784851200000,893740.8087155491,889471.1068994106,1,550859.3801494266,8894.711068994106,8894.711068994106,550859.3801494266
1784865600000,891992.6919338774,889395.6400574639,1,552532.0300891516,8894.711068994106,8894.711068994106,552532.0300891516
1784880000000,886895.0921175727,889395.6400574639,1,557629.6299054563,8894.711068994106,8894.711068994106,557629.6299054563
1784894400000,891495.9411889862,889376.7892953512,1,553009.9300719302,8894.711068994106,8894.711068994106,553009.9300719302
1784908800000,893566.84111436,889376.7892953512,1,550939.0301465563,8894.711068994106,8894.711068994106,550939.0301465563
1784923200000,893312.3964776851,889361.2946500656,1,551177.9801379456,8894.711068994106,8894.711068994106,551177.9801379456
1784937600000,890683.946572403,889361.2946500656,1,553806.4300432277,8894.711068994106,8894.711068994106,553806.4300432277
1784952000000,889800.396751922,889353.894798012,1,554682.5800116551,8894.711068994106,8894.711068994106,554682.5800116551
1784966400000,892349.1966600742,889353.894798012,1,552133.7801035028,8894.711068994106,8894.711068994106,552133.7801035028
1784980800000,891712.322394973,889354.2205099488,1,552770.9800805409,8894.711068994106,8894.711068994106,552770.9800805409
1784995200000,887389.5738322445,887389.5738322445,0,0.0,0.0,0.0,0.0
1785009600000,887389.5738322445,887389.5738322445,0,0.0,0.0,0.0,0.0
1785024000000,887389.5738322445,887389.5738322445,0,0.0,0.0,0.0,0.0
1785038400000,887389.5738322445,887389.5738322445,0,0.0,0.0,0.0,0.0
1785052800000,887389.5738322445,887389.5738322445,0,0.0,0.0,0.0,0.0
1785067200000,887389.5738322445,887389.5738322445,0,0.0,0.0,0.0,0.0
1785081600000,887389.5738322445,887389.5738322445,0,0.0,0.0,0.0,0.0
1785096000000,887389.5738322445,887389.5738322445,0,0.0,0.0,0.0,0.0
1785110400000,887389.5738322445,887389.5738322445,0,0.0,0.0,0.0,0.0
1785124800000,887389.5738322445,887389.5738322445,0,0.0,0.0,0.0,0.0
1785139200000,887389.5738322445,887389.5738322445,0,0.0,0.0,0.0,0.0
1785153600000,887389.5738322445,887389.5738322445,0,0.0,0.0,0.0,0.0
1785168000000,887389.5738322445,887389.5738322445,0,0.0,0.0,0.0,0.0
1785182400000,887389.5738322445,887389.5738322445,0,0.0,0.0,0.0,0.0
1785196800000,887389.5738322445,887389.5738322445,0,0.0,0.0,0.0,0.0
1785211200000,892599.5887813693,887389.5738322445,1,745996.6930405964,8873.895738322446,8873.895738322446,745996.6930405964
1785225600000,894292.3107850542,887389.5738322445,1,744303.9710369116,8873.895738322446,8873.895738322446,744303.9710369116
1785240000000,898757.5992978162,887270.4069183602,1,739719.5156102652,8873.895738322446,8873.895738322446,739719.5156102652
1785254400000,887613.8461068912,887270.4069183602,1,750863.2688011903,8873.895738322446,8873.895738322446,750863.2688011903
1785268800000,890322.5272004564,887228.4147559375,1,748112.5955452024,8873.895738322446,8873.895738322446,748112.5955452024
1785283200000,883613.1999100937,883613.1999100937,0,0.0,0.0,0.0,0.0
1785297600000,883613.1999100937,883613.1999100937,0,0.0,0.0,0.0,0.0
1785312000000,883613.1999100937,883613.1999100937,0,0.0,0.0,0.0,0.0
1785326400000,883613.1999100937,883613.1999100937,0,0.0,0.0,0.0,0.0
1785340800000,883613.1999100937,883613.1999100937,0,0.0,0.0,0.0,0.0
1785355200000,883613.1999100937,883613.1999100937,0,0.0,0.0,0.0,0.0
1785369600000,883613.1999100937,883613.1999100937,0,0.0,0.0,0.0,0.0
1785384000000,883613.1999100937,883613.1999100937,0,0.0,0.0,0.0,0.0
1785398400000,883613.1999100937,883613.1999100937,0,0.0,0.0,0.0,0.0
1785412800000,883613.1999100937,883613.1999100937,0,0.0,0.0,0.0,0.0
1785427200000,883613.1999100937,883613.1999100937,0,0.0,0.0,0.0,0.0
1785441600000,883613.1999100937,883613.1999100937,0,0.0,0.0,0.0,0.0
1785456000000,883613.1999100937,883613.1999100937,0,0.0,0.0,0.0,0.0
1785470400000,883613.1999100937,883613.1999100937,0,0.0,0.0,0.0,0.0
1785484800000,883613.1999100937,883613.1999100937,0,0.0,0.0,0.0,0.0
1785499200000,883613.1999100937,883613.1999100937,0,0.0,0.0,0.0,0.0
1785513600000,883613.1999100937,883613.1999100937,0,0.0,0.0,0.0,0.0
1785528000000,883613.1999100937,883613.1999100937,0,0.0,0.0,0.0,0.0
1785542400000,883613.1999100937,883613.1999100937,0,0.0,0.0,0.0,0.0
1785556800000,883613.1999100937,883613.1999100937,0,0.0,0.0,0.0,0.0
1785571200000,883613.1999100937,883613.1999100937,0,0.0,0.0,0.0,0.0
1785585600000,883613.1999100937,883613.1999100937,0,0.0,0.0,0.0,0.0
1785600000000,883613.1999100937,883613.1999100937,0,0.0,0.0,0.0,0.0
1785614400000,883613.1999100937,883613.1999100937,0,0.0,0.0,0.0,0.0
1785628800000,874214.7307301062,883613.1999100937,1,949441.1086684064,17672.263998201874,17672.263998201874,949441.1086684064
1785643200000,865547.5513910773,865547.5513910773,0,0.0,0.0,0.0,0.0
1785657600000,865547.5513910773,865547.5513910773,0,0.0,0.0,0.0,0.0
1785672000000,865547.5513910773,865547.5513910773,0,0.0,0.0,0.0,0.0
1785686400000,865547.5513910773,865547.5513910773,0,0.0,0.0,0.0,0.0
1785700800000,865547.5513910773,865547.5513910773,0,0.0,0.0,0.0,0.0
1785715200000,865547.5513910773,865547.5513910773,0,0.0,0.0,0.0,0.0
1785729600000,865547.5513910773,865547.5513910773,0,0.0,0.0,0.0,0.0
1785744000000,865547.5513910773,865547.5513910773,0,0.0,0.0,0.0,0.0
1785758400000,865547.5513910773,865547.5513910773,0,0.0,0.0,0.0,0.0
1785772800000,865547.5513910773,865547.5513910773,0,0.0,0.0,0.0,0.0
1785787200000,865547.5513910773,865547.5513910773,0,0.0,0.0,0.0,0.0
1785801600000,865547.5513910773,865547.5513910773,0,0.0,0.0,0.0,0.0
1785816000000,865547.5513910773,865547.5513910773,0,0.0,0.0,0.0,0.0
1785830400000,865547.5513910773,865547.5513910773,0,0.0,0.0,0.0,0.0
1785844800000,865547.5513910773,865547.5513910773,0,0.0,0.0,0.0,0.0
1785859200000,865547.5513910773,865547.5513910773,0,0.0,0.0,0.0,0.0
1785873600000,865547.5513910773,865547.5513910773,0,0.0,0.0,0.0,0.0
1785888000000,865547.5513910773,865547.5513910773,0,0.0,0.0,0.0,0.0
1785902400000,865547.5513910773,865547.5513910773,0,0.0,0.0,0.0,0.0
1785916800000,865547.5513910773,865547.5513910773,0,0.0,0.0,0.0,0.0
1785931200000,865547.5513910773,865547.5513910773,0,0.0,0.0,0.0,0.0
1785945600000,865547.5513910773,865547.5513910773,0,0.0,0.0,0.0,0.0
1785960000000,865547.5513910773,865547.5513910773,0,0.0,0.0,0.0,0.0
1785974400000,865547.5513910773,865547.5513910773,0,0.0,0.0,0.0,0.0
1785988800000,865547.5513910773,865547.5513910773,0,0.0,0.0,0.0,0.0
1786003200000,861165.5787736839,865547.5513910773,1,764802.1136209326,8655.475513910773,8655.475513910773,764802.1136209326
1786017600000,855704.4422845424,856684.7908654283,1,924672.9768847979,17222.242177704982,0.0,0.0
1786032000000,857154.3278054091,856684.7908654283,1,926122.8624056646,17222.242177704982,0.0,0.0
1786046400000,856606.9352051789,856675.6500806371,1,925584.6105902258,17222.242177704982,0.0,0.0
1786060800000,850080.5889677971,856675.6500806371,2,1641767.393774352,25788.31152975677,8566.069352051789,718922.5334158643
1786075200000,847299.7976346393,856674.0212368454,2,1638155.422094814,25788.31152975677,8566.069352051789,718506.1288207783
1786089600000,847184.8651434614,856674.0212368454,2,1643245.5470422101,25788.31152975677,8566.069352051789,721108.6575400655
1786104000000,851176.0881615252,847976.4992207151,1,928852.9144064939,17222.242177704982,0.0,0.0
1786118400000,851893.757248777,847976.4992207151,1,929570.5834937457,17222.242177704982,0.0,0.0
1786132800000,852277.0842442039,847942.8022870634,1,929987.6074228244,17222.242177704982,0.0,0.0
1786147200000,849959.207056999,847942.8022870634,1,927669.7302356194,17222.242177704982,0.0,0.0
1786161600000,851961.5763270569,847942.4868744526,1,929672.4149182881,17222.242177704982,0.0,0.0
1786176000000,850550.4837298254,847942.4868744526,1,928261.3223210566,17222.242177704982,0.0,0.0
1786190400000,853318.1583913742,847917.0710342649,1,931054.4128227932,17222.242177704982,0.0,0.0
1786204800000,854190.9991731668,847917.0710342649,1,931927.2536045859,17222.242177704982,0.0,0.0
1786219200000,853037.9594887518,847850.2332116363,1,930841.0517427993,17222.242177704982,0.0,0.0
1786233600000,851277.7305788033,847850.2332116363,1,929080.8228328509,17222.242177704982,0.0,0.0
1786248000000,849836.9445295208,847820.5397595853,1,927669.7302356194,17222.242177704982,0.0,0.0
1786262400000,852363.3336812651,847820.5397595853,1,930196.1193873638,17222.242177704982,0.0,0.0
1786276800000,852358.3485789142,847781.6108490535,1,930230.0631955445,17222.242177704982,0.0,0.0
1786291200000,855946.694015173,847781.6108490535,1,933818.4086318034,17222.242177704982,0.0,0.0
1786305600000,853646.4594767732,847707.120304225,1,931592.6646382321,17222.242177704982,0.0,0.0
1786320000000,848026.3346651192,847707.120304225,1,925972.539826578,17222.242177704982,0.0,0.0
1786334400000,847791.5840375562,847791.5840375562,0,0.0,0.0,0.0,0.0
1786348800000,847791.5840375562,847791.5840375562,0,0.0,0.0,0.0,0.0
1786363200000,847791.5840375562,847791.5840375562,0,0.0,0.0,0.0,0.0
1786377600000,847791.5840375562,847791.5840375562,0,0.0,0.0,0.0,0.0
1786392000000,847791.5840375562,847791.5840375562,0,0.0,0.0,0.0,0.0
1786406400000,847791.5840375562,847791.5840375562,0,0.0,0.0,0.0,0.0
1786420800000,847791.5840375562,847791.5840375562,0,0.0,0.0,0.0,0.0
1786435200000,847791.5840375562,847791.5840375562,0,0.0,0.0,0.0,0.0
1786449600000,847791.5840375562,847791.5840375562,0,0.0,0.0,0.0,0.0
1786464000000,847791.5840375562,847791.5840375562,0,0.0,0.0,0.0,0.0
1786478400000,828866.9245284875,847791.5840375562,2,2464282.188375443,33899.321429001415,33899.321429001415,2464282.188375443
1786492800000,813396.4112384957,813396.4112384957,0,0.0,0.0,0.0,0.0
1786507200000,813396.4112384957,813396.4112384957,0,0.0,0.0,0.0,0.0
1786521600000,813396.4112384957,813396.4112384957,0,0.0,0.0,0.0,0.0
1786536000000,813396.4112384957,813396.4112384957,0,0.0,0.0,0.0,0.0
1786550400000,813396.4112384957,813396.4112384957,0,0.0,0.0,0.0,0.0
1786564800000,813396.4112384957,813396.4112384957,0,0.0,0.0,0.0,0.0
1786579200000,813396.4112384957,813396.4112384957,0,0.0,0.0,0.0,0.0
1786593600000,813396.4112384957,813396.4112384957,0,0.0,0.0,0.0,0.0
1786608000000,813396.4112384957,813396.4112384957,0,0.0,0.0,0.0,0.0
1786622400000,813396.4112384957,813396.4112384957,0,0.0,0.0,0.0,0.0
1786636800000,813396.4112384957,813396.4112384957,0,0.0,0.0,0.0,0.0
1786651200000,826617.0492262122,813396.4112384957,1,1238247.8314274638,16267.928224769916,16267.928224769916,1238247.8314274638
1786665600000,824031.1018366356,813396.4112384957,1,1240833.7788170404,16267.928224769916,16267.928224769916,1240833.7788170404
1786680000000,829225.3108375716,812516.650789496,1,1234759.8093671047,16267.928224769916,16267.928224769916,1234759.8093671047
1786694400000,828744.2043464875,812516.650789496,1,1235240.9158581886,16267.928224769916,16267.928224769916,1235240.9158581886
1786708800000,828602.8482352523,811894.1881871767,1,1234759.8093671047,16267.928224769916,16267.928224769916,1234759.8093671047
1786723200000,848422.215451788,828040.22315065,1,605352.2424064522,8133.964112384958,8133.964112384958,605352.2424064522
1786737600000,856298.141395106,827706.5219438203,2,2666396.2628809344,25095.734397284123,25095.734397284123,2666396.2628809344
1786752000000,842052.4283425022,839165.4566256509,1,2066366.675907779,16961.770284899165,16961.770284899165,2066366.675907779
1786766400000,834898.7295671095,839085.126206857,1,2073440.0442643778,16961.770284899165,16961.770284899165,2073440.0442643778
1786780800000,833955.6137862295,839085.126206857,1,2074383.1600452578,16961.770284899165,16961.770284899165,2074383.1600452578
1786795200000,832019.9704175976,839035.7143999848,1,2076269.3916070175,16961.770284899165,16961.770284899165,2076269.3916070175
1786809600000,829477.1080848007,829477.1080848007,0,0.0,0.0,0.0,0.0
1786824000000,829477.1080848007,829477.1080848007,0,0.0,0.0,0.0,0.0
1786838400000,829477.1080848007,829477.1080848007,0,0.0,0.0,0.0,0.0
1786852800000,829477.1080848007,829477.1080848007,0,0.0,0.0,0.0,0.0
1786867200000,829477.1080848007,829477.1080848007,0,0.0,0.0,0.0,0.0
1786881600000,829477.1080848007,829477.1080848007,0,0.0,0.0,0.0,0.0
1786896000000,829477.1080848007,829477.1080848007,0,0.0,0.0,0.0,0.0
1786910400000,829477.1080848007,829477.1080848007,0,0.0,0.0,0.0,0.0
1786924800000,829477.1080848007,829477.1080848007,0,0.0,0.0,0.0,0.0
1786939200000,829477.1080848007,829477.1080848007,0,0.0,0.0,0.0,0.0
1786953600000,829477.1080848007,829477.1080848007,0,0.0,0.0,0.0,0.0
1786968000000,829477.1080848007,829477.1080848007,0,0.0,0.0,0.0,0.0
1786982400000,829477.1080848007,829477.1080848007,0,0.0,0.0,0.0,0.0
1786996800000,829477.1080848007,829477.1080848007,0,0.0,0.0,0.0,0.0
1787011200000,829477.1080848007,829477.1080848007,0,0.0,0.0,0.0,0.0
1787025600000,829477.1080848007,829477.1080848007,0,0.0,0.0,0.0,0.0
1787040000000,812506.3415389362,812506.3415389362,0,0.0,0.0,0.0,0.0
1787054400000,812506.3415389362,812506.3415389362,0,0.0,0.0,0.0,0.0
1787068800000,812506.3415389362,812506.3415389362,0,0.0,0.0,0.0,0.0
1787083200000,812506.3415389362,812506.3415389362,0,0.0,0.0,0.0,0.0
1787097600000,812506.3415389362,812506.3415389362,0,0.0,0.0,0.0,0.0
1787112000000,812506.3415389362,812506.3415389362,0,0.0,0.0,0.0,0.0
1787126400000,812506.3415389362,812506.3415389362,0,0.0,0.0,0.0,0.0
1787140800000,812506.3415389362,812506.3415389362,0,0.0,0.0,0.0,0.0
1787155200000,812506.3415389362,812506.3415389362,0,0.0,0.0,0.0,0.0
1787169600000,812506.3415389362,812506.3415389362,0,0.0,0.0,0.0,0.0
1787184000000,812506.3415389362,812506.3415389362,0,0.0,0.0,0.0,0.0
1787198400000,812506.3415389362,812506.3415389362,0,0.0,0.0,0.0,0.0
1787212800000,812506.3415389362,812506.3415389362,0,0.0,0.0,0.0,0.0
1787227200000,812506.3415389362,812506.3415389362,0,0.0,0.0,0.0,0.0
1787241600000,812506.3415389362,812506.3415389362,0,0.0,0.0,0.0,0.0
1787256000000,812506.3415389362,812506.3415389362,0,0.0,0.0,0.0,0.0
1787270400000,812506.3415389362,812506.3415389362,0,0.0,0.0,0.0,0.0
1787284800000,812506.3415389362,812506.3415389362,0,0.0,0.0,0.0,0.0
1787299200000,812506.3415389362,812506.3415389362,0,0.0,0.0,0.0,0.0
1787313600000,812506.3415389362,812506.3415389362,0,0.0,0.0,0.0,0.0
1787328000000,812506.3415389362,812506.3415389362,0,0.0,0.0,0.0,0.0
1787342400000,812506.3415389362,812506.3415389362,0,0.0,0.0,0.0,0.0
1787356800000,812506.3415389362,812506.3415389362,0,0.0,0.0,0.0,0.0
1787371200000,812506.3415389362,812506.3415389362,0,0.0,0.0,0.0,0.0
1787385600000,812506.3415389362,812506.3415389362,0,0.0,0.0,0.0,0.0
1787400000000,812506.3415389362,812506.3415389362,0,0.0,0.0,0.0,0.0
1787414400000,812506.3415389362,812506.3415389362,0,0.0,0.0,0.0,0.0
1787428800000,812506.3415389362,812506.3415389362,0,0.0,0.0,0.0,0.0
1787443200000,812506.3415389362,812506.3415389362,0,0.0,0.0,0.0,0.0
1787457600000,812506.3415389362,812506.3415389362,0,0.0,0.0,0.0,0.0
1787472000000,812506.3415389362,812506.3415389362,0,0.0,0.0,0.0,0.0
1787486400000,812506.3415389362,812506.3415389362,0,0.0,0.0,0.0,0.0
1787500800000,812506.3415389362,812506.3415389362,0,0.0,0.0,0.0,0.0
1787515200000,812506.3415389362,812506.3415389362,0,0.0,0.0,0.0,0.0
1787529600000,812506.3415389362,812506.3415389362,0,0.0,0.0,0.0,0.0
1787544000000,812506.3415389362,812506.3415389362,0,0.0,0.0,0.0,0.0
1787558400000,812506.3415389362,812506.3415389362,0,0.0,0.0,0.0,0.0
1787572800000,812506.3415389362,812506.3415389362,0,0.0,0.0,0.0,0.0
1787587200000,812506.3415389362,812506.3415389362,0,0.0,0.0,0.0,0.0
1787601600000,812506.3415389362,812506.3415389362,0,0.0,0.0,0.0,0.0
1787616000000,812506.3415389362,812506.3415389362,0,0.0,0.0,0.0,0.0
1787630400000,812506.3415389362,812506.3415389362,0,0.0,0.0,0.0,0.0
1787644800000,812506.3415389362,812506.3415389362,0,0.0,0.0,0.0,0.0
1787659200000,812506.3415389362,812506.3415389362,0,0.0,0.0,0.0,0.0
1787673600000,812506.3415389362,812506.3415389362,0,0.0,0.0,0.0,0.0
1787688000000,812506.3415389362,812506.3415389362,0,0.0,0.0,0.0,0.0
1787702400000,812506.3415389362,812506.3415389362,0,0.0,0.0,0.0,0.0
1787716800000,812506.3415389362,812506.3415389362,0,0.0,0.0,0.0,0.0
1787731200000,812506.3415389362,812506.3415389362,0,0.0,0.0,0.0,0.0
1787745600000,812506.3415389362,812506.3415389362,0,0.0,0.0,0.0,0.0
1787760000000,812506.3415389362,812506.3415389362,0,0.0,0.0,0.0,0.0
1787774400000,812506.3415389362,812506.3415389362,0,0.0,0.0,0.0,0.0
1787788800000,812506.3415389362,812506.3415389362,0,0.0,0.0,0.0,0.0
1787803200000,812506.3415389362,812506.3415389362,0,0.0,0.0,0.0,0.0
1787817600000,812506.3415389362,812506.3415389362,0,0.0,0.0,0.0,0.0
1787832000000,812506.3415389362,812506.3415389362,0,0.0,0.0,0.0,0.0
1787846400000,812506.3415389362,812506.3415389362,0,0.0,0.0,0.0,0.0
1787860800000,812506.3415389362,812506.3415389362,0,0.0,0.0,0.0,0.0
1787875200000,812506.3415389362,812506.3415389362,0,0.0,0.0,0.0,0.0
1787889600000,812506.3415389362,812506.3415389362,0,0.0,0.0,0.0,0.0
1787904000000,812506.3415389362,812506.3415389362,0,0.0,0.0,0.0,0.0
1787918400000,812506.3415389362,812506.3415389362,0,0.0,0.0,0.0,0.0
1787932800000,812506.3415389362,812506.3415389362,0,0.0,0.0,0.0,0.0
1787947200000,812506.3415389362,812506.3415389362,0,0.0,0.0,0.0,0.0
1787961600000,812506.3415389362,812506.3415389362,0,0.0,0.0,0.0,0.0
1787976000000,812506.3415389362,812506.3415389362,0,0.0,0.0,0.0,0.0
1787990400000,812506.3415389362,812506.3415389362,0,0.0,0.0,0.0,0.0
1788004800000,812506.3415389362,812506.3415389362,0,0.0,0.0,0.0,0.0
1788019200000,812506.3415389362,812506.3415389362,0,0.0,0.0,0.0,0.0
1788033600000,812506.3415389362,812506.3415389362,0,0.0,0.0,0.0,0.0
1788048000000,812506.3415389362,812506.3415389362,0,0.0,0.0,0.0,0.0
1788062400000,812506.3415389362,812506.3415389362,0,0.0,0.0,0.0,0.0
1788076800000,812506.3415389362,812506.3415389362,0,0.0,0.0,0.0,0.0
1788091200000,812506.3415389362,812506.3415389362,0,0.0,0.0,0.0,0.0
1788105600000,812506.3415389362,812506.3415389362,0,0.0,0.0,0.0,0.0
1788120000000,812506.3415389362,812506.3415389362,0,0.0,0.0,0.0,0.0
1788134400000,812506.3415389362,812506.3415389362,0,0.0,0.0,0.0,0.0
1788148800000,812506.3415389362,812506.3415389362,0,0.0,0.0,0.0,0.0
1788163200000,812506.3415389362,812506.3415389362,0,0.0,0.0,0.0,0.0
1788177600000,812506.3415389362,812506.3415389362,0,0.0,0.0,0.0,0.0
1788192000000,812506.3415389362,812506.3415389362,0,0.0,0.0,0.0,0.0
1788206400000,812506.3415389362,812506.3415389362,0,0.0,0.0,0.0,0.0
1788220800000,812506.3415389362,812506.3415389362,0,0.0,0.0,0.0,0.0
